Loading plugins phase: Elapsed time ==> 0s.136ms
<CYPRESSTAG name="CyDsfit arguments...">
cydsfit arguments: -.fdsnotice -.fdswarpdepfile=warp_dependencies.txt -.fdselabdepfile=elab_dependencies.txt -.fdsbldfile=generated_files.txt -.fdsreffile=referenced_files.txt -p D:\50_HDA\60_Lehre\40_Vorlesungen\17_SECS\20_Lecture\__work\10_PSOC2_SingleChannel.cydsn\10_PSOC2_SingleChannel.cyprj -d CY8C5888LTQ-LP097 -s D:\50_HDA\60_Lehre\40_Vorlesungen\17_SECS\20_Lecture\__work\10_PSOC2_SingleChannel.cydsn\Generated_Source\PSoC5 -- -yv2 -q10 -ygs -o2 -v3 -.fftcfgtype=LE
</CYPRESSTAG>
<CYPRESSTAG name="Design elaboration results...">
ADD: sdb.M0065: information: Analog terminal "vdac_ref" on ADC_SAR_SEQ_v2_10 is unconnected.
 * C:\tool\Cypress\PSoC Creator\4.2\PSoC Creator\psoc\content\CyComponentLibrary\CyComponentLibrary.cylib\ADC_SAR_SEQ_v2_10\PSoC5\ADC_SAR_SEQ_v2_10.cysch (Signal: vdac_ref)
 * C:\tool\Cypress\PSoC Creator\4.2\PSoC Creator\psoc\content\CyComponentLibrary\CyComponentLibrary.cylib\ADC_SAR_SEQ_v2_10\PSoC5\ADC_SAR_SEQ_v2_10.cysch (Shape_798)
 * C:\tool\Cypress\PSoC Creator\4.2\PSoC Creator\psoc\content\CyComponentLibrary\CyComponentLibrary.cylib\ADC_SAR_SEQ_v2_10\PSoC5\ADC_SAR_SEQ_v2_10.cysch (Shape_885)

</CYPRESSTAG>
Elaboration phase: Elapsed time ==> 2s.119ms
<CYPRESSTAG name="HDL generation results...">
</CYPRESSTAG>
HDL generation phase: Elapsed time ==> 0s.071ms
<CYPRESSTAG name="Synthesis results...">

     | | | | | | |
   _________________
  -|               |-
  -|               |-
  -|               |-
  -|    CYPRESS    |-
  -|               |-
  -|               |-   Warp Verilog Synthesis Compiler: Version 6.3 IR 41
  -|               |-   Copyright (C) 1991-2001 Cypress Semiconductor
   |_______________|
     | | | | | | |

======================================================================
Compiling:  10_PSOC2_SingleChannel.v
Program  :   C:\tool\Cypress\PSoC Creator\4.2\PSoC Creator\warp\bin\warp.exe
Options  :    -yv2 -q10 -ygs -o2 -v3 -.fftcfgtype=LE -ya -.fftprj=D:\50_HDA\60_Lehre\40_Vorlesungen\17_SECS\20_Lecture\__work\10_PSOC2_SingleChannel.cydsn\10_PSOC2_SingleChannel.cyprj -dcpsoc3 10_PSOC2_SingleChannel.v -verilog
======================================================================

======================================================================
Compiling:  10_PSOC2_SingleChannel.v
Program  :   C:\tool\Cypress\PSoC Creator\4.2\PSoC Creator\warp\bin\warp.exe
Options  :    -yv2 -q10 -ygs -o2 -v3 -.fftcfgtype=LE -ya -.fftprj=D:\50_HDA\60_Lehre\40_Vorlesungen\17_SECS\20_Lecture\__work\10_PSOC2_SingleChannel.cydsn\10_PSOC2_SingleChannel.cyprj -dcpsoc3 10_PSOC2_SingleChannel.v -verilog
======================================================================

======================================================================
Compiling:  10_PSOC2_SingleChannel.v
Program  :   vlogfe
Options  :    -yv2 -q10 -ygs -o2 -v3 -.fftcfgtype=LE -ya -.fftprj=D:\50_HDA\60_Lehre\40_Vorlesungen\17_SECS\20_Lecture\__work\10_PSOC2_SingleChannel.cydsn\10_PSOC2_SingleChannel.cyprj -dcpsoc3 -verilog 10_PSOC2_SingleChannel.v
======================================================================

vlogfe V6.3 IR 41:  Verilog parser
Tue May 19 15:07:52 2020


======================================================================
Compiling:  10_PSOC2_SingleChannel.v
Program  :   vpp
Options  :    -yv2 -q10 10_PSOC2_SingleChannel.v
======================================================================

vpp V6.3 IR 41:  Verilog Pre-Processor
Tue May 19 15:07:52 2020

Flattening file 'C:\tool\Cypress\PSoC Creator\4.2\PSoC Creator\psoc\content\CyPrimitives\cyprimitives.cylib\or_v1_0\or_v1_0.v'
Flattening file 'C:\tool\Cypress\PSoC Creator\4.2\PSoC Creator\psoc\content\CyPrimitives\cyprimitives.cylib\cy_virtualmux_v1_0\cy_virtualmux_v1_0.v'
Flattening file 'C:\tool\Cypress\PSoC Creator\4.2\PSoC Creator\psoc\content\CyComponentLibrary\CyComponentLibrary.cylib\B_UART_v2_50\B_UART_v2_50.v'
Flattening file 'C:\tool\Cypress\PSoC Creator\4.2\PSoC Creator\warp\lib\common\cypress.v'
Flattening file 'C:\tool\Cypress\PSoC Creator\4.2\PSoC Creator\warp\lib\common\cy_psoc3_inc.v'
Flattening file 'C:\tool\Cypress\PSoC Creator\4.2\PSoC Creator\psoc\content\CyPrimitives\cyprimitives.cylib\CyControlReg_v1_80\CyControlReg_v1_80.v'
Flattening file 'C:\tool\Cypress\PSoC Creator\4.2\PSoC Creator\warp\lib\common\cypress.v'
Flattening file 'C:\tool\Cypress\PSoC Creator\4.2\PSoC Creator\psoc\content\CyPrimitives\cyprimitives.cylib\CyStatusReg_v1_90\CyStatusReg_v1_90.v'
Flattening file 'C:\tool\Cypress\PSoC Creator\4.2\PSoC Creator\warp\lib\common\cypress.v'
Flattening file 'C:\tool\Cypress\PSoC Creator\4.2\PSoC Creator\psoc\content\CyPrimitives\cyprimitives.cylib\ZeroTerminal\ZeroTerminal.v'
Flattening file 'C:\tool\Cypress\PSoC Creator\4.2\PSoC Creator\psoc\content\CyComponentLibrary\CyComponentLibrary.cylib\ADC_AMUX_v2_0\ADC_AMUX_v2_0.v'
Flattening file 'C:\tool\Cypress\PSoC Creator\4.2\PSoC Creator\warp\lib\common\cypress.v'
Flattening file 'C:\tool\Cypress\PSoC Creator\4.2\PSoC Creator\psoc\content\CyPrimitives\cyprimitives.cylib\cy_analog_virtualmux_v1_0\cy_analog_virtualmux_v1_0.v'
Flattening file 'C:\tool\Cypress\PSoC Creator\4.2\PSoC Creator\psoc\content\CyPrimitives\cyprimitives.cylib\cy_vref_v1_70\cy_vref_v1_70.v'
Flattening file 'C:\tool\Cypress\PSoC Creator\4.2\PSoC Creator\psoc\content\CyPrimitives\cyprimitives.cylib\cy_constant_v1_0\cy_constant_v1_0.v'
Flattening file 'C:\tool\Cypress\PSoC Creator\4.2\PSoC Creator\psoc\content\CyComponentLibrary\CyComponentLibrary.cylib\bADC_SAR_SEQ_v2_0\bADC_SAR_SEQ_v2_0.v'
Flattening file 'C:\tool\Cypress\PSoC Creator\4.2\PSoC Creator\warp\lib\common\cypress.v'
Flattening file 'C:\tool\Cypress\PSoC Creator\4.2\PSoC Creator\psoc\content\CyPrimitives\cyprimitives.cylib\cy_sync_v1_0\cy_sync_v1_0.v'
Flattening file 'C:\tool\Cypress\PSoC Creator\4.2\PSoC Creator\warp\lib\common\cypress.v'
Flattening file 'C:\tool\Cypress\PSoC Creator\4.2\PSoC Creator\psoc\content\CyPrimitives\cyprimitives.cylib\OneTerminal\OneTerminal.v'
Flattening file 'C:\tool\Cypress\PSoC Creator\4.2\PSoC Creator\psoc\content\CyComponentLibrary\CyComponentLibrary.cylib\B_Counter_v3_0\B_Counter_v3_0.v'
Flattening file 'C:\tool\Cypress\PSoC Creator\4.2\PSoC Creator\warp\lib\common\cypress.v'
Flattening file 'C:\tool\Cypress\PSoC Creator\4.2\PSoC Creator\psoc\content\CyComponentLibrary\CyComponentLibrary.cylib\bQuadDec_v3_0\bQuadDec_v3_0.v'
Flattening file 'C:\tool\Cypress\PSoC Creator\4.2\PSoC Creator\warp\lib\common\cypress.v'
Flattening file 'C:\tool\Cypress\PSoC Creator\4.2\PSoC Creator\psoc\content\CyPrimitives\cyprimitives.cylib\not_v1_0\not_v1_0.v'
Flattening file 'C:\tool\Cypress\PSoC Creator\4.2\PSoC Creator\psoc\content\CyPrimitives\cyprimitives.cylib\and_v1_0\and_v1_0.v'
Flattening file 'C:\tool\Cypress\PSoC Creator\4.2\PSoC Creator\psoc\content\CyComponentLibrary\CyComponentLibrary.cylib\B_PWM_v3_30\B_PWM_v3_30.v'
Flattening file 'C:\tool\Cypress\PSoC Creator\4.2\PSoC Creator\warp\lib\common\cypress.v'

vpp:  No errors.

Library 'work' => directory 'lcpsoc3'
General_symbol_table
General_symbol_table
Linking 'C:\tool\Cypress\PSoC Creator\4.2\PSoC Creator\warp\lib\common\std.vhd'.
Linking 'C:\tool\Cypress\PSoC Creator\4.2\PSoC Creator\warp\lib\common\cypress.vhd'.
Linking 'C:\tool\Cypress\PSoC Creator\4.2\PSoC Creator\warp\lib\common\work\cypress.vif'.
Linking 'C:\tool\Cypress\PSoC Creator\4.2\PSoC Creator\warp\lib\ieee\work\stdlogic.vif'.
Linking 'C:\tool\Cypress\PSoC Creator\4.2\PSoC Creator\warp\lib\common\stdlogic\lpmpkg.vif'.
Linking 'C:\tool\Cypress\PSoC Creator\4.2\PSoC Creator\warp\lib\common\stdlogic\rtlpkg.vif'.
Linking 'C:\tool\Cypress\PSoC Creator\4.2\PSoC Creator\warp\lib\common\stdlogic\mod_cnst.vif'.
Linking 'C:\tool\Cypress\PSoC Creator\4.2\PSoC Creator\warp\lib\common\stdlogic\mod_mthv.vif'.
Linking 'C:\tool\Cypress\PSoC Creator\4.2\PSoC Creator\warp\lib\common\stdlogic\mod_genv.vif'.
Using control file '10_PSOC2_SingleChannel.ctl'.
C:\tool\Cypress\PSoC Creator\4.2\PSoC Creator\psoc\content\CyComponentLibrary\CyComponentLibrary.cylib\B_UART_v2_50\B_UART_v2_50.v (line 1113, col 55):  Note: Substituting module 'add_vv_vv' for '+'.
C:\tool\Cypress\PSoC Creator\4.2\PSoC Creator\psoc\content\CyComponentLibrary\CyComponentLibrary.cylib\B_UART_v2_50\B_UART_v2_50.v (line 1122, col 48):  Note: Substituting module 'cmp_vv_vv' for '<'.
C:\tool\Cypress\PSoC Creator\4.2\PSoC Creator\psoc\content\CyComponentLibrary\CyComponentLibrary.cylib\B_UART_v2_50\B_UART_v2_50.v (line 1122, col 77):  Note: Substituting module 'cmp_vv_vv' for '<'.
C:\tool\Cypress\PSoC Creator\4.2\PSoC Creator\psoc\content\CyComponentLibrary\CyComponentLibrary.cylib\B_UART_v2_50\B_UART_v2_50.v (line 1389, col 59):  Note: Substituting module 'cmp_vv_vv' for '<'.
C:\tool\Cypress\PSoC Creator\4.2\PSoC Creator\psoc\content\CyComponentLibrary\CyComponentLibrary.cylib\B_UART_v2_50\B_UART_v2_50.v (line 1424, col 61):  Note: Substituting module 'cmp_vv_vv' for '/='.
C:\tool\Cypress\PSoC Creator\4.2\PSoC Creator\psoc\content\CyComponentLibrary\CyComponentLibrary.cylib\B_UART_v2_50\B_UART_v2_50.v (line 1547, col 106):  Note: Substituting module 'cmp_vv_vv' for '<'.
C:\tool\Cypress\PSoC Creator\4.2\PSoC Creator\psoc\content\CyComponentLibrary\CyComponentLibrary.cylib\B_UART_v2_50\B_UART_v2_50.v (line 1603, col 68):  Note: Substituting module 'cmp_vv_vv' for '<'.
C:\tool\Cypress\PSoC Creator\4.2\PSoC Creator\psoc\content\CyComponentLibrary\CyComponentLibrary.cylib\B_UART_v2_50\B_UART_v2_50.v (line 1604, col 68):  Note: Substituting module 'cmp_vv_vv' for '<'.
10_PSOC2_SingleChannel.v (line 1290, col 82):  Note: Substituting module 'cmp_vv_vv' for '='.
C:\tool\Cypress\PSoC Creator\4.2\PSoC Creator\psoc\content\CyComponentLibrary\CyComponentLibrary.cylib\B_PWM_v3_30\B_PWM_v3_30.v (line 947, col 46):  Note: Substituting module 'sub_vi_vv' for '-'.
C:\tool\Cypress\PSoC Creator\4.2\PSoC Creator\psoc\content\CyComponentLibrary\CyComponentLibrary.cylib\B_PWM_v3_30\B_PWM_v3_30.v (line 977, col 46):  Note: Substituting module 'add_vi_vv' for '+'.
Linking 'C:\tool\Cypress\PSoC Creator\4.2\PSoC Creator\warp\lib\common\stdlogic\cy_psoc3pkg.vif'.
Linking 'C:\tool\Cypress\PSoC Creator\4.2\PSoC Creator\warp\lib\common\stdlogic\cy_psoc3.vif'.

vlogfe:  No errors.


======================================================================
Compiling:  10_PSOC2_SingleChannel.v
Program  :   tovif
Options  :    -yv2 -q10 -ygs -o2 -v3 -.fftcfgtype=LE -ya -.fftprj=D:\50_HDA\60_Lehre\40_Vorlesungen\17_SECS\20_Lecture\__work\10_PSOC2_SingleChannel.cydsn\10_PSOC2_SingleChannel.cyprj -dcpsoc3 -verilog 10_PSOC2_SingleChannel.v
======================================================================

tovif V6.3 IR 41:  High-level synthesis
Tue May 19 15:07:52 2020

Linking 'C:\tool\Cypress\PSoC Creator\4.2\PSoC Creator\warp\lib\common\std.vhd'.
Linking 'C:\tool\Cypress\PSoC Creator\4.2\PSoC Creator\warp\lib\common\cypress.vhd'.
Linking 'C:\tool\Cypress\PSoC Creator\4.2\PSoC Creator\warp\lib\common\work\cypress.vif'.
Linking 'C:\tool\Cypress\PSoC Creator\4.2\PSoC Creator\warp\lib\ieee\work\stdlogic.vif'.
Linking 'C:\tool\Cypress\PSoC Creator\4.2\PSoC Creator\warp\lib\common\stdlogic\lpmpkg.vif'.
Linking 'C:\tool\Cypress\PSoC Creator\4.2\PSoC Creator\warp\lib\common\stdlogic\rtlpkg.vif'.
Linking 'C:\tool\Cypress\PSoC Creator\4.2\PSoC Creator\warp\lib\common\stdlogic\mod_cnst.vif'.
Linking 'C:\tool\Cypress\PSoC Creator\4.2\PSoC Creator\warp\lib\common\stdlogic\mod_mthv.vif'.
Linking 'C:\tool\Cypress\PSoC Creator\4.2\PSoC Creator\warp\lib\common\stdlogic\mod_genv.vif'.
Linking 'D:\50_HDA\60_Lehre\40_Vorlesungen\17_SECS\20_Lecture\__work\10_PSOC2_SingleChannel.cydsn\codegentemp\10_PSOC2_SingleChannel.ctl'.
Linking 'C:\tool\Cypress\PSoC Creator\4.2\PSoC Creator\psoc\content\CyPrimitives\cyprimitives.cylib\or_v1_0\or_v1_0.v'.
Linking 'D:\50_HDA\60_Lehre\40_Vorlesungen\17_SECS\20_Lecture\__work\10_PSOC2_SingleChannel.cydsn\codegentemp\10_PSOC2_SingleChannel.v'.
Linking 'C:\tool\Cypress\PSoC Creator\4.2\PSoC Creator\psoc\content\CyPrimitives\cyprimitives.cylib\cy_virtualmux_v1_0\cy_virtualmux_v1_0.v'.
Linking 'C:\tool\Cypress\PSoC Creator\4.2\PSoC Creator\psoc\content\CyComponentLibrary\CyComponentLibrary.cylib\B_UART_v2_50\B_UART_v2_50.v'.
Linking 'C:\tool\Cypress\PSoC Creator\4.2\PSoC Creator\warp\lib\common\cypress.v'.
Linking 'C:\tool\Cypress\PSoC Creator\4.2\PSoC Creator\warp\lib\common\cy_psoc3_inc.v'.
Linking 'C:\tool\Cypress\PSoC Creator\4.2\PSoC Creator\psoc\content\CyPrimitives\cyprimitives.cylib\CyControlReg_v1_80\CyControlReg_v1_80.v'.
Linking 'C:\tool\Cypress\PSoC Creator\4.2\PSoC Creator\psoc\content\CyPrimitives\cyprimitives.cylib\CyStatusReg_v1_90\CyStatusReg_v1_90.v'.
Linking 'C:\tool\Cypress\PSoC Creator\4.2\PSoC Creator\psoc\content\CyPrimitives\cyprimitives.cylib\ZeroTerminal\ZeroTerminal.v'.
Linking 'C:\tool\Cypress\PSoC Creator\4.2\PSoC Creator\psoc\content\CyComponentLibrary\CyComponentLibrary.cylib\ADC_AMUX_v2_0\ADC_AMUX_v2_0.v'.
Linking 'C:\tool\Cypress\PSoC Creator\4.2\PSoC Creator\psoc\content\CyPrimitives\cyprimitives.cylib\cy_analog_virtualmux_v1_0\cy_analog_virtualmux_v1_0.v'.
Linking 'C:\tool\Cypress\PSoC Creator\4.2\PSoC Creator\psoc\content\CyPrimitives\cyprimitives.cylib\cy_vref_v1_70\cy_vref_v1_70.v'.
Linking 'C:\tool\Cypress\PSoC Creator\4.2\PSoC Creator\psoc\content\CyPrimitives\cyprimitives.cylib\cy_constant_v1_0\cy_constant_v1_0.v'.
Linking 'C:\tool\Cypress\PSoC Creator\4.2\PSoC Creator\psoc\content\CyComponentLibrary\CyComponentLibrary.cylib\bADC_SAR_SEQ_v2_0\bADC_SAR_SEQ_v2_0.v'.
Linking 'C:\tool\Cypress\PSoC Creator\4.2\PSoC Creator\psoc\content\CyPrimitives\cyprimitives.cylib\cy_sync_v1_0\cy_sync_v1_0.v'.
Linking 'C:\tool\Cypress\PSoC Creator\4.2\PSoC Creator\psoc\content\CyPrimitives\cyprimitives.cylib\OneTerminal\OneTerminal.v'.
Linking 'C:\tool\Cypress\PSoC Creator\4.2\PSoC Creator\psoc\content\CyComponentLibrary\CyComponentLibrary.cylib\B_Counter_v3_0\B_Counter_v3_0.v'.
Linking 'C:\tool\Cypress\PSoC Creator\4.2\PSoC Creator\psoc\content\CyComponentLibrary\CyComponentLibrary.cylib\bQuadDec_v3_0\bQuadDec_v3_0.v'.
Linking 'C:\tool\Cypress\PSoC Creator\4.2\PSoC Creator\psoc\content\CyPrimitives\cyprimitives.cylib\not_v1_0\not_v1_0.v'.
Linking 'C:\tool\Cypress\PSoC Creator\4.2\PSoC Creator\psoc\content\CyPrimitives\cyprimitives.cylib\and_v1_0\and_v1_0.v'.
Linking 'C:\tool\Cypress\PSoC Creator\4.2\PSoC Creator\psoc\content\CyComponentLibrary\CyComponentLibrary.cylib\B_PWM_v3_30\B_PWM_v3_30.v'.
Linking 'C:\tool\Cypress\PSoC Creator\4.2\PSoC Creator\warp\lib\common\stdlogic\cy_psoc3pkg.vif'.
Linking 'C:\tool\Cypress\PSoC Creator\4.2\PSoC Creator\warp\lib\common\stdlogic\cy_psoc3.vif'.
Linking 'C:\tool\Cypress\PSoC Creator\4.2\PSoC Creator\warp\lib\common\stdlogic\mcompare.vif'.
Linking 'C:\tool\Cypress\PSoC Creator\4.2\PSoC Creator\warp\lib\lcpsoc3\stdlogic\mod_cnst.vif'.

tovif:  No errors.


======================================================================
Compiling:  10_PSOC2_SingleChannel.v
Program  :   topld
Options  :    -yv2 -q10 -ygs -o2 -v3 -.fftcfgtype=LE -ya -.fftprj=D:\50_HDA\60_Lehre\40_Vorlesungen\17_SECS\20_Lecture\__work\10_PSOC2_SingleChannel.cydsn\10_PSOC2_SingleChannel.cyprj -dcpsoc3 -verilog 10_PSOC2_SingleChannel.v
======================================================================

topld V6.3 IR 41:  Synthesis and optimization
Tue May 19 15:07:53 2020

Linking 'C:\tool\Cypress\PSoC Creator\4.2\PSoC Creator\warp\lib\common\std.vhd'.
Linking 'C:\tool\Cypress\PSoC Creator\4.2\PSoC Creator\warp\lib\common\cypress.vhd'.
Linking 'C:\tool\Cypress\PSoC Creator\4.2\PSoC Creator\warp\lib\common\work\cypress.vif'.
Linking 'C:\tool\Cypress\PSoC Creator\4.2\PSoC Creator\warp\lib\ieee\work\stdlogic.vif'.
Linking 'C:\tool\Cypress\PSoC Creator\4.2\PSoC Creator\warp\lib\common\stdlogic\lpmpkg.vif'.
Linking 'C:\tool\Cypress\PSoC Creator\4.2\PSoC Creator\warp\lib\common\stdlogic\rtlpkg.vif'.
Linking 'C:\tool\Cypress\PSoC Creator\4.2\PSoC Creator\warp\lib\common\stdlogic\mod_cnst.vif'.
Linking 'C:\tool\Cypress\PSoC Creator\4.2\PSoC Creator\warp\lib\common\stdlogic\mod_mthv.vif'.
Linking 'C:\tool\Cypress\PSoC Creator\4.2\PSoC Creator\warp\lib\common\stdlogic\mod_genv.vif'.
Linking 'D:\50_HDA\60_Lehre\40_Vorlesungen\17_SECS\20_Lecture\__work\10_PSOC2_SingleChannel.cydsn\codegentemp\10_PSOC2_SingleChannel.ctl'.
Linking 'C:\tool\Cypress\PSoC Creator\4.2\PSoC Creator\psoc\content\CyPrimitives\cyprimitives.cylib\or_v1_0\or_v1_0.v'.
Linking 'D:\50_HDA\60_Lehre\40_Vorlesungen\17_SECS\20_Lecture\__work\10_PSOC2_SingleChannel.cydsn\codegentemp\10_PSOC2_SingleChannel.v'.
Linking 'C:\tool\Cypress\PSoC Creator\4.2\PSoC Creator\psoc\content\CyPrimitives\cyprimitives.cylib\cy_virtualmux_v1_0\cy_virtualmux_v1_0.v'.
Linking 'C:\tool\Cypress\PSoC Creator\4.2\PSoC Creator\psoc\content\CyComponentLibrary\CyComponentLibrary.cylib\B_UART_v2_50\B_UART_v2_50.v'.
Linking 'C:\tool\Cypress\PSoC Creator\4.2\PSoC Creator\warp\lib\common\cypress.v'.
Linking 'C:\tool\Cypress\PSoC Creator\4.2\PSoC Creator\warp\lib\common\cy_psoc3_inc.v'.
Linking 'C:\tool\Cypress\PSoC Creator\4.2\PSoC Creator\psoc\content\CyPrimitives\cyprimitives.cylib\CyControlReg_v1_80\CyControlReg_v1_80.v'.
Linking 'C:\tool\Cypress\PSoC Creator\4.2\PSoC Creator\psoc\content\CyPrimitives\cyprimitives.cylib\CyStatusReg_v1_90\CyStatusReg_v1_90.v'.
Linking 'C:\tool\Cypress\PSoC Creator\4.2\PSoC Creator\psoc\content\CyPrimitives\cyprimitives.cylib\ZeroTerminal\ZeroTerminal.v'.
Linking 'C:\tool\Cypress\PSoC Creator\4.2\PSoC Creator\psoc\content\CyComponentLibrary\CyComponentLibrary.cylib\ADC_AMUX_v2_0\ADC_AMUX_v2_0.v'.
Linking 'C:\tool\Cypress\PSoC Creator\4.2\PSoC Creator\psoc\content\CyPrimitives\cyprimitives.cylib\cy_analog_virtualmux_v1_0\cy_analog_virtualmux_v1_0.v'.
Linking 'C:\tool\Cypress\PSoC Creator\4.2\PSoC Creator\psoc\content\CyPrimitives\cyprimitives.cylib\cy_vref_v1_70\cy_vref_v1_70.v'.
Linking 'C:\tool\Cypress\PSoC Creator\4.2\PSoC Creator\psoc\content\CyPrimitives\cyprimitives.cylib\cy_constant_v1_0\cy_constant_v1_0.v'.
Linking 'C:\tool\Cypress\PSoC Creator\4.2\PSoC Creator\psoc\content\CyComponentLibrary\CyComponentLibrary.cylib\bADC_SAR_SEQ_v2_0\bADC_SAR_SEQ_v2_0.v'.
Linking 'C:\tool\Cypress\PSoC Creator\4.2\PSoC Creator\psoc\content\CyPrimitives\cyprimitives.cylib\cy_sync_v1_0\cy_sync_v1_0.v'.
Linking 'C:\tool\Cypress\PSoC Creator\4.2\PSoC Creator\psoc\content\CyPrimitives\cyprimitives.cylib\OneTerminal\OneTerminal.v'.
Linking 'C:\tool\Cypress\PSoC Creator\4.2\PSoC Creator\psoc\content\CyComponentLibrary\CyComponentLibrary.cylib\B_Counter_v3_0\B_Counter_v3_0.v'.
Linking 'C:\tool\Cypress\PSoC Creator\4.2\PSoC Creator\psoc\content\CyComponentLibrary\CyComponentLibrary.cylib\bQuadDec_v3_0\bQuadDec_v3_0.v'.
Linking 'C:\tool\Cypress\PSoC Creator\4.2\PSoC Creator\psoc\content\CyPrimitives\cyprimitives.cylib\not_v1_0\not_v1_0.v'.
Linking 'C:\tool\Cypress\PSoC Creator\4.2\PSoC Creator\psoc\content\CyPrimitives\cyprimitives.cylib\and_v1_0\and_v1_0.v'.
Linking 'C:\tool\Cypress\PSoC Creator\4.2\PSoC Creator\psoc\content\CyComponentLibrary\CyComponentLibrary.cylib\B_PWM_v3_30\B_PWM_v3_30.v'.
Linking 'C:\tool\Cypress\PSoC Creator\4.2\PSoC Creator\warp\lib\common\stdlogic\cy_psoc3pkg.vif'.
Linking 'C:\tool\Cypress\PSoC Creator\4.2\PSoC Creator\warp\lib\common\stdlogic\cy_psoc3.vif'.
Linking 'C:\tool\Cypress\PSoC Creator\4.2\PSoC Creator\warp\lib\common\stdlogic\mcompare.vif'.
Linking 'C:\tool\Cypress\PSoC Creator\4.2\PSoC Creator\warp\lib\lcpsoc3\stdlogic\mod_cnst.vif'.
Linking 'C:\tool\Cypress\PSoC Creator\4.2\PSoC Creator\warp\lib\lcpsoc3\stdlogic\cpsoc3.vif'.

----------------------------------------------------------
Detecting unused logic.
----------------------------------------------------------
    User names
	\UART_LOG:BUART:reset_sr\
	Net_4093
	Net_4094
	\UART_LOG:BUART:sRX:s23Poll:MODULE_2:g2:a0:b_1\
	\UART_LOG:BUART:sRX:s23Poll:MODULE_2:g2:a0:b_0\
	\UART_LOG:BUART:sRX:s23Poll:MODULE_3:g2:a0:gta_0\
	\UART_LOG:BUART:sRX:s23Poll:MODULE_4:g2:a0:gta_0\
	Net_4089
	\UART_LOG:BUART:sRX:MODULE_5:g2:a0:gta_0\
	\UART_LOG:BUART:sRX:MODULE_6:g1:a0:gx:u0:albi_1\
	\UART_LOG:BUART:sRX:MODULE_6:g1:a0:gx:u0:agbi_1\
	\UART_LOG:BUART:sRX:MODULE_6:g1:a0:gx:u0:lt_0\
	\UART_LOG:BUART:sRX:MODULE_6:g1:a0:gx:u0:gt_0\
	\UART_LOG:BUART:sRX:MODULE_6:g1:a0:gx:u0:lti_0\
	\UART_LOG:BUART:sRX:MODULE_6:g1:a0:gx:u0:gti_0\
	\UART_LOG:BUART:sRX:MODULE_6:g1:a0:gx:u0:albi_0\
	\UART_LOG:BUART:sRX:MODULE_6:g1:a0:gx:u0:agbi_0\
	\UART_LOG:BUART:sRX:MODULE_6:g1:a0:xeq\
	\UART_LOG:BUART:sRX:MODULE_6:g1:a0:xlt\
	\UART_LOG:BUART:sRX:MODULE_6:g1:a0:xlte\
	\UART_LOG:BUART:sRX:MODULE_6:g1:a0:xgt\
	\UART_LOG:BUART:sRX:MODULE_6:g1:a0:xgte\
	\UART_LOG:BUART:sRX:MODULE_6:lt\
	\UART_LOG:BUART:sRX:MODULE_6:eq\
	\UART_LOG:BUART:sRX:MODULE_6:gt\
	\UART_LOG:BUART:sRX:MODULE_6:gte\
	\UART_LOG:BUART:sRX:MODULE_6:lte\
	\UART_PSOC:BUART:reset_sr\
	Net_4106
	Net_4107
	\UART_PSOC:BUART:sRX:s23Poll:MODULE_7:g2:a0:b_1\
	\UART_PSOC:BUART:sRX:s23Poll:MODULE_7:g2:a0:b_0\
	\UART_PSOC:BUART:sRX:s23Poll:MODULE_8:g2:a0:gta_0\
	\UART_PSOC:BUART:sRX:s23Poll:MODULE_9:g2:a0:gta_0\
	Net_4102
	\UART_PSOC:BUART:sRX:MODULE_10:g2:a0:gta_0\
	\UART_PSOC:BUART:sRX:MODULE_11:g1:a0:gx:u0:albi_1\
	\UART_PSOC:BUART:sRX:MODULE_11:g1:a0:gx:u0:agbi_1\
	\UART_PSOC:BUART:sRX:MODULE_11:g1:a0:gx:u0:lt_0\
	\UART_PSOC:BUART:sRX:MODULE_11:g1:a0:gx:u0:gt_0\
	\UART_PSOC:BUART:sRX:MODULE_11:g1:a0:gx:u0:lti_0\
	\UART_PSOC:BUART:sRX:MODULE_11:g1:a0:gx:u0:gti_0\
	\UART_PSOC:BUART:sRX:MODULE_11:g1:a0:gx:u0:albi_0\
	\UART_PSOC:BUART:sRX:MODULE_11:g1:a0:gx:u0:agbi_0\
	\UART_PSOC:BUART:sRX:MODULE_11:g1:a0:xeq\
	\UART_PSOC:BUART:sRX:MODULE_11:g1:a0:xlt\
	\UART_PSOC:BUART:sRX:MODULE_11:g1:a0:xlte\
	\UART_PSOC:BUART:sRX:MODULE_11:g1:a0:xgt\
	\UART_PSOC:BUART:sRX:MODULE_11:g1:a0:xgte\
	\UART_PSOC:BUART:sRX:MODULE_11:lt\
	\UART_PSOC:BUART:sRX:MODULE_11:eq\
	\UART_PSOC:BUART:sRX:MODULE_11:gt\
	\UART_PSOC:BUART:sRX:MODULE_11:gte\
	\UART_PSOC:BUART:sRX:MODULE_11:lte\
	Net_4288
	Net_4289
	Net_4291
	Net_4292
	Net_4293
	Net_4294
	\USBUART:dma_complete_0\
	\USBUART:Net_1922\
	\USBUART:dma_complete_1\
	\USBUART:Net_1921\
	\USBUART:dma_complete_2\
	\USBUART:Net_1920\
	\USBUART:dma_complete_3\
	\USBUART:Net_1919\
	\USBUART:dma_complete_4\
	\USBUART:Net_1918\
	\USBUART:dma_complete_5\
	\USBUART:Net_1917\
	\USBUART:dma_complete_6\
	\USBUART:Net_1916\
	\USBUART:dma_complete_7\
	\USBUART:Net_1915\
	\ADC_SAR_Seq:SAR:Net_221\
	\ADC_SAR_Seq:SAR:Net_383\
	\ADC_SAR_Seq:bSAR_SEQ:sw_soc\
	\ADC_SAR_Seq:soc_out\
	\ADC_SAR_Seq:Net_3905\
	\ADC_SAR_Seq:Net_3867\
	\ADC_SAR_Seq:MODULE_1:g1:a0:gx:u0:albi_2\
	\ADC_SAR_Seq:MODULE_1:g1:a0:gx:u0:agbi_2\
	\ADC_SAR_Seq:MODULE_1:g1:a0:gx:u0:albi_1\
	\ADC_SAR_Seq:MODULE_1:g1:a0:gx:u0:agbi_1\
	\ADC_SAR_Seq:MODULE_1:g1:a0:gx:u0:albi_0\
	\ADC_SAR_Seq:MODULE_1:g1:a0:gx:u0:agbi_0\
	\ADC_SAR_Seq:MODULE_1:g1:a0:xneq\
	\ADC_SAR_Seq:MODULE_1:g1:a0:xlt\
	\ADC_SAR_Seq:MODULE_1:g1:a0:xlte\
	\ADC_SAR_Seq:MODULE_1:g1:a0:xgt\
	\ADC_SAR_Seq:MODULE_1:g1:a0:xgte\
	\ADC_SAR_Seq:MODULE_1:lt\
	\ADC_SAR_Seq:MODULE_1:gt\
	\ADC_SAR_Seq:MODULE_1:gte\
	\ADC_SAR_Seq:MODULE_1:lte\
	\ADC_SAR_Seq:MODULE_1:neq\
	\I2C:udb_clk\
	Net_4242
	\I2C:Net_973\
	Net_4243
	\I2C:Net_974\
	\I2C:timeout_clk\
	Net_4248
	\I2C:Net_975\
	Net_4246
	Net_4247
	\ENGINE_DECODER:Net_1129\
	\ENGINE_DECODER:Cnt16:Net_82\
	\ENGINE_DECODER:Cnt16:Net_95\
	\ENGINE_DECODER:Cnt16:Net_91\
	\ENGINE_DECODER:Cnt16:Net_102\
	\ENGINE_DECODER:Cnt16:CounterUDB:ctrl_cmod_2\
	\ENGINE_DECODER:Cnt16:CounterUDB:ctrl_cmod_1\
	\ENGINE_DECODER:Cnt16:CounterUDB:ctrl_cmod_0\
	\ENGINE_PWM:PWMUDB:km_run\
	\ENGINE_PWM:PWMUDB:ctrl_cmpmode2_2\
	\ENGINE_PWM:PWMUDB:ctrl_cmpmode2_1\
	\ENGINE_PWM:PWMUDB:ctrl_cmpmode2_0\
	\ENGINE_PWM:PWMUDB:ctrl_cmpmode1_2\
	\ENGINE_PWM:PWMUDB:ctrl_cmpmode1_1\
	\ENGINE_PWM:PWMUDB:ctrl_cmpmode1_0\
	\ENGINE_PWM:PWMUDB:capt_rising\
	\ENGINE_PWM:PWMUDB:capt_falling\
	\ENGINE_PWM:PWMUDB:trig_rise\
	\ENGINE_PWM:PWMUDB:trig_fall\
	\ENGINE_PWM:PWMUDB:sc_kill\
	\ENGINE_PWM:PWMUDB:min_kill\
	\ENGINE_PWM:PWMUDB:km_tc\
	\ENGINE_PWM:PWMUDB:db_tc\
	\ENGINE_PWM:PWMUDB:dith_sel\
	\ENGINE_PWM:PWMUDB:compare2\
	\ENGINE_PWM:Net_101\
	Net_4313
	Net_4314
	\ENGINE_PWM:PWMUDB:MODULE_12:b_31\
	\ENGINE_PWM:PWMUDB:MODULE_12:b_30\
	\ENGINE_PWM:PWMUDB:MODULE_12:b_29\
	\ENGINE_PWM:PWMUDB:MODULE_12:b_28\
	\ENGINE_PWM:PWMUDB:MODULE_12:b_27\
	\ENGINE_PWM:PWMUDB:MODULE_12:b_26\
	\ENGINE_PWM:PWMUDB:MODULE_12:b_25\
	\ENGINE_PWM:PWMUDB:MODULE_12:b_24\
	\ENGINE_PWM:PWMUDB:MODULE_12:b_23\
	\ENGINE_PWM:PWMUDB:MODULE_12:b_22\
	\ENGINE_PWM:PWMUDB:MODULE_12:b_21\
	\ENGINE_PWM:PWMUDB:MODULE_12:b_20\
	\ENGINE_PWM:PWMUDB:MODULE_12:b_19\
	\ENGINE_PWM:PWMUDB:MODULE_12:b_18\
	\ENGINE_PWM:PWMUDB:MODULE_12:b_17\
	\ENGINE_PWM:PWMUDB:MODULE_12:b_16\
	\ENGINE_PWM:PWMUDB:MODULE_12:b_15\
	\ENGINE_PWM:PWMUDB:MODULE_12:b_14\
	\ENGINE_PWM:PWMUDB:MODULE_12:b_13\
	\ENGINE_PWM:PWMUDB:MODULE_12:b_12\
	\ENGINE_PWM:PWMUDB:MODULE_12:b_11\
	\ENGINE_PWM:PWMUDB:MODULE_12:b_10\
	\ENGINE_PWM:PWMUDB:MODULE_12:b_9\
	\ENGINE_PWM:PWMUDB:MODULE_12:b_8\
	\ENGINE_PWM:PWMUDB:MODULE_12:b_7\
	\ENGINE_PWM:PWMUDB:MODULE_12:b_6\
	\ENGINE_PWM:PWMUDB:MODULE_12:b_5\
	\ENGINE_PWM:PWMUDB:MODULE_12:b_4\
	\ENGINE_PWM:PWMUDB:MODULE_12:b_3\
	\ENGINE_PWM:PWMUDB:MODULE_12:b_2\
	\ENGINE_PWM:PWMUDB:MODULE_12:b_1\
	\ENGINE_PWM:PWMUDB:MODULE_12:b_0\
	\ENGINE_PWM:PWMUDB:MODULE_12:g2:a0:a_31\
	\ENGINE_PWM:PWMUDB:MODULE_12:g2:a0:a_30\
	\ENGINE_PWM:PWMUDB:MODULE_12:g2:a0:a_29\
	\ENGINE_PWM:PWMUDB:MODULE_12:g2:a0:a_28\
	\ENGINE_PWM:PWMUDB:MODULE_12:g2:a0:a_27\
	\ENGINE_PWM:PWMUDB:MODULE_12:g2:a0:a_26\
	\ENGINE_PWM:PWMUDB:MODULE_12:g2:a0:a_25\
	\ENGINE_PWM:PWMUDB:MODULE_12:g2:a0:a_24\
	\ENGINE_PWM:PWMUDB:MODULE_12:g2:a0:b_31\
	\ENGINE_PWM:PWMUDB:MODULE_12:g2:a0:b_30\
	\ENGINE_PWM:PWMUDB:MODULE_12:g2:a0:b_29\
	\ENGINE_PWM:PWMUDB:MODULE_12:g2:a0:b_28\
	\ENGINE_PWM:PWMUDB:MODULE_12:g2:a0:b_27\
	\ENGINE_PWM:PWMUDB:MODULE_12:g2:a0:b_26\
	\ENGINE_PWM:PWMUDB:MODULE_12:g2:a0:b_25\
	\ENGINE_PWM:PWMUDB:MODULE_12:g2:a0:b_24\
	\ENGINE_PWM:PWMUDB:MODULE_12:g2:a0:b_23\
	\ENGINE_PWM:PWMUDB:MODULE_12:g2:a0:b_22\
	\ENGINE_PWM:PWMUDB:MODULE_12:g2:a0:b_21\
	\ENGINE_PWM:PWMUDB:MODULE_12:g2:a0:b_20\
	\ENGINE_PWM:PWMUDB:MODULE_12:g2:a0:b_19\
	\ENGINE_PWM:PWMUDB:MODULE_12:g2:a0:b_18\
	\ENGINE_PWM:PWMUDB:MODULE_12:g2:a0:b_17\
	\ENGINE_PWM:PWMUDB:MODULE_12:g2:a0:b_16\
	\ENGINE_PWM:PWMUDB:MODULE_12:g2:a0:b_15\
	\ENGINE_PWM:PWMUDB:MODULE_12:g2:a0:b_14\
	\ENGINE_PWM:PWMUDB:MODULE_12:g2:a0:b_13\
	\ENGINE_PWM:PWMUDB:MODULE_12:g2:a0:b_12\
	\ENGINE_PWM:PWMUDB:MODULE_12:g2:a0:b_11\
	\ENGINE_PWM:PWMUDB:MODULE_12:g2:a0:b_10\
	\ENGINE_PWM:PWMUDB:MODULE_12:g2:a0:b_9\
	\ENGINE_PWM:PWMUDB:MODULE_12:g2:a0:b_8\
	\ENGINE_PWM:PWMUDB:MODULE_12:g2:a0:b_7\
	\ENGINE_PWM:PWMUDB:MODULE_12:g2:a0:b_6\
	\ENGINE_PWM:PWMUDB:MODULE_12:g2:a0:b_5\
	\ENGINE_PWM:PWMUDB:MODULE_12:g2:a0:b_4\
	\ENGINE_PWM:PWMUDB:MODULE_12:g2:a0:b_3\
	\ENGINE_PWM:PWMUDB:MODULE_12:g2:a0:b_2\
	\ENGINE_PWM:PWMUDB:MODULE_12:g2:a0:b_1\
	\ENGINE_PWM:PWMUDB:MODULE_12:g2:a0:b_0\
	\ENGINE_PWM:PWMUDB:MODULE_12:g2:a0:s_31\
	\ENGINE_PWM:PWMUDB:MODULE_12:g2:a0:s_30\
	\ENGINE_PWM:PWMUDB:MODULE_12:g2:a0:s_29\
	\ENGINE_PWM:PWMUDB:MODULE_12:g2:a0:s_28\
	\ENGINE_PWM:PWMUDB:MODULE_12:g2:a0:s_27\
	\ENGINE_PWM:PWMUDB:MODULE_12:g2:a0:s_26\
	\ENGINE_PWM:PWMUDB:MODULE_12:g2:a0:s_25\
	\ENGINE_PWM:PWMUDB:MODULE_12:g2:a0:s_24\
	\ENGINE_PWM:PWMUDB:MODULE_12:g2:a0:s_23\
	\ENGINE_PWM:PWMUDB:MODULE_12:g2:a0:s_22\
	\ENGINE_PWM:PWMUDB:MODULE_12:g2:a0:s_21\
	\ENGINE_PWM:PWMUDB:MODULE_12:g2:a0:s_20\
	\ENGINE_PWM:PWMUDB:MODULE_12:g2:a0:s_19\
	\ENGINE_PWM:PWMUDB:MODULE_12:g2:a0:s_18\
	\ENGINE_PWM:PWMUDB:MODULE_12:g2:a0:s_17\
	\ENGINE_PWM:PWMUDB:MODULE_12:g2:a0:s_16\
	\ENGINE_PWM:PWMUDB:MODULE_12:g2:a0:s_15\
	\ENGINE_PWM:PWMUDB:MODULE_12:g2:a0:s_14\
	\ENGINE_PWM:PWMUDB:MODULE_12:g2:a0:s_13\
	\ENGINE_PWM:PWMUDB:MODULE_12:g2:a0:s_12\
	\ENGINE_PWM:PWMUDB:MODULE_12:g2:a0:s_11\
	\ENGINE_PWM:PWMUDB:MODULE_12:g2:a0:s_10\
	\ENGINE_PWM:PWMUDB:MODULE_12:g2:a0:s_9\
	\ENGINE_PWM:PWMUDB:MODULE_12:g2:a0:s_8\
	\ENGINE_PWM:PWMUDB:MODULE_12:g2:a0:s_7\
	\ENGINE_PWM:PWMUDB:MODULE_12:g2:a0:s_6\
	\ENGINE_PWM:PWMUDB:MODULE_12:g2:a0:s_5\
	\ENGINE_PWM:PWMUDB:MODULE_12:g2:a0:s_4\
	\ENGINE_PWM:PWMUDB:MODULE_12:g2:a0:s_3\
	\ENGINE_PWM:PWMUDB:MODULE_12:g2:a0:s_2\
	\ENGINE_PWM:PWMUDB:MODULE_12:g2:a0:g1:z1:s0:g1:u0:c_31\
	\ENGINE_PWM:PWMUDB:MODULE_12:g2:a0:g1:z1:s0:g1:u0:c_30\
	\ENGINE_PWM:PWMUDB:MODULE_12:g2:a0:g1:z1:s0:g1:u0:c_29\
	\ENGINE_PWM:PWMUDB:MODULE_12:g2:a0:g1:z1:s0:g1:u0:c_28\
	\ENGINE_PWM:PWMUDB:MODULE_12:g2:a0:g1:z1:s0:g1:u0:c_27\
	\ENGINE_PWM:PWMUDB:MODULE_12:g2:a0:g1:z1:s0:g1:u0:c_26\
	\ENGINE_PWM:PWMUDB:MODULE_12:g2:a0:g1:z1:s0:g1:u0:c_25\
	Net_4315
	Net_4312
	\ENGINE_PWM:Net_113\
	\ENGINE_PWM:Net_107\
	\ENGINE_PWM:Net_114\

    Synthesized names
	\ENGINE_PWM:PWMUDB:add_vi_vv_MODGEN_12_31\
	\ENGINE_PWM:PWMUDB:add_vi_vv_MODGEN_12_30\
	\ENGINE_PWM:PWMUDB:add_vi_vv_MODGEN_12_29\
	\ENGINE_PWM:PWMUDB:add_vi_vv_MODGEN_12_28\
	\ENGINE_PWM:PWMUDB:add_vi_vv_MODGEN_12_27\
	\ENGINE_PWM:PWMUDB:add_vi_vv_MODGEN_12_26\
	\ENGINE_PWM:PWMUDB:add_vi_vv_MODGEN_12_25\
	\ENGINE_PWM:PWMUDB:add_vi_vv_MODGEN_12_24\
	\ENGINE_PWM:PWMUDB:add_vi_vv_MODGEN_12_23\
	\ENGINE_PWM:PWMUDB:add_vi_vv_MODGEN_12_22\
	\ENGINE_PWM:PWMUDB:add_vi_vv_MODGEN_12_21\
	\ENGINE_PWM:PWMUDB:add_vi_vv_MODGEN_12_20\
	\ENGINE_PWM:PWMUDB:add_vi_vv_MODGEN_12_19\
	\ENGINE_PWM:PWMUDB:add_vi_vv_MODGEN_12_18\
	\ENGINE_PWM:PWMUDB:add_vi_vv_MODGEN_12_17\
	\ENGINE_PWM:PWMUDB:add_vi_vv_MODGEN_12_16\
	\ENGINE_PWM:PWMUDB:add_vi_vv_MODGEN_12_15\
	\ENGINE_PWM:PWMUDB:add_vi_vv_MODGEN_12_14\
	\ENGINE_PWM:PWMUDB:add_vi_vv_MODGEN_12_13\
	\ENGINE_PWM:PWMUDB:add_vi_vv_MODGEN_12_12\
	\ENGINE_PWM:PWMUDB:add_vi_vv_MODGEN_12_11\
	\ENGINE_PWM:PWMUDB:add_vi_vv_MODGEN_12_10\
	\ENGINE_PWM:PWMUDB:add_vi_vv_MODGEN_12_9\
	\ENGINE_PWM:PWMUDB:add_vi_vv_MODGEN_12_8\
	\ENGINE_PWM:PWMUDB:add_vi_vv_MODGEN_12_7\
	\ENGINE_PWM:PWMUDB:add_vi_vv_MODGEN_12_6\
	\ENGINE_PWM:PWMUDB:add_vi_vv_MODGEN_12_5\
	\ENGINE_PWM:PWMUDB:add_vi_vv_MODGEN_12_4\
	\ENGINE_PWM:PWMUDB:add_vi_vv_MODGEN_12_3\
	\ENGINE_PWM:PWMUDB:add_vi_vv_MODGEN_12_2\

Deleted 250 User equations/components.
Deleted 30 Synthesized equations/components.

------------------------------------------------------
Alias Detection
------------------------------------------------------
Aliasing one to tmpOE__EB_4_net_0
Aliasing tmpOE__EB_3_net_0 to tmpOE__EB_4_net_0
Aliasing tmpOE__EB_2_net_0 to tmpOE__EB_4_net_0
Aliasing tmpOE__EB_7_net_0 to tmpOE__EB_4_net_0
Aliasing tmpOE__EB_8_net_0 to tmpOE__EB_4_net_0
Aliasing tmpOE__EB_9_net_0 to tmpOE__EB_4_net_0
Aliasing tmpOE__EB_10_net_0 to tmpOE__EB_4_net_0
Aliasing tmpOE__LED_4_net_0 to tmpOE__EB_4_net_0
Aliasing tmpOE__EB_1_net_0 to tmpOE__EB_4_net_0
Aliasing tmpOE__EB_5_net_0 to tmpOE__EB_4_net_0
Aliasing tmpOE__BUTTON_1_net_0 to tmpOE__EB_4_net_0
Aliasing tmpOE__BUTTON_2_net_0 to tmpOE__EB_4_net_0
Aliasing tmpOE__BUTTON_3_net_0 to tmpOE__EB_4_net_0
Aliasing tmpOE__BUTTON_4_net_0 to tmpOE__EB_4_net_0
Aliasing tmpOE__LED_1_net_0 to tmpOE__EB_4_net_0
Aliasing tmpOE__LED_3_net_0 to tmpOE__EB_4_net_0
Aliasing tmpOE__LED_2_net_0 to tmpOE__EB_4_net_0
Aliasing tmpOE__DEBUG_TX_net_0 to tmpOE__EB_4_net_0
Aliasing tmpOE__DEBUG_RX_net_0 to tmpOE__EB_4_net_0
Aliasing \UART_LOG:BUART:tx_hd_send_break\ to zero
Aliasing \UART_LOG:BUART:HalfDuplexSend\ to zero
Aliasing \UART_LOG:BUART:FinalParityType_1\ to zero
Aliasing \UART_LOG:BUART:FinalParityType_0\ to zero
Aliasing \UART_LOG:BUART:FinalAddrMode_2\ to zero
Aliasing \UART_LOG:BUART:FinalAddrMode_1\ to zero
Aliasing \UART_LOG:BUART:FinalAddrMode_0\ to zero
Aliasing \UART_LOG:BUART:tx_ctrl_mark\ to zero
Aliasing \UART_LOG:BUART:tx_status_6\ to zero
Aliasing \UART_LOG:BUART:tx_status_5\ to zero
Aliasing \UART_LOG:BUART:tx_status_4\ to zero
Aliasing \UART_LOG:BUART:rx_count7_bit8_wire\ to zero
Aliasing \UART_LOG:BUART:sRX:s23Poll:MODULE_2:g2:a0:g1:z1:s0:g1:u0:b_0\ to tmpOE__EB_4_net_0
Aliasing MODIN4_1 to MODIN3_1
Aliasing MODIN4_0 to MODIN3_0
Aliasing \UART_LOG:BUART:sRX:s23Poll:MODULE_3:g2:a0:newb_1\ to zero
Aliasing \UART_LOG:BUART:sRX:s23Poll:MODULE_3:g2:a0:newb_0\ to tmpOE__EB_4_net_0
Aliasing MODIN5_1 to MODIN3_1
Aliasing MODIN5_0 to MODIN3_0
Aliasing \UART_LOG:BUART:sRX:s23Poll:MODULE_4:g2:a0:newb_1\ to tmpOE__EB_4_net_0
Aliasing \UART_LOG:BUART:sRX:s23Poll:MODULE_4:g2:a0:newb_0\ to zero
Aliasing \UART_LOG:BUART:rx_status_1\ to zero
Aliasing \UART_LOG:BUART:sRX:MODULE_5:g2:a0:newa_6\ to zero
Aliasing \UART_LOG:BUART:sRX:MODULE_5:g2:a0:newa_5\ to zero
Aliasing \UART_LOG:BUART:sRX:MODULE_5:g2:a0:newa_4\ to zero
Aliasing \UART_LOG:BUART:sRX:MODULE_5:g2:a0:newb_6\ to zero
Aliasing \UART_LOG:BUART:sRX:MODULE_5:g2:a0:newb_5\ to zero
Aliasing \UART_LOG:BUART:sRX:MODULE_5:g2:a0:newb_4\ to zero
Aliasing \UART_LOG:BUART:sRX:MODULE_5:g2:a0:newb_3\ to zero
Aliasing \UART_LOG:BUART:sRX:MODULE_5:g2:a0:newb_2\ to tmpOE__EB_4_net_0
Aliasing \UART_LOG:BUART:sRX:MODULE_5:g2:a0:newb_1\ to tmpOE__EB_4_net_0
Aliasing \UART_LOG:BUART:sRX:MODULE_5:g2:a0:newb_0\ to zero
Aliasing \UART_LOG:BUART:sRX:MODULE_6:g1:a0:gx:u0:aeqb_0\ to tmpOE__EB_4_net_0
Aliasing tmpOE__PSOC_RX_net_0 to tmpOE__EB_4_net_0
Aliasing \UART_PSOC:BUART:tx_hd_send_break\ to zero
Aliasing \UART_PSOC:BUART:HalfDuplexSend\ to zero
Aliasing \UART_PSOC:BUART:FinalParityType_1\ to zero
Aliasing \UART_PSOC:BUART:FinalParityType_0\ to zero
Aliasing \UART_PSOC:BUART:FinalAddrMode_2\ to zero
Aliasing \UART_PSOC:BUART:FinalAddrMode_1\ to zero
Aliasing \UART_PSOC:BUART:FinalAddrMode_0\ to zero
Aliasing \UART_PSOC:BUART:tx_ctrl_mark\ to zero
Aliasing \UART_PSOC:BUART:tx_status_6\ to zero
Aliasing \UART_PSOC:BUART:tx_status_5\ to zero
Aliasing \UART_PSOC:BUART:tx_status_4\ to zero
Aliasing \UART_PSOC:BUART:rx_count7_bit8_wire\ to zero
Aliasing \UART_PSOC:BUART:sRX:s23Poll:MODULE_7:g2:a0:g1:z1:s0:g1:u0:b_0\ to tmpOE__EB_4_net_0
Aliasing \UART_PSOC:BUART:sRX:s23Poll:MODIN8_1\ to \UART_PSOC:BUART:sRX:s23Poll:MODIN7_1\
Aliasing \UART_PSOC:BUART:sRX:s23Poll:MODIN8_0\ to \UART_PSOC:BUART:sRX:s23Poll:MODIN7_0\
Aliasing \UART_PSOC:BUART:sRX:s23Poll:MODULE_8:g2:a0:newb_1\ to zero
Aliasing \UART_PSOC:BUART:sRX:s23Poll:MODULE_8:g2:a0:newb_0\ to tmpOE__EB_4_net_0
Aliasing \UART_PSOC:BUART:sRX:s23Poll:MODIN9_1\ to \UART_PSOC:BUART:sRX:s23Poll:MODIN7_1\
Aliasing \UART_PSOC:BUART:sRX:s23Poll:MODIN9_0\ to \UART_PSOC:BUART:sRX:s23Poll:MODIN7_0\
Aliasing \UART_PSOC:BUART:sRX:s23Poll:MODULE_9:g2:a0:newb_1\ to tmpOE__EB_4_net_0
Aliasing \UART_PSOC:BUART:sRX:s23Poll:MODULE_9:g2:a0:newb_0\ to zero
Aliasing \UART_PSOC:BUART:rx_status_1\ to zero
Aliasing \UART_PSOC:BUART:sRX:MODULE_10:g2:a0:newa_6\ to zero
Aliasing \UART_PSOC:BUART:sRX:MODULE_10:g2:a0:newa_5\ to zero
Aliasing \UART_PSOC:BUART:sRX:MODULE_10:g2:a0:newa_4\ to zero
Aliasing \UART_PSOC:BUART:sRX:MODULE_10:g2:a0:newb_6\ to zero
Aliasing \UART_PSOC:BUART:sRX:MODULE_10:g2:a0:newb_5\ to zero
Aliasing \UART_PSOC:BUART:sRX:MODULE_10:g2:a0:newb_4\ to zero
Aliasing \UART_PSOC:BUART:sRX:MODULE_10:g2:a0:newb_3\ to zero
Aliasing \UART_PSOC:BUART:sRX:MODULE_10:g2:a0:newb_2\ to tmpOE__EB_4_net_0
Aliasing \UART_PSOC:BUART:sRX:MODULE_10:g2:a0:newb_1\ to tmpOE__EB_4_net_0
Aliasing \UART_PSOC:BUART:sRX:MODULE_10:g2:a0:newb_0\ to zero
Aliasing \UART_PSOC:BUART:sRX:MODULE_11:g1:a0:gx:u0:aeqb_0\ to tmpOE__EB_4_net_0
Aliasing tmpOE__Pin_Engine_Mode_2_net_0 to tmpOE__EB_4_net_0
Aliasing tmpOE__Pin_Engine_Mode_1_net_0 to tmpOE__EB_4_net_0
Aliasing \ENGINE_Direction:clk\ to zero
Aliasing \ENGINE_Direction:rst\ to zero
Aliasing \EB_Status_Reg_2:status_5\ to zero
Aliasing \EB_Status_Reg_2:status_6\ to zero
Aliasing \EB_Status_Reg_2:status_7\ to zero
Aliasing tmpOE__EB_6_net_0 to tmpOE__EB_4_net_0
Aliasing \USBUART:tmpOE__Dm_net_0\ to tmpOE__EB_4_net_0
Aliasing \USBUART:tmpOE__Dp_net_0\ to tmpOE__EB_4_net_0
Aliasing \EB_Status_Reg_1:status_5\ to zero
Aliasing \EB_Status_Reg_1:status_6\ to zero
Aliasing \EB_Status_Reg_1:status_7\ to zero
Aliasing tmpOE__AnalogIN_1_net_0 to tmpOE__EB_4_net_0
Aliasing tmpOE__AnalogIN_3_net_0 to tmpOE__EB_4_net_0
Aliasing \ADC_SAR_Seq:AMuxHw_2_Decoder_enable\ to tmpOE__EB_4_net_0
Aliasing \ADC_SAR_Seq:SAR:vp_ctl_0\ to zero
Aliasing \ADC_SAR_Seq:SAR:vp_ctl_2\ to zero
Aliasing \ADC_SAR_Seq:SAR:vn_ctl_1\ to zero
Aliasing \ADC_SAR_Seq:SAR:vn_ctl_3\ to zero
Aliasing \ADC_SAR_Seq:SAR:vp_ctl_1\ to zero
Aliasing \ADC_SAR_Seq:SAR:vp_ctl_3\ to zero
Aliasing \ADC_SAR_Seq:SAR:vn_ctl_0\ to zero
Aliasing \ADC_SAR_Seq:SAR:vn_ctl_2\ to zero
Aliasing \ADC_SAR_Seq:SAR:soc\ to zero
Aliasing \ADC_SAR_Seq:bSAR_SEQ:status_7\ to zero
Aliasing \ADC_SAR_Seq:bSAR_SEQ:status_6\ to zero
Aliasing \ADC_SAR_Seq:bSAR_SEQ:status_5\ to zero
Aliasing \ADC_SAR_Seq:bSAR_SEQ:status_4\ to zero
Aliasing \ADC_SAR_Seq:bSAR_SEQ:status_3\ to zero
Aliasing \ADC_SAR_Seq:bSAR_SEQ:status_2\ to zero
Aliasing \ADC_SAR_Seq:bSAR_SEQ:status_1\ to zero
Aliasing Net_4143 to \ADC_SAR_Seq:bSAR_SEQ:status_0\
Aliasing \ADC_SAR_Seq:MODULE_1:g1:a0:gx:u0:aeqb_0\ to tmpOE__EB_4_net_0
Aliasing tmpOE__PSOC_TX_net_0 to tmpOE__EB_4_net_0
Aliasing tmpOE__SCL_net_0 to tmpOE__EB_4_net_0
Aliasing tmpOE__SDA_net_0 to tmpOE__EB_4_net_0
Aliasing \I2C:Net_969\ to tmpOE__EB_4_net_0
Aliasing \I2C:Net_968\ to tmpOE__EB_4_net_0
Aliasing tmpOE__Pin_Encoder_B_net_0 to tmpOE__EB_4_net_0
Aliasing tmpOE__Pin_Encoder_A_net_0 to tmpOE__EB_4_net_0
Aliasing \ENGINE_DECODER:Cnt16:CounterUDB:ctrl_capmode_1\ to zero
Aliasing \ENGINE_DECODER:Cnt16:CounterUDB:ctrl_capmode_0\ to zero
Aliasing \ENGINE_DECODER:Cnt16:CounterUDB:capt_rising\ to zero
Aliasing \ENGINE_DECODER:Cnt16:CounterUDB:underflow\ to \ENGINE_DECODER:Cnt16:CounterUDB:status_1\
Aliasing \ENGINE_DECODER:Cnt16:CounterUDB:tc_i\ to \ENGINE_DECODER:Cnt16:CounterUDB:reload_tc\
Aliasing \ENGINE_DECODER:bQuadDec:status_4\ to zero
Aliasing \ENGINE_DECODER:bQuadDec:status_5\ to zero
Aliasing \ENGINE_DECODER:bQuadDec:status_6\ to zero
Aliasing \ENGINE_DECODER:Net_1229\ to tmpOE__EB_4_net_0
Aliasing tmpOE__Pin_Engine_PWM_net_0 to tmpOE__EB_4_net_0
Aliasing tmpOE__Pin_Safe_2_net_0 to tmpOE__EB_4_net_0
Aliasing tmpOE__Pin_Safe_1_net_0 to tmpOE__EB_4_net_0
Aliasing \ENGINE_PWM:PWMUDB:hwCapture\ to zero
Aliasing \ENGINE_PWM:PWMUDB:trig_out\ to tmpOE__EB_4_net_0
Aliasing \ENGINE_PWM:PWMUDB:runmode_enable\\R\ to zero
Aliasing \ENGINE_PWM:PWMUDB:runmode_enable\\S\ to zero
Aliasing \ENGINE_PWM:PWMUDB:ltch_kill_reg\\R\ to zero
Aliasing \ENGINE_PWM:PWMUDB:ltch_kill_reg\\S\ to zero
Aliasing \ENGINE_PWM:PWMUDB:min_kill_reg\\R\ to zero
Aliasing \ENGINE_PWM:PWMUDB:min_kill_reg\\S\ to zero
Aliasing \ENGINE_PWM:PWMUDB:final_kill\ to tmpOE__EB_4_net_0
Aliasing \ENGINE_PWM:PWMUDB:dith_count_1\\R\ to zero
Aliasing \ENGINE_PWM:PWMUDB:dith_count_1\\S\ to zero
Aliasing \ENGINE_PWM:PWMUDB:dith_count_0\\R\ to zero
Aliasing \ENGINE_PWM:PWMUDB:dith_count_0\\S\ to zero
Aliasing \ENGINE_PWM:PWMUDB:reset\ to zero
Aliasing \ENGINE_PWM:PWMUDB:status_6\ to zero
Aliasing \ENGINE_PWM:PWMUDB:status_4\ to zero
Aliasing \ENGINE_PWM:PWMUDB:cmp2\ to zero
Aliasing \ENGINE_PWM:PWMUDB:cmp1_status_reg\\R\ to zero
Aliasing \ENGINE_PWM:PWMUDB:cmp1_status_reg\\S\ to zero
Aliasing \ENGINE_PWM:PWMUDB:cmp2_status_reg\\R\ to zero
Aliasing \ENGINE_PWM:PWMUDB:cmp2_status_reg\\S\ to zero
Aliasing \ENGINE_PWM:PWMUDB:final_kill_reg\\R\ to zero
Aliasing \ENGINE_PWM:PWMUDB:final_kill_reg\\S\ to zero
Aliasing \ENGINE_PWM:PWMUDB:cs_addr_0\ to zero
Aliasing \ENGINE_PWM:PWMUDB:pwm1_i\ to zero
Aliasing \ENGINE_PWM:PWMUDB:pwm2_i\ to zero
Aliasing \ENGINE_PWM:PWMUDB:MODULE_12:g2:a0:a_23\ to zero
Aliasing \ENGINE_PWM:PWMUDB:MODULE_12:g2:a0:a_22\ to zero
Aliasing \ENGINE_PWM:PWMUDB:MODULE_12:g2:a0:a_21\ to zero
Aliasing \ENGINE_PWM:PWMUDB:MODULE_12:g2:a0:a_20\ to zero
Aliasing \ENGINE_PWM:PWMUDB:MODULE_12:g2:a0:a_19\ to zero
Aliasing \ENGINE_PWM:PWMUDB:MODULE_12:g2:a0:a_18\ to zero
Aliasing \ENGINE_PWM:PWMUDB:MODULE_12:g2:a0:a_17\ to zero
Aliasing \ENGINE_PWM:PWMUDB:MODULE_12:g2:a0:a_16\ to zero
Aliasing \ENGINE_PWM:PWMUDB:MODULE_12:g2:a0:a_15\ to zero
Aliasing \ENGINE_PWM:PWMUDB:MODULE_12:g2:a0:a_14\ to zero
Aliasing \ENGINE_PWM:PWMUDB:MODULE_12:g2:a0:a_13\ to zero
Aliasing \ENGINE_PWM:PWMUDB:MODULE_12:g2:a0:a_12\ to zero
Aliasing \ENGINE_PWM:PWMUDB:MODULE_12:g2:a0:a_11\ to zero
Aliasing \ENGINE_PWM:PWMUDB:MODULE_12:g2:a0:a_10\ to zero
Aliasing \ENGINE_PWM:PWMUDB:MODULE_12:g2:a0:a_9\ to zero
Aliasing \ENGINE_PWM:PWMUDB:MODULE_12:g2:a0:a_8\ to zero
Aliasing \ENGINE_PWM:PWMUDB:MODULE_12:g2:a0:a_7\ to zero
Aliasing \ENGINE_PWM:PWMUDB:MODULE_12:g2:a0:a_6\ to zero
Aliasing \ENGINE_PWM:PWMUDB:MODULE_12:g2:a0:a_5\ to zero
Aliasing \ENGINE_PWM:PWMUDB:MODULE_12:g2:a0:a_4\ to zero
Aliasing \ENGINE_PWM:PWMUDB:MODULE_12:g2:a0:a_3\ to zero
Aliasing \ENGINE_PWM:PWMUDB:MODULE_12:g2:a0:a_2\ to zero
Aliasing \ENGINE_PWM:PWMUDB:MODULE_12:g2:a0:g1:z1:s0:g1:u0:b_0\ to tmpOE__EB_4_net_0
Aliasing tmpOE__AnalogIN_2_net_0 to tmpOE__EB_4_net_0
Aliasing \UART_LOG:BUART:reset_reg\\D\ to zero
Aliasing \UART_LOG:BUART:rx_break_status\\D\ to zero
Aliasing \UART_PSOC:BUART:reset_reg\\D\ to zero
Aliasing \UART_PSOC:BUART:rx_break_status\\D\ to zero
Aliasing \ADC_SAR_Seq:AMuxHw_2_Decoder_old_id_5\\D\ to \ADC_SAR_Seq:MODIN1_5\
Aliasing \ADC_SAR_Seq:AMuxHw_2_Decoder_old_id_4\\D\ to \ADC_SAR_Seq:MODIN1_4\
Aliasing \ADC_SAR_Seq:AMuxHw_2_Decoder_old_id_3\\D\ to \ADC_SAR_Seq:MODIN1_3\
Aliasing \ADC_SAR_Seq:AMuxHw_2_Decoder_old_id_2\\D\ to \ADC_SAR_Seq:MODIN1_2\
Aliasing \ADC_SAR_Seq:AMuxHw_2_Decoder_old_id_1\\D\ to \ADC_SAR_Seq:MODIN1_1\
Aliasing \ADC_SAR_Seq:AMuxHw_2_Decoder_old_id_0\\D\ to \ADC_SAR_Seq:MODIN1_0\
Aliasing \ENGINE_DECODER:Cnt16:CounterUDB:prevCapture\\D\ to zero
Aliasing \ENGINE_DECODER:Cnt16:CounterUDB:cmp_out_reg_i\\D\ to \ENGINE_DECODER:Cnt16:CounterUDB:prevCompare\\D\
Aliasing \ENGINE_PWM:PWMUDB:min_kill_reg\\D\ to tmpOE__EB_4_net_0
Aliasing \ENGINE_PWM:PWMUDB:prevCapture\\D\ to zero
Aliasing \ENGINE_PWM:PWMUDB:trig_last\\D\ to zero
Aliasing \ENGINE_PWM:PWMUDB:ltch_kill_reg\\D\ to tmpOE__EB_4_net_0
Aliasing \ENGINE_PWM:PWMUDB:prevCompare1\\D\ to \ENGINE_PWM:PWMUDB:pwm_temp\
Aliasing \ENGINE_PWM:PWMUDB:tc_i_reg\\D\ to \ENGINE_PWM:PWMUDB:status_2\
Removing Lhs of wire one[6] = tmpOE__EB_4_net_0[1]
Removing Lhs of wire tmpOE__EB_3_net_0[9] = tmpOE__EB_4_net_0[1]
Removing Lhs of wire tmpOE__EB_2_net_0[15] = tmpOE__EB_4_net_0[1]
Removing Lhs of wire tmpOE__EB_7_net_0[21] = tmpOE__EB_4_net_0[1]
Removing Lhs of wire tmpOE__EB_8_net_0[27] = tmpOE__EB_4_net_0[1]
Removing Lhs of wire tmpOE__EB_9_net_0[33] = tmpOE__EB_4_net_0[1]
Removing Lhs of wire tmpOE__EB_10_net_0[39] = tmpOE__EB_4_net_0[1]
Removing Lhs of wire tmpOE__LED_4_net_0[45] = tmpOE__EB_4_net_0[1]
Removing Lhs of wire tmpOE__EB_1_net_0[51] = tmpOE__EB_4_net_0[1]
Removing Lhs of wire tmpOE__EB_5_net_0[57] = tmpOE__EB_4_net_0[1]
Removing Lhs of wire tmpOE__BUTTON_1_net_0[63] = tmpOE__EB_4_net_0[1]
Removing Lhs of wire tmpOE__BUTTON_2_net_0[72] = tmpOE__EB_4_net_0[1]
Removing Lhs of wire tmpOE__BUTTON_3_net_0[79] = tmpOE__EB_4_net_0[1]
Removing Lhs of wire tmpOE__BUTTON_4_net_0[86] = tmpOE__EB_4_net_0[1]
Removing Lhs of wire tmpOE__LED_1_net_0[93] = tmpOE__EB_4_net_0[1]
Removing Lhs of wire tmpOE__LED_3_net_0[99] = tmpOE__EB_4_net_0[1]
Removing Lhs of wire tmpOE__LED_2_net_0[105] = tmpOE__EB_4_net_0[1]
Removing Lhs of wire tmpOE__DEBUG_TX_net_0[111] = tmpOE__EB_4_net_0[1]
Removing Lhs of wire tmpOE__DEBUG_RX_net_0[118] = tmpOE__EB_4_net_0[1]
Removing Lhs of wire \UART_LOG:Net_61\[125] = \UART_LOG:Net_9\[124]
Removing Lhs of wire \UART_LOG:BUART:tx_hd_send_break\[129] = zero[2]
Removing Lhs of wire \UART_LOG:BUART:HalfDuplexSend\[130] = zero[2]
Removing Lhs of wire \UART_LOG:BUART:FinalParityType_1\[131] = zero[2]
Removing Lhs of wire \UART_LOG:BUART:FinalParityType_0\[132] = zero[2]
Removing Lhs of wire \UART_LOG:BUART:FinalAddrMode_2\[133] = zero[2]
Removing Lhs of wire \UART_LOG:BUART:FinalAddrMode_1\[134] = zero[2]
Removing Lhs of wire \UART_LOG:BUART:FinalAddrMode_0\[135] = zero[2]
Removing Lhs of wire \UART_LOG:BUART:tx_ctrl_mark\[136] = zero[2]
Removing Rhs of wire \UART_LOG:BUART:tx_bitclk_enable_pre\[147] = \UART_LOG:BUART:tx_bitclk_dp\[183]
Removing Lhs of wire \UART_LOG:BUART:tx_counter_tc\[193] = \UART_LOG:BUART:tx_counter_dp\[184]
Removing Lhs of wire \UART_LOG:BUART:tx_status_6\[194] = zero[2]
Removing Lhs of wire \UART_LOG:BUART:tx_status_5\[195] = zero[2]
Removing Lhs of wire \UART_LOG:BUART:tx_status_4\[196] = zero[2]
Removing Lhs of wire \UART_LOG:BUART:tx_status_1\[198] = \UART_LOG:BUART:tx_fifo_empty\[161]
Removing Lhs of wire \UART_LOG:BUART:tx_status_3\[200] = \UART_LOG:BUART:tx_fifo_notfull\[160]
Removing Lhs of wire \UART_LOG:BUART:rx_count7_bit8_wire\[260] = zero[2]
Removing Rhs of wire add_vv_vv_MODGEN_2_1[267] = \UART_LOG:BUART:sRX:s23Poll:MODULE_2:g2:a0:s_1\[278]
Removing Rhs of wire add_vv_vv_MODGEN_2_0[269] = \UART_LOG:BUART:sRX:s23Poll:MODULE_2:g2:a0:s_0\[279]
Removing Lhs of wire cmp_vv_vv_MODGEN_3[270] = \UART_LOG:BUART:sRX:s23Poll:MODULE_3:g2:a0:lta_0\[295]
Removing Lhs of wire cmp_vv_vv_MODGEN_4[271] = \UART_LOG:BUART:sRX:s23Poll:MODULE_4:g2:a0:lta_0\[309]
Removing Lhs of wire \UART_LOG:BUART:sRX:s23Poll:MODULE_2:g2:a0:a_1\[272] = MODIN3_1[273]
Removing Rhs of wire MODIN3_1[273] = \UART_LOG:BUART:pollcount_1\[266]
Removing Lhs of wire \UART_LOG:BUART:sRX:s23Poll:MODULE_2:g2:a0:a_0\[274] = MODIN3_0[275]
Removing Rhs of wire MODIN3_0[275] = \UART_LOG:BUART:pollcount_0\[268]
Removing Lhs of wire \UART_LOG:BUART:sRX:s23Poll:MODULE_2:g2:a0:g1:z1:s0:g1:u0:c_0\[281] = tmpOE__EB_4_net_0[1]
Removing Lhs of wire \UART_LOG:BUART:sRX:s23Poll:MODULE_2:g2:a0:g1:z1:s0:g1:u0:b_0\[282] = tmpOE__EB_4_net_0[1]
Removing Lhs of wire \UART_LOG:BUART:sRX:s23Poll:MODULE_3:g2:a0:newa_1\[283] = MODIN3_1[273]
Removing Lhs of wire MODIN4_1[284] = MODIN3_1[273]
Removing Lhs of wire \UART_LOG:BUART:sRX:s23Poll:MODULE_3:g2:a0:newa_0\[285] = MODIN3_0[275]
Removing Lhs of wire MODIN4_0[286] = MODIN3_0[275]
Removing Lhs of wire \UART_LOG:BUART:sRX:s23Poll:MODULE_3:g2:a0:newb_1\[287] = zero[2]
Removing Lhs of wire \UART_LOG:BUART:sRX:s23Poll:MODULE_3:g2:a0:newb_0\[288] = tmpOE__EB_4_net_0[1]
Removing Lhs of wire \UART_LOG:BUART:sRX:s23Poll:MODULE_3:g2:a0:dataa_1\[289] = MODIN3_1[273]
Removing Lhs of wire \UART_LOG:BUART:sRX:s23Poll:MODULE_3:g2:a0:dataa_0\[290] = MODIN3_0[275]
Removing Lhs of wire \UART_LOG:BUART:sRX:s23Poll:MODULE_3:g2:a0:datab_1\[291] = zero[2]
Removing Lhs of wire \UART_LOG:BUART:sRX:s23Poll:MODULE_3:g2:a0:datab_0\[292] = tmpOE__EB_4_net_0[1]
Removing Lhs of wire \UART_LOG:BUART:sRX:s23Poll:MODULE_4:g2:a0:newa_1\[297] = MODIN3_1[273]
Removing Lhs of wire MODIN5_1[298] = MODIN3_1[273]
Removing Lhs of wire \UART_LOG:BUART:sRX:s23Poll:MODULE_4:g2:a0:newa_0\[299] = MODIN3_0[275]
Removing Lhs of wire MODIN5_0[300] = MODIN3_0[275]
Removing Lhs of wire \UART_LOG:BUART:sRX:s23Poll:MODULE_4:g2:a0:newb_1\[301] = tmpOE__EB_4_net_0[1]
Removing Lhs of wire \UART_LOG:BUART:sRX:s23Poll:MODULE_4:g2:a0:newb_0\[302] = zero[2]
Removing Lhs of wire \UART_LOG:BUART:sRX:s23Poll:MODULE_4:g2:a0:dataa_1\[303] = MODIN3_1[273]
Removing Lhs of wire \UART_LOG:BUART:sRX:s23Poll:MODULE_4:g2:a0:dataa_0\[304] = MODIN3_0[275]
Removing Lhs of wire \UART_LOG:BUART:sRX:s23Poll:MODULE_4:g2:a0:datab_1\[305] = tmpOE__EB_4_net_0[1]
Removing Lhs of wire \UART_LOG:BUART:sRX:s23Poll:MODULE_4:g2:a0:datab_0\[306] = zero[2]
Removing Lhs of wire \UART_LOG:BUART:rx_status_1\[313] = zero[2]
Removing Rhs of wire \UART_LOG:BUART:rx_status_2\[314] = \UART_LOG:BUART:rx_parity_error_status\[315]
Removing Rhs of wire \UART_LOG:BUART:rx_status_3\[316] = \UART_LOG:BUART:rx_stop_bit_error\[317]
Removing Lhs of wire cmp_vv_vv_MODGEN_5[327] = \UART_LOG:BUART:sRX:MODULE_5:g2:a0:lta_0\[376]
Removing Lhs of wire cmp_vv_vv_MODGEN_6[331] = \UART_LOG:BUART:sRX:MODULE_6:g1:a0:xneq\[398]
Removing Lhs of wire \UART_LOG:BUART:sRX:MODULE_5:g2:a0:newa_6\[332] = zero[2]
Removing Lhs of wire \UART_LOG:BUART:sRX:MODULE_5:g2:a0:newa_5\[333] = zero[2]
Removing Lhs of wire \UART_LOG:BUART:sRX:MODULE_5:g2:a0:newa_4\[334] = zero[2]
Removing Lhs of wire \UART_LOG:BUART:sRX:MODULE_5:g2:a0:newa_3\[335] = MODIN6_6[336]
Removing Rhs of wire MODIN6_6[336] = \UART_LOG:BUART:rx_count_6\[255]
Removing Lhs of wire \UART_LOG:BUART:sRX:MODULE_5:g2:a0:newa_2\[337] = MODIN6_5[338]
Removing Rhs of wire MODIN6_5[338] = \UART_LOG:BUART:rx_count_5\[256]
Removing Lhs of wire \UART_LOG:BUART:sRX:MODULE_5:g2:a0:newa_1\[339] = MODIN6_4[340]
Removing Rhs of wire MODIN6_4[340] = \UART_LOG:BUART:rx_count_4\[257]
Removing Lhs of wire \UART_LOG:BUART:sRX:MODULE_5:g2:a0:newa_0\[341] = MODIN6_3[342]
Removing Rhs of wire MODIN6_3[342] = \UART_LOG:BUART:rx_count_3\[258]
Removing Lhs of wire \UART_LOG:BUART:sRX:MODULE_5:g2:a0:newb_6\[343] = zero[2]
Removing Lhs of wire \UART_LOG:BUART:sRX:MODULE_5:g2:a0:newb_5\[344] = zero[2]
Removing Lhs of wire \UART_LOG:BUART:sRX:MODULE_5:g2:a0:newb_4\[345] = zero[2]
Removing Lhs of wire \UART_LOG:BUART:sRX:MODULE_5:g2:a0:newb_3\[346] = zero[2]
Removing Lhs of wire \UART_LOG:BUART:sRX:MODULE_5:g2:a0:newb_2\[347] = tmpOE__EB_4_net_0[1]
Removing Lhs of wire \UART_LOG:BUART:sRX:MODULE_5:g2:a0:newb_1\[348] = tmpOE__EB_4_net_0[1]
Removing Lhs of wire \UART_LOG:BUART:sRX:MODULE_5:g2:a0:newb_0\[349] = zero[2]
Removing Lhs of wire \UART_LOG:BUART:sRX:MODULE_5:g2:a0:dataa_6\[350] = zero[2]
Removing Lhs of wire \UART_LOG:BUART:sRX:MODULE_5:g2:a0:dataa_5\[351] = zero[2]
Removing Lhs of wire \UART_LOG:BUART:sRX:MODULE_5:g2:a0:dataa_4\[352] = zero[2]
Removing Lhs of wire \UART_LOG:BUART:sRX:MODULE_5:g2:a0:dataa_3\[353] = MODIN6_6[336]
Removing Lhs of wire \UART_LOG:BUART:sRX:MODULE_5:g2:a0:dataa_2\[354] = MODIN6_5[338]
Removing Lhs of wire \UART_LOG:BUART:sRX:MODULE_5:g2:a0:dataa_1\[355] = MODIN6_4[340]
Removing Lhs of wire \UART_LOG:BUART:sRX:MODULE_5:g2:a0:dataa_0\[356] = MODIN6_3[342]
Removing Lhs of wire \UART_LOG:BUART:sRX:MODULE_5:g2:a0:datab_6\[357] = zero[2]
Removing Lhs of wire \UART_LOG:BUART:sRX:MODULE_5:g2:a0:datab_5\[358] = zero[2]
Removing Lhs of wire \UART_LOG:BUART:sRX:MODULE_5:g2:a0:datab_4\[359] = zero[2]
Removing Lhs of wire \UART_LOG:BUART:sRX:MODULE_5:g2:a0:datab_3\[360] = zero[2]
Removing Lhs of wire \UART_LOG:BUART:sRX:MODULE_5:g2:a0:datab_2\[361] = tmpOE__EB_4_net_0[1]
Removing Lhs of wire \UART_LOG:BUART:sRX:MODULE_5:g2:a0:datab_1\[362] = tmpOE__EB_4_net_0[1]
Removing Lhs of wire \UART_LOG:BUART:sRX:MODULE_5:g2:a0:datab_0\[363] = zero[2]
Removing Lhs of wire \UART_LOG:BUART:sRX:MODULE_6:g1:a0:newa_0\[378] = \UART_LOG:BUART:rx_postpoll\[214]
Removing Lhs of wire \UART_LOG:BUART:sRX:MODULE_6:g1:a0:newb_0\[379] = \UART_LOG:BUART:rx_parity_bit\[330]
Removing Lhs of wire \UART_LOG:BUART:sRX:MODULE_6:g1:a0:dataa_0\[380] = \UART_LOG:BUART:rx_postpoll\[214]
Removing Lhs of wire \UART_LOG:BUART:sRX:MODULE_6:g1:a0:datab_0\[381] = \UART_LOG:BUART:rx_parity_bit\[330]
Removing Lhs of wire \UART_LOG:BUART:sRX:MODULE_6:g1:a0:gx:u0:a_0\[382] = \UART_LOG:BUART:rx_postpoll\[214]
Removing Lhs of wire \UART_LOG:BUART:sRX:MODULE_6:g1:a0:gx:u0:b_0\[383] = \UART_LOG:BUART:rx_parity_bit\[330]
Removing Lhs of wire \UART_LOG:BUART:sRX:MODULE_6:g1:a0:gx:u0:aeqb_0\[385] = tmpOE__EB_4_net_0[1]
Removing Lhs of wire \UART_LOG:BUART:sRX:MODULE_6:g1:a0:gx:u0:eq_0\[386] = \UART_LOG:BUART:sRX:MODULE_6:g1:a0:gx:u0:xnor_array_0\[384]
Removing Lhs of wire \UART_LOG:BUART:sRX:MODULE_6:g1:a0:gx:u0:eqi_0\[387] = \UART_LOG:BUART:sRX:MODULE_6:g1:a0:gx:u0:xnor_array_0\[384]
Removing Lhs of wire tmpOE__PSOC_RX_net_0[409] = tmpOE__EB_4_net_0[1]
Removing Lhs of wire \UART_PSOC:Net_61\[416] = \UART_PSOC:Net_9\[415]
Removing Lhs of wire \UART_PSOC:BUART:tx_hd_send_break\[420] = zero[2]
Removing Lhs of wire \UART_PSOC:BUART:HalfDuplexSend\[421] = zero[2]
Removing Lhs of wire \UART_PSOC:BUART:FinalParityType_1\[422] = zero[2]
Removing Lhs of wire \UART_PSOC:BUART:FinalParityType_0\[423] = zero[2]
Removing Lhs of wire \UART_PSOC:BUART:FinalAddrMode_2\[424] = zero[2]
Removing Lhs of wire \UART_PSOC:BUART:FinalAddrMode_1\[425] = zero[2]
Removing Lhs of wire \UART_PSOC:BUART:FinalAddrMode_0\[426] = zero[2]
Removing Lhs of wire \UART_PSOC:BUART:tx_ctrl_mark\[427] = zero[2]
Removing Rhs of wire \UART_PSOC:BUART:tx_bitclk_enable_pre\[439] = \UART_PSOC:BUART:tx_bitclk_dp\[475]
Removing Lhs of wire \UART_PSOC:BUART:tx_counter_tc\[485] = \UART_PSOC:BUART:tx_counter_dp\[476]
Removing Lhs of wire \UART_PSOC:BUART:tx_status_6\[486] = zero[2]
Removing Lhs of wire \UART_PSOC:BUART:tx_status_5\[487] = zero[2]
Removing Lhs of wire \UART_PSOC:BUART:tx_status_4\[488] = zero[2]
Removing Lhs of wire \UART_PSOC:BUART:tx_status_1\[490] = \UART_PSOC:BUART:tx_fifo_empty\[453]
Removing Lhs of wire \UART_PSOC:BUART:tx_status_3\[492] = \UART_PSOC:BUART:tx_fifo_notfull\[452]
Removing Lhs of wire \UART_PSOC:BUART:rx_count7_bit8_wire\[552] = zero[2]
Removing Lhs of wire \UART_PSOC:BUART:sRX:s23Poll:add_vv_vv_MODGEN_7_1\[559] = \UART_PSOC:BUART:sRX:s23Poll:MODULE_7:g2:a0:s_1\[570]
Removing Lhs of wire \UART_PSOC:BUART:sRX:s23Poll:add_vv_vv_MODGEN_7_0\[561] = \UART_PSOC:BUART:sRX:s23Poll:MODULE_7:g2:a0:s_0\[571]
Removing Lhs of wire \UART_PSOC:BUART:sRX:s23Poll:cmp_vv_vv_MODGEN_8\[562] = \UART_PSOC:BUART:sRX:s23Poll:MODULE_8:g2:a0:lta_0\[587]
Removing Lhs of wire \UART_PSOC:BUART:sRX:s23Poll:cmp_vv_vv_MODGEN_9\[563] = \UART_PSOC:BUART:sRX:s23Poll:MODULE_9:g2:a0:lta_0\[601]
Removing Lhs of wire \UART_PSOC:BUART:sRX:s23Poll:MODULE_7:g2:a0:a_1\[564] = \UART_PSOC:BUART:sRX:s23Poll:MODIN7_1\[565]
Removing Lhs of wire \UART_PSOC:BUART:sRX:s23Poll:MODIN7_1\[565] = \UART_PSOC:BUART:pollcount_1\[558]
Removing Lhs of wire \UART_PSOC:BUART:sRX:s23Poll:MODULE_7:g2:a0:a_0\[566] = \UART_PSOC:BUART:sRX:s23Poll:MODIN7_0\[567]
Removing Lhs of wire \UART_PSOC:BUART:sRX:s23Poll:MODIN7_0\[567] = \UART_PSOC:BUART:pollcount_0\[560]
Removing Lhs of wire \UART_PSOC:BUART:sRX:s23Poll:MODULE_7:g2:a0:g1:z1:s0:g1:u0:c_0\[573] = tmpOE__EB_4_net_0[1]
Removing Lhs of wire \UART_PSOC:BUART:sRX:s23Poll:MODULE_7:g2:a0:g1:z1:s0:g1:u0:b_0\[574] = tmpOE__EB_4_net_0[1]
Removing Lhs of wire \UART_PSOC:BUART:sRX:s23Poll:MODULE_8:g2:a0:newa_1\[575] = \UART_PSOC:BUART:pollcount_1\[558]
Removing Lhs of wire \UART_PSOC:BUART:sRX:s23Poll:MODIN8_1\[576] = \UART_PSOC:BUART:pollcount_1\[558]
Removing Lhs of wire \UART_PSOC:BUART:sRX:s23Poll:MODULE_8:g2:a0:newa_0\[577] = \UART_PSOC:BUART:pollcount_0\[560]
Removing Lhs of wire \UART_PSOC:BUART:sRX:s23Poll:MODIN8_0\[578] = \UART_PSOC:BUART:pollcount_0\[560]
Removing Lhs of wire \UART_PSOC:BUART:sRX:s23Poll:MODULE_8:g2:a0:newb_1\[579] = zero[2]
Removing Lhs of wire \UART_PSOC:BUART:sRX:s23Poll:MODULE_8:g2:a0:newb_0\[580] = tmpOE__EB_4_net_0[1]
Removing Lhs of wire \UART_PSOC:BUART:sRX:s23Poll:MODULE_8:g2:a0:dataa_1\[581] = \UART_PSOC:BUART:pollcount_1\[558]
Removing Lhs of wire \UART_PSOC:BUART:sRX:s23Poll:MODULE_8:g2:a0:dataa_0\[582] = \UART_PSOC:BUART:pollcount_0\[560]
Removing Lhs of wire \UART_PSOC:BUART:sRX:s23Poll:MODULE_8:g2:a0:datab_1\[583] = zero[2]
Removing Lhs of wire \UART_PSOC:BUART:sRX:s23Poll:MODULE_8:g2:a0:datab_0\[584] = tmpOE__EB_4_net_0[1]
Removing Lhs of wire \UART_PSOC:BUART:sRX:s23Poll:MODULE_9:g2:a0:newa_1\[589] = \UART_PSOC:BUART:pollcount_1\[558]
Removing Lhs of wire \UART_PSOC:BUART:sRX:s23Poll:MODIN9_1\[590] = \UART_PSOC:BUART:pollcount_1\[558]
Removing Lhs of wire \UART_PSOC:BUART:sRX:s23Poll:MODULE_9:g2:a0:newa_0\[591] = \UART_PSOC:BUART:pollcount_0\[560]
Removing Lhs of wire \UART_PSOC:BUART:sRX:s23Poll:MODIN9_0\[592] = \UART_PSOC:BUART:pollcount_0\[560]
Removing Lhs of wire \UART_PSOC:BUART:sRX:s23Poll:MODULE_9:g2:a0:newb_1\[593] = tmpOE__EB_4_net_0[1]
Removing Lhs of wire \UART_PSOC:BUART:sRX:s23Poll:MODULE_9:g2:a0:newb_0\[594] = zero[2]
Removing Lhs of wire \UART_PSOC:BUART:sRX:s23Poll:MODULE_9:g2:a0:dataa_1\[595] = \UART_PSOC:BUART:pollcount_1\[558]
Removing Lhs of wire \UART_PSOC:BUART:sRX:s23Poll:MODULE_9:g2:a0:dataa_0\[596] = \UART_PSOC:BUART:pollcount_0\[560]
Removing Lhs of wire \UART_PSOC:BUART:sRX:s23Poll:MODULE_9:g2:a0:datab_1\[597] = tmpOE__EB_4_net_0[1]
Removing Lhs of wire \UART_PSOC:BUART:sRX:s23Poll:MODULE_9:g2:a0:datab_0\[598] = zero[2]
Removing Lhs of wire \UART_PSOC:BUART:rx_status_1\[605] = zero[2]
Removing Rhs of wire \UART_PSOC:BUART:rx_status_2\[606] = \UART_PSOC:BUART:rx_parity_error_status\[607]
Removing Rhs of wire \UART_PSOC:BUART:rx_status_3\[608] = \UART_PSOC:BUART:rx_stop_bit_error\[609]
Removing Lhs of wire \UART_PSOC:BUART:sRX:cmp_vv_vv_MODGEN_10\[619] = \UART_PSOC:BUART:sRX:MODULE_10:g2:a0:lta_0\[668]
Removing Lhs of wire \UART_PSOC:BUART:sRX:cmp_vv_vv_MODGEN_11\[623] = \UART_PSOC:BUART:sRX:MODULE_11:g1:a0:xneq\[690]
Removing Lhs of wire \UART_PSOC:BUART:sRX:MODULE_10:g2:a0:newa_6\[624] = zero[2]
Removing Lhs of wire \UART_PSOC:BUART:sRX:MODULE_10:g2:a0:newa_5\[625] = zero[2]
Removing Lhs of wire \UART_PSOC:BUART:sRX:MODULE_10:g2:a0:newa_4\[626] = zero[2]
Removing Lhs of wire \UART_PSOC:BUART:sRX:MODULE_10:g2:a0:newa_3\[627] = \UART_PSOC:BUART:sRX:MODIN10_6\[628]
Removing Lhs of wire \UART_PSOC:BUART:sRX:MODIN10_6\[628] = \UART_PSOC:BUART:rx_count_6\[547]
Removing Lhs of wire \UART_PSOC:BUART:sRX:MODULE_10:g2:a0:newa_2\[629] = \UART_PSOC:BUART:sRX:MODIN10_5\[630]
Removing Lhs of wire \UART_PSOC:BUART:sRX:MODIN10_5\[630] = \UART_PSOC:BUART:rx_count_5\[548]
Removing Lhs of wire \UART_PSOC:BUART:sRX:MODULE_10:g2:a0:newa_1\[631] = \UART_PSOC:BUART:sRX:MODIN10_4\[632]
Removing Lhs of wire \UART_PSOC:BUART:sRX:MODIN10_4\[632] = \UART_PSOC:BUART:rx_count_4\[549]
Removing Lhs of wire \UART_PSOC:BUART:sRX:MODULE_10:g2:a0:newa_0\[633] = \UART_PSOC:BUART:sRX:MODIN10_3\[634]
Removing Lhs of wire \UART_PSOC:BUART:sRX:MODIN10_3\[634] = \UART_PSOC:BUART:rx_count_3\[550]
Removing Lhs of wire \UART_PSOC:BUART:sRX:MODULE_10:g2:a0:newb_6\[635] = zero[2]
Removing Lhs of wire \UART_PSOC:BUART:sRX:MODULE_10:g2:a0:newb_5\[636] = zero[2]
Removing Lhs of wire \UART_PSOC:BUART:sRX:MODULE_10:g2:a0:newb_4\[637] = zero[2]
Removing Lhs of wire \UART_PSOC:BUART:sRX:MODULE_10:g2:a0:newb_3\[638] = zero[2]
Removing Lhs of wire \UART_PSOC:BUART:sRX:MODULE_10:g2:a0:newb_2\[639] = tmpOE__EB_4_net_0[1]
Removing Lhs of wire \UART_PSOC:BUART:sRX:MODULE_10:g2:a0:newb_1\[640] = tmpOE__EB_4_net_0[1]
Removing Lhs of wire \UART_PSOC:BUART:sRX:MODULE_10:g2:a0:newb_0\[641] = zero[2]
Removing Lhs of wire \UART_PSOC:BUART:sRX:MODULE_10:g2:a0:dataa_6\[642] = zero[2]
Removing Lhs of wire \UART_PSOC:BUART:sRX:MODULE_10:g2:a0:dataa_5\[643] = zero[2]
Removing Lhs of wire \UART_PSOC:BUART:sRX:MODULE_10:g2:a0:dataa_4\[644] = zero[2]
Removing Lhs of wire \UART_PSOC:BUART:sRX:MODULE_10:g2:a0:dataa_3\[645] = \UART_PSOC:BUART:rx_count_6\[547]
Removing Lhs of wire \UART_PSOC:BUART:sRX:MODULE_10:g2:a0:dataa_2\[646] = \UART_PSOC:BUART:rx_count_5\[548]
Removing Lhs of wire \UART_PSOC:BUART:sRX:MODULE_10:g2:a0:dataa_1\[647] = \UART_PSOC:BUART:rx_count_4\[549]
Removing Lhs of wire \UART_PSOC:BUART:sRX:MODULE_10:g2:a0:dataa_0\[648] = \UART_PSOC:BUART:rx_count_3\[550]
Removing Lhs of wire \UART_PSOC:BUART:sRX:MODULE_10:g2:a0:datab_6\[649] = zero[2]
Removing Lhs of wire \UART_PSOC:BUART:sRX:MODULE_10:g2:a0:datab_5\[650] = zero[2]
Removing Lhs of wire \UART_PSOC:BUART:sRX:MODULE_10:g2:a0:datab_4\[651] = zero[2]
Removing Lhs of wire \UART_PSOC:BUART:sRX:MODULE_10:g2:a0:datab_3\[652] = zero[2]
Removing Lhs of wire \UART_PSOC:BUART:sRX:MODULE_10:g2:a0:datab_2\[653] = tmpOE__EB_4_net_0[1]
Removing Lhs of wire \UART_PSOC:BUART:sRX:MODULE_10:g2:a0:datab_1\[654] = tmpOE__EB_4_net_0[1]
Removing Lhs of wire \UART_PSOC:BUART:sRX:MODULE_10:g2:a0:datab_0\[655] = zero[2]
Removing Lhs of wire \UART_PSOC:BUART:sRX:MODULE_11:g1:a0:newa_0\[670] = \UART_PSOC:BUART:rx_postpoll\[506]
Removing Lhs of wire \UART_PSOC:BUART:sRX:MODULE_11:g1:a0:newb_0\[671] = \UART_PSOC:BUART:rx_parity_bit\[622]
Removing Lhs of wire \UART_PSOC:BUART:sRX:MODULE_11:g1:a0:dataa_0\[672] = \UART_PSOC:BUART:rx_postpoll\[506]
Removing Lhs of wire \UART_PSOC:BUART:sRX:MODULE_11:g1:a0:datab_0\[673] = \UART_PSOC:BUART:rx_parity_bit\[622]
Removing Lhs of wire \UART_PSOC:BUART:sRX:MODULE_11:g1:a0:gx:u0:a_0\[674] = \UART_PSOC:BUART:rx_postpoll\[506]
Removing Lhs of wire \UART_PSOC:BUART:sRX:MODULE_11:g1:a0:gx:u0:b_0\[675] = \UART_PSOC:BUART:rx_parity_bit\[622]
Removing Lhs of wire \UART_PSOC:BUART:sRX:MODULE_11:g1:a0:gx:u0:aeqb_0\[677] = tmpOE__EB_4_net_0[1]
Removing Lhs of wire \UART_PSOC:BUART:sRX:MODULE_11:g1:a0:gx:u0:eq_0\[678] = \UART_PSOC:BUART:sRX:MODULE_11:g1:a0:gx:u0:xnor_array_0\[676]
Removing Lhs of wire \UART_PSOC:BUART:sRX:MODULE_11:g1:a0:gx:u0:eqi_0\[679] = \UART_PSOC:BUART:sRX:MODULE_11:g1:a0:gx:u0:xnor_array_0\[676]
Removing Lhs of wire tmpOE__Pin_Engine_Mode_2_net_0[701] = tmpOE__EB_4_net_0[1]
Removing Rhs of wire Net_4287[702] = \ENGINE_Direction:control_out_1\[717]
Removing Rhs of wire Net_4287[702] = \ENGINE_Direction:control_1\[737]
Removing Lhs of wire tmpOE__Pin_Engine_Mode_1_net_0[708] = tmpOE__EB_4_net_0[1]
Removing Rhs of wire Net_4290[709] = \ENGINE_Direction:control_out_0\[716]
Removing Rhs of wire Net_4290[709] = \ENGINE_Direction:control_0\[738]
Removing Lhs of wire \ENGINE_Direction:clk\[714] = zero[2]
Removing Lhs of wire \ENGINE_Direction:rst\[715] = zero[2]
Removing Lhs of wire \EB_Status_Reg_2:status_0\[739] = Net_4124[740]
Removing Lhs of wire \EB_Status_Reg_2:status_1\[741] = Net_4076[22]
Removing Lhs of wire \EB_Status_Reg_2:status_2\[742] = Net_4077[28]
Removing Lhs of wire \EB_Status_Reg_2:status_3\[743] = Net_4078[34]
Removing Lhs of wire \EB_Status_Reg_2:status_4\[744] = Net_4079[40]
Removing Lhs of wire \EB_Status_Reg_2:status_5\[745] = zero[2]
Removing Lhs of wire \EB_Status_Reg_2:status_6\[746] = zero[2]
Removing Lhs of wire \EB_Status_Reg_2:status_7\[747] = zero[2]
Removing Lhs of wire tmpOE__EB_6_net_0[751] = tmpOE__EB_4_net_0[1]
Removing Lhs of wire \USBUART:tmpOE__Dm_net_0\[758] = tmpOE__EB_4_net_0[1]
Removing Lhs of wire \USBUART:tmpOE__Dp_net_0\[765] = tmpOE__EB_4_net_0[1]
Removing Lhs of wire \EB_Status_Reg_1:status_0\[817] = Net_4080[52]
Removing Lhs of wire \EB_Status_Reg_1:status_1\[818] = Net_4075[16]
Removing Lhs of wire \EB_Status_Reg_1:status_2\[819] = Net_4074[10]
Removing Lhs of wire \EB_Status_Reg_1:status_3\[820] = Net_4073[3]
Removing Lhs of wire \EB_Status_Reg_1:status_4\[821] = Net_4081[58]
Removing Lhs of wire \EB_Status_Reg_1:status_5\[822] = zero[2]
Removing Lhs of wire \EB_Status_Reg_1:status_6\[823] = zero[2]
Removing Lhs of wire \EB_Status_Reg_1:status_7\[824] = zero[2]
Removing Lhs of wire tmpOE__AnalogIN_1_net_0[827] = tmpOE__EB_4_net_0[1]
Removing Lhs of wire tmpOE__AnalogIN_3_net_0[834] = tmpOE__EB_4_net_0[1]
Removing Lhs of wire \ADC_SAR_Seq:AMuxHw_2_Decoder_enable\[840] = tmpOE__EB_4_net_0[1]
Removing Lhs of wire \ADC_SAR_Seq:cmp_vv_vv_MODGEN_1\[842] = \ADC_SAR_Seq:MODULE_1:g1:a0:xeq\[1175]
Removing Rhs of wire \ADC_SAR_Seq:clock\[843] = \ADC_SAR_Seq:Net_3874\[1075]
Removing Rhs of wire \ADC_SAR_Seq:ch_addr_5\[845] = \ADC_SAR_Seq:bSAR_SEQ:count_5\[1042]
Removing Rhs of wire \ADC_SAR_Seq:ch_addr_4\[847] = \ADC_SAR_Seq:bSAR_SEQ:count_4\[1043]
Removing Rhs of wire \ADC_SAR_Seq:ch_addr_3\[849] = \ADC_SAR_Seq:bSAR_SEQ:count_3\[1044]
Removing Rhs of wire \ADC_SAR_Seq:ch_addr_2\[851] = \ADC_SAR_Seq:bSAR_SEQ:count_2\[1045]
Removing Rhs of wire \ADC_SAR_Seq:ch_addr_1\[853] = \ADC_SAR_Seq:bSAR_SEQ:count_1\[1046]
Removing Rhs of wire \ADC_SAR_Seq:ch_addr_0\[855] = \ADC_SAR_Seq:bSAR_SEQ:count_0\[1047]
Removing Lhs of wire \ADC_SAR_Seq:SAR:vp_ctl_0\[987] = zero[2]
Removing Lhs of wire \ADC_SAR_Seq:SAR:vp_ctl_2\[988] = zero[2]
Removing Lhs of wire \ADC_SAR_Seq:SAR:vn_ctl_1\[989] = zero[2]
Removing Lhs of wire \ADC_SAR_Seq:SAR:vn_ctl_3\[990] = zero[2]
Removing Lhs of wire \ADC_SAR_Seq:SAR:vp_ctl_1\[991] = zero[2]
Removing Lhs of wire \ADC_SAR_Seq:SAR:vp_ctl_3\[992] = zero[2]
Removing Lhs of wire \ADC_SAR_Seq:SAR:vn_ctl_0\[993] = zero[2]
Removing Lhs of wire \ADC_SAR_Seq:SAR:vn_ctl_2\[994] = zero[2]
Removing Lhs of wire \ADC_SAR_Seq:SAR:Net_188\[995] = \ADC_SAR_Seq:clock\[843]
Removing Lhs of wire \ADC_SAR_Seq:SAR:soc\[1001] = zero[2]
Removing Rhs of wire \ADC_SAR_Seq:bSAR_SEQ:enable\[1032] = \ADC_SAR_Seq:bSAR_SEQ:control_0\[1033]
Removing Rhs of wire \ADC_SAR_Seq:bSAR_SEQ:load_period\[1034] = \ADC_SAR_Seq:bSAR_SEQ:control_1\[1035]
Removing Lhs of wire \ADC_SAR_Seq:bSAR_SEQ:status_7\[1048] = zero[2]
Removing Lhs of wire \ADC_SAR_Seq:bSAR_SEQ:status_6\[1049] = zero[2]
Removing Lhs of wire \ADC_SAR_Seq:bSAR_SEQ:status_5\[1050] = zero[2]
Removing Lhs of wire \ADC_SAR_Seq:bSAR_SEQ:status_4\[1051] = zero[2]
Removing Lhs of wire \ADC_SAR_Seq:bSAR_SEQ:status_3\[1052] = zero[2]
Removing Lhs of wire \ADC_SAR_Seq:bSAR_SEQ:status_2\[1053] = zero[2]
Removing Lhs of wire \ADC_SAR_Seq:bSAR_SEQ:status_1\[1054] = zero[2]
Removing Rhs of wire \ADC_SAR_Seq:bSAR_SEQ:status_0\[1055] = \ADC_SAR_Seq:bSAR_SEQ:nrq_edge_detect_reg\[1056]
Removing Rhs of wire Net_4143[1063] = \ADC_SAR_Seq:bSAR_SEQ:status_0\[1055]
Removing Lhs of wire \ADC_SAR_Seq:MODULE_1:g1:a0:newa_5\[1086] = \ADC_SAR_Seq:MODIN1_5\[1087]
Removing Lhs of wire \ADC_SAR_Seq:MODIN1_5\[1087] = \ADC_SAR_Seq:ch_addr_5\[845]
Removing Lhs of wire \ADC_SAR_Seq:MODULE_1:g1:a0:newa_4\[1088] = \ADC_SAR_Seq:MODIN1_4\[1089]
Removing Lhs of wire \ADC_SAR_Seq:MODIN1_4\[1089] = \ADC_SAR_Seq:ch_addr_4\[847]
Removing Lhs of wire \ADC_SAR_Seq:MODULE_1:g1:a0:newa_3\[1090] = \ADC_SAR_Seq:MODIN1_3\[1091]
Removing Lhs of wire \ADC_SAR_Seq:MODIN1_3\[1091] = \ADC_SAR_Seq:ch_addr_3\[849]
Removing Lhs of wire \ADC_SAR_Seq:MODULE_1:g1:a0:newa_2\[1092] = \ADC_SAR_Seq:MODIN1_2\[1093]
Removing Lhs of wire \ADC_SAR_Seq:MODIN1_2\[1093] = \ADC_SAR_Seq:ch_addr_2\[851]
Removing Lhs of wire \ADC_SAR_Seq:MODULE_1:g1:a0:newa_1\[1094] = \ADC_SAR_Seq:MODIN1_1\[1095]
Removing Lhs of wire \ADC_SAR_Seq:MODIN1_1\[1095] = \ADC_SAR_Seq:ch_addr_1\[853]
Removing Lhs of wire \ADC_SAR_Seq:MODULE_1:g1:a0:newa_0\[1096] = \ADC_SAR_Seq:MODIN1_0\[1097]
Removing Lhs of wire \ADC_SAR_Seq:MODIN1_0\[1097] = \ADC_SAR_Seq:ch_addr_0\[855]
Removing Lhs of wire \ADC_SAR_Seq:MODULE_1:g1:a0:newb_5\[1098] = \ADC_SAR_Seq:MODIN2_5\[1099]
Removing Lhs of wire \ADC_SAR_Seq:MODIN2_5\[1099] = \ADC_SAR_Seq:AMuxHw_2_Decoder_old_id_5\[844]
Removing Lhs of wire \ADC_SAR_Seq:MODULE_1:g1:a0:newb_4\[1100] = \ADC_SAR_Seq:MODIN2_4\[1101]
Removing Lhs of wire \ADC_SAR_Seq:MODIN2_4\[1101] = \ADC_SAR_Seq:AMuxHw_2_Decoder_old_id_4\[846]
Removing Lhs of wire \ADC_SAR_Seq:MODULE_1:g1:a0:newb_3\[1102] = \ADC_SAR_Seq:MODIN2_3\[1103]
Removing Lhs of wire \ADC_SAR_Seq:MODIN2_3\[1103] = \ADC_SAR_Seq:AMuxHw_2_Decoder_old_id_3\[848]
Removing Lhs of wire \ADC_SAR_Seq:MODULE_1:g1:a0:newb_2\[1104] = \ADC_SAR_Seq:MODIN2_2\[1105]
Removing Lhs of wire \ADC_SAR_Seq:MODIN2_2\[1105] = \ADC_SAR_Seq:AMuxHw_2_Decoder_old_id_2\[850]
Removing Lhs of wire \ADC_SAR_Seq:MODULE_1:g1:a0:newb_1\[1106] = \ADC_SAR_Seq:MODIN2_1\[1107]
Removing Lhs of wire \ADC_SAR_Seq:MODIN2_1\[1107] = \ADC_SAR_Seq:AMuxHw_2_Decoder_old_id_1\[852]
Removing Lhs of wire \ADC_SAR_Seq:MODULE_1:g1:a0:newb_0\[1108] = \ADC_SAR_Seq:MODIN2_0\[1109]
Removing Lhs of wire \ADC_SAR_Seq:MODIN2_0\[1109] = \ADC_SAR_Seq:AMuxHw_2_Decoder_old_id_0\[854]
Removing Lhs of wire \ADC_SAR_Seq:MODULE_1:g1:a0:dataa_5\[1110] = \ADC_SAR_Seq:ch_addr_5\[845]
Removing Lhs of wire \ADC_SAR_Seq:MODULE_1:g1:a0:dataa_4\[1111] = \ADC_SAR_Seq:ch_addr_4\[847]
Removing Lhs of wire \ADC_SAR_Seq:MODULE_1:g1:a0:dataa_3\[1112] = \ADC_SAR_Seq:ch_addr_3\[849]
Removing Lhs of wire \ADC_SAR_Seq:MODULE_1:g1:a0:dataa_2\[1113] = \ADC_SAR_Seq:ch_addr_2\[851]
Removing Lhs of wire \ADC_SAR_Seq:MODULE_1:g1:a0:dataa_1\[1114] = \ADC_SAR_Seq:ch_addr_1\[853]
Removing Lhs of wire \ADC_SAR_Seq:MODULE_1:g1:a0:dataa_0\[1115] = \ADC_SAR_Seq:ch_addr_0\[855]
Removing Lhs of wire \ADC_SAR_Seq:MODULE_1:g1:a0:datab_5\[1116] = \ADC_SAR_Seq:AMuxHw_2_Decoder_old_id_5\[844]
Removing Lhs of wire \ADC_SAR_Seq:MODULE_1:g1:a0:datab_4\[1117] = \ADC_SAR_Seq:AMuxHw_2_Decoder_old_id_4\[846]
Removing Lhs of wire \ADC_SAR_Seq:MODULE_1:g1:a0:datab_3\[1118] = \ADC_SAR_Seq:AMuxHw_2_Decoder_old_id_3\[848]
Removing Lhs of wire \ADC_SAR_Seq:MODULE_1:g1:a0:datab_2\[1119] = \ADC_SAR_Seq:AMuxHw_2_Decoder_old_id_2\[850]
Removing Lhs of wire \ADC_SAR_Seq:MODULE_1:g1:a0:datab_1\[1120] = \ADC_SAR_Seq:AMuxHw_2_Decoder_old_id_1\[852]
Removing Lhs of wire \ADC_SAR_Seq:MODULE_1:g1:a0:datab_0\[1121] = \ADC_SAR_Seq:AMuxHw_2_Decoder_old_id_0\[854]
Removing Lhs of wire \ADC_SAR_Seq:MODULE_1:g1:a0:gx:u0:a_5\[1122] = \ADC_SAR_Seq:ch_addr_5\[845]
Removing Lhs of wire \ADC_SAR_Seq:MODULE_1:g1:a0:gx:u0:a_4\[1123] = \ADC_SAR_Seq:ch_addr_4\[847]
Removing Lhs of wire \ADC_SAR_Seq:MODULE_1:g1:a0:gx:u0:a_3\[1124] = \ADC_SAR_Seq:ch_addr_3\[849]
Removing Lhs of wire \ADC_SAR_Seq:MODULE_1:g1:a0:gx:u0:a_2\[1125] = \ADC_SAR_Seq:ch_addr_2\[851]
Removing Lhs of wire \ADC_SAR_Seq:MODULE_1:g1:a0:gx:u0:a_1\[1126] = \ADC_SAR_Seq:ch_addr_1\[853]
Removing Lhs of wire \ADC_SAR_Seq:MODULE_1:g1:a0:gx:u0:a_0\[1127] = \ADC_SAR_Seq:ch_addr_0\[855]
Removing Lhs of wire \ADC_SAR_Seq:MODULE_1:g1:a0:gx:u0:b_5\[1128] = \ADC_SAR_Seq:AMuxHw_2_Decoder_old_id_5\[844]
Removing Lhs of wire \ADC_SAR_Seq:MODULE_1:g1:a0:gx:u0:b_4\[1129] = \ADC_SAR_Seq:AMuxHw_2_Decoder_old_id_4\[846]
Removing Lhs of wire \ADC_SAR_Seq:MODULE_1:g1:a0:gx:u0:b_3\[1130] = \ADC_SAR_Seq:AMuxHw_2_Decoder_old_id_3\[848]
Removing Lhs of wire \ADC_SAR_Seq:MODULE_1:g1:a0:gx:u0:b_2\[1131] = \ADC_SAR_Seq:AMuxHw_2_Decoder_old_id_2\[850]
Removing Lhs of wire \ADC_SAR_Seq:MODULE_1:g1:a0:gx:u0:b_1\[1132] = \ADC_SAR_Seq:AMuxHw_2_Decoder_old_id_1\[852]
Removing Lhs of wire \ADC_SAR_Seq:MODULE_1:g1:a0:gx:u0:b_0\[1133] = \ADC_SAR_Seq:AMuxHw_2_Decoder_old_id_0\[854]
Removing Lhs of wire \ADC_SAR_Seq:MODULE_1:g1:a0:gx:u0:aeqb_0\[1140] = tmpOE__EB_4_net_0[1]
Removing Lhs of wire \ADC_SAR_Seq:MODULE_1:g1:a0:gx:u0:eq_0\[1141] = \ADC_SAR_Seq:MODULE_1:g1:a0:gx:u0:xnor_array_0\[1139]
Removing Lhs of wire \ADC_SAR_Seq:MODULE_1:g1:a0:gx:u0:eqi_0\[1147] = \ADC_SAR_Seq:MODULE_1:g1:a0:gx:u0:eq_5\[1146]
Removing Rhs of wire \ADC_SAR_Seq:MODULE_1:g1:a0:xeq\[1175] = \ADC_SAR_Seq:MODULE_1:g1:a0:gx:u0:aeqb_1\[1148]
Removing Lhs of wire tmpOE__PSOC_TX_net_0[1187] = tmpOE__EB_4_net_0[1]
Removing Lhs of wire tmpOE__SCL_net_0[1193] = tmpOE__EB_4_net_0[1]
Removing Lhs of wire tmpOE__SDA_net_0[1199] = tmpOE__EB_4_net_0[1]
Removing Rhs of wire \I2C:sda_x_wire\[1204] = \I2C:Net_643_1\[1205]
Removing Rhs of wire \I2C:Net_697\[1207] = \I2C:Net_643_2\[1213]
Removing Rhs of wire \I2C:Net_1109_0\[1210] = \I2C:scl_yfb\[1223]
Removing Rhs of wire \I2C:Net_1109_1\[1211] = \I2C:sda_yfb\[1224]
Removing Lhs of wire \I2C:scl_x_wire\[1214] = \I2C:Net_643_0\[1212]
Removing Lhs of wire \I2C:Net_969\[1215] = tmpOE__EB_4_net_0[1]
Removing Lhs of wire \I2C:Net_968\[1216] = tmpOE__EB_4_net_0[1]
Removing Lhs of wire \I2C:tmpOE__Bufoe_scl_net_0\[1226] = tmpOE__EB_4_net_0[1]
Removing Lhs of wire \I2C:tmpOE__Bufoe_sda_net_0\[1228] = tmpOE__EB_4_net_0[1]
Removing Lhs of wire tmpOE__Pin_Encoder_B_net_0[1235] = tmpOE__EB_4_net_0[1]
Removing Lhs of wire tmpOE__Pin_Encoder_A_net_0[1241] = tmpOE__EB_4_net_0[1]
Removing Rhs of wire \ENGINE_DECODER:Net_1275\[1250] = \ENGINE_DECODER:Cnt16:Net_49\[1251]
Removing Rhs of wire \ENGINE_DECODER:Net_1275\[1250] = \ENGINE_DECODER:Cnt16:CounterUDB:tc_reg_i\[1308]
Removing Lhs of wire \ENGINE_DECODER:Cnt16:Net_89\[1253] = \ENGINE_DECODER:Net_1251\[1254]
Removing Lhs of wire \ENGINE_DECODER:Cnt16:CounterUDB:ctrl_capmode_1\[1264] = zero[2]
Removing Lhs of wire \ENGINE_DECODER:Cnt16:CounterUDB:ctrl_capmode_0\[1265] = zero[2]
Removing Lhs of wire \ENGINE_DECODER:Cnt16:CounterUDB:ctrl_enable\[1277] = \ENGINE_DECODER:Cnt16:CounterUDB:control_7\[1269]
Removing Lhs of wire \ENGINE_DECODER:Cnt16:CounterUDB:capt_rising\[1279] = zero[2]
Removing Lhs of wire \ENGINE_DECODER:Cnt16:CounterUDB:capt_falling\[1280] = \ENGINE_DECODER:Cnt16:CounterUDB:prevCapture\[1278]
Removing Rhs of wire \ENGINE_DECODER:Net_1260\[1284] = \ENGINE_DECODER:bQuadDec:state_2\[1420]
Removing Lhs of wire \ENGINE_DECODER:Cnt16:CounterUDB:final_enable\[1286] = \ENGINE_DECODER:Cnt16:CounterUDB:control_7\[1269]
Removing Lhs of wire \ENGINE_DECODER:Cnt16:CounterUDB:counter_enable\[1287] = \ENGINE_DECODER:Cnt16:CounterUDB:control_7\[1269]
Removing Rhs of wire \ENGINE_DECODER:Cnt16:CounterUDB:status_0\[1288] = \ENGINE_DECODER:Cnt16:CounterUDB:cmp_out_status\[1289]
Removing Rhs of wire \ENGINE_DECODER:Cnt16:CounterUDB:status_1\[1290] = \ENGINE_DECODER:Cnt16:CounterUDB:per_zero\[1291]
Removing Rhs of wire \ENGINE_DECODER:Cnt16:CounterUDB:status_2\[1292] = \ENGINE_DECODER:Cnt16:CounterUDB:overflow_status\[1293]
Removing Rhs of wire \ENGINE_DECODER:Cnt16:CounterUDB:status_3\[1294] = \ENGINE_DECODER:Cnt16:CounterUDB:underflow_status\[1295]
Removing Lhs of wire \ENGINE_DECODER:Cnt16:CounterUDB:status_4\[1296] = \ENGINE_DECODER:Cnt16:CounterUDB:hwCapture\[1282]
Removing Rhs of wire \ENGINE_DECODER:Cnt16:CounterUDB:status_5\[1297] = \ENGINE_DECODER:Cnt16:CounterUDB:fifo_full\[1298]
Removing Rhs of wire \ENGINE_DECODER:Cnt16:CounterUDB:status_6\[1299] = \ENGINE_DECODER:Cnt16:CounterUDB:fifo_nempty\[1300]
Removing Rhs of wire \ENGINE_DECODER:Cnt16:CounterUDB:overflow\[1302] = \ENGINE_DECODER:Cnt16:CounterUDB:per_FF\[1303]
Removing Lhs of wire \ENGINE_DECODER:Cnt16:CounterUDB:underflow\[1304] = \ENGINE_DECODER:Cnt16:CounterUDB:status_1\[1290]
Removing Lhs of wire \ENGINE_DECODER:Cnt16:CounterUDB:tc_i\[1307] = \ENGINE_DECODER:Cnt16:CounterUDB:reload_tc\[1285]
Removing Rhs of wire \ENGINE_DECODER:Cnt16:CounterUDB:cmp_out_i\[1309] = \ENGINE_DECODER:Cnt16:CounterUDB:cmp_equal\[1310]
Removing Rhs of wire \ENGINE_DECODER:Net_1264\[1313] = \ENGINE_DECODER:Cnt16:CounterUDB:cmp_out_reg_i\[1312]
Removing Lhs of wire \ENGINE_DECODER:Cnt16:CounterUDB:dp_dir\[1317] = \ENGINE_DECODER:Net_1251\[1254]
Removing Lhs of wire \ENGINE_DECODER:Cnt16:CounterUDB:cs_addr_2\[1318] = \ENGINE_DECODER:Net_1251\[1254]
Removing Lhs of wire \ENGINE_DECODER:Cnt16:CounterUDB:cs_addr_1\[1319] = \ENGINE_DECODER:Cnt16:CounterUDB:count_enable\[1316]
Removing Lhs of wire \ENGINE_DECODER:Cnt16:CounterUDB:cs_addr_0\[1320] = \ENGINE_DECODER:Cnt16:CounterUDB:reload\[1283]
Removing Lhs of wire \ENGINE_DECODER:Net_1290\[1397] = \ENGINE_DECODER:Net_1275\[1250]
Removing Lhs of wire \ENGINE_DECODER:bQuadDec:index_filt\[1418] = \ENGINE_DECODER:Net_1232\[1419]
Removing Lhs of wire \ENGINE_DECODER:Net_1232\[1419] = tmpOE__EB_4_net_0[1]
Removing Rhs of wire \ENGINE_DECODER:bQuadDec:error\[1421] = \ENGINE_DECODER:bQuadDec:state_3\[1422]
Removing Lhs of wire \ENGINE_DECODER:bQuadDec:status_0\[1425] = \ENGINE_DECODER:Net_530\[1426]
Removing Lhs of wire \ENGINE_DECODER:bQuadDec:status_1\[1427] = \ENGINE_DECODER:Net_611\[1428]
Removing Lhs of wire \ENGINE_DECODER:bQuadDec:status_2\[1429] = \ENGINE_DECODER:Net_1260\[1284]
Removing Lhs of wire \ENGINE_DECODER:bQuadDec:status_3\[1430] = \ENGINE_DECODER:bQuadDec:error\[1421]
Removing Lhs of wire \ENGINE_DECODER:bQuadDec:status_4\[1431] = zero[2]
Removing Lhs of wire \ENGINE_DECODER:bQuadDec:status_5\[1432] = zero[2]
Removing Lhs of wire \ENGINE_DECODER:bQuadDec:status_6\[1433] = zero[2]
Removing Lhs of wire \ENGINE_DECODER:Net_1229\[1437] = tmpOE__EB_4_net_0[1]
Removing Lhs of wire \ENGINE_DECODER:Net_1272\[1438] = \ENGINE_DECODER:Net_1264\[1313]
Removing Lhs of wire tmpOE__Pin_Engine_PWM_net_0[1442] = tmpOE__EB_4_net_0[1]
Removing Rhs of wire Net_4310[1443] = \ENGINE_PWM:Net_96\[1632]
Removing Rhs of wire Net_4310[1443] = \ENGINE_PWM:PWMUDB:pwm_i_reg\[1624]
Removing Lhs of wire tmpOE__Pin_Safe_2_net_0[1449] = tmpOE__EB_4_net_0[1]
Removing Lhs of wire tmpOE__Pin_Safe_1_net_0[1455] = tmpOE__EB_4_net_0[1]
Removing Lhs of wire \ENGINE_PWM:PWMUDB:ctrl_enable\[1473] = \ENGINE_PWM:PWMUDB:control_7\[1465]
Removing Lhs of wire \ENGINE_PWM:PWMUDB:hwCapture\[1483] = zero[2]
Removing Lhs of wire \ENGINE_PWM:PWMUDB:hwEnable\[1484] = \ENGINE_PWM:PWMUDB:control_7\[1465]
Removing Lhs of wire \ENGINE_PWM:PWMUDB:trig_out\[1488] = tmpOE__EB_4_net_0[1]
Removing Lhs of wire \ENGINE_PWM:PWMUDB:runmode_enable\\R\[1490] = zero[2]
Removing Lhs of wire \ENGINE_PWM:PWMUDB:runmode_enable\\S\[1491] = zero[2]
Removing Lhs of wire \ENGINE_PWM:PWMUDB:final_enable\[1492] = \ENGINE_PWM:PWMUDB:runmode_enable\[1489]
Removing Lhs of wire \ENGINE_PWM:PWMUDB:ltch_kill_reg\\R\[1496] = zero[2]
Removing Lhs of wire \ENGINE_PWM:PWMUDB:ltch_kill_reg\\S\[1497] = zero[2]
Removing Lhs of wire \ENGINE_PWM:PWMUDB:min_kill_reg\\R\[1498] = zero[2]
Removing Lhs of wire \ENGINE_PWM:PWMUDB:min_kill_reg\\S\[1499] = zero[2]
Removing Lhs of wire \ENGINE_PWM:PWMUDB:final_kill\[1502] = tmpOE__EB_4_net_0[1]
Removing Lhs of wire \ENGINE_PWM:PWMUDB:add_vi_vv_MODGEN_12_1\[1506] = \ENGINE_PWM:PWMUDB:MODULE_12:g2:a0:s_1\[1794]
Removing Lhs of wire \ENGINE_PWM:PWMUDB:add_vi_vv_MODGEN_12_0\[1508] = \ENGINE_PWM:PWMUDB:MODULE_12:g2:a0:s_0\[1795]
Removing Lhs of wire \ENGINE_PWM:PWMUDB:dith_count_1\\R\[1509] = zero[2]
Removing Lhs of wire \ENGINE_PWM:PWMUDB:dith_count_1\\S\[1510] = zero[2]
Removing Lhs of wire \ENGINE_PWM:PWMUDB:dith_count_0\\R\[1511] = zero[2]
Removing Lhs of wire \ENGINE_PWM:PWMUDB:dith_count_0\\S\[1512] = zero[2]
Removing Lhs of wire \ENGINE_PWM:PWMUDB:reset\[1515] = zero[2]
Removing Lhs of wire \ENGINE_PWM:PWMUDB:status_6\[1516] = zero[2]
Removing Rhs of wire \ENGINE_PWM:PWMUDB:status_5\[1517] = \ENGINE_PWM:PWMUDB:final_kill_reg\[1531]
Removing Lhs of wire \ENGINE_PWM:PWMUDB:status_4\[1518] = zero[2]
Removing Rhs of wire \ENGINE_PWM:PWMUDB:status_3\[1519] = \ENGINE_PWM:PWMUDB:fifo_full\[1538]
Removing Rhs of wire \ENGINE_PWM:PWMUDB:status_1\[1521] = \ENGINE_PWM:PWMUDB:cmp2_status_reg\[1530]
Removing Rhs of wire \ENGINE_PWM:PWMUDB:status_0\[1522] = \ENGINE_PWM:PWMUDB:cmp1_status_reg\[1529]
Removing Lhs of wire \ENGINE_PWM:PWMUDB:cmp2_status\[1527] = zero[2]
Removing Lhs of wire \ENGINE_PWM:PWMUDB:cmp2\[1528] = zero[2]
Removing Lhs of wire \ENGINE_PWM:PWMUDB:cmp1_status_reg\\R\[1532] = zero[2]
Removing Lhs of wire \ENGINE_PWM:PWMUDB:cmp1_status_reg\\S\[1533] = zero[2]
Removing Lhs of wire \ENGINE_PWM:PWMUDB:cmp2_status_reg\\R\[1534] = zero[2]
Removing Lhs of wire \ENGINE_PWM:PWMUDB:cmp2_status_reg\\S\[1535] = zero[2]
Removing Lhs of wire \ENGINE_PWM:PWMUDB:final_kill_reg\\R\[1536] = zero[2]
Removing Lhs of wire \ENGINE_PWM:PWMUDB:final_kill_reg\\S\[1537] = zero[2]
Removing Lhs of wire \ENGINE_PWM:PWMUDB:cs_addr_2\[1539] = \ENGINE_PWM:PWMUDB:tc_i\[1494]
Removing Lhs of wire \ENGINE_PWM:PWMUDB:cs_addr_1\[1540] = \ENGINE_PWM:PWMUDB:runmode_enable\[1489]
Removing Lhs of wire \ENGINE_PWM:PWMUDB:cs_addr_0\[1541] = zero[2]
Removing Lhs of wire \ENGINE_PWM:PWMUDB:compare1\[1622] = \ENGINE_PWM:PWMUDB:cmp1_less\[1593]
Removing Lhs of wire \ENGINE_PWM:PWMUDB:pwm1_i\[1627] = zero[2]
Removing Lhs of wire \ENGINE_PWM:PWMUDB:pwm2_i\[1629] = zero[2]
Removing Lhs of wire \ENGINE_PWM:PWMUDB:pwm_temp\[1635] = \ENGINE_PWM:PWMUDB:cmp1\[1525]
Removing Lhs of wire \ENGINE_PWM:PWMUDB:MODULE_12:g2:a0:a_23\[1676] = zero[2]
Removing Lhs of wire \ENGINE_PWM:PWMUDB:MODULE_12:g2:a0:a_22\[1677] = zero[2]
Removing Lhs of wire \ENGINE_PWM:PWMUDB:MODULE_12:g2:a0:a_21\[1678] = zero[2]
Removing Lhs of wire \ENGINE_PWM:PWMUDB:MODULE_12:g2:a0:a_20\[1679] = zero[2]
Removing Lhs of wire \ENGINE_PWM:PWMUDB:MODULE_12:g2:a0:a_19\[1680] = zero[2]
Removing Lhs of wire \ENGINE_PWM:PWMUDB:MODULE_12:g2:a0:a_18\[1681] = zero[2]
Removing Lhs of wire \ENGINE_PWM:PWMUDB:MODULE_12:g2:a0:a_17\[1682] = zero[2]
Removing Lhs of wire \ENGINE_PWM:PWMUDB:MODULE_12:g2:a0:a_16\[1683] = zero[2]
Removing Lhs of wire \ENGINE_PWM:PWMUDB:MODULE_12:g2:a0:a_15\[1684] = zero[2]
Removing Lhs of wire \ENGINE_PWM:PWMUDB:MODULE_12:g2:a0:a_14\[1685] = zero[2]
Removing Lhs of wire \ENGINE_PWM:PWMUDB:MODULE_12:g2:a0:a_13\[1686] = zero[2]
Removing Lhs of wire \ENGINE_PWM:PWMUDB:MODULE_12:g2:a0:a_12\[1687] = zero[2]
Removing Lhs of wire \ENGINE_PWM:PWMUDB:MODULE_12:g2:a0:a_11\[1688] = zero[2]
Removing Lhs of wire \ENGINE_PWM:PWMUDB:MODULE_12:g2:a0:a_10\[1689] = zero[2]
Removing Lhs of wire \ENGINE_PWM:PWMUDB:MODULE_12:g2:a0:a_9\[1690] = zero[2]
Removing Lhs of wire \ENGINE_PWM:PWMUDB:MODULE_12:g2:a0:a_8\[1691] = zero[2]
Removing Lhs of wire \ENGINE_PWM:PWMUDB:MODULE_12:g2:a0:a_7\[1692] = zero[2]
Removing Lhs of wire \ENGINE_PWM:PWMUDB:MODULE_12:g2:a0:a_6\[1693] = zero[2]
Removing Lhs of wire \ENGINE_PWM:PWMUDB:MODULE_12:g2:a0:a_5\[1694] = zero[2]
Removing Lhs of wire \ENGINE_PWM:PWMUDB:MODULE_12:g2:a0:a_4\[1695] = zero[2]
Removing Lhs of wire \ENGINE_PWM:PWMUDB:MODULE_12:g2:a0:a_3\[1696] = zero[2]
Removing Lhs of wire \ENGINE_PWM:PWMUDB:MODULE_12:g2:a0:a_2\[1697] = zero[2]
Removing Lhs of wire \ENGINE_PWM:PWMUDB:MODULE_12:g2:a0:a_1\[1698] = \ENGINE_PWM:PWMUDB:MODIN11_1\[1699]
Removing Lhs of wire \ENGINE_PWM:PWMUDB:MODIN11_1\[1699] = \ENGINE_PWM:PWMUDB:dith_count_1\[1505]
Removing Lhs of wire \ENGINE_PWM:PWMUDB:MODULE_12:g2:a0:a_0\[1700] = \ENGINE_PWM:PWMUDB:MODIN11_0\[1701]
Removing Lhs of wire \ENGINE_PWM:PWMUDB:MODIN11_0\[1701] = \ENGINE_PWM:PWMUDB:dith_count_0\[1507]
Removing Lhs of wire \ENGINE_PWM:PWMUDB:MODULE_12:g2:a0:g1:z1:s0:g1:u0:c_0\[1833] = tmpOE__EB_4_net_0[1]
Removing Lhs of wire \ENGINE_PWM:PWMUDB:MODULE_12:g2:a0:g1:z1:s0:g1:u0:b_0\[1834] = tmpOE__EB_4_net_0[1]
Removing Lhs of wire tmpOE__AnalogIN_2_net_0[1841] = tmpOE__EB_4_net_0[1]
Removing Lhs of wire \UART_LOG:BUART:reset_reg\\D\[1846] = zero[2]
Removing Lhs of wire \UART_LOG:BUART:rx_bitclk\\D\[1861] = \UART_LOG:BUART:rx_bitclk_pre\[249]
Removing Lhs of wire \UART_LOG:BUART:rx_parity_error_pre\\D\[1870] = \UART_LOG:BUART:rx_parity_error_pre\[325]
Removing Lhs of wire \UART_LOG:BUART:rx_break_status\\D\[1871] = zero[2]
Removing Lhs of wire \UART_PSOC:BUART:reset_reg\\D\[1875] = zero[2]
Removing Lhs of wire \UART_PSOC:BUART:rx_bitclk\\D\[1890] = \UART_PSOC:BUART:rx_bitclk_pre\[541]
Removing Lhs of wire \UART_PSOC:BUART:rx_parity_error_pre\\D\[1899] = \UART_PSOC:BUART:rx_parity_error_pre\[617]
Removing Lhs of wire \UART_PSOC:BUART:rx_break_status\\D\[1900] = zero[2]
Removing Lhs of wire \ADC_SAR_Seq:AMuxHw_2_Decoder_old_id_5\\D\[1904] = \ADC_SAR_Seq:ch_addr_5\[845]
Removing Lhs of wire \ADC_SAR_Seq:AMuxHw_2_Decoder_old_id_4\\D\[1905] = \ADC_SAR_Seq:ch_addr_4\[847]
Removing Lhs of wire \ADC_SAR_Seq:AMuxHw_2_Decoder_old_id_3\\D\[1906] = \ADC_SAR_Seq:ch_addr_3\[849]
Removing Lhs of wire \ADC_SAR_Seq:AMuxHw_2_Decoder_old_id_2\\D\[1907] = \ADC_SAR_Seq:ch_addr_2\[851]
Removing Lhs of wire \ADC_SAR_Seq:AMuxHw_2_Decoder_old_id_1\\D\[1908] = \ADC_SAR_Seq:ch_addr_1\[853]
Removing Lhs of wire \ADC_SAR_Seq:AMuxHw_2_Decoder_old_id_0\\D\[1909] = \ADC_SAR_Seq:ch_addr_0\[855]
Removing Lhs of wire \ADC_SAR_Seq:bSAR_SEQ:nrq_edge_detect_reg\\D\[1974] = \ADC_SAR_Seq:bSAR_SEQ:nrq_edge_detect\[1062]
Removing Lhs of wire \ADC_SAR_Seq:bSAR_SEQ:nrq_reg\\D\[1976] = \ADC_SAR_Seq:bSAR_SEQ:bus_clk_nrq_reg\[1059]
Removing Lhs of wire \ENGINE_DECODER:Cnt16:CounterUDB:prevCapture\\D\[1978] = zero[2]
Removing Lhs of wire \ENGINE_DECODER:Cnt16:CounterUDB:overflow_reg_i\\D\[1979] = \ENGINE_DECODER:Cnt16:CounterUDB:overflow\[1302]
Removing Lhs of wire \ENGINE_DECODER:Cnt16:CounterUDB:underflow_reg_i\\D\[1980] = \ENGINE_DECODER:Cnt16:CounterUDB:status_1\[1290]
Removing Lhs of wire \ENGINE_DECODER:Cnt16:CounterUDB:tc_reg_i\\D\[1981] = \ENGINE_DECODER:Cnt16:CounterUDB:reload_tc\[1285]
Removing Lhs of wire \ENGINE_DECODER:Cnt16:CounterUDB:prevCompare\\D\[1982] = \ENGINE_DECODER:Cnt16:CounterUDB:cmp_out_i\[1309]
Removing Lhs of wire \ENGINE_DECODER:Cnt16:CounterUDB:cmp_out_reg_i\\D\[1983] = \ENGINE_DECODER:Cnt16:CounterUDB:cmp_out_i\[1309]
Removing Lhs of wire \ENGINE_DECODER:Cnt16:CounterUDB:count_stored_i\\D\[1984] = \ENGINE_DECODER:Net_1203\[1315]
Removing Lhs of wire \ENGINE_PWM:PWMUDB:min_kill_reg\\D\[1992] = tmpOE__EB_4_net_0[1]
Removing Lhs of wire \ENGINE_PWM:PWMUDB:prevCapture\\D\[1993] = zero[2]
Removing Lhs of wire \ENGINE_PWM:PWMUDB:trig_last\\D\[1994] = zero[2]
Removing Lhs of wire \ENGINE_PWM:PWMUDB:ltch_kill_reg\\D\[1997] = tmpOE__EB_4_net_0[1]
Removing Lhs of wire \ENGINE_PWM:PWMUDB:prevCompare1\\D\[2000] = \ENGINE_PWM:PWMUDB:cmp1\[1525]
Removing Lhs of wire \ENGINE_PWM:PWMUDB:cmp1_status_reg\\D\[2001] = \ENGINE_PWM:PWMUDB:cmp1_status\[1526]
Removing Lhs of wire \ENGINE_PWM:PWMUDB:cmp2_status_reg\\D\[2002] = zero[2]
Removing Lhs of wire \ENGINE_PWM:PWMUDB:pwm_i_reg\\D\[2004] = \ENGINE_PWM:PWMUDB:pwm_i\[1625]
Removing Lhs of wire \ENGINE_PWM:PWMUDB:pwm1_i_reg\\D\[2005] = zero[2]
Removing Lhs of wire \ENGINE_PWM:PWMUDB:pwm2_i_reg\\D\[2006] = zero[2]
Removing Lhs of wire \ENGINE_PWM:PWMUDB:tc_i_reg\\D\[2007] = \ENGINE_PWM:PWMUDB:status_2\[1520]

------------------------------------------------------
Aliased 0 equations, 479 wires.
------------------------------------------------------

----------------------------------------------------------
Circuit simplification
----------------------------------------------------------

Substituting virtuals - pass 1:

Note:  Expanding virtual equation for 'tmpOE__EB_4_net_0' (cost = 0):
tmpOE__EB_4_net_0 <=  ('1') ;

Note:  Expanding virtual equation for 'zero' (cost = 0):
zero <=  ('0') ;

Note:  Expanding virtual equation for '\UART_LOG:BUART:rx_addressmatch\' (cost = 0):
\UART_LOG:BUART:rx_addressmatch\ <= (\UART_LOG:BUART:rx_addressmatch2\
	OR \UART_LOG:BUART:rx_addressmatch1\);

Note:  Expanding virtual equation for '\UART_LOG:BUART:rx_bitclk_pre\' (cost = 1):
\UART_LOG:BUART:rx_bitclk_pre\ <= ((not \UART_LOG:BUART:rx_count_2\ and not \UART_LOG:BUART:rx_count_1\ and not \UART_LOG:BUART:rx_count_0\));

Note:  Expanding virtual equation for '\UART_LOG:BUART:rx_bitclk_pre16x\' (cost = 0):
\UART_LOG:BUART:rx_bitclk_pre16x\ <= ((not \UART_LOG:BUART:rx_count_2\ and \UART_LOG:BUART:rx_count_1\ and \UART_LOG:BUART:rx_count_0\));

Note:  Expanding virtual equation for '\UART_LOG:BUART:rx_poll_bit1\' (cost = 1):
\UART_LOG:BUART:rx_poll_bit1\ <= ((not \UART_LOG:BUART:rx_count_2\ and not \UART_LOG:BUART:rx_count_1\ and \UART_LOG:BUART:rx_count_0\));

Note:  Expanding virtual equation for '\UART_LOG:BUART:rx_poll_bit2\' (cost = 1):
\UART_LOG:BUART:rx_poll_bit2\ <= ((not \UART_LOG:BUART:rx_count_2\ and not \UART_LOG:BUART:rx_count_1\ and not \UART_LOG:BUART:rx_count_0\));

Note:  Expanding virtual equation for '\UART_LOG:BUART:pollingrange\' (cost = 4):
\UART_LOG:BUART:pollingrange\ <= ((not \UART_LOG:BUART:rx_count_2\ and not \UART_LOG:BUART:rx_count_1\));

Note:  Expanding virtual equation for '\UART_LOG:BUART:sRX:s23Poll:MODULE_2:g2:a0:g1:z1:s0:g1:u0:c_1\' (cost = 0):
\UART_LOG:BUART:sRX:s23Poll:MODULE_2:g2:a0:g1:z1:s0:g1:u0:c_1\ <= (MODIN3_0);

Note:  Expanding virtual equation for 'add_vv_vv_MODGEN_2_0' (cost = 0):
add_vv_vv_MODGEN_2_0 <= (not MODIN3_0);

Note:  Expanding virtual equation for '\UART_LOG:BUART:sRX:s23Poll:MODULE_3:g2:a0:lta_1\' (cost = 0):
\UART_LOG:BUART:sRX:s23Poll:MODULE_3:g2:a0:lta_1\ <=  ('0') ;

Note:  Expanding virtual equation for '\UART_LOG:BUART:sRX:s23Poll:MODULE_3:g2:a0:gta_1\' (cost = 0):
\UART_LOG:BUART:sRX:s23Poll:MODULE_3:g2:a0:gta_1\ <= (MODIN3_1);

Note:  Expanding virtual equation for '\UART_LOG:BUART:sRX:s23Poll:MODULE_4:g2:a0:lta_1\' (cost = 0):
\UART_LOG:BUART:sRX:s23Poll:MODULE_4:g2:a0:lta_1\ <= (not MODIN3_1);

Note:  Expanding virtual equation for '\UART_LOG:BUART:sRX:s23Poll:MODULE_4:g2:a0:gta_1\' (cost = 0):
\UART_LOG:BUART:sRX:s23Poll:MODULE_4:g2:a0:gta_1\ <=  ('0') ;

Note:  Expanding virtual equation for '\UART_LOG:BUART:sRX:MODULE_5:g2:a0:lta_6\' (cost = 0):
\UART_LOG:BUART:sRX:MODULE_5:g2:a0:lta_6\ <=  ('0') ;

Note:  Expanding virtual equation for '\UART_LOG:BUART:sRX:MODULE_5:g2:a0:gta_6\' (cost = 0):
\UART_LOG:BUART:sRX:MODULE_5:g2:a0:gta_6\ <=  ('0') ;

Note:  Expanding virtual equation for '\UART_LOG:BUART:sRX:MODULE_5:g2:a0:lta_5\' (cost = 0):
\UART_LOG:BUART:sRX:MODULE_5:g2:a0:lta_5\ <=  ('0') ;

Note:  Expanding virtual equation for '\UART_LOG:BUART:sRX:MODULE_5:g2:a0:gta_5\' (cost = 0):
\UART_LOG:BUART:sRX:MODULE_5:g2:a0:gta_5\ <=  ('0') ;

Note:  Expanding virtual equation for '\UART_LOG:BUART:sRX:MODULE_5:g2:a0:lta_4\' (cost = 0):
\UART_LOG:BUART:sRX:MODULE_5:g2:a0:lta_4\ <=  ('0') ;

Note:  Expanding virtual equation for '\UART_LOG:BUART:sRX:MODULE_5:g2:a0:gta_4\' (cost = 0):
\UART_LOG:BUART:sRX:MODULE_5:g2:a0:gta_4\ <=  ('0') ;

Note:  Expanding virtual equation for '\UART_LOG:BUART:sRX:MODULE_5:g2:a0:lta_3\' (cost = 0):
\UART_LOG:BUART:sRX:MODULE_5:g2:a0:lta_3\ <=  ('0') ;

Note:  Expanding virtual equation for '\UART_LOG:BUART:sRX:MODULE_5:g2:a0:gta_3\' (cost = 0):
\UART_LOG:BUART:sRX:MODULE_5:g2:a0:gta_3\ <= (MODIN6_6);

Note:  Expanding virtual equation for '\UART_LOG:BUART:sRX:MODULE_5:g2:a0:lta_2\' (cost = 1):
\UART_LOG:BUART:sRX:MODULE_5:g2:a0:lta_2\ <= ((not MODIN6_6 and not MODIN6_5));

Note:  Expanding virtual equation for '\UART_LOG:BUART:sRX:MODULE_5:g2:a0:gta_2\' (cost = 0):
\UART_LOG:BUART:sRX:MODULE_5:g2:a0:gta_2\ <= (MODIN6_6);

Note:  Expanding virtual equation for '\UART_LOG:BUART:sRX:MODULE_5:g2:a0:lta_1\' (cost = 2):
\UART_LOG:BUART:sRX:MODULE_5:g2:a0:lta_1\ <= ((not MODIN6_6 and not MODIN6_4)
	OR (not MODIN6_6 and not MODIN6_5));

Note:  Expanding virtual equation for '\UART_LOG:BUART:sRX:MODULE_5:g2:a0:gta_1\' (cost = 0):
\UART_LOG:BUART:sRX:MODULE_5:g2:a0:gta_1\ <= (MODIN6_6);

Note:  Expanding virtual equation for '\UART_LOG:BUART:sRX:MODULE_5:g2:a0:lta_0\' (cost = 8):
\UART_LOG:BUART:sRX:MODULE_5:g2:a0:lta_0\ <= ((not MODIN6_6 and not MODIN6_4)
	OR (not MODIN6_6 and not MODIN6_5));

Note:  Expanding virtual equation for '\UART_PSOC:BUART:rx_addressmatch\' (cost = 0):
\UART_PSOC:BUART:rx_addressmatch\ <= (\UART_PSOC:BUART:rx_addressmatch2\
	OR \UART_PSOC:BUART:rx_addressmatch1\);

Note:  Expanding virtual equation for '\UART_PSOC:BUART:rx_bitclk_pre\' (cost = 1):
\UART_PSOC:BUART:rx_bitclk_pre\ <= ((not \UART_PSOC:BUART:rx_count_2\ and not \UART_PSOC:BUART:rx_count_1\ and not \UART_PSOC:BUART:rx_count_0\));

Note:  Expanding virtual equation for '\UART_PSOC:BUART:rx_bitclk_pre16x\' (cost = 0):
\UART_PSOC:BUART:rx_bitclk_pre16x\ <= ((not \UART_PSOC:BUART:rx_count_2\ and \UART_PSOC:BUART:rx_count_1\ and \UART_PSOC:BUART:rx_count_0\));

Note:  Expanding virtual equation for '\UART_PSOC:BUART:rx_poll_bit1\' (cost = 1):
\UART_PSOC:BUART:rx_poll_bit1\ <= ((not \UART_PSOC:BUART:rx_count_2\ and not \UART_PSOC:BUART:rx_count_1\ and \UART_PSOC:BUART:rx_count_0\));

Note:  Expanding virtual equation for '\UART_PSOC:BUART:rx_poll_bit2\' (cost = 1):
\UART_PSOC:BUART:rx_poll_bit2\ <= ((not \UART_PSOC:BUART:rx_count_2\ and not \UART_PSOC:BUART:rx_count_1\ and not \UART_PSOC:BUART:rx_count_0\));

Note:  Expanding virtual equation for '\UART_PSOC:BUART:pollingrange\' (cost = 4):
\UART_PSOC:BUART:pollingrange\ <= ((not \UART_PSOC:BUART:rx_count_2\ and not \UART_PSOC:BUART:rx_count_1\));

Note:  Expanding virtual equation for '\UART_PSOC:BUART:sRX:s23Poll:MODULE_7:g2:a0:g1:z1:s0:g1:u0:c_1\' (cost = 0):
\UART_PSOC:BUART:sRX:s23Poll:MODULE_7:g2:a0:g1:z1:s0:g1:u0:c_1\ <= (\UART_PSOC:BUART:pollcount_0\);

Note:  Expanding virtual equation for '\UART_PSOC:BUART:sRX:s23Poll:MODULE_7:g2:a0:s_0\' (cost = 0):
\UART_PSOC:BUART:sRX:s23Poll:MODULE_7:g2:a0:s_0\ <= (not \UART_PSOC:BUART:pollcount_0\);

Note:  Expanding virtual equation for '\UART_PSOC:BUART:sRX:s23Poll:MODULE_8:g2:a0:lta_1\' (cost = 0):
\UART_PSOC:BUART:sRX:s23Poll:MODULE_8:g2:a0:lta_1\ <=  ('0') ;

Note:  Expanding virtual equation for '\UART_PSOC:BUART:sRX:s23Poll:MODULE_8:g2:a0:gta_1\' (cost = 0):
\UART_PSOC:BUART:sRX:s23Poll:MODULE_8:g2:a0:gta_1\ <= (\UART_PSOC:BUART:pollcount_1\);

Note:  Expanding virtual equation for '\UART_PSOC:BUART:sRX:s23Poll:MODULE_9:g2:a0:lta_1\' (cost = 0):
\UART_PSOC:BUART:sRX:s23Poll:MODULE_9:g2:a0:lta_1\ <= (not \UART_PSOC:BUART:pollcount_1\);

Note:  Expanding virtual equation for '\UART_PSOC:BUART:sRX:s23Poll:MODULE_9:g2:a0:gta_1\' (cost = 0):
\UART_PSOC:BUART:sRX:s23Poll:MODULE_9:g2:a0:gta_1\ <=  ('0') ;

Note:  Expanding virtual equation for '\UART_PSOC:BUART:sRX:MODULE_10:g2:a0:lta_6\' (cost = 0):
\UART_PSOC:BUART:sRX:MODULE_10:g2:a0:lta_6\ <=  ('0') ;

Note:  Expanding virtual equation for '\UART_PSOC:BUART:sRX:MODULE_10:g2:a0:gta_6\' (cost = 0):
\UART_PSOC:BUART:sRX:MODULE_10:g2:a0:gta_6\ <=  ('0') ;

Note:  Expanding virtual equation for '\UART_PSOC:BUART:sRX:MODULE_10:g2:a0:lta_5\' (cost = 0):
\UART_PSOC:BUART:sRX:MODULE_10:g2:a0:lta_5\ <=  ('0') ;

Note:  Expanding virtual equation for '\UART_PSOC:BUART:sRX:MODULE_10:g2:a0:gta_5\' (cost = 0):
\UART_PSOC:BUART:sRX:MODULE_10:g2:a0:gta_5\ <=  ('0') ;

Note:  Expanding virtual equation for '\UART_PSOC:BUART:sRX:MODULE_10:g2:a0:lta_4\' (cost = 0):
\UART_PSOC:BUART:sRX:MODULE_10:g2:a0:lta_4\ <=  ('0') ;

Note:  Expanding virtual equation for '\UART_PSOC:BUART:sRX:MODULE_10:g2:a0:gta_4\' (cost = 0):
\UART_PSOC:BUART:sRX:MODULE_10:g2:a0:gta_4\ <=  ('0') ;

Note:  Expanding virtual equation for '\UART_PSOC:BUART:sRX:MODULE_10:g2:a0:lta_3\' (cost = 0):
\UART_PSOC:BUART:sRX:MODULE_10:g2:a0:lta_3\ <=  ('0') ;

Note:  Expanding virtual equation for '\UART_PSOC:BUART:sRX:MODULE_10:g2:a0:gta_3\' (cost = 0):
\UART_PSOC:BUART:sRX:MODULE_10:g2:a0:gta_3\ <= (\UART_PSOC:BUART:rx_count_6\);

Note:  Expanding virtual equation for '\UART_PSOC:BUART:sRX:MODULE_10:g2:a0:lta_2\' (cost = 1):
\UART_PSOC:BUART:sRX:MODULE_10:g2:a0:lta_2\ <= ((not \UART_PSOC:BUART:rx_count_6\ and not \UART_PSOC:BUART:rx_count_5\));

Note:  Expanding virtual equation for '\UART_PSOC:BUART:sRX:MODULE_10:g2:a0:gta_2\' (cost = 0):
\UART_PSOC:BUART:sRX:MODULE_10:g2:a0:gta_2\ <= (\UART_PSOC:BUART:rx_count_6\);

Note:  Expanding virtual equation for '\UART_PSOC:BUART:sRX:MODULE_10:g2:a0:lta_1\' (cost = 2):
\UART_PSOC:BUART:sRX:MODULE_10:g2:a0:lta_1\ <= ((not \UART_PSOC:BUART:rx_count_6\ and not \UART_PSOC:BUART:rx_count_4\)
	OR (not \UART_PSOC:BUART:rx_count_6\ and not \UART_PSOC:BUART:rx_count_5\));

Note:  Expanding virtual equation for '\UART_PSOC:BUART:sRX:MODULE_10:g2:a0:gta_1\' (cost = 0):
\UART_PSOC:BUART:sRX:MODULE_10:g2:a0:gta_1\ <= (\UART_PSOC:BUART:rx_count_6\);

Note:  Expanding virtual equation for '\UART_PSOC:BUART:sRX:MODULE_10:g2:a0:lta_0\' (cost = 8):
\UART_PSOC:BUART:sRX:MODULE_10:g2:a0:lta_0\ <= ((not \UART_PSOC:BUART:rx_count_6\ and not \UART_PSOC:BUART:rx_count_4\)
	OR (not \UART_PSOC:BUART:rx_count_6\ and not \UART_PSOC:BUART:rx_count_5\));

Note:  Expanding virtual equation for '\ADC_SAR_Seq:MODULE_1:g1:a0:gx:u0:xnor_array_5\' (cost = 6):
\ADC_SAR_Seq:MODULE_1:g1:a0:gx:u0:xnor_array_5\ <= ((not \ADC_SAR_Seq:AMuxHw_2_Decoder_old_id_5\ and not \ADC_SAR_Seq:ch_addr_5\)
	OR (\ADC_SAR_Seq:AMuxHw_2_Decoder_old_id_5\ and \ADC_SAR_Seq:ch_addr_5\));

Note:  Expanding virtual equation for '\ADC_SAR_Seq:MODULE_1:g1:a0:gx:u0:xnor_array_4\' (cost = 6):
\ADC_SAR_Seq:MODULE_1:g1:a0:gx:u0:xnor_array_4\ <= ((not \ADC_SAR_Seq:AMuxHw_2_Decoder_old_id_4\ and not \ADC_SAR_Seq:ch_addr_4\)
	OR (\ADC_SAR_Seq:AMuxHw_2_Decoder_old_id_4\ and \ADC_SAR_Seq:ch_addr_4\));

Note:  Expanding virtual equation for '\ADC_SAR_Seq:MODULE_1:g1:a0:gx:u0:xnor_array_3\' (cost = 2):
\ADC_SAR_Seq:MODULE_1:g1:a0:gx:u0:xnor_array_3\ <= ((not \ADC_SAR_Seq:AMuxHw_2_Decoder_old_id_3\ and not \ADC_SAR_Seq:ch_addr_3\)
	OR (\ADC_SAR_Seq:AMuxHw_2_Decoder_old_id_3\ and \ADC_SAR_Seq:ch_addr_3\));

Note:  Expanding virtual equation for '\ADC_SAR_Seq:MODULE_1:g1:a0:gx:u0:xnor_array_2\' (cost = 6):
\ADC_SAR_Seq:MODULE_1:g1:a0:gx:u0:xnor_array_2\ <= ((not \ADC_SAR_Seq:AMuxHw_2_Decoder_old_id_2\ and not \ADC_SAR_Seq:ch_addr_2\)
	OR (\ADC_SAR_Seq:AMuxHw_2_Decoder_old_id_2\ and \ADC_SAR_Seq:ch_addr_2\));

Note:  Expanding virtual equation for '\ADC_SAR_Seq:MODULE_1:g1:a0:gx:u0:xnor_array_1\' (cost = 6):
\ADC_SAR_Seq:MODULE_1:g1:a0:gx:u0:xnor_array_1\ <= ((not \ADC_SAR_Seq:AMuxHw_2_Decoder_old_id_1\ and not \ADC_SAR_Seq:ch_addr_1\)
	OR (\ADC_SAR_Seq:AMuxHw_2_Decoder_old_id_1\ and \ADC_SAR_Seq:ch_addr_1\));

Note:  Expanding virtual equation for '\ADC_SAR_Seq:MODULE_1:g1:a0:gx:u0:xnor_array_0\' (cost = 4):
\ADC_SAR_Seq:MODULE_1:g1:a0:gx:u0:xnor_array_0\ <= ((not \ADC_SAR_Seq:AMuxHw_2_Decoder_old_id_0\ and not \ADC_SAR_Seq:ch_addr_0\)
	OR (\ADC_SAR_Seq:AMuxHw_2_Decoder_old_id_0\ and \ADC_SAR_Seq:ch_addr_0\));

Note:  Expanding virtual equation for '\ADC_SAR_Seq:MODULE_1:g1:a0:gx:u0:eq_1\' (cost = 8):
\ADC_SAR_Seq:MODULE_1:g1:a0:gx:u0:eq_1\ <= ((not \ADC_SAR_Seq:AMuxHw_2_Decoder_old_id_1\ and not \ADC_SAR_Seq:ch_addr_1\ and not \ADC_SAR_Seq:AMuxHw_2_Decoder_old_id_0\ and not \ADC_SAR_Seq:ch_addr_0\)
	OR (not \ADC_SAR_Seq:AMuxHw_2_Decoder_old_id_1\ and not \ADC_SAR_Seq:ch_addr_1\ and \ADC_SAR_Seq:AMuxHw_2_Decoder_old_id_0\ and \ADC_SAR_Seq:ch_addr_0\)
	OR (not \ADC_SAR_Seq:AMuxHw_2_Decoder_old_id_0\ and not \ADC_SAR_Seq:ch_addr_0\ and \ADC_SAR_Seq:AMuxHw_2_Decoder_old_id_1\ and \ADC_SAR_Seq:ch_addr_1\)
	OR (\ADC_SAR_Seq:AMuxHw_2_Decoder_old_id_1\ and \ADC_SAR_Seq:ch_addr_1\ and \ADC_SAR_Seq:AMuxHw_2_Decoder_old_id_0\ and \ADC_SAR_Seq:ch_addr_0\));

Note:  Expanding virtual equation for '\ADC_SAR_Seq:MODULE_1:g1:a0:gx:u0:eq_2\' (cost = 16):
\ADC_SAR_Seq:MODULE_1:g1:a0:gx:u0:eq_2\ <= ((not \ADC_SAR_Seq:AMuxHw_2_Decoder_old_id_2\ and not \ADC_SAR_Seq:ch_addr_2\ and not \ADC_SAR_Seq:AMuxHw_2_Decoder_old_id_1\ and not \ADC_SAR_Seq:ch_addr_1\ and not \ADC_SAR_Seq:AMuxHw_2_Decoder_old_id_0\ and not \ADC_SAR_Seq:ch_addr_0\)
	OR (not \ADC_SAR_Seq:AMuxHw_2_Decoder_old_id_2\ and not \ADC_SAR_Seq:ch_addr_2\ and not \ADC_SAR_Seq:AMuxHw_2_Decoder_old_id_1\ and not \ADC_SAR_Seq:ch_addr_1\ and \ADC_SAR_Seq:AMuxHw_2_Decoder_old_id_0\ and \ADC_SAR_Seq:ch_addr_0\)
	OR (not \ADC_SAR_Seq:AMuxHw_2_Decoder_old_id_2\ and not \ADC_SAR_Seq:ch_addr_2\ and not \ADC_SAR_Seq:AMuxHw_2_Decoder_old_id_0\ and not \ADC_SAR_Seq:ch_addr_0\ and \ADC_SAR_Seq:AMuxHw_2_Decoder_old_id_1\ and \ADC_SAR_Seq:ch_addr_1\)
	OR (not \ADC_SAR_Seq:AMuxHw_2_Decoder_old_id_2\ and not \ADC_SAR_Seq:ch_addr_2\ and \ADC_SAR_Seq:AMuxHw_2_Decoder_old_id_1\ and \ADC_SAR_Seq:ch_addr_1\ and \ADC_SAR_Seq:AMuxHw_2_Decoder_old_id_0\ and \ADC_SAR_Seq:ch_addr_0\)
	OR (not \ADC_SAR_Seq:AMuxHw_2_Decoder_old_id_1\ and not \ADC_SAR_Seq:ch_addr_1\ and not \ADC_SAR_Seq:AMuxHw_2_Decoder_old_id_0\ and not \ADC_SAR_Seq:ch_addr_0\ and \ADC_SAR_Seq:AMuxHw_2_Decoder_old_id_2\ and \ADC_SAR_Seq:ch_addr_2\)
	OR (not \ADC_SAR_Seq:AMuxHw_2_Decoder_old_id_1\ and not \ADC_SAR_Seq:ch_addr_1\ and \ADC_SAR_Seq:AMuxHw_2_Decoder_old_id_2\ and \ADC_SAR_Seq:ch_addr_2\ and \ADC_SAR_Seq:AMuxHw_2_Decoder_old_id_0\ and \ADC_SAR_Seq:ch_addr_0\)
	OR (not \ADC_SAR_Seq:AMuxHw_2_Decoder_old_id_0\ and not \ADC_SAR_Seq:ch_addr_0\ and \ADC_SAR_Seq:AMuxHw_2_Decoder_old_id_2\ and \ADC_SAR_Seq:ch_addr_2\ and \ADC_SAR_Seq:AMuxHw_2_Decoder_old_id_1\ and \ADC_SAR_Seq:ch_addr_1\)
	OR (\ADC_SAR_Seq:AMuxHw_2_Decoder_old_id_2\ and \ADC_SAR_Seq:ch_addr_2\ and \ADC_SAR_Seq:AMuxHw_2_Decoder_old_id_1\ and \ADC_SAR_Seq:ch_addr_1\ and \ADC_SAR_Seq:AMuxHw_2_Decoder_old_id_0\ and \ADC_SAR_Seq:ch_addr_0\));

Note:  Expanding virtual equation for '\ADC_SAR_Seq:MODULE_1:g1:a0:gx:u0:eq_3\' (cost = 32):
\ADC_SAR_Seq:MODULE_1:g1:a0:gx:u0:eq_3\ <= ((not \ADC_SAR_Seq:AMuxHw_2_Decoder_old_id_3\ and not \ADC_SAR_Seq:ch_addr_3\ and not \ADC_SAR_Seq:AMuxHw_2_Decoder_old_id_2\ and not \ADC_SAR_Seq:ch_addr_2\ and not \ADC_SAR_Seq:AMuxHw_2_Decoder_old_id_1\ and not \ADC_SAR_Seq:ch_addr_1\ and not \ADC_SAR_Seq:AMuxHw_2_Decoder_old_id_0\ and not \ADC_SAR_Seq:ch_addr_0\)
	OR (not \ADC_SAR_Seq:AMuxHw_2_Decoder_old_id_3\ and not \ADC_SAR_Seq:ch_addr_3\ and not \ADC_SAR_Seq:AMuxHw_2_Decoder_old_id_2\ and not \ADC_SAR_Seq:ch_addr_2\ and not \ADC_SAR_Seq:AMuxHw_2_Decoder_old_id_1\ and not \ADC_SAR_Seq:ch_addr_1\ and \ADC_SAR_Seq:AMuxHw_2_Decoder_old_id_0\ and \ADC_SAR_Seq:ch_addr_0\)
	OR (not \ADC_SAR_Seq:AMuxHw_2_Decoder_old_id_3\ and not \ADC_SAR_Seq:ch_addr_3\ and not \ADC_SAR_Seq:AMuxHw_2_Decoder_old_id_2\ and not \ADC_SAR_Seq:ch_addr_2\ and not \ADC_SAR_Seq:AMuxHw_2_Decoder_old_id_0\ and not \ADC_SAR_Seq:ch_addr_0\ and \ADC_SAR_Seq:AMuxHw_2_Decoder_old_id_1\ and \ADC_SAR_Seq:ch_addr_1\)
	OR (not \ADC_SAR_Seq:AMuxHw_2_Decoder_old_id_3\ and not \ADC_SAR_Seq:ch_addr_3\ and not \ADC_SAR_Seq:AMuxHw_2_Decoder_old_id_2\ and not \ADC_SAR_Seq:ch_addr_2\ and \ADC_SAR_Seq:AMuxHw_2_Decoder_old_id_1\ and \ADC_SAR_Seq:ch_addr_1\ and \ADC_SAR_Seq:AMuxHw_2_Decoder_old_id_0\ and \ADC_SAR_Seq:ch_addr_0\)
	OR (not \ADC_SAR_Seq:AMuxHw_2_Decoder_old_id_3\ and not \ADC_SAR_Seq:ch_addr_3\ and not \ADC_SAR_Seq:AMuxHw_2_Decoder_old_id_1\ and not \ADC_SAR_Seq:ch_addr_1\ and not \ADC_SAR_Seq:AMuxHw_2_Decoder_old_id_0\ and not \ADC_SAR_Seq:ch_addr_0\ and \ADC_SAR_Seq:AMuxHw_2_Decoder_old_id_2\ and \ADC_SAR_Seq:ch_addr_2\)
	OR (not \ADC_SAR_Seq:AMuxHw_2_Decoder_old_id_3\ and not \ADC_SAR_Seq:ch_addr_3\ and not \ADC_SAR_Seq:AMuxHw_2_Decoder_old_id_1\ and not \ADC_SAR_Seq:ch_addr_1\ and \ADC_SAR_Seq:AMuxHw_2_Decoder_old_id_2\ and \ADC_SAR_Seq:ch_addr_2\ and \ADC_SAR_Seq:AMuxHw_2_Decoder_old_id_0\ and \ADC_SAR_Seq:ch_addr_0\)
	OR (not \ADC_SAR_Seq:AMuxHw_2_Decoder_old_id_3\ and not \ADC_SAR_Seq:ch_addr_3\ and not \ADC_SAR_Seq:AMuxHw_2_Decoder_old_id_0\ and not \ADC_SAR_Seq:ch_addr_0\ and \ADC_SAR_Seq:AMuxHw_2_Decoder_old_id_2\ and \ADC_SAR_Seq:ch_addr_2\ and \ADC_SAR_Seq:AMuxHw_2_Decoder_old_id_1\ and \ADC_SAR_Seq:ch_addr_1\)
	OR (not \ADC_SAR_Seq:AMuxHw_2_Decoder_old_id_3\ and not \ADC_SAR_Seq:ch_addr_3\ and \ADC_SAR_Seq:AMuxHw_2_Decoder_old_id_2\ and \ADC_SAR_Seq:ch_addr_2\ and \ADC_SAR_Seq:AMuxHw_2_Decoder_old_id_1\ and \ADC_SAR_Seq:ch_addr_1\ and \ADC_SAR_Seq:AMuxHw_2_Decoder_old_id_0\ and \ADC_SAR_Seq:ch_addr_0\)
	OR (not \ADC_SAR_Seq:AMuxHw_2_Decoder_old_id_2\ and not \ADC_SAR_Seq:ch_addr_2\ and not \ADC_SAR_Seq:AMuxHw_2_Decoder_old_id_1\ and not \ADC_SAR_Seq:ch_addr_1\ and not \ADC_SAR_Seq:AMuxHw_2_Decoder_old_id_0\ and not \ADC_SAR_Seq:ch_addr_0\ and \ADC_SAR_Seq:AMuxHw_2_Decoder_old_id_3\ and \ADC_SAR_Seq:ch_addr_3\)
	OR (not \ADC_SAR_Seq:AMuxHw_2_Decoder_old_id_2\ and not \ADC_SAR_Seq:ch_addr_2\ and not \ADC_SAR_Seq:AMuxHw_2_Decoder_old_id_1\ and not \ADC_SAR_Seq:ch_addr_1\ and \ADC_SAR_Seq:AMuxHw_2_Decoder_old_id_3\ and \ADC_SAR_Seq:ch_addr_3\ and \ADC_SAR_Seq:AMuxHw_2_Decoder_old_id_0\ and \ADC_SAR_Seq:ch_addr_0\)
	OR (not \ADC_SAR_Seq:AMuxHw_2_Decoder_old_id_2\ and not \ADC_SAR_Seq:ch_addr_2\ and not \ADC_SAR_Seq:AMuxHw_2_Decoder_old_id_0\ and not \ADC_SAR_Seq:ch_addr_0\ and \ADC_SAR_Seq:AMuxHw_2_Decoder_old_id_3\ and \ADC_SAR_Seq:ch_addr_3\ and \ADC_SAR_Seq:AMuxHw_2_Decoder_old_id_1\ and \ADC_SAR_Seq:ch_addr_1\)
	OR (not \ADC_SAR_Seq:AMuxHw_2_Decoder_old_id_2\ and not \ADC_SAR_Seq:ch_addr_2\ and \ADC_SAR_Seq:AMuxHw_2_Decoder_old_id_3\ and \ADC_SAR_Seq:ch_addr_3\ and \ADC_SAR_Seq:AMuxHw_2_Decoder_old_id_1\ and \ADC_SAR_Seq:ch_addr_1\ and \ADC_SAR_Seq:AMuxHw_2_Decoder_old_id_0\ and \ADC_SAR_Seq:ch_addr_0\)
	OR (not \ADC_SAR_Seq:AMuxHw_2_Decoder_old_id_1\ and not \ADC_SAR_Seq:ch_addr_1\ and not \ADC_SAR_Seq:AMuxHw_2_Decoder_old_id_0\ and not \ADC_SAR_Seq:ch_addr_0\ and \ADC_SAR_Seq:AMuxHw_2_Decoder_old_id_3\ and \ADC_SAR_Seq:ch_addr_3\ and \ADC_SAR_Seq:AMuxHw_2_Decoder_old_id_2\ and \ADC_SAR_Seq:ch_addr_2\)
	OR (not \ADC_SAR_Seq:AMuxHw_2_Decoder_old_id_1\ and not \ADC_SAR_Seq:ch_addr_1\ and \ADC_SAR_Seq:AMuxHw_2_Decoder_old_id_3\ and \ADC_SAR_Seq:ch_addr_3\ and \ADC_SAR_Seq:AMuxHw_2_Decoder_old_id_2\ and \ADC_SAR_Seq:ch_addr_2\ and \ADC_SAR_Seq:AMuxHw_2_Decoder_old_id_0\ and \ADC_SAR_Seq:ch_addr_0\)
	OR (not \ADC_SAR_Seq:AMuxHw_2_Decoder_old_id_0\ and not \ADC_SAR_Seq:ch_addr_0\ and \ADC_SAR_Seq:AMuxHw_2_Decoder_old_id_3\ and \ADC_SAR_Seq:ch_addr_3\ and \ADC_SAR_Seq:AMuxHw_2_Decoder_old_id_2\ and \ADC_SAR_Seq:ch_addr_2\ and \ADC_SAR_Seq:AMuxHw_2_Decoder_old_id_1\ and \ADC_SAR_Seq:ch_addr_1\)
	OR (\ADC_SAR_Seq:AMuxHw_2_Decoder_old_id_3\ and \ADC_SAR_Seq:ch_addr_3\ and \ADC_SAR_Seq:AMuxHw_2_Decoder_old_id_2\ and \ADC_SAR_Seq:ch_addr_2\ and \ADC_SAR_Seq:AMuxHw_2_Decoder_old_id_1\ and \ADC_SAR_Seq:ch_addr_1\ and \ADC_SAR_Seq:AMuxHw_2_Decoder_old_id_0\ and \ADC_SAR_Seq:ch_addr_0\));

Note:  Expanding virtual equation for '\ADC_SAR_Seq:MODULE_1:g1:a0:gx:u0:eq_4\' (cost = 64):
\ADC_SAR_Seq:MODULE_1:g1:a0:gx:u0:eq_4\ <= ((not \ADC_SAR_Seq:AMuxHw_2_Decoder_old_id_4\ and not \ADC_SAR_Seq:ch_addr_4\ and not \ADC_SAR_Seq:AMuxHw_2_Decoder_old_id_3\ and not \ADC_SAR_Seq:ch_addr_3\ and not \ADC_SAR_Seq:AMuxHw_2_Decoder_old_id_2\ and not \ADC_SAR_Seq:ch_addr_2\ and not \ADC_SAR_Seq:AMuxHw_2_Decoder_old_id_1\ and not \ADC_SAR_Seq:ch_addr_1\ and not \ADC_SAR_Seq:AMuxHw_2_Decoder_old_id_0\ and not \ADC_SAR_Seq:ch_addr_0\)
	OR (not \ADC_SAR_Seq:AMuxHw_2_Decoder_old_id_4\ and not \ADC_SAR_Seq:ch_addr_4\ and not \ADC_SAR_Seq:AMuxHw_2_Decoder_old_id_3\ and not \ADC_SAR_Seq:ch_addr_3\ and not \ADC_SAR_Seq:AMuxHw_2_Decoder_old_id_2\ and not \ADC_SAR_Seq:ch_addr_2\ and not \ADC_SAR_Seq:AMuxHw_2_Decoder_old_id_1\ and not \ADC_SAR_Seq:ch_addr_1\ and \ADC_SAR_Seq:AMuxHw_2_Decoder_old_id_0\ and \ADC_SAR_Seq:ch_addr_0\)
	OR (not \ADC_SAR_Seq:AMuxHw_2_Decoder_old_id_4\ and not \ADC_SAR_Seq:ch_addr_4\ and not \ADC_SAR_Seq:AMuxHw_2_Decoder_old_id_3\ and not \ADC_SAR_Seq:ch_addr_3\ and not \ADC_SAR_Seq:AMuxHw_2_Decoder_old_id_2\ and not \ADC_SAR_Seq:ch_addr_2\ and not \ADC_SAR_Seq:AMuxHw_2_Decoder_old_id_0\ and not \ADC_SAR_Seq:ch_addr_0\ and \ADC_SAR_Seq:AMuxHw_2_Decoder_old_id_1\ and \ADC_SAR_Seq:ch_addr_1\)
	OR (not \ADC_SAR_Seq:AMuxHw_2_Decoder_old_id_4\ and not \ADC_SAR_Seq:ch_addr_4\ and not \ADC_SAR_Seq:AMuxHw_2_Decoder_old_id_3\ and not \ADC_SAR_Seq:ch_addr_3\ and not \ADC_SAR_Seq:AMuxHw_2_Decoder_old_id_2\ and not \ADC_SAR_Seq:ch_addr_2\ and \ADC_SAR_Seq:AMuxHw_2_Decoder_old_id_1\ and \ADC_SAR_Seq:ch_addr_1\ and \ADC_SAR_Seq:AMuxHw_2_Decoder_old_id_0\ and \ADC_SAR_Seq:ch_addr_0\)
	OR (not \ADC_SAR_Seq:AMuxHw_2_Decoder_old_id_4\ and not \ADC_SAR_Seq:ch_addr_4\ and not \ADC_SAR_Seq:AMuxHw_2_Decoder_old_id_3\ and not \ADC_SAR_Seq:ch_addr_3\ and not \ADC_SAR_Seq:AMuxHw_2_Decoder_old_id_1\ and not \ADC_SAR_Seq:ch_addr_1\ and not \ADC_SAR_Seq:AMuxHw_2_Decoder_old_id_0\ and not \ADC_SAR_Seq:ch_addr_0\ and \ADC_SAR_Seq:AMuxHw_2_Decoder_old_id_2\ and \ADC_SAR_Seq:ch_addr_2\)
	OR (not \ADC_SAR_Seq:AMuxHw_2_Decoder_old_id_4\ and not \ADC_SAR_Seq:ch_addr_4\ and not \ADC_SAR_Seq:AMuxHw_2_Decoder_old_id_3\ and not \ADC_SAR_Seq:ch_addr_3\ and not \ADC_SAR_Seq:AMuxHw_2_Decoder_old_id_1\ and not \ADC_SAR_Seq:ch_addr_1\ and \ADC_SAR_Seq:AMuxHw_2_Decoder_old_id_2\ and \ADC_SAR_Seq:ch_addr_2\ and \ADC_SAR_Seq:AMuxHw_2_Decoder_old_id_0\ and \ADC_SAR_Seq:ch_addr_0\)
	OR (not \ADC_SAR_Seq:AMuxHw_2_Decoder_old_id_4\ and not \ADC_SAR_Seq:ch_addr_4\ and not \ADC_SAR_Seq:AMuxHw_2_Decoder_old_id_3\ and not \ADC_SAR_Seq:ch_addr_3\ and not \ADC_SAR_Seq:AMuxHw_2_Decoder_old_id_0\ and not \ADC_SAR_Seq:ch_addr_0\ and \ADC_SAR_Seq:AMuxHw_2_Decoder_old_id_2\ and \ADC_SAR_Seq:ch_addr_2\ and \ADC_SAR_Seq:AMuxHw_2_Decoder_old_id_1\ and \ADC_SAR_Seq:ch_addr_1\)
	OR (not \ADC_SAR_Seq:AMuxHw_2_Decoder_old_id_4\ and not \ADC_SAR_Seq:ch_addr_4\ and not \ADC_SAR_Seq:AMuxHw_2_Decoder_old_id_3\ and not \ADC_SAR_Seq:ch_addr_3\ and \ADC_SAR_Seq:AMuxHw_2_Decoder_old_id_2\ and \ADC_SAR_Seq:ch_addr_2\ and \ADC_SAR_Seq:AMuxHw_2_Decoder_old_id_1\ and \ADC_SAR_Seq:ch_addr_1\ and \ADC_SAR_Seq:AMuxHw_2_Decoder_old_id_0\ and \ADC_SAR_Seq:ch_addr_0\)
	OR (not \ADC_SAR_Seq:AMuxHw_2_Decoder_old_id_4\ and not \ADC_SAR_Seq:ch_addr_4\ and not \ADC_SAR_Seq:AMuxHw_2_Decoder_old_id_2\ and not \ADC_SAR_Seq:ch_addr_2\ and not \ADC_SAR_Seq:AMuxHw_2_Decoder_old_id_1\ and not \ADC_SAR_Seq:ch_addr_1\ and not \ADC_SAR_Seq:AMuxHw_2_Decoder_old_id_0\ and not \ADC_SAR_Seq:ch_addr_0\ and \ADC_SAR_Seq:AMuxHw_2_Decoder_old_id_3\ and \ADC_SAR_Seq:ch_addr_3\)
	OR (not \ADC_SAR_Seq:AMuxHw_2_Decoder_old_id_4\ and not \ADC_SAR_Seq:ch_addr_4\ and not \ADC_SAR_Seq:AMuxHw_2_Decoder_old_id_2\ and not \ADC_SAR_Seq:ch_addr_2\ and not \ADC_SAR_Seq:AMuxHw_2_Decoder_old_id_1\ and not \ADC_SAR_Seq:ch_addr_1\ and \ADC_SAR_Seq:AMuxHw_2_Decoder_old_id_3\ and \ADC_SAR_Seq:ch_addr_3\ and \ADC_SAR_Seq:AMuxHw_2_Decoder_old_id_0\ and \ADC_SAR_Seq:ch_addr_0\)
	OR (not \ADC_SAR_Seq:AMuxHw_2_Decoder_old_id_4\ and not \ADC_SAR_Seq:ch_addr_4\ and not \ADC_SAR_Seq:AMuxHw_2_Decoder_old_id_2\ and not \ADC_SAR_Seq:ch_addr_2\ and not \ADC_SAR_Seq:AMuxHw_2_Decoder_old_id_0\ and not \ADC_SAR_Seq:ch_addr_0\ and \ADC_SAR_Seq:AMuxHw_2_Decoder_old_id_3\ and \ADC_SAR_Seq:ch_addr_3\ and \ADC_SAR_Seq:AMuxHw_2_Decoder_old_id_1\ and \ADC_SAR_Seq:ch_addr_1\)
	OR (not \ADC_SAR_Seq:AMuxHw_2_Decoder_old_id_4\ and not \ADC_SAR_Seq:ch_addr_4\ and not \ADC_SAR_Seq:AMuxHw_2_Decoder_old_id_2\ and not \ADC_SAR_Seq:ch_addr_2\ and \ADC_SAR_Seq:AMuxHw_2_Decoder_old_id_3\ and \ADC_SAR_Seq:ch_addr_3\ and \ADC_SAR_Seq:AMuxHw_2_Decoder_old_id_1\ and \ADC_SAR_Seq:ch_addr_1\ and \ADC_SAR_Seq:AMuxHw_2_Decoder_old_id_0\ and \ADC_SAR_Seq:ch_addr_0\)
	OR (not \ADC_SAR_Seq:AMuxHw_2_Decoder_old_id_4\ and not \ADC_SAR_Seq:ch_addr_4\ and not \ADC_SAR_Seq:AMuxHw_2_Decoder_old_id_1\ and not \ADC_SAR_Seq:ch_addr_1\ and not \ADC_SAR_Seq:AMuxHw_2_Decoder_old_id_0\ and not \ADC_SAR_Seq:ch_addr_0\ and \ADC_SAR_Seq:AMuxHw_2_Decoder_old_id_3\ and \ADC_SAR_Seq:ch_addr_3\ and \ADC_SAR_Seq:AMuxHw_2_Decoder_old_id_2\ and \ADC_SAR_Seq:ch_addr_2\)
	OR (not \ADC_SAR_Seq:AMuxHw_2_Decoder_old_id_4\ and not \ADC_SAR_Seq:ch_addr_4\ and not \ADC_SAR_Seq:AMuxHw_2_Decoder_old_id_1\ and not \ADC_SAR_Seq:ch_addr_1\ and \ADC_SAR_Seq:AMuxHw_2_Decoder_old_id_3\ and \ADC_SAR_Seq:ch_addr_3\ and \ADC_SAR_Seq:AMuxHw_2_Decoder_old_id_2\ and \ADC_SAR_Seq:ch_addr_2\ and \ADC_SAR_Seq:AMuxHw_2_Decoder_old_id_0\ and \ADC_SAR_Seq:ch_addr_0\)
	OR (not \ADC_SAR_Seq:AMuxHw_2_Decoder_old_id_4\ and not \ADC_SAR_Seq:ch_addr_4\ and not \ADC_SAR_Seq:AMuxHw_2_Decoder_old_id_0\ and not \ADC_SAR_Seq:ch_addr_0\ and \ADC_SAR_Seq:AMuxHw_2_Decoder_old_id_3\ and \ADC_SAR_Seq:ch_addr_3\ and \ADC_SAR_Seq:AMuxHw_2_Decoder_old_id_2\ and \ADC_SAR_Seq:ch_addr_2\ and \ADC_SAR_Seq:AMuxHw_2_Decoder_old_id_1\ and \ADC_SAR_Seq:ch_addr_1\)
	OR (not \ADC_SAR_Seq:AMuxHw_2_Decoder_old_id_4\ and not \ADC_SAR_Seq:ch_addr_4\ and \ADC_SAR_Seq:AMuxHw_2_Decoder_old_id_3\ and \ADC_SAR_Seq:ch_addr_3\ and \ADC_SAR_Seq:AMuxHw_2_Decoder_old_id_2\ and \ADC_SAR_Seq:ch_addr_2\ and \ADC_SAR_Seq:AMuxHw_2_Decoder_old_id_1\ and \ADC_SAR_Seq:ch_addr_1\ and \ADC_SAR_Seq:AMuxHw_2_Decoder_old_id_0\ and \ADC_SAR_Seq:ch_addr_0\)
	OR (not \ADC_SAR_Seq:AMuxHw_2_Decoder_old_id_3\ and not \ADC_SAR_Seq:ch_addr_3\ and not \ADC_SAR_Seq:AMuxHw_2_Decoder_old_id_2\ and not \ADC_SAR_Seq:ch_addr_2\ and not \ADC_SAR_Seq:AMuxHw_2_Decoder_old_id_1\ and not \ADC_SAR_Seq:ch_addr_1\ and not \ADC_SAR_Seq:AMuxHw_2_Decoder_old_id_0\ and not \ADC_SAR_Seq:ch_addr_0\ and \ADC_SAR_Seq:AMuxHw_2_Decoder_old_id_4\ and \ADC_SAR_Seq:ch_addr_4\)
	OR (not \ADC_SAR_Seq:AMuxHw_2_Decoder_old_id_3\ and not \ADC_SAR_Seq:ch_addr_3\ and not \ADC_SAR_Seq:AMuxHw_2_Decoder_old_id_2\ and not \ADC_SAR_Seq:ch_addr_2\ and not \ADC_SAR_Seq:AMuxHw_2_Decoder_old_id_1\ and not \ADC_SAR_Seq:ch_addr_1\ and \ADC_SAR_Seq:AMuxHw_2_Decoder_old_id_4\ and \ADC_SAR_Seq:ch_addr_4\ and \ADC_SAR_Seq:AMuxHw_2_Decoder_old_id_0\ and \ADC_SAR_Seq:ch_addr_0\)
	OR (not \ADC_SAR_Seq:AMuxHw_2_Decoder_old_id_3\ and not \ADC_SAR_Seq:ch_addr_3\ and not \ADC_SAR_Seq:AMuxHw_2_Decoder_old_id_2\ and not \ADC_SAR_Seq:ch_addr_2\ and not \ADC_SAR_Seq:AMuxHw_2_Decoder_old_id_0\ and not \ADC_SAR_Seq:ch_addr_0\ and \ADC_SAR_Seq:AMuxHw_2_Decoder_old_id_4\ and \ADC_SAR_Seq:ch_addr_4\ and \ADC_SAR_Seq:AMuxHw_2_Decoder_old_id_1\ and \ADC_SAR_Seq:ch_addr_1\)
	OR (not \ADC_SAR_Seq:AMuxHw_2_Decoder_old_id_3\ and not \ADC_SAR_Seq:ch_addr_3\ and not \ADC_SAR_Seq:AMuxHw_2_Decoder_old_id_2\ and not \ADC_SAR_Seq:ch_addr_2\ and \ADC_SAR_Seq:AMuxHw_2_Decoder_old_id_4\ and \ADC_SAR_Seq:ch_addr_4\ and \ADC_SAR_Seq:AMuxHw_2_Decoder_old_id_1\ and \ADC_SAR_Seq:ch_addr_1\ and \ADC_SAR_Seq:AMuxHw_2_Decoder_old_id_0\ and \ADC_SAR_Seq:ch_addr_0\)
	OR (not \ADC_SAR_Seq:AMuxHw_2_Decoder_old_id_3\ and not \ADC_SAR_Seq:ch_addr_3\ and not \ADC_SAR_Seq:AMuxHw_2_Decoder_old_id_1\ and not \ADC_SAR_Seq:ch_addr_1\ and not \ADC_SAR_Seq:AMuxHw_2_Decoder_old_id_0\ and not \ADC_SAR_Seq:ch_addr_0\ and \ADC_SAR_Seq:AMuxHw_2_Decoder_old_id_4\ and \ADC_SAR_Seq:ch_addr_4\ and \ADC_SAR_Seq:AMuxHw_2_Decoder_old_id_2\ and \ADC_SAR_Seq:ch_addr_2\)
	OR (not \ADC_SAR_Seq:AMuxHw_2_Decoder_old_id_3\ and not \ADC_SAR_Seq:ch_addr_3\ and not \ADC_SAR_Seq:AMuxHw_2_Decoder_old_id_1\ and not \ADC_SAR_Seq:ch_addr_1\ and \ADC_SAR_Seq:AMuxHw_2_Decoder_old_id_4\ and \ADC_SAR_Seq:ch_addr_4\ and \ADC_SAR_Seq:AMuxHw_2_Decoder_old_id_2\ and \ADC_SAR_Seq:ch_addr_2\ and \ADC_SAR_Seq:AMuxHw_2_Decoder_old_id_0\ and \ADC_SAR_Seq:ch_addr_0\)
	OR (not \ADC_SAR_Seq:AMuxHw_2_Decoder_old_id_3\ and not \ADC_SAR_Seq:ch_addr_3\ and not \ADC_SAR_Seq:AMuxHw_2_Decoder_old_id_0\ and not \ADC_SAR_Seq:ch_addr_0\ and \ADC_SAR_Seq:AMuxHw_2_Decoder_old_id_4\ and \ADC_SAR_Seq:ch_addr_4\ and \ADC_SAR_Seq:AMuxHw_2_Decoder_old_id_2\ and \ADC_SAR_Seq:ch_addr_2\ and \ADC_SAR_Seq:AMuxHw_2_Decoder_old_id_1\ and \ADC_SAR_Seq:ch_addr_1\)
	OR (not \ADC_SAR_Seq:AMuxHw_2_Decoder_old_id_3\ and not \ADC_SAR_Seq:ch_addr_3\ and \ADC_SAR_Seq:AMuxHw_2_Decoder_old_id_4\ and \ADC_SAR_Seq:ch_addr_4\ and \ADC_SAR_Seq:AMuxHw_2_Decoder_old_id_2\ and \ADC_SAR_Seq:ch_addr_2\ and \ADC_SAR_Seq:AMuxHw_2_Decoder_old_id_1\ and \ADC_SAR_Seq:ch_addr_1\ and \ADC_SAR_Seq:AMuxHw_2_Decoder_old_id_0\ and \ADC_SAR_Seq:ch_addr_0\)
	OR (not \ADC_SAR_Seq:AMuxHw_2_Decoder_old_id_2\ and not \ADC_SAR_Seq:ch_addr_2\ and not \ADC_SAR_Seq:AMuxHw_2_Decoder_old_id_1\ and not \ADC_SAR_Seq:ch_addr_1\ and not \ADC_SAR_Seq:AMuxHw_2_Decoder_old_id_0\ and not \ADC_SAR_Seq:ch_addr_0\ and \ADC_SAR_Seq:AMuxHw_2_Decoder_old_id_4\ and \ADC_SAR_Seq:ch_addr_4\ and \ADC_SAR_Seq:AMuxHw_2_Decoder_old_id_3\ and \ADC_SAR_Seq:ch_addr_3\)
	OR (not \ADC_SAR_Seq:AMuxHw_2_Decoder_old_id_2\ and not \ADC_SAR_Seq:ch_addr_2\ and not \ADC_SAR_Seq:AMuxHw_2_Decoder_old_id_1\ and not \ADC_SAR_Seq:ch_addr_1\ and \ADC_SAR_Seq:AMuxHw_2_Decoder_old_id_4\ and \ADC_SAR_Seq:ch_addr_4\ and \ADC_SAR_Seq:AMuxHw_2_Decoder_old_id_3\ and \ADC_SAR_Seq:ch_addr_3\ and \ADC_SAR_Seq:AMuxHw_2_Decoder_old_id_0\ and \ADC_SAR_Seq:ch_addr_0\)
	OR (not \ADC_SAR_Seq:AMuxHw_2_Decoder_old_id_2\ and not \ADC_SAR_Seq:ch_addr_2\ and not \ADC_SAR_Seq:AMuxHw_2_Decoder_old_id_0\ and not \ADC_SAR_Seq:ch_addr_0\ and \ADC_SAR_Seq:AMuxHw_2_Decoder_old_id_4\ and \ADC_SAR_Seq:ch_addr_4\ and \ADC_SAR_Seq:AMuxHw_2_Decoder_old_id_3\ and \ADC_SAR_Seq:ch_addr_3\ and \ADC_SAR_Seq:AMuxHw_2_Decoder_old_id_1\ and \ADC_SAR_Seq:ch_addr_1\)
	OR (not \ADC_SAR_Seq:AMuxHw_2_Decoder_old_id_2\ and not \ADC_SAR_Seq:ch_addr_2\ and \ADC_SAR_Seq:AMuxHw_2_Decoder_old_id_4\ and \ADC_SAR_Seq:ch_addr_4\ and \ADC_SAR_Seq:AMuxHw_2_Decoder_old_id_3\ and \ADC_SAR_Seq:ch_addr_3\ and \ADC_SAR_Seq:AMuxHw_2_Decoder_old_id_1\ and \ADC_SAR_Seq:ch_addr_1\ and \ADC_SAR_Seq:AMuxHw_2_Decoder_old_id_0\ and \ADC_SAR_Seq:ch_addr_0\)
	OR (not \ADC_SAR_Seq:AMuxHw_2_Decoder_old_id_1\ and not \ADC_SAR_Seq:ch_addr_1\ and not \ADC_SAR_Seq:AMuxHw_2_Decoder_old_id_0\ and not \ADC_SAR_Seq:ch_addr_0\ and \ADC_SAR_Seq:AMuxHw_2_Decoder_old_id_4\ and \ADC_SAR_Seq:ch_addr_4\ and \ADC_SAR_Seq:AMuxHw_2_Decoder_old_id_3\ and \ADC_SAR_Seq:ch_addr_3\ and \ADC_SAR_Seq:AMuxHw_2_Decoder_old_id_2\ and \ADC_SAR_Seq:ch_addr_2\)
	OR (not \ADC_SAR_Seq:AMuxHw_2_Decoder_old_id_1\ and not \ADC_SAR_Seq:ch_addr_1\ and \ADC_SAR_Seq:AMuxHw_2_Decoder_old_id_4\ and \ADC_SAR_Seq:ch_addr_4\ and \ADC_SAR_Seq:AMuxHw_2_Decoder_old_id_3\ and \ADC_SAR_Seq:ch_addr_3\ and \ADC_SAR_Seq:AMuxHw_2_Decoder_old_id_2\ and \ADC_SAR_Seq:ch_addr_2\ and \ADC_SAR_Seq:AMuxHw_2_Decoder_old_id_0\ and \ADC_SAR_Seq:ch_addr_0\)
	OR (not \ADC_SAR_Seq:AMuxHw_2_Decoder_old_id_0\ and not \ADC_SAR_Seq:ch_addr_0\ and \ADC_SAR_Seq:AMuxHw_2_Decoder_old_id_4\ and \ADC_SAR_Seq:ch_addr_4\ and \ADC_SAR_Seq:AMuxHw_2_Decoder_old_id_3\ and \ADC_SAR_Seq:ch_addr_3\ and \ADC_SAR_Seq:AMuxHw_2_Decoder_old_id_2\ and \ADC_SAR_Seq:ch_addr_2\ and \ADC_SAR_Seq:AMuxHw_2_Decoder_old_id_1\ and \ADC_SAR_Seq:ch_addr_1\)
	OR (\ADC_SAR_Seq:AMuxHw_2_Decoder_old_id_4\ and \ADC_SAR_Seq:ch_addr_4\ and \ADC_SAR_Seq:AMuxHw_2_Decoder_old_id_3\ and \ADC_SAR_Seq:ch_addr_3\ and \ADC_SAR_Seq:AMuxHw_2_Decoder_old_id_2\ and \ADC_SAR_Seq:ch_addr_2\ and \ADC_SAR_Seq:AMuxHw_2_Decoder_old_id_1\ and \ADC_SAR_Seq:ch_addr_1\ and \ADC_SAR_Seq:AMuxHw_2_Decoder_old_id_0\ and \ADC_SAR_Seq:ch_addr_0\));

Note:  Expanding virtual equation for '\ADC_SAR_Seq:MODULE_1:g1:a0:gx:u0:eq_5\' (cost = 64):
\ADC_SAR_Seq:MODULE_1:g1:a0:gx:u0:eq_5\ <= ((not \ADC_SAR_Seq:AMuxHw_2_Decoder_old_id_5\ and not \ADC_SAR_Seq:ch_addr_5\ and not \ADC_SAR_Seq:AMuxHw_2_Decoder_old_id_4\ and not \ADC_SAR_Seq:ch_addr_4\ and not \ADC_SAR_Seq:AMuxHw_2_Decoder_old_id_3\ and not \ADC_SAR_Seq:ch_addr_3\ and not \ADC_SAR_Seq:AMuxHw_2_Decoder_old_id_2\ and not \ADC_SAR_Seq:ch_addr_2\ and not \ADC_SAR_Seq:AMuxHw_2_Decoder_old_id_1\ and not \ADC_SAR_Seq:ch_addr_1\ and not \ADC_SAR_Seq:AMuxHw_2_Decoder_old_id_0\ and not \ADC_SAR_Seq:ch_addr_0\)
	OR (not \ADC_SAR_Seq:AMuxHw_2_Decoder_old_id_4\ and not \ADC_SAR_Seq:ch_addr_4\ and not \ADC_SAR_Seq:AMuxHw_2_Decoder_old_id_3\ and not \ADC_SAR_Seq:ch_addr_3\ and not \ADC_SAR_Seq:AMuxHw_2_Decoder_old_id_2\ and not \ADC_SAR_Seq:ch_addr_2\ and not \ADC_SAR_Seq:AMuxHw_2_Decoder_old_id_1\ and not \ADC_SAR_Seq:ch_addr_1\ and not \ADC_SAR_Seq:AMuxHw_2_Decoder_old_id_0\ and not \ADC_SAR_Seq:ch_addr_0\ and \ADC_SAR_Seq:AMuxHw_2_Decoder_old_id_5\ and \ADC_SAR_Seq:ch_addr_5\)
	OR (not \ADC_SAR_Seq:AMuxHw_2_Decoder_old_id_5\ and not \ADC_SAR_Seq:ch_addr_5\ and not \ADC_SAR_Seq:AMuxHw_2_Decoder_old_id_3\ and not \ADC_SAR_Seq:ch_addr_3\ and not \ADC_SAR_Seq:AMuxHw_2_Decoder_old_id_2\ and not \ADC_SAR_Seq:ch_addr_2\ and not \ADC_SAR_Seq:AMuxHw_2_Decoder_old_id_1\ and not \ADC_SAR_Seq:ch_addr_1\ and not \ADC_SAR_Seq:AMuxHw_2_Decoder_old_id_0\ and not \ADC_SAR_Seq:ch_addr_0\ and \ADC_SAR_Seq:AMuxHw_2_Decoder_old_id_4\ and \ADC_SAR_Seq:ch_addr_4\)
	OR (not \ADC_SAR_Seq:AMuxHw_2_Decoder_old_id_3\ and not \ADC_SAR_Seq:ch_addr_3\ and not \ADC_SAR_Seq:AMuxHw_2_Decoder_old_id_2\ and not \ADC_SAR_Seq:ch_addr_2\ and not \ADC_SAR_Seq:AMuxHw_2_Decoder_old_id_1\ and not \ADC_SAR_Seq:ch_addr_1\ and not \ADC_SAR_Seq:AMuxHw_2_Decoder_old_id_0\ and not \ADC_SAR_Seq:ch_addr_0\ and \ADC_SAR_Seq:AMuxHw_2_Decoder_old_id_5\ and \ADC_SAR_Seq:ch_addr_5\ and \ADC_SAR_Seq:AMuxHw_2_Decoder_old_id_4\ and \ADC_SAR_Seq:ch_addr_4\)
	OR (not \ADC_SAR_Seq:AMuxHw_2_Decoder_old_id_5\ and not \ADC_SAR_Seq:ch_addr_5\ and not \ADC_SAR_Seq:AMuxHw_2_Decoder_old_id_4\ and not \ADC_SAR_Seq:ch_addr_4\ and not \ADC_SAR_Seq:AMuxHw_2_Decoder_old_id_2\ and not \ADC_SAR_Seq:ch_addr_2\ and not \ADC_SAR_Seq:AMuxHw_2_Decoder_old_id_1\ and not \ADC_SAR_Seq:ch_addr_1\ and not \ADC_SAR_Seq:AMuxHw_2_Decoder_old_id_0\ and not \ADC_SAR_Seq:ch_addr_0\ and \ADC_SAR_Seq:AMuxHw_2_Decoder_old_id_3\ and \ADC_SAR_Seq:ch_addr_3\)
	OR (not \ADC_SAR_Seq:AMuxHw_2_Decoder_old_id_4\ and not \ADC_SAR_Seq:ch_addr_4\ and not \ADC_SAR_Seq:AMuxHw_2_Decoder_old_id_2\ and not \ADC_SAR_Seq:ch_addr_2\ and not \ADC_SAR_Seq:AMuxHw_2_Decoder_old_id_1\ and not \ADC_SAR_Seq:ch_addr_1\ and not \ADC_SAR_Seq:AMuxHw_2_Decoder_old_id_0\ and not \ADC_SAR_Seq:ch_addr_0\ and \ADC_SAR_Seq:AMuxHw_2_Decoder_old_id_5\ and \ADC_SAR_Seq:ch_addr_5\ and \ADC_SAR_Seq:AMuxHw_2_Decoder_old_id_3\ and \ADC_SAR_Seq:ch_addr_3\)
	OR (not \ADC_SAR_Seq:AMuxHw_2_Decoder_old_id_5\ and not \ADC_SAR_Seq:ch_addr_5\ and not \ADC_SAR_Seq:AMuxHw_2_Decoder_old_id_2\ and not \ADC_SAR_Seq:ch_addr_2\ and not \ADC_SAR_Seq:AMuxHw_2_Decoder_old_id_1\ and not \ADC_SAR_Seq:ch_addr_1\ and not \ADC_SAR_Seq:AMuxHw_2_Decoder_old_id_0\ and not \ADC_SAR_Seq:ch_addr_0\ and \ADC_SAR_Seq:AMuxHw_2_Decoder_old_id_4\ and \ADC_SAR_Seq:ch_addr_4\ and \ADC_SAR_Seq:AMuxHw_2_Decoder_old_id_3\ and \ADC_SAR_Seq:ch_addr_3\)
	OR (not \ADC_SAR_Seq:AMuxHw_2_Decoder_old_id_2\ and not \ADC_SAR_Seq:ch_addr_2\ and not \ADC_SAR_Seq:AMuxHw_2_Decoder_old_id_1\ and not \ADC_SAR_Seq:ch_addr_1\ and not \ADC_SAR_Seq:AMuxHw_2_Decoder_old_id_0\ and not \ADC_SAR_Seq:ch_addr_0\ and \ADC_SAR_Seq:AMuxHw_2_Decoder_old_id_5\ and \ADC_SAR_Seq:ch_addr_5\ and \ADC_SAR_Seq:AMuxHw_2_Decoder_old_id_4\ and \ADC_SAR_Seq:ch_addr_4\ and \ADC_SAR_Seq:AMuxHw_2_Decoder_old_id_3\ and \ADC_SAR_Seq:ch_addr_3\)
	OR (not \ADC_SAR_Seq:AMuxHw_2_Decoder_old_id_5\ and not \ADC_SAR_Seq:ch_addr_5\ and not \ADC_SAR_Seq:AMuxHw_2_Decoder_old_id_4\ and not \ADC_SAR_Seq:ch_addr_4\ and not \ADC_SAR_Seq:AMuxHw_2_Decoder_old_id_3\ and not \ADC_SAR_Seq:ch_addr_3\ and not \ADC_SAR_Seq:AMuxHw_2_Decoder_old_id_1\ and not \ADC_SAR_Seq:ch_addr_1\ and not \ADC_SAR_Seq:AMuxHw_2_Decoder_old_id_0\ and not \ADC_SAR_Seq:ch_addr_0\ and \ADC_SAR_Seq:AMuxHw_2_Decoder_old_id_2\ and \ADC_SAR_Seq:ch_addr_2\)
	OR (not \ADC_SAR_Seq:AMuxHw_2_Decoder_old_id_4\ and not \ADC_SAR_Seq:ch_addr_4\ and not \ADC_SAR_Seq:AMuxHw_2_Decoder_old_id_3\ and not \ADC_SAR_Seq:ch_addr_3\ and not \ADC_SAR_Seq:AMuxHw_2_Decoder_old_id_1\ and not \ADC_SAR_Seq:ch_addr_1\ and not \ADC_SAR_Seq:AMuxHw_2_Decoder_old_id_0\ and not \ADC_SAR_Seq:ch_addr_0\ and \ADC_SAR_Seq:AMuxHw_2_Decoder_old_id_5\ and \ADC_SAR_Seq:ch_addr_5\ and \ADC_SAR_Seq:AMuxHw_2_Decoder_old_id_2\ and \ADC_SAR_Seq:ch_addr_2\)
	OR (not \ADC_SAR_Seq:AMuxHw_2_Decoder_old_id_5\ and not \ADC_SAR_Seq:ch_addr_5\ and not \ADC_SAR_Seq:AMuxHw_2_Decoder_old_id_3\ and not \ADC_SAR_Seq:ch_addr_3\ and not \ADC_SAR_Seq:AMuxHw_2_Decoder_old_id_1\ and not \ADC_SAR_Seq:ch_addr_1\ and not \ADC_SAR_Seq:AMuxHw_2_Decoder_old_id_0\ and not \ADC_SAR_Seq:ch_addr_0\ and \ADC_SAR_Seq:AMuxHw_2_Decoder_old_id_4\ and \ADC_SAR_Seq:ch_addr_4\ and \ADC_SAR_Seq:AMuxHw_2_Decoder_old_id_2\ and \ADC_SAR_Seq:ch_addr_2\)
	OR (not \ADC_SAR_Seq:AMuxHw_2_Decoder_old_id_3\ and not \ADC_SAR_Seq:ch_addr_3\ and not \ADC_SAR_Seq:AMuxHw_2_Decoder_old_id_1\ and not \ADC_SAR_Seq:ch_addr_1\ and not \ADC_SAR_Seq:AMuxHw_2_Decoder_old_id_0\ and not \ADC_SAR_Seq:ch_addr_0\ and \ADC_SAR_Seq:AMuxHw_2_Decoder_old_id_5\ and \ADC_SAR_Seq:ch_addr_5\ and \ADC_SAR_Seq:AMuxHw_2_Decoder_old_id_4\ and \ADC_SAR_Seq:ch_addr_4\ and \ADC_SAR_Seq:AMuxHw_2_Decoder_old_id_2\ and \ADC_SAR_Seq:ch_addr_2\)
	OR (not \ADC_SAR_Seq:AMuxHw_2_Decoder_old_id_5\ and not \ADC_SAR_Seq:ch_addr_5\ and not \ADC_SAR_Seq:AMuxHw_2_Decoder_old_id_4\ and not \ADC_SAR_Seq:ch_addr_4\ and not \ADC_SAR_Seq:AMuxHw_2_Decoder_old_id_1\ and not \ADC_SAR_Seq:ch_addr_1\ and not \ADC_SAR_Seq:AMuxHw_2_Decoder_old_id_0\ and not \ADC_SAR_Seq:ch_addr_0\ and \ADC_SAR_Seq:AMuxHw_2_Decoder_old_id_3\ and \ADC_SAR_Seq:ch_addr_3\ and \ADC_SAR_Seq:AMuxHw_2_Decoder_old_id_2\ and \ADC_SAR_Seq:ch_addr_2\)
	OR (not \ADC_SAR_Seq:AMuxHw_2_Decoder_old_id_4\ and not \ADC_SAR_Seq:ch_addr_4\ and not \ADC_SAR_Seq:AMuxHw_2_Decoder_old_id_1\ and not \ADC_SAR_Seq:ch_addr_1\ and not \ADC_SAR_Seq:AMuxHw_2_Decoder_old_id_0\ and not \ADC_SAR_Seq:ch_addr_0\ and \ADC_SAR_Seq:AMuxHw_2_Decoder_old_id_5\ and \ADC_SAR_Seq:ch_addr_5\ and \ADC_SAR_Seq:AMuxHw_2_Decoder_old_id_3\ and \ADC_SAR_Seq:ch_addr_3\ and \ADC_SAR_Seq:AMuxHw_2_Decoder_old_id_2\ and \ADC_SAR_Seq:ch_addr_2\)
	OR (not \ADC_SAR_Seq:AMuxHw_2_Decoder_old_id_5\ and not \ADC_SAR_Seq:ch_addr_5\ and not \ADC_SAR_Seq:AMuxHw_2_Decoder_old_id_1\ and not \ADC_SAR_Seq:ch_addr_1\ and not \ADC_SAR_Seq:AMuxHw_2_Decoder_old_id_0\ and not \ADC_SAR_Seq:ch_addr_0\ and \ADC_SAR_Seq:AMuxHw_2_Decoder_old_id_4\ and \ADC_SAR_Seq:ch_addr_4\ and \ADC_SAR_Seq:AMuxHw_2_Decoder_old_id_3\ and \ADC_SAR_Seq:ch_addr_3\ and \ADC_SAR_Seq:AMuxHw_2_Decoder_old_id_2\ and \ADC_SAR_Seq:ch_addr_2\)
	OR (not \ADC_SAR_Seq:AMuxHw_2_Decoder_old_id_1\ and not \ADC_SAR_Seq:ch_addr_1\ and not \ADC_SAR_Seq:AMuxHw_2_Decoder_old_id_0\ and not \ADC_SAR_Seq:ch_addr_0\ and \ADC_SAR_Seq:AMuxHw_2_Decoder_old_id_5\ and \ADC_SAR_Seq:ch_addr_5\ and \ADC_SAR_Seq:AMuxHw_2_Decoder_old_id_4\ and \ADC_SAR_Seq:ch_addr_4\ and \ADC_SAR_Seq:AMuxHw_2_Decoder_old_id_3\ and \ADC_SAR_Seq:ch_addr_3\ and \ADC_SAR_Seq:AMuxHw_2_Decoder_old_id_2\ and \ADC_SAR_Seq:ch_addr_2\)
	OR (not \ADC_SAR_Seq:AMuxHw_2_Decoder_old_id_5\ and not \ADC_SAR_Seq:ch_addr_5\ and not \ADC_SAR_Seq:AMuxHw_2_Decoder_old_id_4\ and not \ADC_SAR_Seq:ch_addr_4\ and not \ADC_SAR_Seq:AMuxHw_2_Decoder_old_id_3\ and not \ADC_SAR_Seq:ch_addr_3\ and not \ADC_SAR_Seq:AMuxHw_2_Decoder_old_id_2\ and not \ADC_SAR_Seq:ch_addr_2\ and not \ADC_SAR_Seq:AMuxHw_2_Decoder_old_id_0\ and not \ADC_SAR_Seq:ch_addr_0\ and \ADC_SAR_Seq:AMuxHw_2_Decoder_old_id_1\ and \ADC_SAR_Seq:ch_addr_1\)
	OR (not \ADC_SAR_Seq:AMuxHw_2_Decoder_old_id_4\ and not \ADC_SAR_Seq:ch_addr_4\ and not \ADC_SAR_Seq:AMuxHw_2_Decoder_old_id_3\ and not \ADC_SAR_Seq:ch_addr_3\ and not \ADC_SAR_Seq:AMuxHw_2_Decoder_old_id_2\ and not \ADC_SAR_Seq:ch_addr_2\ and not \ADC_SAR_Seq:AMuxHw_2_Decoder_old_id_0\ and not \ADC_SAR_Seq:ch_addr_0\ and \ADC_SAR_Seq:AMuxHw_2_Decoder_old_id_5\ and \ADC_SAR_Seq:ch_addr_5\ and \ADC_SAR_Seq:AMuxHw_2_Decoder_old_id_1\ and \ADC_SAR_Seq:ch_addr_1\)
	OR (not \ADC_SAR_Seq:AMuxHw_2_Decoder_old_id_5\ and not \ADC_SAR_Seq:ch_addr_5\ and not \ADC_SAR_Seq:AMuxHw_2_Decoder_old_id_3\ and not \ADC_SAR_Seq:ch_addr_3\ and not \ADC_SAR_Seq:AMuxHw_2_Decoder_old_id_2\ and not \ADC_SAR_Seq:ch_addr_2\ and not \ADC_SAR_Seq:AMuxHw_2_Decoder_old_id_0\ and not \ADC_SAR_Seq:ch_addr_0\ and \ADC_SAR_Seq:AMuxHw_2_Decoder_old_id_4\ and \ADC_SAR_Seq:ch_addr_4\ and \ADC_SAR_Seq:AMuxHw_2_Decoder_old_id_1\ and \ADC_SAR_Seq:ch_addr_1\)
	OR (not \ADC_SAR_Seq:AMuxHw_2_Decoder_old_id_3\ and not \ADC_SAR_Seq:ch_addr_3\ and not \ADC_SAR_Seq:AMuxHw_2_Decoder_old_id_2\ and not \ADC_SAR_Seq:ch_addr_2\ and not \ADC_SAR_Seq:AMuxHw_2_Decoder_old_id_0\ and not \ADC_SAR_Seq:ch_addr_0\ and \ADC_SAR_Seq:AMuxHw_2_Decoder_old_id_5\ and \ADC_SAR_Seq:ch_addr_5\ and \ADC_SAR_Seq:AMuxHw_2_Decoder_old_id_4\ and \ADC_SAR_Seq:ch_addr_4\ and \ADC_SAR_Seq:AMuxHw_2_Decoder_old_id_1\ and \ADC_SAR_Seq:ch_addr_1\)
	OR (not \ADC_SAR_Seq:AMuxHw_2_Decoder_old_id_5\ and not \ADC_SAR_Seq:ch_addr_5\ and not \ADC_SAR_Seq:AMuxHw_2_Decoder_old_id_4\ and not \ADC_SAR_Seq:ch_addr_4\ and not \ADC_SAR_Seq:AMuxHw_2_Decoder_old_id_2\ and not \ADC_SAR_Seq:ch_addr_2\ and not \ADC_SAR_Seq:AMuxHw_2_Decoder_old_id_0\ and not \ADC_SAR_Seq:ch_addr_0\ and \ADC_SAR_Seq:AMuxHw_2_Decoder_old_id_3\ and \ADC_SAR_Seq:ch_addr_3\ and \ADC_SAR_Seq:AMuxHw_2_Decoder_old_id_1\ and \ADC_SAR_Seq:ch_addr_1\)
	OR (not \ADC_SAR_Seq:AMuxHw_2_Decoder_old_id_4\ and not \ADC_SAR_Seq:ch_addr_4\ and not \ADC_SAR_Seq:AMuxHw_2_Decoder_old_id_2\ and not \ADC_SAR_Seq:ch_addr_2\ and not \ADC_SAR_Seq:AMuxHw_2_Decoder_old_id_0\ and not \ADC_SAR_Seq:ch_addr_0\ and \ADC_SAR_Seq:AMuxHw_2_Decoder_old_id_5\ and \ADC_SAR_Seq:ch_addr_5\ and \ADC_SAR_Seq:AMuxHw_2_Decoder_old_id_3\ and \ADC_SAR_Seq:ch_addr_3\ and \ADC_SAR_Seq:AMuxHw_2_Decoder_old_id_1\ and \ADC_SAR_Seq:ch_addr_1\)
	OR (not \ADC_SAR_Seq:AMuxHw_2_Decoder_old_id_5\ and not \ADC_SAR_Seq:ch_addr_5\ and not \ADC_SAR_Seq:AMuxHw_2_Decoder_old_id_2\ and not \ADC_SAR_Seq:ch_addr_2\ and not \ADC_SAR_Seq:AMuxHw_2_Decoder_old_id_0\ and not \ADC_SAR_Seq:ch_addr_0\ and \ADC_SAR_Seq:AMuxHw_2_Decoder_old_id_4\ and \ADC_SAR_Seq:ch_addr_4\ and \ADC_SAR_Seq:AMuxHw_2_Decoder_old_id_3\ and \ADC_SAR_Seq:ch_addr_3\ and \ADC_SAR_Seq:AMuxHw_2_Decoder_old_id_1\ and \ADC_SAR_Seq:ch_addr_1\)
	OR (not \ADC_SAR_Seq:AMuxHw_2_Decoder_old_id_2\ and not \ADC_SAR_Seq:ch_addr_2\ and not \ADC_SAR_Seq:AMuxHw_2_Decoder_old_id_0\ and not \ADC_SAR_Seq:ch_addr_0\ and \ADC_SAR_Seq:AMuxHw_2_Decoder_old_id_5\ and \ADC_SAR_Seq:ch_addr_5\ and \ADC_SAR_Seq:AMuxHw_2_Decoder_old_id_4\ and \ADC_SAR_Seq:ch_addr_4\ and \ADC_SAR_Seq:AMuxHw_2_Decoder_old_id_3\ and \ADC_SAR_Seq:ch_addr_3\ and \ADC_SAR_Seq:AMuxHw_2_Decoder_old_id_1\ and \ADC_SAR_Seq:ch_addr_1\)
	OR (not \ADC_SAR_Seq:AMuxHw_2_Decoder_old_id_5\ and not \ADC_SAR_Seq:ch_addr_5\ and not \ADC_SAR_Seq:AMuxHw_2_Decoder_old_id_4\ and not \ADC_SAR_Seq:ch_addr_4\ and not \ADC_SAR_Seq:AMuxHw_2_Decoder_old_id_3\ and not \ADC_SAR_Seq:ch_addr_3\ and not \ADC_SAR_Seq:AMuxHw_2_Decoder_old_id_0\ and not \ADC_SAR_Seq:ch_addr_0\ and \ADC_SAR_Seq:AMuxHw_2_Decoder_old_id_2\ and \ADC_SAR_Seq:ch_addr_2\ and \ADC_SAR_Seq:AMuxHw_2_Decoder_old_id_1\ and \ADC_SAR_Seq:ch_addr_1\)
	OR (not \ADC_SAR_Seq:AMuxHw_2_Decoder_old_id_4\ and not \ADC_SAR_Seq:ch_addr_4\ and not \ADC_SAR_Seq:AMuxHw_2_Decoder_old_id_3\ and not \ADC_SAR_Seq:ch_addr_3\ and not \ADC_SAR_Seq:AMuxHw_2_Decoder_old_id_0\ and not \ADC_SAR_Seq:ch_addr_0\ and \ADC_SAR_Seq:AMuxHw_2_Decoder_old_id_5\ and \ADC_SAR_Seq:ch_addr_5\ and \ADC_SAR_Seq:AMuxHw_2_Decoder_old_id_2\ and \ADC_SAR_Seq:ch_addr_2\ and \ADC_SAR_Seq:AMuxHw_2_Decoder_old_id_1\ and \ADC_SAR_Seq:ch_addr_1\)
	OR (not \ADC_SAR_Seq:AMuxHw_2_Decoder_old_id_5\ and not \ADC_SAR_Seq:ch_addr_5\ and not \ADC_SAR_Seq:AMuxHw_2_Decoder_old_id_3\ and not \ADC_SAR_Seq:ch_addr_3\ and not \ADC_SAR_Seq:AMuxHw_2_Decoder_old_id_0\ and not \ADC_SAR_Seq:ch_addr_0\ and \ADC_SAR_Seq:AMuxHw_2_Decoder_old_id_4\ and \ADC_SAR_Seq:ch_addr_4\ and \ADC_SAR_Seq:AMuxHw_2_Decoder_old_id_2\ and \ADC_SAR_Seq:ch_addr_2\ and \ADC_SAR_Seq:AMuxHw_2_Decoder_old_id_1\ and \ADC_SAR_Seq:ch_addr_1\)
	OR (not \ADC_SAR_Seq:AMuxHw_2_Decoder_old_id_3\ and not \ADC_SAR_Seq:ch_addr_3\ and not \ADC_SAR_Seq:AMuxHw_2_Decoder_old_id_0\ and not \ADC_SAR_Seq:ch_addr_0\ and \ADC_SAR_Seq:AMuxHw_2_Decoder_old_id_5\ and \ADC_SAR_Seq:ch_addr_5\ and \ADC_SAR_Seq:AMuxHw_2_Decoder_old_id_4\ and \ADC_SAR_Seq:ch_addr_4\ and \ADC_SAR_Seq:AMuxHw_2_Decoder_old_id_2\ and \ADC_SAR_Seq:ch_addr_2\ and \ADC_SAR_Seq:AMuxHw_2_Decoder_old_id_1\ and \ADC_SAR_Seq:ch_addr_1\)
	OR (not \ADC_SAR_Seq:AMuxHw_2_Decoder_old_id_5\ and not \ADC_SAR_Seq:ch_addr_5\ and not \ADC_SAR_Seq:AMuxHw_2_Decoder_old_id_4\ and not \ADC_SAR_Seq:ch_addr_4\ and not \ADC_SAR_Seq:AMuxHw_2_Decoder_old_id_0\ and not \ADC_SAR_Seq:ch_addr_0\ and \ADC_SAR_Seq:AMuxHw_2_Decoder_old_id_3\ and \ADC_SAR_Seq:ch_addr_3\ and \ADC_SAR_Seq:AMuxHw_2_Decoder_old_id_2\ and \ADC_SAR_Seq:ch_addr_2\ and \ADC_SAR_Seq:AMuxHw_2_Decoder_old_id_1\ and \ADC_SAR_Seq:ch_addr_1\)
	OR (not \ADC_SAR_Seq:AMuxHw_2_Decoder_old_id_4\ and not \ADC_SAR_Seq:ch_addr_4\ and not \ADC_SAR_Seq:AMuxHw_2_Decoder_old_id_0\ and not \ADC_SAR_Seq:ch_addr_0\ and \ADC_SAR_Seq:AMuxHw_2_Decoder_old_id_5\ and \ADC_SAR_Seq:ch_addr_5\ and \ADC_SAR_Seq:AMuxHw_2_Decoder_old_id_3\ and \ADC_SAR_Seq:ch_addr_3\ and \ADC_SAR_Seq:AMuxHw_2_Decoder_old_id_2\ and \ADC_SAR_Seq:ch_addr_2\ and \ADC_SAR_Seq:AMuxHw_2_Decoder_old_id_1\ and \ADC_SAR_Seq:ch_addr_1\)
	OR (not \ADC_SAR_Seq:AMuxHw_2_Decoder_old_id_5\ and not \ADC_SAR_Seq:ch_addr_5\ and not \ADC_SAR_Seq:AMuxHw_2_Decoder_old_id_0\ and not \ADC_SAR_Seq:ch_addr_0\ and \ADC_SAR_Seq:AMuxHw_2_Decoder_old_id_4\ and \ADC_SAR_Seq:ch_addr_4\ and \ADC_SAR_Seq:AMuxHw_2_Decoder_old_id_3\ and \ADC_SAR_Seq:ch_addr_3\ and \ADC_SAR_Seq:AMuxHw_2_Decoder_old_id_2\ and \ADC_SAR_Seq:ch_addr_2\ and \ADC_SAR_Seq:AMuxHw_2_Decoder_old_id_1\ and \ADC_SAR_Seq:ch_addr_1\)
	OR (not \ADC_SAR_Seq:AMuxHw_2_Decoder_old_id_0\ and not \ADC_SAR_Seq:ch_addr_0\ and \ADC_SAR_Seq:AMuxHw_2_Decoder_old_id_5\ and \ADC_SAR_Seq:ch_addr_5\ and \ADC_SAR_Seq:AMuxHw_2_Decoder_old_id_4\ and \ADC_SAR_Seq:ch_addr_4\ and \ADC_SAR_Seq:AMuxHw_2_Decoder_old_id_3\ and \ADC_SAR_Seq:ch_addr_3\ and \ADC_SAR_Seq:AMuxHw_2_Decoder_old_id_2\ and \ADC_SAR_Seq:ch_addr_2\ and \ADC_SAR_Seq:AMuxHw_2_Decoder_old_id_1\ and \ADC_SAR_Seq:ch_addr_1\)
	OR (not \ADC_SAR_Seq:AMuxHw_2_Decoder_old_id_5\ and not \ADC_SAR_Seq:ch_addr_5\ and not \ADC_SAR_Seq:AMuxHw_2_Decoder_old_id_4\ and not \ADC_SAR_Seq:ch_addr_4\ and not \ADC_SAR_Seq:AMuxHw_2_Decoder_old_id_3\ and not \ADC_SAR_Seq:ch_addr_3\ and not \ADC_SAR_Seq:AMuxHw_2_Decoder_old_id_2\ and not \ADC_SAR_Seq:ch_addr_2\ and not \ADC_SAR_Seq:AMuxHw_2_Decoder_old_id_1\ and not \ADC_SAR_Seq:ch_addr_1\ and \ADC_SAR_Seq:AMuxHw_2_Decoder_old_id_0\ and \ADC_SAR_Seq:ch_addr_0\)
	OR (not \ADC_SAR_Seq:AMuxHw_2_Decoder_old_id_4\ and not \ADC_SAR_Seq:ch_addr_4\ and not \ADC_SAR_Seq:AMuxHw_2_Decoder_old_id_3\ and not \ADC_SAR_Seq:ch_addr_3\ and not \ADC_SAR_Seq:AMuxHw_2_Decoder_old_id_2\ and not \ADC_SAR_Seq:ch_addr_2\ and not \ADC_SAR_Seq:AMuxHw_2_Decoder_old_id_1\ and not \ADC_SAR_Seq:ch_addr_1\ and \ADC_SAR_Seq:AMuxHw_2_Decoder_old_id_5\ and \ADC_SAR_Seq:ch_addr_5\ and \ADC_SAR_Seq:AMuxHw_2_Decoder_old_id_0\ and \ADC_SAR_Seq:ch_addr_0\)
	OR (not \ADC_SAR_Seq:AMuxHw_2_Decoder_old_id_5\ and not \ADC_SAR_Seq:ch_addr_5\ and not \ADC_SAR_Seq:AMuxHw_2_Decoder_old_id_3\ and not \ADC_SAR_Seq:ch_addr_3\ and not \ADC_SAR_Seq:AMuxHw_2_Decoder_old_id_2\ and not \ADC_SAR_Seq:ch_addr_2\ and not \ADC_SAR_Seq:AMuxHw_2_Decoder_old_id_1\ and not \ADC_SAR_Seq:ch_addr_1\ and \ADC_SAR_Seq:AMuxHw_2_Decoder_old_id_4\ and \ADC_SAR_Seq:ch_addr_4\ and \ADC_SAR_Seq:AMuxHw_2_Decoder_old_id_0\ and \ADC_SAR_Seq:ch_addr_0\)
	OR (not \ADC_SAR_Seq:AMuxHw_2_Decoder_old_id_3\ and not \ADC_SAR_Seq:ch_addr_3\ and not \ADC_SAR_Seq:AMuxHw_2_Decoder_old_id_2\ and not \ADC_SAR_Seq:ch_addr_2\ and not \ADC_SAR_Seq:AMuxHw_2_Decoder_old_id_1\ and not \ADC_SAR_Seq:ch_addr_1\ and \ADC_SAR_Seq:AMuxHw_2_Decoder_old_id_5\ and \ADC_SAR_Seq:ch_addr_5\ and \ADC_SAR_Seq:AMuxHw_2_Decoder_old_id_4\ and \ADC_SAR_Seq:ch_addr_4\ and \ADC_SAR_Seq:AMuxHw_2_Decoder_old_id_0\ and \ADC_SAR_Seq:ch_addr_0\)
	OR (not \ADC_SAR_Seq:AMuxHw_2_Decoder_old_id_5\ and not \ADC_SAR_Seq:ch_addr_5\ and not \ADC_SAR_Seq:AMuxHw_2_Decoder_old_id_4\ and not \ADC_SAR_Seq:ch_addr_4\ and not \ADC_SAR_Seq:AMuxHw_2_Decoder_old_id_2\ and not \ADC_SAR_Seq:ch_addr_2\ and not \ADC_SAR_Seq:AMuxHw_2_Decoder_old_id_1\ and not \ADC_SAR_Seq:ch_addr_1\ and \ADC_SAR_Seq:AMuxHw_2_Decoder_old_id_3\ and \ADC_SAR_Seq:ch_addr_3\ and \ADC_SAR_Seq:AMuxHw_2_Decoder_old_id_0\ and \ADC_SAR_Seq:ch_addr_0\)
	OR (not \ADC_SAR_Seq:AMuxHw_2_Decoder_old_id_4\ and not \ADC_SAR_Seq:ch_addr_4\ and not \ADC_SAR_Seq:AMuxHw_2_Decoder_old_id_2\ and not \ADC_SAR_Seq:ch_addr_2\ and not \ADC_SAR_Seq:AMuxHw_2_Decoder_old_id_1\ and not \ADC_SAR_Seq:ch_addr_1\ and \ADC_SAR_Seq:AMuxHw_2_Decoder_old_id_5\ and \ADC_SAR_Seq:ch_addr_5\ and \ADC_SAR_Seq:AMuxHw_2_Decoder_old_id_3\ and \ADC_SAR_Seq:ch_addr_3\ and \ADC_SAR_Seq:AMuxHw_2_Decoder_old_id_0\ and \ADC_SAR_Seq:ch_addr_0\)
	OR (not \ADC_SAR_Seq:AMuxHw_2_Decoder_old_id_5\ and not \ADC_SAR_Seq:ch_addr_5\ and not \ADC_SAR_Seq:AMuxHw_2_Decoder_old_id_2\ and not \ADC_SAR_Seq:ch_addr_2\ and not \ADC_SAR_Seq:AMuxHw_2_Decoder_old_id_1\ and not \ADC_SAR_Seq:ch_addr_1\ and \ADC_SAR_Seq:AMuxHw_2_Decoder_old_id_4\ and \ADC_SAR_Seq:ch_addr_4\ and \ADC_SAR_Seq:AMuxHw_2_Decoder_old_id_3\ and \ADC_SAR_Seq:ch_addr_3\ and \ADC_SAR_Seq:AMuxHw_2_Decoder_old_id_0\ and \ADC_SAR_Seq:ch_addr_0\)
	OR (not \ADC_SAR_Seq:AMuxHw_2_Decoder_old_id_2\ and not \ADC_SAR_Seq:ch_addr_2\ and not \ADC_SAR_Seq:AMuxHw_2_Decoder_old_id_1\ and not \ADC_SAR_Seq:ch_addr_1\ and \ADC_SAR_Seq:AMuxHw_2_Decoder_old_id_5\ and \ADC_SAR_Seq:ch_addr_5\ and \ADC_SAR_Seq:AMuxHw_2_Decoder_old_id_4\ and \ADC_SAR_Seq:ch_addr_4\ and \ADC_SAR_Seq:AMuxHw_2_Decoder_old_id_3\ and \ADC_SAR_Seq:ch_addr_3\ and \ADC_SAR_Seq:AMuxHw_2_Decoder_old_id_0\ and \ADC_SAR_Seq:ch_addr_0\)
	OR (not \ADC_SAR_Seq:AMuxHw_2_Decoder_old_id_5\ and not \ADC_SAR_Seq:ch_addr_5\ and not \ADC_SAR_Seq:AMuxHw_2_Decoder_old_id_4\ and not \ADC_SAR_Seq:ch_addr_4\ and not \ADC_SAR_Seq:AMuxHw_2_Decoder_old_id_3\ and not \ADC_SAR_Seq:ch_addr_3\ and not \ADC_SAR_Seq:AMuxHw_2_Decoder_old_id_1\ and not \ADC_SAR_Seq:ch_addr_1\ and \ADC_SAR_Seq:AMuxHw_2_Decoder_old_id_2\ and \ADC_SAR_Seq:ch_addr_2\ and \ADC_SAR_Seq:AMuxHw_2_Decoder_old_id_0\ and \ADC_SAR_Seq:ch_addr_0\)
	OR (not \ADC_SAR_Seq:AMuxHw_2_Decoder_old_id_4\ and not \ADC_SAR_Seq:ch_addr_4\ and not \ADC_SAR_Seq:AMuxHw_2_Decoder_old_id_3\ and not \ADC_SAR_Seq:ch_addr_3\ and not \ADC_SAR_Seq:AMuxHw_2_Decoder_old_id_1\ and not \ADC_SAR_Seq:ch_addr_1\ and \ADC_SAR_Seq:AMuxHw_2_Decoder_old_id_5\ and \ADC_SAR_Seq:ch_addr_5\ and \ADC_SAR_Seq:AMuxHw_2_Decoder_old_id_2\ and \ADC_SAR_Seq:ch_addr_2\ and \ADC_SAR_Seq:AMuxHw_2_Decoder_old_id_0\ and \ADC_SAR_Seq:ch_addr_0\)
	OR (not \ADC_SAR_Seq:AMuxHw_2_Decoder_old_id_5\ and not \ADC_SAR_Seq:ch_addr_5\ and not \ADC_SAR_Seq:AMuxHw_2_Decoder_old_id_3\ and not \ADC_SAR_Seq:ch_addr_3\ and not \ADC_SAR_Seq:AMuxHw_2_Decoder_old_id_1\ and not \ADC_SAR_Seq:ch_addr_1\ and \ADC_SAR_Seq:AMuxHw_2_Decoder_old_id_4\ and \ADC_SAR_Seq:ch_addr_4\ and \ADC_SAR_Seq:AMuxHw_2_Decoder_old_id_2\ and \ADC_SAR_Seq:ch_addr_2\ and \ADC_SAR_Seq:AMuxHw_2_Decoder_old_id_0\ and \ADC_SAR_Seq:ch_addr_0\)
	OR (not \ADC_SAR_Seq:AMuxHw_2_Decoder_old_id_3\ and not \ADC_SAR_Seq:ch_addr_3\ and not \ADC_SAR_Seq:AMuxHw_2_Decoder_old_id_1\ and not \ADC_SAR_Seq:ch_addr_1\ and \ADC_SAR_Seq:AMuxHw_2_Decoder_old_id_5\ and \ADC_SAR_Seq:ch_addr_5\ and \ADC_SAR_Seq:AMuxHw_2_Decoder_old_id_4\ and \ADC_SAR_Seq:ch_addr_4\ and \ADC_SAR_Seq:AMuxHw_2_Decoder_old_id_2\ and \ADC_SAR_Seq:ch_addr_2\ and \ADC_SAR_Seq:AMuxHw_2_Decoder_old_id_0\ and \ADC_SAR_Seq:ch_addr_0\)
	OR (not \ADC_SAR_Seq:AMuxHw_2_Decoder_old_id_5\ and not \ADC_SAR_Seq:ch_addr_5\ and not \ADC_SAR_Seq:AMuxHw_2_Decoder_old_id_4\ and not \ADC_SAR_Seq:ch_addr_4\ and not \ADC_SAR_Seq:AMuxHw_2_Decoder_old_id_1\ and not \ADC_SAR_Seq:ch_addr_1\ and \ADC_SAR_Seq:AMuxHw_2_Decoder_old_id_3\ and \ADC_SAR_Seq:ch_addr_3\ and \ADC_SAR_Seq:AMuxHw_2_Decoder_old_id_2\ and \ADC_SAR_Seq:ch_addr_2\ and \ADC_SAR_Seq:AMuxHw_2_Decoder_old_id_0\ and \ADC_SAR_Seq:ch_addr_0\)
	OR (not \ADC_SAR_Seq:AMuxHw_2_Decoder_old_id_4\ and not \ADC_SAR_Seq:ch_addr_4\ and not \ADC_SAR_Seq:AMuxHw_2_Decoder_old_id_1\ and not \ADC_SAR_Seq:ch_addr_1\ and \ADC_SAR_Seq:AMuxHw_2_Decoder_old_id_5\ and \ADC_SAR_Seq:ch_addr_5\ and \ADC_SAR_Seq:AMuxHw_2_Decoder_old_id_3\ and \ADC_SAR_Seq:ch_addr_3\ and \ADC_SAR_Seq:AMuxHw_2_Decoder_old_id_2\ and \ADC_SAR_Seq:ch_addr_2\ and \ADC_SAR_Seq:AMuxHw_2_Decoder_old_id_0\ and \ADC_SAR_Seq:ch_addr_0\)
	OR (not \ADC_SAR_Seq:AMuxHw_2_Decoder_old_id_5\ and not \ADC_SAR_Seq:ch_addr_5\ and not \ADC_SAR_Seq:AMuxHw_2_Decoder_old_id_1\ and not \ADC_SAR_Seq:ch_addr_1\ and \ADC_SAR_Seq:AMuxHw_2_Decoder_old_id_4\ and \ADC_SAR_Seq:ch_addr_4\ and \ADC_SAR_Seq:AMuxHw_2_Decoder_old_id_3\ and \ADC_SAR_Seq:ch_addr_3\ and \ADC_SAR_Seq:AMuxHw_2_Decoder_old_id_2\ and \ADC_SAR_Seq:ch_addr_2\ and \ADC_SAR_Seq:AMuxHw_2_Decoder_old_id_0\ and \ADC_SAR_Seq:ch_addr_0\)
	OR (not \ADC_SAR_Seq:AMuxHw_2_Decoder_old_id_1\ and not \ADC_SAR_Seq:ch_addr_1\ and \ADC_SAR_Seq:AMuxHw_2_Decoder_old_id_5\ and \ADC_SAR_Seq:ch_addr_5\ and \ADC_SAR_Seq:AMuxHw_2_Decoder_old_id_4\ and \ADC_SAR_Seq:ch_addr_4\ and \ADC_SAR_Seq:AMuxHw_2_Decoder_old_id_3\ and \ADC_SAR_Seq:ch_addr_3\ and \ADC_SAR_Seq:AMuxHw_2_Decoder_old_id_2\ and \ADC_SAR_Seq:ch_addr_2\ and \ADC_SAR_Seq:AMuxHw_2_Decoder_old_id_0\ and \ADC_SAR_Seq:ch_addr_0\)
	OR (not \ADC_SAR_Seq:AMuxHw_2_Decoder_old_id_5\ and not \ADC_SAR_Seq:ch_addr_5\ and not \ADC_SAR_Seq:AMuxHw_2_Decoder_old_id_4\ and not \ADC_SAR_Seq:ch_addr_4\ and not \ADC_SAR_Seq:AMuxHw_2_Decoder_old_id_3\ and not \ADC_SAR_Seq:ch_addr_3\ and not \ADC_SAR_Seq:AMuxHw_2_Decoder_old_id_2\ and not \ADC_SAR_Seq:ch_addr_2\ and \ADC_SAR_Seq:AMuxHw_2_Decoder_old_id_1\ and \ADC_SAR_Seq:ch_addr_1\ and \ADC_SAR_Seq:AMuxHw_2_Decoder_old_id_0\ and \ADC_SAR_Seq:ch_addr_0\)
	OR (not \ADC_SAR_Seq:AMuxHw_2_Decoder_old_id_4\ and not \ADC_SAR_Seq:ch_addr_4\ and not \ADC_SAR_Seq:AMuxHw_2_Decoder_old_id_3\ and not \ADC_SAR_Seq:ch_addr_3\ and not \ADC_SAR_Seq:AMuxHw_2_Decoder_old_id_2\ and not \ADC_SAR_Seq:ch_addr_2\ and \ADC_SAR_Seq:AMuxHw_2_Decoder_old_id_5\ and \ADC_SAR_Seq:ch_addr_5\ and \ADC_SAR_Seq:AMuxHw_2_Decoder_old_id_1\ and \ADC_SAR_Seq:ch_addr_1\ and \ADC_SAR_Seq:AMuxHw_2_Decoder_old_id_0\ and \ADC_SAR_Seq:ch_addr_0\)
	OR (not \ADC_SAR_Seq:AMuxHw_2_Decoder_old_id_5\ and not \ADC_SAR_Seq:ch_addr_5\ and not \ADC_SAR_Seq:AMuxHw_2_Decoder_old_id_3\ and not \ADC_SAR_Seq:ch_addr_3\ and not \ADC_SAR_Seq:AMuxHw_2_Decoder_old_id_2\ and not \ADC_SAR_Seq:ch_addr_2\ and \ADC_SAR_Seq:AMuxHw_2_Decoder_old_id_4\ and \ADC_SAR_Seq:ch_addr_4\ and \ADC_SAR_Seq:AMuxHw_2_Decoder_old_id_1\ and \ADC_SAR_Seq:ch_addr_1\ and \ADC_SAR_Seq:AMuxHw_2_Decoder_old_id_0\ and \ADC_SAR_Seq:ch_addr_0\)
	OR (not \ADC_SAR_Seq:AMuxHw_2_Decoder_old_id_3\ and not \ADC_SAR_Seq:ch_addr_3\ and not \ADC_SAR_Seq:AMuxHw_2_Decoder_old_id_2\ and not \ADC_SAR_Seq:ch_addr_2\ and \ADC_SAR_Seq:AMuxHw_2_Decoder_old_id_5\ and \ADC_SAR_Seq:ch_addr_5\ and \ADC_SAR_Seq:AMuxHw_2_Decoder_old_id_4\ and \ADC_SAR_Seq:ch_addr_4\ and \ADC_SAR_Seq:AMuxHw_2_Decoder_old_id_1\ and \ADC_SAR_Seq:ch_addr_1\ and \ADC_SAR_Seq:AMuxHw_2_Decoder_old_id_0\ and \ADC_SAR_Seq:ch_addr_0\)
	OR (not \ADC_SAR_Seq:AMuxHw_2_Decoder_old_id_5\ and not \ADC_SAR_Seq:ch_addr_5\ and not \ADC_SAR_Seq:AMuxHw_2_Decoder_old_id_4\ and not \ADC_SAR_Seq:ch_addr_4\ and not \ADC_SAR_Seq:AMuxHw_2_Decoder_old_id_2\ and not \ADC_SAR_Seq:ch_addr_2\ and \ADC_SAR_Seq:AMuxHw_2_Decoder_old_id_3\ and \ADC_SAR_Seq:ch_addr_3\ and \ADC_SAR_Seq:AMuxHw_2_Decoder_old_id_1\ and \ADC_SAR_Seq:ch_addr_1\ and \ADC_SAR_Seq:AMuxHw_2_Decoder_old_id_0\ and \ADC_SAR_Seq:ch_addr_0\)
	OR (not \ADC_SAR_Seq:AMuxHw_2_Decoder_old_id_4\ and not \ADC_SAR_Seq:ch_addr_4\ and not \ADC_SAR_Seq:AMuxHw_2_Decoder_old_id_2\ and not \ADC_SAR_Seq:ch_addr_2\ and \ADC_SAR_Seq:AMuxHw_2_Decoder_old_id_5\ and \ADC_SAR_Seq:ch_addr_5\ and \ADC_SAR_Seq:AMuxHw_2_Decoder_old_id_3\ and \ADC_SAR_Seq:ch_addr_3\ and \ADC_SAR_Seq:AMuxHw_2_Decoder_old_id_1\ and \ADC_SAR_Seq:ch_addr_1\ and \ADC_SAR_Seq:AMuxHw_2_Decoder_old_id_0\ and \ADC_SAR_Seq:ch_addr_0\)
	OR (not \ADC_SAR_Seq:AMuxHw_2_Decoder_old_id_5\ and not \ADC_SAR_Seq:ch_addr_5\ and not \ADC_SAR_Seq:AMuxHw_2_Decoder_old_id_2\ and not \ADC_SAR_Seq:ch_addr_2\ and \ADC_SAR_Seq:AMuxHw_2_Decoder_old_id_4\ and \ADC_SAR_Seq:ch_addr_4\ and \ADC_SAR_Seq:AMuxHw_2_Decoder_old_id_3\ and \ADC_SAR_Seq:ch_addr_3\ and \ADC_SAR_Seq:AMuxHw_2_Decoder_old_id_1\ and \ADC_SAR_Seq:ch_addr_1\ and \ADC_SAR_Seq:AMuxHw_2_Decoder_old_id_0\ and \ADC_SAR_Seq:ch_addr_0\)
	OR (not \ADC_SAR_Seq:AMuxHw_2_Decoder_old_id_2\ and not \ADC_SAR_Seq:ch_addr_2\ and \ADC_SAR_Seq:AMuxHw_2_Decoder_old_id_5\ and \ADC_SAR_Seq:ch_addr_5\ and \ADC_SAR_Seq:AMuxHw_2_Decoder_old_id_4\ and \ADC_SAR_Seq:ch_addr_4\ and \ADC_SAR_Seq:AMuxHw_2_Decoder_old_id_3\ and \ADC_SAR_Seq:ch_addr_3\ and \ADC_SAR_Seq:AMuxHw_2_Decoder_old_id_1\ and \ADC_SAR_Seq:ch_addr_1\ and \ADC_SAR_Seq:AMuxHw_2_Decoder_old_id_0\ and \ADC_SAR_Seq:ch_addr_0\)
	OR (not \ADC_SAR_Seq:AMuxHw_2_Decoder_old_id_5\ and not \ADC_SAR_Seq:ch_addr_5\ and not \ADC_SAR_Seq:AMuxHw_2_Decoder_old_id_4\ and not \ADC_SAR_Seq:ch_addr_4\ and not \ADC_SAR_Seq:AMuxHw_2_Decoder_old_id_3\ and not \ADC_SAR_Seq:ch_addr_3\ and \ADC_SAR_Seq:AMuxHw_2_Decoder_old_id_2\ and \ADC_SAR_Seq:ch_addr_2\ and \ADC_SAR_Seq:AMuxHw_2_Decoder_old_id_1\ and \ADC_SAR_Seq:ch_addr_1\ and \ADC_SAR_Seq:AMuxHw_2_Decoder_old_id_0\ and \ADC_SAR_Seq:ch_addr_0\)
	OR (not \ADC_SAR_Seq:AMuxHw_2_Decoder_old_id_4\ and not \ADC_SAR_Seq:ch_addr_4\ and not \ADC_SAR_Seq:AMuxHw_2_Decoder_old_id_3\ and not \ADC_SAR_Seq:ch_addr_3\ and \ADC_SAR_Seq:AMuxHw_2_Decoder_old_id_5\ and \ADC_SAR_Seq:ch_addr_5\ and \ADC_SAR_Seq:AMuxHw_2_Decoder_old_id_2\ and \ADC_SAR_Seq:ch_addr_2\ and \ADC_SAR_Seq:AMuxHw_2_Decoder_old_id_1\ and \ADC_SAR_Seq:ch_addr_1\ and \ADC_SAR_Seq:AMuxHw_2_Decoder_old_id_0\ and \ADC_SAR_Seq:ch_addr_0\)
	OR (not \ADC_SAR_Seq:AMuxHw_2_Decoder_old_id_5\ and not \ADC_SAR_Seq:ch_addr_5\ and not \ADC_SAR_Seq:AMuxHw_2_Decoder_old_id_3\ and not \ADC_SAR_Seq:ch_addr_3\ and \ADC_SAR_Seq:AMuxHw_2_Decoder_old_id_4\ and \ADC_SAR_Seq:ch_addr_4\ and \ADC_SAR_Seq:AMuxHw_2_Decoder_old_id_2\ and \ADC_SAR_Seq:ch_addr_2\ and \ADC_SAR_Seq:AMuxHw_2_Decoder_old_id_1\ and \ADC_SAR_Seq:ch_addr_1\ and \ADC_SAR_Seq:AMuxHw_2_Decoder_old_id_0\ and \ADC_SAR_Seq:ch_addr_0\)
	OR (not \ADC_SAR_Seq:AMuxHw_2_Decoder_old_id_3\ and not \ADC_SAR_Seq:ch_addr_3\ and \ADC_SAR_Seq:AMuxHw_2_Decoder_old_id_5\ and \ADC_SAR_Seq:ch_addr_5\ and \ADC_SAR_Seq:AMuxHw_2_Decoder_old_id_4\ and \ADC_SAR_Seq:ch_addr_4\ and \ADC_SAR_Seq:AMuxHw_2_Decoder_old_id_2\ and \ADC_SAR_Seq:ch_addr_2\ and \ADC_SAR_Seq:AMuxHw_2_Decoder_old_id_1\ and \ADC_SAR_Seq:ch_addr_1\ and \ADC_SAR_Seq:AMuxHw_2_Decoder_old_id_0\ and \ADC_SAR_Seq:ch_addr_0\)
	OR (not \ADC_SAR_Seq:AMuxHw_2_Decoder_old_id_5\ and not \ADC_SAR_Seq:ch_addr_5\ and not \ADC_SAR_Seq:AMuxHw_2_Decoder_old_id_4\ and not \ADC_SAR_Seq:ch_addr_4\ and \ADC_SAR_Seq:AMuxHw_2_Decoder_old_id_3\ and \ADC_SAR_Seq:ch_addr_3\ and \ADC_SAR_Seq:AMuxHw_2_Decoder_old_id_2\ and \ADC_SAR_Seq:ch_addr_2\ and \ADC_SAR_Seq:AMuxHw_2_Decoder_old_id_1\ and \ADC_SAR_Seq:ch_addr_1\ and \ADC_SAR_Seq:AMuxHw_2_Decoder_old_id_0\ and \ADC_SAR_Seq:ch_addr_0\)
	OR (not \ADC_SAR_Seq:AMuxHw_2_Decoder_old_id_4\ and not \ADC_SAR_Seq:ch_addr_4\ and \ADC_SAR_Seq:AMuxHw_2_Decoder_old_id_5\ and \ADC_SAR_Seq:ch_addr_5\ and \ADC_SAR_Seq:AMuxHw_2_Decoder_old_id_3\ and \ADC_SAR_Seq:ch_addr_3\ and \ADC_SAR_Seq:AMuxHw_2_Decoder_old_id_2\ and \ADC_SAR_Seq:ch_addr_2\ and \ADC_SAR_Seq:AMuxHw_2_Decoder_old_id_1\ and \ADC_SAR_Seq:ch_addr_1\ and \ADC_SAR_Seq:AMuxHw_2_Decoder_old_id_0\ and \ADC_SAR_Seq:ch_addr_0\)
	OR (not \ADC_SAR_Seq:AMuxHw_2_Decoder_old_id_5\ and not \ADC_SAR_Seq:ch_addr_5\ and \ADC_SAR_Seq:AMuxHw_2_Decoder_old_id_4\ and \ADC_SAR_Seq:ch_addr_4\ and \ADC_SAR_Seq:AMuxHw_2_Decoder_old_id_3\ and \ADC_SAR_Seq:ch_addr_3\ and \ADC_SAR_Seq:AMuxHw_2_Decoder_old_id_2\ and \ADC_SAR_Seq:ch_addr_2\ and \ADC_SAR_Seq:AMuxHw_2_Decoder_old_id_1\ and \ADC_SAR_Seq:ch_addr_1\ and \ADC_SAR_Seq:AMuxHw_2_Decoder_old_id_0\ and \ADC_SAR_Seq:ch_addr_0\)
	OR (\ADC_SAR_Seq:AMuxHw_2_Decoder_old_id_5\ and \ADC_SAR_Seq:ch_addr_5\ and \ADC_SAR_Seq:AMuxHw_2_Decoder_old_id_4\ and \ADC_SAR_Seq:ch_addr_4\ and \ADC_SAR_Seq:AMuxHw_2_Decoder_old_id_3\ and \ADC_SAR_Seq:ch_addr_3\ and \ADC_SAR_Seq:AMuxHw_2_Decoder_old_id_2\ and \ADC_SAR_Seq:ch_addr_2\ and \ADC_SAR_Seq:AMuxHw_2_Decoder_old_id_1\ and \ADC_SAR_Seq:ch_addr_1\ and \ADC_SAR_Seq:AMuxHw_2_Decoder_old_id_0\ and \ADC_SAR_Seq:ch_addr_0\));

Note:  Expanding virtual equation for '\ADC_SAR_Seq:MODULE_1:g1:a0:gx:u0:lt_3\' (cost = 2):
\ADC_SAR_Seq:MODULE_1:g1:a0:gx:u0:lt_3\ <= ((not \ADC_SAR_Seq:ch_addr_3\ and \ADC_SAR_Seq:AMuxHw_2_Decoder_old_id_3\));

Note:  Expanding virtual equation for '\ADC_SAR_Seq:MODULE_1:g1:a0:gx:u0:gt_3\' (cost = 2):
\ADC_SAR_Seq:MODULE_1:g1:a0:gx:u0:gt_3\ <= ((not \ADC_SAR_Seq:AMuxHw_2_Decoder_old_id_3\ and \ADC_SAR_Seq:ch_addr_3\));

Note:  Expanding virtual equation for '\ADC_SAR_Seq:MODULE_1:g1:a0:gx:u0:lt_4\' (cost = 6):
\ADC_SAR_Seq:MODULE_1:g1:a0:gx:u0:lt_4\ <= ((not \ADC_SAR_Seq:ch_addr_4\ and not \ADC_SAR_Seq:ch_addr_3\ and \ADC_SAR_Seq:AMuxHw_2_Decoder_old_id_3\)
	OR (not \ADC_SAR_Seq:ch_addr_3\ and \ADC_SAR_Seq:AMuxHw_2_Decoder_old_id_4\ and \ADC_SAR_Seq:AMuxHw_2_Decoder_old_id_3\)
	OR (not \ADC_SAR_Seq:ch_addr_4\ and \ADC_SAR_Seq:AMuxHw_2_Decoder_old_id_4\));

Note:  Expanding virtual equation for '\ADC_SAR_Seq:MODULE_1:g1:a0:gx:u0:gt_4\' (cost = 6):
\ADC_SAR_Seq:MODULE_1:g1:a0:gx:u0:gt_4\ <= ((not \ADC_SAR_Seq:AMuxHw_2_Decoder_old_id_4\ and not \ADC_SAR_Seq:AMuxHw_2_Decoder_old_id_3\ and \ADC_SAR_Seq:ch_addr_3\)
	OR (not \ADC_SAR_Seq:AMuxHw_2_Decoder_old_id_3\ and \ADC_SAR_Seq:ch_addr_4\ and \ADC_SAR_Seq:ch_addr_3\)
	OR (not \ADC_SAR_Seq:AMuxHw_2_Decoder_old_id_4\ and \ADC_SAR_Seq:ch_addr_4\));

Note:  Expanding virtual equation for '\ADC_SAR_Seq:MODULE_1:g1:a0:gx:u0:lt_0\' (cost = 2):
\ADC_SAR_Seq:MODULE_1:g1:a0:gx:u0:lt_0\ <= ((not \ADC_SAR_Seq:ch_addr_0\ and \ADC_SAR_Seq:AMuxHw_2_Decoder_old_id_0\));

Note:  Expanding virtual equation for '\ADC_SAR_Seq:MODULE_1:g1:a0:gx:u0:gt_0\' (cost = 2):
\ADC_SAR_Seq:MODULE_1:g1:a0:gx:u0:gt_0\ <= ((not \ADC_SAR_Seq:AMuxHw_2_Decoder_old_id_0\ and \ADC_SAR_Seq:ch_addr_0\));

Note:  Expanding virtual equation for '\ADC_SAR_Seq:MODULE_1:g1:a0:gx:u0:lt_1\' (cost = 6):
\ADC_SAR_Seq:MODULE_1:g1:a0:gx:u0:lt_1\ <= ((not \ADC_SAR_Seq:ch_addr_1\ and not \ADC_SAR_Seq:ch_addr_0\ and \ADC_SAR_Seq:AMuxHw_2_Decoder_old_id_0\)
	OR (not \ADC_SAR_Seq:ch_addr_0\ and \ADC_SAR_Seq:AMuxHw_2_Decoder_old_id_1\ and \ADC_SAR_Seq:AMuxHw_2_Decoder_old_id_0\)
	OR (not \ADC_SAR_Seq:ch_addr_1\ and \ADC_SAR_Seq:AMuxHw_2_Decoder_old_id_1\));

Note:  Expanding virtual equation for '\ADC_SAR_Seq:MODULE_1:g1:a0:gx:u0:gt_1\' (cost = 6):
\ADC_SAR_Seq:MODULE_1:g1:a0:gx:u0:gt_1\ <= ((not \ADC_SAR_Seq:AMuxHw_2_Decoder_old_id_1\ and not \ADC_SAR_Seq:AMuxHw_2_Decoder_old_id_0\ and \ADC_SAR_Seq:ch_addr_0\)
	OR (not \ADC_SAR_Seq:AMuxHw_2_Decoder_old_id_0\ and \ADC_SAR_Seq:ch_addr_1\ and \ADC_SAR_Seq:ch_addr_0\)
	OR (not \ADC_SAR_Seq:AMuxHw_2_Decoder_old_id_1\ and \ADC_SAR_Seq:ch_addr_1\));

Note:  Expanding virtual equation for '\ENGINE_DECODER:Cnt16:CounterUDB:capt_either_edge\' (cost = 0):
\ENGINE_DECODER:Cnt16:CounterUDB:capt_either_edge\ <= (\ENGINE_DECODER:Cnt16:CounterUDB:prevCapture\);

Note:  Expanding virtual equation for '\ENGINE_DECODER:Cnt16:CounterUDB:reload_tc\' (cost = 2):
\ENGINE_DECODER:Cnt16:CounterUDB:reload_tc\ <= (\ENGINE_DECODER:Cnt16:CounterUDB:status_1\
	OR \ENGINE_DECODER:Cnt16:CounterUDB:overflow\);

Note:  Expanding virtual equation for '\ENGINE_DECODER:bQuadDec:A_j\' (cost = 1):
\ENGINE_DECODER:bQuadDec:A_j\ <= ((\ENGINE_DECODER:bQuadDec:quad_A_delayed_0\ and \ENGINE_DECODER:bQuadDec:quad_A_delayed_1\ and \ENGINE_DECODER:bQuadDec:quad_A_delayed_2\));

Note:  Expanding virtual equation for '\ENGINE_DECODER:bQuadDec:A_k\' (cost = 3):
\ENGINE_DECODER:bQuadDec:A_k\ <= ((not \ENGINE_DECODER:bQuadDec:quad_A_delayed_0\ and not \ENGINE_DECODER:bQuadDec:quad_A_delayed_1\ and not \ENGINE_DECODER:bQuadDec:quad_A_delayed_2\));

Note:  Expanding virtual equation for '\ENGINE_DECODER:bQuadDec:B_j\' (cost = 1):
\ENGINE_DECODER:bQuadDec:B_j\ <= ((\ENGINE_DECODER:bQuadDec:quad_B_delayed_0\ and \ENGINE_DECODER:bQuadDec:quad_B_delayed_1\ and \ENGINE_DECODER:bQuadDec:quad_B_delayed_2\));

Note:  Expanding virtual equation for '\ENGINE_DECODER:bQuadDec:B_k\' (cost = 3):
\ENGINE_DECODER:bQuadDec:B_k\ <= ((not \ENGINE_DECODER:bQuadDec:quad_B_delayed_0\ and not \ENGINE_DECODER:bQuadDec:quad_B_delayed_1\ and not \ENGINE_DECODER:bQuadDec:quad_B_delayed_2\));

Note:  Expanding virtual equation for '\ENGINE_DECODER:Net_1151\' (cost = 0):
\ENGINE_DECODER:Net_1151\ <= (not \ENGINE_DECODER:Net_1251\);

Note:  Expanding virtual equation for '\ENGINE_DECODER:Net_1287\' (cost = 0):
\ENGINE_DECODER:Net_1287\ <= (not \ENGINE_DECODER:Net_1264\);

Note:  Expanding virtual equation for '\ENGINE_PWM:PWMUDB:cmp1\' (cost = 0):
\ENGINE_PWM:PWMUDB:cmp1\ <= (\ENGINE_PWM:PWMUDB:cmp1_less\);

Note:  Expanding virtual equation for '\ENGINE_PWM:PWMUDB:MODULE_12:g2:a0:g1:z1:s0:g1:u0:c_1\' (cost = 0):
\ENGINE_PWM:PWMUDB:MODULE_12:g2:a0:g1:z1:s0:g1:u0:c_1\ <= (\ENGINE_PWM:PWMUDB:dith_count_0\);

Note:  Expanding virtual equation for '\ENGINE_PWM:PWMUDB:MODULE_12:g2:a0:s_0\' (cost = 0):
\ENGINE_PWM:PWMUDB:MODULE_12:g2:a0:s_0\ <= (not \ENGINE_PWM:PWMUDB:dith_count_0\);

Note:  Expanding virtual equation for '\ENGINE_PWM:PWMUDB:MODULE_12:g2:a0:g1:z1:s0:g1:u0:c_17\' (cost = 0):
\ENGINE_PWM:PWMUDB:MODULE_12:g2:a0:g1:z1:s0:g1:u0:c_17\ <=  ('0') ;

Note:  Expanding virtual equation for '\ENGINE_PWM:PWMUDB:MODULE_12:g2:a0:g1:z1:s0:g1:u0:c_9\' (cost = 0):
\ENGINE_PWM:PWMUDB:MODULE_12:g2:a0:g1:z1:s0:g1:u0:c_9\ <=  ('0') ;

Note:  Expanding virtual equation for '\ENGINE_PWM:PWMUDB:MODULE_12:g2:a0:g1:z1:s0:g1:u0:c_2\' (cost = 0):
\ENGINE_PWM:PWMUDB:MODULE_12:g2:a0:g1:z1:s0:g1:u0:c_2\ <= ((\ENGINE_PWM:PWMUDB:dith_count_1\ and \ENGINE_PWM:PWMUDB:dith_count_0\));


Substituting virtuals - pass 2:

Note:  Expanding virtual equation for '\UART_LOG:BUART:sRX:s23Poll:MODULE_3:g2:a0:lta_0\' (cost = 4):
\UART_LOG:BUART:sRX:s23Poll:MODULE_3:g2:a0:lta_0\ <= ((not MODIN3_1 and not MODIN3_0));

Note:  Expanding virtual equation for '\UART_LOG:BUART:sRX:s23Poll:MODULE_4:g2:a0:lta_0\' (cost = 0):
\UART_LOG:BUART:sRX:s23Poll:MODULE_4:g2:a0:lta_0\ <= (not MODIN3_1);

Note:  Expanding virtual equation for 'add_vv_vv_MODGEN_2_1' (cost = 2):
add_vv_vv_MODGEN_2_1 <= ((not MODIN3_0 and MODIN3_1)
	OR (not MODIN3_1 and MODIN3_0));

Note:  Expanding virtual equation for '\UART_PSOC:BUART:sRX:s23Poll:MODULE_8:g2:a0:lta_0\' (cost = 4):
\UART_PSOC:BUART:sRX:s23Poll:MODULE_8:g2:a0:lta_0\ <= ((not \UART_PSOC:BUART:pollcount_1\ and not \UART_PSOC:BUART:pollcount_0\));

Note:  Expanding virtual equation for '\UART_PSOC:BUART:sRX:s23Poll:MODULE_9:g2:a0:lta_0\' (cost = 0):
\UART_PSOC:BUART:sRX:s23Poll:MODULE_9:g2:a0:lta_0\ <= (not \UART_PSOC:BUART:pollcount_1\);

Note:  Expanding virtual equation for '\UART_PSOC:BUART:sRX:s23Poll:MODULE_7:g2:a0:s_1\' (cost = 2):
\UART_PSOC:BUART:sRX:s23Poll:MODULE_7:g2:a0:s_1\ <= ((not \UART_PSOC:BUART:pollcount_0\ and \UART_PSOC:BUART:pollcount_1\)
	OR (not \UART_PSOC:BUART:pollcount_1\ and \UART_PSOC:BUART:pollcount_0\));

Note:  Expanding virtual equation for '\ADC_SAR_Seq:MODULE_1:g1:a0:xeq\' (cost = 64):
\ADC_SAR_Seq:MODULE_1:g1:a0:xeq\ <= ((not \ADC_SAR_Seq:AMuxHw_2_Decoder_old_id_5\ and not \ADC_SAR_Seq:ch_addr_5\ and not \ADC_SAR_Seq:AMuxHw_2_Decoder_old_id_4\ and not \ADC_SAR_Seq:ch_addr_4\ and not \ADC_SAR_Seq:AMuxHw_2_Decoder_old_id_3\ and not \ADC_SAR_Seq:ch_addr_3\ and not \ADC_SAR_Seq:AMuxHw_2_Decoder_old_id_2\ and not \ADC_SAR_Seq:ch_addr_2\ and not \ADC_SAR_Seq:AMuxHw_2_Decoder_old_id_1\ and not \ADC_SAR_Seq:ch_addr_1\ and not \ADC_SAR_Seq:AMuxHw_2_Decoder_old_id_0\ and not \ADC_SAR_Seq:ch_addr_0\)
	OR (not \ADC_SAR_Seq:AMuxHw_2_Decoder_old_id_4\ and not \ADC_SAR_Seq:ch_addr_4\ and not \ADC_SAR_Seq:AMuxHw_2_Decoder_old_id_3\ and not \ADC_SAR_Seq:ch_addr_3\ and not \ADC_SAR_Seq:AMuxHw_2_Decoder_old_id_2\ and not \ADC_SAR_Seq:ch_addr_2\ and not \ADC_SAR_Seq:AMuxHw_2_Decoder_old_id_1\ and not \ADC_SAR_Seq:ch_addr_1\ and not \ADC_SAR_Seq:AMuxHw_2_Decoder_old_id_0\ and not \ADC_SAR_Seq:ch_addr_0\ and \ADC_SAR_Seq:AMuxHw_2_Decoder_old_id_5\ and \ADC_SAR_Seq:ch_addr_5\)
	OR (not \ADC_SAR_Seq:AMuxHw_2_Decoder_old_id_5\ and not \ADC_SAR_Seq:ch_addr_5\ and not \ADC_SAR_Seq:AMuxHw_2_Decoder_old_id_3\ and not \ADC_SAR_Seq:ch_addr_3\ and not \ADC_SAR_Seq:AMuxHw_2_Decoder_old_id_2\ and not \ADC_SAR_Seq:ch_addr_2\ and not \ADC_SAR_Seq:AMuxHw_2_Decoder_old_id_1\ and not \ADC_SAR_Seq:ch_addr_1\ and not \ADC_SAR_Seq:AMuxHw_2_Decoder_old_id_0\ and not \ADC_SAR_Seq:ch_addr_0\ and \ADC_SAR_Seq:AMuxHw_2_Decoder_old_id_4\ and \ADC_SAR_Seq:ch_addr_4\)
	OR (not \ADC_SAR_Seq:AMuxHw_2_Decoder_old_id_3\ and not \ADC_SAR_Seq:ch_addr_3\ and not \ADC_SAR_Seq:AMuxHw_2_Decoder_old_id_2\ and not \ADC_SAR_Seq:ch_addr_2\ and not \ADC_SAR_Seq:AMuxHw_2_Decoder_old_id_1\ and not \ADC_SAR_Seq:ch_addr_1\ and not \ADC_SAR_Seq:AMuxHw_2_Decoder_old_id_0\ and not \ADC_SAR_Seq:ch_addr_0\ and \ADC_SAR_Seq:AMuxHw_2_Decoder_old_id_5\ and \ADC_SAR_Seq:ch_addr_5\ and \ADC_SAR_Seq:AMuxHw_2_Decoder_old_id_4\ and \ADC_SAR_Seq:ch_addr_4\)
	OR (not \ADC_SAR_Seq:AMuxHw_2_Decoder_old_id_5\ and not \ADC_SAR_Seq:ch_addr_5\ and not \ADC_SAR_Seq:AMuxHw_2_Decoder_old_id_4\ and not \ADC_SAR_Seq:ch_addr_4\ and not \ADC_SAR_Seq:AMuxHw_2_Decoder_old_id_2\ and not \ADC_SAR_Seq:ch_addr_2\ and not \ADC_SAR_Seq:AMuxHw_2_Decoder_old_id_1\ and not \ADC_SAR_Seq:ch_addr_1\ and not \ADC_SAR_Seq:AMuxHw_2_Decoder_old_id_0\ and not \ADC_SAR_Seq:ch_addr_0\ and \ADC_SAR_Seq:AMuxHw_2_Decoder_old_id_3\ and \ADC_SAR_Seq:ch_addr_3\)
	OR (not \ADC_SAR_Seq:AMuxHw_2_Decoder_old_id_4\ and not \ADC_SAR_Seq:ch_addr_4\ and not \ADC_SAR_Seq:AMuxHw_2_Decoder_old_id_2\ and not \ADC_SAR_Seq:ch_addr_2\ and not \ADC_SAR_Seq:AMuxHw_2_Decoder_old_id_1\ and not \ADC_SAR_Seq:ch_addr_1\ and not \ADC_SAR_Seq:AMuxHw_2_Decoder_old_id_0\ and not \ADC_SAR_Seq:ch_addr_0\ and \ADC_SAR_Seq:AMuxHw_2_Decoder_old_id_5\ and \ADC_SAR_Seq:ch_addr_5\ and \ADC_SAR_Seq:AMuxHw_2_Decoder_old_id_3\ and \ADC_SAR_Seq:ch_addr_3\)
	OR (not \ADC_SAR_Seq:AMuxHw_2_Decoder_old_id_5\ and not \ADC_SAR_Seq:ch_addr_5\ and not \ADC_SAR_Seq:AMuxHw_2_Decoder_old_id_2\ and not \ADC_SAR_Seq:ch_addr_2\ and not \ADC_SAR_Seq:AMuxHw_2_Decoder_old_id_1\ and not \ADC_SAR_Seq:ch_addr_1\ and not \ADC_SAR_Seq:AMuxHw_2_Decoder_old_id_0\ and not \ADC_SAR_Seq:ch_addr_0\ and \ADC_SAR_Seq:AMuxHw_2_Decoder_old_id_4\ and \ADC_SAR_Seq:ch_addr_4\ and \ADC_SAR_Seq:AMuxHw_2_Decoder_old_id_3\ and \ADC_SAR_Seq:ch_addr_3\)
	OR (not \ADC_SAR_Seq:AMuxHw_2_Decoder_old_id_2\ and not \ADC_SAR_Seq:ch_addr_2\ and not \ADC_SAR_Seq:AMuxHw_2_Decoder_old_id_1\ and not \ADC_SAR_Seq:ch_addr_1\ and not \ADC_SAR_Seq:AMuxHw_2_Decoder_old_id_0\ and not \ADC_SAR_Seq:ch_addr_0\ and \ADC_SAR_Seq:AMuxHw_2_Decoder_old_id_5\ and \ADC_SAR_Seq:ch_addr_5\ and \ADC_SAR_Seq:AMuxHw_2_Decoder_old_id_4\ and \ADC_SAR_Seq:ch_addr_4\ and \ADC_SAR_Seq:AMuxHw_2_Decoder_old_id_3\ and \ADC_SAR_Seq:ch_addr_3\)
	OR (not \ADC_SAR_Seq:AMuxHw_2_Decoder_old_id_5\ and not \ADC_SAR_Seq:ch_addr_5\ and not \ADC_SAR_Seq:AMuxHw_2_Decoder_old_id_4\ and not \ADC_SAR_Seq:ch_addr_4\ and not \ADC_SAR_Seq:AMuxHw_2_Decoder_old_id_3\ and not \ADC_SAR_Seq:ch_addr_3\ and not \ADC_SAR_Seq:AMuxHw_2_Decoder_old_id_1\ and not \ADC_SAR_Seq:ch_addr_1\ and not \ADC_SAR_Seq:AMuxHw_2_Decoder_old_id_0\ and not \ADC_SAR_Seq:ch_addr_0\ and \ADC_SAR_Seq:AMuxHw_2_Decoder_old_id_2\ and \ADC_SAR_Seq:ch_addr_2\)
	OR (not \ADC_SAR_Seq:AMuxHw_2_Decoder_old_id_4\ and not \ADC_SAR_Seq:ch_addr_4\ and not \ADC_SAR_Seq:AMuxHw_2_Decoder_old_id_3\ and not \ADC_SAR_Seq:ch_addr_3\ and not \ADC_SAR_Seq:AMuxHw_2_Decoder_old_id_1\ and not \ADC_SAR_Seq:ch_addr_1\ and not \ADC_SAR_Seq:AMuxHw_2_Decoder_old_id_0\ and not \ADC_SAR_Seq:ch_addr_0\ and \ADC_SAR_Seq:AMuxHw_2_Decoder_old_id_5\ and \ADC_SAR_Seq:ch_addr_5\ and \ADC_SAR_Seq:AMuxHw_2_Decoder_old_id_2\ and \ADC_SAR_Seq:ch_addr_2\)
	OR (not \ADC_SAR_Seq:AMuxHw_2_Decoder_old_id_5\ and not \ADC_SAR_Seq:ch_addr_5\ and not \ADC_SAR_Seq:AMuxHw_2_Decoder_old_id_3\ and not \ADC_SAR_Seq:ch_addr_3\ and not \ADC_SAR_Seq:AMuxHw_2_Decoder_old_id_1\ and not \ADC_SAR_Seq:ch_addr_1\ and not \ADC_SAR_Seq:AMuxHw_2_Decoder_old_id_0\ and not \ADC_SAR_Seq:ch_addr_0\ and \ADC_SAR_Seq:AMuxHw_2_Decoder_old_id_4\ and \ADC_SAR_Seq:ch_addr_4\ and \ADC_SAR_Seq:AMuxHw_2_Decoder_old_id_2\ and \ADC_SAR_Seq:ch_addr_2\)
	OR (not \ADC_SAR_Seq:AMuxHw_2_Decoder_old_id_3\ and not \ADC_SAR_Seq:ch_addr_3\ and not \ADC_SAR_Seq:AMuxHw_2_Decoder_old_id_1\ and not \ADC_SAR_Seq:ch_addr_1\ and not \ADC_SAR_Seq:AMuxHw_2_Decoder_old_id_0\ and not \ADC_SAR_Seq:ch_addr_0\ and \ADC_SAR_Seq:AMuxHw_2_Decoder_old_id_5\ and \ADC_SAR_Seq:ch_addr_5\ and \ADC_SAR_Seq:AMuxHw_2_Decoder_old_id_4\ and \ADC_SAR_Seq:ch_addr_4\ and \ADC_SAR_Seq:AMuxHw_2_Decoder_old_id_2\ and \ADC_SAR_Seq:ch_addr_2\)
	OR (not \ADC_SAR_Seq:AMuxHw_2_Decoder_old_id_5\ and not \ADC_SAR_Seq:ch_addr_5\ and not \ADC_SAR_Seq:AMuxHw_2_Decoder_old_id_4\ and not \ADC_SAR_Seq:ch_addr_4\ and not \ADC_SAR_Seq:AMuxHw_2_Decoder_old_id_1\ and not \ADC_SAR_Seq:ch_addr_1\ and not \ADC_SAR_Seq:AMuxHw_2_Decoder_old_id_0\ and not \ADC_SAR_Seq:ch_addr_0\ and \ADC_SAR_Seq:AMuxHw_2_Decoder_old_id_3\ and \ADC_SAR_Seq:ch_addr_3\ and \ADC_SAR_Seq:AMuxHw_2_Decoder_old_id_2\ and \ADC_SAR_Seq:ch_addr_2\)
	OR (not \ADC_SAR_Seq:AMuxHw_2_Decoder_old_id_4\ and not \ADC_SAR_Seq:ch_addr_4\ and not \ADC_SAR_Seq:AMuxHw_2_Decoder_old_id_1\ and not \ADC_SAR_Seq:ch_addr_1\ and not \ADC_SAR_Seq:AMuxHw_2_Decoder_old_id_0\ and not \ADC_SAR_Seq:ch_addr_0\ and \ADC_SAR_Seq:AMuxHw_2_Decoder_old_id_5\ and \ADC_SAR_Seq:ch_addr_5\ and \ADC_SAR_Seq:AMuxHw_2_Decoder_old_id_3\ and \ADC_SAR_Seq:ch_addr_3\ and \ADC_SAR_Seq:AMuxHw_2_Decoder_old_id_2\ and \ADC_SAR_Seq:ch_addr_2\)
	OR (not \ADC_SAR_Seq:AMuxHw_2_Decoder_old_id_5\ and not \ADC_SAR_Seq:ch_addr_5\ and not \ADC_SAR_Seq:AMuxHw_2_Decoder_old_id_1\ and not \ADC_SAR_Seq:ch_addr_1\ and not \ADC_SAR_Seq:AMuxHw_2_Decoder_old_id_0\ and not \ADC_SAR_Seq:ch_addr_0\ and \ADC_SAR_Seq:AMuxHw_2_Decoder_old_id_4\ and \ADC_SAR_Seq:ch_addr_4\ and \ADC_SAR_Seq:AMuxHw_2_Decoder_old_id_3\ and \ADC_SAR_Seq:ch_addr_3\ and \ADC_SAR_Seq:AMuxHw_2_Decoder_old_id_2\ and \ADC_SAR_Seq:ch_addr_2\)
	OR (not \ADC_SAR_Seq:AMuxHw_2_Decoder_old_id_1\ and not \ADC_SAR_Seq:ch_addr_1\ and not \ADC_SAR_Seq:AMuxHw_2_Decoder_old_id_0\ and not \ADC_SAR_Seq:ch_addr_0\ and \ADC_SAR_Seq:AMuxHw_2_Decoder_old_id_5\ and \ADC_SAR_Seq:ch_addr_5\ and \ADC_SAR_Seq:AMuxHw_2_Decoder_old_id_4\ and \ADC_SAR_Seq:ch_addr_4\ and \ADC_SAR_Seq:AMuxHw_2_Decoder_old_id_3\ and \ADC_SAR_Seq:ch_addr_3\ and \ADC_SAR_Seq:AMuxHw_2_Decoder_old_id_2\ and \ADC_SAR_Seq:ch_addr_2\)
	OR (not \ADC_SAR_Seq:AMuxHw_2_Decoder_old_id_5\ and not \ADC_SAR_Seq:ch_addr_5\ and not \ADC_SAR_Seq:AMuxHw_2_Decoder_old_id_4\ and not \ADC_SAR_Seq:ch_addr_4\ and not \ADC_SAR_Seq:AMuxHw_2_Decoder_old_id_3\ and not \ADC_SAR_Seq:ch_addr_3\ and not \ADC_SAR_Seq:AMuxHw_2_Decoder_old_id_2\ and not \ADC_SAR_Seq:ch_addr_2\ and not \ADC_SAR_Seq:AMuxHw_2_Decoder_old_id_0\ and not \ADC_SAR_Seq:ch_addr_0\ and \ADC_SAR_Seq:AMuxHw_2_Decoder_old_id_1\ and \ADC_SAR_Seq:ch_addr_1\)
	OR (not \ADC_SAR_Seq:AMuxHw_2_Decoder_old_id_4\ and not \ADC_SAR_Seq:ch_addr_4\ and not \ADC_SAR_Seq:AMuxHw_2_Decoder_old_id_3\ and not \ADC_SAR_Seq:ch_addr_3\ and not \ADC_SAR_Seq:AMuxHw_2_Decoder_old_id_2\ and not \ADC_SAR_Seq:ch_addr_2\ and not \ADC_SAR_Seq:AMuxHw_2_Decoder_old_id_0\ and not \ADC_SAR_Seq:ch_addr_0\ and \ADC_SAR_Seq:AMuxHw_2_Decoder_old_id_5\ and \ADC_SAR_Seq:ch_addr_5\ and \ADC_SAR_Seq:AMuxHw_2_Decoder_old_id_1\ and \ADC_SAR_Seq:ch_addr_1\)
	OR (not \ADC_SAR_Seq:AMuxHw_2_Decoder_old_id_5\ and not \ADC_SAR_Seq:ch_addr_5\ and not \ADC_SAR_Seq:AMuxHw_2_Decoder_old_id_3\ and not \ADC_SAR_Seq:ch_addr_3\ and not \ADC_SAR_Seq:AMuxHw_2_Decoder_old_id_2\ and not \ADC_SAR_Seq:ch_addr_2\ and not \ADC_SAR_Seq:AMuxHw_2_Decoder_old_id_0\ and not \ADC_SAR_Seq:ch_addr_0\ and \ADC_SAR_Seq:AMuxHw_2_Decoder_old_id_4\ and \ADC_SAR_Seq:ch_addr_4\ and \ADC_SAR_Seq:AMuxHw_2_Decoder_old_id_1\ and \ADC_SAR_Seq:ch_addr_1\)
	OR (not \ADC_SAR_Seq:AMuxHw_2_Decoder_old_id_3\ and not \ADC_SAR_Seq:ch_addr_3\ and not \ADC_SAR_Seq:AMuxHw_2_Decoder_old_id_2\ and not \ADC_SAR_Seq:ch_addr_2\ and not \ADC_SAR_Seq:AMuxHw_2_Decoder_old_id_0\ and not \ADC_SAR_Seq:ch_addr_0\ and \ADC_SAR_Seq:AMuxHw_2_Decoder_old_id_5\ and \ADC_SAR_Seq:ch_addr_5\ and \ADC_SAR_Seq:AMuxHw_2_Decoder_old_id_4\ and \ADC_SAR_Seq:ch_addr_4\ and \ADC_SAR_Seq:AMuxHw_2_Decoder_old_id_1\ and \ADC_SAR_Seq:ch_addr_1\)
	OR (not \ADC_SAR_Seq:AMuxHw_2_Decoder_old_id_5\ and not \ADC_SAR_Seq:ch_addr_5\ and not \ADC_SAR_Seq:AMuxHw_2_Decoder_old_id_4\ and not \ADC_SAR_Seq:ch_addr_4\ and not \ADC_SAR_Seq:AMuxHw_2_Decoder_old_id_2\ and not \ADC_SAR_Seq:ch_addr_2\ and not \ADC_SAR_Seq:AMuxHw_2_Decoder_old_id_0\ and not \ADC_SAR_Seq:ch_addr_0\ and \ADC_SAR_Seq:AMuxHw_2_Decoder_old_id_3\ and \ADC_SAR_Seq:ch_addr_3\ and \ADC_SAR_Seq:AMuxHw_2_Decoder_old_id_1\ and \ADC_SAR_Seq:ch_addr_1\)
	OR (not \ADC_SAR_Seq:AMuxHw_2_Decoder_old_id_4\ and not \ADC_SAR_Seq:ch_addr_4\ and not \ADC_SAR_Seq:AMuxHw_2_Decoder_old_id_2\ and not \ADC_SAR_Seq:ch_addr_2\ and not \ADC_SAR_Seq:AMuxHw_2_Decoder_old_id_0\ and not \ADC_SAR_Seq:ch_addr_0\ and \ADC_SAR_Seq:AMuxHw_2_Decoder_old_id_5\ and \ADC_SAR_Seq:ch_addr_5\ and \ADC_SAR_Seq:AMuxHw_2_Decoder_old_id_3\ and \ADC_SAR_Seq:ch_addr_3\ and \ADC_SAR_Seq:AMuxHw_2_Decoder_old_id_1\ and \ADC_SAR_Seq:ch_addr_1\)
	OR (not \ADC_SAR_Seq:AMuxHw_2_Decoder_old_id_5\ and not \ADC_SAR_Seq:ch_addr_5\ and not \ADC_SAR_Seq:AMuxHw_2_Decoder_old_id_2\ and not \ADC_SAR_Seq:ch_addr_2\ and not \ADC_SAR_Seq:AMuxHw_2_Decoder_old_id_0\ and not \ADC_SAR_Seq:ch_addr_0\ and \ADC_SAR_Seq:AMuxHw_2_Decoder_old_id_4\ and \ADC_SAR_Seq:ch_addr_4\ and \ADC_SAR_Seq:AMuxHw_2_Decoder_old_id_3\ and \ADC_SAR_Seq:ch_addr_3\ and \ADC_SAR_Seq:AMuxHw_2_Decoder_old_id_1\ and \ADC_SAR_Seq:ch_addr_1\)
	OR (not \ADC_SAR_Seq:AMuxHw_2_Decoder_old_id_2\ and not \ADC_SAR_Seq:ch_addr_2\ and not \ADC_SAR_Seq:AMuxHw_2_Decoder_old_id_0\ and not \ADC_SAR_Seq:ch_addr_0\ and \ADC_SAR_Seq:AMuxHw_2_Decoder_old_id_5\ and \ADC_SAR_Seq:ch_addr_5\ and \ADC_SAR_Seq:AMuxHw_2_Decoder_old_id_4\ and \ADC_SAR_Seq:ch_addr_4\ and \ADC_SAR_Seq:AMuxHw_2_Decoder_old_id_3\ and \ADC_SAR_Seq:ch_addr_3\ and \ADC_SAR_Seq:AMuxHw_2_Decoder_old_id_1\ and \ADC_SAR_Seq:ch_addr_1\)
	OR (not \ADC_SAR_Seq:AMuxHw_2_Decoder_old_id_5\ and not \ADC_SAR_Seq:ch_addr_5\ and not \ADC_SAR_Seq:AMuxHw_2_Decoder_old_id_4\ and not \ADC_SAR_Seq:ch_addr_4\ and not \ADC_SAR_Seq:AMuxHw_2_Decoder_old_id_3\ and not \ADC_SAR_Seq:ch_addr_3\ and not \ADC_SAR_Seq:AMuxHw_2_Decoder_old_id_0\ and not \ADC_SAR_Seq:ch_addr_0\ and \ADC_SAR_Seq:AMuxHw_2_Decoder_old_id_2\ and \ADC_SAR_Seq:ch_addr_2\ and \ADC_SAR_Seq:AMuxHw_2_Decoder_old_id_1\ and \ADC_SAR_Seq:ch_addr_1\)
	OR (not \ADC_SAR_Seq:AMuxHw_2_Decoder_old_id_4\ and not \ADC_SAR_Seq:ch_addr_4\ and not \ADC_SAR_Seq:AMuxHw_2_Decoder_old_id_3\ and not \ADC_SAR_Seq:ch_addr_3\ and not \ADC_SAR_Seq:AMuxHw_2_Decoder_old_id_0\ and not \ADC_SAR_Seq:ch_addr_0\ and \ADC_SAR_Seq:AMuxHw_2_Decoder_old_id_5\ and \ADC_SAR_Seq:ch_addr_5\ and \ADC_SAR_Seq:AMuxHw_2_Decoder_old_id_2\ and \ADC_SAR_Seq:ch_addr_2\ and \ADC_SAR_Seq:AMuxHw_2_Decoder_old_id_1\ and \ADC_SAR_Seq:ch_addr_1\)
	OR (not \ADC_SAR_Seq:AMuxHw_2_Decoder_old_id_5\ and not \ADC_SAR_Seq:ch_addr_5\ and not \ADC_SAR_Seq:AMuxHw_2_Decoder_old_id_3\ and not \ADC_SAR_Seq:ch_addr_3\ and not \ADC_SAR_Seq:AMuxHw_2_Decoder_old_id_0\ and not \ADC_SAR_Seq:ch_addr_0\ and \ADC_SAR_Seq:AMuxHw_2_Decoder_old_id_4\ and \ADC_SAR_Seq:ch_addr_4\ and \ADC_SAR_Seq:AMuxHw_2_Decoder_old_id_2\ and \ADC_SAR_Seq:ch_addr_2\ and \ADC_SAR_Seq:AMuxHw_2_Decoder_old_id_1\ and \ADC_SAR_Seq:ch_addr_1\)
	OR (not \ADC_SAR_Seq:AMuxHw_2_Decoder_old_id_3\ and not \ADC_SAR_Seq:ch_addr_3\ and not \ADC_SAR_Seq:AMuxHw_2_Decoder_old_id_0\ and not \ADC_SAR_Seq:ch_addr_0\ and \ADC_SAR_Seq:AMuxHw_2_Decoder_old_id_5\ and \ADC_SAR_Seq:ch_addr_5\ and \ADC_SAR_Seq:AMuxHw_2_Decoder_old_id_4\ and \ADC_SAR_Seq:ch_addr_4\ and \ADC_SAR_Seq:AMuxHw_2_Decoder_old_id_2\ and \ADC_SAR_Seq:ch_addr_2\ and \ADC_SAR_Seq:AMuxHw_2_Decoder_old_id_1\ and \ADC_SAR_Seq:ch_addr_1\)
	OR (not \ADC_SAR_Seq:AMuxHw_2_Decoder_old_id_5\ and not \ADC_SAR_Seq:ch_addr_5\ and not \ADC_SAR_Seq:AMuxHw_2_Decoder_old_id_4\ and not \ADC_SAR_Seq:ch_addr_4\ and not \ADC_SAR_Seq:AMuxHw_2_Decoder_old_id_0\ and not \ADC_SAR_Seq:ch_addr_0\ and \ADC_SAR_Seq:AMuxHw_2_Decoder_old_id_3\ and \ADC_SAR_Seq:ch_addr_3\ and \ADC_SAR_Seq:AMuxHw_2_Decoder_old_id_2\ and \ADC_SAR_Seq:ch_addr_2\ and \ADC_SAR_Seq:AMuxHw_2_Decoder_old_id_1\ and \ADC_SAR_Seq:ch_addr_1\)
	OR (not \ADC_SAR_Seq:AMuxHw_2_Decoder_old_id_4\ and not \ADC_SAR_Seq:ch_addr_4\ and not \ADC_SAR_Seq:AMuxHw_2_Decoder_old_id_0\ and not \ADC_SAR_Seq:ch_addr_0\ and \ADC_SAR_Seq:AMuxHw_2_Decoder_old_id_5\ and \ADC_SAR_Seq:ch_addr_5\ and \ADC_SAR_Seq:AMuxHw_2_Decoder_old_id_3\ and \ADC_SAR_Seq:ch_addr_3\ and \ADC_SAR_Seq:AMuxHw_2_Decoder_old_id_2\ and \ADC_SAR_Seq:ch_addr_2\ and \ADC_SAR_Seq:AMuxHw_2_Decoder_old_id_1\ and \ADC_SAR_Seq:ch_addr_1\)
	OR (not \ADC_SAR_Seq:AMuxHw_2_Decoder_old_id_5\ and not \ADC_SAR_Seq:ch_addr_5\ and not \ADC_SAR_Seq:AMuxHw_2_Decoder_old_id_0\ and not \ADC_SAR_Seq:ch_addr_0\ and \ADC_SAR_Seq:AMuxHw_2_Decoder_old_id_4\ and \ADC_SAR_Seq:ch_addr_4\ and \ADC_SAR_Seq:AMuxHw_2_Decoder_old_id_3\ and \ADC_SAR_Seq:ch_addr_3\ and \ADC_SAR_Seq:AMuxHw_2_Decoder_old_id_2\ and \ADC_SAR_Seq:ch_addr_2\ and \ADC_SAR_Seq:AMuxHw_2_Decoder_old_id_1\ and \ADC_SAR_Seq:ch_addr_1\)
	OR (not \ADC_SAR_Seq:AMuxHw_2_Decoder_old_id_0\ and not \ADC_SAR_Seq:ch_addr_0\ and \ADC_SAR_Seq:AMuxHw_2_Decoder_old_id_5\ and \ADC_SAR_Seq:ch_addr_5\ and \ADC_SAR_Seq:AMuxHw_2_Decoder_old_id_4\ and \ADC_SAR_Seq:ch_addr_4\ and \ADC_SAR_Seq:AMuxHw_2_Decoder_old_id_3\ and \ADC_SAR_Seq:ch_addr_3\ and \ADC_SAR_Seq:AMuxHw_2_Decoder_old_id_2\ and \ADC_SAR_Seq:ch_addr_2\ and \ADC_SAR_Seq:AMuxHw_2_Decoder_old_id_1\ and \ADC_SAR_Seq:ch_addr_1\)
	OR (not \ADC_SAR_Seq:AMuxHw_2_Decoder_old_id_5\ and not \ADC_SAR_Seq:ch_addr_5\ and not \ADC_SAR_Seq:AMuxHw_2_Decoder_old_id_4\ and not \ADC_SAR_Seq:ch_addr_4\ and not \ADC_SAR_Seq:AMuxHw_2_Decoder_old_id_3\ and not \ADC_SAR_Seq:ch_addr_3\ and not \ADC_SAR_Seq:AMuxHw_2_Decoder_old_id_2\ and not \ADC_SAR_Seq:ch_addr_2\ and not \ADC_SAR_Seq:AMuxHw_2_Decoder_old_id_1\ and not \ADC_SAR_Seq:ch_addr_1\ and \ADC_SAR_Seq:AMuxHw_2_Decoder_old_id_0\ and \ADC_SAR_Seq:ch_addr_0\)
	OR (not \ADC_SAR_Seq:AMuxHw_2_Decoder_old_id_4\ and not \ADC_SAR_Seq:ch_addr_4\ and not \ADC_SAR_Seq:AMuxHw_2_Decoder_old_id_3\ and not \ADC_SAR_Seq:ch_addr_3\ and not \ADC_SAR_Seq:AMuxHw_2_Decoder_old_id_2\ and not \ADC_SAR_Seq:ch_addr_2\ and not \ADC_SAR_Seq:AMuxHw_2_Decoder_old_id_1\ and not \ADC_SAR_Seq:ch_addr_1\ and \ADC_SAR_Seq:AMuxHw_2_Decoder_old_id_5\ and \ADC_SAR_Seq:ch_addr_5\ and \ADC_SAR_Seq:AMuxHw_2_Decoder_old_id_0\ and \ADC_SAR_Seq:ch_addr_0\)
	OR (not \ADC_SAR_Seq:AMuxHw_2_Decoder_old_id_5\ and not \ADC_SAR_Seq:ch_addr_5\ and not \ADC_SAR_Seq:AMuxHw_2_Decoder_old_id_3\ and not \ADC_SAR_Seq:ch_addr_3\ and not \ADC_SAR_Seq:AMuxHw_2_Decoder_old_id_2\ and not \ADC_SAR_Seq:ch_addr_2\ and not \ADC_SAR_Seq:AMuxHw_2_Decoder_old_id_1\ and not \ADC_SAR_Seq:ch_addr_1\ and \ADC_SAR_Seq:AMuxHw_2_Decoder_old_id_4\ and \ADC_SAR_Seq:ch_addr_4\ and \ADC_SAR_Seq:AMuxHw_2_Decoder_old_id_0\ and \ADC_SAR_Seq:ch_addr_0\)
	OR (not \ADC_SAR_Seq:AMuxHw_2_Decoder_old_id_3\ and not \ADC_SAR_Seq:ch_addr_3\ and not \ADC_SAR_Seq:AMuxHw_2_Decoder_old_id_2\ and not \ADC_SAR_Seq:ch_addr_2\ and not \ADC_SAR_Seq:AMuxHw_2_Decoder_old_id_1\ and not \ADC_SAR_Seq:ch_addr_1\ and \ADC_SAR_Seq:AMuxHw_2_Decoder_old_id_5\ and \ADC_SAR_Seq:ch_addr_5\ and \ADC_SAR_Seq:AMuxHw_2_Decoder_old_id_4\ and \ADC_SAR_Seq:ch_addr_4\ and \ADC_SAR_Seq:AMuxHw_2_Decoder_old_id_0\ and \ADC_SAR_Seq:ch_addr_0\)
	OR (not \ADC_SAR_Seq:AMuxHw_2_Decoder_old_id_5\ and not \ADC_SAR_Seq:ch_addr_5\ and not \ADC_SAR_Seq:AMuxHw_2_Decoder_old_id_4\ and not \ADC_SAR_Seq:ch_addr_4\ and not \ADC_SAR_Seq:AMuxHw_2_Decoder_old_id_2\ and not \ADC_SAR_Seq:ch_addr_2\ and not \ADC_SAR_Seq:AMuxHw_2_Decoder_old_id_1\ and not \ADC_SAR_Seq:ch_addr_1\ and \ADC_SAR_Seq:AMuxHw_2_Decoder_old_id_3\ and \ADC_SAR_Seq:ch_addr_3\ and \ADC_SAR_Seq:AMuxHw_2_Decoder_old_id_0\ and \ADC_SAR_Seq:ch_addr_0\)
	OR (not \ADC_SAR_Seq:AMuxHw_2_Decoder_old_id_4\ and not \ADC_SAR_Seq:ch_addr_4\ and not \ADC_SAR_Seq:AMuxHw_2_Decoder_old_id_2\ and not \ADC_SAR_Seq:ch_addr_2\ and not \ADC_SAR_Seq:AMuxHw_2_Decoder_old_id_1\ and not \ADC_SAR_Seq:ch_addr_1\ and \ADC_SAR_Seq:AMuxHw_2_Decoder_old_id_5\ and \ADC_SAR_Seq:ch_addr_5\ and \ADC_SAR_Seq:AMuxHw_2_Decoder_old_id_3\ and \ADC_SAR_Seq:ch_addr_3\ and \ADC_SAR_Seq:AMuxHw_2_Decoder_old_id_0\ and \ADC_SAR_Seq:ch_addr_0\)
	OR (not \ADC_SAR_Seq:AMuxHw_2_Decoder_old_id_5\ and not \ADC_SAR_Seq:ch_addr_5\ and not \ADC_SAR_Seq:AMuxHw_2_Decoder_old_id_2\ and not \ADC_SAR_Seq:ch_addr_2\ and not \ADC_SAR_Seq:AMuxHw_2_Decoder_old_id_1\ and not \ADC_SAR_Seq:ch_addr_1\ and \ADC_SAR_Seq:AMuxHw_2_Decoder_old_id_4\ and \ADC_SAR_Seq:ch_addr_4\ and \ADC_SAR_Seq:AMuxHw_2_Decoder_old_id_3\ and \ADC_SAR_Seq:ch_addr_3\ and \ADC_SAR_Seq:AMuxHw_2_Decoder_old_id_0\ and \ADC_SAR_Seq:ch_addr_0\)
	OR (not \ADC_SAR_Seq:AMuxHw_2_Decoder_old_id_2\ and not \ADC_SAR_Seq:ch_addr_2\ and not \ADC_SAR_Seq:AMuxHw_2_Decoder_old_id_1\ and not \ADC_SAR_Seq:ch_addr_1\ and \ADC_SAR_Seq:AMuxHw_2_Decoder_old_id_5\ and \ADC_SAR_Seq:ch_addr_5\ and \ADC_SAR_Seq:AMuxHw_2_Decoder_old_id_4\ and \ADC_SAR_Seq:ch_addr_4\ and \ADC_SAR_Seq:AMuxHw_2_Decoder_old_id_3\ and \ADC_SAR_Seq:ch_addr_3\ and \ADC_SAR_Seq:AMuxHw_2_Decoder_old_id_0\ and \ADC_SAR_Seq:ch_addr_0\)
	OR (not \ADC_SAR_Seq:AMuxHw_2_Decoder_old_id_5\ and not \ADC_SAR_Seq:ch_addr_5\ and not \ADC_SAR_Seq:AMuxHw_2_Decoder_old_id_4\ and not \ADC_SAR_Seq:ch_addr_4\ and not \ADC_SAR_Seq:AMuxHw_2_Decoder_old_id_3\ and not \ADC_SAR_Seq:ch_addr_3\ and not \ADC_SAR_Seq:AMuxHw_2_Decoder_old_id_1\ and not \ADC_SAR_Seq:ch_addr_1\ and \ADC_SAR_Seq:AMuxHw_2_Decoder_old_id_2\ and \ADC_SAR_Seq:ch_addr_2\ and \ADC_SAR_Seq:AMuxHw_2_Decoder_old_id_0\ and \ADC_SAR_Seq:ch_addr_0\)
	OR (not \ADC_SAR_Seq:AMuxHw_2_Decoder_old_id_4\ and not \ADC_SAR_Seq:ch_addr_4\ and not \ADC_SAR_Seq:AMuxHw_2_Decoder_old_id_3\ and not \ADC_SAR_Seq:ch_addr_3\ and not \ADC_SAR_Seq:AMuxHw_2_Decoder_old_id_1\ and not \ADC_SAR_Seq:ch_addr_1\ and \ADC_SAR_Seq:AMuxHw_2_Decoder_old_id_5\ and \ADC_SAR_Seq:ch_addr_5\ and \ADC_SAR_Seq:AMuxHw_2_Decoder_old_id_2\ and \ADC_SAR_Seq:ch_addr_2\ and \ADC_SAR_Seq:AMuxHw_2_Decoder_old_id_0\ and \ADC_SAR_Seq:ch_addr_0\)
	OR (not \ADC_SAR_Seq:AMuxHw_2_Decoder_old_id_5\ and not \ADC_SAR_Seq:ch_addr_5\ and not \ADC_SAR_Seq:AMuxHw_2_Decoder_old_id_3\ and not \ADC_SAR_Seq:ch_addr_3\ and not \ADC_SAR_Seq:AMuxHw_2_Decoder_old_id_1\ and not \ADC_SAR_Seq:ch_addr_1\ and \ADC_SAR_Seq:AMuxHw_2_Decoder_old_id_4\ and \ADC_SAR_Seq:ch_addr_4\ and \ADC_SAR_Seq:AMuxHw_2_Decoder_old_id_2\ and \ADC_SAR_Seq:ch_addr_2\ and \ADC_SAR_Seq:AMuxHw_2_Decoder_old_id_0\ and \ADC_SAR_Seq:ch_addr_0\)
	OR (not \ADC_SAR_Seq:AMuxHw_2_Decoder_old_id_3\ and not \ADC_SAR_Seq:ch_addr_3\ and not \ADC_SAR_Seq:AMuxHw_2_Decoder_old_id_1\ and not \ADC_SAR_Seq:ch_addr_1\ and \ADC_SAR_Seq:AMuxHw_2_Decoder_old_id_5\ and \ADC_SAR_Seq:ch_addr_5\ and \ADC_SAR_Seq:AMuxHw_2_Decoder_old_id_4\ and \ADC_SAR_Seq:ch_addr_4\ and \ADC_SAR_Seq:AMuxHw_2_Decoder_old_id_2\ and \ADC_SAR_Seq:ch_addr_2\ and \ADC_SAR_Seq:AMuxHw_2_Decoder_old_id_0\ and \ADC_SAR_Seq:ch_addr_0\)
	OR (not \ADC_SAR_Seq:AMuxHw_2_Decoder_old_id_5\ and not \ADC_SAR_Seq:ch_addr_5\ and not \ADC_SAR_Seq:AMuxHw_2_Decoder_old_id_4\ and not \ADC_SAR_Seq:ch_addr_4\ and not \ADC_SAR_Seq:AMuxHw_2_Decoder_old_id_1\ and not \ADC_SAR_Seq:ch_addr_1\ and \ADC_SAR_Seq:AMuxHw_2_Decoder_old_id_3\ and \ADC_SAR_Seq:ch_addr_3\ and \ADC_SAR_Seq:AMuxHw_2_Decoder_old_id_2\ and \ADC_SAR_Seq:ch_addr_2\ and \ADC_SAR_Seq:AMuxHw_2_Decoder_old_id_0\ and \ADC_SAR_Seq:ch_addr_0\)
	OR (not \ADC_SAR_Seq:AMuxHw_2_Decoder_old_id_4\ and not \ADC_SAR_Seq:ch_addr_4\ and not \ADC_SAR_Seq:AMuxHw_2_Decoder_old_id_1\ and not \ADC_SAR_Seq:ch_addr_1\ and \ADC_SAR_Seq:AMuxHw_2_Decoder_old_id_5\ and \ADC_SAR_Seq:ch_addr_5\ and \ADC_SAR_Seq:AMuxHw_2_Decoder_old_id_3\ and \ADC_SAR_Seq:ch_addr_3\ and \ADC_SAR_Seq:AMuxHw_2_Decoder_old_id_2\ and \ADC_SAR_Seq:ch_addr_2\ and \ADC_SAR_Seq:AMuxHw_2_Decoder_old_id_0\ and \ADC_SAR_Seq:ch_addr_0\)
	OR (not \ADC_SAR_Seq:AMuxHw_2_Decoder_old_id_5\ and not \ADC_SAR_Seq:ch_addr_5\ and not \ADC_SAR_Seq:AMuxHw_2_Decoder_old_id_1\ and not \ADC_SAR_Seq:ch_addr_1\ and \ADC_SAR_Seq:AMuxHw_2_Decoder_old_id_4\ and \ADC_SAR_Seq:ch_addr_4\ and \ADC_SAR_Seq:AMuxHw_2_Decoder_old_id_3\ and \ADC_SAR_Seq:ch_addr_3\ and \ADC_SAR_Seq:AMuxHw_2_Decoder_old_id_2\ and \ADC_SAR_Seq:ch_addr_2\ and \ADC_SAR_Seq:AMuxHw_2_Decoder_old_id_0\ and \ADC_SAR_Seq:ch_addr_0\)
	OR (not \ADC_SAR_Seq:AMuxHw_2_Decoder_old_id_1\ and not \ADC_SAR_Seq:ch_addr_1\ and \ADC_SAR_Seq:AMuxHw_2_Decoder_old_id_5\ and \ADC_SAR_Seq:ch_addr_5\ and \ADC_SAR_Seq:AMuxHw_2_Decoder_old_id_4\ and \ADC_SAR_Seq:ch_addr_4\ and \ADC_SAR_Seq:AMuxHw_2_Decoder_old_id_3\ and \ADC_SAR_Seq:ch_addr_3\ and \ADC_SAR_Seq:AMuxHw_2_Decoder_old_id_2\ and \ADC_SAR_Seq:ch_addr_2\ and \ADC_SAR_Seq:AMuxHw_2_Decoder_old_id_0\ and \ADC_SAR_Seq:ch_addr_0\)
	OR (not \ADC_SAR_Seq:AMuxHw_2_Decoder_old_id_5\ and not \ADC_SAR_Seq:ch_addr_5\ and not \ADC_SAR_Seq:AMuxHw_2_Decoder_old_id_4\ and not \ADC_SAR_Seq:ch_addr_4\ and not \ADC_SAR_Seq:AMuxHw_2_Decoder_old_id_3\ and not \ADC_SAR_Seq:ch_addr_3\ and not \ADC_SAR_Seq:AMuxHw_2_Decoder_old_id_2\ and not \ADC_SAR_Seq:ch_addr_2\ and \ADC_SAR_Seq:AMuxHw_2_Decoder_old_id_1\ and \ADC_SAR_Seq:ch_addr_1\ and \ADC_SAR_Seq:AMuxHw_2_Decoder_old_id_0\ and \ADC_SAR_Seq:ch_addr_0\)
	OR (not \ADC_SAR_Seq:AMuxHw_2_Decoder_old_id_4\ and not \ADC_SAR_Seq:ch_addr_4\ and not \ADC_SAR_Seq:AMuxHw_2_Decoder_old_id_3\ and not \ADC_SAR_Seq:ch_addr_3\ and not \ADC_SAR_Seq:AMuxHw_2_Decoder_old_id_2\ and not \ADC_SAR_Seq:ch_addr_2\ and \ADC_SAR_Seq:AMuxHw_2_Decoder_old_id_5\ and \ADC_SAR_Seq:ch_addr_5\ and \ADC_SAR_Seq:AMuxHw_2_Decoder_old_id_1\ and \ADC_SAR_Seq:ch_addr_1\ and \ADC_SAR_Seq:AMuxHw_2_Decoder_old_id_0\ and \ADC_SAR_Seq:ch_addr_0\)
	OR (not \ADC_SAR_Seq:AMuxHw_2_Decoder_old_id_5\ and not \ADC_SAR_Seq:ch_addr_5\ and not \ADC_SAR_Seq:AMuxHw_2_Decoder_old_id_3\ and not \ADC_SAR_Seq:ch_addr_3\ and not \ADC_SAR_Seq:AMuxHw_2_Decoder_old_id_2\ and not \ADC_SAR_Seq:ch_addr_2\ and \ADC_SAR_Seq:AMuxHw_2_Decoder_old_id_4\ and \ADC_SAR_Seq:ch_addr_4\ and \ADC_SAR_Seq:AMuxHw_2_Decoder_old_id_1\ and \ADC_SAR_Seq:ch_addr_1\ and \ADC_SAR_Seq:AMuxHw_2_Decoder_old_id_0\ and \ADC_SAR_Seq:ch_addr_0\)
	OR (not \ADC_SAR_Seq:AMuxHw_2_Decoder_old_id_3\ and not \ADC_SAR_Seq:ch_addr_3\ and not \ADC_SAR_Seq:AMuxHw_2_Decoder_old_id_2\ and not \ADC_SAR_Seq:ch_addr_2\ and \ADC_SAR_Seq:AMuxHw_2_Decoder_old_id_5\ and \ADC_SAR_Seq:ch_addr_5\ and \ADC_SAR_Seq:AMuxHw_2_Decoder_old_id_4\ and \ADC_SAR_Seq:ch_addr_4\ and \ADC_SAR_Seq:AMuxHw_2_Decoder_old_id_1\ and \ADC_SAR_Seq:ch_addr_1\ and \ADC_SAR_Seq:AMuxHw_2_Decoder_old_id_0\ and \ADC_SAR_Seq:ch_addr_0\)
	OR (not \ADC_SAR_Seq:AMuxHw_2_Decoder_old_id_5\ and not \ADC_SAR_Seq:ch_addr_5\ and not \ADC_SAR_Seq:AMuxHw_2_Decoder_old_id_4\ and not \ADC_SAR_Seq:ch_addr_4\ and not \ADC_SAR_Seq:AMuxHw_2_Decoder_old_id_2\ and not \ADC_SAR_Seq:ch_addr_2\ and \ADC_SAR_Seq:AMuxHw_2_Decoder_old_id_3\ and \ADC_SAR_Seq:ch_addr_3\ and \ADC_SAR_Seq:AMuxHw_2_Decoder_old_id_1\ and \ADC_SAR_Seq:ch_addr_1\ and \ADC_SAR_Seq:AMuxHw_2_Decoder_old_id_0\ and \ADC_SAR_Seq:ch_addr_0\)
	OR (not \ADC_SAR_Seq:AMuxHw_2_Decoder_old_id_4\ and not \ADC_SAR_Seq:ch_addr_4\ and not \ADC_SAR_Seq:AMuxHw_2_Decoder_old_id_2\ and not \ADC_SAR_Seq:ch_addr_2\ and \ADC_SAR_Seq:AMuxHw_2_Decoder_old_id_5\ and \ADC_SAR_Seq:ch_addr_5\ and \ADC_SAR_Seq:AMuxHw_2_Decoder_old_id_3\ and \ADC_SAR_Seq:ch_addr_3\ and \ADC_SAR_Seq:AMuxHw_2_Decoder_old_id_1\ and \ADC_SAR_Seq:ch_addr_1\ and \ADC_SAR_Seq:AMuxHw_2_Decoder_old_id_0\ and \ADC_SAR_Seq:ch_addr_0\)
	OR (not \ADC_SAR_Seq:AMuxHw_2_Decoder_old_id_5\ and not \ADC_SAR_Seq:ch_addr_5\ and not \ADC_SAR_Seq:AMuxHw_2_Decoder_old_id_2\ and not \ADC_SAR_Seq:ch_addr_2\ and \ADC_SAR_Seq:AMuxHw_2_Decoder_old_id_4\ and \ADC_SAR_Seq:ch_addr_4\ and \ADC_SAR_Seq:AMuxHw_2_Decoder_old_id_3\ and \ADC_SAR_Seq:ch_addr_3\ and \ADC_SAR_Seq:AMuxHw_2_Decoder_old_id_1\ and \ADC_SAR_Seq:ch_addr_1\ and \ADC_SAR_Seq:AMuxHw_2_Decoder_old_id_0\ and \ADC_SAR_Seq:ch_addr_0\)
	OR (not \ADC_SAR_Seq:AMuxHw_2_Decoder_old_id_2\ and not \ADC_SAR_Seq:ch_addr_2\ and \ADC_SAR_Seq:AMuxHw_2_Decoder_old_id_5\ and \ADC_SAR_Seq:ch_addr_5\ and \ADC_SAR_Seq:AMuxHw_2_Decoder_old_id_4\ and \ADC_SAR_Seq:ch_addr_4\ and \ADC_SAR_Seq:AMuxHw_2_Decoder_old_id_3\ and \ADC_SAR_Seq:ch_addr_3\ and \ADC_SAR_Seq:AMuxHw_2_Decoder_old_id_1\ and \ADC_SAR_Seq:ch_addr_1\ and \ADC_SAR_Seq:AMuxHw_2_Decoder_old_id_0\ and \ADC_SAR_Seq:ch_addr_0\)
	OR (not \ADC_SAR_Seq:AMuxHw_2_Decoder_old_id_5\ and not \ADC_SAR_Seq:ch_addr_5\ and not \ADC_SAR_Seq:AMuxHw_2_Decoder_old_id_4\ and not \ADC_SAR_Seq:ch_addr_4\ and not \ADC_SAR_Seq:AMuxHw_2_Decoder_old_id_3\ and not \ADC_SAR_Seq:ch_addr_3\ and \ADC_SAR_Seq:AMuxHw_2_Decoder_old_id_2\ and \ADC_SAR_Seq:ch_addr_2\ and \ADC_SAR_Seq:AMuxHw_2_Decoder_old_id_1\ and \ADC_SAR_Seq:ch_addr_1\ and \ADC_SAR_Seq:AMuxHw_2_Decoder_old_id_0\ and \ADC_SAR_Seq:ch_addr_0\)
	OR (not \ADC_SAR_Seq:AMuxHw_2_Decoder_old_id_4\ and not \ADC_SAR_Seq:ch_addr_4\ and not \ADC_SAR_Seq:AMuxHw_2_Decoder_old_id_3\ and not \ADC_SAR_Seq:ch_addr_3\ and \ADC_SAR_Seq:AMuxHw_2_Decoder_old_id_5\ and \ADC_SAR_Seq:ch_addr_5\ and \ADC_SAR_Seq:AMuxHw_2_Decoder_old_id_2\ and \ADC_SAR_Seq:ch_addr_2\ and \ADC_SAR_Seq:AMuxHw_2_Decoder_old_id_1\ and \ADC_SAR_Seq:ch_addr_1\ and \ADC_SAR_Seq:AMuxHw_2_Decoder_old_id_0\ and \ADC_SAR_Seq:ch_addr_0\)
	OR (not \ADC_SAR_Seq:AMuxHw_2_Decoder_old_id_5\ and not \ADC_SAR_Seq:ch_addr_5\ and not \ADC_SAR_Seq:AMuxHw_2_Decoder_old_id_3\ and not \ADC_SAR_Seq:ch_addr_3\ and \ADC_SAR_Seq:AMuxHw_2_Decoder_old_id_4\ and \ADC_SAR_Seq:ch_addr_4\ and \ADC_SAR_Seq:AMuxHw_2_Decoder_old_id_2\ and \ADC_SAR_Seq:ch_addr_2\ and \ADC_SAR_Seq:AMuxHw_2_Decoder_old_id_1\ and \ADC_SAR_Seq:ch_addr_1\ and \ADC_SAR_Seq:AMuxHw_2_Decoder_old_id_0\ and \ADC_SAR_Seq:ch_addr_0\)
	OR (not \ADC_SAR_Seq:AMuxHw_2_Decoder_old_id_3\ and not \ADC_SAR_Seq:ch_addr_3\ and \ADC_SAR_Seq:AMuxHw_2_Decoder_old_id_5\ and \ADC_SAR_Seq:ch_addr_5\ and \ADC_SAR_Seq:AMuxHw_2_Decoder_old_id_4\ and \ADC_SAR_Seq:ch_addr_4\ and \ADC_SAR_Seq:AMuxHw_2_Decoder_old_id_2\ and \ADC_SAR_Seq:ch_addr_2\ and \ADC_SAR_Seq:AMuxHw_2_Decoder_old_id_1\ and \ADC_SAR_Seq:ch_addr_1\ and \ADC_SAR_Seq:AMuxHw_2_Decoder_old_id_0\ and \ADC_SAR_Seq:ch_addr_0\)
	OR (not \ADC_SAR_Seq:AMuxHw_2_Decoder_old_id_5\ and not \ADC_SAR_Seq:ch_addr_5\ and not \ADC_SAR_Seq:AMuxHw_2_Decoder_old_id_4\ and not \ADC_SAR_Seq:ch_addr_4\ and \ADC_SAR_Seq:AMuxHw_2_Decoder_old_id_3\ and \ADC_SAR_Seq:ch_addr_3\ and \ADC_SAR_Seq:AMuxHw_2_Decoder_old_id_2\ and \ADC_SAR_Seq:ch_addr_2\ and \ADC_SAR_Seq:AMuxHw_2_Decoder_old_id_1\ and \ADC_SAR_Seq:ch_addr_1\ and \ADC_SAR_Seq:AMuxHw_2_Decoder_old_id_0\ and \ADC_SAR_Seq:ch_addr_0\)
	OR (not \ADC_SAR_Seq:AMuxHw_2_Decoder_old_id_4\ and not \ADC_SAR_Seq:ch_addr_4\ and \ADC_SAR_Seq:AMuxHw_2_Decoder_old_id_5\ and \ADC_SAR_Seq:ch_addr_5\ and \ADC_SAR_Seq:AMuxHw_2_Decoder_old_id_3\ and \ADC_SAR_Seq:ch_addr_3\ and \ADC_SAR_Seq:AMuxHw_2_Decoder_old_id_2\ and \ADC_SAR_Seq:ch_addr_2\ and \ADC_SAR_Seq:AMuxHw_2_Decoder_old_id_1\ and \ADC_SAR_Seq:ch_addr_1\ and \ADC_SAR_Seq:AMuxHw_2_Decoder_old_id_0\ and \ADC_SAR_Seq:ch_addr_0\)
	OR (not \ADC_SAR_Seq:AMuxHw_2_Decoder_old_id_5\ and not \ADC_SAR_Seq:ch_addr_5\ and \ADC_SAR_Seq:AMuxHw_2_Decoder_old_id_4\ and \ADC_SAR_Seq:ch_addr_4\ and \ADC_SAR_Seq:AMuxHw_2_Decoder_old_id_3\ and \ADC_SAR_Seq:ch_addr_3\ and \ADC_SAR_Seq:AMuxHw_2_Decoder_old_id_2\ and \ADC_SAR_Seq:ch_addr_2\ and \ADC_SAR_Seq:AMuxHw_2_Decoder_old_id_1\ and \ADC_SAR_Seq:ch_addr_1\ and \ADC_SAR_Seq:AMuxHw_2_Decoder_old_id_0\ and \ADC_SAR_Seq:ch_addr_0\)
	OR (\ADC_SAR_Seq:AMuxHw_2_Decoder_old_id_5\ and \ADC_SAR_Seq:ch_addr_5\ and \ADC_SAR_Seq:AMuxHw_2_Decoder_old_id_4\ and \ADC_SAR_Seq:ch_addr_4\ and \ADC_SAR_Seq:AMuxHw_2_Decoder_old_id_3\ and \ADC_SAR_Seq:ch_addr_3\ and \ADC_SAR_Seq:AMuxHw_2_Decoder_old_id_2\ and \ADC_SAR_Seq:ch_addr_2\ and \ADC_SAR_Seq:AMuxHw_2_Decoder_old_id_1\ and \ADC_SAR_Seq:ch_addr_1\ and \ADC_SAR_Seq:AMuxHw_2_Decoder_old_id_0\ and \ADC_SAR_Seq:ch_addr_0\));

Note:  Expanding virtual equation for '\ENGINE_DECODER:Net_1248\' (cost = 2):
\ENGINE_DECODER:Net_1248\ <= ((not \ENGINE_DECODER:Net_1264\ and \ENGINE_DECODER:Net_1275\));

Note:  Expanding virtual equation for '\ENGINE_PWM:PWMUDB:MODULE_12:g2:a0:s_1\' (cost = 2):
\ENGINE_PWM:PWMUDB:MODULE_12:g2:a0:s_1\ <= ((not \ENGINE_PWM:PWMUDB:dith_count_0\ and \ENGINE_PWM:PWMUDB:dith_count_1\)
	OR (not \ENGINE_PWM:PWMUDB:dith_count_1\ and \ENGINE_PWM:PWMUDB:dith_count_0\));

Note:  Expanding virtual equation for '\ENGINE_PWM:PWMUDB:MODULE_12:g2:a0:g1:z1:s0:g1:u0:c_18\' (cost = 0):
\ENGINE_PWM:PWMUDB:MODULE_12:g2:a0:g1:z1:s0:g1:u0:c_18\ <=  ('0') ;

Note:  Expanding virtual equation for '\ENGINE_PWM:PWMUDB:MODULE_12:g2:a0:g1:z1:s0:g1:u0:c_10\' (cost = 0):
\ENGINE_PWM:PWMUDB:MODULE_12:g2:a0:g1:z1:s0:g1:u0:c_10\ <=  ('0') ;

Note:  Expanding virtual equation for '\ENGINE_PWM:PWMUDB:MODULE_12:g2:a0:g1:z1:s0:g1:u0:c_3\' (cost = 0):
\ENGINE_PWM:PWMUDB:MODULE_12:g2:a0:g1:z1:s0:g1:u0:c_3\ <=  ('0') ;


Substituting virtuals - pass 3:

Note:  Expanding virtual equation for '\UART_LOG:BUART:rx_postpoll\' (cost = 72):
\UART_LOG:BUART:rx_postpoll\ <= (MODIN3_1
	OR (Net_4087 and MODIN3_0));

Note:  Expanding virtual equation for '\UART_LOG:BUART:sRX:MODULE_6:g1:a0:gx:u0:xnor_array_0\' (cost = 4):
\UART_LOG:BUART:sRX:MODULE_6:g1:a0:gx:u0:xnor_array_0\ <= ((not Net_4087 and not MODIN3_1 and not \UART_LOG:BUART:rx_parity_bit\)
	OR (not MODIN3_1 and not MODIN3_0 and not \UART_LOG:BUART:rx_parity_bit\)
	OR (MODIN3_1 and \UART_LOG:BUART:rx_parity_bit\)
	OR (Net_4087 and MODIN3_0 and \UART_LOG:BUART:rx_parity_bit\));

Note:  Expanding virtual equation for '\UART_LOG:BUART:sRX:MODULE_6:g1:a0:gx:u0:aeqb_1\' (cost = 4):
\UART_LOG:BUART:sRX:MODULE_6:g1:a0:gx:u0:aeqb_1\ <= ((not Net_4087 and not MODIN3_1 and not \UART_LOG:BUART:rx_parity_bit\)
	OR (not MODIN3_1 and not MODIN3_0 and not \UART_LOG:BUART:rx_parity_bit\)
	OR (MODIN3_1 and \UART_LOG:BUART:rx_parity_bit\)
	OR (Net_4087 and MODIN3_0 and \UART_LOG:BUART:rx_parity_bit\));

Note:  Expanding virtual equation for '\UART_PSOC:BUART:rx_postpoll\' (cost = 72):
\UART_PSOC:BUART:rx_postpoll\ <= (\UART_PSOC:BUART:pollcount_1\
	OR (Net_4099 and \UART_PSOC:BUART:pollcount_0\));

Note:  Expanding virtual equation for '\UART_PSOC:BUART:sRX:MODULE_11:g1:a0:gx:u0:xnor_array_0\' (cost = 4):
\UART_PSOC:BUART:sRX:MODULE_11:g1:a0:gx:u0:xnor_array_0\ <= ((not Net_4099 and not \UART_PSOC:BUART:pollcount_1\ and not \UART_PSOC:BUART:rx_parity_bit\)
	OR (not \UART_PSOC:BUART:pollcount_1\ and not \UART_PSOC:BUART:pollcount_0\ and not \UART_PSOC:BUART:rx_parity_bit\)
	OR (\UART_PSOC:BUART:pollcount_1\ and \UART_PSOC:BUART:rx_parity_bit\)
	OR (Net_4099 and \UART_PSOC:BUART:pollcount_0\ and \UART_PSOC:BUART:rx_parity_bit\));

Note:  Expanding virtual equation for '\UART_PSOC:BUART:sRX:MODULE_11:g1:a0:gx:u0:aeqb_1\' (cost = 4):
\UART_PSOC:BUART:sRX:MODULE_11:g1:a0:gx:u0:aeqb_1\ <= ((not Net_4099 and not \UART_PSOC:BUART:pollcount_1\ and not \UART_PSOC:BUART:rx_parity_bit\)
	OR (not \UART_PSOC:BUART:pollcount_1\ and not \UART_PSOC:BUART:pollcount_0\ and not \UART_PSOC:BUART:rx_parity_bit\)
	OR (\UART_PSOC:BUART:pollcount_1\ and \UART_PSOC:BUART:rx_parity_bit\)
	OR (Net_4099 and \UART_PSOC:BUART:pollcount_0\ and \UART_PSOC:BUART:rx_parity_bit\));

Note:  Virtual signal \ADC_SAR_Seq:AMuxHw_2_Decoder_is_active\ with ( cost: 128 or cost_inv: -1)  > 90 or with size: 64 > 102 has been made a (soft) node.
\ADC_SAR_Seq:AMuxHw_2_Decoder_is_active\ <= ((not \ADC_SAR_Seq:AMuxHw_2_Decoder_old_id_5\ and not \ADC_SAR_Seq:ch_addr_5\ and not \ADC_SAR_Seq:AMuxHw_2_Decoder_old_id_4\ and not \ADC_SAR_Seq:ch_addr_4\ and not \ADC_SAR_Seq:AMuxHw_2_Decoder_old_id_3\ and not \ADC_SAR_Seq:ch_addr_3\ and not \ADC_SAR_Seq:AMuxHw_2_Decoder_old_id_2\ and not \ADC_SAR_Seq:ch_addr_2\ and not \ADC_SAR_Seq:AMuxHw_2_Decoder_old_id_1\ and not \ADC_SAR_Seq:ch_addr_1\ and not \ADC_SAR_Seq:AMuxHw_2_Decoder_old_id_0\ and not \ADC_SAR_Seq:ch_addr_0\)
	OR (not \ADC_SAR_Seq:AMuxHw_2_Decoder_old_id_4\ and not \ADC_SAR_Seq:ch_addr_4\ and not \ADC_SAR_Seq:AMuxHw_2_Decoder_old_id_3\ and not \ADC_SAR_Seq:ch_addr_3\ and not \ADC_SAR_Seq:AMuxHw_2_Decoder_old_id_2\ and not \ADC_SAR_Seq:ch_addr_2\ and not \ADC_SAR_Seq:AMuxHw_2_Decoder_old_id_1\ and not \ADC_SAR_Seq:ch_addr_1\ and not \ADC_SAR_Seq:AMuxHw_2_Decoder_old_id_0\ and not \ADC_SAR_Seq:ch_addr_0\ and \ADC_SAR_Seq:AMuxHw_2_Decoder_old_id_5\ and \ADC_SAR_Seq:ch_addr_5\)
	OR (not \ADC_SAR_Seq:AMuxHw_2_Decoder_old_id_5\ and not \ADC_SAR_Seq:ch_addr_5\ and not \ADC_SAR_Seq:AMuxHw_2_Decoder_old_id_3\ and not \ADC_SAR_Seq:ch_addr_3\ and not \ADC_SAR_Seq:AMuxHw_2_Decoder_old_id_2\ and not \ADC_SAR_Seq:ch_addr_2\ and not \ADC_SAR_Seq:AMuxHw_2_Decoder_old_id_1\ and not \ADC_SAR_Seq:ch_addr_1\ and not \ADC_SAR_Seq:AMuxHw_2_Decoder_old_id_0\ and not \ADC_SAR_Seq:ch_addr_0\ and \ADC_SAR_Seq:AMuxHw_2_Decoder_old_id_4\ and \ADC_SAR_Seq:ch_addr_4\)
	OR (not \ADC_SAR_Seq:AMuxHw_2_Decoder_old_id_3\ and not \ADC_SAR_Seq:ch_addr_3\ and not \ADC_SAR_Seq:AMuxHw_2_Decoder_old_id_2\ and not \ADC_SAR_Seq:ch_addr_2\ and not \ADC_SAR_Seq:AMuxHw_2_Decoder_old_id_1\ and not \ADC_SAR_Seq:ch_addr_1\ and not \ADC_SAR_Seq:AMuxHw_2_Decoder_old_id_0\ and not \ADC_SAR_Seq:ch_addr_0\ and \ADC_SAR_Seq:AMuxHw_2_Decoder_old_id_5\ and \ADC_SAR_Seq:ch_addr_5\ and \ADC_SAR_Seq:AMuxHw_2_Decoder_old_id_4\ and \ADC_SAR_Seq:ch_addr_4\)
	OR (not \ADC_SAR_Seq:AMuxHw_2_Decoder_old_id_5\ and not \ADC_SAR_Seq:ch_addr_5\ and not \ADC_SAR_Seq:AMuxHw_2_Decoder_old_id_4\ and not \ADC_SAR_Seq:ch_addr_4\ and not \ADC_SAR_Seq:AMuxHw_2_Decoder_old_id_2\ and not \ADC_SAR_Seq:ch_addr_2\ and not \ADC_SAR_Seq:AMuxHw_2_Decoder_old_id_1\ and not \ADC_SAR_Seq:ch_addr_1\ and not \ADC_SAR_Seq:AMuxHw_2_Decoder_old_id_0\ and not \ADC_SAR_Seq:ch_addr_0\ and \ADC_SAR_Seq:AMuxHw_2_Decoder_old_id_3\ and \ADC_SAR_Seq:ch_addr_3\)
	OR (not \ADC_SAR_Seq:AMuxHw_2_Decoder_old_id_4\ and not \ADC_SAR_Seq:ch_addr_4\ and not \ADC_SAR_Seq:AMuxHw_2_Decoder_old_id_2\ and not \ADC_SAR_Seq:ch_addr_2\ and not \ADC_SAR_Seq:AMuxHw_2_Decoder_old_id_1\ and not \ADC_SAR_Seq:ch_addr_1\ and not \ADC_SAR_Seq:AMuxHw_2_Decoder_old_id_0\ and not \ADC_SAR_Seq:ch_addr_0\ and \ADC_SAR_Seq:AMuxHw_2_Decoder_old_id_5\ and \ADC_SAR_Seq:ch_addr_5\ and \ADC_SAR_Seq:AMuxHw_2_Decoder_old_id_3\ and \ADC_SAR_Seq:ch_addr_3\)
	OR (not \ADC_SAR_Seq:AMuxHw_2_Decoder_old_id_5\ and not \ADC_SAR_Seq:ch_addr_5\ and not \ADC_SAR_Seq:AMuxHw_2_Decoder_old_id_2\ and not \ADC_SAR_Seq:ch_addr_2\ and not \ADC_SAR_Seq:AMuxHw_2_Decoder_old_id_1\ and not \ADC_SAR_Seq:ch_addr_1\ and not \ADC_SAR_Seq:AMuxHw_2_Decoder_old_id_0\ and not \ADC_SAR_Seq:ch_addr_0\ and \ADC_SAR_Seq:AMuxHw_2_Decoder_old_id_4\ and \ADC_SAR_Seq:ch_addr_4\ and \ADC_SAR_Seq:AMuxHw_2_Decoder_old_id_3\ and \ADC_SAR_Seq:ch_addr_3\)
	OR (not \ADC_SAR_Seq:AMuxHw_2_Decoder_old_id_2\ and not \ADC_SAR_Seq:ch_addr_2\ and not \ADC_SAR_Seq:AMuxHw_2_Decoder_old_id_1\ and not \ADC_SAR_Seq:ch_addr_1\ and not \ADC_SAR_Seq:AMuxHw_2_Decoder_old_id_0\ and not \ADC_SAR_Seq:ch_addr_0\ and \ADC_SAR_Seq:AMuxHw_2_Decoder_old_id_5\ and \ADC_SAR_Seq:ch_addr_5\ and \ADC_SAR_Seq:AMuxHw_2_Decoder_old_id_4\ and \ADC_SAR_Seq:ch_addr_4\ and \ADC_SAR_Seq:AMuxHw_2_Decoder_old_id_3\ and \ADC_SAR_Seq:ch_addr_3\)
	OR (not \ADC_SAR_Seq:AMuxHw_2_Decoder_old_id_5\ and not \ADC_SAR_Seq:ch_addr_5\ and not \ADC_SAR_Seq:AMuxHw_2_Decoder_old_id_4\ and not \ADC_SAR_Seq:ch_addr_4\ and not \ADC_SAR_Seq:AMuxHw_2_Decoder_old_id_3\ and not \ADC_SAR_Seq:ch_addr_3\ and not \ADC_SAR_Seq:AMuxHw_2_Decoder_old_id_1\ and not \ADC_SAR_Seq:ch_addr_1\ and not \ADC_SAR_Seq:AMuxHw_2_Decoder_old_id_0\ and not \ADC_SAR_Seq:ch_addr_0\ and \ADC_SAR_Seq:AMuxHw_2_Decoder_old_id_2\ and \ADC_SAR_Seq:ch_addr_2\)
	OR (not \ADC_SAR_Seq:AMuxHw_2_Decoder_old_id_4\ and not \ADC_SAR_Seq:ch_addr_4\ and not \ADC_SAR_Seq:AMuxHw_2_Decoder_old_id_3\ and not \ADC_SAR_Seq:ch_addr_3\ and not \ADC_SAR_Seq:AMuxHw_2_Decoder_old_id_1\ and not \ADC_SAR_Seq:ch_addr_1\ and not \ADC_SAR_Seq:AMuxHw_2_Decoder_old_id_0\ and not \ADC_SAR_Seq:ch_addr_0\ and \ADC_SAR_Seq:AMuxHw_2_Decoder_old_id_5\ and \ADC_SAR_Seq:ch_addr_5\ and \ADC_SAR_Seq:AMuxHw_2_Decoder_old_id_2\ and \ADC_SAR_Seq:ch_addr_2\)
	OR (not \ADC_SAR_Seq:AMuxHw_2_Decoder_old_id_5\ and not \ADC_SAR_Seq:ch_addr_5\ and not \ADC_SAR_Seq:AMuxHw_2_Decoder_old_id_3\ and not \ADC_SAR_Seq:ch_addr_3\ and not \ADC_SAR_Seq:AMuxHw_2_Decoder_old_id_1\ and not \ADC_SAR_Seq:ch_addr_1\ and not \ADC_SAR_Seq:AMuxHw_2_Decoder_old_id_0\ and not \ADC_SAR_Seq:ch_addr_0\ and \ADC_SAR_Seq:AMuxHw_2_Decoder_old_id_4\ and \ADC_SAR_Seq:ch_addr_4\ and \ADC_SAR_Seq:AMuxHw_2_Decoder_old_id_2\ and \ADC_SAR_Seq:ch_addr_2\)
	OR (not \ADC_SAR_Seq:AMuxHw_2_Decoder_old_id_3\ and not \ADC_SAR_Seq:ch_addr_3\ and not \ADC_SAR_Seq:AMuxHw_2_Decoder_old_id_1\ and not \ADC_SAR_Seq:ch_addr_1\ and not \ADC_SAR_Seq:AMuxHw_2_Decoder_old_id_0\ and not \ADC_SAR_Seq:ch_addr_0\ and \ADC_SAR_Seq:AMuxHw_2_Decoder_old_id_5\ and \ADC_SAR_Seq:ch_addr_5\ and \ADC_SAR_Seq:AMuxHw_2_Decoder_old_id_4\ and \ADC_SAR_Seq:ch_addr_4\ and \ADC_SAR_Seq:AMuxHw_2_Decoder_old_id_2\ and \ADC_SAR_Seq:ch_addr_2\)
	OR (not \ADC_SAR_Seq:AMuxHw_2_Decoder_old_id_5\ and not \ADC_SAR_Seq:ch_addr_5\ and not \ADC_SAR_Seq:AMuxHw_2_Decoder_old_id_4\ and not \ADC_SAR_Seq:ch_addr_4\ and not \ADC_SAR_Seq:AMuxHw_2_Decoder_old_id_1\ and not \ADC_SAR_Seq:ch_addr_1\ and not \ADC_SAR_Seq:AMuxHw_2_Decoder_old_id_0\ and not \ADC_SAR_Seq:ch_addr_0\ and \ADC_SAR_Seq:AMuxHw_2_Decoder_old_id_3\ and \ADC_SAR_Seq:ch_addr_3\ and \ADC_SAR_Seq:AMuxHw_2_Decoder_old_id_2\ and \ADC_SAR_Seq:ch_addr_2\)
	OR (not \ADC_SAR_Seq:AMuxHw_2_Decoder_old_id_4\ and not \ADC_SAR_Seq:ch_addr_4\ and not \ADC_SAR_Seq:AMuxHw_2_Decoder_old_id_1\ and not \ADC_SAR_Seq:ch_addr_1\ and not \ADC_SAR_Seq:AMuxHw_2_Decoder_old_id_0\ and not \ADC_SAR_Seq:ch_addr_0\ and \ADC_SAR_Seq:AMuxHw_2_Decoder_old_id_5\ and \ADC_SAR_Seq:ch_addr_5\ and \ADC_SAR_Seq:AMuxHw_2_Decoder_old_id_3\ and \ADC_SAR_Seq:ch_addr_3\ and \ADC_SAR_Seq:AMuxHw_2_Decoder_old_id_2\ and \ADC_SAR_Seq:ch_addr_2\)
	OR (not \ADC_SAR_Seq:AMuxHw_2_Decoder_old_id_5\ and not \ADC_SAR_Seq:ch_addr_5\ and not \ADC_SAR_Seq:AMuxHw_2_Decoder_old_id_1\ and not \ADC_SAR_Seq:ch_addr_1\ and not \ADC_SAR_Seq:AMuxHw_2_Decoder_old_id_0\ and not \ADC_SAR_Seq:ch_addr_0\ and \ADC_SAR_Seq:AMuxHw_2_Decoder_old_id_4\ and \ADC_SAR_Seq:ch_addr_4\ and \ADC_SAR_Seq:AMuxHw_2_Decoder_old_id_3\ and \ADC_SAR_Seq:ch_addr_3\ and \ADC_SAR_Seq:AMuxHw_2_Decoder_old_id_2\ and \ADC_SAR_Seq:ch_addr_2\)
	OR (not \ADC_SAR_Seq:AMuxHw_2_Decoder_old_id_1\ and not \ADC_SAR_Seq:ch_addr_1\ and not \ADC_SAR_Seq:AMuxHw_2_Decoder_old_id_0\ and not \ADC_SAR_Seq:ch_addr_0\ and \ADC_SAR_Seq:AMuxHw_2_Decoder_old_id_5\ and \ADC_SAR_Seq:ch_addr_5\ and \ADC_SAR_Seq:AMuxHw_2_Decoder_old_id_4\ and \ADC_SAR_Seq:ch_addr_4\ and \ADC_SAR_Seq:AMuxHw_2_Decoder_old_id_3\ and \ADC_SAR_Seq:ch_addr_3\ and \ADC_SAR_Seq:AMuxHw_2_Decoder_old_id_2\ and \ADC_SAR_Seq:ch_addr_2\)
	OR (not \ADC_SAR_Seq:AMuxHw_2_Decoder_old_id_5\ and not \ADC_SAR_Seq:ch_addr_5\ and not \ADC_SAR_Seq:AMuxHw_2_Decoder_old_id_4\ and not \ADC_SAR_Seq:ch_addr_4\ and not \ADC_SAR_Seq:AMuxHw_2_Decoder_old_id_3\ and not \ADC_SAR_Seq:ch_addr_3\ and not \ADC_SAR_Seq:AMuxHw_2_Decoder_old_id_2\ and not \ADC_SAR_Seq:ch_addr_2\ and not \ADC_SAR_Seq:AMuxHw_2_Decoder_old_id_0\ and not \ADC_SAR_Seq:ch_addr_0\ and \ADC_SAR_Seq:AMuxHw_2_Decoder_old_id_1\ and \ADC_SAR_Seq:ch_addr_1\)
	OR (not \ADC_SAR_Seq:AMuxHw_2_Decoder_old_id_4\ and not \ADC_SAR_Seq:ch_addr_4\ and not \ADC_SAR_Seq:AMuxHw_2_Decoder_old_id_3\ and not \ADC_SAR_Seq:ch_addr_3\ and not \ADC_SAR_Seq:AMuxHw_2_Decoder_old_id_2\ and not \ADC_SAR_Seq:ch_addr_2\ and not \ADC_SAR_Seq:AMuxHw_2_Decoder_old_id_0\ and not \ADC_SAR_Seq:ch_addr_0\ and \ADC_SAR_Seq:AMuxHw_2_Decoder_old_id_5\ and \ADC_SAR_Seq:ch_addr_5\ and \ADC_SAR_Seq:AMuxHw_2_Decoder_old_id_1\ and \ADC_SAR_Seq:ch_addr_1\)
	OR (not \ADC_SAR_Seq:AMuxHw_2_Decoder_old_id_5\ and not \ADC_SAR_Seq:ch_addr_5\ and not \ADC_SAR_Seq:AMuxHw_2_Decoder_old_id_3\ and not \ADC_SAR_Seq:ch_addr_3\ and not \ADC_SAR_Seq:AMuxHw_2_Decoder_old_id_2\ and not \ADC_SAR_Seq:ch_addr_2\ and not \ADC_SAR_Seq:AMuxHw_2_Decoder_old_id_0\ and not \ADC_SAR_Seq:ch_addr_0\ and \ADC_SAR_Seq:AMuxHw_2_Decoder_old_id_4\ and \ADC_SAR_Seq:ch_addr_4\ and \ADC_SAR_Seq:AMuxHw_2_Decoder_old_id_1\ and \ADC_SAR_Seq:ch_addr_1\)
	OR (not \ADC_SAR_Seq:AMuxHw_2_Decoder_old_id_3\ and not \ADC_SAR_Seq:ch_addr_3\ and not \ADC_SAR_Seq:AMuxHw_2_Decoder_old_id_2\ and not \ADC_SAR_Seq:ch_addr_2\ and not \ADC_SAR_Seq:AMuxHw_2_Decoder_old_id_0\ and not \ADC_SAR_Seq:ch_addr_0\ and \ADC_SAR_Seq:AMuxHw_2_Decoder_old_id_5\ and \ADC_SAR_Seq:ch_addr_5\ and \ADC_SAR_Seq:AMuxHw_2_Decoder_old_id_4\ and \ADC_SAR_Seq:ch_addr_4\ and \ADC_SAR_Seq:AMuxHw_2_Decoder_old_id_1\ and \ADC_SAR_Seq:ch_addr_1\)
	OR (not \ADC_SAR_Seq:AMuxHw_2_Decoder_old_id_5\ and not \ADC_SAR_Seq:ch_addr_5\ and not \ADC_SAR_Seq:AMuxHw_2_Decoder_old_id_4\ and not \ADC_SAR_Seq:ch_addr_4\ and not \ADC_SAR_Seq:AMuxHw_2_Decoder_old_id_2\ and not \ADC_SAR_Seq:ch_addr_2\ and not \ADC_SAR_Seq:AMuxHw_2_Decoder_old_id_0\ and not \ADC_SAR_Seq:ch_addr_0\ and \ADC_SAR_Seq:AMuxHw_2_Decoder_old_id_3\ and \ADC_SAR_Seq:ch_addr_3\ and \ADC_SAR_Seq:AMuxHw_2_Decoder_old_id_1\ and \ADC_SAR_Seq:ch_addr_1\)
	OR (not \ADC_SAR_Seq:AMuxHw_2_Decoder_old_id_4\ and not \ADC_SAR_Seq:ch_addr_4\ and not \ADC_SAR_Seq:AMuxHw_2_Decoder_old_id_2\ and not \ADC_SAR_Seq:ch_addr_2\ and not \ADC_SAR_Seq:AMuxHw_2_Decoder_old_id_0\ and not \ADC_SAR_Seq:ch_addr_0\ and \ADC_SAR_Seq:AMuxHw_2_Decoder_old_id_5\ and \ADC_SAR_Seq:ch_addr_5\ and \ADC_SAR_Seq:AMuxHw_2_Decoder_old_id_3\ and \ADC_SAR_Seq:ch_addr_3\ and \ADC_SAR_Seq:AMuxHw_2_Decoder_old_id_1\ and \ADC_SAR_Seq:ch_addr_1\)
	OR (not \ADC_SAR_Seq:AMuxHw_2_Decoder_old_id_5\ and not \ADC_SAR_Seq:ch_addr_5\ and not \ADC_SAR_Seq:AMuxHw_2_Decoder_old_id_2\ and not \ADC_SAR_Seq:ch_addr_2\ and not \ADC_SAR_Seq:AMuxHw_2_Decoder_old_id_0\ and not \ADC_SAR_Seq:ch_addr_0\ and \ADC_SAR_Seq:AMuxHw_2_Decoder_old_id_4\ and \ADC_SAR_Seq:ch_addr_4\ and \ADC_SAR_Seq:AMuxHw_2_Decoder_old_id_3\ and \ADC_SAR_Seq:ch_addr_3\ and \ADC_SAR_Seq:AMuxHw_2_Decoder_old_id_1\ and \ADC_SAR_Seq:ch_addr_1\)
	OR (not \ADC_SAR_Seq:AMuxHw_2_Decoder_old_id_2\ and not \ADC_SAR_Seq:ch_addr_2\ and not \ADC_SAR_Seq:AMuxHw_2_Decoder_old_id_0\ and not \ADC_SAR_Seq:ch_addr_0\ and \ADC_SAR_Seq:AMuxHw_2_Decoder_old_id_5\ and \ADC_SAR_Seq:ch_addr_5\ and \ADC_SAR_Seq:AMuxHw_2_Decoder_old_id_4\ and \ADC_SAR_Seq:ch_addr_4\ and \ADC_SAR_Seq:AMuxHw_2_Decoder_old_id_3\ and \ADC_SAR_Seq:ch_addr_3\ and \ADC_SAR_Seq:AMuxHw_2_Decoder_old_id_1\ and \ADC_SAR_Seq:ch_addr_1\)
	OR (not \ADC_SAR_Seq:AMuxHw_2_Decoder_old_id_5\ and not \ADC_SAR_Seq:ch_addr_5\ and not \ADC_SAR_Seq:AMuxHw_2_Decoder_old_id_4\ and not \ADC_SAR_Seq:ch_addr_4\ and not \ADC_SAR_Seq:AMuxHw_2_Decoder_old_id_3\ and not \ADC_SAR_Seq:ch_addr_3\ and not \ADC_SAR_Seq:AMuxHw_2_Decoder_old_id_0\ and not \ADC_SAR_Seq:ch_addr_0\ and \ADC_SAR_Seq:AMuxHw_2_Decoder_old_id_2\ and \ADC_SAR_Seq:ch_addr_2\ and \ADC_SAR_Seq:AMuxHw_2_Decoder_old_id_1\ and \ADC_SAR_Seq:ch_addr_1\)
	OR (not \ADC_SAR_Seq:AMuxHw_2_Decoder_old_id_4\ and not \ADC_SAR_Seq:ch_addr_4\ and not \ADC_SAR_Seq:AMuxHw_2_Decoder_old_id_3\ and not \ADC_SAR_Seq:ch_addr_3\ and not \ADC_SAR_Seq:AMuxHw_2_Decoder_old_id_0\ and not \ADC_SAR_Seq:ch_addr_0\ and \ADC_SAR_Seq:AMuxHw_2_Decoder_old_id_5\ and \ADC_SAR_Seq:ch_addr_5\ and \ADC_SAR_Seq:AMuxHw_2_Decoder_old_id_2\ and \ADC_SAR_Seq:ch_addr_2\ and \ADC_SAR_Seq:AMuxHw_2_Decoder_old_id_1\ and \ADC_SAR_Seq:ch_addr_1\)
	OR (not \ADC_SAR_Seq:AMuxHw_2_Decoder_old_id_5\ and not \ADC_SAR_Seq:ch_addr_5\ and not \ADC_SAR_Seq:AMuxHw_2_Decoder_old_id_3\ and not \ADC_SAR_Seq:ch_addr_3\ and not \ADC_SAR_Seq:AMuxHw_2_Decoder_old_id_0\ and not \ADC_SAR_Seq:ch_addr_0\ and \ADC_SAR_Seq:AMuxHw_2_Decoder_old_id_4\ and \ADC_SAR_Seq:ch_addr_4\ and \ADC_SAR_Seq:AMuxHw_2_Decoder_old_id_2\ and \ADC_SAR_Seq:ch_addr_2\ and \ADC_SAR_Seq:AMuxHw_2_Decoder_old_id_1\ and \ADC_SAR_Seq:ch_addr_1\)
	OR (not \ADC_SAR_Seq:AMuxHw_2_Decoder_old_id_3\ and not \ADC_SAR_Seq:ch_addr_3\ and not \ADC_SAR_Seq:AMuxHw_2_Decoder_old_id_0\ and not \ADC_SAR_Seq:ch_addr_0\ and \ADC_SAR_Seq:AMuxHw_2_Decoder_old_id_5\ and \ADC_SAR_Seq:ch_addr_5\ and \ADC_SAR_Seq:AMuxHw_2_Decoder_old_id_4\ and \ADC_SAR_Seq:ch_addr_4\ and \ADC_SAR_Seq:AMuxHw_2_Decoder_old_id_2\ and \ADC_SAR_Seq:ch_addr_2\ and \ADC_SAR_Seq:AMuxHw_2_Decoder_old_id_1\ and \ADC_SAR_Seq:ch_addr_1\)
	OR (not \ADC_SAR_Seq:AMuxHw_2_Decoder_old_id_5\ and not \ADC_SAR_Seq:ch_addr_5\ and not \ADC_SAR_Seq:AMuxHw_2_Decoder_old_id_4\ and not \ADC_SAR_Seq:ch_addr_4\ and not \ADC_SAR_Seq:AMuxHw_2_Decoder_old_id_0\ and not \ADC_SAR_Seq:ch_addr_0\ and \ADC_SAR_Seq:AMuxHw_2_Decoder_old_id_3\ and \ADC_SAR_Seq:ch_addr_3\ and \ADC_SAR_Seq:AMuxHw_2_Decoder_old_id_2\ and \ADC_SAR_Seq:ch_addr_2\ and \ADC_SAR_Seq:AMuxHw_2_Decoder_old_id_1\ and \ADC_SAR_Seq:ch_addr_1\)
	OR (not \ADC_SAR_Seq:AMuxHw_2_Decoder_old_id_4\ and not \ADC_SAR_Seq:ch_addr_4\ and not \ADC_SAR_Seq:AMuxHw_2_Decoder_old_id_0\ and not \ADC_SAR_Seq:ch_addr_0\ and \ADC_SAR_Seq:AMuxHw_2_Decoder_old_id_5\ and \ADC_SAR_Seq:ch_addr_5\ and \ADC_SAR_Seq:AMuxHw_2_Decoder_old_id_3\ and \ADC_SAR_Seq:ch_addr_3\ and \ADC_SAR_Seq:AMuxHw_2_Decoder_old_id_2\ and \ADC_SAR_Seq:ch_addr_2\ and \ADC_SAR_Seq:AMuxHw_2_Decoder_old_id_1\ and \ADC_SAR_Seq:ch_addr_1\)
	OR (not \ADC_SAR_Seq:AMuxHw_2_Decoder_old_id_5\ and not \ADC_SAR_Seq:ch_addr_5\ and not \ADC_SAR_Seq:AMuxHw_2_Decoder_old_id_0\ and not \ADC_SAR_Seq:ch_addr_0\ and \ADC_SAR_Seq:AMuxHw_2_Decoder_old_id_4\ and \ADC_SAR_Seq:ch_addr_4\ and \ADC_SAR_Seq:AMuxHw_2_Decoder_old_id_3\ and \ADC_SAR_Seq:ch_addr_3\ and \ADC_SAR_Seq:AMuxHw_2_Decoder_old_id_2\ and \ADC_SAR_Seq:ch_addr_2\ and \ADC_SAR_Seq:AMuxHw_2_Decoder_old_id_1\ and \ADC_SAR_Seq:ch_addr_1\)
	OR (not \ADC_SAR_Seq:AMuxHw_2_Decoder_old_id_0\ and not \ADC_SAR_Seq:ch_addr_0\ and \ADC_SAR_Seq:AMuxHw_2_Decoder_old_id_5\ and \ADC_SAR_Seq:ch_addr_5\ and \ADC_SAR_Seq:AMuxHw_2_Decoder_old_id_4\ and \ADC_SAR_Seq:ch_addr_4\ and \ADC_SAR_Seq:AMuxHw_2_Decoder_old_id_3\ and \ADC_SAR_Seq:ch_addr_3\ and \ADC_SAR_Seq:AMuxHw_2_Decoder_old_id_2\ and \ADC_SAR_Seq:ch_addr_2\ and \ADC_SAR_Seq:AMuxHw_2_Decoder_old_id_1\ and \ADC_SAR_Seq:ch_addr_1\)
	OR (not \ADC_SAR_Seq:AMuxHw_2_Decoder_old_id_5\ and not \ADC_SAR_Seq:ch_addr_5\ and not \ADC_SAR_Seq:AMuxHw_2_Decoder_old_id_4\ and not \ADC_SAR_Seq:ch_addr_4\ and not \ADC_SAR_Seq:AMuxHw_2_Decoder_old_id_3\ and not \ADC_SAR_Seq:ch_addr_3\ and not \ADC_SAR_Seq:AMuxHw_2_Decoder_old_id_2\ and not \ADC_SAR_Seq:ch_addr_2\ and not \ADC_SAR_Seq:AMuxHw_2_Decoder_old_id_1\ and not \ADC_SAR_Seq:ch_addr_1\ and \ADC_SAR_Seq:AMuxHw_2_Decoder_old_id_0\ and \ADC_SAR_Seq:ch_addr_0\)
	OR (not \ADC_SAR_Seq:AMuxHw_2_Decoder_old_id_4\ and not \ADC_SAR_Seq:ch_addr_4\ and not \ADC_SAR_Seq:AMuxHw_2_Decoder_old_id_3\ and not \ADC_SAR_Seq:ch_addr_3\ and not \ADC_SAR_Seq:AMuxHw_2_Decoder_old_id_2\ and not \ADC_SAR_Seq:ch_addr_2\ and not \ADC_SAR_Seq:AMuxHw_2_Decoder_old_id_1\ and not \ADC_SAR_Seq:ch_addr_1\ and \ADC_SAR_Seq:AMuxHw_2_Decoder_old_id_5\ and \ADC_SAR_Seq:ch_addr_5\ and \ADC_SAR_Seq:AMuxHw_2_Decoder_old_id_0\ and \ADC_SAR_Seq:ch_addr_0\)
	OR (not \ADC_SAR_Seq:AMuxHw_2_Decoder_old_id_5\ and not \ADC_SAR_Seq:ch_addr_5\ and not \ADC_SAR_Seq:AMuxHw_2_Decoder_old_id_3\ and not \ADC_SAR_Seq:ch_addr_3\ and not \ADC_SAR_Seq:AMuxHw_2_Decoder_old_id_2\ and not \ADC_SAR_Seq:ch_addr_2\ and not \ADC_SAR_Seq:AMuxHw_2_Decoder_old_id_1\ and not \ADC_SAR_Seq:ch_addr_1\ and \ADC_SAR_Seq:AMuxHw_2_Decoder_old_id_4\ and \ADC_SAR_Seq:ch_addr_4\ and \ADC_SAR_Seq:AMuxHw_2_Decoder_old_id_0\ and \ADC_SAR_Seq:ch_addr_0\)
	OR (not \ADC_SAR_Seq:AMuxHw_2_Decoder_old_id_3\ and not \ADC_SAR_Seq:ch_addr_3\ and not \ADC_SAR_Seq:AMuxHw_2_Decoder_old_id_2\ and not \ADC_SAR_Seq:ch_addr_2\ and not \ADC_SAR_Seq:AMuxHw_2_Decoder_old_id_1\ and not \ADC_SAR_Seq:ch_addr_1\ and \ADC_SAR_Seq:AMuxHw_2_Decoder_old_id_5\ and \ADC_SAR_Seq:ch_addr_5\ and \ADC_SAR_Seq:AMuxHw_2_Decoder_old_id_4\ and \ADC_SAR_Seq:ch_addr_4\ and \ADC_SAR_Seq:AMuxHw_2_Decoder_old_id_0\ and \ADC_SAR_Seq:ch_addr_0\)
	OR (not \ADC_SAR_Seq:AMuxHw_2_Decoder_old_id_5\ and not \ADC_SAR_Seq:ch_addr_5\ and not \ADC_SAR_Seq:AMuxHw_2_Decoder_old_id_4\ and not \ADC_SAR_Seq:ch_addr_4\ and not \ADC_SAR_Seq:AMuxHw_2_Decoder_old_id_2\ and not \ADC_SAR_Seq:ch_addr_2\ and not \ADC_SAR_Seq:AMuxHw_2_Decoder_old_id_1\ and not \ADC_SAR_Seq:ch_addr_1\ and \ADC_SAR_Seq:AMuxHw_2_Decoder_old_id_3\ and \ADC_SAR_Seq:ch_addr_3\ and \ADC_SAR_Seq:AMuxHw_2_Decoder_old_id_0\ and \ADC_SAR_Seq:ch_addr_0\)
	OR (not \ADC_SAR_Seq:AMuxHw_2_Decoder_old_id_4\ and not \ADC_SAR_Seq:ch_addr_4\ and not \ADC_SAR_Seq:AMuxHw_2_Decoder_old_id_2\ and not \ADC_SAR_Seq:ch_addr_2\ and not \ADC_SAR_Seq:AMuxHw_2_Decoder_old_id_1\ and not \ADC_SAR_Seq:ch_addr_1\ and \ADC_SAR_Seq:AMuxHw_2_Decoder_old_id_5\ and \ADC_SAR_Seq:ch_addr_5\ and \ADC_SAR_Seq:AMuxHw_2_Decoder_old_id_3\ and \ADC_SAR_Seq:ch_addr_3\ and \ADC_SAR_Seq:AMuxHw_2_Decoder_old_id_0\ and \ADC_SAR_Seq:ch_addr_0\)
	OR (not \ADC_SAR_Seq:AMuxHw_2_Decoder_old_id_5\ and not \ADC_SAR_Seq:ch_addr_5\ and not \ADC_SAR_Seq:AMuxHw_2_Decoder_old_id_2\ and not \ADC_SAR_Seq:ch_addr_2\ and not \ADC_SAR_Seq:AMuxHw_2_Decoder_old_id_1\ and not \ADC_SAR_Seq:ch_addr_1\ and \ADC_SAR_Seq:AMuxHw_2_Decoder_old_id_4\ and \ADC_SAR_Seq:ch_addr_4\ and \ADC_SAR_Seq:AMuxHw_2_Decoder_old_id_3\ and \ADC_SAR_Seq:ch_addr_3\ and \ADC_SAR_Seq:AMuxHw_2_Decoder_old_id_0\ and \ADC_SAR_Seq:ch_addr_0\)
	OR (not \ADC_SAR_Seq:AMuxHw_2_Decoder_old_id_2\ and not \ADC_SAR_Seq:ch_addr_2\ and not \ADC_SAR_Seq:AMuxHw_2_Decoder_old_id_1\ and not \ADC_SAR_Seq:ch_addr_1\ and \ADC_SAR_Seq:AMuxHw_2_Decoder_old_id_5\ and \ADC_SAR_Seq:ch_addr_5\ and \ADC_SAR_Seq:AMuxHw_2_Decoder_old_id_4\ and \ADC_SAR_Seq:ch_addr_4\ and \ADC_SAR_Seq:AMuxHw_2_Decoder_old_id_3\ and \ADC_SAR_Seq:ch_addr_3\ and \ADC_SAR_Seq:AMuxHw_2_Decoder_old_id_0\ and \ADC_SAR_Seq:ch_addr_0\)
	OR (not \ADC_SAR_Seq:AMuxHw_2_Decoder_old_id_5\ and not \ADC_SAR_Seq:ch_addr_5\ and not \ADC_SAR_Seq:AMuxHw_2_Decoder_old_id_4\ and not \ADC_SAR_Seq:ch_addr_4\ and not \ADC_SAR_Seq:AMuxHw_2_Decoder_old_id_3\ and not \ADC_SAR_Seq:ch_addr_3\ and not \ADC_SAR_Seq:AMuxHw_2_Decoder_old_id_1\ and not \ADC_SAR_Seq:ch_addr_1\ and \ADC_SAR_Seq:AMuxHw_2_Decoder_old_id_2\ and \ADC_SAR_Seq:ch_addr_2\ and \ADC_SAR_Seq:AMuxHw_2_Decoder_old_id_0\ and \ADC_SAR_Seq:ch_addr_0\)
	OR (not \ADC_SAR_Seq:AMuxHw_2_Decoder_old_id_4\ and not \ADC_SAR_Seq:ch_addr_4\ and not \ADC_SAR_Seq:AMuxHw_2_Decoder_old_id_3\ and not \ADC_SAR_Seq:ch_addr_3\ and not \ADC_SAR_Seq:AMuxHw_2_Decoder_old_id_1\ and not \ADC_SAR_Seq:ch_addr_1\ and \ADC_SAR_Seq:AMuxHw_2_Decoder_old_id_5\ and \ADC_SAR_Seq:ch_addr_5\ and \ADC_SAR_Seq:AMuxHw_2_Decoder_old_id_2\ and \ADC_SAR_Seq:ch_addr_2\ and \ADC_SAR_Seq:AMuxHw_2_Decoder_old_id_0\ and \ADC_SAR_Seq:ch_addr_0\)
	OR (not \ADC_SAR_Seq:AMuxHw_2_Decoder_old_id_5\ and not \ADC_SAR_Seq:ch_addr_5\ and not \ADC_SAR_Seq:AMuxHw_2_Decoder_old_id_3\ and not \ADC_SAR_Seq:ch_addr_3\ and not \ADC_SAR_Seq:AMuxHw_2_Decoder_old_id_1\ and not \ADC_SAR_Seq:ch_addr_1\ and \ADC_SAR_Seq:AMuxHw_2_Decoder_old_id_4\ and \ADC_SAR_Seq:ch_addr_4\ and \ADC_SAR_Seq:AMuxHw_2_Decoder_old_id_2\ and \ADC_SAR_Seq:ch_addr_2\ and \ADC_SAR_Seq:AMuxHw_2_Decoder_old_id_0\ and \ADC_SAR_Seq:ch_addr_0\)
	OR (not \ADC_SAR_Seq:AMuxHw_2_Decoder_old_id_3\ and not \ADC_SAR_Seq:ch_addr_3\ and not \ADC_SAR_Seq:AMuxHw_2_Decoder_old_id_1\ and not \ADC_SAR_Seq:ch_addr_1\ and \ADC_SAR_Seq:AMuxHw_2_Decoder_old_id_5\ and \ADC_SAR_Seq:ch_addr_5\ and \ADC_SAR_Seq:AMuxHw_2_Decoder_old_id_4\ and \ADC_SAR_Seq:ch_addr_4\ and \ADC_SAR_Seq:AMuxHw_2_Decoder_old_id_2\ and \ADC_SAR_Seq:ch_addr_2\ and \ADC_SAR_Seq:AMuxHw_2_Decoder_old_id_0\ and \ADC_SAR_Seq:ch_addr_0\)
	OR (not \ADC_SAR_Seq:AMuxHw_2_Decoder_old_id_5\ and not \ADC_SAR_Seq:ch_addr_5\ and not \ADC_SAR_Seq:AMuxHw_2_Decoder_old_id_4\ and not \ADC_SAR_Seq:ch_addr_4\ and not \ADC_SAR_Seq:AMuxHw_2_Decoder_old_id_1\ and not \ADC_SAR_Seq:ch_addr_1\ and \ADC_SAR_Seq:AMuxHw_2_Decoder_old_id_3\ and \ADC_SAR_Seq:ch_addr_3\ and \ADC_SAR_Seq:AMuxHw_2_Decoder_old_id_2\ and \ADC_SAR_Seq:ch_addr_2\ and \ADC_SAR_Seq:AMuxHw_2_Decoder_old_id_0\ and \ADC_SAR_Seq:ch_addr_0\)
	OR (not \ADC_SAR_Seq:AMuxHw_2_Decoder_old_id_4\ and not \ADC_SAR_Seq:ch_addr_4\ and not \ADC_SAR_Seq:AMuxHw_2_Decoder_old_id_1\ and not \ADC_SAR_Seq:ch_addr_1\ and \ADC_SAR_Seq:AMuxHw_2_Decoder_old_id_5\ and \ADC_SAR_Seq:ch_addr_5\ and \ADC_SAR_Seq:AMuxHw_2_Decoder_old_id_3\ and \ADC_SAR_Seq:ch_addr_3\ and \ADC_SAR_Seq:AMuxHw_2_Decoder_old_id_2\ and \ADC_SAR_Seq:ch_addr_2\ and \ADC_SAR_Seq:AMuxHw_2_Decoder_old_id_0\ and \ADC_SAR_Seq:ch_addr_0\)
	OR (not \ADC_SAR_Seq:AMuxHw_2_Decoder_old_id_5\ and not \ADC_SAR_Seq:ch_addr_5\ and not \ADC_SAR_Seq:AMuxHw_2_Decoder_old_id_1\ and not \ADC_SAR_Seq:ch_addr_1\ and \ADC_SAR_Seq:AMuxHw_2_Decoder_old_id_4\ and \ADC_SAR_Seq:ch_addr_4\ and \ADC_SAR_Seq:AMuxHw_2_Decoder_old_id_3\ and \ADC_SAR_Seq:ch_addr_3\ and \ADC_SAR_Seq:AMuxHw_2_Decoder_old_id_2\ and \ADC_SAR_Seq:ch_addr_2\ and \ADC_SAR_Seq:AMuxHw_2_Decoder_old_id_0\ and \ADC_SAR_Seq:ch_addr_0\)
	OR (not \ADC_SAR_Seq:AMuxHw_2_Decoder_old_id_1\ and not \ADC_SAR_Seq:ch_addr_1\ and \ADC_SAR_Seq:AMuxHw_2_Decoder_old_id_5\ and \ADC_SAR_Seq:ch_addr_5\ and \ADC_SAR_Seq:AMuxHw_2_Decoder_old_id_4\ and \ADC_SAR_Seq:ch_addr_4\ and \ADC_SAR_Seq:AMuxHw_2_Decoder_old_id_3\ and \ADC_SAR_Seq:ch_addr_3\ and \ADC_SAR_Seq:AMuxHw_2_Decoder_old_id_2\ and \ADC_SAR_Seq:ch_addr_2\ and \ADC_SAR_Seq:AMuxHw_2_Decoder_old_id_0\ and \ADC_SAR_Seq:ch_addr_0\)
	OR (not \ADC_SAR_Seq:AMuxHw_2_Decoder_old_id_5\ and not \ADC_SAR_Seq:ch_addr_5\ and not \ADC_SAR_Seq:AMuxHw_2_Decoder_old_id_4\ and not \ADC_SAR_Seq:ch_addr_4\ and not \ADC_SAR_Seq:AMuxHw_2_Decoder_old_id_3\ and not \ADC_SAR_Seq:ch_addr_3\ and not \ADC_SAR_Seq:AMuxHw_2_Decoder_old_id_2\ and not \ADC_SAR_Seq:ch_addr_2\ and \ADC_SAR_Seq:AMuxHw_2_Decoder_old_id_1\ and \ADC_SAR_Seq:ch_addr_1\ and \ADC_SAR_Seq:AMuxHw_2_Decoder_old_id_0\ and \ADC_SAR_Seq:ch_addr_0\)
	OR (not \ADC_SAR_Seq:AMuxHw_2_Decoder_old_id_4\ and not \ADC_SAR_Seq:ch_addr_4\ and not \ADC_SAR_Seq:AMuxHw_2_Decoder_old_id_3\ and not \ADC_SAR_Seq:ch_addr_3\ and not \ADC_SAR_Seq:AMuxHw_2_Decoder_old_id_2\ and not \ADC_SAR_Seq:ch_addr_2\ and \ADC_SAR_Seq:AMuxHw_2_Decoder_old_id_5\ and \ADC_SAR_Seq:ch_addr_5\ and \ADC_SAR_Seq:AMuxHw_2_Decoder_old_id_1\ and \ADC_SAR_Seq:ch_addr_1\ and \ADC_SAR_Seq:AMuxHw_2_Decoder_old_id_0\ and \ADC_SAR_Seq:ch_addr_0\)
	OR (not \ADC_SAR_Seq:AMuxHw_2_Decoder_old_id_5\ and not \ADC_SAR_Seq:ch_addr_5\ and not \ADC_SAR_Seq:AMuxHw_2_Decoder_old_id_3\ and not \ADC_SAR_Seq:ch_addr_3\ and not \ADC_SAR_Seq:AMuxHw_2_Decoder_old_id_2\ and not \ADC_SAR_Seq:ch_addr_2\ and \ADC_SAR_Seq:AMuxHw_2_Decoder_old_id_4\ and \ADC_SAR_Seq:ch_addr_4\ and \ADC_SAR_Seq:AMuxHw_2_Decoder_old_id_1\ and \ADC_SAR_Seq:ch_addr_1\ and \ADC_SAR_Seq:AMuxHw_2_Decoder_old_id_0\ and \ADC_SAR_Seq:ch_addr_0\)
	OR (not \ADC_SAR_Seq:AMuxHw_2_Decoder_old_id_3\ and not \ADC_SAR_Seq:ch_addr_3\ and not \ADC_SAR_Seq:AMuxHw_2_Decoder_old_id_2\ and not \ADC_SAR_Seq:ch_addr_2\ and \ADC_SAR_Seq:AMuxHw_2_Decoder_old_id_5\ and \ADC_SAR_Seq:ch_addr_5\ and \ADC_SAR_Seq:AMuxHw_2_Decoder_old_id_4\ and \ADC_SAR_Seq:ch_addr_4\ and \ADC_SAR_Seq:AMuxHw_2_Decoder_old_id_1\ and \ADC_SAR_Seq:ch_addr_1\ and \ADC_SAR_Seq:AMuxHw_2_Decoder_old_id_0\ and \ADC_SAR_Seq:ch_addr_0\)
	OR (not \ADC_SAR_Seq:AMuxHw_2_Decoder_old_id_5\ and not \ADC_SAR_Seq:ch_addr_5\ and not \ADC_SAR_Seq:AMuxHw_2_Decoder_old_id_4\ and not \ADC_SAR_Seq:ch_addr_4\ and not \ADC_SAR_Seq:AMuxHw_2_Decoder_old_id_2\ and not \ADC_SAR_Seq:ch_addr_2\ and \ADC_SAR_Seq:AMuxHw_2_Decoder_old_id_3\ and \ADC_SAR_Seq:ch_addr_3\ and \ADC_SAR_Seq:AMuxHw_2_Decoder_old_id_1\ and \ADC_SAR_Seq:ch_addr_1\ and \ADC_SAR_Seq:AMuxHw_2_Decoder_old_id_0\ and \ADC_SAR_Seq:ch_addr_0\)
	OR (not \ADC_SAR_Seq:AMuxHw_2_Decoder_old_id_4\ and not \ADC_SAR_Seq:ch_addr_4\ and not \ADC_SAR_Seq:AMuxHw_2_Decoder_old_id_2\ and not \ADC_SAR_Seq:ch_addr_2\ and \ADC_SAR_Seq:AMuxHw_2_Decoder_old_id_5\ and \ADC_SAR_Seq:ch_addr_5\ and \ADC_SAR_Seq:AMuxHw_2_Decoder_old_id_3\ and \ADC_SAR_Seq:ch_addr_3\ and \ADC_SAR_Seq:AMuxHw_2_Decoder_old_id_1\ and \ADC_SAR_Seq:ch_addr_1\ and \ADC_SAR_Seq:AMuxHw_2_Decoder_old_id_0\ and \ADC_SAR_Seq:ch_addr_0\)
	OR (not \ADC_SAR_Seq:AMuxHw_2_Decoder_old_id_5\ and not \ADC_SAR_Seq:ch_addr_5\ and not \ADC_SAR_Seq:AMuxHw_2_Decoder_old_id_2\ and not \ADC_SAR_Seq:ch_addr_2\ and \ADC_SAR_Seq:AMuxHw_2_Decoder_old_id_4\ and \ADC_SAR_Seq:ch_addr_4\ and \ADC_SAR_Seq:AMuxHw_2_Decoder_old_id_3\ and \ADC_SAR_Seq:ch_addr_3\ and \ADC_SAR_Seq:AMuxHw_2_Decoder_old_id_1\ and \ADC_SAR_Seq:ch_addr_1\ and \ADC_SAR_Seq:AMuxHw_2_Decoder_old_id_0\ and \ADC_SAR_Seq:ch_addr_0\)
	OR (not \ADC_SAR_Seq:AMuxHw_2_Decoder_old_id_2\ and not \ADC_SAR_Seq:ch_addr_2\ and \ADC_SAR_Seq:AMuxHw_2_Decoder_old_id_5\ and \ADC_SAR_Seq:ch_addr_5\ and \ADC_SAR_Seq:AMuxHw_2_Decoder_old_id_4\ and \ADC_SAR_Seq:ch_addr_4\ and \ADC_SAR_Seq:AMuxHw_2_Decoder_old_id_3\ and \ADC_SAR_Seq:ch_addr_3\ and \ADC_SAR_Seq:AMuxHw_2_Decoder_old_id_1\ and \ADC_SAR_Seq:ch_addr_1\ and \ADC_SAR_Seq:AMuxHw_2_Decoder_old_id_0\ and \ADC_SAR_Seq:ch_addr_0\)
	OR (not \ADC_SAR_Seq:AMuxHw_2_Decoder_old_id_5\ and not \ADC_SAR_Seq:ch_addr_5\ and not \ADC_SAR_Seq:AMuxHw_2_Decoder_old_id_4\ and not \ADC_SAR_Seq:ch_addr_4\ and not \ADC_SAR_Seq:AMuxHw_2_Decoder_old_id_3\ and not \ADC_SAR_Seq:ch_addr_3\ and \ADC_SAR_Seq:AMuxHw_2_Decoder_old_id_2\ and \ADC_SAR_Seq:ch_addr_2\ and \ADC_SAR_Seq:AMuxHw_2_Decoder_old_id_1\ and \ADC_SAR_Seq:ch_addr_1\ and \ADC_SAR_Seq:AMuxHw_2_Decoder_old_id_0\ and \ADC_SAR_Seq:ch_addr_0\)
	OR (not \ADC_SAR_Seq:AMuxHw_2_Decoder_old_id_4\ and not \ADC_SAR_Seq:ch_addr_4\ and not \ADC_SAR_Seq:AMuxHw_2_Decoder_old_id_3\ and not \ADC_SAR_Seq:ch_addr_3\ and \ADC_SAR_Seq:AMuxHw_2_Decoder_old_id_5\ and \ADC_SAR_Seq:ch_addr_5\ and \ADC_SAR_Seq:AMuxHw_2_Decoder_old_id_2\ and \ADC_SAR_Seq:ch_addr_2\ and \ADC_SAR_Seq:AMuxHw_2_Decoder_old_id_1\ and \ADC_SAR_Seq:ch_addr_1\ and \ADC_SAR_Seq:AMuxHw_2_Decoder_old_id_0\ and \ADC_SAR_Seq:ch_addr_0\)
	OR (not \ADC_SAR_Seq:AMuxHw_2_Decoder_old_id_5\ and not \ADC_SAR_Seq:ch_addr_5\ and not \ADC_SAR_Seq:AMuxHw_2_Decoder_old_id_3\ and not \ADC_SAR_Seq:ch_addr_3\ and \ADC_SAR_Seq:AMuxHw_2_Decoder_old_id_4\ and \ADC_SAR_Seq:ch_addr_4\ and \ADC_SAR_Seq:AMuxHw_2_Decoder_old_id_2\ and \ADC_SAR_Seq:ch_addr_2\ and \ADC_SAR_Seq:AMuxHw_2_Decoder_old_id_1\ and \ADC_SAR_Seq:ch_addr_1\ and \ADC_SAR_Seq:AMuxHw_2_Decoder_old_id_0\ and \ADC_SAR_Seq:ch_addr_0\)
	OR (not \ADC_SAR_Seq:AMuxHw_2_Decoder_old_id_3\ and not \ADC_SAR_Seq:ch_addr_3\ and \ADC_SAR_Seq:AMuxHw_2_Decoder_old_id_5\ and \ADC_SAR_Seq:ch_addr_5\ and \ADC_SAR_Seq:AMuxHw_2_Decoder_old_id_4\ and \ADC_SAR_Seq:ch_addr_4\ and \ADC_SAR_Seq:AMuxHw_2_Decoder_old_id_2\ and \ADC_SAR_Seq:ch_addr_2\ and \ADC_SAR_Seq:AMuxHw_2_Decoder_old_id_1\ and \ADC_SAR_Seq:ch_addr_1\ and \ADC_SAR_Seq:AMuxHw_2_Decoder_old_id_0\ and \ADC_SAR_Seq:ch_addr_0\)
	OR (not \ADC_SAR_Seq:AMuxHw_2_Decoder_old_id_5\ and not \ADC_SAR_Seq:ch_addr_5\ and not \ADC_SAR_Seq:AMuxHw_2_Decoder_old_id_4\ and not \ADC_SAR_Seq:ch_addr_4\ and \ADC_SAR_Seq:AMuxHw_2_Decoder_old_id_3\ and \ADC_SAR_Seq:ch_addr_3\ and \ADC_SAR_Seq:AMuxHw_2_Decoder_old_id_2\ and \ADC_SAR_Seq:ch_addr_2\ and \ADC_SAR_Seq:AMuxHw_2_Decoder_old_id_1\ and \ADC_SAR_Seq:ch_addr_1\ and \ADC_SAR_Seq:AMuxHw_2_Decoder_old_id_0\ and \ADC_SAR_Seq:ch_addr_0\)
	OR (not \ADC_SAR_Seq:AMuxHw_2_Decoder_old_id_4\ and not \ADC_SAR_Seq:ch_addr_4\ and \ADC_SAR_Seq:AMuxHw_2_Decoder_old_id_5\ and \ADC_SAR_Seq:ch_addr_5\ and \ADC_SAR_Seq:AMuxHw_2_Decoder_old_id_3\ and \ADC_SAR_Seq:ch_addr_3\ and \ADC_SAR_Seq:AMuxHw_2_Decoder_old_id_2\ and \ADC_SAR_Seq:ch_addr_2\ and \ADC_SAR_Seq:AMuxHw_2_Decoder_old_id_1\ and \ADC_SAR_Seq:ch_addr_1\ and \ADC_SAR_Seq:AMuxHw_2_Decoder_old_id_0\ and \ADC_SAR_Seq:ch_addr_0\)
	OR (not \ADC_SAR_Seq:AMuxHw_2_Decoder_old_id_5\ and not \ADC_SAR_Seq:ch_addr_5\ and \ADC_SAR_Seq:AMuxHw_2_Decoder_old_id_4\ and \ADC_SAR_Seq:ch_addr_4\ and \ADC_SAR_Seq:AMuxHw_2_Decoder_old_id_3\ and \ADC_SAR_Seq:ch_addr_3\ and \ADC_SAR_Seq:AMuxHw_2_Decoder_old_id_2\ and \ADC_SAR_Seq:ch_addr_2\ and \ADC_SAR_Seq:AMuxHw_2_Decoder_old_id_1\ and \ADC_SAR_Seq:ch_addr_1\ and \ADC_SAR_Seq:AMuxHw_2_Decoder_old_id_0\ and \ADC_SAR_Seq:ch_addr_0\)
	OR (\ADC_SAR_Seq:AMuxHw_2_Decoder_old_id_5\ and \ADC_SAR_Seq:ch_addr_5\ and \ADC_SAR_Seq:AMuxHw_2_Decoder_old_id_4\ and \ADC_SAR_Seq:ch_addr_4\ and \ADC_SAR_Seq:AMuxHw_2_Decoder_old_id_3\ and \ADC_SAR_Seq:ch_addr_3\ and \ADC_SAR_Seq:AMuxHw_2_Decoder_old_id_2\ and \ADC_SAR_Seq:ch_addr_2\ and \ADC_SAR_Seq:AMuxHw_2_Decoder_old_id_1\ and \ADC_SAR_Seq:ch_addr_1\ and \ADC_SAR_Seq:AMuxHw_2_Decoder_old_id_0\ and \ADC_SAR_Seq:ch_addr_0\));

Note:  Expanding virtual equation for '\ENGINE_PWM:PWMUDB:MODULE_12:g2:a0:g1:z1:s0:g1:u0:c_19\' (cost = 0):
\ENGINE_PWM:PWMUDB:MODULE_12:g2:a0:g1:z1:s0:g1:u0:c_19\ <=  ('0') ;

Note:  Expanding virtual equation for '\ENGINE_PWM:PWMUDB:MODULE_12:g2:a0:g1:z1:s0:g1:u0:c_11\' (cost = 0):
\ENGINE_PWM:PWMUDB:MODULE_12:g2:a0:g1:z1:s0:g1:u0:c_11\ <=  ('0') ;

Note:  Expanding virtual equation for '\ENGINE_PWM:PWMUDB:MODULE_12:g2:a0:g1:z1:s0:g1:u0:c_4\' (cost = 0):
\ENGINE_PWM:PWMUDB:MODULE_12:g2:a0:g1:z1:s0:g1:u0:c_4\ <=  ('0') ;


Substituting virtuals - pass 4:

Note:  Expanding virtual equation for '\ENGINE_PWM:PWMUDB:MODULE_12:g2:a0:g1:z1:s0:g1:u0:c_20\' (cost = 0):
\ENGINE_PWM:PWMUDB:MODULE_12:g2:a0:g1:z1:s0:g1:u0:c_20\ <=  ('0') ;

Note:  Expanding virtual equation for '\ENGINE_PWM:PWMUDB:MODULE_12:g2:a0:g1:z1:s0:g1:u0:c_12\' (cost = 0):
\ENGINE_PWM:PWMUDB:MODULE_12:g2:a0:g1:z1:s0:g1:u0:c_12\ <=  ('0') ;

Note:  Expanding virtual equation for '\ENGINE_PWM:PWMUDB:MODULE_12:g2:a0:g1:z1:s0:g1:u0:c_5\' (cost = 0):
\ENGINE_PWM:PWMUDB:MODULE_12:g2:a0:g1:z1:s0:g1:u0:c_5\ <=  ('0') ;


Substituting virtuals - pass 5:

Note:  Expanding virtual equation for '\ENGINE_PWM:PWMUDB:MODULE_12:g2:a0:g1:z1:s0:g1:u0:c_21\' (cost = 0):
\ENGINE_PWM:PWMUDB:MODULE_12:g2:a0:g1:z1:s0:g1:u0:c_21\ <=  ('0') ;

Note:  Expanding virtual equation for '\ENGINE_PWM:PWMUDB:MODULE_12:g2:a0:g1:z1:s0:g1:u0:c_13\' (cost = 0):
\ENGINE_PWM:PWMUDB:MODULE_12:g2:a0:g1:z1:s0:g1:u0:c_13\ <=  ('0') ;

Note:  Expanding virtual equation for '\ENGINE_PWM:PWMUDB:MODULE_12:g2:a0:g1:z1:s0:g1:u0:c_6\' (cost = 0):
\ENGINE_PWM:PWMUDB:MODULE_12:g2:a0:g1:z1:s0:g1:u0:c_6\ <=  ('0') ;


Substituting virtuals - pass 6:

Note:  Expanding virtual equation for '\ENGINE_PWM:PWMUDB:MODULE_12:g2:a0:g1:z1:s0:g1:u0:c_22\' (cost = 0):
\ENGINE_PWM:PWMUDB:MODULE_12:g2:a0:g1:z1:s0:g1:u0:c_22\ <=  ('0') ;

Note:  Expanding virtual equation for '\ENGINE_PWM:PWMUDB:MODULE_12:g2:a0:g1:z1:s0:g1:u0:c_14\' (cost = 0):
\ENGINE_PWM:PWMUDB:MODULE_12:g2:a0:g1:z1:s0:g1:u0:c_14\ <=  ('0') ;

Note:  Expanding virtual equation for '\ENGINE_PWM:PWMUDB:MODULE_12:g2:a0:g1:z1:s0:g1:u0:c_7\' (cost = 0):
\ENGINE_PWM:PWMUDB:MODULE_12:g2:a0:g1:z1:s0:g1:u0:c_7\ <=  ('0') ;


Substituting virtuals - pass 7:

Note:  Expanding virtual equation for '\ENGINE_PWM:PWMUDB:MODULE_12:g2:a0:g1:z1:s0:g1:u0:c_23\' (cost = 0):
\ENGINE_PWM:PWMUDB:MODULE_12:g2:a0:g1:z1:s0:g1:u0:c_23\ <=  ('0') ;

Note:  Expanding virtual equation for '\ENGINE_PWM:PWMUDB:MODULE_12:g2:a0:g1:z1:s0:g1:u0:c_15\' (cost = 0):
\ENGINE_PWM:PWMUDB:MODULE_12:g2:a0:g1:z1:s0:g1:u0:c_15\ <=  ('0') ;


Substituting virtuals - pass 8:


----------------------------------------------------------
Circuit simplification results:

	Expanded 117 signals.
	Turned 1 signals into soft nodes.
	Maximum default expansion cost was set at 3.
----------------------------------------------------------

------------------------------------------------------
Alias Detection
------------------------------------------------------
Aliasing \UART_LOG:BUART:rx_status_0\ to zero
Aliasing \UART_LOG:BUART:rx_status_6\ to zero
Aliasing \UART_PSOC:BUART:rx_status_0\ to zero
Aliasing \UART_PSOC:BUART:rx_status_6\ to zero
Aliasing \ENGINE_DECODER:Cnt16:CounterUDB:hwCapture\ to zero
Aliasing \ENGINE_PWM:PWMUDB:final_capture\ to zero
Aliasing \ENGINE_PWM:PWMUDB:MODULE_12:g2:a0:g1:z1:s0:g1:u0:b_24\ to zero
Aliasing \ENGINE_PWM:PWMUDB:MODULE_12:g2:a0:g1:z1:s0:g1:u0:b_16\ to zero
Aliasing \ENGINE_PWM:PWMUDB:MODULE_12:g2:a0:g1:z1:s0:g1:u0:b_8\ to zero
Aliasing \UART_LOG:BUART:rx_markspace_status\\D\ to zero
Aliasing \UART_LOG:BUART:rx_parity_error_status\\D\ to zero
Aliasing \UART_LOG:BUART:rx_addr_match_status\\D\ to zero
Aliasing \UART_PSOC:BUART:rx_markspace_status\\D\ to zero
Aliasing \UART_PSOC:BUART:rx_parity_error_status\\D\ to zero
Aliasing \UART_PSOC:BUART:rx_addr_match_status\\D\ to zero
Aliasing \ENGINE_PWM:PWMUDB:final_kill_reg\\D\ to zero
Removing Rhs of wire \UART_LOG:BUART:rx_bitclk_enable\[213] = \UART_LOG:BUART:rx_bitclk\[261]
Removing Lhs of wire \UART_LOG:BUART:rx_status_0\[311] = zero[2]
Removing Lhs of wire \UART_LOG:BUART:rx_status_6\[320] = zero[2]
Removing Rhs of wire \UART_PSOC:BUART:rx_bitclk_enable\[505] = \UART_PSOC:BUART:rx_bitclk\[553]
Removing Lhs of wire \UART_PSOC:BUART:rx_status_0\[603] = zero[2]
Removing Lhs of wire \UART_PSOC:BUART:rx_status_6\[612] = zero[2]
Removing Lhs of wire \ENGINE_DECODER:Cnt16:CounterUDB:hwCapture\[1282] = zero[2]
Removing Lhs of wire \ENGINE_PWM:PWMUDB:final_capture\[1543] = zero[2]
Removing Lhs of wire \ENGINE_PWM:PWMUDB:MODULE_12:g2:a0:g1:z1:s0:g1:u0:b_24\[1804] = zero[2]
Removing Lhs of wire \ENGINE_PWM:PWMUDB:MODULE_12:g2:a0:g1:z1:s0:g1:u0:b_16\[1814] = zero[2]
Removing Lhs of wire \ENGINE_PWM:PWMUDB:MODULE_12:g2:a0:g1:z1:s0:g1:u0:b_8\[1824] = zero[2]
Removing Lhs of wire \UART_LOG:BUART:tx_ctrl_mark_last\\D\[1853] = \UART_LOG:BUART:tx_ctrl_mark_last\[204]
Removing Lhs of wire \UART_LOG:BUART:rx_markspace_status\\D\[1865] = zero[2]
Removing Lhs of wire \UART_LOG:BUART:rx_parity_error_status\\D\[1866] = zero[2]
Removing Lhs of wire \UART_LOG:BUART:rx_addr_match_status\\D\[1868] = zero[2]
Removing Lhs of wire \UART_LOG:BUART:rx_markspace_pre\\D\[1869] = \UART_LOG:BUART:rx_markspace_pre\[324]
Removing Lhs of wire \UART_LOG:BUART:rx_parity_bit\\D\[1874] = \UART_LOG:BUART:rx_parity_bit\[330]
Removing Lhs of wire \UART_PSOC:BUART:tx_ctrl_mark_last\\D\[1882] = \UART_PSOC:BUART:tx_ctrl_mark_last\[496]
Removing Lhs of wire \UART_PSOC:BUART:rx_markspace_status\\D\[1894] = zero[2]
Removing Lhs of wire \UART_PSOC:BUART:rx_parity_error_status\\D\[1895] = zero[2]
Removing Lhs of wire \UART_PSOC:BUART:rx_addr_match_status\\D\[1897] = zero[2]
Removing Lhs of wire \UART_PSOC:BUART:rx_markspace_pre\\D\[1898] = \UART_PSOC:BUART:rx_markspace_pre\[616]
Removing Lhs of wire \UART_PSOC:BUART:rx_parity_bit\\D\[1903] = \UART_PSOC:BUART:rx_parity_bit\[622]
Removing Lhs of wire \ENGINE_PWM:PWMUDB:runmode_enable\\D\[1995] = \ENGINE_PWM:PWMUDB:control_7\[1465]
Removing Lhs of wire \ENGINE_PWM:PWMUDB:final_kill_reg\\D\[2003] = zero[2]

------------------------------------------------------
Aliased 0 equations, 25 wires.
------------------------------------------------------

----------------------------------------------------------
Circuit simplification
----------------------------------------------------------

Eliminating unused logic - pass 1:

Note:  Deleted unused equation:
\UART_LOG:BUART:sRX:MODULE_6:g1:a0:xneq\ <= ((not \UART_LOG:BUART:rx_parity_bit\ and Net_4087 and MODIN3_0)
	OR (not MODIN3_1 and not MODIN3_0 and \UART_LOG:BUART:rx_parity_bit\)
	OR (not Net_4087 and not MODIN3_1 and \UART_LOG:BUART:rx_parity_bit\)
	OR (not \UART_LOG:BUART:rx_parity_bit\ and MODIN3_1));

Note:  Deleted unused equation:
\UART_PSOC:BUART:sRX:MODULE_11:g1:a0:xneq\ <= ((not \UART_PSOC:BUART:rx_parity_bit\ and Net_4099 and \UART_PSOC:BUART:pollcount_0\)
	OR (not \UART_PSOC:BUART:pollcount_1\ and not \UART_PSOC:BUART:pollcount_0\ and \UART_PSOC:BUART:rx_parity_bit\)
	OR (not Net_4099 and not \UART_PSOC:BUART:pollcount_1\ and \UART_PSOC:BUART:rx_parity_bit\)
	OR (not \UART_PSOC:BUART:rx_parity_bit\ and \UART_PSOC:BUART:pollcount_1\));


Eliminating unused logic - pass 2:


Substituting virtuals - pass 1:


----------------------------------------------------------
Circuit simplification results:

	Expanded 0 signals.
	Turned 0 signals into soft nodes.
	Maximum default expansion cost was set at 3.
----------------------------------------------------------

topld:  No errors.

CYPRESS_DIR    : C:\tool\Cypress\PSoC Creator\4.2\PSoC Creator\warp
Warp Program   : C:\tool\Cypress\PSoC Creator\4.2\PSoC Creator\warp\bin\warp.exe
Warp Arguments : -yv2 -q10 -ygs -o2 -v3 -.fftcfgtype=LE -ya -.fftprj=D:\50_HDA\60_Lehre\40_Vorlesungen\17_SECS\20_Lecture\__work\10_PSOC2_SingleChannel.cydsn\10_PSOC2_SingleChannel.cyprj -dcpsoc3 10_PSOC2_SingleChannel.v -verilog
</CYPRESSTAG>
Warp synthesis phase: Elapsed time ==> 2s.206ms
<CYPRESSTAG name="Fitter results...">
<CYPRESSTAG name="Fitter startup details...">
cyp3fit: V4.2.0.641, Family: PSoC3, Started at: Tuesday, 19 May 2020 15:07:54
Options: -yv2 -q10 -ygs -o2 -v3 -.fftcfgtype=LE -ya -.fftprj=D:\50_HDA\60_Lehre\40_Vorlesungen\17_SECS\20_Lecture\__work\10_PSOC2_SingleChannel.cydsn\10_PSOC2_SingleChannel.cyprj -d CY8C5888LTQ-LP097 10_PSOC2_SingleChannel.v -verilog
</CYPRESSTAG>
<CYPRESSTAG name="Design parsing">
Design parsing phase: Elapsed time ==> 0s.036ms
</CYPRESSTAG>
<CYPRESSTAG name="Tech Mapping">
<CYPRESSTAG name="Initial Mapping" icon="FILE_RPT_TECHM">
    Removed wire end \ADC_SAR_Seq:MODULE_1:g1:a0:gx:u0:lti_1\ kept \ADC_SAR_Seq:MODULE_1:g1:a0:gx:u0:lt_5\
    Removed wire end \ADC_SAR_Seq:MODULE_1:g1:a0:gx:u0:gti_1\ kept \ADC_SAR_Seq:MODULE_1:g1:a0:gx:u0:gt_5\
    Removed wire end \ADC_SAR_Seq:MODULE_1:g1:a0:gx:u0:lti_0\ kept \ADC_SAR_Seq:MODULE_1:g1:a0:gx:u0:lt_2\
    Removed wire end \ADC_SAR_Seq:MODULE_1:g1:a0:gx:u0:gti_0\ kept \ADC_SAR_Seq:MODULE_1:g1:a0:gx:u0:gt_2\
    Removed wire end \ENGINE_PWM:PWMUDB:MODULE_12:g2:a0:g1:z1:s0:g1:u0:c_24\ kept zero
    Removed wire end \ENGINE_PWM:PWMUDB:MODULE_12:g2:a0:g1:z1:s0:g1:u0:c_16\ kept zero
    Removed wire end \ENGINE_PWM:PWMUDB:MODULE_12:g2:a0:g1:z1:s0:g1:u0:c_8\ kept zero
    Converted constant MacroCell: \UART_LOG:BUART:reset_reg\ from registered to combinatorial
    Converted constant MacroCell: \UART_LOG:BUART:rx_markspace_status\ from registered to combinatorial
    Converted constant MacroCell: \UART_LOG:BUART:rx_status_2\ from registered to combinatorial
    Converted constant MacroCell: \UART_LOG:BUART:rx_addr_match_status\ from registered to combinatorial
    Converted constant MacroCell: \UART_LOG:BUART:rx_break_status\ from registered to combinatorial
    Converted constant MacroCell: \UART_PSOC:BUART:reset_reg\ from registered to combinatorial
    Converted constant MacroCell: \UART_PSOC:BUART:rx_markspace_status\ from registered to combinatorial
    Converted constant MacroCell: \UART_PSOC:BUART:rx_status_2\ from registered to combinatorial
    Converted constant MacroCell: \UART_PSOC:BUART:rx_addr_match_status\ from registered to combinatorial
    Converted constant MacroCell: \UART_PSOC:BUART:rx_break_status\ from registered to combinatorial
    Converted constant MacroCell: \ENGINE_DECODER:Cnt16:CounterUDB:prevCapture\ from registered to combinatorial
    Converted constant MacroCell: \ENGINE_PWM:PWMUDB:prevCapture\ from registered to combinatorial
    Converted constant MacroCell: \ENGINE_PWM:PWMUDB:trig_last\ from registered to combinatorial
    Converted constant MacroCell: \ENGINE_PWM:PWMUDB:status_1\ from registered to combinatorial
    Converted constant MacroCell: \ENGINE_PWM:PWMUDB:status_5\ from registered to combinatorial
    Converted constant MacroCell: \ENGINE_PWM:PWMUDB:pwm1_i_reg\ from registered to combinatorial
    Converted constant MacroCell: \ENGINE_PWM:PWMUDB:pwm2_i_reg\ from registered to combinatorial
Assigning clock ADC_SAR_Seq_BusClock to clock BUS_CLK because it is a pass-through
Assigning clock I2C_BusClock to clock BUS_CLK because it is a pass-through
<CYPRESSTAG name="Global Clock Selection" icon="FILE_RPT_TECHM">
    Digital Clock 0: Automatic-assigning  clock 'Clock_SR'. Fanout=0, Signal=Net_2091
    Digital Clock 1: Automatic-assigning  clock 'Clock_PWM'. Fanout=4, Signal=Net_2319
    Digital Clock 2: Automatic-assigning  clock 'ADC_SAR_Seq_IntClock'. Fanout=73, Signal=\ADC_SAR_Seq:clock\
    Digital Clock 3: Automatic-assigning  clock 'UART_PSOC_IntClock'. Fanout=1, Signal=\UART_PSOC:Net_9\
    Digital Clock 4: Automatic-assigning  clock 'UART_LOG_IntClock'. Fanout=1, Signal=\UART_LOG:Net_9\
</CYPRESSTAG>

Removing unused cells resulting from optimization
Done removing unused cells.
<CYPRESSTAG name="UDB Clock/Enable Remapping Results">
    UDB Clk/Enable \UART_LOG:BUART:ClkSync\: with output requested to be synchronous
        ClockIn: UART_LOG_IntClock was determined to be a global clock that is synchronous to BUS_CLK
        EnableIn: Constant 1 was determined to be synchronous to ClockIn
        ClockOut: UART_LOG_IntClock, EnableOut: Constant 1
    UDB Clk/Enable \UART_PSOC:BUART:ClkSync\: with output requested to be synchronous
        ClockIn: UART_PSOC_IntClock was determined to be a global clock that is synchronous to BUS_CLK
        EnableIn: Constant 1 was determined to be synchronous to ClockIn
        ClockOut: UART_PSOC_IntClock, EnableOut: Constant 1
    UDB Clk/Enable \ADC_SAR_Seq:bSAR_SEQ:ClkEn\: with output requested to be synchronous
        ClockIn: ADC_SAR_Seq_IntClock was determined to be a global clock that is synchronous to BUS_CLK
        EnableIn: \ADC_SAR_Seq:bSAR_SEQ:CtrlReg\:controlcell.control_0 was determined to be synchronous to ClockIn
        ClockOut: ADC_SAR_Seq_IntClock, EnableOut: \ADC_SAR_Seq:bSAR_SEQ:CtrlReg\:controlcell.control_0
    UDB Clk/Enable \ADC_SAR_Seq:bSAR_SEQ:ClkCtrl\: with output requested to be synchronous
        ClockIn: ADC_SAR_Seq_IntClock was determined to be a global clock that is synchronous to BUS_CLK
        EnableIn: Constant 1 was determined to be synchronous to ClockIn
        ClockOut: ADC_SAR_Seq_IntClock, EnableOut: Constant 1
    UDB Clk/Enable \ENGINE_DECODER:Cnt16:CounterUDB:clock_enable_block\: with output requested to be synchronous
        ClockIn: Clock_PWM was determined to be a global clock that is synchronous to BUS_CLK
        EnableIn: Constant 1 was determined to be synchronous to ClockIn
        ClockOut: Clock_PWM, EnableOut: Constant 1
    UDB Clk/Enable \ENGINE_DECODER:Cnt16:CounterUDB:sCTRLReg:cy_psoc3_udb_Ctl_Clk_Sync\: with output requested to be synchronous
        ClockIn: Clock_PWM was determined to be a global clock that is synchronous to BUS_CLK
        EnableIn: Constant 1 was determined to be synchronous to ClockIn
        ClockOut: Clock_PWM, EnableOut: Constant 1
    UDB Clk/Enable \ENGINE_DECODER:bQuadDec:CtrlClkEn\: with output requested to be synchronous
        ClockIn: Clock_PWM was determined to be a global clock that is synchronous to BUS_CLK
        EnableIn: Constant 1 was determined to be synchronous to ClockIn
        ClockOut: Clock_PWM, EnableOut: Constant 1
    UDB Clk/Enable \ENGINE_PWM:PWMUDB:clock_enable_block\: with output requested to be synchronous
        ClockIn: Clock_PWM was determined to be a global clock that is synchronous to BUS_CLK
        EnableIn: Constant 1 was determined to be synchronous to ClockIn
        ClockOut: Clock_PWM, EnableOut: Constant 1
</CYPRESSTAG>
Info: plm.M0038: The pin named LED_4(0) at location P12[4] prevents usage of special purposes: I2C:SCL. (App=cydsfit)

Removing unused cells resulting from optimization
Done removing unused cells.
<CYPRESSTAG name="Duplicate Macrocell detection">

Removing duplicate macrocells
    Removing \ENGINE_DECODER:Net_1264\, Duplicate of \ENGINE_DECODER:Cnt16:CounterUDB:prevCompare\ 
    MacroCell: Name=\ENGINE_DECODER:Net_1264\, Mode=(D-Register)
        Total # of inputs        : 1
        Total # of product terms : 1
        List of special equations: 
            Clock  = (Net_2319) => Global
            Clock Enable: True
        Main Equation            : 1 pterm
        (
              \ENGINE_DECODER:Cnt16:CounterUDB:cmp_out_i\
        );
        Output = \ENGINE_DECODER:Net_1264\ (fanout=2)

End removing duplicate macrocells: used 1 pass
</CYPRESSTAG>
</CYPRESSTAG>
<CYPRESSTAG name="Duplicate Macrocell detection">

Removing duplicate macrocells
    Removing \UART_PSOC:BUART:rx_parity_bit\, Duplicate of \UART_PSOC:BUART:tx_ctrl_mark_last\ 
    MacroCell: Name=\UART_PSOC:BUART:rx_parity_bit\, Mode=(T-Register)
        Total # of inputs        : 0
        Total # of product terms : 0
        List of special equations: 
            Clock  = (\UART_PSOC:Net_9\) => Global
            Clock Enable: True
        Main Equation            : 0 pterms
        (
            0
        );
        Output = \UART_PSOC:BUART:rx_parity_bit\ (fanout=0)

    Removing \UART_PSOC:BUART:rx_address_detected\, Duplicate of \UART_PSOC:BUART:tx_ctrl_mark_last\ 
    MacroCell: Name=\UART_PSOC:BUART:rx_address_detected\, Mode=(T-Register)
        Total # of inputs        : 0
        Total # of product terms : 0
        List of special equations: 
            Clock  = (\UART_PSOC:Net_9\) => Global
            Clock Enable: True
        Main Equation            : 0 pterms
        (
            0
        );
        Output = \UART_PSOC:BUART:rx_address_detected\ (fanout=0)

    Removing \UART_PSOC:BUART:rx_parity_error_pre\, Duplicate of \UART_PSOC:BUART:tx_ctrl_mark_last\ 
    MacroCell: Name=\UART_PSOC:BUART:rx_parity_error_pre\, Mode=(T-Register)
        Total # of inputs        : 0
        Total # of product terms : 0
        List of special equations: 
            Clock  = (\UART_PSOC:Net_9\) => Global
            Clock Enable: True
        Main Equation            : 0 pterms
        (
            0
        );
        Output = \UART_PSOC:BUART:rx_parity_error_pre\ (fanout=0)

    Removing \UART_PSOC:BUART:rx_markspace_pre\, Duplicate of \UART_PSOC:BUART:tx_ctrl_mark_last\ 
    MacroCell: Name=\UART_PSOC:BUART:rx_markspace_pre\, Mode=(T-Register)
        Total # of inputs        : 0
        Total # of product terms : 0
        List of special equations: 
            Clock  = (\UART_PSOC:Net_9\) => Global
            Clock Enable: True
        Main Equation            : 0 pterms
        (
            0
        );
        Output = \UART_PSOC:BUART:rx_markspace_pre\ (fanout=0)

    Removing \UART_PSOC:BUART:rx_state_1\, Duplicate of \UART_PSOC:BUART:tx_ctrl_mark_last\ 
    MacroCell: Name=\UART_PSOC:BUART:rx_state_1\, Mode=(T-Register)
        Total # of inputs        : 0
        Total # of product terms : 0
        List of special equations: 
            Clock  = (\UART_PSOC:Net_9\) => Global
            Clock Enable: True
        Main Equation            : 0 pterms
        (
            0
        );
        Output = \UART_PSOC:BUART:rx_state_1\ (fanout=8)

    Removing \UART_PSOC:BUART:tx_parity_bit\, Duplicate of \UART_PSOC:BUART:tx_ctrl_mark_last\ 
    MacroCell: Name=\UART_PSOC:BUART:tx_parity_bit\, Mode=(T-Register)
        Total # of inputs        : 0
        Total # of product terms : 0
        List of special equations: 
            Clock  = (\UART_PSOC:Net_9\) => Global
            Clock Enable: True
        Main Equation            : 0 pterms
        (
            0
        );
        Output = \UART_PSOC:BUART:tx_parity_bit\ (fanout=0)

    Removing \UART_PSOC:BUART:tx_mark\, Duplicate of \UART_PSOC:BUART:tx_ctrl_mark_last\ 
    MacroCell: Name=\UART_PSOC:BUART:tx_mark\, Mode=(T-Register)
        Total # of inputs        : 0
        Total # of product terms : 0
        List of special equations: 
            Clock  = (\UART_PSOC:Net_9\) => Global
            Clock Enable: True
        Main Equation            : 0 pterms
        (
            0
        );
        Output = \UART_PSOC:BUART:tx_mark\ (fanout=0)

    Removing \UART_LOG:BUART:rx_parity_bit\, Duplicate of \UART_LOG:BUART:tx_ctrl_mark_last\ 
    MacroCell: Name=\UART_LOG:BUART:rx_parity_bit\, Mode=(T-Register)
        Total # of inputs        : 0
        Total # of product terms : 0
        List of special equations: 
            Clock  = (\UART_LOG:Net_9\) => Global
            Clock Enable: True
        Main Equation            : 0 pterms
        (
            0
        );
        Output = \UART_LOG:BUART:rx_parity_bit\ (fanout=0)

    Removing \UART_LOG:BUART:rx_address_detected\, Duplicate of \UART_LOG:BUART:tx_ctrl_mark_last\ 
    MacroCell: Name=\UART_LOG:BUART:rx_address_detected\, Mode=(T-Register)
        Total # of inputs        : 0
        Total # of product terms : 0
        List of special equations: 
            Clock  = (\UART_LOG:Net_9\) => Global
            Clock Enable: True
        Main Equation            : 0 pterms
        (
            0
        );
        Output = \UART_LOG:BUART:rx_address_detected\ (fanout=0)

    Removing \UART_LOG:BUART:rx_parity_error_pre\, Duplicate of \UART_LOG:BUART:tx_ctrl_mark_last\ 
    MacroCell: Name=\UART_LOG:BUART:rx_parity_error_pre\, Mode=(T-Register)
        Total # of inputs        : 0
        Total # of product terms : 0
        List of special equations: 
            Clock  = (\UART_LOG:Net_9\) => Global
            Clock Enable: True
        Main Equation            : 0 pterms
        (
            0
        );
        Output = \UART_LOG:BUART:rx_parity_error_pre\ (fanout=0)

    Removing \UART_LOG:BUART:rx_markspace_pre\, Duplicate of \UART_LOG:BUART:tx_ctrl_mark_last\ 
    MacroCell: Name=\UART_LOG:BUART:rx_markspace_pre\, Mode=(T-Register)
        Total # of inputs        : 0
        Total # of product terms : 0
        List of special equations: 
            Clock  = (\UART_LOG:Net_9\) => Global
            Clock Enable: True
        Main Equation            : 0 pterms
        (
            0
        );
        Output = \UART_LOG:BUART:rx_markspace_pre\ (fanout=0)

    Removing \UART_LOG:BUART:rx_state_1\, Duplicate of \UART_LOG:BUART:tx_ctrl_mark_last\ 
    MacroCell: Name=\UART_LOG:BUART:rx_state_1\, Mode=(T-Register)
        Total # of inputs        : 0
        Total # of product terms : 0
        List of special equations: 
            Clock  = (\UART_LOG:Net_9\) => Global
            Clock Enable: True
        Main Equation            : 0 pterms
        (
            0
        );
        Output = \UART_LOG:BUART:rx_state_1\ (fanout=8)

    Removing \UART_LOG:BUART:tx_parity_bit\, Duplicate of \UART_LOG:BUART:tx_ctrl_mark_last\ 
    MacroCell: Name=\UART_LOG:BUART:tx_parity_bit\, Mode=(T-Register)
        Total # of inputs        : 0
        Total # of product terms : 0
        List of special equations: 
            Clock  = (\UART_LOG:Net_9\) => Global
            Clock Enable: True
        Main Equation            : 0 pterms
        (
            0
        );
        Output = \UART_LOG:BUART:tx_parity_bit\ (fanout=0)

    Removing \UART_LOG:BUART:tx_mark\, Duplicate of \UART_LOG:BUART:tx_ctrl_mark_last\ 
    MacroCell: Name=\UART_LOG:BUART:tx_mark\, Mode=(T-Register)
        Total # of inputs        : 0
        Total # of product terms : 0
        List of special equations: 
            Clock  = (\UART_LOG:Net_9\) => Global
            Clock Enable: True
        Main Equation            : 0 pterms
        (
            0
        );
        Output = \UART_LOG:BUART:tx_mark\ (fanout=0)


Removing unused cells resulting from optimization
Done removing unused cells.
End removing duplicate macrocells: used 1 pass
</CYPRESSTAG>
<CYPRESSTAG name="Design Equations" icon="FILE_RPT_EQUATION">

------------------------------------------------------------
Design Equations
------------------------------------------------------------
    <CYPRESSTAG name="Pin listing">

    ------------------------------------------------------------
    Pin listing
    ------------------------------------------------------------

    Pin : Name = EB_4(0)
        Attributes:
            In Group/Port: True
            In Sync Option: NOSYNC
            Out Sync Option: AUTO
            Interrupt generated: False
            Interrupt mode: NONE
            Drive mode: HI_Z_DIGITAL
            VTrip: CMOS
            Slew: FAST
            Input Sync needed: False
            Output Sync needed: False
            SC shield enabled: False
            POR State: ANY
            LCD Mode: COMMON
            Register Mode: RegComb
            CaSense Mode: NEITHER
            Treat as pin: True
            Is OE Registered: False
            Uses Analog: False
            Can contain Digital: True
            Is SIO: False
            SIO Output Buf: NONREGULATED
            SIO Input Buf: SINGLE_ENDED
            SIO HiFreq: LOW
            SIO Hyst: DISABLED
            SIO Vtrip: MULTIPLIER_0_5
            SIO Multiplier Index: 0
            SIO RefSel: VCC_IO
            Required Capabilities: DIGITAL, ROUTABLE
            Initial Value: 0
            IO Voltage: 0
        PORT MAP (
            pa_out => EB_4(0)__PA ,
            fb => Net_4073 ,
            pad => EB_4(0)_PAD );
        Properties:
        {
        }

    Pin : Name = EB_3(0)
        Attributes:
            In Group/Port: True
            In Sync Option: NOSYNC
            Out Sync Option: AUTO
            Interrupt generated: False
            Interrupt mode: NONE
            Drive mode: HI_Z_DIGITAL
            VTrip: CMOS
            Slew: FAST
            Input Sync needed: False
            Output Sync needed: False
            SC shield enabled: False
            POR State: ANY
            LCD Mode: COMMON
            Register Mode: RegComb
            CaSense Mode: NEITHER
            Treat as pin: True
            Is OE Registered: False
            Uses Analog: False
            Can contain Digital: True
            Is SIO: False
            SIO Output Buf: NONREGULATED
            SIO Input Buf: SINGLE_ENDED
            SIO HiFreq: LOW
            SIO Hyst: DISABLED
            SIO Vtrip: MULTIPLIER_0_5
            SIO Multiplier Index: 0
            SIO RefSel: VCC_IO
            Required Capabilities: DIGITAL, ROUTABLE
            Initial Value: 0
            IO Voltage: 0
        PORT MAP (
            pa_out => EB_3(0)__PA ,
            fb => Net_4074 ,
            pad => EB_3(0)_PAD );
        Properties:
        {
        }

    Pin : Name = EB_2(0)
        Attributes:
            In Group/Port: True
            In Sync Option: NOSYNC
            Out Sync Option: AUTO
            Interrupt generated: False
            Interrupt mode: NONE
            Drive mode: HI_Z_DIGITAL
            VTrip: CMOS
            Slew: FAST
            Input Sync needed: False
            Output Sync needed: False
            SC shield enabled: False
            POR State: ANY
            LCD Mode: COMMON
            Register Mode: RegComb
            CaSense Mode: NEITHER
            Treat as pin: True
            Is OE Registered: False
            Uses Analog: False
            Can contain Digital: True
            Is SIO: False
            SIO Output Buf: NONREGULATED
            SIO Input Buf: SINGLE_ENDED
            SIO HiFreq: LOW
            SIO Hyst: DISABLED
            SIO Vtrip: MULTIPLIER_0_5
            SIO Multiplier Index: 0
            SIO RefSel: VCC_IO
            Required Capabilities: DIGITAL, ROUTABLE
            Initial Value: 0
            IO Voltage: 0
        PORT MAP (
            pa_out => EB_2(0)__PA ,
            fb => Net_4075 ,
            pad => EB_2(0)_PAD );
        Properties:
        {
        }

    Pin : Name = EB_7(0)
        Attributes:
            In Group/Port: True
            In Sync Option: NOSYNC
            Out Sync Option: AUTO
            Interrupt generated: False
            Interrupt mode: NONE
            Drive mode: HI_Z_DIGITAL
            VTrip: CMOS
            Slew: FAST
            Input Sync needed: False
            Output Sync needed: False
            SC shield enabled: False
            POR State: ANY
            LCD Mode: COMMON
            Register Mode: RegComb
            CaSense Mode: NEITHER
            Treat as pin: True
            Is OE Registered: False
            Uses Analog: False
            Can contain Digital: True
            Is SIO: False
            SIO Output Buf: NONREGULATED
            SIO Input Buf: SINGLE_ENDED
            SIO HiFreq: LOW
            SIO Hyst: DISABLED
            SIO Vtrip: MULTIPLIER_0_5
            SIO Multiplier Index: 0
            SIO RefSel: VCC_IO
            Required Capabilities: DIGITAL, ROUTABLE
            Initial Value: 0
            IO Voltage: 0
        PORT MAP (
            pa_out => EB_7(0)__PA ,
            fb => Net_4076 ,
            pad => EB_7(0)_PAD );
        Properties:
        {
        }

    Pin : Name = EB_8(0)
        Attributes:
            In Group/Port: True
            In Sync Option: NOSYNC
            Out Sync Option: AUTO
            Interrupt generated: False
            Interrupt mode: NONE
            Drive mode: HI_Z_DIGITAL
            VTrip: CMOS
            Slew: FAST
            Input Sync needed: False
            Output Sync needed: False
            SC shield enabled: False
            POR State: ANY
            LCD Mode: COMMON
            Register Mode: RegComb
            CaSense Mode: NEITHER
            Treat as pin: True
            Is OE Registered: False
            Uses Analog: False
            Can contain Digital: True
            Is SIO: False
            SIO Output Buf: NONREGULATED
            SIO Input Buf: SINGLE_ENDED
            SIO HiFreq: LOW
            SIO Hyst: DISABLED
            SIO Vtrip: MULTIPLIER_0_5
            SIO Multiplier Index: 0
            SIO RefSel: VCC_IO
            Required Capabilities: DIGITAL, ROUTABLE
            Initial Value: 0
            IO Voltage: 0
        PORT MAP (
            pa_out => EB_8(0)__PA ,
            fb => Net_4077 ,
            pad => EB_8(0)_PAD );
        Properties:
        {
        }

    Pin : Name = EB_9(0)
        Attributes:
            In Group/Port: True
            In Sync Option: NOSYNC
            Out Sync Option: AUTO
            Interrupt generated: False
            Interrupt mode: NONE
            Drive mode: HI_Z_DIGITAL
            VTrip: CMOS
            Slew: FAST
            Input Sync needed: False
            Output Sync needed: False
            SC shield enabled: False
            POR State: ANY
            LCD Mode: COMMON
            Register Mode: RegComb
            CaSense Mode: NEITHER
            Treat as pin: True
            Is OE Registered: False
            Uses Analog: False
            Can contain Digital: True
            Is SIO: False
            SIO Output Buf: NONREGULATED
            SIO Input Buf: SINGLE_ENDED
            SIO HiFreq: LOW
            SIO Hyst: DISABLED
            SIO Vtrip: MULTIPLIER_0_5
            SIO Multiplier Index: 0
            SIO RefSel: VCC_IO
            Required Capabilities: DIGITAL, ROUTABLE
            Initial Value: 0
            IO Voltage: 0
        PORT MAP (
            pa_out => EB_9(0)__PA ,
            fb => Net_4078 ,
            pad => EB_9(0)_PAD );
        Properties:
        {
        }

    Pin : Name = EB_10(0)
        Attributes:
            In Group/Port: True
            In Sync Option: NOSYNC
            Out Sync Option: AUTO
            Interrupt generated: False
            Interrupt mode: NONE
            Drive mode: HI_Z_DIGITAL
            VTrip: CMOS
            Slew: FAST
            Input Sync needed: False
            Output Sync needed: False
            SC shield enabled: False
            POR State: ANY
            LCD Mode: COMMON
            Register Mode: RegComb
            CaSense Mode: NEITHER
            Treat as pin: True
            Is OE Registered: False
            Uses Analog: False
            Can contain Digital: True
            Is SIO: False
            SIO Output Buf: NONREGULATED
            SIO Input Buf: SINGLE_ENDED
            SIO HiFreq: LOW
            SIO Hyst: DISABLED
            SIO Vtrip: MULTIPLIER_0_5
            SIO Multiplier Index: 0
            SIO RefSel: VCC_IO
            Required Capabilities: DIGITAL, ROUTABLE
            Initial Value: 0
            IO Voltage: 0
        PORT MAP (
            pa_out => EB_10(0)__PA ,
            fb => Net_4079 ,
            pad => EB_10(0)_PAD );
        Properties:
        {
        }

    Pin : Name = LED_4(0)
        Attributes:
            In Group/Port: True
            In Sync Option: AUTO
            Out Sync Option: NOSYNC
            Interrupt generated: False
            Interrupt mode: NONE
            Drive mode: CMOS_OUT
            VTrip: EITHER
            Slew: FAST
            Input Sync needed: False
            Output Sync needed: False
            SC shield enabled: False
            POR State: ANY
            LCD Mode: COMMON
            Register Mode: RegComb
            CaSense Mode: NEITHER
            Treat as pin: True
            Is OE Registered: False
            Uses Analog: False
            Can contain Digital: True
            Is SIO: False
            SIO Output Buf: NONREGULATED
            SIO Input Buf: SINGLE_ENDED
            SIO HiFreq: LOW
            SIO Hyst: DISABLED
            SIO Vtrip: MULTIPLIER_0_5
            SIO Multiplier Index: 0
            SIO RefSel: VCC_IO
            Required Capabilities: DIGITAL
            Initial Value: 0
            IO Voltage: 0
        PORT MAP (
            pa_out => LED_4(0)__PA ,
            pad => LED_4(0)_PAD );
        Properties:
        {
        }

    Pin : Name = EB_1(0)
        Attributes:
            In Group/Port: True
            In Sync Option: NOSYNC
            Out Sync Option: AUTO
            Interrupt generated: False
            Interrupt mode: NONE
            Drive mode: HI_Z_DIGITAL
            VTrip: CMOS
            Slew: FAST
            Input Sync needed: False
            Output Sync needed: False
            SC shield enabled: False
            POR State: ANY
            LCD Mode: COMMON
            Register Mode: RegComb
            CaSense Mode: NEITHER
            Treat as pin: True
            Is OE Registered: False
            Uses Analog: False
            Can contain Digital: True
            Is SIO: False
            SIO Output Buf: NONREGULATED
            SIO Input Buf: SINGLE_ENDED
            SIO HiFreq: LOW
            SIO Hyst: DISABLED
            SIO Vtrip: MULTIPLIER_0_5
            SIO Multiplier Index: 0
            SIO RefSel: VCC_IO
            Required Capabilities: DIGITAL, ROUTABLE
            Initial Value: 0
            IO Voltage: 0
        PORT MAP (
            pa_out => EB_1(0)__PA ,
            fb => Net_4080 ,
            pad => EB_1(0)_PAD );
        Properties:
        {
        }

    Pin : Name = EB_5(0)
        Attributes:
            In Group/Port: True
            In Sync Option: NOSYNC
            Out Sync Option: AUTO
            Interrupt generated: False
            Interrupt mode: NONE
            Drive mode: HI_Z_DIGITAL
            VTrip: CMOS
            Slew: FAST
            Input Sync needed: False
            Output Sync needed: False
            SC shield enabled: False
            POR State: ANY
            LCD Mode: COMMON
            Register Mode: RegComb
            CaSense Mode: NEITHER
            Treat as pin: True
            Is OE Registered: False
            Uses Analog: False
            Can contain Digital: True
            Is SIO: False
            SIO Output Buf: NONREGULATED
            SIO Input Buf: SINGLE_ENDED
            SIO HiFreq: LOW
            SIO Hyst: DISABLED
            SIO Vtrip: MULTIPLIER_0_5
            SIO Multiplier Index: 0
            SIO RefSel: VCC_IO
            Required Capabilities: DIGITAL, ROUTABLE
            Initial Value: 0
            IO Voltage: 0
        PORT MAP (
            pa_out => EB_5(0)__PA ,
            fb => Net_4081 ,
            pad => EB_5(0)_PAD );
        Properties:
        {
        }

    Pin : Name = BUTTON_1(0)
        Attributes:
            In Group/Port: True
            In Sync Option: NOSYNC
            Out Sync Option: AUTO
            Interrupt generated: False
            Interrupt mode: NONE
            Drive mode: HI_Z_DIGITAL
            VTrip: CMOS
            Slew: FAST
            Input Sync needed: False
            Output Sync needed: False
            SC shield enabled: False
            POR State: ANY
            LCD Mode: COMMON
            Register Mode: RegComb
            CaSense Mode: NEITHER
            Treat as pin: True
            Is OE Registered: False
            Uses Analog: False
            Can contain Digital: True
            Is SIO: False
            SIO Output Buf: NONREGULATED
            SIO Input Buf: SINGLE_ENDED
            SIO HiFreq: LOW
            SIO Hyst: DISABLED
            SIO Vtrip: MULTIPLIER_0_5
            SIO Multiplier Index: 0
            SIO RefSel: VCC_IO
            Required Capabilities: DIGITAL, ROUTABLE
            Initial Value: 0
            IO Voltage: 0
        PORT MAP (
            pa_out => BUTTON_1(0)__PA ,
            fb => Net_664 ,
            pad => BUTTON_1(0)_PAD );
        Properties:
        {
        }

    Pin : Name = BUTTON_2(0)
        Attributes:
            In Group/Port: True
            In Sync Option: NOSYNC
            Out Sync Option: AUTO
            Interrupt generated: False
            Interrupt mode: NONE
            Drive mode: HI_Z_DIGITAL
            VTrip: CMOS
            Slew: FAST
            Input Sync needed: False
            Output Sync needed: False
            SC shield enabled: False
            POR State: ANY
            LCD Mode: COMMON
            Register Mode: RegComb
            CaSense Mode: NEITHER
            Treat as pin: True
            Is OE Registered: False
            Uses Analog: False
            Can contain Digital: True
            Is SIO: False
            SIO Output Buf: NONREGULATED
            SIO Input Buf: SINGLE_ENDED
            SIO HiFreq: LOW
            SIO Hyst: DISABLED
            SIO Vtrip: MULTIPLIER_0_5
            SIO Multiplier Index: 0
            SIO RefSel: VCC_IO
            Required Capabilities: DIGITAL, ROUTABLE
            Initial Value: 0
            IO Voltage: 0
        PORT MAP (
            pa_out => BUTTON_2(0)__PA ,
            fb => Net_665 ,
            pad => BUTTON_2(0)_PAD );
        Properties:
        {
        }

    Pin : Name = BUTTON_3(0)
        Attributes:
            In Group/Port: True
            In Sync Option: NOSYNC
            Out Sync Option: AUTO
            Interrupt generated: False
            Interrupt mode: NONE
            Drive mode: HI_Z_DIGITAL
            VTrip: CMOS
            Slew: FAST
            Input Sync needed: False
            Output Sync needed: False
            SC shield enabled: False
            POR State: ANY
            LCD Mode: COMMON
            Register Mode: RegComb
            CaSense Mode: NEITHER
            Treat as pin: True
            Is OE Registered: False
            Uses Analog: False
            Can contain Digital: True
            Is SIO: False
            SIO Output Buf: NONREGULATED
            SIO Input Buf: SINGLE_ENDED
            SIO HiFreq: LOW
            SIO Hyst: DISABLED
            SIO Vtrip: MULTIPLIER_0_5
            SIO Multiplier Index: 0
            SIO RefSel: VCC_IO
            Required Capabilities: DIGITAL, ROUTABLE
            Initial Value: 0
            IO Voltage: 0
        PORT MAP (
            pa_out => BUTTON_3(0)__PA ,
            fb => Net_667 ,
            pad => BUTTON_3(0)_PAD );
        Properties:
        {
        }

    Pin : Name = BUTTON_4(0)
        Attributes:
            In Group/Port: True
            In Sync Option: NOSYNC
            Out Sync Option: AUTO
            Interrupt generated: False
            Interrupt mode: NONE
            Drive mode: HI_Z_DIGITAL
            VTrip: CMOS
            Slew: FAST
            Input Sync needed: False
            Output Sync needed: False
            SC shield enabled: False
            POR State: ANY
            LCD Mode: COMMON
            Register Mode: RegComb
            CaSense Mode: NEITHER
            Treat as pin: True
            Is OE Registered: False
            Uses Analog: False
            Can contain Digital: True
            Is SIO: False
            SIO Output Buf: NONREGULATED
            SIO Input Buf: SINGLE_ENDED
            SIO HiFreq: LOW
            SIO Hyst: DISABLED
            SIO Vtrip: MULTIPLIER_0_5
            SIO Multiplier Index: 0
            SIO RefSel: VCC_IO
            Required Capabilities: DIGITAL, ROUTABLE
            Initial Value: 0
            IO Voltage: 0
        PORT MAP (
            pa_out => BUTTON_4(0)__PA ,
            fb => Net_668 ,
            pad => BUTTON_4(0)_PAD );
        Properties:
        {
        }

    Pin : Name = LED_1(0)
        Attributes:
            In Group/Port: True
            In Sync Option: AUTO
            Out Sync Option: NOSYNC
            Interrupt generated: False
            Interrupt mode: NONE
            Drive mode: CMOS_OUT
            VTrip: EITHER
            Slew: FAST
            Input Sync needed: False
            Output Sync needed: False
            SC shield enabled: False
            POR State: ANY
            LCD Mode: COMMON
            Register Mode: RegComb
            CaSense Mode: NEITHER
            Treat as pin: True
            Is OE Registered: False
            Uses Analog: False
            Can contain Digital: True
            Is SIO: False
            SIO Output Buf: NONREGULATED
            SIO Input Buf: SINGLE_ENDED
            SIO HiFreq: LOW
            SIO Hyst: DISABLED
            SIO Vtrip: MULTIPLIER_0_5
            SIO Multiplier Index: 0
            SIO RefSel: VCC_IO
            Required Capabilities: DIGITAL
            Initial Value: 0
            IO Voltage: 0
        PORT MAP (
            pa_out => LED_1(0)__PA ,
            pad => LED_1(0)_PAD );
        Properties:
        {
        }

    Pin : Name = LED_3(0)
        Attributes:
            In Group/Port: True
            In Sync Option: AUTO
            Out Sync Option: NOSYNC
            Interrupt generated: False
            Interrupt mode: NONE
            Drive mode: CMOS_OUT
            VTrip: EITHER
            Slew: FAST
            Input Sync needed: False
            Output Sync needed: False
            SC shield enabled: False
            POR State: ANY
            LCD Mode: COMMON
            Register Mode: RegComb
            CaSense Mode: NEITHER
            Treat as pin: True
            Is OE Registered: False
            Uses Analog: False
            Can contain Digital: True
            Is SIO: False
            SIO Output Buf: NONREGULATED
            SIO Input Buf: SINGLE_ENDED
            SIO HiFreq: LOW
            SIO Hyst: DISABLED
            SIO Vtrip: MULTIPLIER_0_5
            SIO Multiplier Index: 0
            SIO RefSel: VCC_IO
            Required Capabilities: DIGITAL
            Initial Value: 0
            IO Voltage: 0
        PORT MAP (
            pa_out => LED_3(0)__PA ,
            pad => LED_3(0)_PAD );
        Properties:
        {
        }

    Pin : Name = LED_2(0)
        Attributes:
            In Group/Port: True
            In Sync Option: AUTO
            Out Sync Option: NOSYNC
            Interrupt generated: False
            Interrupt mode: NONE
            Drive mode: CMOS_OUT
            VTrip: EITHER
            Slew: FAST
            Input Sync needed: False
            Output Sync needed: False
            SC shield enabled: False
            POR State: ANY
            LCD Mode: COMMON
            Register Mode: RegComb
            CaSense Mode: NEITHER
            Treat as pin: True
            Is OE Registered: False
            Uses Analog: False
            Can contain Digital: True
            Is SIO: False
            SIO Output Buf: NONREGULATED
            SIO Input Buf: SINGLE_ENDED
            SIO HiFreq: LOW
            SIO Hyst: DISABLED
            SIO Vtrip: MULTIPLIER_0_5
            SIO Multiplier Index: 0
            SIO RefSel: VCC_IO
            Required Capabilities: DIGITAL
            Initial Value: 0
            IO Voltage: 0
        PORT MAP (
            pa_out => LED_2(0)__PA ,
            pad => LED_2(0)_PAD );
        Properties:
        {
        }

    Pin : Name = DEBUG_TX(0)
        Attributes:
            In Group/Port: True
            In Sync Option: AUTO
            Out Sync Option: NOSYNC
            Interrupt generated: False
            Interrupt mode: NONE
            Drive mode: CMOS_OUT
            VTrip: EITHER
            Slew: FAST
            Input Sync needed: False
            Output Sync needed: False
            SC shield enabled: False
            POR State: ANY
            LCD Mode: COMMON
            Register Mode: RegComb
            CaSense Mode: NEITHER
            Treat as pin: True
            Is OE Registered: False
            Uses Analog: False
            Can contain Digital: True
            Is SIO: False
            SIO Output Buf: NONREGULATED
            SIO Input Buf: SINGLE_ENDED
            SIO HiFreq: LOW
            SIO Hyst: DISABLED
            SIO Vtrip: MULTIPLIER_0_5
            SIO Multiplier Index: 0
            SIO RefSel: VCC_IO
            Required Capabilities: DIGITAL, ROUTABLE
            Initial Value: 1
            IO Voltage: 0
        PORT MAP (
            pa_out => DEBUG_TX(0)__PA ,
            pin_input => Net_4086 ,
            pad => DEBUG_TX(0)_PAD );
        Properties:
        {
        }

    Pin : Name = DEBUG_RX(0)
        Attributes:
            In Group/Port: True
            In Sync Option: SYNC
            Out Sync Option: AUTO
            Interrupt generated: False
            Interrupt mode: NONE
            Drive mode: HI_Z_DIGITAL
            VTrip: CMOS
            Slew: FAST
            Input Sync needed: False
            Output Sync needed: False
            SC shield enabled: False
            POR State: ANY
            LCD Mode: COMMON
            Register Mode: RegComb
            CaSense Mode: NEITHER
            Treat as pin: True
            Is OE Registered: False
            Uses Analog: False
            Can contain Digital: True
            Is SIO: False
            SIO Output Buf: NONREGULATED
            SIO Input Buf: SINGLE_ENDED
            SIO HiFreq: LOW
            SIO Hyst: DISABLED
            SIO Vtrip: MULTIPLIER_0_5
            SIO Multiplier Index: 0
            SIO RefSel: VCC_IO
            Required Capabilities: DIGITAL, ROUTABLE
            Initial Value: 0
            IO Voltage: 0
        PORT MAP (
            pa_out => DEBUG_RX(0)__PA ,
            fb => Net_4087 ,
            pad => DEBUG_RX(0)_PAD );
        Properties:
        {
        }

    Pin : Name = PSOC_RX(0)
        Attributes:
            In Group/Port: True
            In Sync Option: SYNC
            Out Sync Option: AUTO
            Interrupt generated: False
            Interrupt mode: NONE
            Drive mode: HI_Z_DIGITAL
            VTrip: CMOS
            Slew: FAST
            Input Sync needed: False
            Output Sync needed: False
            SC shield enabled: False
            POR State: ANY
            LCD Mode: COMMON
            Register Mode: RegComb
            CaSense Mode: NEITHER
            Treat as pin: True
            Is OE Registered: False
            Uses Analog: False
            Can contain Digital: True
            Is SIO: False
            SIO Output Buf: NONREGULATED
            SIO Input Buf: SINGLE_ENDED
            SIO HiFreq: LOW
            SIO Hyst: DISABLED
            SIO Vtrip: MULTIPLIER_0_5
            SIO Multiplier Index: 0
            SIO RefSel: VCC_IO
            Required Capabilities: DIGITAL, ROUTABLE
            Initial Value: 0
            IO Voltage: 0
        PORT MAP (
            pa_out => PSOC_RX(0)__PA ,
            fb => Net_4099 ,
            pad => PSOC_RX(0)_PAD );
        Properties:
        {
        }

    Pin : Name = Pin_Engine_Mode_2(0)
        Attributes:
            In Group/Port: True
            In Sync Option: AUTO
            Out Sync Option: NOSYNC
            Interrupt generated: False
            Interrupt mode: NONE
            Drive mode: CMOS_OUT
            VTrip: EITHER
            Slew: FAST
            Input Sync needed: False
            Output Sync needed: False
            SC shield enabled: False
            POR State: ANY
            LCD Mode: COMMON
            Register Mode: RegComb
            CaSense Mode: NEITHER
            Treat as pin: True
            Is OE Registered: False
            Uses Analog: False
            Can contain Digital: True
            Is SIO: False
            SIO Output Buf: NONREGULATED
            SIO Input Buf: SINGLE_ENDED
            SIO HiFreq: LOW
            SIO Hyst: DISABLED
            SIO Vtrip: MULTIPLIER_0_5
            SIO Multiplier Index: 0
            SIO RefSel: VCC_IO
            Required Capabilities: DIGITAL, ROUTABLE
            Initial Value: 0
            IO Voltage: 0
        PORT MAP (
            pa_out => Pin_Engine_Mode_2(0)__PA ,
            pin_input => Net_4287 ,
            pad => Pin_Engine_Mode_2(0)_PAD );
        Properties:
        {
        }

    Pin : Name = Pin_Engine_Mode_1(0)
        Attributes:
            In Group/Port: True
            In Sync Option: AUTO
            Out Sync Option: NOSYNC
            Interrupt generated: False
            Interrupt mode: NONE
            Drive mode: CMOS_OUT
            VTrip: EITHER
            Slew: FAST
            Input Sync needed: False
            Output Sync needed: False
            SC shield enabled: False
            POR State: ANY
            LCD Mode: COMMON
            Register Mode: RegComb
            CaSense Mode: NEITHER
            Treat as pin: True
            Is OE Registered: False
            Uses Analog: False
            Can contain Digital: True
            Is SIO: False
            SIO Output Buf: NONREGULATED
            SIO Input Buf: SINGLE_ENDED
            SIO HiFreq: LOW
            SIO Hyst: DISABLED
            SIO Vtrip: MULTIPLIER_0_5
            SIO Multiplier Index: 0
            SIO RefSel: VCC_IO
            Required Capabilities: DIGITAL, ROUTABLE
            Initial Value: 0
            IO Voltage: 0
        PORT MAP (
            pa_out => Pin_Engine_Mode_1(0)__PA ,
            pin_input => Net_4290 ,
            pad => Pin_Engine_Mode_1(0)_PAD );
        Properties:
        {
        }

    Pin : Name = EB_6(0)
        Attributes:
            In Group/Port: True
            In Sync Option: NOSYNC
            Out Sync Option: AUTO
            Interrupt generated: False
            Interrupt mode: NONE
            Drive mode: HI_Z_DIGITAL
            VTrip: CMOS
            Slew: FAST
            Input Sync needed: False
            Output Sync needed: False
            SC shield enabled: False
            POR State: ANY
            LCD Mode: COMMON
            Register Mode: RegComb
            CaSense Mode: NEITHER
            Treat as pin: True
            Is OE Registered: False
            Uses Analog: False
            Can contain Digital: True
            Is SIO: False
            SIO Output Buf: NONREGULATED
            SIO Input Buf: SINGLE_ENDED
            SIO HiFreq: LOW
            SIO Hyst: DISABLED
            SIO Vtrip: MULTIPLIER_0_5
            SIO Multiplier Index: 0
            SIO RefSel: VCC_IO
            Required Capabilities: DIGITAL, ROUTABLE
            Initial Value: 0
            IO Voltage: 0
        PORT MAP (
            pa_out => EB_6(0)__PA ,
            fb => Net_4124 ,
            pad => EB_6(0)_PAD );
        Properties:
        {
        }

    Pin : Name = \USBUART:Dm(0)\
        Attributes:
            In Group/Port: True
            In Sync Option: AUTO
            Out Sync Option: AUTO
            Interrupt generated: False
            Interrupt mode: NONE
            Drive mode: HI_Z_ANALOG
            VTrip: EITHER
            Slew: FAST
            Input Sync needed: False
            Output Sync needed: False
            SC shield enabled: False
            POR State: ANY
            LCD Mode: COMMON
            Register Mode: RegComb
            CaSense Mode: NEITHER
            Treat as pin: True
            Is OE Registered: False
            Uses Analog: True
            Can contain Digital: False
            Is SIO: False
            SIO Output Buf: NONREGULATED
            SIO Input Buf: SINGLE_ENDED
            SIO HiFreq: LOW
            SIO Hyst: DISABLED
            SIO Vtrip: MULTIPLIER_0_5
            SIO Multiplier Index: 0
            SIO RefSel: VCC_IO
            Required Capabilities: USB_D_MINUS
            Initial Value: 0
            IO Voltage: 0
        PORT MAP (
            pa_out => \USBUART:Dm(0)\__PA ,
            analog_term => \USBUART:Net_597\ ,
            pad => \USBUART:Dm(0)_PAD\ );
        Properties:
        {
        }

    Pin : Name = \USBUART:Dp(0)\
        Attributes:
            In Group/Port: True
            In Sync Option: SYNC
            Out Sync Option: AUTO
            Interrupt generated: True
            Interrupt mode: FALLING
            Drive mode: HI_Z_ANALOG
            VTrip: CMOS
            Slew: FAST
            Input Sync needed: True
            Output Sync needed: False
            SC shield enabled: False
            POR State: ANY
            LCD Mode: COMMON
            Register Mode: RegComb
            CaSense Mode: NEITHER
            Treat as pin: False
            Is OE Registered: False
            Uses Analog: True
            Can contain Digital: True
            Is SIO: False
            SIO Output Buf: NONREGULATED
            SIO Input Buf: SINGLE_ENDED
            SIO HiFreq: LOW
            SIO Hyst: DISABLED
            SIO Vtrip: MULTIPLIER_0_5
            SIO Multiplier Index: 0
            SIO RefSel: VCC_IO
            Required Capabilities: USB_D_PLUS
            Initial Value: 1
            IO Voltage: 0
        PORT MAP (
            pa_out => \USBUART:Dp(0)\__PA ,
            analog_term => \USBUART:Net_1000\ ,
            pad => \USBUART:Dp(0)_PAD\ );
        Properties:
        {
        }

    Pin : Name = AnalogIN_1(0)
        Attributes:
            In Group/Port: True
            In Sync Option: AUTO
            Out Sync Option: AUTO
            Interrupt generated: False
            Interrupt mode: NONE
            Drive mode: HI_Z_ANALOG
            VTrip: EITHER
            Slew: FAST
            Input Sync needed: False
            Output Sync needed: False
            SC shield enabled: False
            POR State: ANY
            LCD Mode: COMMON
            Register Mode: RegComb
            CaSense Mode: NEITHER
            Treat as pin: True
            Is OE Registered: False
            Uses Analog: True
            Can contain Digital: False
            Is SIO: False
            SIO Output Buf: NONREGULATED
            SIO Input Buf: SINGLE_ENDED
            SIO HiFreq: LOW
            SIO Hyst: DISABLED
            SIO Vtrip: MULTIPLIER_0_5
            SIO Multiplier Index: 0
            SIO RefSel: VCC_IO
            Required Capabilities: ANALOG
            Initial Value: 0
            IO Voltage: 0
        PORT MAP (
            pa_out => AnalogIN_1(0)__PA ,
            analog_term => Net_4138 ,
            pad => AnalogIN_1(0)_PAD ,
            pin_input => \ADC_SAR_Seq:AMuxHw_2_Decoder_one_hot_0\ );
        Properties:
        {
        }

    Pin : Name = AnalogIN_3(0)
        Attributes:
            In Group/Port: True
            In Sync Option: AUTO
            Out Sync Option: AUTO
            Interrupt generated: False
            Interrupt mode: NONE
            Drive mode: HI_Z_ANALOG
            VTrip: EITHER
            Slew: FAST
            Input Sync needed: False
            Output Sync needed: False
            SC shield enabled: False
            POR State: ANY
            LCD Mode: COMMON
            Register Mode: RegComb
            CaSense Mode: NEITHER
            Treat as pin: True
            Is OE Registered: False
            Uses Analog: True
            Can contain Digital: False
            Is SIO: False
            SIO Output Buf: NONREGULATED
            SIO Input Buf: SINGLE_ENDED
            SIO HiFreq: LOW
            SIO Hyst: DISABLED
            SIO Vtrip: MULTIPLIER_0_5
            SIO Multiplier Index: 0
            SIO RefSel: VCC_IO
            Required Capabilities: ANALOG
            Initial Value: 0
            IO Voltage: 0
        PORT MAP (
            pa_out => AnalogIN_3(0)__PA ,
            analog_term => Net_4139 ,
            pad => AnalogIN_3(0)_PAD ,
            pin_input => \ADC_SAR_Seq:AMuxHw_2_Decoder_one_hot_2\ );
        Properties:
        {
        }

    Pin : Name = PSOC_TX(0)
        Attributes:
            In Group/Port: True
            In Sync Option: AUTO
            Out Sync Option: NOSYNC
            Interrupt generated: False
            Interrupt mode: NONE
            Drive mode: CMOS_OUT
            VTrip: EITHER
            Slew: FAST
            Input Sync needed: False
            Output Sync needed: False
            SC shield enabled: False
            POR State: ANY
            LCD Mode: COMMON
            Register Mode: RegComb
            CaSense Mode: NEITHER
            Treat as pin: True
            Is OE Registered: False
            Uses Analog: False
            Can contain Digital: True
            Is SIO: False
            SIO Output Buf: NONREGULATED
            SIO Input Buf: SINGLE_ENDED
            SIO HiFreq: LOW
            SIO Hyst: DISABLED
            SIO Vtrip: MULTIPLIER_0_5
            SIO Multiplier Index: 0
            SIO RefSel: VCC_IO
            Required Capabilities: DIGITAL, ROUTABLE
            Initial Value: 1
            IO Voltage: 0
        PORT MAP (
            pa_out => PSOC_TX(0)__PA ,
            pin_input => Net_4101 ,
            pad => PSOC_TX(0)_PAD );
        Properties:
        {
        }

    Pin : Name = SCL(0)
        Attributes:
            In Group/Port: True
            In Sync Option: SYNC
            Out Sync Option: NOSYNC
            Interrupt generated: False
            Interrupt mode: NONE
            Drive mode: OPEN_DRAIN_LO
            VTrip: CMOS
            Slew: FAST
            Input Sync needed: False
            Output Sync needed: False
            SC shield enabled: False
            POR State: ANY
            LCD Mode: COMMON
            Register Mode: RegComb
            CaSense Mode: NEITHER
            Treat as pin: True
            Is OE Registered: False
            Uses Analog: False
            Can contain Digital: True
            Is SIO: False
            SIO Output Buf: NONREGULATED
            SIO Input Buf: SINGLE_ENDED
            SIO HiFreq: LOW
            SIO Hyst: DISABLED
            SIO Vtrip: MULTIPLIER_0_5
            SIO Multiplier Index: 0
            SIO RefSel: VCC_IO
            Required Capabilities: DIGITAL, ROUTABLE
            Initial Value: 1
            IO Voltage: 0
        PORT MAP (
            pa_out => SCL(0)__PA ,
            fb => \I2C:Net_1109_0\ ,
            pin_input => \I2C:Net_643_0\ ,
            pad => SCL(0)_PAD );
        Properties:
        {
        }

    Pin : Name = SDA(0)
        Attributes:
            In Group/Port: True
            In Sync Option: SYNC
            Out Sync Option: NOSYNC
            Interrupt generated: False
            Interrupt mode: NONE
            Drive mode: OPEN_DRAIN_LO
            VTrip: CMOS
            Slew: FAST
            Input Sync needed: False
            Output Sync needed: False
            SC shield enabled: False
            POR State: ANY
            LCD Mode: COMMON
            Register Mode: RegComb
            CaSense Mode: NEITHER
            Treat as pin: True
            Is OE Registered: False
            Uses Analog: False
            Can contain Digital: True
            Is SIO: False
            SIO Output Buf: NONREGULATED
            SIO Input Buf: SINGLE_ENDED
            SIO HiFreq: LOW
            SIO Hyst: DISABLED
            SIO Vtrip: MULTIPLIER_0_5
            SIO Multiplier Index: 0
            SIO RefSel: VCC_IO
            Required Capabilities: DIGITAL, ROUTABLE
            Initial Value: 1
            IO Voltage: 0
        PORT MAP (
            pa_out => SDA(0)__PA ,
            fb => \I2C:Net_1109_1\ ,
            pin_input => \I2C:sda_x_wire\ ,
            pad => SDA(0)_PAD );
        Properties:
        {
        }

    Pin : Name = Pin_Encoder_B(0)
        Attributes:
            In Group/Port: True
            In Sync Option: NOSYNC
            Out Sync Option: AUTO
            Interrupt generated: False
            Interrupt mode: NONE
            Drive mode: HI_Z_DIGITAL
            VTrip: CMOS
            Slew: FAST
            Input Sync needed: False
            Output Sync needed: False
            SC shield enabled: False
            POR State: ANY
            LCD Mode: COMMON
            Register Mode: RegComb
            CaSense Mode: NEITHER
            Treat as pin: True
            Is OE Registered: False
            Uses Analog: False
            Can contain Digital: True
            Is SIO: False
            SIO Output Buf: NONREGULATED
            SIO Input Buf: SINGLE_ENDED
            SIO HiFreq: LOW
            SIO Hyst: DISABLED
            SIO Vtrip: MULTIPLIER_0_5
            SIO Multiplier Index: 0
            SIO RefSel: VCC_IO
            Required Capabilities: DIGITAL, ROUTABLE
            Initial Value: 0
            IO Voltage: 0
        PORT MAP (
            pa_out => Pin_Encoder_B(0)__PA ,
            fb => Net_3898 ,
            pad => Pin_Encoder_B(0)_PAD );
        Properties:
        {
        }

    Pin : Name = Pin_Encoder_A(0)
        Attributes:
            In Group/Port: True
            In Sync Option: NOSYNC
            Out Sync Option: AUTO
            Interrupt generated: False
            Interrupt mode: NONE
            Drive mode: HI_Z_DIGITAL
            VTrip: CMOS
            Slew: FAST
            Input Sync needed: False
            Output Sync needed: False
            SC shield enabled: False
            POR State: ANY
            LCD Mode: COMMON
            Register Mode: RegComb
            CaSense Mode: NEITHER
            Treat as pin: True
            Is OE Registered: False
            Uses Analog: False
            Can contain Digital: True
            Is SIO: False
            SIO Output Buf: NONREGULATED
            SIO Input Buf: SINGLE_ENDED
            SIO HiFreq: LOW
            SIO Hyst: DISABLED
            SIO Vtrip: MULTIPLIER_0_5
            SIO Multiplier Index: 0
            SIO RefSel: VCC_IO
            Required Capabilities: DIGITAL, ROUTABLE
            Initial Value: 0
            IO Voltage: 0
        PORT MAP (
            pa_out => Pin_Encoder_A(0)__PA ,
            fb => Net_3908 ,
            pad => Pin_Encoder_A(0)_PAD );
        Properties:
        {
        }

    Pin : Name = Pin_Engine_PWM(0)
        Attributes:
            In Group/Port: True
            In Sync Option: AUTO
            Out Sync Option: NOSYNC
            Interrupt generated: False
            Interrupt mode: NONE
            Drive mode: CMOS_OUT
            VTrip: EITHER
            Slew: FAST
            Input Sync needed: False
            Output Sync needed: False
            SC shield enabled: False
            POR State: ANY
            LCD Mode: COMMON
            Register Mode: RegComb
            CaSense Mode: NEITHER
            Treat as pin: True
            Is OE Registered: False
            Uses Analog: False
            Can contain Digital: True
            Is SIO: False
            SIO Output Buf: NONREGULATED
            SIO Input Buf: SINGLE_ENDED
            SIO HiFreq: LOW
            SIO Hyst: DISABLED
            SIO Vtrip: MULTIPLIER_0_5
            SIO Multiplier Index: 0
            SIO RefSel: VCC_IO
            Required Capabilities: DIGITAL, ROUTABLE
            Initial Value: 0
            IO Voltage: 0
        PORT MAP (
            pa_out => Pin_Engine_PWM(0)__PA ,
            pin_input => Net_4310 ,
            pad => Pin_Engine_PWM(0)_PAD );
        Properties:
        {
        }

    Pin : Name = Pin_Safe_2(0)
        Attributes:
            In Group/Port: True
            In Sync Option: AUTO
            Out Sync Option: NOSYNC
            Interrupt generated: False
            Interrupt mode: NONE
            Drive mode: CMOS_OUT
            VTrip: EITHER
            Slew: FAST
            Input Sync needed: False
            Output Sync needed: False
            SC shield enabled: False
            POR State: ANY
            LCD Mode: COMMON
            Register Mode: RegComb
            CaSense Mode: NEITHER
            Treat as pin: True
            Is OE Registered: False
            Uses Analog: False
            Can contain Digital: True
            Is SIO: False
            SIO Output Buf: NONREGULATED
            SIO Input Buf: SINGLE_ENDED
            SIO HiFreq: LOW
            SIO Hyst: DISABLED
            SIO Vtrip: MULTIPLIER_0_5
            SIO Multiplier Index: 0
            SIO RefSel: VCC_IO
            Required Capabilities: DIGITAL
            Initial Value: 0
            IO Voltage: 0
        PORT MAP (
            pa_out => Pin_Safe_2(0)__PA ,
            pad => Pin_Safe_2(0)_PAD );
        Properties:
        {
        }

    Pin : Name = Pin_Safe_1(0)
        Attributes:
            In Group/Port: True
            In Sync Option: AUTO
            Out Sync Option: NOSYNC
            Interrupt generated: False
            Interrupt mode: NONE
            Drive mode: CMOS_OUT
            VTrip: EITHER
            Slew: FAST
            Input Sync needed: False
            Output Sync needed: False
            SC shield enabled: False
            POR State: ANY
            LCD Mode: COMMON
            Register Mode: RegComb
            CaSense Mode: NEITHER
            Treat as pin: True
            Is OE Registered: False
            Uses Analog: False
            Can contain Digital: True
            Is SIO: False
            SIO Output Buf: NONREGULATED
            SIO Input Buf: SINGLE_ENDED
            SIO HiFreq: LOW
            SIO Hyst: DISABLED
            SIO Vtrip: MULTIPLIER_0_5
            SIO Multiplier Index: 0
            SIO RefSel: VCC_IO
            Required Capabilities: DIGITAL
            Initial Value: 0
            IO Voltage: 0
        PORT MAP (
            pa_out => Pin_Safe_1(0)__PA ,
            pad => Pin_Safe_1(0)_PAD );
        Properties:
        {
        }

    Pin : Name = AnalogIN_2(0)
        Attributes:
            In Group/Port: True
            In Sync Option: AUTO
            Out Sync Option: AUTO
            Interrupt generated: False
            Interrupt mode: NONE
            Drive mode: HI_Z_ANALOG
            VTrip: EITHER
            Slew: FAST
            Input Sync needed: False
            Output Sync needed: False
            SC shield enabled: False
            POR State: ANY
            LCD Mode: COMMON
            Register Mode: RegComb
            CaSense Mode: NEITHER
            Treat as pin: True
            Is OE Registered: False
            Uses Analog: True
            Can contain Digital: False
            Is SIO: False
            SIO Output Buf: NONREGULATED
            SIO Input Buf: SINGLE_ENDED
            SIO HiFreq: LOW
            SIO Hyst: DISABLED
            SIO Vtrip: MULTIPLIER_0_5
            SIO Multiplier Index: 0
            SIO RefSel: VCC_IO
            Required Capabilities: ANALOG
            Initial Value: 0
            IO Voltage: 0
        PORT MAP (
            pa_out => AnalogIN_2(0)__PA ,
            analog_term => Net_4144 ,
            pad => AnalogIN_2(0)_PAD ,
            pin_input => \ADC_SAR_Seq:AMuxHw_2_Decoder_one_hot_1\ );
        Properties:
        {
        }
    </CYPRESSTAG>
    <CYPRESSTAG name="Macrocell listing" icon="FILE_RPT_EQUATION">

    ------------------------------------------------------------
    Macrocell listing
    ------------------------------------------------------------

    MacroCell: Name=\ENGINE_DECODER:Net_1251_split\, Mode=(Combinatorial)
        Total # of inputs        : 7
        Total # of product terms : 8
            Clock Enable: True
        Main Equation            : 8 pterms
        (
              \ENGINE_DECODER:Net_1251\ * !\ENGINE_DECODER:Net_1260\ * 
              \ENGINE_DECODER:bQuadDec:quad_B_filt\ * 
              !\ENGINE_DECODER:bQuadDec:error\ * 
              !\ENGINE_DECODER:bQuadDec:state_1\
            + \ENGINE_DECODER:Net_1251\ * !\ENGINE_DECODER:Net_1260\ * 
              \ENGINE_DECODER:bQuadDec:error\ * 
              !\ENGINE_DECODER:bQuadDec:state_1\ * 
              !\ENGINE_DECODER:bQuadDec:state_0\
            + \ENGINE_DECODER:Net_1251\ * 
              !\ENGINE_DECODER:bQuadDec:quad_A_filt\ * 
              !\ENGINE_DECODER:bQuadDec:error\ * 
              !\ENGINE_DECODER:bQuadDec:state_1\ * 
              !\ENGINE_DECODER:bQuadDec:state_0\
            + \ENGINE_DECODER:Net_1251\ * 
              \ENGINE_DECODER:bQuadDec:quad_B_filt\ * 
              !\ENGINE_DECODER:bQuadDec:error\ * 
              !\ENGINE_DECODER:bQuadDec:state_1\ * 
              !\ENGINE_DECODER:bQuadDec:state_0\
            + !\ENGINE_DECODER:Net_1260\ * 
              !\ENGINE_DECODER:bQuadDec:quad_A_filt\ * 
              !\ENGINE_DECODER:bQuadDec:quad_B_filt\ * 
              !\ENGINE_DECODER:bQuadDec:error\ * 
              \ENGINE_DECODER:bQuadDec:state_1\ * 
              !\ENGINE_DECODER:bQuadDec:state_0\
            + !\ENGINE_DECODER:Net_1260\ * 
              \ENGINE_DECODER:bQuadDec:quad_A_filt\ * 
              !\ENGINE_DECODER:bQuadDec:quad_B_filt\ * 
              !\ENGINE_DECODER:bQuadDec:error\ * 
              \ENGINE_DECODER:bQuadDec:state_1\ * 
              \ENGINE_DECODER:bQuadDec:state_0\
            + !\ENGINE_DECODER:Net_1260\ * 
              \ENGINE_DECODER:bQuadDec:quad_A_filt\ * 
              \ENGINE_DECODER:bQuadDec:quad_B_filt\ * 
              !\ENGINE_DECODER:bQuadDec:error\ * 
              !\ENGINE_DECODER:bQuadDec:state_1\ * 
              \ENGINE_DECODER:bQuadDec:state_0\
            + !\ENGINE_DECODER:bQuadDec:quad_A_filt\ * 
              \ENGINE_DECODER:bQuadDec:quad_B_filt\ * 
              !\ENGINE_DECODER:bQuadDec:error\ * 
              !\ENGINE_DECODER:bQuadDec:state_1\ * 
              !\ENGINE_DECODER:bQuadDec:state_0\
        );
        Output = \ENGINE_DECODER:Net_1251_split\ (fanout=1)

    MacroCell: Name=Net_666, Mode=(Combinatorial)
        Total # of inputs        : 4
        Total # of product terms : 1
            Clock Enable: True
        Main Equation            : 1 pterm
        !(
              !Net_664 * !Net_665 * !Net_667 * !Net_668
        );
        Output = Net_666 (fanout=1)

    MacroCell: Name=Net_4086, Mode=(Combinatorial)
        Total # of inputs        : 1
        Total # of product terms : 1
            Clock Enable: True
        Main Equation            : 1 pterm
        (
              !\UART_LOG:BUART:txn\
        );
        Output = Net_4086 (fanout=1)

    MacroCell: Name=\UART_LOG:BUART:counter_load_not\, Mode=(Combinatorial)
        Total # of inputs        : 4
        Total # of product terms : 2
            Clock Enable: True
        Main Equation            : 2 pterms
        !(
              !\UART_LOG:BUART:tx_state_1\ * !\UART_LOG:BUART:tx_state_0\ * 
              \UART_LOG:BUART:tx_bitclk_enable_pre\
            + !\UART_LOG:BUART:tx_state_1\ * !\UART_LOG:BUART:tx_state_0\ * 
              !\UART_LOG:BUART:tx_state_2\
        );
        Output = \UART_LOG:BUART:counter_load_not\ (fanout=1)

    MacroCell: Name=\UART_LOG:BUART:tx_status_0\, Mode=(Combinatorial)
        Total # of inputs        : 5
        Total # of product terms : 1
            Clock Enable: True
        Main Equation            : 1 pterm
        (
              !\UART_LOG:BUART:tx_state_1\ * !\UART_LOG:BUART:tx_state_0\ * 
              \UART_LOG:BUART:tx_bitclk_enable_pre\ * 
              \UART_LOG:BUART:tx_fifo_empty\ * \UART_LOG:BUART:tx_state_2\
        );
        Output = \UART_LOG:BUART:tx_status_0\ (fanout=1)

    MacroCell: Name=\UART_LOG:BUART:tx_status_2\, Mode=(Combinatorial)
        Total # of inputs        : 1
        Total # of product terms : 1
            Clock Enable: True
        Main Equation            : 1 pterm
        (
              !\UART_LOG:BUART:tx_fifo_notfull\
        );
        Output = \UART_LOG:BUART:tx_status_2\ (fanout=1)

    MacroCell: Name=\UART_LOG:BUART:rx_counter_load\, Mode=(Combinatorial)
        Total # of inputs        : 4
        Total # of product terms : 1
            Clock Enable: True
        Main Equation            : 1 pterm
        (
              !\UART_LOG:BUART:tx_ctrl_mark_last\ * 
              !\UART_LOG:BUART:rx_state_0\ * !\UART_LOG:BUART:rx_state_3\ * 
              !\UART_LOG:BUART:rx_state_2\
        );
        Output = \UART_LOG:BUART:rx_counter_load\ (fanout=1)

    MacroCell: Name=\UART_LOG:BUART:rx_postpoll\, Mode=(Combinatorial)
        Total # of inputs        : 3
        Total # of product terms : 2
            Clock Enable: True
        Main Equation            : 2 pterms
        (
              MODIN3_1
            + MODIN3_0 * Net_4087_SYNCOUT
        );
        Output = \UART_LOG:BUART:rx_postpoll\ (fanout=1)

    MacroCell: Name=\UART_LOG:BUART:rx_status_4\, Mode=(Combinatorial)
        Total # of inputs        : 2
        Total # of product terms : 1
            Clock Enable: True
        Main Equation            : 1 pterm
        (
              \UART_LOG:BUART:rx_load_fifo\ * \UART_LOG:BUART:rx_fifofull\
        );
        Output = \UART_LOG:BUART:rx_status_4\ (fanout=1)

    MacroCell: Name=\UART_LOG:BUART:rx_status_5\, Mode=(Combinatorial)
        Total # of inputs        : 2
        Total # of product terms : 1
            Clock Enable: True
        Main Equation            : 1 pterm
        (
              \UART_LOG:BUART:rx_fifonotempty\ * 
              \UART_LOG:BUART:rx_state_stop1_reg\
        );
        Output = \UART_LOG:BUART:rx_status_5\ (fanout=1)

    MacroCell: Name=Net_4101, Mode=(Combinatorial)
        Total # of inputs        : 1
        Total # of product terms : 1
            Clock Enable: True
        Main Equation            : 1 pterm
        (
              !\UART_PSOC:BUART:txn\
        );
        Output = Net_4101 (fanout=1)

    MacroCell: Name=\UART_PSOC:BUART:counter_load_not\, Mode=(Combinatorial)
        Total # of inputs        : 4
        Total # of product terms : 2
            Clock Enable: True
        Main Equation            : 2 pterms
        !(
              !\UART_PSOC:BUART:tx_state_1\ * !\UART_PSOC:BUART:tx_state_0\ * 
              \UART_PSOC:BUART:tx_bitclk_enable_pre\
            + !\UART_PSOC:BUART:tx_state_1\ * !\UART_PSOC:BUART:tx_state_0\ * 
              !\UART_PSOC:BUART:tx_state_2\
        );
        Output = \UART_PSOC:BUART:counter_load_not\ (fanout=1)

    MacroCell: Name=\UART_PSOC:BUART:tx_status_0\, Mode=(Combinatorial)
        Total # of inputs        : 5
        Total # of product terms : 1
            Clock Enable: True
        Main Equation            : 1 pterm
        (
              !\UART_PSOC:BUART:tx_state_1\ * !\UART_PSOC:BUART:tx_state_0\ * 
              \UART_PSOC:BUART:tx_bitclk_enable_pre\ * 
              \UART_PSOC:BUART:tx_fifo_empty\ * \UART_PSOC:BUART:tx_state_2\
        );
        Output = \UART_PSOC:BUART:tx_status_0\ (fanout=1)

    MacroCell: Name=\UART_PSOC:BUART:tx_status_2\, Mode=(Combinatorial)
        Total # of inputs        : 1
        Total # of product terms : 1
            Clock Enable: True
        Main Equation            : 1 pterm
        (
              !\UART_PSOC:BUART:tx_fifo_notfull\
        );
        Output = \UART_PSOC:BUART:tx_status_2\ (fanout=1)

    MacroCell: Name=\UART_PSOC:BUART:rx_counter_load\, Mode=(Combinatorial)
        Total # of inputs        : 4
        Total # of product terms : 1
            Clock Enable: True
        Main Equation            : 1 pterm
        (
              !\UART_PSOC:BUART:tx_ctrl_mark_last\ * 
              !\UART_PSOC:BUART:rx_state_0\ * !\UART_PSOC:BUART:rx_state_3\ * 
              !\UART_PSOC:BUART:rx_state_2\
        );
        Output = \UART_PSOC:BUART:rx_counter_load\ (fanout=1)

    MacroCell: Name=\UART_PSOC:BUART:rx_postpoll\, Mode=(Combinatorial)
        Total # of inputs        : 3
        Total # of product terms : 2
            Clock Enable: True
        Main Equation            : 2 pterms
        (
              \UART_PSOC:BUART:pollcount_1\
            + \UART_PSOC:BUART:pollcount_0\ * Net_4099_SYNCOUT
        );
        Output = \UART_PSOC:BUART:rx_postpoll\ (fanout=1)

    MacroCell: Name=\UART_PSOC:BUART:rx_status_4\, Mode=(Combinatorial)
        Total # of inputs        : 2
        Total # of product terms : 1
            Clock Enable: True
        Main Equation            : 1 pterm
        (
              \UART_PSOC:BUART:rx_load_fifo\ * \UART_PSOC:BUART:rx_fifofull\
        );
        Output = \UART_PSOC:BUART:rx_status_4\ (fanout=1)

    MacroCell: Name=\UART_PSOC:BUART:rx_status_5\, Mode=(Combinatorial)
        Total # of inputs        : 2
        Total # of product terms : 1
            Clock Enable: True
        Main Equation            : 1 pterm
        (
              \UART_PSOC:BUART:rx_fifonotempty\ * 
              \UART_PSOC:BUART:rx_state_stop1_reg\
        );
        Output = \UART_PSOC:BUART:rx_status_5\ (fanout=1)

    MacroCell: Name=\ADC_SAR_Seq:AMuxHw_2_Decoder_is_active\, Mode=(Combinatorial)
        Total # of inputs        : 9
        Total # of product terms : 5
            Clock Enable: True
        Main Equation            : 5 pterms
        !(
              !\ADC_SAR_Seq:AMuxHw_2_Decoder_old_id_5\ * 
              \ADC_SAR_Seq:ch_addr_5\
            + !\ADC_SAR_Seq:AMuxHw_2_Decoder_old_id_4\ * 
              \ADC_SAR_Seq:ch_addr_4\
            + !\ADC_SAR_Seq:AMuxHw_2_Decoder_old_id_3\ * 
              \ADC_SAR_Seq:ch_addr_3\
            + !\ADC_SAR_Seq:AMuxHw_2_Decoder_old_id_2\ * 
              \ADC_SAR_Seq:ch_addr_2\
            + \ADC_SAR_Seq:AMuxHw_2_Decoder_is_active_split\
        );
        Output = \ADC_SAR_Seq:AMuxHw_2_Decoder_is_active\ (fanout=64)
        Properties               : 
        {
            soft = 1
        }

    MacroCell: Name=\ADC_SAR_Seq:bSAR_SEQ:cnt_enable\, Mode=(Combinatorial)
        Total # of inputs        : 2
        Total # of product terms : 1
            Clock Enable: True
        Main Equation            : 1 pterm
        !(
              !Net_4142 * !\ADC_SAR_Seq:bSAR_SEQ:load_period\
        );
        Output = \ADC_SAR_Seq:bSAR_SEQ:cnt_enable\ (fanout=1)

    MacroCell: Name=\ENGINE_DECODER:Cnt16:CounterUDB:reload\, Mode=(Combinatorial)
        Total # of inputs        : 3
        Total # of product terms : 1
            Clock Enable: True
        Main Equation            : 1 pterm
        !(
              !\ENGINE_DECODER:Net_1260\ * 
              !\ENGINE_DECODER:Cnt16:CounterUDB:status_1\ * 
              !\ENGINE_DECODER:Cnt16:CounterUDB:overflow\
        );
        Output = \ENGINE_DECODER:Cnt16:CounterUDB:reload\ (fanout=2)

    MacroCell: Name=\ENGINE_DECODER:Cnt16:CounterUDB:status_0\, Mode=(Combinatorial)
        Total # of inputs        : 2
        Total # of product terms : 1
            Clock Enable: True
        Main Equation            : 1 pterm
        (
              \ENGINE_DECODER:Cnt16:CounterUDB:cmp_out_i\ * 
              !\ENGINE_DECODER:Cnt16:CounterUDB:prevCompare\
        );
        Output = \ENGINE_DECODER:Cnt16:CounterUDB:status_0\ (fanout=1)

    MacroCell: Name=\ENGINE_DECODER:Cnt16:CounterUDB:status_2\, Mode=(Combinatorial)
        Total # of inputs        : 2
        Total # of product terms : 1
            Clock Enable: True
        Main Equation            : 1 pterm
        (
              \ENGINE_DECODER:Cnt16:CounterUDB:overflow\ * 
              !\ENGINE_DECODER:Cnt16:CounterUDB:overflow_reg_i\
        );
        Output = \ENGINE_DECODER:Cnt16:CounterUDB:status_2\ (fanout=1)

    MacroCell: Name=\ENGINE_DECODER:Cnt16:CounterUDB:status_3\, Mode=(Combinatorial)
        Total # of inputs        : 2
        Total # of product terms : 1
            Clock Enable: True
        Main Equation            : 1 pterm
        (
              \ENGINE_DECODER:Cnt16:CounterUDB:status_1\ * 
              !\ENGINE_DECODER:Cnt16:CounterUDB:underflow_reg_i\
        );
        Output = \ENGINE_DECODER:Cnt16:CounterUDB:status_3\ (fanout=1)

    MacroCell: Name=\ENGINE_DECODER:Cnt16:CounterUDB:count_enable\, Mode=(Combinatorial)
        Total # of inputs        : 3
        Total # of product terms : 1
            Clock Enable: True
        Main Equation            : 1 pterm
        (
              \ENGINE_DECODER:Cnt16:CounterUDB:control_7\ * 
              !\ENGINE_DECODER:Cnt16:CounterUDB:count_stored_i\ * 
              \ENGINE_DECODER:Net_1203\
        );
        Output = \ENGINE_DECODER:Cnt16:CounterUDB:count_enable\ (fanout=2)

    MacroCell: Name=\ENGINE_DECODER:Net_530\, Mode=(Combinatorial)
        Total # of inputs        : 3
        Total # of product terms : 1
            Clock Enable: True
        Main Equation            : 1 pterm
        (
              \ENGINE_DECODER:Net_1275\ * \ENGINE_DECODER:Net_1251\ * 
              !\ENGINE_DECODER:Cnt16:CounterUDB:prevCompare\
        );
        Output = \ENGINE_DECODER:Net_530\ (fanout=1)

    MacroCell: Name=\ENGINE_DECODER:Net_611\, Mode=(Combinatorial)
        Total # of inputs        : 3
        Total # of product terms : 1
            Clock Enable: True
        Main Equation            : 1 pterm
        (
              \ENGINE_DECODER:Net_1275\ * !\ENGINE_DECODER:Net_1251\ * 
              !\ENGINE_DECODER:Cnt16:CounterUDB:prevCompare\
        );
        Output = \ENGINE_DECODER:Net_611\ (fanout=1)

    MacroCell: Name=\ENGINE_PWM:PWMUDB:status_2\, Mode=(Combinatorial)
        Total # of inputs        : 2
        Total # of product terms : 1
            Clock Enable: True
        Main Equation            : 1 pterm
        (
              \ENGINE_PWM:PWMUDB:runmode_enable\ * \ENGINE_PWM:PWMUDB:tc_i\
        );
        Output = \ENGINE_PWM:PWMUDB:status_2\ (fanout=1)

    MacroCell: Name=\ENGINE_DECODER:bQuadDec:quad_A_delayed_0\, Mode=(D-Register)
        Total # of inputs        : 1
        Total # of product terms : 1
        List of special equations: 
            Clock  = (Net_2319) => Global
            Clock Enable: True
        Main Equation            : 1 pterm
        (
              Net_3908
        );
        Output = \ENGINE_DECODER:bQuadDec:quad_A_delayed_0\ (fanout=2)

    MacroCell: Name=\ENGINE_DECODER:bQuadDec:quad_A_delayed_1\, Mode=(D-Register)
        Total # of inputs        : 1
        Total # of product terms : 1
        List of special equations: 
            Clock  = (Net_2319) => Global
            Clock Enable: True
        Main Equation            : 1 pterm
        (
              \ENGINE_DECODER:bQuadDec:quad_A_delayed_0\
        );
        Output = \ENGINE_DECODER:bQuadDec:quad_A_delayed_1\ (fanout=2)

    MacroCell: Name=\ENGINE_DECODER:bQuadDec:quad_A_delayed_2\, Mode=(D-Register)
        Total # of inputs        : 1
        Total # of product terms : 1
        List of special equations: 
            Clock  = (Net_2319) => Global
            Clock Enable: True
        Main Equation            : 1 pterm
        (
              \ENGINE_DECODER:bQuadDec:quad_A_delayed_1\
        );
        Output = \ENGINE_DECODER:bQuadDec:quad_A_delayed_2\ (fanout=1)

    MacroCell: Name=\ENGINE_DECODER:bQuadDec:quad_B_delayed_0\, Mode=(D-Register)
        Total # of inputs        : 1
        Total # of product terms : 1
        List of special equations: 
            Clock  = (Net_2319) => Global
            Clock Enable: True
        Main Equation            : 1 pterm
        (
              Net_3898
        );
        Output = \ENGINE_DECODER:bQuadDec:quad_B_delayed_0\ (fanout=2)

    MacroCell: Name=\ENGINE_DECODER:bQuadDec:quad_B_delayed_1\, Mode=(D-Register)
        Total # of inputs        : 1
        Total # of product terms : 1
        List of special equations: 
            Clock  = (Net_2319) => Global
            Clock Enable: True
        Main Equation            : 1 pterm
        (
              \ENGINE_DECODER:bQuadDec:quad_B_delayed_0\
        );
        Output = \ENGINE_DECODER:bQuadDec:quad_B_delayed_1\ (fanout=2)

    MacroCell: Name=\ENGINE_DECODER:bQuadDec:quad_B_delayed_2\, Mode=(D-Register)
        Total # of inputs        : 1
        Total # of product terms : 1
        List of special equations: 
            Clock  = (Net_2319) => Global
            Clock Enable: True
        Main Equation            : 1 pterm
        (
              \ENGINE_DECODER:bQuadDec:quad_B_delayed_1\
        );
        Output = \ENGINE_DECODER:bQuadDec:quad_B_delayed_2\ (fanout=1)

    MacroCell: Name=\UART_LOG:BUART:txn\, Mode=(D-Register)
        Total # of inputs        : 7
        Total # of product terms : 5
        List of special equations: 
            Clock  = (\UART_LOG:Net_9\) => Global
            Clock Enable: True
        Main Equation            : 5 pterms
        (
              \UART_LOG:BUART:txn\ * \UART_LOG:BUART:tx_state_1\ * 
              !\UART_LOG:BUART:tx_bitclk\
            + \UART_LOG:BUART:txn\ * \UART_LOG:BUART:tx_state_2\
            + !\UART_LOG:BUART:tx_state_1\ * \UART_LOG:BUART:tx_state_0\ * 
              !\UART_LOG:BUART:tx_shift_out\ * !\UART_LOG:BUART:tx_state_2\
            + !\UART_LOG:BUART:tx_state_1\ * \UART_LOG:BUART:tx_state_0\ * 
              !\UART_LOG:BUART:tx_state_2\ * !\UART_LOG:BUART:tx_bitclk\
            + \UART_LOG:BUART:tx_state_1\ * !\UART_LOG:BUART:tx_state_0\ * 
              !\UART_LOG:BUART:tx_shift_out\ * !\UART_LOG:BUART:tx_state_2\ * 
              !\UART_LOG:BUART:tx_counter_dp\ * \UART_LOG:BUART:tx_bitclk\
        );
        Output = \UART_LOG:BUART:txn\ (fanout=2)

    MacroCell: Name=\UART_LOG:BUART:tx_state_1\, Mode=(T-Register)
        Total # of inputs        : 6
        Total # of product terms : 3
        List of special equations: 
            Clock  = (\UART_LOG:Net_9\) => Global
            Clock Enable: True
        Main Equation            : 3 pterms
        (
              \UART_LOG:BUART:tx_state_1\ * \UART_LOG:BUART:tx_state_0\ * 
              \UART_LOG:BUART:tx_bitclk_enable_pre\ * 
              \UART_LOG:BUART:tx_state_2\
            + \UART_LOG:BUART:tx_state_1\ * !\UART_LOG:BUART:tx_state_2\ * 
              \UART_LOG:BUART:tx_counter_dp\ * \UART_LOG:BUART:tx_bitclk\
            + \UART_LOG:BUART:tx_state_0\ * !\UART_LOG:BUART:tx_state_2\ * 
              \UART_LOG:BUART:tx_bitclk\
        );
        Output = \UART_LOG:BUART:tx_state_1\ (fanout=8)

    MacroCell: Name=\UART_LOG:BUART:tx_state_0\, Mode=(T-Register)
        Total # of inputs        : 6
        Total # of product terms : 4
        List of special equations: 
            Clock  = (\UART_LOG:Net_9\) => Global
            Clock Enable: True
        Main Equation            : 4 pterms
        (
              !\UART_LOG:BUART:tx_state_1\ * !\UART_LOG:BUART:tx_state_0\ * 
              \UART_LOG:BUART:tx_bitclk_enable_pre\ * 
              !\UART_LOG:BUART:tx_fifo_empty\
            + !\UART_LOG:BUART:tx_state_1\ * !\UART_LOG:BUART:tx_state_0\ * 
              !\UART_LOG:BUART:tx_fifo_empty\ * !\UART_LOG:BUART:tx_state_2\
            + \UART_LOG:BUART:tx_state_1\ * \UART_LOG:BUART:tx_state_0\ * 
              \UART_LOG:BUART:tx_bitclk_enable_pre\ * 
              \UART_LOG:BUART:tx_fifo_empty\ * \UART_LOG:BUART:tx_state_2\
            + \UART_LOG:BUART:tx_state_0\ * !\UART_LOG:BUART:tx_state_2\ * 
              \UART_LOG:BUART:tx_bitclk\
        );
        Output = \UART_LOG:BUART:tx_state_0\ (fanout=8)

    MacroCell: Name=\UART_LOG:BUART:tx_state_2\, Mode=(T-Register)
        Total # of inputs        : 6
        Total # of product terms : 4
        List of special equations: 
            Clock  = (\UART_LOG:Net_9\) => Global
            Clock Enable: True
        Main Equation            : 4 pterms
        (
              !\UART_LOG:BUART:tx_state_1\ * !\UART_LOG:BUART:tx_state_0\ * 
              \UART_LOG:BUART:tx_bitclk_enable_pre\ * 
              \UART_LOG:BUART:tx_state_2\
            + \UART_LOG:BUART:tx_state_1\ * \UART_LOG:BUART:tx_state_0\ * 
              \UART_LOG:BUART:tx_bitclk_enable_pre\ * 
              \UART_LOG:BUART:tx_state_2\
            + \UART_LOG:BUART:tx_state_1\ * \UART_LOG:BUART:tx_state_0\ * 
              !\UART_LOG:BUART:tx_state_2\ * \UART_LOG:BUART:tx_bitclk\
            + \UART_LOG:BUART:tx_state_1\ * !\UART_LOG:BUART:tx_state_2\ * 
              \UART_LOG:BUART:tx_counter_dp\ * \UART_LOG:BUART:tx_bitclk\
        );
        Output = \UART_LOG:BUART:tx_state_2\ (fanout=7)

    MacroCell: Name=\UART_LOG:BUART:tx_bitclk\, Mode=(D-Register)
        Total # of inputs        : 4
        Total # of product terms : 2
        List of special equations: 
            Clock  = (\UART_LOG:Net_9\) => Global
            Clock Enable: True
        Main Equation            : 2 pterms
        !(
              !\UART_LOG:BUART:tx_state_1\ * !\UART_LOG:BUART:tx_state_0\ * 
              \UART_LOG:BUART:tx_state_2\
            + !\UART_LOG:BUART:tx_bitclk_enable_pre\
        );
        Output = \UART_LOG:BUART:tx_bitclk\ (fanout=4)

    MacroCell: Name=\UART_LOG:BUART:tx_ctrl_mark_last\, Mode=(T-Register)
        Total # of inputs        : 0
        Total # of product terms : 0
        List of special equations: 
            Clock  = (\UART_LOG:Net_9\) => Global
            Clock Enable: True
        Main Equation            : 0 pterms
        (
            0
        );
        Output = \UART_LOG:BUART:tx_ctrl_mark_last\ (fanout=8)

    MacroCell: Name=\UART_LOG:BUART:rx_state_0\, Mode=(T-Register)
        Total # of inputs        : 11
        Total # of product terms : 4
        List of special equations: 
            Clock  = (\UART_LOG:Net_9\) => Global
            Clock Enable: True
        Main Equation            : 4 pterms
        (
              !\UART_LOG:BUART:tx_ctrl_mark_last\ * 
              !\UART_LOG:BUART:rx_state_0\ * 
              \UART_LOG:BUART:rx_bitclk_enable\ * 
              !\UART_LOG:BUART:rx_state_3\ * \UART_LOG:BUART:rx_state_2\ * 
              !MODIN3_1 * !MODIN3_0
            + !\UART_LOG:BUART:tx_ctrl_mark_last\ * 
              !\UART_LOG:BUART:rx_state_0\ * 
              \UART_LOG:BUART:rx_bitclk_enable\ * 
              !\UART_LOG:BUART:rx_state_3\ * \UART_LOG:BUART:rx_state_2\ * 
              !MODIN3_1 * !Net_4087_SYNCOUT
            + !\UART_LOG:BUART:tx_ctrl_mark_last\ * 
              \UART_LOG:BUART:rx_state_0\ * !\UART_LOG:BUART:rx_state_3\ * 
              !\UART_LOG:BUART:rx_state_2\ * !MODIN6_6 * !MODIN6_5
            + !\UART_LOG:BUART:tx_ctrl_mark_last\ * 
              \UART_LOG:BUART:rx_state_0\ * !\UART_LOG:BUART:rx_state_3\ * 
              !\UART_LOG:BUART:rx_state_2\ * !MODIN6_6 * !MODIN6_4
        );
        Output = \UART_LOG:BUART:rx_state_0\ (fanout=8)

    MacroCell: Name=\UART_LOG:BUART:rx_load_fifo\, Mode=(D-Register)
        Total # of inputs        : 8
        Total # of product terms : 3
        List of special equations: 
            Clock  = (\UART_LOG:Net_9\) => Global
            Clock Enable: True
        Main Equation            : 3 pterms
        (
              !\UART_LOG:BUART:tx_ctrl_mark_last\ * 
              !\UART_LOG:BUART:rx_state_0\ * 
              \UART_LOG:BUART:rx_bitclk_enable\ * \UART_LOG:BUART:rx_state_3\ * 
              !\UART_LOG:BUART:rx_state_2\
            + !\UART_LOG:BUART:tx_ctrl_mark_last\ * 
              \UART_LOG:BUART:rx_state_0\ * !\UART_LOG:BUART:rx_state_3\ * 
              !\UART_LOG:BUART:rx_state_2\ * !MODIN6_6 * !MODIN6_5
            + !\UART_LOG:BUART:tx_ctrl_mark_last\ * 
              \UART_LOG:BUART:rx_state_0\ * !\UART_LOG:BUART:rx_state_3\ * 
              !\UART_LOG:BUART:rx_state_2\ * !MODIN6_6 * !MODIN6_4
        );
        Output = \UART_LOG:BUART:rx_load_fifo\ (fanout=2)

    MacroCell: Name=\UART_LOG:BUART:rx_state_3\, Mode=(T-Register)
        Total # of inputs        : 8
        Total # of product terms : 3
        List of special equations: 
            Clock  = (\UART_LOG:Net_9\) => Global
            Clock Enable: True
        Main Equation            : 3 pterms
        (
              !\UART_LOG:BUART:tx_ctrl_mark_last\ * 
              !\UART_LOG:BUART:rx_state_0\ * 
              \UART_LOG:BUART:rx_bitclk_enable\ * \UART_LOG:BUART:rx_state_3\ * 
              \UART_LOG:BUART:rx_state_2\
            + !\UART_LOG:BUART:tx_ctrl_mark_last\ * 
              \UART_LOG:BUART:rx_state_0\ * !\UART_LOG:BUART:rx_state_3\ * 
              !\UART_LOG:BUART:rx_state_2\ * !MODIN6_6 * !MODIN6_5
            + !\UART_LOG:BUART:tx_ctrl_mark_last\ * 
              \UART_LOG:BUART:rx_state_0\ * !\UART_LOG:BUART:rx_state_3\ * 
              !\UART_LOG:BUART:rx_state_2\ * !MODIN6_6 * !MODIN6_4
        );
        Output = \UART_LOG:BUART:rx_state_3\ (fanout=7)

    MacroCell: Name=\UART_LOG:BUART:rx_state_2\, Mode=(T-Register)
        Total # of inputs        : 10
        Total # of product terms : 5
        List of special equations: 
            Clock  = (\UART_LOG:Net_9\) => Global
            Clock Enable: True
        Main Equation            : 5 pterms
        (
              !\UART_LOG:BUART:tx_ctrl_mark_last\ * 
              !\UART_LOG:BUART:rx_state_0\ * 
              \UART_LOG:BUART:rx_bitclk_enable\ * \UART_LOG:BUART:rx_state_3\
            + !\UART_LOG:BUART:tx_ctrl_mark_last\ * 
              !\UART_LOG:BUART:rx_state_0\ * 
              \UART_LOG:BUART:rx_bitclk_enable\ * \UART_LOG:BUART:rx_state_2\
            + !\UART_LOG:BUART:tx_ctrl_mark_last\ * 
              !\UART_LOG:BUART:rx_state_0\ * !\UART_LOG:BUART:rx_state_3\ * 
              !\UART_LOG:BUART:rx_state_2\ * \UART_LOG:BUART:rx_last\ * 
              !Net_4087_SYNCOUT
            + !\UART_LOG:BUART:tx_ctrl_mark_last\ * 
              \UART_LOG:BUART:rx_state_0\ * !\UART_LOG:BUART:rx_state_3\ * 
              !\UART_LOG:BUART:rx_state_2\ * !MODIN6_6 * !MODIN6_5
            + !\UART_LOG:BUART:tx_ctrl_mark_last\ * 
              \UART_LOG:BUART:rx_state_0\ * !\UART_LOG:BUART:rx_state_3\ * 
              !\UART_LOG:BUART:rx_state_2\ * !MODIN6_6 * !MODIN6_4
        );
        Output = \UART_LOG:BUART:rx_state_2\ (fanout=7)

    MacroCell: Name=\UART_LOG:BUART:rx_bitclk_enable\, Mode=(D-Register)
        Total # of inputs        : 3
        Total # of product terms : 1
        List of special equations: 
            Clock  = (\UART_LOG:Net_9\) => Global
            Clock Enable: True
        Main Equation            : 1 pterm
        (
              !\UART_LOG:BUART:rx_count_2\ * !\UART_LOG:BUART:rx_count_1\ * 
              !\UART_LOG:BUART:rx_count_0\
        );
        Output = \UART_LOG:BUART:rx_bitclk_enable\ (fanout=6)

    MacroCell: Name=\UART_LOG:BUART:rx_state_stop1_reg\, Mode=(D-Register)
        Total # of inputs        : 4
        Total # of product terms : 1
        List of special equations: 
            Clock  = (\UART_LOG:Net_9\) => Global
            Clock Enable: True
        Main Equation            : 1 pterm
        !(
              !\UART_LOG:BUART:tx_ctrl_mark_last\ * 
              !\UART_LOG:BUART:rx_state_0\ * \UART_LOG:BUART:rx_state_3\ * 
              \UART_LOG:BUART:rx_state_2\
        );
        Output = \UART_LOG:BUART:rx_state_stop1_reg\ (fanout=1)

    MacroCell: Name=MODIN3_1, Mode=(D-Register)
        Total # of inputs        : 5
        Total # of product terms : 3
        List of special equations: 
            Clock  = (\UART_LOG:Net_9\) => Global
            Clock Enable: True
        Main Equation            : 3 pterms
        (
              !\UART_LOG:BUART:rx_count_2\ * !\UART_LOG:BUART:rx_count_1\ * 
              !MODIN3_1 * MODIN3_0 * Net_4087_SYNCOUT
            + !\UART_LOG:BUART:rx_count_2\ * !\UART_LOG:BUART:rx_count_1\ * 
              MODIN3_1 * !MODIN3_0
            + !\UART_LOG:BUART:rx_count_2\ * !\UART_LOG:BUART:rx_count_1\ * 
              MODIN3_1 * !Net_4087_SYNCOUT
        );
        Output = MODIN3_1 (fanout=4)

    MacroCell: Name=MODIN3_0, Mode=(D-Register)
        Total # of inputs        : 4
        Total # of product terms : 2
        List of special equations: 
            Clock  = (\UART_LOG:Net_9\) => Global
            Clock Enable: True
        Main Equation            : 2 pterms
        (
              !\UART_LOG:BUART:rx_count_2\ * !\UART_LOG:BUART:rx_count_1\ * 
              !MODIN3_0 * Net_4087_SYNCOUT
            + !\UART_LOG:BUART:rx_count_2\ * !\UART_LOG:BUART:rx_count_1\ * 
              MODIN3_0 * !Net_4087_SYNCOUT
        );
        Output = MODIN3_0 (fanout=5)

    MacroCell: Name=\UART_LOG:BUART:rx_status_3\, Mode=(D-Register)
        Total # of inputs        : 8
        Total # of product terms : 2
        List of special equations: 
            Clock  = (\UART_LOG:Net_9\) => Global
            Clock Enable: True
        Main Equation            : 2 pterms
        (
              !\UART_LOG:BUART:tx_ctrl_mark_last\ * 
              !\UART_LOG:BUART:rx_state_0\ * 
              \UART_LOG:BUART:rx_bitclk_enable\ * \UART_LOG:BUART:rx_state_3\ * 
              \UART_LOG:BUART:rx_state_2\ * !MODIN3_1 * !MODIN3_0
            + !\UART_LOG:BUART:tx_ctrl_mark_last\ * 
              !\UART_LOG:BUART:rx_state_0\ * 
              \UART_LOG:BUART:rx_bitclk_enable\ * \UART_LOG:BUART:rx_state_3\ * 
              \UART_LOG:BUART:rx_state_2\ * !MODIN3_1 * !Net_4087_SYNCOUT
        );
        Output = \UART_LOG:BUART:rx_status_3\ (fanout=1)

    MacroCell: Name=\UART_LOG:BUART:rx_last\, Mode=(D-Register)
        Total # of inputs        : 1
        Total # of product terms : 1
        List of special equations: 
            Clock  = (\UART_LOG:Net_9\) => Global
            Clock Enable: True
        Main Equation            : 1 pterm
        (
              Net_4087_SYNCOUT
        );
        Output = \UART_LOG:BUART:rx_last\ (fanout=1)

    MacroCell: Name=\UART_PSOC:BUART:txn\, Mode=(D-Register)
        Total # of inputs        : 7
        Total # of product terms : 5
        List of special equations: 
            Clock  = (\UART_PSOC:Net_9\) => Global
            Clock Enable: True
        Main Equation            : 5 pterms
        (
              \UART_PSOC:BUART:txn\ * \UART_PSOC:BUART:tx_state_1\ * 
              !\UART_PSOC:BUART:tx_bitclk\
            + \UART_PSOC:BUART:txn\ * \UART_PSOC:BUART:tx_state_2\
            + !\UART_PSOC:BUART:tx_state_1\ * \UART_PSOC:BUART:tx_state_0\ * 
              !\UART_PSOC:BUART:tx_shift_out\ * !\UART_PSOC:BUART:tx_state_2\
            + !\UART_PSOC:BUART:tx_state_1\ * \UART_PSOC:BUART:tx_state_0\ * 
              !\UART_PSOC:BUART:tx_state_2\ * !\UART_PSOC:BUART:tx_bitclk\
            + \UART_PSOC:BUART:tx_state_1\ * !\UART_PSOC:BUART:tx_state_0\ * 
              !\UART_PSOC:BUART:tx_shift_out\ * !\UART_PSOC:BUART:tx_state_2\ * 
              !\UART_PSOC:BUART:tx_counter_dp\ * \UART_PSOC:BUART:tx_bitclk\
        );
        Output = \UART_PSOC:BUART:txn\ (fanout=2)

    MacroCell: Name=\UART_PSOC:BUART:tx_state_1\, Mode=(T-Register)
        Total # of inputs        : 6
        Total # of product terms : 3
        List of special equations: 
            Clock  = (\UART_PSOC:Net_9\) => Global
            Clock Enable: True
        Main Equation            : 3 pterms
        (
              \UART_PSOC:BUART:tx_state_1\ * \UART_PSOC:BUART:tx_state_0\ * 
              \UART_PSOC:BUART:tx_bitclk_enable_pre\ * 
              \UART_PSOC:BUART:tx_state_2\
            + \UART_PSOC:BUART:tx_state_1\ * !\UART_PSOC:BUART:tx_state_2\ * 
              \UART_PSOC:BUART:tx_counter_dp\ * \UART_PSOC:BUART:tx_bitclk\
            + \UART_PSOC:BUART:tx_state_0\ * !\UART_PSOC:BUART:tx_state_2\ * 
              \UART_PSOC:BUART:tx_bitclk\
        );
        Output = \UART_PSOC:BUART:tx_state_1\ (fanout=8)

    MacroCell: Name=\UART_PSOC:BUART:tx_state_0\, Mode=(T-Register)
        Total # of inputs        : 6
        Total # of product terms : 4
        List of special equations: 
            Clock  = (\UART_PSOC:Net_9\) => Global
            Clock Enable: True
        Main Equation            : 4 pterms
        (
              !\UART_PSOC:BUART:tx_state_1\ * !\UART_PSOC:BUART:tx_state_0\ * 
              \UART_PSOC:BUART:tx_bitclk_enable_pre\ * 
              !\UART_PSOC:BUART:tx_fifo_empty\
            + !\UART_PSOC:BUART:tx_state_1\ * !\UART_PSOC:BUART:tx_state_0\ * 
              !\UART_PSOC:BUART:tx_fifo_empty\ * 
              !\UART_PSOC:BUART:tx_state_2\
            + \UART_PSOC:BUART:tx_state_1\ * \UART_PSOC:BUART:tx_state_0\ * 
              \UART_PSOC:BUART:tx_bitclk_enable_pre\ * 
              \UART_PSOC:BUART:tx_fifo_empty\ * \UART_PSOC:BUART:tx_state_2\
            + \UART_PSOC:BUART:tx_state_0\ * !\UART_PSOC:BUART:tx_state_2\ * 
              \UART_PSOC:BUART:tx_bitclk\
        );
        Output = \UART_PSOC:BUART:tx_state_0\ (fanout=8)

    MacroCell: Name=\UART_PSOC:BUART:tx_state_2\, Mode=(T-Register)
        Total # of inputs        : 6
        Total # of product terms : 4
        List of special equations: 
            Clock  = (\UART_PSOC:Net_9\) => Global
            Clock Enable: True
        Main Equation            : 4 pterms
        (
              !\UART_PSOC:BUART:tx_state_1\ * !\UART_PSOC:BUART:tx_state_0\ * 
              \UART_PSOC:BUART:tx_bitclk_enable_pre\ * 
              \UART_PSOC:BUART:tx_state_2\
            + \UART_PSOC:BUART:tx_state_1\ * \UART_PSOC:BUART:tx_state_0\ * 
              \UART_PSOC:BUART:tx_bitclk_enable_pre\ * 
              \UART_PSOC:BUART:tx_state_2\
            + \UART_PSOC:BUART:tx_state_1\ * \UART_PSOC:BUART:tx_state_0\ * 
              !\UART_PSOC:BUART:tx_state_2\ * \UART_PSOC:BUART:tx_bitclk\
            + \UART_PSOC:BUART:tx_state_1\ * !\UART_PSOC:BUART:tx_state_2\ * 
              \UART_PSOC:BUART:tx_counter_dp\ * \UART_PSOC:BUART:tx_bitclk\
        );
        Output = \UART_PSOC:BUART:tx_state_2\ (fanout=7)

    MacroCell: Name=\UART_PSOC:BUART:tx_bitclk\, Mode=(D-Register)
        Total # of inputs        : 4
        Total # of product terms : 2
        List of special equations: 
            Clock  = (\UART_PSOC:Net_9\) => Global
            Clock Enable: True
        Main Equation            : 2 pterms
        !(
              !\UART_PSOC:BUART:tx_state_1\ * !\UART_PSOC:BUART:tx_state_0\ * 
              \UART_PSOC:BUART:tx_state_2\
            + !\UART_PSOC:BUART:tx_bitclk_enable_pre\
        );
        Output = \UART_PSOC:BUART:tx_bitclk\ (fanout=4)

    MacroCell: Name=\UART_PSOC:BUART:tx_ctrl_mark_last\, Mode=(T-Register)
        Total # of inputs        : 0
        Total # of product terms : 0
        List of special equations: 
            Clock  = (\UART_PSOC:Net_9\) => Global
            Clock Enable: True
        Main Equation            : 0 pterms
        (
            0
        );
        Output = \UART_PSOC:BUART:tx_ctrl_mark_last\ (fanout=8)

    MacroCell: Name=\UART_PSOC:BUART:rx_state_0\, Mode=(T-Register)
        Total # of inputs        : 11
        Total # of product terms : 4
        List of special equations: 
            Clock  = (\UART_PSOC:Net_9\) => Global
            Clock Enable: True
        Main Equation            : 4 pterms
        (
              !\UART_PSOC:BUART:tx_ctrl_mark_last\ * 
              !\UART_PSOC:BUART:rx_state_0\ * 
              \UART_PSOC:BUART:rx_bitclk_enable\ * 
              !\UART_PSOC:BUART:rx_state_3\ * \UART_PSOC:BUART:rx_state_2\ * 
              !\UART_PSOC:BUART:pollcount_1\ * !\UART_PSOC:BUART:pollcount_0\
            + !\UART_PSOC:BUART:tx_ctrl_mark_last\ * 
              !\UART_PSOC:BUART:rx_state_0\ * 
              \UART_PSOC:BUART:rx_bitclk_enable\ * 
              !\UART_PSOC:BUART:rx_state_3\ * \UART_PSOC:BUART:rx_state_2\ * 
              !\UART_PSOC:BUART:pollcount_1\ * !Net_4099_SYNCOUT
            + !\UART_PSOC:BUART:tx_ctrl_mark_last\ * 
              \UART_PSOC:BUART:rx_state_0\ * !\UART_PSOC:BUART:rx_state_3\ * 
              !\UART_PSOC:BUART:rx_state_2\ * !\UART_PSOC:BUART:rx_count_6\ * 
              !\UART_PSOC:BUART:rx_count_5\
            + !\UART_PSOC:BUART:tx_ctrl_mark_last\ * 
              \UART_PSOC:BUART:rx_state_0\ * !\UART_PSOC:BUART:rx_state_3\ * 
              !\UART_PSOC:BUART:rx_state_2\ * !\UART_PSOC:BUART:rx_count_6\ * 
              !\UART_PSOC:BUART:rx_count_4\
        );
        Output = \UART_PSOC:BUART:rx_state_0\ (fanout=8)

    MacroCell: Name=\UART_PSOC:BUART:rx_load_fifo\, Mode=(D-Register)
        Total # of inputs        : 8
        Total # of product terms : 3
        List of special equations: 
            Clock  = (\UART_PSOC:Net_9\) => Global
            Clock Enable: True
        Main Equation            : 3 pterms
        (
              !\UART_PSOC:BUART:tx_ctrl_mark_last\ * 
              !\UART_PSOC:BUART:rx_state_0\ * 
              \UART_PSOC:BUART:rx_bitclk_enable\ * 
              \UART_PSOC:BUART:rx_state_3\ * !\UART_PSOC:BUART:rx_state_2\
            + !\UART_PSOC:BUART:tx_ctrl_mark_last\ * 
              \UART_PSOC:BUART:rx_state_0\ * !\UART_PSOC:BUART:rx_state_3\ * 
              !\UART_PSOC:BUART:rx_state_2\ * !\UART_PSOC:BUART:rx_count_6\ * 
              !\UART_PSOC:BUART:rx_count_5\
            + !\UART_PSOC:BUART:tx_ctrl_mark_last\ * 
              \UART_PSOC:BUART:rx_state_0\ * !\UART_PSOC:BUART:rx_state_3\ * 
              !\UART_PSOC:BUART:rx_state_2\ * !\UART_PSOC:BUART:rx_count_6\ * 
              !\UART_PSOC:BUART:rx_count_4\
        );
        Output = \UART_PSOC:BUART:rx_load_fifo\ (fanout=2)

    MacroCell: Name=\UART_PSOC:BUART:rx_state_3\, Mode=(T-Register)
        Total # of inputs        : 8
        Total # of product terms : 3
        List of special equations: 
            Clock  = (\UART_PSOC:Net_9\) => Global
            Clock Enable: True
        Main Equation            : 3 pterms
        (
              !\UART_PSOC:BUART:tx_ctrl_mark_last\ * 
              !\UART_PSOC:BUART:rx_state_0\ * 
              \UART_PSOC:BUART:rx_bitclk_enable\ * 
              \UART_PSOC:BUART:rx_state_3\ * \UART_PSOC:BUART:rx_state_2\
            + !\UART_PSOC:BUART:tx_ctrl_mark_last\ * 
              \UART_PSOC:BUART:rx_state_0\ * !\UART_PSOC:BUART:rx_state_3\ * 
              !\UART_PSOC:BUART:rx_state_2\ * !\UART_PSOC:BUART:rx_count_6\ * 
              !\UART_PSOC:BUART:rx_count_5\
            + !\UART_PSOC:BUART:tx_ctrl_mark_last\ * 
              \UART_PSOC:BUART:rx_state_0\ * !\UART_PSOC:BUART:rx_state_3\ * 
              !\UART_PSOC:BUART:rx_state_2\ * !\UART_PSOC:BUART:rx_count_6\ * 
              !\UART_PSOC:BUART:rx_count_4\
        );
        Output = \UART_PSOC:BUART:rx_state_3\ (fanout=7)

    MacroCell: Name=\UART_PSOC:BUART:rx_state_2\, Mode=(T-Register)
        Total # of inputs        : 10
        Total # of product terms : 5
        List of special equations: 
            Clock  = (\UART_PSOC:Net_9\) => Global
            Clock Enable: True
        Main Equation            : 5 pterms
        (
              !\UART_PSOC:BUART:tx_ctrl_mark_last\ * 
              !\UART_PSOC:BUART:rx_state_0\ * 
              \UART_PSOC:BUART:rx_bitclk_enable\ * 
              \UART_PSOC:BUART:rx_state_3\
            + !\UART_PSOC:BUART:tx_ctrl_mark_last\ * 
              !\UART_PSOC:BUART:rx_state_0\ * 
              \UART_PSOC:BUART:rx_bitclk_enable\ * 
              \UART_PSOC:BUART:rx_state_2\
            + !\UART_PSOC:BUART:tx_ctrl_mark_last\ * 
              !\UART_PSOC:BUART:rx_state_0\ * !\UART_PSOC:BUART:rx_state_3\ * 
              !\UART_PSOC:BUART:rx_state_2\ * \UART_PSOC:BUART:rx_last\ * 
              !Net_4099_SYNCOUT
            + !\UART_PSOC:BUART:tx_ctrl_mark_last\ * 
              \UART_PSOC:BUART:rx_state_0\ * !\UART_PSOC:BUART:rx_state_3\ * 
              !\UART_PSOC:BUART:rx_state_2\ * !\UART_PSOC:BUART:rx_count_6\ * 
              !\UART_PSOC:BUART:rx_count_5\
            + !\UART_PSOC:BUART:tx_ctrl_mark_last\ * 
              \UART_PSOC:BUART:rx_state_0\ * !\UART_PSOC:BUART:rx_state_3\ * 
              !\UART_PSOC:BUART:rx_state_2\ * !\UART_PSOC:BUART:rx_count_6\ * 
              !\UART_PSOC:BUART:rx_count_4\
        );
        Output = \UART_PSOC:BUART:rx_state_2\ (fanout=7)

    MacroCell: Name=\UART_PSOC:BUART:rx_bitclk_enable\, Mode=(D-Register)
        Total # of inputs        : 3
        Total # of product terms : 1
        List of special equations: 
            Clock  = (\UART_PSOC:Net_9\) => Global
            Clock Enable: True
        Main Equation            : 1 pterm
        (
              !\UART_PSOC:BUART:rx_count_2\ * !\UART_PSOC:BUART:rx_count_1\ * 
              !\UART_PSOC:BUART:rx_count_0\
        );
        Output = \UART_PSOC:BUART:rx_bitclk_enable\ (fanout=6)

    MacroCell: Name=\UART_PSOC:BUART:rx_state_stop1_reg\, Mode=(D-Register)
        Total # of inputs        : 4
        Total # of product terms : 1
        List of special equations: 
            Clock  = (\UART_PSOC:Net_9\) => Global
            Clock Enable: True
        Main Equation            : 1 pterm
        !(
              !\UART_PSOC:BUART:tx_ctrl_mark_last\ * 
              !\UART_PSOC:BUART:rx_state_0\ * \UART_PSOC:BUART:rx_state_3\ * 
              \UART_PSOC:BUART:rx_state_2\
        );
        Output = \UART_PSOC:BUART:rx_state_stop1_reg\ (fanout=1)

    MacroCell: Name=\UART_PSOC:BUART:pollcount_1\, Mode=(D-Register)
        Total # of inputs        : 5
        Total # of product terms : 3
        List of special equations: 
            Clock  = (\UART_PSOC:Net_9\) => Global
            Clock Enable: True
        Main Equation            : 3 pterms
        (
              !\UART_PSOC:BUART:rx_count_2\ * !\UART_PSOC:BUART:rx_count_1\ * 
              !\UART_PSOC:BUART:pollcount_1\ * \UART_PSOC:BUART:pollcount_0\ * 
              Net_4099_SYNCOUT
            + !\UART_PSOC:BUART:rx_count_2\ * !\UART_PSOC:BUART:rx_count_1\ * 
              \UART_PSOC:BUART:pollcount_1\ * !\UART_PSOC:BUART:pollcount_0\
            + !\UART_PSOC:BUART:rx_count_2\ * !\UART_PSOC:BUART:rx_count_1\ * 
              \UART_PSOC:BUART:pollcount_1\ * !Net_4099_SYNCOUT
        );
        Output = \UART_PSOC:BUART:pollcount_1\ (fanout=4)

    MacroCell: Name=\UART_PSOC:BUART:pollcount_0\, Mode=(D-Register)
        Total # of inputs        : 4
        Total # of product terms : 2
        List of special equations: 
            Clock  = (\UART_PSOC:Net_9\) => Global
            Clock Enable: True
        Main Equation            : 2 pterms
        (
              !\UART_PSOC:BUART:rx_count_2\ * !\UART_PSOC:BUART:rx_count_1\ * 
              !\UART_PSOC:BUART:pollcount_0\ * Net_4099_SYNCOUT
            + !\UART_PSOC:BUART:rx_count_2\ * !\UART_PSOC:BUART:rx_count_1\ * 
              \UART_PSOC:BUART:pollcount_0\ * !Net_4099_SYNCOUT
        );
        Output = \UART_PSOC:BUART:pollcount_0\ (fanout=5)

    MacroCell: Name=\UART_PSOC:BUART:rx_status_3\, Mode=(D-Register)
        Total # of inputs        : 8
        Total # of product terms : 2
        List of special equations: 
            Clock  = (\UART_PSOC:Net_9\) => Global
            Clock Enable: True
        Main Equation            : 2 pterms
        (
              !\UART_PSOC:BUART:tx_ctrl_mark_last\ * 
              !\UART_PSOC:BUART:rx_state_0\ * 
              \UART_PSOC:BUART:rx_bitclk_enable\ * 
              \UART_PSOC:BUART:rx_state_3\ * \UART_PSOC:BUART:rx_state_2\ * 
              !\UART_PSOC:BUART:pollcount_1\ * !\UART_PSOC:BUART:pollcount_0\
            + !\UART_PSOC:BUART:tx_ctrl_mark_last\ * 
              !\UART_PSOC:BUART:rx_state_0\ * 
              \UART_PSOC:BUART:rx_bitclk_enable\ * 
              \UART_PSOC:BUART:rx_state_3\ * \UART_PSOC:BUART:rx_state_2\ * 
              !\UART_PSOC:BUART:pollcount_1\ * !Net_4099_SYNCOUT
        );
        Output = \UART_PSOC:BUART:rx_status_3\ (fanout=1)

    MacroCell: Name=\UART_PSOC:BUART:rx_last\, Mode=(D-Register)
        Total # of inputs        : 1
        Total # of product terms : 1
        List of special equations: 
            Clock  = (\UART_PSOC:Net_9\) => Global
            Clock Enable: True
        Main Equation            : 1 pterm
        (
              Net_4099_SYNCOUT
        );
        Output = \UART_PSOC:BUART:rx_last\ (fanout=1)

    MacroCell: Name=\ADC_SAR_Seq:AMuxHw_2_Decoder_old_id_5\, Mode=(D-Register)
        Total # of inputs        : 1
        Total # of product terms : 1
        List of special equations: 
            Clock  = (\ADC_SAR_Seq:clock\) => Global
            Clock Enable: True
        Main Equation            : 1 pterm
        (
              \ADC_SAR_Seq:ch_addr_5\
        );
        Output = \ADC_SAR_Seq:AMuxHw_2_Decoder_old_id_5\ (fanout=66)

    MacroCell: Name=\ADC_SAR_Seq:AMuxHw_2_Decoder_old_id_4\, Mode=(D-Register)
        Total # of inputs        : 1
        Total # of product terms : 1
        List of special equations: 
            Clock  = (\ADC_SAR_Seq:clock\) => Global
            Clock Enable: True
        Main Equation            : 1 pterm
        (
              \ADC_SAR_Seq:ch_addr_4\
        );
        Output = \ADC_SAR_Seq:AMuxHw_2_Decoder_old_id_4\ (fanout=66)

    MacroCell: Name=\ADC_SAR_Seq:AMuxHw_2_Decoder_old_id_3\, Mode=(D-Register)
        Total # of inputs        : 1
        Total # of product terms : 1
        List of special equations: 
            Clock  = (\ADC_SAR_Seq:clock\) => Global
            Clock Enable: True
        Main Equation            : 1 pterm
        (
              \ADC_SAR_Seq:ch_addr_3\
        );
        Output = \ADC_SAR_Seq:AMuxHw_2_Decoder_old_id_3\ (fanout=66)

    MacroCell: Name=\ADC_SAR_Seq:AMuxHw_2_Decoder_old_id_2\, Mode=(D-Register)
        Total # of inputs        : 1
        Total # of product terms : 1
        List of special equations: 
            Clock  = (\ADC_SAR_Seq:clock\) => Global
            Clock Enable: True
        Main Equation            : 1 pterm
        (
              \ADC_SAR_Seq:ch_addr_2\
        );
        Output = \ADC_SAR_Seq:AMuxHw_2_Decoder_old_id_2\ (fanout=66)

    MacroCell: Name=\ADC_SAR_Seq:AMuxHw_2_Decoder_old_id_1\, Mode=(D-Register)
        Total # of inputs        : 1
        Total # of product terms : 1
        List of special equations: 
            Clock  = (\ADC_SAR_Seq:clock\) => Global
            Clock Enable: True
        Main Equation            : 1 pterm
        (
              \ADC_SAR_Seq:ch_addr_1\
        );
        Output = \ADC_SAR_Seq:AMuxHw_2_Decoder_old_id_1\ (fanout=65)

    MacroCell: Name=\ADC_SAR_Seq:AMuxHw_2_Decoder_old_id_0\, Mode=(D-Register)
        Total # of inputs        : 1
        Total # of product terms : 1
        List of special equations: 
            Clock  = (\ADC_SAR_Seq:clock\) => Global
            Clock Enable: True
        Main Equation            : 1 pterm
        (
              \ADC_SAR_Seq:ch_addr_0\
        );
        Output = \ADC_SAR_Seq:AMuxHw_2_Decoder_old_id_0\ (fanout=65)

    MacroCell: Name=\ADC_SAR_Seq:AMuxHw_2_Decoder_one_hot_0\, Mode=(D-Register)
        Total # of inputs        : 7
        Total # of product terms : 1
        List of special equations: 
            Clock  = (\ADC_SAR_Seq:clock\) => Global
            Clock Enable: True
        Main Equation            : 1 pterm
        (
              \ADC_SAR_Seq:AMuxHw_2_Decoder_is_active\ * 
              !\ADC_SAR_Seq:AMuxHw_2_Decoder_old_id_5\ * 
              !\ADC_SAR_Seq:AMuxHw_2_Decoder_old_id_4\ * 
              !\ADC_SAR_Seq:AMuxHw_2_Decoder_old_id_3\ * 
              !\ADC_SAR_Seq:AMuxHw_2_Decoder_old_id_2\ * 
              !\ADC_SAR_Seq:AMuxHw_2_Decoder_old_id_1\ * 
              !\ADC_SAR_Seq:AMuxHw_2_Decoder_old_id_0\
        );
        Output = \ADC_SAR_Seq:AMuxHw_2_Decoder_one_hot_0\ (fanout=1)

    MacroCell: Name=\ADC_SAR_Seq:AMuxHw_2_Decoder_one_hot_1\, Mode=(D-Register)
        Total # of inputs        : 7
        Total # of product terms : 1
        List of special equations: 
            Clock  = (\ADC_SAR_Seq:clock\) => Global
            Clock Enable: True
        Main Equation            : 1 pterm
        (
              \ADC_SAR_Seq:AMuxHw_2_Decoder_is_active\ * 
              !\ADC_SAR_Seq:AMuxHw_2_Decoder_old_id_5\ * 
              !\ADC_SAR_Seq:AMuxHw_2_Decoder_old_id_4\ * 
              !\ADC_SAR_Seq:AMuxHw_2_Decoder_old_id_3\ * 
              !\ADC_SAR_Seq:AMuxHw_2_Decoder_old_id_2\ * 
              !\ADC_SAR_Seq:AMuxHw_2_Decoder_old_id_1\ * 
              \ADC_SAR_Seq:AMuxHw_2_Decoder_old_id_0\
        );
        Output = \ADC_SAR_Seq:AMuxHw_2_Decoder_one_hot_1\ (fanout=1)

    MacroCell: Name=\ADC_SAR_Seq:AMuxHw_2_Decoder_one_hot_2\, Mode=(D-Register)
        Total # of inputs        : 7
        Total # of product terms : 1
        List of special equations: 
            Clock  = (\ADC_SAR_Seq:clock\) => Global
            Clock Enable: True
        Main Equation            : 1 pterm
        (
              \ADC_SAR_Seq:AMuxHw_2_Decoder_is_active\ * 
              !\ADC_SAR_Seq:AMuxHw_2_Decoder_old_id_5\ * 
              !\ADC_SAR_Seq:AMuxHw_2_Decoder_old_id_4\ * 
              !\ADC_SAR_Seq:AMuxHw_2_Decoder_old_id_3\ * 
              !\ADC_SAR_Seq:AMuxHw_2_Decoder_old_id_2\ * 
              \ADC_SAR_Seq:AMuxHw_2_Decoder_old_id_1\ * 
              !\ADC_SAR_Seq:AMuxHw_2_Decoder_old_id_0\
        );
        Output = \ADC_SAR_Seq:AMuxHw_2_Decoder_one_hot_2\ (fanout=1)

    MacroCell: Name=\ADC_SAR_Seq:AMuxHw_2_Decoder_one_hot_3\, Mode=(D-Register)
        Total # of inputs        : 7
        Total # of product terms : 1
        List of special equations: 
            Clock  = (\ADC_SAR_Seq:clock\) => Global
            Clock Enable: True
        Main Equation            : 1 pterm
        (
              \ADC_SAR_Seq:AMuxHw_2_Decoder_is_active\ * 
              !\ADC_SAR_Seq:AMuxHw_2_Decoder_old_id_5\ * 
              !\ADC_SAR_Seq:AMuxHw_2_Decoder_old_id_4\ * 
              !\ADC_SAR_Seq:AMuxHw_2_Decoder_old_id_3\ * 
              !\ADC_SAR_Seq:AMuxHw_2_Decoder_old_id_2\ * 
              \ADC_SAR_Seq:AMuxHw_2_Decoder_old_id_1\ * 
              \ADC_SAR_Seq:AMuxHw_2_Decoder_old_id_0\
        );
        Output = \ADC_SAR_Seq:AMuxHw_2_Decoder_one_hot_3\ (fanout=1)

    MacroCell: Name=\ADC_SAR_Seq:AMuxHw_2_Decoder_one_hot_4\, Mode=(D-Register)
        Total # of inputs        : 7
        Total # of product terms : 1
        List of special equations: 
            Clock  = (\ADC_SAR_Seq:clock\) => Global
            Clock Enable: True
        Main Equation            : 1 pterm
        (
              \ADC_SAR_Seq:AMuxHw_2_Decoder_is_active\ * 
              !\ADC_SAR_Seq:AMuxHw_2_Decoder_old_id_5\ * 
              !\ADC_SAR_Seq:AMuxHw_2_Decoder_old_id_4\ * 
              !\ADC_SAR_Seq:AMuxHw_2_Decoder_old_id_3\ * 
              \ADC_SAR_Seq:AMuxHw_2_Decoder_old_id_2\ * 
              !\ADC_SAR_Seq:AMuxHw_2_Decoder_old_id_1\ * 
              !\ADC_SAR_Seq:AMuxHw_2_Decoder_old_id_0\
        );
        Output = \ADC_SAR_Seq:AMuxHw_2_Decoder_one_hot_4\ (fanout=1)

    MacroCell: Name=\ADC_SAR_Seq:AMuxHw_2_Decoder_one_hot_5\, Mode=(D-Register)
        Total # of inputs        : 7
        Total # of product terms : 1
        List of special equations: 
            Clock  = (\ADC_SAR_Seq:clock\) => Global
            Clock Enable: True
        Main Equation            : 1 pterm
        (
              \ADC_SAR_Seq:AMuxHw_2_Decoder_is_active\ * 
              !\ADC_SAR_Seq:AMuxHw_2_Decoder_old_id_5\ * 
              !\ADC_SAR_Seq:AMuxHw_2_Decoder_old_id_4\ * 
              !\ADC_SAR_Seq:AMuxHw_2_Decoder_old_id_3\ * 
              \ADC_SAR_Seq:AMuxHw_2_Decoder_old_id_2\ * 
              !\ADC_SAR_Seq:AMuxHw_2_Decoder_old_id_1\ * 
              \ADC_SAR_Seq:AMuxHw_2_Decoder_old_id_0\
        );
        Output = \ADC_SAR_Seq:AMuxHw_2_Decoder_one_hot_5\ (fanout=1)

    MacroCell: Name=\ADC_SAR_Seq:AMuxHw_2_Decoder_one_hot_6\, Mode=(D-Register)
        Total # of inputs        : 7
        Total # of product terms : 1
        List of special equations: 
            Clock  = (\ADC_SAR_Seq:clock\) => Global
            Clock Enable: True
        Main Equation            : 1 pterm
        (
              \ADC_SAR_Seq:AMuxHw_2_Decoder_is_active\ * 
              !\ADC_SAR_Seq:AMuxHw_2_Decoder_old_id_5\ * 
              !\ADC_SAR_Seq:AMuxHw_2_Decoder_old_id_4\ * 
              !\ADC_SAR_Seq:AMuxHw_2_Decoder_old_id_3\ * 
              \ADC_SAR_Seq:AMuxHw_2_Decoder_old_id_2\ * 
              \ADC_SAR_Seq:AMuxHw_2_Decoder_old_id_1\ * 
              !\ADC_SAR_Seq:AMuxHw_2_Decoder_old_id_0\
        );
        Output = \ADC_SAR_Seq:AMuxHw_2_Decoder_one_hot_6\ (fanout=1)

    MacroCell: Name=\ADC_SAR_Seq:AMuxHw_2_Decoder_one_hot_7\, Mode=(D-Register)
        Total # of inputs        : 7
        Total # of product terms : 1
        List of special equations: 
            Clock  = (\ADC_SAR_Seq:clock\) => Global
            Clock Enable: True
        Main Equation            : 1 pterm
        (
              \ADC_SAR_Seq:AMuxHw_2_Decoder_is_active\ * 
              !\ADC_SAR_Seq:AMuxHw_2_Decoder_old_id_5\ * 
              !\ADC_SAR_Seq:AMuxHw_2_Decoder_old_id_4\ * 
              !\ADC_SAR_Seq:AMuxHw_2_Decoder_old_id_3\ * 
              \ADC_SAR_Seq:AMuxHw_2_Decoder_old_id_2\ * 
              \ADC_SAR_Seq:AMuxHw_2_Decoder_old_id_1\ * 
              \ADC_SAR_Seq:AMuxHw_2_Decoder_old_id_0\
        );
        Output = \ADC_SAR_Seq:AMuxHw_2_Decoder_one_hot_7\ (fanout=1)

    MacroCell: Name=\ADC_SAR_Seq:AMuxHw_2_Decoder_one_hot_8\, Mode=(D-Register)
        Total # of inputs        : 7
        Total # of product terms : 1
        List of special equations: 
            Clock  = (\ADC_SAR_Seq:clock\) => Global
            Clock Enable: True
        Main Equation            : 1 pterm
        (
              \ADC_SAR_Seq:AMuxHw_2_Decoder_is_active\ * 
              !\ADC_SAR_Seq:AMuxHw_2_Decoder_old_id_5\ * 
              !\ADC_SAR_Seq:AMuxHw_2_Decoder_old_id_4\ * 
              \ADC_SAR_Seq:AMuxHw_2_Decoder_old_id_3\ * 
              !\ADC_SAR_Seq:AMuxHw_2_Decoder_old_id_2\ * 
              !\ADC_SAR_Seq:AMuxHw_2_Decoder_old_id_1\ * 
              !\ADC_SAR_Seq:AMuxHw_2_Decoder_old_id_0\
        );
        Output = \ADC_SAR_Seq:AMuxHw_2_Decoder_one_hot_8\ (fanout=1)

    MacroCell: Name=\ADC_SAR_Seq:AMuxHw_2_Decoder_one_hot_9\, Mode=(D-Register)
        Total # of inputs        : 7
        Total # of product terms : 1
        List of special equations: 
            Clock  = (\ADC_SAR_Seq:clock\) => Global
            Clock Enable: True
        Main Equation            : 1 pterm
        (
              \ADC_SAR_Seq:AMuxHw_2_Decoder_is_active\ * 
              !\ADC_SAR_Seq:AMuxHw_2_Decoder_old_id_5\ * 
              !\ADC_SAR_Seq:AMuxHw_2_Decoder_old_id_4\ * 
              \ADC_SAR_Seq:AMuxHw_2_Decoder_old_id_3\ * 
              !\ADC_SAR_Seq:AMuxHw_2_Decoder_old_id_2\ * 
              !\ADC_SAR_Seq:AMuxHw_2_Decoder_old_id_1\ * 
              \ADC_SAR_Seq:AMuxHw_2_Decoder_old_id_0\
        );
        Output = \ADC_SAR_Seq:AMuxHw_2_Decoder_one_hot_9\ (fanout=1)

    MacroCell: Name=\ADC_SAR_Seq:AMuxHw_2_Decoder_one_hot_10\, Mode=(D-Register)
        Total # of inputs        : 7
        Total # of product terms : 1
        List of special equations: 
            Clock  = (\ADC_SAR_Seq:clock\) => Global
            Clock Enable: True
        Main Equation            : 1 pterm
        (
              \ADC_SAR_Seq:AMuxHw_2_Decoder_is_active\ * 
              !\ADC_SAR_Seq:AMuxHw_2_Decoder_old_id_5\ * 
              !\ADC_SAR_Seq:AMuxHw_2_Decoder_old_id_4\ * 
              \ADC_SAR_Seq:AMuxHw_2_Decoder_old_id_3\ * 
              !\ADC_SAR_Seq:AMuxHw_2_Decoder_old_id_2\ * 
              \ADC_SAR_Seq:AMuxHw_2_Decoder_old_id_1\ * 
              !\ADC_SAR_Seq:AMuxHw_2_Decoder_old_id_0\
        );
        Output = \ADC_SAR_Seq:AMuxHw_2_Decoder_one_hot_10\ (fanout=1)

    MacroCell: Name=\ADC_SAR_Seq:AMuxHw_2_Decoder_one_hot_11\, Mode=(D-Register)
        Total # of inputs        : 7
        Total # of product terms : 1
        List of special equations: 
            Clock  = (\ADC_SAR_Seq:clock\) => Global
            Clock Enable: True
        Main Equation            : 1 pterm
        (
              \ADC_SAR_Seq:AMuxHw_2_Decoder_is_active\ * 
              !\ADC_SAR_Seq:AMuxHw_2_Decoder_old_id_5\ * 
              !\ADC_SAR_Seq:AMuxHw_2_Decoder_old_id_4\ * 
              \ADC_SAR_Seq:AMuxHw_2_Decoder_old_id_3\ * 
              !\ADC_SAR_Seq:AMuxHw_2_Decoder_old_id_2\ * 
              \ADC_SAR_Seq:AMuxHw_2_Decoder_old_id_1\ * 
              \ADC_SAR_Seq:AMuxHw_2_Decoder_old_id_0\
        );
        Output = \ADC_SAR_Seq:AMuxHw_2_Decoder_one_hot_11\ (fanout=1)

    MacroCell: Name=\ADC_SAR_Seq:AMuxHw_2_Decoder_one_hot_12\, Mode=(D-Register)
        Total # of inputs        : 7
        Total # of product terms : 1
        List of special equations: 
            Clock  = (\ADC_SAR_Seq:clock\) => Global
            Clock Enable: True
        Main Equation            : 1 pterm
        (
              \ADC_SAR_Seq:AMuxHw_2_Decoder_is_active\ * 
              !\ADC_SAR_Seq:AMuxHw_2_Decoder_old_id_5\ * 
              !\ADC_SAR_Seq:AMuxHw_2_Decoder_old_id_4\ * 
              \ADC_SAR_Seq:AMuxHw_2_Decoder_old_id_3\ * 
              \ADC_SAR_Seq:AMuxHw_2_Decoder_old_id_2\ * 
              !\ADC_SAR_Seq:AMuxHw_2_Decoder_old_id_1\ * 
              !\ADC_SAR_Seq:AMuxHw_2_Decoder_old_id_0\
        );
        Output = \ADC_SAR_Seq:AMuxHw_2_Decoder_one_hot_12\ (fanout=1)

    MacroCell: Name=\ADC_SAR_Seq:AMuxHw_2_Decoder_one_hot_13\, Mode=(D-Register)
        Total # of inputs        : 7
        Total # of product terms : 1
        List of special equations: 
            Clock  = (\ADC_SAR_Seq:clock\) => Global
            Clock Enable: True
        Main Equation            : 1 pterm
        (
              \ADC_SAR_Seq:AMuxHw_2_Decoder_is_active\ * 
              !\ADC_SAR_Seq:AMuxHw_2_Decoder_old_id_5\ * 
              !\ADC_SAR_Seq:AMuxHw_2_Decoder_old_id_4\ * 
              \ADC_SAR_Seq:AMuxHw_2_Decoder_old_id_3\ * 
              \ADC_SAR_Seq:AMuxHw_2_Decoder_old_id_2\ * 
              !\ADC_SAR_Seq:AMuxHw_2_Decoder_old_id_1\ * 
              \ADC_SAR_Seq:AMuxHw_2_Decoder_old_id_0\
        );
        Output = \ADC_SAR_Seq:AMuxHw_2_Decoder_one_hot_13\ (fanout=1)

    MacroCell: Name=\ADC_SAR_Seq:AMuxHw_2_Decoder_one_hot_14\, Mode=(D-Register)
        Total # of inputs        : 7
        Total # of product terms : 1
        List of special equations: 
            Clock  = (\ADC_SAR_Seq:clock\) => Global
            Clock Enable: True
        Main Equation            : 1 pterm
        (
              \ADC_SAR_Seq:AMuxHw_2_Decoder_is_active\ * 
              !\ADC_SAR_Seq:AMuxHw_2_Decoder_old_id_5\ * 
              !\ADC_SAR_Seq:AMuxHw_2_Decoder_old_id_4\ * 
              \ADC_SAR_Seq:AMuxHw_2_Decoder_old_id_3\ * 
              \ADC_SAR_Seq:AMuxHw_2_Decoder_old_id_2\ * 
              \ADC_SAR_Seq:AMuxHw_2_Decoder_old_id_1\ * 
              !\ADC_SAR_Seq:AMuxHw_2_Decoder_old_id_0\
        );
        Output = \ADC_SAR_Seq:AMuxHw_2_Decoder_one_hot_14\ (fanout=1)

    MacroCell: Name=\ADC_SAR_Seq:AMuxHw_2_Decoder_one_hot_15\, Mode=(D-Register)
        Total # of inputs        : 7
        Total # of product terms : 1
        List of special equations: 
            Clock  = (\ADC_SAR_Seq:clock\) => Global
            Clock Enable: True
        Main Equation            : 1 pterm
        (
              \ADC_SAR_Seq:AMuxHw_2_Decoder_is_active\ * 
              !\ADC_SAR_Seq:AMuxHw_2_Decoder_old_id_5\ * 
              !\ADC_SAR_Seq:AMuxHw_2_Decoder_old_id_4\ * 
              \ADC_SAR_Seq:AMuxHw_2_Decoder_old_id_3\ * 
              \ADC_SAR_Seq:AMuxHw_2_Decoder_old_id_2\ * 
              \ADC_SAR_Seq:AMuxHw_2_Decoder_old_id_1\ * 
              \ADC_SAR_Seq:AMuxHw_2_Decoder_old_id_0\
        );
        Output = \ADC_SAR_Seq:AMuxHw_2_Decoder_one_hot_15\ (fanout=1)

    MacroCell: Name=\ADC_SAR_Seq:AMuxHw_2_Decoder_one_hot_16\, Mode=(D-Register)
        Total # of inputs        : 7
        Total # of product terms : 1
        List of special equations: 
            Clock  = (\ADC_SAR_Seq:clock\) => Global
            Clock Enable: True
        Main Equation            : 1 pterm
        (
              \ADC_SAR_Seq:AMuxHw_2_Decoder_is_active\ * 
              !\ADC_SAR_Seq:AMuxHw_2_Decoder_old_id_5\ * 
              \ADC_SAR_Seq:AMuxHw_2_Decoder_old_id_4\ * 
              !\ADC_SAR_Seq:AMuxHw_2_Decoder_old_id_3\ * 
              !\ADC_SAR_Seq:AMuxHw_2_Decoder_old_id_2\ * 
              !\ADC_SAR_Seq:AMuxHw_2_Decoder_old_id_1\ * 
              !\ADC_SAR_Seq:AMuxHw_2_Decoder_old_id_0\
        );
        Output = \ADC_SAR_Seq:AMuxHw_2_Decoder_one_hot_16\ (fanout=1)

    MacroCell: Name=\ADC_SAR_Seq:AMuxHw_2_Decoder_one_hot_17\, Mode=(D-Register)
        Total # of inputs        : 7
        Total # of product terms : 1
        List of special equations: 
            Clock  = (\ADC_SAR_Seq:clock\) => Global
            Clock Enable: True
        Main Equation            : 1 pterm
        (
              \ADC_SAR_Seq:AMuxHw_2_Decoder_is_active\ * 
              !\ADC_SAR_Seq:AMuxHw_2_Decoder_old_id_5\ * 
              \ADC_SAR_Seq:AMuxHw_2_Decoder_old_id_4\ * 
              !\ADC_SAR_Seq:AMuxHw_2_Decoder_old_id_3\ * 
              !\ADC_SAR_Seq:AMuxHw_2_Decoder_old_id_2\ * 
              !\ADC_SAR_Seq:AMuxHw_2_Decoder_old_id_1\ * 
              \ADC_SAR_Seq:AMuxHw_2_Decoder_old_id_0\
        );
        Output = \ADC_SAR_Seq:AMuxHw_2_Decoder_one_hot_17\ (fanout=1)

    MacroCell: Name=\ADC_SAR_Seq:AMuxHw_2_Decoder_one_hot_18\, Mode=(D-Register)
        Total # of inputs        : 7
        Total # of product terms : 1
        List of special equations: 
            Clock  = (\ADC_SAR_Seq:clock\) => Global
            Clock Enable: True
        Main Equation            : 1 pterm
        (
              \ADC_SAR_Seq:AMuxHw_2_Decoder_is_active\ * 
              !\ADC_SAR_Seq:AMuxHw_2_Decoder_old_id_5\ * 
              \ADC_SAR_Seq:AMuxHw_2_Decoder_old_id_4\ * 
              !\ADC_SAR_Seq:AMuxHw_2_Decoder_old_id_3\ * 
              !\ADC_SAR_Seq:AMuxHw_2_Decoder_old_id_2\ * 
              \ADC_SAR_Seq:AMuxHw_2_Decoder_old_id_1\ * 
              !\ADC_SAR_Seq:AMuxHw_2_Decoder_old_id_0\
        );
        Output = \ADC_SAR_Seq:AMuxHw_2_Decoder_one_hot_18\ (fanout=1)

    MacroCell: Name=\ADC_SAR_Seq:AMuxHw_2_Decoder_one_hot_19\, Mode=(D-Register)
        Total # of inputs        : 7
        Total # of product terms : 1
        List of special equations: 
            Clock  = (\ADC_SAR_Seq:clock\) => Global
            Clock Enable: True
        Main Equation            : 1 pterm
        (
              \ADC_SAR_Seq:AMuxHw_2_Decoder_is_active\ * 
              !\ADC_SAR_Seq:AMuxHw_2_Decoder_old_id_5\ * 
              \ADC_SAR_Seq:AMuxHw_2_Decoder_old_id_4\ * 
              !\ADC_SAR_Seq:AMuxHw_2_Decoder_old_id_3\ * 
              !\ADC_SAR_Seq:AMuxHw_2_Decoder_old_id_2\ * 
              \ADC_SAR_Seq:AMuxHw_2_Decoder_old_id_1\ * 
              \ADC_SAR_Seq:AMuxHw_2_Decoder_old_id_0\
        );
        Output = \ADC_SAR_Seq:AMuxHw_2_Decoder_one_hot_19\ (fanout=1)

    MacroCell: Name=\ADC_SAR_Seq:AMuxHw_2_Decoder_one_hot_20\, Mode=(D-Register)
        Total # of inputs        : 7
        Total # of product terms : 1
        List of special equations: 
            Clock  = (\ADC_SAR_Seq:clock\) => Global
            Clock Enable: True
        Main Equation            : 1 pterm
        (
              \ADC_SAR_Seq:AMuxHw_2_Decoder_is_active\ * 
              !\ADC_SAR_Seq:AMuxHw_2_Decoder_old_id_5\ * 
              \ADC_SAR_Seq:AMuxHw_2_Decoder_old_id_4\ * 
              !\ADC_SAR_Seq:AMuxHw_2_Decoder_old_id_3\ * 
              \ADC_SAR_Seq:AMuxHw_2_Decoder_old_id_2\ * 
              !\ADC_SAR_Seq:AMuxHw_2_Decoder_old_id_1\ * 
              !\ADC_SAR_Seq:AMuxHw_2_Decoder_old_id_0\
        );
        Output = \ADC_SAR_Seq:AMuxHw_2_Decoder_one_hot_20\ (fanout=1)

    MacroCell: Name=\ADC_SAR_Seq:AMuxHw_2_Decoder_one_hot_21\, Mode=(D-Register)
        Total # of inputs        : 7
        Total # of product terms : 1
        List of special equations: 
            Clock  = (\ADC_SAR_Seq:clock\) => Global
            Clock Enable: True
        Main Equation            : 1 pterm
        (
              \ADC_SAR_Seq:AMuxHw_2_Decoder_is_active\ * 
              !\ADC_SAR_Seq:AMuxHw_2_Decoder_old_id_5\ * 
              \ADC_SAR_Seq:AMuxHw_2_Decoder_old_id_4\ * 
              !\ADC_SAR_Seq:AMuxHw_2_Decoder_old_id_3\ * 
              \ADC_SAR_Seq:AMuxHw_2_Decoder_old_id_2\ * 
              !\ADC_SAR_Seq:AMuxHw_2_Decoder_old_id_1\ * 
              \ADC_SAR_Seq:AMuxHw_2_Decoder_old_id_0\
        );
        Output = \ADC_SAR_Seq:AMuxHw_2_Decoder_one_hot_21\ (fanout=1)

    MacroCell: Name=\ADC_SAR_Seq:AMuxHw_2_Decoder_one_hot_22\, Mode=(D-Register)
        Total # of inputs        : 7
        Total # of product terms : 1
        List of special equations: 
            Clock  = (\ADC_SAR_Seq:clock\) => Global
            Clock Enable: True
        Main Equation            : 1 pterm
        (
              \ADC_SAR_Seq:AMuxHw_2_Decoder_is_active\ * 
              !\ADC_SAR_Seq:AMuxHw_2_Decoder_old_id_5\ * 
              \ADC_SAR_Seq:AMuxHw_2_Decoder_old_id_4\ * 
              !\ADC_SAR_Seq:AMuxHw_2_Decoder_old_id_3\ * 
              \ADC_SAR_Seq:AMuxHw_2_Decoder_old_id_2\ * 
              \ADC_SAR_Seq:AMuxHw_2_Decoder_old_id_1\ * 
              !\ADC_SAR_Seq:AMuxHw_2_Decoder_old_id_0\
        );
        Output = \ADC_SAR_Seq:AMuxHw_2_Decoder_one_hot_22\ (fanout=1)

    MacroCell: Name=\ADC_SAR_Seq:AMuxHw_2_Decoder_one_hot_23\, Mode=(D-Register)
        Total # of inputs        : 7
        Total # of product terms : 1
        List of special equations: 
            Clock  = (\ADC_SAR_Seq:clock\) => Global
            Clock Enable: True
        Main Equation            : 1 pterm
        (
              \ADC_SAR_Seq:AMuxHw_2_Decoder_is_active\ * 
              !\ADC_SAR_Seq:AMuxHw_2_Decoder_old_id_5\ * 
              \ADC_SAR_Seq:AMuxHw_2_Decoder_old_id_4\ * 
              !\ADC_SAR_Seq:AMuxHw_2_Decoder_old_id_3\ * 
              \ADC_SAR_Seq:AMuxHw_2_Decoder_old_id_2\ * 
              \ADC_SAR_Seq:AMuxHw_2_Decoder_old_id_1\ * 
              \ADC_SAR_Seq:AMuxHw_2_Decoder_old_id_0\
        );
        Output = \ADC_SAR_Seq:AMuxHw_2_Decoder_one_hot_23\ (fanout=1)

    MacroCell: Name=\ADC_SAR_Seq:AMuxHw_2_Decoder_one_hot_24\, Mode=(D-Register)
        Total # of inputs        : 7
        Total # of product terms : 1
        List of special equations: 
            Clock  = (\ADC_SAR_Seq:clock\) => Global
            Clock Enable: True
        Main Equation            : 1 pterm
        (
              \ADC_SAR_Seq:AMuxHw_2_Decoder_is_active\ * 
              !\ADC_SAR_Seq:AMuxHw_2_Decoder_old_id_5\ * 
              \ADC_SAR_Seq:AMuxHw_2_Decoder_old_id_4\ * 
              \ADC_SAR_Seq:AMuxHw_2_Decoder_old_id_3\ * 
              !\ADC_SAR_Seq:AMuxHw_2_Decoder_old_id_2\ * 
              !\ADC_SAR_Seq:AMuxHw_2_Decoder_old_id_1\ * 
              !\ADC_SAR_Seq:AMuxHw_2_Decoder_old_id_0\
        );
        Output = \ADC_SAR_Seq:AMuxHw_2_Decoder_one_hot_24\ (fanout=1)

    MacroCell: Name=\ADC_SAR_Seq:AMuxHw_2_Decoder_one_hot_25\, Mode=(D-Register)
        Total # of inputs        : 7
        Total # of product terms : 1
        List of special equations: 
            Clock  = (\ADC_SAR_Seq:clock\) => Global
            Clock Enable: True
        Main Equation            : 1 pterm
        (
              \ADC_SAR_Seq:AMuxHw_2_Decoder_is_active\ * 
              !\ADC_SAR_Seq:AMuxHw_2_Decoder_old_id_5\ * 
              \ADC_SAR_Seq:AMuxHw_2_Decoder_old_id_4\ * 
              \ADC_SAR_Seq:AMuxHw_2_Decoder_old_id_3\ * 
              !\ADC_SAR_Seq:AMuxHw_2_Decoder_old_id_2\ * 
              !\ADC_SAR_Seq:AMuxHw_2_Decoder_old_id_1\ * 
              \ADC_SAR_Seq:AMuxHw_2_Decoder_old_id_0\
        );
        Output = \ADC_SAR_Seq:AMuxHw_2_Decoder_one_hot_25\ (fanout=1)

    MacroCell: Name=\ADC_SAR_Seq:AMuxHw_2_Decoder_one_hot_26\, Mode=(D-Register)
        Total # of inputs        : 7
        Total # of product terms : 1
        List of special equations: 
            Clock  = (\ADC_SAR_Seq:clock\) => Global
            Clock Enable: True
        Main Equation            : 1 pterm
        (
              \ADC_SAR_Seq:AMuxHw_2_Decoder_is_active\ * 
              !\ADC_SAR_Seq:AMuxHw_2_Decoder_old_id_5\ * 
              \ADC_SAR_Seq:AMuxHw_2_Decoder_old_id_4\ * 
              \ADC_SAR_Seq:AMuxHw_2_Decoder_old_id_3\ * 
              !\ADC_SAR_Seq:AMuxHw_2_Decoder_old_id_2\ * 
              \ADC_SAR_Seq:AMuxHw_2_Decoder_old_id_1\ * 
              !\ADC_SAR_Seq:AMuxHw_2_Decoder_old_id_0\
        );
        Output = \ADC_SAR_Seq:AMuxHw_2_Decoder_one_hot_26\ (fanout=1)

    MacroCell: Name=\ADC_SAR_Seq:AMuxHw_2_Decoder_one_hot_27\, Mode=(D-Register)
        Total # of inputs        : 7
        Total # of product terms : 1
        List of special equations: 
            Clock  = (\ADC_SAR_Seq:clock\) => Global
            Clock Enable: True
        Main Equation            : 1 pterm
        (
              \ADC_SAR_Seq:AMuxHw_2_Decoder_is_active\ * 
              !\ADC_SAR_Seq:AMuxHw_2_Decoder_old_id_5\ * 
              \ADC_SAR_Seq:AMuxHw_2_Decoder_old_id_4\ * 
              \ADC_SAR_Seq:AMuxHw_2_Decoder_old_id_3\ * 
              !\ADC_SAR_Seq:AMuxHw_2_Decoder_old_id_2\ * 
              \ADC_SAR_Seq:AMuxHw_2_Decoder_old_id_1\ * 
              \ADC_SAR_Seq:AMuxHw_2_Decoder_old_id_0\
        );
        Output = \ADC_SAR_Seq:AMuxHw_2_Decoder_one_hot_27\ (fanout=1)

    MacroCell: Name=\ADC_SAR_Seq:AMuxHw_2_Decoder_one_hot_28\, Mode=(D-Register)
        Total # of inputs        : 7
        Total # of product terms : 1
        List of special equations: 
            Clock  = (\ADC_SAR_Seq:clock\) => Global
            Clock Enable: True
        Main Equation            : 1 pterm
        (
              \ADC_SAR_Seq:AMuxHw_2_Decoder_is_active\ * 
              !\ADC_SAR_Seq:AMuxHw_2_Decoder_old_id_5\ * 
              \ADC_SAR_Seq:AMuxHw_2_Decoder_old_id_4\ * 
              \ADC_SAR_Seq:AMuxHw_2_Decoder_old_id_3\ * 
              \ADC_SAR_Seq:AMuxHw_2_Decoder_old_id_2\ * 
              !\ADC_SAR_Seq:AMuxHw_2_Decoder_old_id_1\ * 
              !\ADC_SAR_Seq:AMuxHw_2_Decoder_old_id_0\
        );
        Output = \ADC_SAR_Seq:AMuxHw_2_Decoder_one_hot_28\ (fanout=1)

    MacroCell: Name=\ADC_SAR_Seq:AMuxHw_2_Decoder_one_hot_29\, Mode=(D-Register)
        Total # of inputs        : 7
        Total # of product terms : 1
        List of special equations: 
            Clock  = (\ADC_SAR_Seq:clock\) => Global
            Clock Enable: True
        Main Equation            : 1 pterm
        (
              \ADC_SAR_Seq:AMuxHw_2_Decoder_is_active\ * 
              !\ADC_SAR_Seq:AMuxHw_2_Decoder_old_id_5\ * 
              \ADC_SAR_Seq:AMuxHw_2_Decoder_old_id_4\ * 
              \ADC_SAR_Seq:AMuxHw_2_Decoder_old_id_3\ * 
              \ADC_SAR_Seq:AMuxHw_2_Decoder_old_id_2\ * 
              !\ADC_SAR_Seq:AMuxHw_2_Decoder_old_id_1\ * 
              \ADC_SAR_Seq:AMuxHw_2_Decoder_old_id_0\
        );
        Output = \ADC_SAR_Seq:AMuxHw_2_Decoder_one_hot_29\ (fanout=1)

    MacroCell: Name=\ADC_SAR_Seq:AMuxHw_2_Decoder_one_hot_30\, Mode=(D-Register)
        Total # of inputs        : 7
        Total # of product terms : 1
        List of special equations: 
            Clock  = (\ADC_SAR_Seq:clock\) => Global
            Clock Enable: True
        Main Equation            : 1 pterm
        (
              \ADC_SAR_Seq:AMuxHw_2_Decoder_is_active\ * 
              !\ADC_SAR_Seq:AMuxHw_2_Decoder_old_id_5\ * 
              \ADC_SAR_Seq:AMuxHw_2_Decoder_old_id_4\ * 
              \ADC_SAR_Seq:AMuxHw_2_Decoder_old_id_3\ * 
              \ADC_SAR_Seq:AMuxHw_2_Decoder_old_id_2\ * 
              \ADC_SAR_Seq:AMuxHw_2_Decoder_old_id_1\ * 
              !\ADC_SAR_Seq:AMuxHw_2_Decoder_old_id_0\
        );
        Output = \ADC_SAR_Seq:AMuxHw_2_Decoder_one_hot_30\ (fanout=1)

    MacroCell: Name=\ADC_SAR_Seq:AMuxHw_2_Decoder_one_hot_31\, Mode=(D-Register)
        Total # of inputs        : 7
        Total # of product terms : 1
        List of special equations: 
            Clock  = (\ADC_SAR_Seq:clock\) => Global
            Clock Enable: True
        Main Equation            : 1 pterm
        (
              \ADC_SAR_Seq:AMuxHw_2_Decoder_is_active\ * 
              !\ADC_SAR_Seq:AMuxHw_2_Decoder_old_id_5\ * 
              \ADC_SAR_Seq:AMuxHw_2_Decoder_old_id_4\ * 
              \ADC_SAR_Seq:AMuxHw_2_Decoder_old_id_3\ * 
              \ADC_SAR_Seq:AMuxHw_2_Decoder_old_id_2\ * 
              \ADC_SAR_Seq:AMuxHw_2_Decoder_old_id_1\ * 
              \ADC_SAR_Seq:AMuxHw_2_Decoder_old_id_0\
        );
        Output = \ADC_SAR_Seq:AMuxHw_2_Decoder_one_hot_31\ (fanout=1)

    MacroCell: Name=\ADC_SAR_Seq:AMuxHw_2_Decoder_one_hot_32\, Mode=(D-Register)
        Total # of inputs        : 7
        Total # of product terms : 1
        List of special equations: 
            Clock  = (\ADC_SAR_Seq:clock\) => Global
            Clock Enable: True
        Main Equation            : 1 pterm
        (
              \ADC_SAR_Seq:AMuxHw_2_Decoder_is_active\ * 
              \ADC_SAR_Seq:AMuxHw_2_Decoder_old_id_5\ * 
              !\ADC_SAR_Seq:AMuxHw_2_Decoder_old_id_4\ * 
              !\ADC_SAR_Seq:AMuxHw_2_Decoder_old_id_3\ * 
              !\ADC_SAR_Seq:AMuxHw_2_Decoder_old_id_2\ * 
              !\ADC_SAR_Seq:AMuxHw_2_Decoder_old_id_1\ * 
              !\ADC_SAR_Seq:AMuxHw_2_Decoder_old_id_0\
        );
        Output = \ADC_SAR_Seq:AMuxHw_2_Decoder_one_hot_32\ (fanout=1)

    MacroCell: Name=\ADC_SAR_Seq:AMuxHw_2_Decoder_one_hot_33\, Mode=(D-Register)
        Total # of inputs        : 7
        Total # of product terms : 1
        List of special equations: 
            Clock  = (\ADC_SAR_Seq:clock\) => Global
            Clock Enable: True
        Main Equation            : 1 pterm
        (
              \ADC_SAR_Seq:AMuxHw_2_Decoder_is_active\ * 
              \ADC_SAR_Seq:AMuxHw_2_Decoder_old_id_5\ * 
              !\ADC_SAR_Seq:AMuxHw_2_Decoder_old_id_4\ * 
              !\ADC_SAR_Seq:AMuxHw_2_Decoder_old_id_3\ * 
              !\ADC_SAR_Seq:AMuxHw_2_Decoder_old_id_2\ * 
              !\ADC_SAR_Seq:AMuxHw_2_Decoder_old_id_1\ * 
              \ADC_SAR_Seq:AMuxHw_2_Decoder_old_id_0\
        );
        Output = \ADC_SAR_Seq:AMuxHw_2_Decoder_one_hot_33\ (fanout=1)

    MacroCell: Name=\ADC_SAR_Seq:AMuxHw_2_Decoder_one_hot_34\, Mode=(D-Register)
        Total # of inputs        : 7
        Total # of product terms : 1
        List of special equations: 
            Clock  = (\ADC_SAR_Seq:clock\) => Global
            Clock Enable: True
        Main Equation            : 1 pterm
        (
              \ADC_SAR_Seq:AMuxHw_2_Decoder_is_active\ * 
              \ADC_SAR_Seq:AMuxHw_2_Decoder_old_id_5\ * 
              !\ADC_SAR_Seq:AMuxHw_2_Decoder_old_id_4\ * 
              !\ADC_SAR_Seq:AMuxHw_2_Decoder_old_id_3\ * 
              !\ADC_SAR_Seq:AMuxHw_2_Decoder_old_id_2\ * 
              \ADC_SAR_Seq:AMuxHw_2_Decoder_old_id_1\ * 
              !\ADC_SAR_Seq:AMuxHw_2_Decoder_old_id_0\
        );
        Output = \ADC_SAR_Seq:AMuxHw_2_Decoder_one_hot_34\ (fanout=1)

    MacroCell: Name=\ADC_SAR_Seq:AMuxHw_2_Decoder_one_hot_35\, Mode=(D-Register)
        Total # of inputs        : 7
        Total # of product terms : 1
        List of special equations: 
            Clock  = (\ADC_SAR_Seq:clock\) => Global
            Clock Enable: True
        Main Equation            : 1 pterm
        (
              \ADC_SAR_Seq:AMuxHw_2_Decoder_is_active\ * 
              \ADC_SAR_Seq:AMuxHw_2_Decoder_old_id_5\ * 
              !\ADC_SAR_Seq:AMuxHw_2_Decoder_old_id_4\ * 
              !\ADC_SAR_Seq:AMuxHw_2_Decoder_old_id_3\ * 
              !\ADC_SAR_Seq:AMuxHw_2_Decoder_old_id_2\ * 
              \ADC_SAR_Seq:AMuxHw_2_Decoder_old_id_1\ * 
              \ADC_SAR_Seq:AMuxHw_2_Decoder_old_id_0\
        );
        Output = \ADC_SAR_Seq:AMuxHw_2_Decoder_one_hot_35\ (fanout=1)

    MacroCell: Name=\ADC_SAR_Seq:AMuxHw_2_Decoder_one_hot_36\, Mode=(D-Register)
        Total # of inputs        : 7
        Total # of product terms : 1
        List of special equations: 
            Clock  = (\ADC_SAR_Seq:clock\) => Global
            Clock Enable: True
        Main Equation            : 1 pterm
        (
              \ADC_SAR_Seq:AMuxHw_2_Decoder_is_active\ * 
              \ADC_SAR_Seq:AMuxHw_2_Decoder_old_id_5\ * 
              !\ADC_SAR_Seq:AMuxHw_2_Decoder_old_id_4\ * 
              !\ADC_SAR_Seq:AMuxHw_2_Decoder_old_id_3\ * 
              \ADC_SAR_Seq:AMuxHw_2_Decoder_old_id_2\ * 
              !\ADC_SAR_Seq:AMuxHw_2_Decoder_old_id_1\ * 
              !\ADC_SAR_Seq:AMuxHw_2_Decoder_old_id_0\
        );
        Output = \ADC_SAR_Seq:AMuxHw_2_Decoder_one_hot_36\ (fanout=1)

    MacroCell: Name=\ADC_SAR_Seq:AMuxHw_2_Decoder_one_hot_37\, Mode=(D-Register)
        Total # of inputs        : 7
        Total # of product terms : 1
        List of special equations: 
            Clock  = (\ADC_SAR_Seq:clock\) => Global
            Clock Enable: True
        Main Equation            : 1 pterm
        (
              \ADC_SAR_Seq:AMuxHw_2_Decoder_is_active\ * 
              \ADC_SAR_Seq:AMuxHw_2_Decoder_old_id_5\ * 
              !\ADC_SAR_Seq:AMuxHw_2_Decoder_old_id_4\ * 
              !\ADC_SAR_Seq:AMuxHw_2_Decoder_old_id_3\ * 
              \ADC_SAR_Seq:AMuxHw_2_Decoder_old_id_2\ * 
              !\ADC_SAR_Seq:AMuxHw_2_Decoder_old_id_1\ * 
              \ADC_SAR_Seq:AMuxHw_2_Decoder_old_id_0\
        );
        Output = \ADC_SAR_Seq:AMuxHw_2_Decoder_one_hot_37\ (fanout=1)

    MacroCell: Name=\ADC_SAR_Seq:AMuxHw_2_Decoder_one_hot_38\, Mode=(D-Register)
        Total # of inputs        : 7
        Total # of product terms : 1
        List of special equations: 
            Clock  = (\ADC_SAR_Seq:clock\) => Global
            Clock Enable: True
        Main Equation            : 1 pterm
        (
              \ADC_SAR_Seq:AMuxHw_2_Decoder_is_active\ * 
              \ADC_SAR_Seq:AMuxHw_2_Decoder_old_id_5\ * 
              !\ADC_SAR_Seq:AMuxHw_2_Decoder_old_id_4\ * 
              !\ADC_SAR_Seq:AMuxHw_2_Decoder_old_id_3\ * 
              \ADC_SAR_Seq:AMuxHw_2_Decoder_old_id_2\ * 
              \ADC_SAR_Seq:AMuxHw_2_Decoder_old_id_1\ * 
              !\ADC_SAR_Seq:AMuxHw_2_Decoder_old_id_0\
        );
        Output = \ADC_SAR_Seq:AMuxHw_2_Decoder_one_hot_38\ (fanout=1)

    MacroCell: Name=\ADC_SAR_Seq:AMuxHw_2_Decoder_one_hot_39\, Mode=(D-Register)
        Total # of inputs        : 7
        Total # of product terms : 1
        List of special equations: 
            Clock  = (\ADC_SAR_Seq:clock\) => Global
            Clock Enable: True
        Main Equation            : 1 pterm
        (
              \ADC_SAR_Seq:AMuxHw_2_Decoder_is_active\ * 
              \ADC_SAR_Seq:AMuxHw_2_Decoder_old_id_5\ * 
              !\ADC_SAR_Seq:AMuxHw_2_Decoder_old_id_4\ * 
              !\ADC_SAR_Seq:AMuxHw_2_Decoder_old_id_3\ * 
              \ADC_SAR_Seq:AMuxHw_2_Decoder_old_id_2\ * 
              \ADC_SAR_Seq:AMuxHw_2_Decoder_old_id_1\ * 
              \ADC_SAR_Seq:AMuxHw_2_Decoder_old_id_0\
        );
        Output = \ADC_SAR_Seq:AMuxHw_2_Decoder_one_hot_39\ (fanout=1)

    MacroCell: Name=\ADC_SAR_Seq:AMuxHw_2_Decoder_one_hot_40\, Mode=(D-Register)
        Total # of inputs        : 7
        Total # of product terms : 1
        List of special equations: 
            Clock  = (\ADC_SAR_Seq:clock\) => Global
            Clock Enable: True
        Main Equation            : 1 pterm
        (
              \ADC_SAR_Seq:AMuxHw_2_Decoder_is_active\ * 
              \ADC_SAR_Seq:AMuxHw_2_Decoder_old_id_5\ * 
              !\ADC_SAR_Seq:AMuxHw_2_Decoder_old_id_4\ * 
              \ADC_SAR_Seq:AMuxHw_2_Decoder_old_id_3\ * 
              !\ADC_SAR_Seq:AMuxHw_2_Decoder_old_id_2\ * 
              !\ADC_SAR_Seq:AMuxHw_2_Decoder_old_id_1\ * 
              !\ADC_SAR_Seq:AMuxHw_2_Decoder_old_id_0\
        );
        Output = \ADC_SAR_Seq:AMuxHw_2_Decoder_one_hot_40\ (fanout=1)

    MacroCell: Name=\ADC_SAR_Seq:AMuxHw_2_Decoder_one_hot_41\, Mode=(D-Register)
        Total # of inputs        : 7
        Total # of product terms : 1
        List of special equations: 
            Clock  = (\ADC_SAR_Seq:clock\) => Global
            Clock Enable: True
        Main Equation            : 1 pterm
        (
              \ADC_SAR_Seq:AMuxHw_2_Decoder_is_active\ * 
              \ADC_SAR_Seq:AMuxHw_2_Decoder_old_id_5\ * 
              !\ADC_SAR_Seq:AMuxHw_2_Decoder_old_id_4\ * 
              \ADC_SAR_Seq:AMuxHw_2_Decoder_old_id_3\ * 
              !\ADC_SAR_Seq:AMuxHw_2_Decoder_old_id_2\ * 
              !\ADC_SAR_Seq:AMuxHw_2_Decoder_old_id_1\ * 
              \ADC_SAR_Seq:AMuxHw_2_Decoder_old_id_0\
        );
        Output = \ADC_SAR_Seq:AMuxHw_2_Decoder_one_hot_41\ (fanout=1)

    MacroCell: Name=\ADC_SAR_Seq:AMuxHw_2_Decoder_one_hot_42\, Mode=(D-Register)
        Total # of inputs        : 7
        Total # of product terms : 1
        List of special equations: 
            Clock  = (\ADC_SAR_Seq:clock\) => Global
            Clock Enable: True
        Main Equation            : 1 pterm
        (
              \ADC_SAR_Seq:AMuxHw_2_Decoder_is_active\ * 
              \ADC_SAR_Seq:AMuxHw_2_Decoder_old_id_5\ * 
              !\ADC_SAR_Seq:AMuxHw_2_Decoder_old_id_4\ * 
              \ADC_SAR_Seq:AMuxHw_2_Decoder_old_id_3\ * 
              !\ADC_SAR_Seq:AMuxHw_2_Decoder_old_id_2\ * 
              \ADC_SAR_Seq:AMuxHw_2_Decoder_old_id_1\ * 
              !\ADC_SAR_Seq:AMuxHw_2_Decoder_old_id_0\
        );
        Output = \ADC_SAR_Seq:AMuxHw_2_Decoder_one_hot_42\ (fanout=1)

    MacroCell: Name=\ADC_SAR_Seq:AMuxHw_2_Decoder_one_hot_43\, Mode=(D-Register)
        Total # of inputs        : 7
        Total # of product terms : 1
        List of special equations: 
            Clock  = (\ADC_SAR_Seq:clock\) => Global
            Clock Enable: True
        Main Equation            : 1 pterm
        (
              \ADC_SAR_Seq:AMuxHw_2_Decoder_is_active\ * 
              \ADC_SAR_Seq:AMuxHw_2_Decoder_old_id_5\ * 
              !\ADC_SAR_Seq:AMuxHw_2_Decoder_old_id_4\ * 
              \ADC_SAR_Seq:AMuxHw_2_Decoder_old_id_3\ * 
              !\ADC_SAR_Seq:AMuxHw_2_Decoder_old_id_2\ * 
              \ADC_SAR_Seq:AMuxHw_2_Decoder_old_id_1\ * 
              \ADC_SAR_Seq:AMuxHw_2_Decoder_old_id_0\
        );
        Output = \ADC_SAR_Seq:AMuxHw_2_Decoder_one_hot_43\ (fanout=1)

    MacroCell: Name=\ADC_SAR_Seq:AMuxHw_2_Decoder_one_hot_44\, Mode=(D-Register)
        Total # of inputs        : 7
        Total # of product terms : 1
        List of special equations: 
            Clock  = (\ADC_SAR_Seq:clock\) => Global
            Clock Enable: True
        Main Equation            : 1 pterm
        (
              \ADC_SAR_Seq:AMuxHw_2_Decoder_is_active\ * 
              \ADC_SAR_Seq:AMuxHw_2_Decoder_old_id_5\ * 
              !\ADC_SAR_Seq:AMuxHw_2_Decoder_old_id_4\ * 
              \ADC_SAR_Seq:AMuxHw_2_Decoder_old_id_3\ * 
              \ADC_SAR_Seq:AMuxHw_2_Decoder_old_id_2\ * 
              !\ADC_SAR_Seq:AMuxHw_2_Decoder_old_id_1\ * 
              !\ADC_SAR_Seq:AMuxHw_2_Decoder_old_id_0\
        );
        Output = \ADC_SAR_Seq:AMuxHw_2_Decoder_one_hot_44\ (fanout=1)

    MacroCell: Name=\ADC_SAR_Seq:AMuxHw_2_Decoder_one_hot_45\, Mode=(D-Register)
        Total # of inputs        : 7
        Total # of product terms : 1
        List of special equations: 
            Clock  = (\ADC_SAR_Seq:clock\) => Global
            Clock Enable: True
        Main Equation            : 1 pterm
        (
              \ADC_SAR_Seq:AMuxHw_2_Decoder_is_active\ * 
              \ADC_SAR_Seq:AMuxHw_2_Decoder_old_id_5\ * 
              !\ADC_SAR_Seq:AMuxHw_2_Decoder_old_id_4\ * 
              \ADC_SAR_Seq:AMuxHw_2_Decoder_old_id_3\ * 
              \ADC_SAR_Seq:AMuxHw_2_Decoder_old_id_2\ * 
              !\ADC_SAR_Seq:AMuxHw_2_Decoder_old_id_1\ * 
              \ADC_SAR_Seq:AMuxHw_2_Decoder_old_id_0\
        );
        Output = \ADC_SAR_Seq:AMuxHw_2_Decoder_one_hot_45\ (fanout=1)

    MacroCell: Name=\ADC_SAR_Seq:AMuxHw_2_Decoder_one_hot_46\, Mode=(D-Register)
        Total # of inputs        : 7
        Total # of product terms : 1
        List of special equations: 
            Clock  = (\ADC_SAR_Seq:clock\) => Global
            Clock Enable: True
        Main Equation            : 1 pterm
        (
              \ADC_SAR_Seq:AMuxHw_2_Decoder_is_active\ * 
              \ADC_SAR_Seq:AMuxHw_2_Decoder_old_id_5\ * 
              !\ADC_SAR_Seq:AMuxHw_2_Decoder_old_id_4\ * 
              \ADC_SAR_Seq:AMuxHw_2_Decoder_old_id_3\ * 
              \ADC_SAR_Seq:AMuxHw_2_Decoder_old_id_2\ * 
              \ADC_SAR_Seq:AMuxHw_2_Decoder_old_id_1\ * 
              !\ADC_SAR_Seq:AMuxHw_2_Decoder_old_id_0\
        );
        Output = \ADC_SAR_Seq:AMuxHw_2_Decoder_one_hot_46\ (fanout=1)

    MacroCell: Name=\ADC_SAR_Seq:AMuxHw_2_Decoder_one_hot_47\, Mode=(D-Register)
        Total # of inputs        : 7
        Total # of product terms : 1
        List of special equations: 
            Clock  = (\ADC_SAR_Seq:clock\) => Global
            Clock Enable: True
        Main Equation            : 1 pterm
        (
              \ADC_SAR_Seq:AMuxHw_2_Decoder_is_active\ * 
              \ADC_SAR_Seq:AMuxHw_2_Decoder_old_id_5\ * 
              !\ADC_SAR_Seq:AMuxHw_2_Decoder_old_id_4\ * 
              \ADC_SAR_Seq:AMuxHw_2_Decoder_old_id_3\ * 
              \ADC_SAR_Seq:AMuxHw_2_Decoder_old_id_2\ * 
              \ADC_SAR_Seq:AMuxHw_2_Decoder_old_id_1\ * 
              \ADC_SAR_Seq:AMuxHw_2_Decoder_old_id_0\
        );
        Output = \ADC_SAR_Seq:AMuxHw_2_Decoder_one_hot_47\ (fanout=1)

    MacroCell: Name=\ADC_SAR_Seq:AMuxHw_2_Decoder_one_hot_48\, Mode=(D-Register)
        Total # of inputs        : 7
        Total # of product terms : 1
        List of special equations: 
            Clock  = (\ADC_SAR_Seq:clock\) => Global
            Clock Enable: True
        Main Equation            : 1 pterm
        (
              \ADC_SAR_Seq:AMuxHw_2_Decoder_is_active\ * 
              \ADC_SAR_Seq:AMuxHw_2_Decoder_old_id_5\ * 
              \ADC_SAR_Seq:AMuxHw_2_Decoder_old_id_4\ * 
              !\ADC_SAR_Seq:AMuxHw_2_Decoder_old_id_3\ * 
              !\ADC_SAR_Seq:AMuxHw_2_Decoder_old_id_2\ * 
              !\ADC_SAR_Seq:AMuxHw_2_Decoder_old_id_1\ * 
              !\ADC_SAR_Seq:AMuxHw_2_Decoder_old_id_0\
        );
        Output = \ADC_SAR_Seq:AMuxHw_2_Decoder_one_hot_48\ (fanout=1)

    MacroCell: Name=\ADC_SAR_Seq:AMuxHw_2_Decoder_one_hot_49\, Mode=(D-Register)
        Total # of inputs        : 7
        Total # of product terms : 1
        List of special equations: 
            Clock  = (\ADC_SAR_Seq:clock\) => Global
            Clock Enable: True
        Main Equation            : 1 pterm
        (
              \ADC_SAR_Seq:AMuxHw_2_Decoder_is_active\ * 
              \ADC_SAR_Seq:AMuxHw_2_Decoder_old_id_5\ * 
              \ADC_SAR_Seq:AMuxHw_2_Decoder_old_id_4\ * 
              !\ADC_SAR_Seq:AMuxHw_2_Decoder_old_id_3\ * 
              !\ADC_SAR_Seq:AMuxHw_2_Decoder_old_id_2\ * 
              !\ADC_SAR_Seq:AMuxHw_2_Decoder_old_id_1\ * 
              \ADC_SAR_Seq:AMuxHw_2_Decoder_old_id_0\
        );
        Output = \ADC_SAR_Seq:AMuxHw_2_Decoder_one_hot_49\ (fanout=1)

    MacroCell: Name=\ADC_SAR_Seq:AMuxHw_2_Decoder_one_hot_50\, Mode=(D-Register)
        Total # of inputs        : 7
        Total # of product terms : 1
        List of special equations: 
            Clock  = (\ADC_SAR_Seq:clock\) => Global
            Clock Enable: True
        Main Equation            : 1 pterm
        (
              \ADC_SAR_Seq:AMuxHw_2_Decoder_is_active\ * 
              \ADC_SAR_Seq:AMuxHw_2_Decoder_old_id_5\ * 
              \ADC_SAR_Seq:AMuxHw_2_Decoder_old_id_4\ * 
              !\ADC_SAR_Seq:AMuxHw_2_Decoder_old_id_3\ * 
              !\ADC_SAR_Seq:AMuxHw_2_Decoder_old_id_2\ * 
              \ADC_SAR_Seq:AMuxHw_2_Decoder_old_id_1\ * 
              !\ADC_SAR_Seq:AMuxHw_2_Decoder_old_id_0\
        );
        Output = \ADC_SAR_Seq:AMuxHw_2_Decoder_one_hot_50\ (fanout=1)

    MacroCell: Name=\ADC_SAR_Seq:AMuxHw_2_Decoder_one_hot_51\, Mode=(D-Register)
        Total # of inputs        : 7
        Total # of product terms : 1
        List of special equations: 
            Clock  = (\ADC_SAR_Seq:clock\) => Global
            Clock Enable: True
        Main Equation            : 1 pterm
        (
              \ADC_SAR_Seq:AMuxHw_2_Decoder_is_active\ * 
              \ADC_SAR_Seq:AMuxHw_2_Decoder_old_id_5\ * 
              \ADC_SAR_Seq:AMuxHw_2_Decoder_old_id_4\ * 
              !\ADC_SAR_Seq:AMuxHw_2_Decoder_old_id_3\ * 
              !\ADC_SAR_Seq:AMuxHw_2_Decoder_old_id_2\ * 
              \ADC_SAR_Seq:AMuxHw_2_Decoder_old_id_1\ * 
              \ADC_SAR_Seq:AMuxHw_2_Decoder_old_id_0\
        );
        Output = \ADC_SAR_Seq:AMuxHw_2_Decoder_one_hot_51\ (fanout=1)

    MacroCell: Name=\ADC_SAR_Seq:AMuxHw_2_Decoder_one_hot_52\, Mode=(D-Register)
        Total # of inputs        : 7
        Total # of product terms : 1
        List of special equations: 
            Clock  = (\ADC_SAR_Seq:clock\) => Global
            Clock Enable: True
        Main Equation            : 1 pterm
        (
              \ADC_SAR_Seq:AMuxHw_2_Decoder_is_active\ * 
              \ADC_SAR_Seq:AMuxHw_2_Decoder_old_id_5\ * 
              \ADC_SAR_Seq:AMuxHw_2_Decoder_old_id_4\ * 
              !\ADC_SAR_Seq:AMuxHw_2_Decoder_old_id_3\ * 
              \ADC_SAR_Seq:AMuxHw_2_Decoder_old_id_2\ * 
              !\ADC_SAR_Seq:AMuxHw_2_Decoder_old_id_1\ * 
              !\ADC_SAR_Seq:AMuxHw_2_Decoder_old_id_0\
        );
        Output = \ADC_SAR_Seq:AMuxHw_2_Decoder_one_hot_52\ (fanout=1)

    MacroCell: Name=\ADC_SAR_Seq:AMuxHw_2_Decoder_one_hot_53\, Mode=(D-Register)
        Total # of inputs        : 7
        Total # of product terms : 1
        List of special equations: 
            Clock  = (\ADC_SAR_Seq:clock\) => Global
            Clock Enable: True
        Main Equation            : 1 pterm
        (
              \ADC_SAR_Seq:AMuxHw_2_Decoder_is_active\ * 
              \ADC_SAR_Seq:AMuxHw_2_Decoder_old_id_5\ * 
              \ADC_SAR_Seq:AMuxHw_2_Decoder_old_id_4\ * 
              !\ADC_SAR_Seq:AMuxHw_2_Decoder_old_id_3\ * 
              \ADC_SAR_Seq:AMuxHw_2_Decoder_old_id_2\ * 
              !\ADC_SAR_Seq:AMuxHw_2_Decoder_old_id_1\ * 
              \ADC_SAR_Seq:AMuxHw_2_Decoder_old_id_0\
        );
        Output = \ADC_SAR_Seq:AMuxHw_2_Decoder_one_hot_53\ (fanout=1)

    MacroCell: Name=\ADC_SAR_Seq:AMuxHw_2_Decoder_one_hot_54\, Mode=(D-Register)
        Total # of inputs        : 7
        Total # of product terms : 1
        List of special equations: 
            Clock  = (\ADC_SAR_Seq:clock\) => Global
            Clock Enable: True
        Main Equation            : 1 pterm
        (
              \ADC_SAR_Seq:AMuxHw_2_Decoder_is_active\ * 
              \ADC_SAR_Seq:AMuxHw_2_Decoder_old_id_5\ * 
              \ADC_SAR_Seq:AMuxHw_2_Decoder_old_id_4\ * 
              !\ADC_SAR_Seq:AMuxHw_2_Decoder_old_id_3\ * 
              \ADC_SAR_Seq:AMuxHw_2_Decoder_old_id_2\ * 
              \ADC_SAR_Seq:AMuxHw_2_Decoder_old_id_1\ * 
              !\ADC_SAR_Seq:AMuxHw_2_Decoder_old_id_0\
        );
        Output = \ADC_SAR_Seq:AMuxHw_2_Decoder_one_hot_54\ (fanout=1)

    MacroCell: Name=\ADC_SAR_Seq:AMuxHw_2_Decoder_one_hot_55\, Mode=(D-Register)
        Total # of inputs        : 7
        Total # of product terms : 1
        List of special equations: 
            Clock  = (\ADC_SAR_Seq:clock\) => Global
            Clock Enable: True
        Main Equation            : 1 pterm
        (
              \ADC_SAR_Seq:AMuxHw_2_Decoder_is_active\ * 
              \ADC_SAR_Seq:AMuxHw_2_Decoder_old_id_5\ * 
              \ADC_SAR_Seq:AMuxHw_2_Decoder_old_id_4\ * 
              !\ADC_SAR_Seq:AMuxHw_2_Decoder_old_id_3\ * 
              \ADC_SAR_Seq:AMuxHw_2_Decoder_old_id_2\ * 
              \ADC_SAR_Seq:AMuxHw_2_Decoder_old_id_1\ * 
              \ADC_SAR_Seq:AMuxHw_2_Decoder_old_id_0\
        );
        Output = \ADC_SAR_Seq:AMuxHw_2_Decoder_one_hot_55\ (fanout=1)

    MacroCell: Name=\ADC_SAR_Seq:AMuxHw_2_Decoder_one_hot_56\, Mode=(D-Register)
        Total # of inputs        : 7
        Total # of product terms : 1
        List of special equations: 
            Clock  = (\ADC_SAR_Seq:clock\) => Global
            Clock Enable: True
        Main Equation            : 1 pterm
        (
              \ADC_SAR_Seq:AMuxHw_2_Decoder_is_active\ * 
              \ADC_SAR_Seq:AMuxHw_2_Decoder_old_id_5\ * 
              \ADC_SAR_Seq:AMuxHw_2_Decoder_old_id_4\ * 
              \ADC_SAR_Seq:AMuxHw_2_Decoder_old_id_3\ * 
              !\ADC_SAR_Seq:AMuxHw_2_Decoder_old_id_2\ * 
              !\ADC_SAR_Seq:AMuxHw_2_Decoder_old_id_1\ * 
              !\ADC_SAR_Seq:AMuxHw_2_Decoder_old_id_0\
        );
        Output = \ADC_SAR_Seq:AMuxHw_2_Decoder_one_hot_56\ (fanout=1)

    MacroCell: Name=\ADC_SAR_Seq:AMuxHw_2_Decoder_one_hot_57\, Mode=(D-Register)
        Total # of inputs        : 7
        Total # of product terms : 1
        List of special equations: 
            Clock  = (\ADC_SAR_Seq:clock\) => Global
            Clock Enable: True
        Main Equation            : 1 pterm
        (
              \ADC_SAR_Seq:AMuxHw_2_Decoder_is_active\ * 
              \ADC_SAR_Seq:AMuxHw_2_Decoder_old_id_5\ * 
              \ADC_SAR_Seq:AMuxHw_2_Decoder_old_id_4\ * 
              \ADC_SAR_Seq:AMuxHw_2_Decoder_old_id_3\ * 
              !\ADC_SAR_Seq:AMuxHw_2_Decoder_old_id_2\ * 
              !\ADC_SAR_Seq:AMuxHw_2_Decoder_old_id_1\ * 
              \ADC_SAR_Seq:AMuxHw_2_Decoder_old_id_0\
        );
        Output = \ADC_SAR_Seq:AMuxHw_2_Decoder_one_hot_57\ (fanout=1)

    MacroCell: Name=\ADC_SAR_Seq:AMuxHw_2_Decoder_one_hot_58\, Mode=(D-Register)
        Total # of inputs        : 7
        Total # of product terms : 1
        List of special equations: 
            Clock  = (\ADC_SAR_Seq:clock\) => Global
            Clock Enable: True
        Main Equation            : 1 pterm
        (
              \ADC_SAR_Seq:AMuxHw_2_Decoder_is_active\ * 
              \ADC_SAR_Seq:AMuxHw_2_Decoder_old_id_5\ * 
              \ADC_SAR_Seq:AMuxHw_2_Decoder_old_id_4\ * 
              \ADC_SAR_Seq:AMuxHw_2_Decoder_old_id_3\ * 
              !\ADC_SAR_Seq:AMuxHw_2_Decoder_old_id_2\ * 
              \ADC_SAR_Seq:AMuxHw_2_Decoder_old_id_1\ * 
              !\ADC_SAR_Seq:AMuxHw_2_Decoder_old_id_0\
        );
        Output = \ADC_SAR_Seq:AMuxHw_2_Decoder_one_hot_58\ (fanout=1)

    MacroCell: Name=\ADC_SAR_Seq:AMuxHw_2_Decoder_one_hot_59\, Mode=(D-Register)
        Total # of inputs        : 7
        Total # of product terms : 1
        List of special equations: 
            Clock  = (\ADC_SAR_Seq:clock\) => Global
            Clock Enable: True
        Main Equation            : 1 pterm
        (
              \ADC_SAR_Seq:AMuxHw_2_Decoder_is_active\ * 
              \ADC_SAR_Seq:AMuxHw_2_Decoder_old_id_5\ * 
              \ADC_SAR_Seq:AMuxHw_2_Decoder_old_id_4\ * 
              \ADC_SAR_Seq:AMuxHw_2_Decoder_old_id_3\ * 
              !\ADC_SAR_Seq:AMuxHw_2_Decoder_old_id_2\ * 
              \ADC_SAR_Seq:AMuxHw_2_Decoder_old_id_1\ * 
              \ADC_SAR_Seq:AMuxHw_2_Decoder_old_id_0\
        );
        Output = \ADC_SAR_Seq:AMuxHw_2_Decoder_one_hot_59\ (fanout=1)

    MacroCell: Name=\ADC_SAR_Seq:AMuxHw_2_Decoder_one_hot_60\, Mode=(D-Register)
        Total # of inputs        : 7
        Total # of product terms : 1
        List of special equations: 
            Clock  = (\ADC_SAR_Seq:clock\) => Global
            Clock Enable: True
        Main Equation            : 1 pterm
        (
              \ADC_SAR_Seq:AMuxHw_2_Decoder_is_active\ * 
              \ADC_SAR_Seq:AMuxHw_2_Decoder_old_id_5\ * 
              \ADC_SAR_Seq:AMuxHw_2_Decoder_old_id_4\ * 
              \ADC_SAR_Seq:AMuxHw_2_Decoder_old_id_3\ * 
              \ADC_SAR_Seq:AMuxHw_2_Decoder_old_id_2\ * 
              !\ADC_SAR_Seq:AMuxHw_2_Decoder_old_id_1\ * 
              !\ADC_SAR_Seq:AMuxHw_2_Decoder_old_id_0\
        );
        Output = \ADC_SAR_Seq:AMuxHw_2_Decoder_one_hot_60\ (fanout=1)

    MacroCell: Name=\ADC_SAR_Seq:AMuxHw_2_Decoder_one_hot_61\, Mode=(D-Register)
        Total # of inputs        : 7
        Total # of product terms : 1
        List of special equations: 
            Clock  = (\ADC_SAR_Seq:clock\) => Global
            Clock Enable: True
        Main Equation            : 1 pterm
        (
              \ADC_SAR_Seq:AMuxHw_2_Decoder_is_active\ * 
              \ADC_SAR_Seq:AMuxHw_2_Decoder_old_id_5\ * 
              \ADC_SAR_Seq:AMuxHw_2_Decoder_old_id_4\ * 
              \ADC_SAR_Seq:AMuxHw_2_Decoder_old_id_3\ * 
              \ADC_SAR_Seq:AMuxHw_2_Decoder_old_id_2\ * 
              !\ADC_SAR_Seq:AMuxHw_2_Decoder_old_id_1\ * 
              \ADC_SAR_Seq:AMuxHw_2_Decoder_old_id_0\
        );
        Output = \ADC_SAR_Seq:AMuxHw_2_Decoder_one_hot_61\ (fanout=1)

    MacroCell: Name=\ADC_SAR_Seq:AMuxHw_2_Decoder_one_hot_62\, Mode=(D-Register)
        Total # of inputs        : 7
        Total # of product terms : 1
        List of special equations: 
            Clock  = (\ADC_SAR_Seq:clock\) => Global
            Clock Enable: True
        Main Equation            : 1 pterm
        (
              \ADC_SAR_Seq:AMuxHw_2_Decoder_is_active\ * 
              \ADC_SAR_Seq:AMuxHw_2_Decoder_old_id_5\ * 
              \ADC_SAR_Seq:AMuxHw_2_Decoder_old_id_4\ * 
              \ADC_SAR_Seq:AMuxHw_2_Decoder_old_id_3\ * 
              \ADC_SAR_Seq:AMuxHw_2_Decoder_old_id_2\ * 
              \ADC_SAR_Seq:AMuxHw_2_Decoder_old_id_1\ * 
              !\ADC_SAR_Seq:AMuxHw_2_Decoder_old_id_0\
        );
        Output = \ADC_SAR_Seq:AMuxHw_2_Decoder_one_hot_62\ (fanout=1)

    MacroCell: Name=\ADC_SAR_Seq:AMuxHw_2_Decoder_one_hot_63\, Mode=(D-Register)
        Total # of inputs        : 7
        Total # of product terms : 1
        List of special equations: 
            Clock  = (\ADC_SAR_Seq:clock\) => Global
            Clock Enable: True
        Main Equation            : 1 pterm
        (
              \ADC_SAR_Seq:AMuxHw_2_Decoder_is_active\ * 
              \ADC_SAR_Seq:AMuxHw_2_Decoder_old_id_5\ * 
              \ADC_SAR_Seq:AMuxHw_2_Decoder_old_id_4\ * 
              \ADC_SAR_Seq:AMuxHw_2_Decoder_old_id_3\ * 
              \ADC_SAR_Seq:AMuxHw_2_Decoder_old_id_2\ * 
              \ADC_SAR_Seq:AMuxHw_2_Decoder_old_id_1\ * 
              \ADC_SAR_Seq:AMuxHw_2_Decoder_old_id_0\
        );
        Output = \ADC_SAR_Seq:AMuxHw_2_Decoder_one_hot_63\ (fanout=1)

    MacroCell: Name=Net_4143, Mode=(D-Register)
        Total # of inputs        : 2
        Total # of product terms : 1
        List of special equations: 
            Clock  = (\ADC_SAR_Seq:clock\) => Global
            Clock Enable: PosEdge(\ADC_SAR_Seq:bSAR_SEQ:enable\)
        Main Equation            : 1 pterm
        (
              \ADC_SAR_Seq:bSAR_SEQ:bus_clk_nrq_reg\ * 
              !\ADC_SAR_Seq:bSAR_SEQ:nrq_reg\
        );
        Output = Net_4143 (fanout=3)

    MacroCell: Name=\ADC_SAR_Seq:bSAR_SEQ:bus_clk_nrq_reg\, Mode=(D-Register)
        Total # of inputs        : 3
        Total # of product terms : 2
        List of special equations: 
            Clock  = (ClockBlock_BUS_CLK) => Global
            Clock Enable: True
        Main Equation            : 2 pterms
        (
              \ADC_SAR_Seq:bSAR_SEQ:bus_clk_nrq_reg\ * !Net_4143
            + \ADC_SAR_Seq:Net_3935\
        );
        Output = \ADC_SAR_Seq:bSAR_SEQ:bus_clk_nrq_reg\ (fanout=3)

    MacroCell: Name=\ADC_SAR_Seq:bSAR_SEQ:nrq_reg\, Mode=(D-Register)
        Total # of inputs        : 1
        Total # of product terms : 1
        List of special equations: 
            Clock  = (\ADC_SAR_Seq:clock\) => Global
            Clock Enable: PosEdge(\ADC_SAR_Seq:bSAR_SEQ:enable\)
        Main Equation            : 1 pterm
        (
              \ADC_SAR_Seq:bSAR_SEQ:bus_clk_nrq_reg\
        );
        Output = \ADC_SAR_Seq:bSAR_SEQ:nrq_reg\ (fanout=1)

    MacroCell: Name=\ENGINE_DECODER:Net_1251\, Mode=(D-Register)
        Total # of inputs        : 8
        Total # of product terms : 4
        List of special equations: 
            Clock  = (Net_2319) => Global
            Clock Enable: True
        Main Equation            : 4 pterms
        (
              \ENGINE_DECODER:Net_1251\ * !\ENGINE_DECODER:Net_1260\ * 
              !\ENGINE_DECODER:bQuadDec:quad_A_filt\ * 
              !\ENGINE_DECODER:bQuadDec:error\ * 
              !\ENGINE_DECODER:bQuadDec:state_0\
            + \ENGINE_DECODER:Net_1251\ * !\ENGINE_DECODER:Net_1260\ * 
              \ENGINE_DECODER:bQuadDec:quad_A_filt\ * 
              !\ENGINE_DECODER:bQuadDec:error\ * 
              \ENGINE_DECODER:bQuadDec:state_0\
            + \ENGINE_DECODER:Net_1251\ * !\ENGINE_DECODER:Net_1260\ * 
              !\ENGINE_DECODER:bQuadDec:quad_B_filt\ * 
              !\ENGINE_DECODER:bQuadDec:error\ * 
              \ENGINE_DECODER:bQuadDec:state_1\
            + \ENGINE_DECODER:Net_1251_split\
        );
        Output = \ENGINE_DECODER:Net_1251\ (fanout=6)

    MacroCell: Name=\ENGINE_DECODER:Cnt16:CounterUDB:overflow_reg_i\, Mode=(D-Register)
        Total # of inputs        : 1
        Total # of product terms : 1
        List of special equations: 
            Clock  = (Net_2319) => Global
            Clock Enable: True
        Main Equation            : 1 pterm
        (
              \ENGINE_DECODER:Cnt16:CounterUDB:overflow\
        );
        Output = \ENGINE_DECODER:Cnt16:CounterUDB:overflow_reg_i\ (fanout=1)

    MacroCell: Name=\ENGINE_DECODER:Cnt16:CounterUDB:underflow_reg_i\, Mode=(D-Register)
        Total # of inputs        : 1
        Total # of product terms : 1
        List of special equations: 
            Clock  = (Net_2319) => Global
            Clock Enable: True
        Main Equation            : 1 pterm
        (
              \ENGINE_DECODER:Cnt16:CounterUDB:status_1\
        );
        Output = \ENGINE_DECODER:Cnt16:CounterUDB:underflow_reg_i\ (fanout=1)

    MacroCell: Name=\ENGINE_DECODER:Net_1275\, Mode=(D-Register)
        Total # of inputs        : 2
        Total # of product terms : 1
        List of special equations: 
            Clock  = (Net_2319) => Global
            Clock Enable: True
        Main Equation            : 1 pterm
        !(
              !\ENGINE_DECODER:Cnt16:CounterUDB:status_1\ * 
              !\ENGINE_DECODER:Cnt16:CounterUDB:overflow\
        );
        Output = \ENGINE_DECODER:Net_1275\ (fanout=2)

    MacroCell: Name=\ENGINE_DECODER:Cnt16:CounterUDB:prevCompare\, Mode=(D-Register)
        Total # of inputs        : 1
        Total # of product terms : 1
        List of special equations: 
            Clock  = (Net_2319) => Global
            Clock Enable: True
        Main Equation            : 1 pterm
        (
              \ENGINE_DECODER:Cnt16:CounterUDB:cmp_out_i\
        );
        Output = \ENGINE_DECODER:Cnt16:CounterUDB:prevCompare\ (fanout=3)

    MacroCell: Name=\ADC_SAR_Seq:AMuxHw_2_Decoder_is_active_split\, Mode=(Combinatorial)
        Total # of inputs        : 12
        Total # of product terms : 8
            Clock Enable: True
        Main Equation            : 8 pterms
        (
              \ADC_SAR_Seq:AMuxHw_2_Decoder_old_id_5\ * 
              !\ADC_SAR_Seq:ch_addr_5\
            + \ADC_SAR_Seq:AMuxHw_2_Decoder_old_id_4\ * 
              !\ADC_SAR_Seq:ch_addr_4\
            + \ADC_SAR_Seq:AMuxHw_2_Decoder_old_id_3\ * 
              !\ADC_SAR_Seq:ch_addr_3\
            + \ADC_SAR_Seq:AMuxHw_2_Decoder_old_id_2\ * 
              !\ADC_SAR_Seq:ch_addr_2\
            + !\ADC_SAR_Seq:AMuxHw_2_Decoder_old_id_1\ * 
              \ADC_SAR_Seq:ch_addr_1\
            + \ADC_SAR_Seq:AMuxHw_2_Decoder_old_id_1\ * 
              !\ADC_SAR_Seq:ch_addr_1\
            + !\ADC_SAR_Seq:AMuxHw_2_Decoder_old_id_0\ * 
              \ADC_SAR_Seq:ch_addr_0\
            + \ADC_SAR_Seq:AMuxHw_2_Decoder_old_id_0\ * 
              !\ADC_SAR_Seq:ch_addr_0\
        );
        Output = \ADC_SAR_Seq:AMuxHw_2_Decoder_is_active_split\ (fanout=1)

    MacroCell: Name=\ENGINE_DECODER:Cnt16:CounterUDB:count_stored_i\, Mode=(D-Register)
        Total # of inputs        : 1
        Total # of product terms : 1
        List of special equations: 
            Clock  = (Net_2319) => Global
            Clock Enable: True
        Main Equation            : 1 pterm
        (
              \ENGINE_DECODER:Net_1203\
        );
        Output = \ENGINE_DECODER:Cnt16:CounterUDB:count_stored_i\ (fanout=1)

    MacroCell: Name=\ENGINE_DECODER:Net_1203\, Mode=(D-Register)
        Total # of inputs        : 7
        Total # of product terms : 3
        List of special equations: 
            Clock  = (Net_2319) => Global
            Clock Enable: True
        Main Equation            : 3 pterms
        (
              !\ENGINE_DECODER:Net_1260\ * \ENGINE_DECODER:Net_1203\ * 
              \ENGINE_DECODER:bQuadDec:error\ * 
              !\ENGINE_DECODER:bQuadDec:state_1\ * 
              !\ENGINE_DECODER:bQuadDec:state_0\
            + !\ENGINE_DECODER:Net_1260\ * 
              !\ENGINE_DECODER:bQuadDec:quad_A_filt\ * 
              !\ENGINE_DECODER:bQuadDec:quad_B_filt\ * 
              !\ENGINE_DECODER:bQuadDec:error\ * 
              !\ENGINE_DECODER:bQuadDec:state_1\ * 
              \ENGINE_DECODER:bQuadDec:state_0\
            + !\ENGINE_DECODER:bQuadDec:quad_A_filt\ * 
              \ENGINE_DECODER:bQuadDec:quad_B_filt\ * 
              !\ENGINE_DECODER:bQuadDec:error\ * 
              !\ENGINE_DECODER:bQuadDec:state_1\ * 
              !\ENGINE_DECODER:bQuadDec:state_0\
        );
        Output = \ENGINE_DECODER:Net_1203\ (fanout=3)

    MacroCell: Name=\ENGINE_DECODER:bQuadDec:quad_A_filt\, Mode=(T-Register)
        Total # of inputs        : 4
        Total # of product terms : 2
        List of special equations: 
            Clock  = (Net_2319) => Global
            Clock Enable: True
        Main Equation            : 2 pterms
        (
              !\ENGINE_DECODER:bQuadDec:quad_A_delayed_0\ * 
              !\ENGINE_DECODER:bQuadDec:quad_A_delayed_1\ * 
              !\ENGINE_DECODER:bQuadDec:quad_A_delayed_2\ * 
              \ENGINE_DECODER:bQuadDec:quad_A_filt\
            + \ENGINE_DECODER:bQuadDec:quad_A_delayed_0\ * 
              \ENGINE_DECODER:bQuadDec:quad_A_delayed_1\ * 
              \ENGINE_DECODER:bQuadDec:quad_A_delayed_2\ * 
              !\ENGINE_DECODER:bQuadDec:quad_A_filt\
        );
        Output = \ENGINE_DECODER:bQuadDec:quad_A_filt\ (fanout=7)

    MacroCell: Name=\ENGINE_DECODER:bQuadDec:quad_B_filt\, Mode=(T-Register)
        Total # of inputs        : 4
        Total # of product terms : 2
        List of special equations: 
            Clock  = (Net_2319) => Global
            Clock Enable: True
        Main Equation            : 2 pterms
        (
              !\ENGINE_DECODER:bQuadDec:quad_B_delayed_0\ * 
              !\ENGINE_DECODER:bQuadDec:quad_B_delayed_1\ * 
              !\ENGINE_DECODER:bQuadDec:quad_B_delayed_2\ * 
              \ENGINE_DECODER:bQuadDec:quad_B_filt\
            + \ENGINE_DECODER:bQuadDec:quad_B_delayed_0\ * 
              \ENGINE_DECODER:bQuadDec:quad_B_delayed_1\ * 
              \ENGINE_DECODER:bQuadDec:quad_B_delayed_2\ * 
              !\ENGINE_DECODER:bQuadDec:quad_B_filt\
        );
        Output = \ENGINE_DECODER:bQuadDec:quad_B_filt\ (fanout=7)

    MacroCell: Name=\ENGINE_DECODER:Net_1260\, Mode=(D-Register)
        Total # of inputs        : 4
        Total # of product terms : 3
        List of special equations: 
            Clock  = (Net_2319) => Global
            Clock Enable: True
        Main Equation            : 3 pterms
        !(
              !\ENGINE_DECODER:Net_1260\ * !\ENGINE_DECODER:bQuadDec:error\
            + !\ENGINE_DECODER:Net_1260\ * !\ENGINE_DECODER:bQuadDec:state_1\ * 
              !\ENGINE_DECODER:bQuadDec:state_0\
            + !\ENGINE_DECODER:bQuadDec:error\ * 
              !\ENGINE_DECODER:bQuadDec:state_1\ * 
              !\ENGINE_DECODER:bQuadDec:state_0\
        );
        Output = \ENGINE_DECODER:Net_1260\ (fanout=10)

    MacroCell: Name=\ENGINE_DECODER:bQuadDec:error\, Mode=(D-Register)
        Total # of inputs        : 6
        Total # of product terms : 4
        List of special equations: 
            Clock  = (Net_2319) => Global
            Clock Enable: True
        Main Equation            : 4 pterms
        (
              !\ENGINE_DECODER:Net_1260\ * 
              !\ENGINE_DECODER:bQuadDec:quad_A_filt\ * 
              !\ENGINE_DECODER:bQuadDec:quad_B_filt\ * 
              !\ENGINE_DECODER:bQuadDec:error\ * 
              \ENGINE_DECODER:bQuadDec:state_1\ * 
              \ENGINE_DECODER:bQuadDec:state_0\
            + !\ENGINE_DECODER:Net_1260\ * 
              !\ENGINE_DECODER:bQuadDec:quad_A_filt\ * 
              \ENGINE_DECODER:bQuadDec:quad_B_filt\ * 
              !\ENGINE_DECODER:bQuadDec:error\ * 
              \ENGINE_DECODER:bQuadDec:state_1\ * 
              !\ENGINE_DECODER:bQuadDec:state_0\
            + !\ENGINE_DECODER:Net_1260\ * 
              \ENGINE_DECODER:bQuadDec:quad_A_filt\ * 
              !\ENGINE_DECODER:bQuadDec:quad_B_filt\ * 
              !\ENGINE_DECODER:bQuadDec:error\ * 
              !\ENGINE_DECODER:bQuadDec:state_1\ * 
              \ENGINE_DECODER:bQuadDec:state_0\
            + \ENGINE_DECODER:bQuadDec:quad_A_filt\ * 
              \ENGINE_DECODER:bQuadDec:quad_B_filt\ * 
              !\ENGINE_DECODER:bQuadDec:error\ * 
              !\ENGINE_DECODER:bQuadDec:state_1\ * 
              !\ENGINE_DECODER:bQuadDec:state_0\
        );
        Output = \ENGINE_DECODER:bQuadDec:error\ (fanout=8)

    MacroCell: Name=\ENGINE_DECODER:bQuadDec:state_1\, Mode=(D-Register)
        Total # of inputs        : 6
        Total # of product terms : 4
        List of special equations: 
            Clock  = (Net_2319) => Global
            Clock Enable: True
        Main Equation            : 4 pterms
        (
              !\ENGINE_DECODER:Net_1260\ * 
              \ENGINE_DECODER:bQuadDec:quad_A_filt\ * 
              \ENGINE_DECODER:bQuadDec:quad_B_filt\ * 
              !\ENGINE_DECODER:bQuadDec:error\ * 
              \ENGINE_DECODER:bQuadDec:state_0\
            + !\ENGINE_DECODER:Net_1260\ * 
              \ENGINE_DECODER:bQuadDec:quad_A_filt\ * 
              !\ENGINE_DECODER:bQuadDec:error\ * 
              \ENGINE_DECODER:bQuadDec:state_1\
            + !\ENGINE_DECODER:Net_1260\ * 
              \ENGINE_DECODER:bQuadDec:quad_A_filt\ * 
              \ENGINE_DECODER:bQuadDec:error\ * 
              !\ENGINE_DECODER:bQuadDec:state_1\ * 
              !\ENGINE_DECODER:bQuadDec:state_0\
            + \ENGINE_DECODER:bQuadDec:quad_A_filt\ * 
              !\ENGINE_DECODER:bQuadDec:quad_B_filt\ * 
              !\ENGINE_DECODER:bQuadDec:error\ * 
              !\ENGINE_DECODER:bQuadDec:state_1\ * 
              !\ENGINE_DECODER:bQuadDec:state_0\
        );
        Output = \ENGINE_DECODER:bQuadDec:state_1\ (fanout=7)

    MacroCell: Name=\ENGINE_DECODER:bQuadDec:state_0\, Mode=(D-Register)
        Total # of inputs        : 6
        Total # of product terms : 4
        List of special equations: 
            Clock  = (Net_2319) => Global
            Clock Enable: True
        Main Equation            : 4 pterms
        (
              !\ENGINE_DECODER:Net_1260\ * 
              \ENGINE_DECODER:bQuadDec:quad_A_filt\ * 
              \ENGINE_DECODER:bQuadDec:quad_B_filt\ * 
              !\ENGINE_DECODER:bQuadDec:error\ * 
              \ENGINE_DECODER:bQuadDec:state_1\
            + !\ENGINE_DECODER:Net_1260\ * 
              \ENGINE_DECODER:bQuadDec:quad_B_filt\ * 
              !\ENGINE_DECODER:bQuadDec:error\ * 
              \ENGINE_DECODER:bQuadDec:state_0\
            + !\ENGINE_DECODER:Net_1260\ * 
              \ENGINE_DECODER:bQuadDec:quad_B_filt\ * 
              \ENGINE_DECODER:bQuadDec:error\ * 
              !\ENGINE_DECODER:bQuadDec:state_1\ * 
              !\ENGINE_DECODER:bQuadDec:state_0\
            + !\ENGINE_DECODER:bQuadDec:quad_A_filt\ * 
              \ENGINE_DECODER:bQuadDec:quad_B_filt\ * 
              !\ENGINE_DECODER:bQuadDec:error\ * 
              !\ENGINE_DECODER:bQuadDec:state_1\ * 
              !\ENGINE_DECODER:bQuadDec:state_0\
        );
        Output = \ENGINE_DECODER:bQuadDec:state_0\ (fanout=7)

    MacroCell: Name=\ENGINE_PWM:PWMUDB:runmode_enable\, Mode=(D-Register)
        Total # of inputs        : 1
        Total # of product terms : 1
        List of special equations: 
            Clock  = (Net_2319) => Global
            Clock Enable: True
        Main Equation            : 1 pterm
        (
              \ENGINE_PWM:PWMUDB:control_7\
        );
        Output = \ENGINE_PWM:PWMUDB:runmode_enable\ (fanout=4)

    MacroCell: Name=\ENGINE_PWM:PWMUDB:prevCompare1\, Mode=(D-Register)
        Total # of inputs        : 1
        Total # of product terms : 1
        List of special equations: 
            Clock  = (Net_2319) => Global
            Clock Enable: True
        Main Equation            : 1 pterm
        (
              \ENGINE_PWM:PWMUDB:cmp1_less\
        );
        Output = \ENGINE_PWM:PWMUDB:prevCompare1\ (fanout=1)

    MacroCell: Name=\ENGINE_PWM:PWMUDB:status_0\, Mode=(D-Register)
        Total # of inputs        : 2
        Total # of product terms : 1
        List of special equations: 
            Clock  = (Net_2319) => Global
            Clock Enable: True
        Main Equation            : 1 pterm
        (
              !\ENGINE_PWM:PWMUDB:prevCompare1\ * 
              \ENGINE_PWM:PWMUDB:cmp1_less\
        );
        Output = \ENGINE_PWM:PWMUDB:status_0\ (fanout=1)

    MacroCell: Name=Net_4310, Mode=(D-Register)
        Total # of inputs        : 2
        Total # of product terms : 1
        List of special equations: 
            Clock  = (Net_2319) => Global
            Clock Enable: True
        Main Equation            : 1 pterm
        (
              \ENGINE_PWM:PWMUDB:runmode_enable\ * 
              \ENGINE_PWM:PWMUDB:cmp1_less\
        );
        Output = Net_4310 (fanout=1)
    </CYPRESSTAG>
    <CYPRESSTAG name="Datapath listing">

    ------------------------------------------------------------
    Datapath listing
    ------------------------------------------------------------

    datapathcell: Name =\UART_LOG:BUART:sTX:TxShifter:u0\
        PORT MAP (
            clock => \UART_LOG:Net_9\ ,
            cs_addr_2 => \UART_LOG:BUART:tx_state_1\ ,
            cs_addr_1 => \UART_LOG:BUART:tx_state_0\ ,
            cs_addr_0 => \UART_LOG:BUART:tx_bitclk_enable_pre\ ,
            so_comb => \UART_LOG:BUART:tx_shift_out\ ,
            f0_bus_stat_comb => \UART_LOG:BUART:tx_fifo_notfull\ ,
            f0_blk_stat_comb => \UART_LOG:BUART:tx_fifo_empty\ );
        Properties:
        {
            a0_init = "00000000"
            a1_init = "00000000"
            ce0_sync = 1
            ce1_sync = 1
            cl0_sync = 1
            cl1_sync = 1
            cmsb_sync = 1
            co_msb_sync = 1
            cy_dpconfig = "0000000000000000000000000000000000000000000000000000000011000000000000000000000000000010010000000000000000000000000000000000000011111111000000001111111111111111000000000000000001000100111100000000000000001100"
            d0_init = "00000000"
            d1_init = "00000000"
            f0_blk_sync = 1
            f0_bus_sync = 1
            f1_blk_sync = 1
            f1_bus_sync = 1
            ff0_sync = 1
            ff1_sync = 1
            ov_msb_sync = 1
            so_sync = 1
            z0_sync = 1
            z1_sync = 1
        }
        Clock Polarity: Active High
        Clock Enable: True

    datapathcell: Name =\UART_LOG:BUART:sTX:sCLOCK:TxBitClkGen\
        PORT MAP (
            clock => \UART_LOG:Net_9\ ,
            cs_addr_0 => \UART_LOG:BUART:counter_load_not\ ,
            ce0_reg => \UART_LOG:BUART:tx_bitclk_enable_pre\ ,
            ce1_reg => \UART_LOG:BUART:tx_counter_dp\ );
        Properties:
        {
            a0_init = "00000000"
            a1_init = "00000000"
            ce0_sync = 1
            ce1_sync = 1
            cl0_sync = 1
            cl1_sync = 1
            cmsb_sync = 1
            co_msb_sync = 1
            cy_dpconfig = "1010100001000000001000000100000000000000000000000000000000000000000000000000000000000000000000000000000000000000000000000000000011111111000000001111111100000111001000000100000000000101111100000000000000001000"
            d0_init = "00000000"
            d1_init = "00000000"
            f0_blk_sync = 1
            f0_bus_sync = 1
            f1_blk_sync = 1
            f1_bus_sync = 1
            ff0_sync = 1
            ff1_sync = 1
            ov_msb_sync = 1
            so_sync = 1
            z0_sync = 1
            z1_sync = 1
        }
        Clock Polarity: Active High
        Clock Enable: True

    datapathcell: Name =\UART_LOG:BUART:sRX:RxShifter:u0\
        PORT MAP (
            clock => \UART_LOG:Net_9\ ,
            cs_addr_2 => \UART_LOG:BUART:tx_ctrl_mark_last\ ,
            cs_addr_1 => \UART_LOG:BUART:rx_state_0\ ,
            cs_addr_0 => \UART_LOG:BUART:rx_bitclk_enable\ ,
            route_si => \UART_LOG:BUART:rx_postpoll\ ,
            f0_load => \UART_LOG:BUART:rx_load_fifo\ ,
            f0_bus_stat_comb => \UART_LOG:BUART:rx_fifonotempty\ ,
            f0_blk_stat_comb => \UART_LOG:BUART:rx_fifofull\ );
        Properties:
        {
            a0_init = "00000000"
            a1_init = "00000000"
            ce0_sync = 1
            ce1_sync = 1
            cl0_sync = 1
            cl1_sync = 1
            cmsb_sync = 1
            co_msb_sync = 1
            cy_dpconfig = "0000000000000000000000000000000000000000000000000000001001000000000100000000000000010000001100000001000000000000000100100001000011111111000000001111111111111111101000000110001001000001111100000000000000001100"
            d0_init = "00000000"
            d1_init = "00000000"
            f0_blk_sync = 1
            f0_bus_sync = 1
            f1_blk_sync = 1
            f1_bus_sync = 1
            ff0_sync = 1
            ff1_sync = 1
            ov_msb_sync = 1
            so_sync = 1
            z0_sync = 1
            z1_sync = 1
        }
        Clock Polarity: Active High
        Clock Enable: True

    datapathcell: Name =\UART_PSOC:BUART:sTX:TxShifter:u0\
        PORT MAP (
            clock => \UART_PSOC:Net_9\ ,
            cs_addr_2 => \UART_PSOC:BUART:tx_state_1\ ,
            cs_addr_1 => \UART_PSOC:BUART:tx_state_0\ ,
            cs_addr_0 => \UART_PSOC:BUART:tx_bitclk_enable_pre\ ,
            so_comb => \UART_PSOC:BUART:tx_shift_out\ ,
            f0_bus_stat_comb => \UART_PSOC:BUART:tx_fifo_notfull\ ,
            f0_blk_stat_comb => \UART_PSOC:BUART:tx_fifo_empty\ );
        Properties:
        {
            a0_init = "00000000"
            a1_init = "00000000"
            ce0_sync = 1
            ce1_sync = 1
            cl0_sync = 1
            cl1_sync = 1
            cmsb_sync = 1
            co_msb_sync = 1
            cy_dpconfig = "0000000000000000000000000000000000000000000000000000000011000000000000000000000000000010010000000000000000000000000000000000000011111111000000001111111111111111000000000000000001000100111100000000000000001100"
            d0_init = "00000000"
            d1_init = "00000000"
            f0_blk_sync = 1
            f0_bus_sync = 1
            f1_blk_sync = 1
            f1_bus_sync = 1
            ff0_sync = 1
            ff1_sync = 1
            ov_msb_sync = 1
            so_sync = 1
            z0_sync = 1
            z1_sync = 1
        }
        Clock Polarity: Active High
        Clock Enable: True

    datapathcell: Name =\UART_PSOC:BUART:sTX:sCLOCK:TxBitClkGen\
        PORT MAP (
            clock => \UART_PSOC:Net_9\ ,
            cs_addr_0 => \UART_PSOC:BUART:counter_load_not\ ,
            ce0_reg => \UART_PSOC:BUART:tx_bitclk_enable_pre\ ,
            ce1_reg => \UART_PSOC:BUART:tx_counter_dp\ );
        Properties:
        {
            a0_init = "00000000"
            a1_init = "00000000"
            ce0_sync = 1
            ce1_sync = 1
            cl0_sync = 1
            cl1_sync = 1
            cmsb_sync = 1
            co_msb_sync = 1
            cy_dpconfig = "1010100001000000001000000100000000000000000000000000000000000000000000000000000000000000000000000000000000000000000000000000000011111111000000001111111100000111001000000100000000000101111100000000000000001000"
            d0_init = "00000000"
            d1_init = "00000000"
            f0_blk_sync = 1
            f0_bus_sync = 1
            f1_blk_sync = 1
            f1_bus_sync = 1
            ff0_sync = 1
            ff1_sync = 1
            ov_msb_sync = 1
            so_sync = 1
            z0_sync = 1
            z1_sync = 1
        }
        Clock Polarity: Active High
        Clock Enable: True

    datapathcell: Name =\UART_PSOC:BUART:sRX:RxShifter:u0\
        PORT MAP (
            clock => \UART_PSOC:Net_9\ ,
            cs_addr_2 => \UART_PSOC:BUART:tx_ctrl_mark_last\ ,
            cs_addr_1 => \UART_PSOC:BUART:rx_state_0\ ,
            cs_addr_0 => \UART_PSOC:BUART:rx_bitclk_enable\ ,
            route_si => \UART_PSOC:BUART:rx_postpoll\ ,
            f0_load => \UART_PSOC:BUART:rx_load_fifo\ ,
            f0_bus_stat_comb => \UART_PSOC:BUART:rx_fifonotempty\ ,
            f0_blk_stat_comb => \UART_PSOC:BUART:rx_fifofull\ );
        Properties:
        {
            a0_init = "00000000"
            a1_init = "00000000"
            ce0_sync = 1
            ce1_sync = 1
            cl0_sync = 1
            cl1_sync = 1
            cmsb_sync = 1
            co_msb_sync = 1
            cy_dpconfig = "0000000000000000000000000000000000000000000000000000001001000000000100000000000000010000001100000001000000000000000100100001000011111111000000001111111111111111101000000110001001000001111100000000000000001100"
            d0_init = "00000000"
            d1_init = "00000000"
            f0_blk_sync = 1
            f0_bus_sync = 1
            f1_blk_sync = 1
            f1_bus_sync = 1
            ff0_sync = 1
            ff1_sync = 1
            ov_msb_sync = 1
            so_sync = 1
            z0_sync = 1
            z1_sync = 1
        }
        Clock Polarity: Active High
        Clock Enable: True

    datapathcell: Name =\ENGINE_DECODER:Cnt16:CounterUDB:sC16:counterdp:u0\
        PORT MAP (
            clock => Net_2319 ,
            cs_addr_2 => \ENGINE_DECODER:Net_1251\ ,
            cs_addr_1 => \ENGINE_DECODER:Cnt16:CounterUDB:count_enable\ ,
            cs_addr_0 => \ENGINE_DECODER:Cnt16:CounterUDB:reload\ ,
            chain_out => \ENGINE_DECODER:Cnt16:CounterUDB:sC16:counterdp:carry\ );
        Properties:
        {
            a0_init = "00000000"
            a1_init = "00000000"
            ce0_sync = 1
            ce1_sync = 1
            cl0_sync = 1
            cl1_sync = 1
            cmsb_sync = 1
            co_msb_sync = 1
            cy_dpconfig = "0000000001000000000000001000000001000000010000000000000010000000000000000100000000000000100000000010000001000000000000001000000011111111000000001111111111111111101000000000000000000001000000000000000000011000"
            d0_init = "00000000"
            d1_init = "00000000"
            f0_blk_sync = 1
            f0_bus_sync = 1
            f1_blk_sync = 1
            f1_bus_sync = 1
            ff0_sync = 1
            ff1_sync = 1
            ov_msb_sync = 1
            so_sync = 1
            z0_sync = 1
            z1_sync = 1
        }
        Clock Polarity: Active High
        Clock Enable: True
        Next in chain : \ENGINE_DECODER:Cnt16:CounterUDB:sC16:counterdp:u1\

    datapathcell: Name =\ENGINE_DECODER:Cnt16:CounterUDB:sC16:counterdp:u1\
        PORT MAP (
            clock => Net_2319 ,
            cs_addr_2 => \ENGINE_DECODER:Net_1251\ ,
            cs_addr_1 => \ENGINE_DECODER:Cnt16:CounterUDB:count_enable\ ,
            cs_addr_0 => \ENGINE_DECODER:Cnt16:CounterUDB:reload\ ,
            z0_comb => \ENGINE_DECODER:Cnt16:CounterUDB:status_1\ ,
            f0_comb => \ENGINE_DECODER:Cnt16:CounterUDB:overflow\ ,
            ce1_comb => \ENGINE_DECODER:Cnt16:CounterUDB:cmp_out_i\ ,
            f0_bus_stat_comb => \ENGINE_DECODER:Cnt16:CounterUDB:status_6\ ,
            f0_blk_stat_comb => \ENGINE_DECODER:Cnt16:CounterUDB:status_5\ ,
            chain_in => \ENGINE_DECODER:Cnt16:CounterUDB:sC16:counterdp:carry\ );
        Properties:
        {
            a0_init = "00000000"
            a1_init = "00000000"
            ce0_sync = 1
            ce1_sync = 1
            cl0_sync = 1
            cl1_sync = 1
            cmsb_sync = 1
            co_msb_sync = 1
            cy_dpconfig = "0000000001000000000000001000000001000000010000000000000010000000000000000100000000000000100000000010000001000000000000001000000011111111000000001111111111111111101011110000000000000001000001110000000000011000"
            d0_init = "00000000"
            d1_init = "00000000"
            f0_blk_sync = 1
            f0_bus_sync = 1
            f1_blk_sync = 1
            f1_bus_sync = 1
            ff0_sync = 1
            ff1_sync = 1
            ov_msb_sync = 1
            so_sync = 1
            z0_sync = 1
            z1_sync = 1
        }
        Clock Polarity: Active High
        Clock Enable: True
        Previous in chain : \ENGINE_DECODER:Cnt16:CounterUDB:sC16:counterdp:u0\

    datapathcell: Name =\ENGINE_PWM:PWMUDB:sP16:pwmdp:u0\
        PORT MAP (
            clock => Net_2319 ,
            cs_addr_2 => \ENGINE_PWM:PWMUDB:tc_i\ ,
            cs_addr_1 => \ENGINE_PWM:PWMUDB:runmode_enable\ ,
            chain_out => \ENGINE_PWM:PWMUDB:sP16:pwmdp:carry\ );
        Properties:
        {
            a0_init = "00000000"
            a1_init = "00000000"
            ce0_sync = 1
            ce1_sync = 1
            cl0_sync = 1
            cl1_sync = 1
            cmsb_sync = 1
            co_msb_sync = 1
            cy_dpconfig = "0000000001000000000000001100000001000000010000000000000011000000000000001100000000000000110000000000000011000000000000001100000011111111000000001111111111111111101000000000000000000100000000000000000000011000"
            d0_init = "00000000"
            d1_init = "00000000"
            f0_blk_sync = 1
            f0_bus_sync = 1
            f1_blk_sync = 1
            f1_bus_sync = 1
            ff0_sync = 1
            ff1_sync = 1
            ov_msb_sync = 1
            so_sync = 1
            z0_sync = 1
            z1_sync = 1
        }
        Clock Polarity: Active High
        Clock Enable: True
        Next in chain : \ENGINE_PWM:PWMUDB:sP16:pwmdp:u1\

    datapathcell: Name =\ENGINE_PWM:PWMUDB:sP16:pwmdp:u1\
        PORT MAP (
            clock => Net_2319 ,
            cs_addr_2 => \ENGINE_PWM:PWMUDB:tc_i\ ,
            cs_addr_1 => \ENGINE_PWM:PWMUDB:runmode_enable\ ,
            cl0_comb => \ENGINE_PWM:PWMUDB:cmp1_less\ ,
            z0_comb => \ENGINE_PWM:PWMUDB:tc_i\ ,
            f1_blk_stat_comb => \ENGINE_PWM:PWMUDB:status_3\ ,
            chain_in => \ENGINE_PWM:PWMUDB:sP16:pwmdp:carry\ );
        Properties:
        {
            a0_init = "00000000"
            a1_init = "00000000"
            ce0_sync = 1
            ce1_sync = 1
            cl0_sync = 1
            cl1_sync = 1
            cmsb_sync = 1
            co_msb_sync = 1
            cy_dpconfig = "0000000001000000000000001100000001000000010000000000000011000000000000001100000000000000110000000000000011000000000000001100000011111111000000001111111111111111101011110000000000000100000011110000000000011000"
            d0_init = "00000000"
            d1_init = "00000000"
            f0_blk_sync = 1
            f0_bus_sync = 1
            f1_blk_sync = 1
            f1_bus_sync = 1
            ff0_sync = 1
            ff1_sync = 1
            ov_msb_sync = 1
            so_sync = 1
            z0_sync = 1
            z1_sync = 1
        }
        Clock Polarity: Active High
        Clock Enable: True
        Previous in chain : \ENGINE_PWM:PWMUDB:sP16:pwmdp:u0\
    </CYPRESSTAG>
    <CYPRESSTAG name="Status register listing">

    ------------------------------------------------------------
    Status register listing
    ------------------------------------------------------------

    statuscell: Name =\EB_Status_Reg_2:sts:sts_reg\
        PORT MAP (
            status_4 => Net_4079 ,
            status_3 => Net_4078 ,
            status_2 => Net_4077 ,
            status_1 => Net_4076 ,
            status_0 => Net_4124 );
        Properties:
        {
            cy_force_order = 1
            cy_md_select = "00000000"
        }
        Clock Enable: True

    statuscell: Name =\EB_Status_Reg_1:sts:sts_reg\
        PORT MAP (
            status_4 => Net_4081 ,
            status_3 => Net_4073 ,
            status_2 => Net_4074 ,
            status_1 => Net_4075 ,
            status_0 => Net_4080 );
        Properties:
        {
            cy_force_order = 1
            cy_md_select = "00000000"
        }
        Clock Enable: True

    statuscell: Name =\ADC_SAR_Seq:bSAR_SEQ:EOCSts\
        PORT MAP (
            clock => \ADC_SAR_Seq:clock\ ,
            status_0 => Net_4143 ,
            clk_en => \ADC_SAR_Seq:bSAR_SEQ:enable\ );
        Properties:
        {
            cy_force_order = 1
            cy_md_select = "00000001"
        }
        Clock Polarity: Active High
        Clock Enable: PosEdge(\ADC_SAR_Seq:bSAR_SEQ:enable\)
    </CYPRESSTAG>
    <CYPRESSTAG name="StatusI register listing">

    ------------------------------------------------------------
    StatusI register listing
    ------------------------------------------------------------

    statusicell: Name =\UART_LOG:BUART:sTX:TxSts\
        PORT MAP (
            clock => \UART_LOG:Net_9\ ,
            status_3 => \UART_LOG:BUART:tx_fifo_notfull\ ,
            status_2 => \UART_LOG:BUART:tx_status_2\ ,
            status_1 => \UART_LOG:BUART:tx_fifo_empty\ ,
            status_0 => \UART_LOG:BUART:tx_status_0\ );
        Properties:
        {
            cy_force_order = 1
            cy_int_mask = "1111111"
            cy_md_select = "0000001"
        }
        Clock Polarity: Active High
        Clock Enable: True

    statusicell: Name =\UART_LOG:BUART:sRX:RxSts\
        PORT MAP (
            clock => \UART_LOG:Net_9\ ,
            status_5 => \UART_LOG:BUART:rx_status_5\ ,
            status_4 => \UART_LOG:BUART:rx_status_4\ ,
            status_3 => \UART_LOG:BUART:rx_status_3\ );
        Properties:
        {
            cy_force_order = 1
            cy_int_mask = "1111111"
            cy_md_select = "1011111"
        }
        Clock Polarity: Active High
        Clock Enable: True

    statusicell: Name =\UART_PSOC:BUART:sTX:TxSts\
        PORT MAP (
            clock => \UART_PSOC:Net_9\ ,
            status_3 => \UART_PSOC:BUART:tx_fifo_notfull\ ,
            status_2 => \UART_PSOC:BUART:tx_status_2\ ,
            status_1 => \UART_PSOC:BUART:tx_fifo_empty\ ,
            status_0 => \UART_PSOC:BUART:tx_status_0\ );
        Properties:
        {
            cy_force_order = 1
            cy_int_mask = "1111111"
            cy_md_select = "0000001"
        }
        Clock Polarity: Active High
        Clock Enable: True

    statusicell: Name =\UART_PSOC:BUART:sRX:RxSts\
        PORT MAP (
            clock => \UART_PSOC:Net_9\ ,
            status_5 => \UART_PSOC:BUART:rx_status_5\ ,
            status_4 => \UART_PSOC:BUART:rx_status_4\ ,
            status_3 => \UART_PSOC:BUART:rx_status_3\ );
        Properties:
        {
            cy_force_order = 1
            cy_int_mask = "1111111"
            cy_md_select = "1011111"
        }
        Clock Polarity: Active High
        Clock Enable: True

    statusicell: Name =\ENGINE_DECODER:Cnt16:CounterUDB:sSTSReg:stsreg\
        PORT MAP (
            reset => \ENGINE_DECODER:Net_1260\ ,
            clock => Net_2319 ,
            status_6 => \ENGINE_DECODER:Cnt16:CounterUDB:status_6\ ,
            status_5 => \ENGINE_DECODER:Cnt16:CounterUDB:status_5\ ,
            status_3 => \ENGINE_DECODER:Cnt16:CounterUDB:status_3\ ,
            status_2 => \ENGINE_DECODER:Cnt16:CounterUDB:status_2\ ,
            status_1 => \ENGINE_DECODER:Cnt16:CounterUDB:status_1\ ,
            status_0 => \ENGINE_DECODER:Cnt16:CounterUDB:status_0\ );
        Properties:
        {
            cy_force_order = 1
            cy_int_mask = "1111111"
            cy_md_select = "0011111"
        }
        Clock Polarity: Active High
        Clock Enable: True

    statusicell: Name =\ENGINE_DECODER:bQuadDec:Stsreg\
        PORT MAP (
            clock => Net_2319 ,
            status_3 => \ENGINE_DECODER:bQuadDec:error\ ,
            status_2 => \ENGINE_DECODER:Net_1260\ ,
            status_1 => \ENGINE_DECODER:Net_611\ ,
            status_0 => \ENGINE_DECODER:Net_530\ ,
            interrupt => Net_4286 );
        Properties:
        {
            cy_force_order = 1
            cy_int_mask = "0001111"
            cy_md_select = "0001111"
        }
        Clock Polarity: Active High
        Clock Enable: True

    statusicell: Name =\ENGINE_PWM:PWMUDB:genblk8:stsreg\
        PORT MAP (
            clock => Net_2319 ,
            status_3 => \ENGINE_PWM:PWMUDB:status_3\ ,
            status_2 => \ENGINE_PWM:PWMUDB:status_2\ ,
            status_0 => \ENGINE_PWM:PWMUDB:status_0\ );
        Properties:
        {
            cy_force_order = 1
            cy_int_mask = "1111111"
            cy_md_select = "0100111"
        }
        Clock Polarity: Active High
        Clock Enable: True
    </CYPRESSTAG>
    <CYPRESSTAG name="Sync listing">

    ------------------------------------------------------------
    Sync listing
    ------------------------------------------------------------

    synccell: Name =SCL(0)_SYNC
        PORT MAP (
            in => \I2C:Net_1109_0\ ,
            out => \I2C:Net_1109_0_SYNCOUT\ ,
            clock => ClockBlock_BUS_CLK );
        Clock Polarity: Active High
        Clock Enable: True

    synccell: Name =PSOC_RX(0)_SYNC
        PORT MAP (
            in => Net_4099 ,
            out => Net_4099_SYNCOUT ,
            clock => ClockBlock_BUS_CLK );
        Clock Polarity: Active High
        Clock Enable: True

    synccell: Name =DEBUG_RX(0)_SYNC
        PORT MAP (
            in => Net_4087 ,
            out => Net_4087_SYNCOUT ,
            clock => ClockBlock_BUS_CLK );
        Clock Polarity: Active High
        Clock Enable: True

    synccell: Name =\ADC_SAR_Seq:Sync:genblk1[0]:INST\
        PORT MAP (
            clock => ClockBlock_BUS_CLK ,
            in => \ADC_SAR_Seq:nrq\ ,
            out => \ADC_SAR_Seq:Net_3935\ );
        Clock Polarity: Active High
        Clock Enable: True

    synccell: Name =SDA(0)_SYNC
        PORT MAP (
            in => \I2C:Net_1109_1\ ,
            out => \I2C:Net_1109_1_SYNCOUT\ ,
            clock => ClockBlock_BUS_CLK );
        Clock Polarity: Active High
        Clock Enable: True
    </CYPRESSTAG>
    <CYPRESSTAG name="Control register listing">

    ------------------------------------------------------------
    Control register listing
    ------------------------------------------------------------

    controlcell: Name =\ENGINE_Direction:Sync:ctrl_reg\
        PORT MAP (
            control_7 => \ENGINE_Direction:control_7\ ,
            control_6 => \ENGINE_Direction:control_6\ ,
            control_5 => \ENGINE_Direction:control_5\ ,
            control_4 => \ENGINE_Direction:control_4\ ,
            control_3 => \ENGINE_Direction:control_3\ ,
            control_2 => \ENGINE_Direction:control_2\ ,
            control_1 => Net_4287 ,
            control_0 => Net_4290 );
        Properties:
        {
            cy_ctrl_mode_0 = "00000000"
            cy_ctrl_mode_1 = "00000000"
            cy_ext_reset = 0
            cy_force_order = 1
            cy_init_value = "00000000"
        }
        Clock Enable: True

    controlcell: Name =\ADC_SAR_Seq:bSAR_SEQ:CtrlReg\
        PORT MAP (
            clock => \ADC_SAR_Seq:clock\ ,
            control_7 => \ADC_SAR_Seq:bSAR_SEQ:control_7\ ,
            control_6 => \ADC_SAR_Seq:bSAR_SEQ:control_6\ ,
            control_5 => \ADC_SAR_Seq:bSAR_SEQ:control_5\ ,
            control_4 => \ADC_SAR_Seq:bSAR_SEQ:control_4\ ,
            control_3 => \ADC_SAR_Seq:bSAR_SEQ:control_3\ ,
            control_2 => \ADC_SAR_Seq:bSAR_SEQ:control_2\ ,
            control_1 => \ADC_SAR_Seq:bSAR_SEQ:load_period\ ,
            control_0 => \ADC_SAR_Seq:bSAR_SEQ:enable\ );
        Properties:
        {
            cy_ctrl_mode_0 = "00000111"
            cy_ctrl_mode_1 = "00000110"
            cy_ext_reset = 0
            cy_force_order = 1
            cy_init_value = "00000000"
        }
        Clock Polarity: Active High
        Clock Enable: True

    controlcell: Name =\ENGINE_DECODER:Cnt16:CounterUDB:sCTRLReg:ctrlreg\
        PORT MAP (
            clock => Net_2319 ,
            control_7 => \ENGINE_DECODER:Cnt16:CounterUDB:control_7\ ,
            control_6 => \ENGINE_DECODER:Cnt16:CounterUDB:control_6\ ,
            control_5 => \ENGINE_DECODER:Cnt16:CounterUDB:control_5\ ,
            control_4 => \ENGINE_DECODER:Cnt16:CounterUDB:control_4\ ,
            control_3 => \ENGINE_DECODER:Cnt16:CounterUDB:control_3\ ,
            control_2 => \ENGINE_DECODER:Cnt16:CounterUDB:control_2\ ,
            control_1 => \ENGINE_DECODER:Cnt16:CounterUDB:control_1\ ,
            control_0 => \ENGINE_DECODER:Cnt16:CounterUDB:control_0\ );
        Properties:
        {
            cy_ctrl_mode_0 = "11111111"
            cy_ctrl_mode_1 = "00000000"
            cy_ext_reset = 0
            cy_force_order = 1
            cy_init_value = "00000000"
        }
        Clock Polarity: Active High
        Clock Enable: True

    controlcell: Name =\ENGINE_PWM:PWMUDB:genblk1:ctrlreg\
        PORT MAP (
            clock => Net_2319 ,
            control_7 => \ENGINE_PWM:PWMUDB:control_7\ ,
            control_6 => \ENGINE_PWM:PWMUDB:control_6\ ,
            control_5 => \ENGINE_PWM:PWMUDB:control_5\ ,
            control_4 => \ENGINE_PWM:PWMUDB:control_4\ ,
            control_3 => \ENGINE_PWM:PWMUDB:control_3\ ,
            control_2 => \ENGINE_PWM:PWMUDB:control_2\ ,
            control_1 => \ENGINE_PWM:PWMUDB:control_1\ ,
            control_0 => \ENGINE_PWM:PWMUDB:control_0\ );
        Properties:
        {
            cy_ctrl_mode_0 = "11111111"
            cy_ctrl_mode_1 = "00000000"
            cy_ext_reset = 0
            cy_force_order = 1
            cy_init_value = "00000000"
        }
        Clock Polarity: Active High
        Clock Enable: True
    </CYPRESSTAG>
    <CYPRESSTAG name="Count7 listing">

    ------------------------------------------------------------
    Count7 listing
    ------------------------------------------------------------

    count7cell: Name =\UART_LOG:BUART:sRX:RxBitCounter\
        PORT MAP (
            clock => \UART_LOG:Net_9\ ,
            load => \UART_LOG:BUART:rx_counter_load\ ,
            count_6 => MODIN6_6 ,
            count_5 => MODIN6_5 ,
            count_4 => MODIN6_4 ,
            count_3 => MODIN6_3 ,
            count_2 => \UART_LOG:BUART:rx_count_2\ ,
            count_1 => \UART_LOG:BUART:rx_count_1\ ,
            count_0 => \UART_LOG:BUART:rx_count_0\ ,
            tc => \UART_LOG:BUART:rx_count7_tc\ );
        Properties:
        {
            cy_alt_mode = 0
            cy_init_value = "0000000"
            cy_period = "1110010"
            cy_route_en = 1
            cy_route_ld = 1
        }
        Clock Polarity: Active High
        Clock Enable: True

    count7cell: Name =\UART_PSOC:BUART:sRX:RxBitCounter\
        PORT MAP (
            clock => \UART_PSOC:Net_9\ ,
            load => \UART_PSOC:BUART:rx_counter_load\ ,
            count_6 => \UART_PSOC:BUART:rx_count_6\ ,
            count_5 => \UART_PSOC:BUART:rx_count_5\ ,
            count_4 => \UART_PSOC:BUART:rx_count_4\ ,
            count_3 => \UART_PSOC:BUART:rx_count_3\ ,
            count_2 => \UART_PSOC:BUART:rx_count_2\ ,
            count_1 => \UART_PSOC:BUART:rx_count_1\ ,
            count_0 => \UART_PSOC:BUART:rx_count_0\ ,
            tc => \UART_PSOC:BUART:rx_count7_tc\ );
        Properties:
        {
            cy_alt_mode = 0
            cy_init_value = "0000000"
            cy_period = "1110010"
            cy_route_en = 1
            cy_route_ld = 1
        }
        Clock Polarity: Active High
        Clock Enable: True

    count7cell: Name =\ADC_SAR_Seq:bSAR_SEQ:ChannelCounter\
        PORT MAP (
            clock => \ADC_SAR_Seq:clock\ ,
            load => \ADC_SAR_Seq:bSAR_SEQ:load_period\ ,
            enable => \ADC_SAR_Seq:bSAR_SEQ:cnt_enable\ ,
            count_6 => \ADC_SAR_Seq:bSAR_SEQ:count_6\ ,
            count_5 => \ADC_SAR_Seq:ch_addr_5\ ,
            count_4 => \ADC_SAR_Seq:ch_addr_4\ ,
            count_3 => \ADC_SAR_Seq:ch_addr_3\ ,
            count_2 => \ADC_SAR_Seq:ch_addr_2\ ,
            count_1 => \ADC_SAR_Seq:ch_addr_1\ ,
            count_0 => \ADC_SAR_Seq:ch_addr_0\ ,
            tc => \ADC_SAR_Seq:bSAR_SEQ:cnt_tc\ ,
            clk_en => \ADC_SAR_Seq:bSAR_SEQ:enable\ );
        Properties:
        {
            cy_alt_mode = 0
            cy_init_value = "0000000"
            cy_period = "0000010"
            cy_route_en = 1
            cy_route_ld = 1
        }
        Clock Polarity: Active High
        Clock Enable: PosEdge(\ADC_SAR_Seq:bSAR_SEQ:enable\)
    </CYPRESSTAG>
    <CYPRESSTAG name="DRQ listing">

    ------------------------------------------------------------
    DRQ listing
    ------------------------------------------------------------

    drqcell: Name =\ADC_SAR_Seq:TempBuf\
        PORT MAP (
            dmareq => \ADC_SAR_Seq:Net_3830\ ,
            termin => zero ,
            termout => \ADC_SAR_Seq:Net_3698\ );
        Properties:
        {
            drq_type = "00"
            num_tds = 0
        }

    drqcell: Name =\ADC_SAR_Seq:FinalBuf\
        PORT MAP (
            dmareq => \ADC_SAR_Seq:Net_3698\ ,
            termin => zero ,
            termout => \ADC_SAR_Seq:nrq\ );
        Properties:
        {
            drq_type = "00"
            num_tds = 0
        }
    </CYPRESSTAG>
    <CYPRESSTAG name="Interrupt listing">

    ------------------------------------------------------------
    Interrupt listing
    ------------------------------------------------------------

    interrupt: Name =isr_Button
        PORT MAP (
            interrupt => Net_666 );
        Properties:
        {
            int_type = "00"
            is_nmi = 0
        }

    interrupt: Name =\USBUART:dp_int\
        PORT MAP (
            interrupt => \USBUART:Net_1010\ );
        Properties:
        {
            int_type = "10"
            is_nmi = 0
        }

    interrupt: Name =\USBUART:ep_3\
        PORT MAP (
            interrupt => \USBUART:ep_int_3\ );
        Properties:
        {
            int_type = "10"
            is_nmi = 0
        }

    interrupt: Name =\USBUART:ep_2\
        PORT MAP (
            interrupt => \USBUART:ep_int_2\ );
        Properties:
        {
            int_type = "10"
            is_nmi = 0
        }

    interrupt: Name =\USBUART:ep_1\
        PORT MAP (
            interrupt => \USBUART:ep_int_1\ );
        Properties:
        {
            int_type = "10"
            is_nmi = 0
        }

    interrupt: Name =\USBUART:ep_0\
        PORT MAP (
            interrupt => \USBUART:ep_int_0\ );
        Properties:
        {
            int_type = "10"
            is_nmi = 0
        }

    interrupt: Name =\USBUART:bus_reset\
        PORT MAP (
            interrupt => \USBUART:Net_1876\ );
        Properties:
        {
            int_type = "10"
            is_nmi = 0
        }

    interrupt: Name =\USBUART:arb_int\
        PORT MAP (
            interrupt => \USBUART:Net_1889\ );
        Properties:
        {
            int_type = "10"
            is_nmi = 0
        }

    interrupt: Name =\USBUART:sof_int\
        PORT MAP (
            interrupt => Net_4130 );
        Properties:
        {
            int_type = "10"
            is_nmi = 0
        }

    interrupt: Name =\ADC_SAR_Seq:IRQ\
        PORT MAP (
            interrupt => Net_4143 );
        Properties:
        {
            int_type = "10"
            is_nmi = 0
        }

    interrupt: Name =\I2C:I2C_IRQ\
        PORT MAP (
            interrupt => \I2C:Net_697\ );
        Properties:
        {
            int_type = "00"
            is_nmi = 0
        }

    interrupt: Name =\ENGINE_DECODER:isr\
        PORT MAP (
            interrupt => Net_4286 );
        Properties:
        {
            int_type = "10"
            is_nmi = 0
        }
    </CYPRESSTAG>
</CYPRESSTAG>
<CYPRESSTAG name="Technology mapping summary" expanded>

------------------------------------------------------------
Technology mapping summary
------------------------------------------------------------

Resource Type                 : Used : Free :  Max :  % Used
============================================================
Digital Clocks                :    5 :    3 :    8 : 62.50 %
Analog Clocks                 :    0 :    4 :    4 :  0.00 %
CapSense Buffers              :    0 :    2 :    2 :  0.00 %
Digital Filter Block          :    0 :    1 :    1 :  0.00 %
Interrupts                    :   12 :   20 :   32 : 37.50 %
IO                            :   36 :   12 :   48 : 75.00 %
Segment LCD                   :    0 :    1 :    1 :  0.00 %
CAN 2.0b                      :    0 :    1 :    1 :  0.00 %
I2C                           :    1 :    0 :    1 : 100.00 %
USB                           :    1 :    0 :    1 : 100.00 %
DMA Channels                  :    2 :   22 :   24 :  8.33 %
Timer                         :    0 :    4 :    4 :  0.00 %
UDB                           :      :      :      :        
  Macrocells                  :  157 :   35 :  192 : 81.77 %
  Unique P-terms              :  232 :  152 :  384 : 60.42 %
  Total P-terms               :  252 :      :      :        
  Datapath Cells              :   10 :   14 :   24 : 41.67 %
  Status Cells                :   15 :    9 :   24 : 62.50 %
    Status Registers          :    3 :      :      :        
    StatusI Registers         :    7 :      :      :        
    Sync Cells (x5)           :    2 :      :      :        
    Routed Count7 Load/Enable :    3 :      :      :        
  Control Cells               :    7 :   17 :   24 : 29.17 %
    Control Registers         :    4 :      :      :        
    Count7 Cells              :    3 :      :      :        
Opamp                         :    0 :    4 :    4 :  0.00 %
Comparator                    :    0 :    4 :    4 :  0.00 %
Delta-Sigma ADC               :    0 :    1 :    1 :  0.00 %
LPF                           :    0 :    2 :    2 :  0.00 %
SAR ADC                       :    1 :    1 :    2 : 50.00 %
Analog (SC/CT) Blocks         :    0 :    4 :    4 :  0.00 %
DAC                           :      :      :      :        
  VIDAC                       :    0 :    4 :    4 :  0.00 %
</CYPRESSTAG>
Technology Mapping: Elapsed time ==> 0s.442ms
Tech Mapping phase: Elapsed time ==> 0s.507ms
</CYPRESSTAG>
<CYPRESSTAG name="Analog Placement">
Info: apr.M0002: Analog signal "Net_4146" is connected to one terminal only. (App=cydsfit)
Info: apr.M0002: Analog signal "Net_4148" is connected to one terminal only. (App=cydsfit)
Info: apr.M0002: Analog signal "Net_4150" is connected to one terminal only. (App=cydsfit)
Info: apr.M0002: Analog signal "Net_4151" is connected to one terminal only. (App=cydsfit)
Info: apr.M0002: Analog signal "Net_4153" is connected to one terminal only. (App=cydsfit)
Info: apr.M0002: Analog signal "Net_4155" is connected to one terminal only. (App=cydsfit)
Info: apr.M0002: Analog signal "Net_4156" is connected to one terminal only. (App=cydsfit)
Info: apr.M0002: Analog signal "Net_4158" is connected to one terminal only. (App=cydsfit)
Info: apr.M0002: Analog signal "Net_4160" is connected to one terminal only. (App=cydsfit)
Info: apr.M0002: Analog signal "Net_4161" is connected to one terminal only. (App=cydsfit)
Info: apr.M0002: Analog signal "Net_4163" is connected to one terminal only. (App=cydsfit)
Info: apr.M0002: Analog signal "Net_4165" is connected to one terminal only. (App=cydsfit)
Info: apr.M0002: Analog signal "Net_4166" is connected to one terminal only. (App=cydsfit)
Info: apr.M0002: Analog signal "Net_4168" is connected to one terminal only. (App=cydsfit)
Info: apr.M0002: Analog signal "Net_4170" is connected to one terminal only. (App=cydsfit)
Info: apr.M0002: Analog signal "Net_4171" is connected to one terminal only. (App=cydsfit)
Info: apr.M0002: Analog signal "Net_4173" is connected to one terminal only. (App=cydsfit)
Info: apr.M0002: Analog signal "Net_4175" is connected to one terminal only. (App=cydsfit)
Info: apr.M0002: Analog signal "Net_4176" is connected to one terminal only. (App=cydsfit)
Info: apr.M0002: Analog signal "Net_4178" is connected to one terminal only. (App=cydsfit)
Info: apr.M0002: Analog signal "Net_4180" is connected to one terminal only. (App=cydsfit)
Info: apr.M0002: Analog signal "Net_4181" is connected to one terminal only. (App=cydsfit)
Info: apr.M0002: Analog signal "Net_4183" is connected to one terminal only. (App=cydsfit)
Info: apr.M0002: Analog signal "Net_4185" is connected to one terminal only. (App=cydsfit)
Info: apr.M0002: Analog signal "Net_4186" is connected to one terminal only. (App=cydsfit)
Info: apr.M0002: Analog signal "Net_4188" is connected to one terminal only. (App=cydsfit)
Info: apr.M0002: Analog signal "Net_4190" is connected to one terminal only. (App=cydsfit)
Info: apr.M0002: Analog signal "Net_4191" is connected to one terminal only. (App=cydsfit)
Info: apr.M0002: Analog signal "Net_4193" is connected to one terminal only. (App=cydsfit)
Info: apr.M0002: Analog signal "Net_4195" is connected to one terminal only. (App=cydsfit)
Info: apr.M0002: Analog signal "Net_4196" is connected to one terminal only. (App=cydsfit)
Info: apr.M0002: Analog signal "Net_4198" is connected to one terminal only. (App=cydsfit)
Info: apr.M0002: Analog signal "Net_4200" is connected to one terminal only. (App=cydsfit)
Info: apr.M0002: Analog signal "Net_4201" is connected to one terminal only. (App=cydsfit)
Info: apr.M0002: Analog signal "Net_4203" is connected to one terminal only. (App=cydsfit)
Info: apr.M0002: Analog signal "Net_4205" is connected to one terminal only. (App=cydsfit)
Info: apr.M0002: Analog signal "Net_4206" is connected to one terminal only. (App=cydsfit)
Info: apr.M0002: Analog signal "Net_4208" is connected to one terminal only. (App=cydsfit)
Info: apr.M0002: Analog signal "Net_4210" is connected to one terminal only. (App=cydsfit)
Info: apr.M0002: Analog signal "Net_4211" is connected to one terminal only. (App=cydsfit)
Info: apr.M0002: Analog signal "Net_4213" is connected to one terminal only. (App=cydsfit)
Info: apr.M0002: Analog signal "Net_4215" is connected to one terminal only. (App=cydsfit)
Info: apr.M0002: Analog signal "Net_4216" is connected to one terminal only. (App=cydsfit)
Info: apr.M0002: Analog signal "Net_4218" is connected to one terminal only. (App=cydsfit)
Info: apr.M0002: Analog signal "Net_4220" is connected to one terminal only. (App=cydsfit)
Info: apr.M0002: Analog signal "Net_4221" is connected to one terminal only. (App=cydsfit)
Info: apr.M0002: Analog signal "Net_4222" is connected to one terminal only. (App=cydsfit)
Info: apr.M0002: Analog signal "Net_4223" is connected to one terminal only. (App=cydsfit)
Info: apr.M0002: Analog signal "Net_4224" is connected to one terminal only. (App=cydsfit)
Info: apr.M0002: Analog signal "Net_4225" is connected to one terminal only. (App=cydsfit)
Info: apr.M0002: Analog signal "Net_4226" is connected to one terminal only. (App=cydsfit)
Info: apr.M0002: Analog signal "Net_4227" is connected to one terminal only. (App=cydsfit)
Info: apr.M0002: Analog signal "Net_4228" is connected to one terminal only. (App=cydsfit)
Info: apr.M0002: Analog signal "Net_4229" is connected to one terminal only. (App=cydsfit)
Info: apr.M0002: Analog signal "Net_4230" is connected to one terminal only. (App=cydsfit)
Info: apr.M0002: Analog signal "Net_4231" is connected to one terminal only. (App=cydsfit)
Info: apr.M0002: Analog signal "Net_4232" is connected to one terminal only. (App=cydsfit)
Info: apr.M0002: Analog signal "Net_4233" is connected to one terminal only. (App=cydsfit)
Info: apr.M0002: Analog signal "Net_4234" is connected to one terminal only. (App=cydsfit)
Info: apr.M0002: Analog signal "Net_4235" is connected to one terminal only. (App=cydsfit)
Info: apr.M0002: Analog signal "Net_4236" is connected to one terminal only. (App=cydsfit)
Initial Analog Placement Results:
IO_4@[IOP=(0)][IoId=(4)] : AnalogIN_1(0) (fixed)
IO_5@[IOP=(0)][IoId=(5)] : AnalogIN_2(0) (fixed)
IO_6@[IOP=(0)][IoId=(6)] : AnalogIN_3(0) (fixed)
IO_0@[IOP=(0)][IoId=(0)] : BUTTON_1(0) (fixed)
IO_1@[IOP=(0)][IoId=(1)] : BUTTON_2(0) (fixed)
IO_2@[IOP=(0)][IoId=(2)] : BUTTON_3(0) (fixed)
IO_3@[IOP=(0)][IoId=(3)] : BUTTON_4(0) (fixed)
IO_6@[IOP=(12)][IoId=(6)] : DEBUG_RX(0) (fixed)
IO_7@[IOP=(12)][IoId=(7)] : DEBUG_TX(0) (fixed)
IO_2@[IOP=(3)][IoId=(2)] : EB_1(0) (fixed)
IO_3@[IOP=(15)][IoId=(3)] : EB_10(0) (fixed)
IO_3@[IOP=(3)][IoId=(3)] : EB_2(0) (fixed)
IO_4@[IOP=(3)][IoId=(4)] : EB_3(0) (fixed)
IO_5@[IOP=(3)][IoId=(5)] : EB_4(0) (fixed)
IO_6@[IOP=(3)][IoId=(6)] : EB_5(0) (fixed)
IO_7@[IOP=(3)][IoId=(7)] : EB_6(0) (fixed)
IO_0@[IOP=(15)][IoId=(0)] : EB_7(0) (fixed)
IO_1@[IOP=(15)][IoId=(1)] : EB_8(0) (fixed)
IO_2@[IOP=(15)][IoId=(2)] : EB_9(0) (fixed)
IO_0@[IOP=(2)][IoId=(0)] : LED_1(0) (fixed)
IO_2@[IOP=(1)][IoId=(2)] : LED_2(0) (fixed)
IO_7@[IOP=(2)][IoId=(7)] : LED_3(0) (fixed)
IO_4@[IOP=(12)][IoId=(4)] : LED_4(0) (fixed)
IO_2@[IOP=(12)][IoId=(2)] : PSOC_RX(0) (fixed)
IO_3@[IOP=(12)][IoId=(3)] : PSOC_TX(0) (fixed)
IO_5@[IOP=(1)][IoId=(5)] : Pin_Encoder_A(0) (fixed)
IO_4@[IOP=(1)][IoId=(4)] : Pin_Encoder_B(0) (fixed)
IO_3@[IOP=(2)][IoId=(3)] : Pin_Engine_Mode_1(0) (fixed)
IO_4@[IOP=(2)][IoId=(4)] : Pin_Engine_Mode_2(0) (fixed)
IO_5@[IOP=(2)][IoId=(5)] : Pin_Engine_PWM(0) (fixed)
IO_0@[IOP=(3)][IoId=(0)] : Pin_Safe_1(0) (fixed)
IO_1@[IOP=(3)][IoId=(1)] : Pin_Safe_2(0) (fixed)
IO_0@[IOP=(12)][IoId=(0)] : SCL(0) (fixed)
IO_1@[IOP=(12)][IoId=(1)] : SDA(0) (fixed)
IO_7@[IOP=(15)][IoId=(7)] : \USBUART:Dm(0)\ (fixed)
IO_6@[IOP=(15)][IoId=(6)] : \USBUART:Dp(0)\ (fixed)
SAR[1]@[FFB(SAR,1)] : \ADC_SAR_Seq:SAR:ADC_SAR\
Vref[13]@[FFB(Vref,13)] : \ADC_SAR_Seq:SAR:vRef_Vdda_1\
USB[0]@[FFB(USB,0)] : \USBUART:USB\
Log: apr.M0058: The analog placement iterative improvement is 48% done. (App=cydsfit)
Analog Placement Results:
IO_4@[IOP=(0)][IoId=(4)] : AnalogIN_1(0) (fixed)
IO_5@[IOP=(0)][IoId=(5)] : AnalogIN_2(0) (fixed)
IO_6@[IOP=(0)][IoId=(6)] : AnalogIN_3(0) (fixed)
IO_0@[IOP=(0)][IoId=(0)] : BUTTON_1(0) (fixed)
IO_1@[IOP=(0)][IoId=(1)] : BUTTON_2(0) (fixed)
IO_2@[IOP=(0)][IoId=(2)] : BUTTON_3(0) (fixed)
IO_3@[IOP=(0)][IoId=(3)] : BUTTON_4(0) (fixed)
IO_6@[IOP=(12)][IoId=(6)] : DEBUG_RX(0) (fixed)
IO_7@[IOP=(12)][IoId=(7)] : DEBUG_TX(0) (fixed)
IO_2@[IOP=(3)][IoId=(2)] : EB_1(0) (fixed)
IO_3@[IOP=(15)][IoId=(3)] : EB_10(0) (fixed)
IO_3@[IOP=(3)][IoId=(3)] : EB_2(0) (fixed)
IO_4@[IOP=(3)][IoId=(4)] : EB_3(0) (fixed)
IO_5@[IOP=(3)][IoId=(5)] : EB_4(0) (fixed)
IO_6@[IOP=(3)][IoId=(6)] : EB_5(0) (fixed)
IO_7@[IOP=(3)][IoId=(7)] : EB_6(0) (fixed)
IO_0@[IOP=(15)][IoId=(0)] : EB_7(0) (fixed)
IO_1@[IOP=(15)][IoId=(1)] : EB_8(0) (fixed)
IO_2@[IOP=(15)][IoId=(2)] : EB_9(0) (fixed)
IO_0@[IOP=(2)][IoId=(0)] : LED_1(0) (fixed)
IO_2@[IOP=(1)][IoId=(2)] : LED_2(0) (fixed)
IO_7@[IOP=(2)][IoId=(7)] : LED_3(0) (fixed)
IO_4@[IOP=(12)][IoId=(4)] : LED_4(0) (fixed)
IO_2@[IOP=(12)][IoId=(2)] : PSOC_RX(0) (fixed)
IO_3@[IOP=(12)][IoId=(3)] : PSOC_TX(0) (fixed)
IO_5@[IOP=(1)][IoId=(5)] : Pin_Encoder_A(0) (fixed)
IO_4@[IOP=(1)][IoId=(4)] : Pin_Encoder_B(0) (fixed)
IO_3@[IOP=(2)][IoId=(3)] : Pin_Engine_Mode_1(0) (fixed)
IO_4@[IOP=(2)][IoId=(4)] : Pin_Engine_Mode_2(0) (fixed)
IO_5@[IOP=(2)][IoId=(5)] : Pin_Engine_PWM(0) (fixed)
IO_0@[IOP=(3)][IoId=(0)] : Pin_Safe_1(0) (fixed)
IO_1@[IOP=(3)][IoId=(1)] : Pin_Safe_2(0) (fixed)
IO_0@[IOP=(12)][IoId=(0)] : SCL(0) (fixed)
IO_1@[IOP=(12)][IoId=(1)] : SDA(0) (fixed)
IO_7@[IOP=(15)][IoId=(7)] : \USBUART:Dm(0)\ (fixed)
IO_6@[IOP=(15)][IoId=(6)] : \USBUART:Dp(0)\ (fixed)
SAR[0]@[FFB(SAR,0)] : \ADC_SAR_Seq:SAR:ADC_SAR\
Vref[13]@[FFB(Vref,13)] : \ADC_SAR_Seq:SAR:vRef_Vdda_1\
USB[0]@[FFB(USB,0)] : \USBUART:USB\

Analog Placement phase: Elapsed time ==> 1s.938ms
</CYPRESSTAG>
<CYPRESSTAG name="Analog Routing">
Analog Routing phase: Elapsed time ==> 0s.002ms
</CYPRESSTAG>
<CYPRESSTAG name="Analog Code Generation">
============ Analog Final Answer Routes ============
Dump of CyAnalogRoutingResultsDB
Map of net to items {
  Net: \ADC_SAR_Seq:Net_2803\ {
    sar_0_vplus
  }
  Net: Net_4138 {
    p0_4
  }
  Net: Net_4144 {
    p0_5
  }
  Net: Net_4139 {
    p0_6
  }
  Net: Net_4146 {
  }
  Net: Net_4148 {
  }
  Net: Net_4150 {
  }
  Net: Net_4151 {
  }
  Net: Net_4153 {
  }
  Net: Net_4155 {
  }
  Net: Net_4156 {
  }
  Net: Net_4158 {
  }
  Net: Net_4160 {
  }
  Net: Net_4161 {
  }
  Net: Net_4163 {
  }
  Net: Net_4165 {
  }
  Net: Net_4166 {
  }
  Net: Net_4168 {
  }
  Net: Net_4170 {
  }
  Net: Net_4171 {
  }
  Net: Net_4173 {
  }
  Net: Net_4175 {
  }
  Net: Net_4176 {
  }
  Net: Net_4178 {
  }
  Net: Net_4180 {
  }
  Net: Net_4181 {
  }
  Net: Net_4183 {
  }
  Net: Net_4185 {
  }
  Net: Net_4186 {
  }
  Net: Net_4188 {
  }
  Net: Net_4190 {
  }
  Net: Net_4191 {
  }
  Net: Net_4193 {
  }
  Net: Net_4195 {
  }
  Net: Net_4196 {
  }
  Net: Net_4198 {
  }
  Net: Net_4200 {
  }
  Net: Net_4201 {
  }
  Net: Net_4203 {
  }
  Net: Net_4205 {
  }
  Net: Net_4206 {
  }
  Net: Net_4208 {
  }
  Net: Net_4210 {
  }
  Net: Net_4211 {
  }
  Net: Net_4213 {
  }
  Net: Net_4215 {
  }
  Net: Net_4216 {
  }
  Net: Net_4218 {
  }
  Net: Net_4220 {
  }
  Net: Net_4221 {
  }
  Net: Net_4222 {
  }
  Net: Net_4223 {
  }
  Net: Net_4224 {
  }
  Net: Net_4225 {
  }
  Net: Net_4226 {
  }
  Net: Net_4227 {
  }
  Net: Net_4228 {
  }
  Net: Net_4229 {
  }
  Net: Net_4230 {
  }
  Net: Net_4231 {
  }
  Net: Net_4232 {
  }
  Net: Net_4233 {
  }
  Net: Net_4234 {
  }
  Net: Net_4235 {
  }
  Net: Net_4236 {
  }
  Net: \ADC_SAR_Seq:SAR:Net_126\ {
    sar_0_vrefhi
    sar_0_vminus_x_sar_0_vrefhi
    sar_0_vminus
  }
  Net: \ADC_SAR_Seq:SAR:Net_209\ {
  }
  Net: \ADC_SAR_Seq:SAR:Net_235\ {
    common_sar_vref_vdda/2
    common_sar_vref_vdda/2_x_sar_0_vref_vdda_vdda_2
    sar_0_vref_vdda_vdda_2
    sar_0_vref_x_sar_0_vref_vdda_vdda_2
    sar_0_vref
  }
  Net: AmuxNet::\ADC_SAR_Seq:AMuxHw_2\ {
    sar_0_vplus
    agl4_x_sar_0_vplus
    agl4
    agl4_x_p0_4
    agl6_x_sar_0_vplus
    agl6
    agl6_x_p0_6
    agl5_x_sar_0_vplus
    agl5
    agl5_x_p0_5
    p0_4
    p0_6
    p0_5
  }
}
Map of item to net {
  sar_0_vrefhi                                     -> \ADC_SAR_Seq:SAR:Net_126\
  sar_0_vminus_x_sar_0_vrefhi                      -> \ADC_SAR_Seq:SAR:Net_126\
  sar_0_vminus                                     -> \ADC_SAR_Seq:SAR:Net_126\
  common_sar_vref_vdda/2                           -> \ADC_SAR_Seq:SAR:Net_235\
  common_sar_vref_vdda/2_x_sar_0_vref_vdda_vdda_2  -> \ADC_SAR_Seq:SAR:Net_235\
  sar_0_vref_vdda_vdda_2                           -> \ADC_SAR_Seq:SAR:Net_235\
  sar_0_vref_x_sar_0_vref_vdda_vdda_2              -> \ADC_SAR_Seq:SAR:Net_235\
  sar_0_vref                                       -> \ADC_SAR_Seq:SAR:Net_235\
  sar_0_vplus                                      -> \ADC_SAR_Seq:Net_2803\
  p0_4                                             -> Net_4138
  p0_5                                             -> Net_4144
  p0_6                                             -> Net_4139
  agl4_x_sar_0_vplus                               -> AmuxNet::\ADC_SAR_Seq:AMuxHw_2\
  agl4                                             -> AmuxNet::\ADC_SAR_Seq:AMuxHw_2\
  agl4_x_p0_4                                      -> AmuxNet::\ADC_SAR_Seq:AMuxHw_2\
  agl6_x_sar_0_vplus                               -> AmuxNet::\ADC_SAR_Seq:AMuxHw_2\
  agl6                                             -> AmuxNet::\ADC_SAR_Seq:AMuxHw_2\
  agl6_x_p0_6                                      -> AmuxNet::\ADC_SAR_Seq:AMuxHw_2\
  agl5_x_sar_0_vplus                               -> AmuxNet::\ADC_SAR_Seq:AMuxHw_2\
  agl5                                             -> AmuxNet::\ADC_SAR_Seq:AMuxHw_2\
  agl5_x_p0_5                                      -> AmuxNet::\ADC_SAR_Seq:AMuxHw_2\
}
Mux Info {
  Mux: \ADC_SAR_Seq:AMuxHw_2\ {
     Mouth: \ADC_SAR_Seq:Net_2803\
     Guts:  AmuxNet::\ADC_SAR_Seq:AMuxHw_2\
     IsSingleSwitching: False
     IsStaticSwitching: True
     IsAtMostOneSwitch: True
    Arm: 0 {
      Net:   Net_4138
      Outer: agl4_x_p0_4
      Inner: agl4_x_sar_0_vplus
      Path {
        p0_4
        agl4_x_p0_4
        agl4
        agl4_x_sar_0_vplus
        sar_0_vplus
      }
    }
    Arm: 1 {
      Net:   Net_4144
      Outer: agl5_x_p0_5
      Inner: agl5_x_sar_0_vplus
      Path {
        p0_5
        agl5_x_p0_5
        agl5
        agl5_x_sar_0_vplus
        sar_0_vplus
      }
    }
    Arm: 2 {
      Net:   Net_4139
      Outer: agl6_x_p0_6
      Inner: agl6_x_sar_0_vplus
      Path {
        p0_6
        agl6_x_p0_6
        agl6
        agl6_x_sar_0_vplus
        sar_0_vplus
      }
    }
    Arm: 3 {
      Net:   Net_4146
      Outer: __open__
      Inner: __open__
      Path {
      }
    }
    Arm: 4 {
      Net:   Net_4148
      Outer: __open__
      Inner: __open__
      Path {
      }
    }
    Arm: 5 {
      Net:   Net_4150
      Outer: __open__
      Inner: __open__
      Path {
      }
    }
    Arm: 6 {
      Net:   Net_4151
      Outer: __open__
      Inner: __open__
      Path {
      }
    }
    Arm: 7 {
      Net:   Net_4153
      Outer: __open__
      Inner: __open__
      Path {
      }
    }
    Arm: 8 {
      Net:   Net_4155
      Outer: __open__
      Inner: __open__
      Path {
      }
    }
    Arm: 9 {
      Net:   Net_4156
      Outer: __open__
      Inner: __open__
      Path {
      }
    }
    Arm: 10 {
      Net:   Net_4158
      Outer: __open__
      Inner: __open__
      Path {
      }
    }
    Arm: 11 {
      Net:   Net_4160
      Outer: __open__
      Inner: __open__
      Path {
      }
    }
    Arm: 12 {
      Net:   Net_4161
      Outer: __open__
      Inner: __open__
      Path {
      }
    }
    Arm: 13 {
      Net:   Net_4163
      Outer: __open__
      Inner: __open__
      Path {
      }
    }
    Arm: 14 {
      Net:   Net_4165
      Outer: __open__
      Inner: __open__
      Path {
      }
    }
    Arm: 15 {
      Net:   Net_4166
      Outer: __open__
      Inner: __open__
      Path {
      }
    }
    Arm: 16 {
      Net:   Net_4168
      Outer: __open__
      Inner: __open__
      Path {
      }
    }
    Arm: 17 {
      Net:   Net_4170
      Outer: __open__
      Inner: __open__
      Path {
      }
    }
    Arm: 18 {
      Net:   Net_4171
      Outer: __open__
      Inner: __open__
      Path {
      }
    }
    Arm: 19 {
      Net:   Net_4173
      Outer: __open__
      Inner: __open__
      Path {
      }
    }
    Arm: 20 {
      Net:   Net_4175
      Outer: __open__
      Inner: __open__
      Path {
      }
    }
    Arm: 21 {
      Net:   Net_4176
      Outer: __open__
      Inner: __open__
      Path {
      }
    }
    Arm: 22 {
      Net:   Net_4178
      Outer: __open__
      Inner: __open__
      Path {
      }
    }
    Arm: 23 {
      Net:   Net_4180
      Outer: __open__
      Inner: __open__
      Path {
      }
    }
    Arm: 24 {
      Net:   Net_4181
      Outer: __open__
      Inner: __open__
      Path {
      }
    }
    Arm: 25 {
      Net:   Net_4183
      Outer: __open__
      Inner: __open__
      Path {
      }
    }
    Arm: 26 {
      Net:   Net_4185
      Outer: __open__
      Inner: __open__
      Path {
      }
    }
    Arm: 27 {
      Net:   Net_4186
      Outer: __open__
      Inner: __open__
      Path {
      }
    }
    Arm: 28 {
      Net:   Net_4188
      Outer: __open__
      Inner: __open__
      Path {
      }
    }
    Arm: 29 {
      Net:   Net_4190
      Outer: __open__
      Inner: __open__
      Path {
      }
    }
    Arm: 30 {
      Net:   Net_4191
      Outer: __open__
      Inner: __open__
      Path {
      }
    }
    Arm: 31 {
      Net:   Net_4193
      Outer: __open__
      Inner: __open__
      Path {
      }
    }
    Arm: 32 {
      Net:   Net_4195
      Outer: __open__
      Inner: __open__
      Path {
      }
    }
    Arm: 33 {
      Net:   Net_4196
      Outer: __open__
      Inner: __open__
      Path {
      }
    }
    Arm: 34 {
      Net:   Net_4198
      Outer: __open__
      Inner: __open__
      Path {
      }
    }
    Arm: 35 {
      Net:   Net_4200
      Outer: __open__
      Inner: __open__
      Path {
      }
    }
    Arm: 36 {
      Net:   Net_4201
      Outer: __open__
      Inner: __open__
      Path {
      }
    }
    Arm: 37 {
      Net:   Net_4203
      Outer: __open__
      Inner: __open__
      Path {
      }
    }
    Arm: 38 {
      Net:   Net_4205
      Outer: __open__
      Inner: __open__
      Path {
      }
    }
    Arm: 39 {
      Net:   Net_4206
      Outer: __open__
      Inner: __open__
      Path {
      }
    }
    Arm: 40 {
      Net:   Net_4208
      Outer: __open__
      Inner: __open__
      Path {
      }
    }
    Arm: 41 {
      Net:   Net_4210
      Outer: __open__
      Inner: __open__
      Path {
      }
    }
    Arm: 42 {
      Net:   Net_4211
      Outer: __open__
      Inner: __open__
      Path {
      }
    }
    Arm: 43 {
      Net:   Net_4213
      Outer: __open__
      Inner: __open__
      Path {
      }
    }
    Arm: 44 {
      Net:   Net_4215
      Outer: __open__
      Inner: __open__
      Path {
      }
    }
    Arm: 45 {
      Net:   Net_4216
      Outer: __open__
      Inner: __open__
      Path {
      }
    }
    Arm: 46 {
      Net:   Net_4218
      Outer: __open__
      Inner: __open__
      Path {
      }
    }
    Arm: 47 {
      Net:   Net_4220
      Outer: __open__
      Inner: __open__
      Path {
      }
    }
    Arm: 48 {
      Net:   Net_4221
      Outer: __open__
      Inner: __open__
      Path {
      }
    }
    Arm: 49 {
      Net:   Net_4222
      Outer: __open__
      Inner: __open__
      Path {
      }
    }
    Arm: 50 {
      Net:   Net_4223
      Outer: __open__
      Inner: __open__
      Path {
      }
    }
    Arm: 51 {
      Net:   Net_4224
      Outer: __open__
      Inner: __open__
      Path {
      }
    }
    Arm: 52 {
      Net:   Net_4225
      Outer: __open__
      Inner: __open__
      Path {
      }
    }
    Arm: 53 {
      Net:   Net_4226
      Outer: __open__
      Inner: __open__
      Path {
      }
    }
    Arm: 54 {
      Net:   Net_4227
      Outer: __open__
      Inner: __open__
      Path {
      }
    }
    Arm: 55 {
      Net:   Net_4228
      Outer: __open__
      Inner: __open__
      Path {
      }
    }
    Arm: 56 {
      Net:   Net_4229
      Outer: __open__
      Inner: __open__
      Path {
      }
    }
    Arm: 57 {
      Net:   Net_4230
      Outer: __open__
      Inner: __open__
      Path {
      }
    }
    Arm: 58 {
      Net:   Net_4231
      Outer: __open__
      Inner: __open__
      Path {
      }
    }
    Arm: 59 {
      Net:   Net_4232
      Outer: __open__
      Inner: __open__
      Path {
      }
    }
    Arm: 60 {
      Net:   Net_4233
      Outer: __open__
      Inner: __open__
      Path {
      }
    }
    Arm: 61 {
      Net:   Net_4234
      Outer: __open__
      Inner: __open__
      Path {
      }
    }
    Arm: 62 {
      Net:   Net_4235
      Outer: __open__
      Inner: __open__
      Path {
      }
    }
    Arm: 63 {
      Net:   Net_4236
      Outer: __open__
      Inner: __open__
      Path {
      }
    }
  }
}
Dump of CyP35AnalogRoutingResultsDB
IsVddaHalfUsedForComp = False
IsVddaHalfUsedForSar0 = True
IsVddaHalfUsedForSar1 = False
Analog Code Generation phase: Elapsed time ==> 0s.220ms
</CYPRESSTAG>
<CYPRESSTAG name="Digital Placement">
<CYPRESSTAG name="Detailed placement messages">
I2076: Total run-time: 4.6 sec.

</CYPRESSTAG>
<CYPRESSTAG name="PLD Packing">
<CYPRESSTAG name="PLD Packing Summary" expanded>

------------------------------------------------------------
PLD Packing Summary
------------------------------------------------------------
            Resource Type : Used : Free :  Max :  % Used
    ====================================================
                     PLDs :   47 :    1 :   48 :  97.92%

<CYPRESSTAG name="PLD Statistics">

        PLD Resource Type :     Average/LAB
    =======================================
                   Inputs :            7.98
                   Pterms :            5.13
               Macrocells :            3.34
</CYPRESSTAG>
<CYPRESSTAG name="Packed PLD Contents">
Packed PLD Contents not displayed at this verbose level.</CYPRESSTAG>
</CYPRESSTAG>
PLD Packing: Elapsed time ==> 0s.002ms
</CYPRESSTAG>
<CYPRESSTAG name="Partitioning">
<CYPRESSTAG name="Initial Partitioning Summary">
Initial Partitioning Summary not displayed at this verbose level.</CYPRESSTAG>
<CYPRESSTAG name="Final Partitioning Summary">
Final Partitioning Summary not displayed at this verbose level.</CYPRESSTAG>
Partitioning: Elapsed time ==> 0s.226ms
</CYPRESSTAG>
<CYPRESSTAG name="Final Placement Summary">

------------------------------------------------------------
Final Placement Summary
------------------------------------------------------------

       Resource Type :      Count : Avg Inputs : Avg Outputs
    ========================================================
                 UDB :         24 :      12.29 :       6.54
<CYPRESSTAG name="Final Placement Details">
<CYPRESSTAG name="Component Details">

------------------------------------------------------------
Component Placement Details
------------------------------------------------------------
UDB [UDB=(0,0)] contents:
LAB@[UDB=(0,0)][LB=0] #macrocells=4, #inputs=10, #pterms=7
{
    [McSlotId=0]:     MacroCell: Name=\ENGINE_DECODER:bQuadDec:state_0\, Mode=(D-Register) @ [UDB=(0,0)][LB=0][MC=0]
        Total # of inputs        : 6
        Total # of product terms : 4
        List of special equations: 
            Clock  = (Net_2319) => Global
            Clock Enable: True
        Main Equation            : 4 pterms
        (
              !\ENGINE_DECODER:Net_1260\ * 
              \ENGINE_DECODER:bQuadDec:quad_A_filt\ * 
              \ENGINE_DECODER:bQuadDec:quad_B_filt\ * 
              !\ENGINE_DECODER:bQuadDec:error\ * 
              \ENGINE_DECODER:bQuadDec:state_1\
            + !\ENGINE_DECODER:Net_1260\ * 
              \ENGINE_DECODER:bQuadDec:quad_B_filt\ * 
              !\ENGINE_DECODER:bQuadDec:error\ * 
              \ENGINE_DECODER:bQuadDec:state_0\
            + !\ENGINE_DECODER:Net_1260\ * 
              \ENGINE_DECODER:bQuadDec:quad_B_filt\ * 
              \ENGINE_DECODER:bQuadDec:error\ * 
              !\ENGINE_DECODER:bQuadDec:state_1\ * 
              !\ENGINE_DECODER:bQuadDec:state_0\
            + !\ENGINE_DECODER:bQuadDec:quad_A_filt\ * 
              \ENGINE_DECODER:bQuadDec:quad_B_filt\ * 
              !\ENGINE_DECODER:bQuadDec:error\ * 
              !\ENGINE_DECODER:bQuadDec:state_1\ * 
              !\ENGINE_DECODER:bQuadDec:state_0\
        );
        Output = \ENGINE_DECODER:bQuadDec:state_0\ (fanout=7)
        Properties               : 
        {
        }

    [McSlotId=1]:     MacroCell: Name=\ENGINE_DECODER:Cnt16:CounterUDB:status_3\, Mode=(Combinatorial) @ [UDB=(0,0)][LB=0][MC=1]
        Total # of inputs        : 2
        Total # of product terms : 1
            Clock Enable: True
        Main Equation            : 1 pterm
        (
              \ENGINE_DECODER:Cnt16:CounterUDB:status_1\ * 
              !\ENGINE_DECODER:Cnt16:CounterUDB:underflow_reg_i\
        );
        Output = \ENGINE_DECODER:Cnt16:CounterUDB:status_3\ (fanout=1)
        Properties               : 
        {
        }

    [McSlotId=2]:     MacroCell: Name=\ENGINE_DECODER:bQuadDec:quad_B_delayed_1\, Mode=(D-Register) @ [UDB=(0,0)][LB=0][MC=2]
        Total # of inputs        : 1
        Total # of product terms : 1
        List of special equations: 
            Clock  = (Net_2319) => Global
            Clock Enable: True
        Main Equation            : 1 pterm
        (
              \ENGINE_DECODER:bQuadDec:quad_B_delayed_0\
        );
        Output = \ENGINE_DECODER:bQuadDec:quad_B_delayed_1\ (fanout=2)
        Properties               : 
        {
        }

    [McSlotId=3]:     MacroCell: Name=\ENGINE_DECODER:bQuadDec:quad_B_delayed_0\, Mode=(D-Register) @ [UDB=(0,0)][LB=0][MC=3]
        Total # of inputs        : 1
        Total # of product terms : 1
        List of special equations: 
            Clock  = (Net_2319) => Global
            Clock Enable: True
        Main Equation            : 1 pterm
        (
              Net_3898
        );
        Output = \ENGINE_DECODER:bQuadDec:quad_B_delayed_0\ (fanout=2)
        Properties               : 
        {
        }
}

LAB@[UDB=(0,0)][LB=1] #macrocells=2, #inputs=8, #pterms=2
{
    [McSlotId=0]:     MacroCell: Name=Net_4086, Mode=(Combinatorial) @ [UDB=(0,0)][LB=1][MC=0]
        Total # of inputs        : 1
        Total # of product terms : 1
            Clock Enable: True
        Main Equation            : 1 pterm
        (
              !\UART_LOG:BUART:txn\
        );
        Output = Net_4086 (fanout=1)
        Properties               : 
        {
        }

    [McSlotId=1]: (empty)
    [McSlotId=2]:     MacroCell: Name=\ADC_SAR_Seq:AMuxHw_2_Decoder_one_hot_39\, Mode=(D-Register) @ [UDB=(0,0)][LB=1][MC=2]
        Total # of inputs        : 7
        Total # of product terms : 1
        List of special equations: 
            Clock  = (\ADC_SAR_Seq:clock\) => Global
            Clock Enable: True
        Main Equation            : 1 pterm
        (
              \ADC_SAR_Seq:AMuxHw_2_Decoder_is_active\ * 
              \ADC_SAR_Seq:AMuxHw_2_Decoder_old_id_5\ * 
              !\ADC_SAR_Seq:AMuxHw_2_Decoder_old_id_4\ * 
              !\ADC_SAR_Seq:AMuxHw_2_Decoder_old_id_3\ * 
              \ADC_SAR_Seq:AMuxHw_2_Decoder_old_id_2\ * 
              \ADC_SAR_Seq:AMuxHw_2_Decoder_old_id_1\ * 
              \ADC_SAR_Seq:AMuxHw_2_Decoder_old_id_0\
        );
        Output = \ADC_SAR_Seq:AMuxHw_2_Decoder_one_hot_39\ (fanout=1)
        Properties               : 
        {
        }

    [McSlotId=3]: (empty)
}

statusicell: Name =\ENGINE_DECODER:Cnt16:CounterUDB:sSTSReg:stsreg\
    PORT MAP (
        reset => \ENGINE_DECODER:Net_1260\ ,
        clock => Net_2319 ,
        status_6 => \ENGINE_DECODER:Cnt16:CounterUDB:status_6\ ,
        status_5 => \ENGINE_DECODER:Cnt16:CounterUDB:status_5\ ,
        status_3 => \ENGINE_DECODER:Cnt16:CounterUDB:status_3\ ,
        status_2 => \ENGINE_DECODER:Cnt16:CounterUDB:status_2\ ,
        status_1 => \ENGINE_DECODER:Cnt16:CounterUDB:status_1\ ,
        status_0 => \ENGINE_DECODER:Cnt16:CounterUDB:status_0\ );
    Properties:
    {
        cy_force_order = 1
        cy_int_mask = "1111111"
        cy_md_select = "0011111"
    }
    Clock Polarity: Active High
    Clock Enable: True

UDB [UDB=(0,1)] contents:
LAB@[UDB=(0,1)][LB=0] #macrocells=4, #inputs=7, #pterms=4
{
    [McSlotId=0]:     MacroCell: Name=\ADC_SAR_Seq:AMuxHw_2_Decoder_one_hot_8\, Mode=(D-Register) @ [UDB=(0,1)][LB=0][MC=0]
        Total # of inputs        : 7
        Total # of product terms : 1
        List of special equations: 
            Clock  = (\ADC_SAR_Seq:clock\) => Global
            Clock Enable: True
        Main Equation            : 1 pterm
        (
              \ADC_SAR_Seq:AMuxHw_2_Decoder_is_active\ * 
              !\ADC_SAR_Seq:AMuxHw_2_Decoder_old_id_5\ * 
              !\ADC_SAR_Seq:AMuxHw_2_Decoder_old_id_4\ * 
              \ADC_SAR_Seq:AMuxHw_2_Decoder_old_id_3\ * 
              !\ADC_SAR_Seq:AMuxHw_2_Decoder_old_id_2\ * 
              !\ADC_SAR_Seq:AMuxHw_2_Decoder_old_id_1\ * 
              !\ADC_SAR_Seq:AMuxHw_2_Decoder_old_id_0\
        );
        Output = \ADC_SAR_Seq:AMuxHw_2_Decoder_one_hot_8\ (fanout=1)
        Properties               : 
        {
        }

    [McSlotId=1]:     MacroCell: Name=\ADC_SAR_Seq:AMuxHw_2_Decoder_one_hot_62\, Mode=(D-Register) @ [UDB=(0,1)][LB=0][MC=1]
        Total # of inputs        : 7
        Total # of product terms : 1
        List of special equations: 
            Clock  = (\ADC_SAR_Seq:clock\) => Global
            Clock Enable: True
        Main Equation            : 1 pterm
        (
              \ADC_SAR_Seq:AMuxHw_2_Decoder_is_active\ * 
              \ADC_SAR_Seq:AMuxHw_2_Decoder_old_id_5\ * 
              \ADC_SAR_Seq:AMuxHw_2_Decoder_old_id_4\ * 
              \ADC_SAR_Seq:AMuxHw_2_Decoder_old_id_3\ * 
              \ADC_SAR_Seq:AMuxHw_2_Decoder_old_id_2\ * 
              \ADC_SAR_Seq:AMuxHw_2_Decoder_old_id_1\ * 
              !\ADC_SAR_Seq:AMuxHw_2_Decoder_old_id_0\
        );
        Output = \ADC_SAR_Seq:AMuxHw_2_Decoder_one_hot_62\ (fanout=1)
        Properties               : 
        {
        }

    [McSlotId=2]:     MacroCell: Name=\ADC_SAR_Seq:AMuxHw_2_Decoder_one_hot_44\, Mode=(D-Register) @ [UDB=(0,1)][LB=0][MC=2]
        Total # of inputs        : 7
        Total # of product terms : 1
        List of special equations: 
            Clock  = (\ADC_SAR_Seq:clock\) => Global
            Clock Enable: True
        Main Equation            : 1 pterm
        (
              \ADC_SAR_Seq:AMuxHw_2_Decoder_is_active\ * 
              \ADC_SAR_Seq:AMuxHw_2_Decoder_old_id_5\ * 
              !\ADC_SAR_Seq:AMuxHw_2_Decoder_old_id_4\ * 
              \ADC_SAR_Seq:AMuxHw_2_Decoder_old_id_3\ * 
              \ADC_SAR_Seq:AMuxHw_2_Decoder_old_id_2\ * 
              !\ADC_SAR_Seq:AMuxHw_2_Decoder_old_id_1\ * 
              !\ADC_SAR_Seq:AMuxHw_2_Decoder_old_id_0\
        );
        Output = \ADC_SAR_Seq:AMuxHw_2_Decoder_one_hot_44\ (fanout=1)
        Properties               : 
        {
        }

    [McSlotId=3]:     MacroCell: Name=\ADC_SAR_Seq:AMuxHw_2_Decoder_one_hot_52\, Mode=(D-Register) @ [UDB=(0,1)][LB=0][MC=3]
        Total # of inputs        : 7
        Total # of product terms : 1
        List of special equations: 
            Clock  = (\ADC_SAR_Seq:clock\) => Global
            Clock Enable: True
        Main Equation            : 1 pterm
        (
              \ADC_SAR_Seq:AMuxHw_2_Decoder_is_active\ * 
              \ADC_SAR_Seq:AMuxHw_2_Decoder_old_id_5\ * 
              \ADC_SAR_Seq:AMuxHw_2_Decoder_old_id_4\ * 
              !\ADC_SAR_Seq:AMuxHw_2_Decoder_old_id_3\ * 
              \ADC_SAR_Seq:AMuxHw_2_Decoder_old_id_2\ * 
              !\ADC_SAR_Seq:AMuxHw_2_Decoder_old_id_1\ * 
              !\ADC_SAR_Seq:AMuxHw_2_Decoder_old_id_0\
        );
        Output = \ADC_SAR_Seq:AMuxHw_2_Decoder_one_hot_52\ (fanout=1)
        Properties               : 
        {
        }
}

LAB@[UDB=(0,1)][LB=1] #macrocells=4, #inputs=9, #pterms=4
{
    [McSlotId=0]:     MacroCell: Name=\ENGINE_DECODER:Cnt16:CounterUDB:status_2\, Mode=(Combinatorial) @ [UDB=(0,1)][LB=1][MC=0]
        Total # of inputs        : 2
        Total # of product terms : 1
            Clock Enable: True
        Main Equation            : 1 pterm
        (
              \ENGINE_DECODER:Cnt16:CounterUDB:overflow\ * 
              !\ENGINE_DECODER:Cnt16:CounterUDB:overflow_reg_i\
        );
        Output = \ENGINE_DECODER:Cnt16:CounterUDB:status_2\ (fanout=1)
        Properties               : 
        {
        }

    [McSlotId=1]:     MacroCell: Name=\ADC_SAR_Seq:AMuxHw_2_Decoder_one_hot_61\, Mode=(D-Register) @ [UDB=(0,1)][LB=1][MC=1]
        Total # of inputs        : 7
        Total # of product terms : 1
        List of special equations: 
            Clock  = (\ADC_SAR_Seq:clock\) => Global
            Clock Enable: True
        Main Equation            : 1 pterm
        (
              \ADC_SAR_Seq:AMuxHw_2_Decoder_is_active\ * 
              \ADC_SAR_Seq:AMuxHw_2_Decoder_old_id_5\ * 
              \ADC_SAR_Seq:AMuxHw_2_Decoder_old_id_4\ * 
              \ADC_SAR_Seq:AMuxHw_2_Decoder_old_id_3\ * 
              \ADC_SAR_Seq:AMuxHw_2_Decoder_old_id_2\ * 
              !\ADC_SAR_Seq:AMuxHw_2_Decoder_old_id_1\ * 
              \ADC_SAR_Seq:AMuxHw_2_Decoder_old_id_0\
        );
        Output = \ADC_SAR_Seq:AMuxHw_2_Decoder_one_hot_61\ (fanout=1)
        Properties               : 
        {
        }

    [McSlotId=2]:     MacroCell: Name=\ADC_SAR_Seq:AMuxHw_2_Decoder_one_hot_49\, Mode=(D-Register) @ [UDB=(0,1)][LB=1][MC=2]
        Total # of inputs        : 7
        Total # of product terms : 1
        List of special equations: 
            Clock  = (\ADC_SAR_Seq:clock\) => Global
            Clock Enable: True
        Main Equation            : 1 pterm
        (
              \ADC_SAR_Seq:AMuxHw_2_Decoder_is_active\ * 
              \ADC_SAR_Seq:AMuxHw_2_Decoder_old_id_5\ * 
              \ADC_SAR_Seq:AMuxHw_2_Decoder_old_id_4\ * 
              !\ADC_SAR_Seq:AMuxHw_2_Decoder_old_id_3\ * 
              !\ADC_SAR_Seq:AMuxHw_2_Decoder_old_id_2\ * 
              !\ADC_SAR_Seq:AMuxHw_2_Decoder_old_id_1\ * 
              \ADC_SAR_Seq:AMuxHw_2_Decoder_old_id_0\
        );
        Output = \ADC_SAR_Seq:AMuxHw_2_Decoder_one_hot_49\ (fanout=1)
        Properties               : 
        {
        }

    [McSlotId=3]:     MacroCell: Name=\ADC_SAR_Seq:AMuxHw_2_Decoder_one_hot_37\, Mode=(D-Register) @ [UDB=(0,1)][LB=1][MC=3]
        Total # of inputs        : 7
        Total # of product terms : 1
        List of special equations: 
            Clock  = (\ADC_SAR_Seq:clock\) => Global
            Clock Enable: True
        Main Equation            : 1 pterm
        (
              \ADC_SAR_Seq:AMuxHw_2_Decoder_is_active\ * 
              \ADC_SAR_Seq:AMuxHw_2_Decoder_old_id_5\ * 
              !\ADC_SAR_Seq:AMuxHw_2_Decoder_old_id_4\ * 
              !\ADC_SAR_Seq:AMuxHw_2_Decoder_old_id_3\ * 
              \ADC_SAR_Seq:AMuxHw_2_Decoder_old_id_2\ * 
              !\ADC_SAR_Seq:AMuxHw_2_Decoder_old_id_1\ * 
              \ADC_SAR_Seq:AMuxHw_2_Decoder_old_id_0\
        );
        Output = \ADC_SAR_Seq:AMuxHw_2_Decoder_one_hot_37\ (fanout=1)
        Properties               : 
        {
        }
}

statusicell: Name =\ENGINE_DECODER:bQuadDec:Stsreg\
    PORT MAP (
        clock => Net_2319 ,
        status_3 => \ENGINE_DECODER:bQuadDec:error\ ,
        status_2 => \ENGINE_DECODER:Net_1260\ ,
        status_1 => \ENGINE_DECODER:Net_611\ ,
        status_0 => \ENGINE_DECODER:Net_530\ ,
        interrupt => Net_4286 );
    Properties:
    {
        cy_force_order = 1
        cy_int_mask = "0001111"
        cy_md_select = "0001111"
    }
    Clock Polarity: Active High
    Clock Enable: True

UDB [UDB=(0,2)] contents:
LAB@[UDB=(0,2)][LB=0] #macrocells=4, #inputs=7, #pterms=4
{
    [McSlotId=0]:     MacroCell: Name=\ADC_SAR_Seq:AMuxHw_2_Decoder_one_hot_32\, Mode=(D-Register) @ [UDB=(0,2)][LB=0][MC=0]
        Total # of inputs        : 7
        Total # of product terms : 1
        List of special equations: 
            Clock  = (\ADC_SAR_Seq:clock\) => Global
            Clock Enable: True
        Main Equation            : 1 pterm
        (
              \ADC_SAR_Seq:AMuxHw_2_Decoder_is_active\ * 
              \ADC_SAR_Seq:AMuxHw_2_Decoder_old_id_5\ * 
              !\ADC_SAR_Seq:AMuxHw_2_Decoder_old_id_4\ * 
              !\ADC_SAR_Seq:AMuxHw_2_Decoder_old_id_3\ * 
              !\ADC_SAR_Seq:AMuxHw_2_Decoder_old_id_2\ * 
              !\ADC_SAR_Seq:AMuxHw_2_Decoder_old_id_1\ * 
              !\ADC_SAR_Seq:AMuxHw_2_Decoder_old_id_0\
        );
        Output = \ADC_SAR_Seq:AMuxHw_2_Decoder_one_hot_32\ (fanout=1)
        Properties               : 
        {
        }

    [McSlotId=1]:     MacroCell: Name=\ADC_SAR_Seq:AMuxHw_2_Decoder_one_hot_25\, Mode=(D-Register) @ [UDB=(0,2)][LB=0][MC=1]
        Total # of inputs        : 7
        Total # of product terms : 1
        List of special equations: 
            Clock  = (\ADC_SAR_Seq:clock\) => Global
            Clock Enable: True
        Main Equation            : 1 pterm
        (
              \ADC_SAR_Seq:AMuxHw_2_Decoder_is_active\ * 
              !\ADC_SAR_Seq:AMuxHw_2_Decoder_old_id_5\ * 
              \ADC_SAR_Seq:AMuxHw_2_Decoder_old_id_4\ * 
              \ADC_SAR_Seq:AMuxHw_2_Decoder_old_id_3\ * 
              !\ADC_SAR_Seq:AMuxHw_2_Decoder_old_id_2\ * 
              !\ADC_SAR_Seq:AMuxHw_2_Decoder_old_id_1\ * 
              \ADC_SAR_Seq:AMuxHw_2_Decoder_old_id_0\
        );
        Output = \ADC_SAR_Seq:AMuxHw_2_Decoder_one_hot_25\ (fanout=1)
        Properties               : 
        {
        }

    [McSlotId=2]:     MacroCell: Name=\ADC_SAR_Seq:AMuxHw_2_Decoder_one_hot_3\, Mode=(D-Register) @ [UDB=(0,2)][LB=0][MC=2]
        Total # of inputs        : 7
        Total # of product terms : 1
        List of special equations: 
            Clock  = (\ADC_SAR_Seq:clock\) => Global
            Clock Enable: True
        Main Equation            : 1 pterm
        (
              \ADC_SAR_Seq:AMuxHw_2_Decoder_is_active\ * 
              !\ADC_SAR_Seq:AMuxHw_2_Decoder_old_id_5\ * 
              !\ADC_SAR_Seq:AMuxHw_2_Decoder_old_id_4\ * 
              !\ADC_SAR_Seq:AMuxHw_2_Decoder_old_id_3\ * 
              !\ADC_SAR_Seq:AMuxHw_2_Decoder_old_id_2\ * 
              \ADC_SAR_Seq:AMuxHw_2_Decoder_old_id_1\ * 
              \ADC_SAR_Seq:AMuxHw_2_Decoder_old_id_0\
        );
        Output = \ADC_SAR_Seq:AMuxHw_2_Decoder_one_hot_3\ (fanout=1)
        Properties               : 
        {
        }

    [McSlotId=3]:     MacroCell: Name=\ADC_SAR_Seq:AMuxHw_2_Decoder_one_hot_34\, Mode=(D-Register) @ [UDB=(0,2)][LB=0][MC=3]
        Total # of inputs        : 7
        Total # of product terms : 1
        List of special equations: 
            Clock  = (\ADC_SAR_Seq:clock\) => Global
            Clock Enable: True
        Main Equation            : 1 pterm
        (
              \ADC_SAR_Seq:AMuxHw_2_Decoder_is_active\ * 
              \ADC_SAR_Seq:AMuxHw_2_Decoder_old_id_5\ * 
              !\ADC_SAR_Seq:AMuxHw_2_Decoder_old_id_4\ * 
              !\ADC_SAR_Seq:AMuxHw_2_Decoder_old_id_3\ * 
              !\ADC_SAR_Seq:AMuxHw_2_Decoder_old_id_2\ * 
              \ADC_SAR_Seq:AMuxHw_2_Decoder_old_id_1\ * 
              !\ADC_SAR_Seq:AMuxHw_2_Decoder_old_id_0\
        );
        Output = \ADC_SAR_Seq:AMuxHw_2_Decoder_one_hot_34\ (fanout=1)
        Properties               : 
        {
        }
}

LAB@[UDB=(0,2)][LB=1] #macrocells=4, #inputs=7, #pterms=4
{
    [McSlotId=0]:     MacroCell: Name=\ADC_SAR_Seq:AMuxHw_2_Decoder_one_hot_38\, Mode=(D-Register) @ [UDB=(0,2)][LB=1][MC=0]
        Total # of inputs        : 7
        Total # of product terms : 1
        List of special equations: 
            Clock  = (\ADC_SAR_Seq:clock\) => Global
            Clock Enable: True
        Main Equation            : 1 pterm
        (
              \ADC_SAR_Seq:AMuxHw_2_Decoder_is_active\ * 
              \ADC_SAR_Seq:AMuxHw_2_Decoder_old_id_5\ * 
              !\ADC_SAR_Seq:AMuxHw_2_Decoder_old_id_4\ * 
              !\ADC_SAR_Seq:AMuxHw_2_Decoder_old_id_3\ * 
              \ADC_SAR_Seq:AMuxHw_2_Decoder_old_id_2\ * 
              \ADC_SAR_Seq:AMuxHw_2_Decoder_old_id_1\ * 
              !\ADC_SAR_Seq:AMuxHw_2_Decoder_old_id_0\
        );
        Output = \ADC_SAR_Seq:AMuxHw_2_Decoder_one_hot_38\ (fanout=1)
        Properties               : 
        {
        }

    [McSlotId=1]:     MacroCell: Name=\ADC_SAR_Seq:AMuxHw_2_Decoder_one_hot_33\, Mode=(D-Register) @ [UDB=(0,2)][LB=1][MC=1]
        Total # of inputs        : 7
        Total # of product terms : 1
        List of special equations: 
            Clock  = (\ADC_SAR_Seq:clock\) => Global
            Clock Enable: True
        Main Equation            : 1 pterm
        (
              \ADC_SAR_Seq:AMuxHw_2_Decoder_is_active\ * 
              \ADC_SAR_Seq:AMuxHw_2_Decoder_old_id_5\ * 
              !\ADC_SAR_Seq:AMuxHw_2_Decoder_old_id_4\ * 
              !\ADC_SAR_Seq:AMuxHw_2_Decoder_old_id_3\ * 
              !\ADC_SAR_Seq:AMuxHw_2_Decoder_old_id_2\ * 
              !\ADC_SAR_Seq:AMuxHw_2_Decoder_old_id_1\ * 
              \ADC_SAR_Seq:AMuxHw_2_Decoder_old_id_0\
        );
        Output = \ADC_SAR_Seq:AMuxHw_2_Decoder_one_hot_33\ (fanout=1)
        Properties               : 
        {
        }

    [McSlotId=2]:     MacroCell: Name=\ADC_SAR_Seq:AMuxHw_2_Decoder_one_hot_27\, Mode=(D-Register) @ [UDB=(0,2)][LB=1][MC=2]
        Total # of inputs        : 7
        Total # of product terms : 1
        List of special equations: 
            Clock  = (\ADC_SAR_Seq:clock\) => Global
            Clock Enable: True
        Main Equation            : 1 pterm
        (
              \ADC_SAR_Seq:AMuxHw_2_Decoder_is_active\ * 
              !\ADC_SAR_Seq:AMuxHw_2_Decoder_old_id_5\ * 
              \ADC_SAR_Seq:AMuxHw_2_Decoder_old_id_4\ * 
              \ADC_SAR_Seq:AMuxHw_2_Decoder_old_id_3\ * 
              !\ADC_SAR_Seq:AMuxHw_2_Decoder_old_id_2\ * 
              \ADC_SAR_Seq:AMuxHw_2_Decoder_old_id_1\ * 
              \ADC_SAR_Seq:AMuxHw_2_Decoder_old_id_0\
        );
        Output = \ADC_SAR_Seq:AMuxHw_2_Decoder_one_hot_27\ (fanout=1)
        Properties               : 
        {
        }

    [McSlotId=3]:     MacroCell: Name=\ADC_SAR_Seq:AMuxHw_2_Decoder_one_hot_36\, Mode=(D-Register) @ [UDB=(0,2)][LB=1][MC=3]
        Total # of inputs        : 7
        Total # of product terms : 1
        List of special equations: 
            Clock  = (\ADC_SAR_Seq:clock\) => Global
            Clock Enable: True
        Main Equation            : 1 pterm
        (
              \ADC_SAR_Seq:AMuxHw_2_Decoder_is_active\ * 
              \ADC_SAR_Seq:AMuxHw_2_Decoder_old_id_5\ * 
              !\ADC_SAR_Seq:AMuxHw_2_Decoder_old_id_4\ * 
              !\ADC_SAR_Seq:AMuxHw_2_Decoder_old_id_3\ * 
              \ADC_SAR_Seq:AMuxHw_2_Decoder_old_id_2\ * 
              !\ADC_SAR_Seq:AMuxHw_2_Decoder_old_id_1\ * 
              !\ADC_SAR_Seq:AMuxHw_2_Decoder_old_id_0\
        );
        Output = \ADC_SAR_Seq:AMuxHw_2_Decoder_one_hot_36\ (fanout=1)
        Properties               : 
        {
        }
}

synccell: Name =DEBUG_RX(0)_SYNC
    PORT MAP (
        in => Net_4087 ,
        out => Net_4087_SYNCOUT ,
        clock => ClockBlock_BUS_CLK );
    Properties:
    {
    }
    Clock Polarity: Active High
    Clock Enable: True

UDB [UDB=(0,3)] contents:
LAB@[UDB=(0,3)][LB=0] #macrocells=4, #inputs=8, #pterms=5
{
    [McSlotId=0]:     MacroCell: Name=\ENGINE_DECODER:Cnt16:CounterUDB:reload\, Mode=(Combinatorial) @ [UDB=(0,3)][LB=0][MC=0]
        Total # of inputs        : 3
        Total # of product terms : 1
            Clock Enable: True
        Main Equation            : 1 pterm
        !(
              !\ENGINE_DECODER:Net_1260\ * 
              !\ENGINE_DECODER:Cnt16:CounterUDB:status_1\ * 
              !\ENGINE_DECODER:Cnt16:CounterUDB:overflow\
        );
        Output = \ENGINE_DECODER:Cnt16:CounterUDB:reload\ (fanout=2)
        Properties               : 
        {
        }

    [McSlotId=1]:     MacroCell: Name=\ENGINE_DECODER:bQuadDec:quad_A_delayed_0\, Mode=(D-Register) @ [UDB=(0,3)][LB=0][MC=1]
        Total # of inputs        : 1
        Total # of product terms : 1
        List of special equations: 
            Clock  = (Net_2319) => Global
            Clock Enable: True
        Main Equation            : 1 pterm
        (
              Net_3908
        );
        Output = \ENGINE_DECODER:bQuadDec:quad_A_delayed_0\ (fanout=2)
        Properties               : 
        {
        }

    [McSlotId=2]:     MacroCell: Name=\ENGINE_DECODER:bQuadDec:quad_B_delayed_2\, Mode=(D-Register) @ [UDB=(0,3)][LB=0][MC=2]
        Total # of inputs        : 1
        Total # of product terms : 1
        List of special equations: 
            Clock  = (Net_2319) => Global
            Clock Enable: True
        Main Equation            : 1 pterm
        (
              \ENGINE_DECODER:bQuadDec:quad_B_delayed_1\
        );
        Output = \ENGINE_DECODER:bQuadDec:quad_B_delayed_2\ (fanout=1)
        Properties               : 
        {
        }

    [McSlotId=3]:     MacroCell: Name=\ENGINE_DECODER:bQuadDec:quad_B_filt\, Mode=(T-Register) @ [UDB=(0,3)][LB=0][MC=3]
        Total # of inputs        : 4
        Total # of product terms : 2
        List of special equations: 
            Clock  = (Net_2319) => Global
            Clock Enable: True
        Main Equation            : 2 pterms
        (
              !\ENGINE_DECODER:bQuadDec:quad_B_delayed_0\ * 
              !\ENGINE_DECODER:bQuadDec:quad_B_delayed_1\ * 
              !\ENGINE_DECODER:bQuadDec:quad_B_delayed_2\ * 
              \ENGINE_DECODER:bQuadDec:quad_B_filt\
            + \ENGINE_DECODER:bQuadDec:quad_B_delayed_0\ * 
              \ENGINE_DECODER:bQuadDec:quad_B_delayed_1\ * 
              \ENGINE_DECODER:bQuadDec:quad_B_delayed_2\ * 
              !\ENGINE_DECODER:bQuadDec:quad_B_filt\
        );
        Output = \ENGINE_DECODER:bQuadDec:quad_B_filt\ (fanout=7)
        Properties               : 
        {
        }
}

LAB@[UDB=(0,3)][LB=1] #macrocells=4, #inputs=8, #pterms=4
{
    [McSlotId=0]:     MacroCell: Name=\ADC_SAR_Seq:AMuxHw_2_Decoder_one_hot_12\, Mode=(D-Register) @ [UDB=(0,3)][LB=1][MC=0]
        Total # of inputs        : 7
        Total # of product terms : 1
        List of special equations: 
            Clock  = (\ADC_SAR_Seq:clock\) => Global
            Clock Enable: True
        Main Equation            : 1 pterm
        (
              \ADC_SAR_Seq:AMuxHw_2_Decoder_is_active\ * 
              !\ADC_SAR_Seq:AMuxHw_2_Decoder_old_id_5\ * 
              !\ADC_SAR_Seq:AMuxHw_2_Decoder_old_id_4\ * 
              \ADC_SAR_Seq:AMuxHw_2_Decoder_old_id_3\ * 
              \ADC_SAR_Seq:AMuxHw_2_Decoder_old_id_2\ * 
              !\ADC_SAR_Seq:AMuxHw_2_Decoder_old_id_1\ * 
              !\ADC_SAR_Seq:AMuxHw_2_Decoder_old_id_0\
        );
        Output = \ADC_SAR_Seq:AMuxHw_2_Decoder_one_hot_12\ (fanout=1)
        Properties               : 
        {
        }

    [McSlotId=1]:     MacroCell: Name=\ADC_SAR_Seq:AMuxHw_2_Decoder_one_hot_42\, Mode=(D-Register) @ [UDB=(0,3)][LB=1][MC=1]
        Total # of inputs        : 7
        Total # of product terms : 1
        List of special equations: 
            Clock  = (\ADC_SAR_Seq:clock\) => Global
            Clock Enable: True
        Main Equation            : 1 pterm
        (
              \ADC_SAR_Seq:AMuxHw_2_Decoder_is_active\ * 
              \ADC_SAR_Seq:AMuxHw_2_Decoder_old_id_5\ * 
              !\ADC_SAR_Seq:AMuxHw_2_Decoder_old_id_4\ * 
              \ADC_SAR_Seq:AMuxHw_2_Decoder_old_id_3\ * 
              !\ADC_SAR_Seq:AMuxHw_2_Decoder_old_id_2\ * 
              \ADC_SAR_Seq:AMuxHw_2_Decoder_old_id_1\ * 
              !\ADC_SAR_Seq:AMuxHw_2_Decoder_old_id_0\
        );
        Output = \ADC_SAR_Seq:AMuxHw_2_Decoder_one_hot_42\ (fanout=1)
        Properties               : 
        {
        }

    [McSlotId=2]:     MacroCell: Name=\ADC_SAR_Seq:AMuxHw_2_Decoder_old_id_2\, Mode=(D-Register) @ [UDB=(0,3)][LB=1][MC=2]
        Total # of inputs        : 1
        Total # of product terms : 1
        List of special equations: 
            Clock  = (\ADC_SAR_Seq:clock\) => Global
            Clock Enable: True
        Main Equation            : 1 pterm
        (
              \ADC_SAR_Seq:ch_addr_2\
        );
        Output = \ADC_SAR_Seq:AMuxHw_2_Decoder_old_id_2\ (fanout=66)
        Properties               : 
        {
        }

    [McSlotId=3]:     MacroCell: Name=\ADC_SAR_Seq:AMuxHw_2_Decoder_one_hot_59\, Mode=(D-Register) @ [UDB=(0,3)][LB=1][MC=3]
        Total # of inputs        : 7
        Total # of product terms : 1
        List of special equations: 
            Clock  = (\ADC_SAR_Seq:clock\) => Global
            Clock Enable: True
        Main Equation            : 1 pterm
        (
              \ADC_SAR_Seq:AMuxHw_2_Decoder_is_active\ * 
              \ADC_SAR_Seq:AMuxHw_2_Decoder_old_id_5\ * 
              \ADC_SAR_Seq:AMuxHw_2_Decoder_old_id_4\ * 
              \ADC_SAR_Seq:AMuxHw_2_Decoder_old_id_3\ * 
              !\ADC_SAR_Seq:AMuxHw_2_Decoder_old_id_2\ * 
              \ADC_SAR_Seq:AMuxHw_2_Decoder_old_id_1\ * 
              \ADC_SAR_Seq:AMuxHw_2_Decoder_old_id_0\
        );
        Output = \ADC_SAR_Seq:AMuxHw_2_Decoder_one_hot_59\ (fanout=1)
        Properties               : 
        {
        }
}

UDB [UDB=(0,4)] contents:
LAB@[UDB=(0,4)][LB=0] #macrocells=4, #inputs=10, #pterms=7
{
    [McSlotId=0]:     MacroCell: Name=\ENGINE_DECODER:Net_530\, Mode=(Combinatorial) @ [UDB=(0,4)][LB=0][MC=0]
        Total # of inputs        : 3
        Total # of product terms : 1
            Clock Enable: True
        Main Equation            : 1 pterm
        (
              \ENGINE_DECODER:Net_1275\ * \ENGINE_DECODER:Net_1251\ * 
              !\ENGINE_DECODER:Cnt16:CounterUDB:prevCompare\
        );
        Output = \ENGINE_DECODER:Net_530\ (fanout=1)
        Properties               : 
        {
        }

    [McSlotId=1]:     MacroCell: Name=\ENGINE_DECODER:bQuadDec:error\, Mode=(D-Register) @ [UDB=(0,4)][LB=0][MC=1]
        Total # of inputs        : 6
        Total # of product terms : 4
        List of special equations: 
            Clock  = (Net_2319) => Global
            Clock Enable: True
        Main Equation            : 4 pterms
        (
              !\ENGINE_DECODER:Net_1260\ * 
              !\ENGINE_DECODER:bQuadDec:quad_A_filt\ * 
              !\ENGINE_DECODER:bQuadDec:quad_B_filt\ * 
              !\ENGINE_DECODER:bQuadDec:error\ * 
              \ENGINE_DECODER:bQuadDec:state_1\ * 
              \ENGINE_DECODER:bQuadDec:state_0\
            + !\ENGINE_DECODER:Net_1260\ * 
              !\ENGINE_DECODER:bQuadDec:quad_A_filt\ * 
              \ENGINE_DECODER:bQuadDec:quad_B_filt\ * 
              !\ENGINE_DECODER:bQuadDec:error\ * 
              \ENGINE_DECODER:bQuadDec:state_1\ * 
              !\ENGINE_DECODER:bQuadDec:state_0\
            + !\ENGINE_DECODER:Net_1260\ * 
              \ENGINE_DECODER:bQuadDec:quad_A_filt\ * 
              !\ENGINE_DECODER:bQuadDec:quad_B_filt\ * 
              !\ENGINE_DECODER:bQuadDec:error\ * 
              !\ENGINE_DECODER:bQuadDec:state_1\ * 
              \ENGINE_DECODER:bQuadDec:state_0\
            + \ENGINE_DECODER:bQuadDec:quad_A_filt\ * 
              \ENGINE_DECODER:bQuadDec:quad_B_filt\ * 
              !\ENGINE_DECODER:bQuadDec:error\ * 
              !\ENGINE_DECODER:bQuadDec:state_1\ * 
              !\ENGINE_DECODER:bQuadDec:state_0\
        );
        Output = \ENGINE_DECODER:bQuadDec:error\ (fanout=8)
        Properties               : 
        {
        }

    [McSlotId=2]:     MacroCell: Name=\ENGINE_DECODER:Net_611\, Mode=(Combinatorial) @ [UDB=(0,4)][LB=0][MC=2]
        Total # of inputs        : 3
        Total # of product terms : 1
            Clock Enable: True
        Main Equation            : 1 pterm
        (
              \ENGINE_DECODER:Net_1275\ * !\ENGINE_DECODER:Net_1251\ * 
              !\ENGINE_DECODER:Cnt16:CounterUDB:prevCompare\
        );
        Output = \ENGINE_DECODER:Net_611\ (fanout=1)
        Properties               : 
        {
        }

    [McSlotId=3]:     MacroCell: Name=\ENGINE_DECODER:Cnt16:CounterUDB:count_stored_i\, Mode=(D-Register) @ [UDB=(0,4)][LB=0][MC=3]
        Total # of inputs        : 1
        Total # of product terms : 1
        List of special equations: 
            Clock  = (Net_2319) => Global
            Clock Enable: True
        Main Equation            : 1 pterm
        (
              \ENGINE_DECODER:Net_1203\
        );
        Output = \ENGINE_DECODER:Cnt16:CounterUDB:count_stored_i\ (fanout=1)
        Properties               : 
        {
        }
}

LAB@[UDB=(0,4)][LB=1] #macrocells=4, #inputs=11, #pterms=8
{
    [McSlotId=0]:     MacroCell: Name=\ENGINE_DECODER:bQuadDec:quad_A_filt\, Mode=(T-Register) @ [UDB=(0,4)][LB=1][MC=0]
        Total # of inputs        : 4
        Total # of product terms : 2
        List of special equations: 
            Clock  = (Net_2319) => Global
            Clock Enable: True
        Main Equation            : 2 pterms
        (
              !\ENGINE_DECODER:bQuadDec:quad_A_delayed_0\ * 
              !\ENGINE_DECODER:bQuadDec:quad_A_delayed_1\ * 
              !\ENGINE_DECODER:bQuadDec:quad_A_delayed_2\ * 
              \ENGINE_DECODER:bQuadDec:quad_A_filt\
            + \ENGINE_DECODER:bQuadDec:quad_A_delayed_0\ * 
              \ENGINE_DECODER:bQuadDec:quad_A_delayed_1\ * 
              \ENGINE_DECODER:bQuadDec:quad_A_delayed_2\ * 
              !\ENGINE_DECODER:bQuadDec:quad_A_filt\
        );
        Output = \ENGINE_DECODER:bQuadDec:quad_A_filt\ (fanout=7)
        Properties               : 
        {
        }

    [McSlotId=1]:     MacroCell: Name=\ENGINE_DECODER:bQuadDec:state_1\, Mode=(D-Register) @ [UDB=(0,4)][LB=1][MC=1]
        Total # of inputs        : 6
        Total # of product terms : 4
        List of special equations: 
            Clock  = (Net_2319) => Global
            Clock Enable: True
        Main Equation            : 4 pterms
        (
              !\ENGINE_DECODER:Net_1260\ * 
              \ENGINE_DECODER:bQuadDec:quad_A_filt\ * 
              \ENGINE_DECODER:bQuadDec:quad_B_filt\ * 
              !\ENGINE_DECODER:bQuadDec:error\ * 
              \ENGINE_DECODER:bQuadDec:state_0\
            + !\ENGINE_DECODER:Net_1260\ * 
              \ENGINE_DECODER:bQuadDec:quad_A_filt\ * 
              !\ENGINE_DECODER:bQuadDec:error\ * 
              \ENGINE_DECODER:bQuadDec:state_1\
            + !\ENGINE_DECODER:Net_1260\ * 
              \ENGINE_DECODER:bQuadDec:quad_A_filt\ * 
              \ENGINE_DECODER:bQuadDec:error\ * 
              !\ENGINE_DECODER:bQuadDec:state_1\ * 
              !\ENGINE_DECODER:bQuadDec:state_0\
            + \ENGINE_DECODER:bQuadDec:quad_A_filt\ * 
              !\ENGINE_DECODER:bQuadDec:quad_B_filt\ * 
              !\ENGINE_DECODER:bQuadDec:error\ * 
              !\ENGINE_DECODER:bQuadDec:state_1\ * 
              !\ENGINE_DECODER:bQuadDec:state_0\
        );
        Output = \ENGINE_DECODER:bQuadDec:state_1\ (fanout=7)
        Properties               : 
        {
        }

    [McSlotId=2]:     MacroCell: Name=\ENGINE_DECODER:Cnt16:CounterUDB:overflow_reg_i\, Mode=(D-Register) @ [UDB=(0,4)][LB=1][MC=2]
        Total # of inputs        : 1
        Total # of product terms : 1
        List of special equations: 
            Clock  = (Net_2319) => Global
            Clock Enable: True
        Main Equation            : 1 pterm
        (
              \ENGINE_DECODER:Cnt16:CounterUDB:overflow\
        );
        Output = \ENGINE_DECODER:Cnt16:CounterUDB:overflow_reg_i\ (fanout=1)
        Properties               : 
        {
        }

    [McSlotId=3]:     MacroCell: Name=\ENGINE_DECODER:Cnt16:CounterUDB:underflow_reg_i\, Mode=(D-Register) @ [UDB=(0,4)][LB=1][MC=3]
        Total # of inputs        : 1
        Total # of product terms : 1
        List of special equations: 
            Clock  = (Net_2319) => Global
            Clock Enable: True
        Main Equation            : 1 pterm
        (
              \ENGINE_DECODER:Cnt16:CounterUDB:status_1\
        );
        Output = \ENGINE_DECODER:Cnt16:CounterUDB:underflow_reg_i\ (fanout=1)
        Properties               : 
        {
        }
}

controlcell: Name =\ENGINE_Direction:Sync:ctrl_reg\
    PORT MAP (
        control_7 => \ENGINE_Direction:control_7\ ,
        control_6 => \ENGINE_Direction:control_6\ ,
        control_5 => \ENGINE_Direction:control_5\ ,
        control_4 => \ENGINE_Direction:control_4\ ,
        control_3 => \ENGINE_Direction:control_3\ ,
        control_2 => \ENGINE_Direction:control_2\ ,
        control_1 => Net_4287 ,
        control_0 => Net_4290 );
    Properties:
    {
        cy_ctrl_mode_0 = "00000000"
        cy_ctrl_mode_1 = "00000000"
        cy_ext_reset = 0
        cy_force_order = 1
        cy_init_value = "00000000"
    }
    Clock Enable: True

UDB [UDB=(0,5)] contents:
LAB@[UDB=(0,5)][LB=0] #macrocells=4, #inputs=7, #pterms=4
{
    [McSlotId=0]:     MacroCell: Name=\ENGINE_DECODER:Net_1275\, Mode=(D-Register) @ [UDB=(0,5)][LB=0][MC=0]
        Total # of inputs        : 2
        Total # of product terms : 1
        List of special equations: 
            Clock  = (Net_2319) => Global
            Clock Enable: True
        Main Equation            : 1 pterm
        !(
              !\ENGINE_DECODER:Cnt16:CounterUDB:status_1\ * 
              !\ENGINE_DECODER:Cnt16:CounterUDB:overflow\
        );
        Output = \ENGINE_DECODER:Net_1275\ (fanout=2)
        Properties               : 
        {
        }

    [McSlotId=1]:     MacroCell: Name=\ENGINE_DECODER:bQuadDec:quad_A_delayed_1\, Mode=(D-Register) @ [UDB=(0,5)][LB=0][MC=1]
        Total # of inputs        : 1
        Total # of product terms : 1
        List of special equations: 
            Clock  = (Net_2319) => Global
            Clock Enable: True
        Main Equation            : 1 pterm
        (
              \ENGINE_DECODER:bQuadDec:quad_A_delayed_0\
        );
        Output = \ENGINE_DECODER:bQuadDec:quad_A_delayed_1\ (fanout=2)
        Properties               : 
        {
        }

    [McSlotId=2]:     MacroCell: Name=\ENGINE_DECODER:Cnt16:CounterUDB:count_enable\, Mode=(Combinatorial) @ [UDB=(0,5)][LB=0][MC=2]
        Total # of inputs        : 3
        Total # of product terms : 1
            Clock Enable: True
        Main Equation            : 1 pterm
        (
              \ENGINE_DECODER:Cnt16:CounterUDB:control_7\ * 
              !\ENGINE_DECODER:Cnt16:CounterUDB:count_stored_i\ * 
              \ENGINE_DECODER:Net_1203\
        );
        Output = \ENGINE_DECODER:Cnt16:CounterUDB:count_enable\ (fanout=2)
        Properties               : 
        {
        }

    [McSlotId=3]:     MacroCell: Name=\ENGINE_DECODER:bQuadDec:quad_A_delayed_2\, Mode=(D-Register) @ [UDB=(0,5)][LB=0][MC=3]
        Total # of inputs        : 1
        Total # of product terms : 1
        List of special equations: 
            Clock  = (Net_2319) => Global
            Clock Enable: True
        Main Equation            : 1 pterm
        (
              \ENGINE_DECODER:bQuadDec:quad_A_delayed_1\
        );
        Output = \ENGINE_DECODER:bQuadDec:quad_A_delayed_2\ (fanout=1)
        Properties               : 
        {
        }
}

LAB@[UDB=(0,5)][LB=1] #macrocells=1, #inputs=7, #pterms=1
{
    [McSlotId=0]:     MacroCell: Name=\ADC_SAR_Seq:AMuxHw_2_Decoder_one_hot_43\, Mode=(D-Register) @ [UDB=(0,5)][LB=1][MC=0]
        Total # of inputs        : 7
        Total # of product terms : 1
        List of special equations: 
            Clock  = (\ADC_SAR_Seq:clock\) => Global
            Clock Enable: True
        Main Equation            : 1 pterm
        (
              \ADC_SAR_Seq:AMuxHw_2_Decoder_is_active\ * 
              \ADC_SAR_Seq:AMuxHw_2_Decoder_old_id_5\ * 
              !\ADC_SAR_Seq:AMuxHw_2_Decoder_old_id_4\ * 
              \ADC_SAR_Seq:AMuxHw_2_Decoder_old_id_3\ * 
              !\ADC_SAR_Seq:AMuxHw_2_Decoder_old_id_2\ * 
              \ADC_SAR_Seq:AMuxHw_2_Decoder_old_id_1\ * 
              \ADC_SAR_Seq:AMuxHw_2_Decoder_old_id_0\
        );
        Output = \ADC_SAR_Seq:AMuxHw_2_Decoder_one_hot_43\ (fanout=1)
        Properties               : 
        {
        }

    [McSlotId=1]: (empty)
    [McSlotId=2]: (empty)
    [McSlotId=3]: (empty)
}

datapathcell: Name =\ENGINE_DECODER:Cnt16:CounterUDB:sC16:counterdp:u0\
    PORT MAP (
        clock => Net_2319 ,
        cs_addr_2 => \ENGINE_DECODER:Net_1251\ ,
        cs_addr_1 => \ENGINE_DECODER:Cnt16:CounterUDB:count_enable\ ,
        cs_addr_0 => \ENGINE_DECODER:Cnt16:CounterUDB:reload\ ,
        chain_out => \ENGINE_DECODER:Cnt16:CounterUDB:sC16:counterdp:carry\ );
    Properties:
    {
        a0_init = "00000000"
        a1_init = "00000000"
        ce0_sync = 1
        ce1_sync = 1
        cl0_sync = 1
        cl1_sync = 1
        cmsb_sync = 1
        co_msb_sync = 1
        cy_dpconfig = "0000000001000000000000001000000001000000010000000000000010000000000000000100000000000000100000000010000001000000000000001000000011111111000000001111111111111111101000000000000000000001000000000000000000011000"
        d0_init = "00000000"
        d1_init = "00000000"
        f0_blk_sync = 1
        f0_bus_sync = 1
        f1_blk_sync = 1
        f1_bus_sync = 1
        ff0_sync = 1
        ff1_sync = 1
        ov_msb_sync = 1
        so_sync = 1
        z0_sync = 1
        z1_sync = 1
    }
    Clock Polarity: Active High
    Clock Enable: True
    Next in chain : \ENGINE_DECODER:Cnt16:CounterUDB:sC16:counterdp:u1\

controlcell: Name =\ENGINE_DECODER:Cnt16:CounterUDB:sCTRLReg:ctrlreg\
    PORT MAP (
        clock => Net_2319 ,
        control_7 => \ENGINE_DECODER:Cnt16:CounterUDB:control_7\ ,
        control_6 => \ENGINE_DECODER:Cnt16:CounterUDB:control_6\ ,
        control_5 => \ENGINE_DECODER:Cnt16:CounterUDB:control_5\ ,
        control_4 => \ENGINE_DECODER:Cnt16:CounterUDB:control_4\ ,
        control_3 => \ENGINE_DECODER:Cnt16:CounterUDB:control_3\ ,
        control_2 => \ENGINE_DECODER:Cnt16:CounterUDB:control_2\ ,
        control_1 => \ENGINE_DECODER:Cnt16:CounterUDB:control_1\ ,
        control_0 => \ENGINE_DECODER:Cnt16:CounterUDB:control_0\ );
    Properties:
    {
        cy_ctrl_mode_0 = "11111111"
        cy_ctrl_mode_1 = "00000000"
        cy_ext_reset = 0
        cy_force_order = 1
        cy_init_value = "00000000"
    }
    Clock Polarity: Active High
    Clock Enable: True

UDB [UDB=(1,0)] contents:
LAB@[UDB=(1,0)][LB=0] #macrocells=4, #inputs=7, #pterms=4
{
    [McSlotId=0]:     MacroCell: Name=\ADC_SAR_Seq:AMuxHw_2_Decoder_one_hot_51\, Mode=(D-Register) @ [UDB=(1,0)][LB=0][MC=0]
        Total # of inputs        : 7
        Total # of product terms : 1
        List of special equations: 
            Clock  = (\ADC_SAR_Seq:clock\) => Global
            Clock Enable: True
        Main Equation            : 1 pterm
        (
              \ADC_SAR_Seq:AMuxHw_2_Decoder_is_active\ * 
              \ADC_SAR_Seq:AMuxHw_2_Decoder_old_id_5\ * 
              \ADC_SAR_Seq:AMuxHw_2_Decoder_old_id_4\ * 
              !\ADC_SAR_Seq:AMuxHw_2_Decoder_old_id_3\ * 
              !\ADC_SAR_Seq:AMuxHw_2_Decoder_old_id_2\ * 
              \ADC_SAR_Seq:AMuxHw_2_Decoder_old_id_1\ * 
              \ADC_SAR_Seq:AMuxHw_2_Decoder_old_id_0\
        );
        Output = \ADC_SAR_Seq:AMuxHw_2_Decoder_one_hot_51\ (fanout=1)
        Properties               : 
        {
        }

    [McSlotId=1]:     MacroCell: Name=\ADC_SAR_Seq:AMuxHw_2_Decoder_one_hot_54\, Mode=(D-Register) @ [UDB=(1,0)][LB=0][MC=1]
        Total # of inputs        : 7
        Total # of product terms : 1
        List of special equations: 
            Clock  = (\ADC_SAR_Seq:clock\) => Global
            Clock Enable: True
        Main Equation            : 1 pterm
        (
              \ADC_SAR_Seq:AMuxHw_2_Decoder_is_active\ * 
              \ADC_SAR_Seq:AMuxHw_2_Decoder_old_id_5\ * 
              \ADC_SAR_Seq:AMuxHw_2_Decoder_old_id_4\ * 
              !\ADC_SAR_Seq:AMuxHw_2_Decoder_old_id_3\ * 
              \ADC_SAR_Seq:AMuxHw_2_Decoder_old_id_2\ * 
              \ADC_SAR_Seq:AMuxHw_2_Decoder_old_id_1\ * 
              !\ADC_SAR_Seq:AMuxHw_2_Decoder_old_id_0\
        );
        Output = \ADC_SAR_Seq:AMuxHw_2_Decoder_one_hot_54\ (fanout=1)
        Properties               : 
        {
        }

    [McSlotId=2]:     MacroCell: Name=\ADC_SAR_Seq:AMuxHw_2_Decoder_one_hot_13\, Mode=(D-Register) @ [UDB=(1,0)][LB=0][MC=2]
        Total # of inputs        : 7
        Total # of product terms : 1
        List of special equations: 
            Clock  = (\ADC_SAR_Seq:clock\) => Global
            Clock Enable: True
        Main Equation            : 1 pterm
        (
              \ADC_SAR_Seq:AMuxHw_2_Decoder_is_active\ * 
              !\ADC_SAR_Seq:AMuxHw_2_Decoder_old_id_5\ * 
              !\ADC_SAR_Seq:AMuxHw_2_Decoder_old_id_4\ * 
              \ADC_SAR_Seq:AMuxHw_2_Decoder_old_id_3\ * 
              \ADC_SAR_Seq:AMuxHw_2_Decoder_old_id_2\ * 
              !\ADC_SAR_Seq:AMuxHw_2_Decoder_old_id_1\ * 
              \ADC_SAR_Seq:AMuxHw_2_Decoder_old_id_0\
        );
        Output = \ADC_SAR_Seq:AMuxHw_2_Decoder_one_hot_13\ (fanout=1)
        Properties               : 
        {
        }

    [McSlotId=3]:     MacroCell: Name=\ADC_SAR_Seq:AMuxHw_2_Decoder_one_hot_5\, Mode=(D-Register) @ [UDB=(1,0)][LB=0][MC=3]
        Total # of inputs        : 7
        Total # of product terms : 1
        List of special equations: 
            Clock  = (\ADC_SAR_Seq:clock\) => Global
            Clock Enable: True
        Main Equation            : 1 pterm
        (
              \ADC_SAR_Seq:AMuxHw_2_Decoder_is_active\ * 
              !\ADC_SAR_Seq:AMuxHw_2_Decoder_old_id_5\ * 
              !\ADC_SAR_Seq:AMuxHw_2_Decoder_old_id_4\ * 
              !\ADC_SAR_Seq:AMuxHw_2_Decoder_old_id_3\ * 
              \ADC_SAR_Seq:AMuxHw_2_Decoder_old_id_2\ * 
              !\ADC_SAR_Seq:AMuxHw_2_Decoder_old_id_1\ * 
              \ADC_SAR_Seq:AMuxHw_2_Decoder_old_id_0\
        );
        Output = \ADC_SAR_Seq:AMuxHw_2_Decoder_one_hot_5\ (fanout=1)
        Properties               : 
        {
        }
}

LAB@[UDB=(1,0)][LB=1] #macrocells=4, #inputs=8, #pterms=4
{
    [McSlotId=0]:     MacroCell: Name=\ADC_SAR_Seq:AMuxHw_2_Decoder_one_hot_55\, Mode=(D-Register) @ [UDB=(1,0)][LB=1][MC=0]
        Total # of inputs        : 7
        Total # of product terms : 1
        List of special equations: 
            Clock  = (\ADC_SAR_Seq:clock\) => Global
            Clock Enable: True
        Main Equation            : 1 pterm
        (
              \ADC_SAR_Seq:AMuxHw_2_Decoder_is_active\ * 
              \ADC_SAR_Seq:AMuxHw_2_Decoder_old_id_5\ * 
              \ADC_SAR_Seq:AMuxHw_2_Decoder_old_id_4\ * 
              !\ADC_SAR_Seq:AMuxHw_2_Decoder_old_id_3\ * 
              \ADC_SAR_Seq:AMuxHw_2_Decoder_old_id_2\ * 
              \ADC_SAR_Seq:AMuxHw_2_Decoder_old_id_1\ * 
              \ADC_SAR_Seq:AMuxHw_2_Decoder_old_id_0\
        );
        Output = \ADC_SAR_Seq:AMuxHw_2_Decoder_one_hot_55\ (fanout=1)
        Properties               : 
        {
        }

    [McSlotId=1]:     MacroCell: Name=\ADC_SAR_Seq:AMuxHw_2_Decoder_old_id_0\, Mode=(D-Register) @ [UDB=(1,0)][LB=1][MC=1]
        Total # of inputs        : 1
        Total # of product terms : 1
        List of special equations: 
            Clock  = (\ADC_SAR_Seq:clock\) => Global
            Clock Enable: True
        Main Equation            : 1 pterm
        (
              \ADC_SAR_Seq:ch_addr_0\
        );
        Output = \ADC_SAR_Seq:AMuxHw_2_Decoder_old_id_0\ (fanout=65)
        Properties               : 
        {
        }

    [McSlotId=2]:     MacroCell: Name=\ADC_SAR_Seq:AMuxHw_2_Decoder_one_hot_10\, Mode=(D-Register) @ [UDB=(1,0)][LB=1][MC=2]
        Total # of inputs        : 7
        Total # of product terms : 1
        List of special equations: 
            Clock  = (\ADC_SAR_Seq:clock\) => Global
            Clock Enable: True
        Main Equation            : 1 pterm
        (
              \ADC_SAR_Seq:AMuxHw_2_Decoder_is_active\ * 
              !\ADC_SAR_Seq:AMuxHw_2_Decoder_old_id_5\ * 
              !\ADC_SAR_Seq:AMuxHw_2_Decoder_old_id_4\ * 
              \ADC_SAR_Seq:AMuxHw_2_Decoder_old_id_3\ * 
              !\ADC_SAR_Seq:AMuxHw_2_Decoder_old_id_2\ * 
              \ADC_SAR_Seq:AMuxHw_2_Decoder_old_id_1\ * 
              !\ADC_SAR_Seq:AMuxHw_2_Decoder_old_id_0\
        );
        Output = \ADC_SAR_Seq:AMuxHw_2_Decoder_one_hot_10\ (fanout=1)
        Properties               : 
        {
        }

    [McSlotId=3]:     MacroCell: Name=\ADC_SAR_Seq:AMuxHw_2_Decoder_one_hot_21\, Mode=(D-Register) @ [UDB=(1,0)][LB=1][MC=3]
        Total # of inputs        : 7
        Total # of product terms : 1
        List of special equations: 
            Clock  = (\ADC_SAR_Seq:clock\) => Global
            Clock Enable: True
        Main Equation            : 1 pterm
        (
              \ADC_SAR_Seq:AMuxHw_2_Decoder_is_active\ * 
              !\ADC_SAR_Seq:AMuxHw_2_Decoder_old_id_5\ * 
              \ADC_SAR_Seq:AMuxHw_2_Decoder_old_id_4\ * 
              !\ADC_SAR_Seq:AMuxHw_2_Decoder_old_id_3\ * 
              \ADC_SAR_Seq:AMuxHw_2_Decoder_old_id_2\ * 
              !\ADC_SAR_Seq:AMuxHw_2_Decoder_old_id_1\ * 
              \ADC_SAR_Seq:AMuxHw_2_Decoder_old_id_0\
        );
        Output = \ADC_SAR_Seq:AMuxHw_2_Decoder_one_hot_21\ (fanout=1)
        Properties               : 
        {
        }
}

statusicell: Name =\UART_LOG:BUART:sRX:RxSts\
    PORT MAP (
        clock => \UART_LOG:Net_9\ ,
        status_5 => \UART_LOG:BUART:rx_status_5\ ,
        status_4 => \UART_LOG:BUART:rx_status_4\ ,
        status_3 => \UART_LOG:BUART:rx_status_3\ );
    Properties:
    {
        cy_force_order = 1
        cy_int_mask = "1111111"
        cy_md_select = "1011111"
    }
    Clock Polarity: Active High
    Clock Enable: True

UDB [UDB=(1,1)] contents:
LAB@[UDB=(1,1)][LB=0] #macrocells=2, #inputs=5, #pterms=2
{
    [McSlotId=0]:     MacroCell: Name=\UART_LOG:BUART:rx_bitclk_enable\, Mode=(D-Register) @ [UDB=(1,1)][LB=0][MC=0]
        Total # of inputs        : 3
        Total # of product terms : 1
        List of special equations: 
            Clock  = (\UART_LOG:Net_9\) => Global
            Clock Enable: True
        Main Equation            : 1 pterm
        (
              !\UART_LOG:BUART:rx_count_2\ * !\UART_LOG:BUART:rx_count_1\ * 
              !\UART_LOG:BUART:rx_count_0\
        );
        Output = \UART_LOG:BUART:rx_bitclk_enable\ (fanout=6)
        Properties               : 
        {
        }

    [McSlotId=1]:     MacroCell: Name=\UART_LOG:BUART:rx_status_4\, Mode=(Combinatorial) @ [UDB=(1,1)][LB=0][MC=1]
        Total # of inputs        : 2
        Total # of product terms : 1
            Clock Enable: True
        Main Equation            : 1 pterm
        (
              \UART_LOG:BUART:rx_load_fifo\ * \UART_LOG:BUART:rx_fifofull\
        );
        Output = \UART_LOG:BUART:rx_status_4\ (fanout=1)
        Properties               : 
        {
        }

    [McSlotId=2]: (empty)
    [McSlotId=3]: (empty)
}

LAB@[UDB=(1,1)][LB=1] #macrocells=1, #inputs=12, #pterms=8
{
    [McSlotId=0]:     MacroCell: Name=\ADC_SAR_Seq:AMuxHw_2_Decoder_is_active_split\, Mode=(Combinatorial) @ [UDB=(1,1)][LB=1][MC=0]
        Total # of inputs        : 12
        Total # of product terms : 8
            Clock Enable: True
        Main Equation            : 8 pterms
        (
              \ADC_SAR_Seq:AMuxHw_2_Decoder_old_id_5\ * 
              !\ADC_SAR_Seq:ch_addr_5\
            + \ADC_SAR_Seq:AMuxHw_2_Decoder_old_id_4\ * 
              !\ADC_SAR_Seq:ch_addr_4\
            + \ADC_SAR_Seq:AMuxHw_2_Decoder_old_id_3\ * 
              !\ADC_SAR_Seq:ch_addr_3\
            + \ADC_SAR_Seq:AMuxHw_2_Decoder_old_id_2\ * 
              !\ADC_SAR_Seq:ch_addr_2\
            + !\ADC_SAR_Seq:AMuxHw_2_Decoder_old_id_1\ * 
              \ADC_SAR_Seq:ch_addr_1\
            + \ADC_SAR_Seq:AMuxHw_2_Decoder_old_id_1\ * 
              !\ADC_SAR_Seq:ch_addr_1\
            + !\ADC_SAR_Seq:AMuxHw_2_Decoder_old_id_0\ * 
              \ADC_SAR_Seq:ch_addr_0\
            + \ADC_SAR_Seq:AMuxHw_2_Decoder_old_id_0\ * 
              !\ADC_SAR_Seq:ch_addr_0\
        );
        Output = \ADC_SAR_Seq:AMuxHw_2_Decoder_is_active_split\ (fanout=1)
        Properties               : 
        {
        }

    [McSlotId=1]: (empty)
    [McSlotId=2]: (empty)
    [McSlotId=3]: (empty)
}

count7cell: Name =\ADC_SAR_Seq:bSAR_SEQ:ChannelCounter\
    PORT MAP (
        clock => \ADC_SAR_Seq:clock\ ,
        load => \ADC_SAR_Seq:bSAR_SEQ:load_period\ ,
        enable => \ADC_SAR_Seq:bSAR_SEQ:cnt_enable\ ,
        count_6 => \ADC_SAR_Seq:bSAR_SEQ:count_6\ ,
        count_5 => \ADC_SAR_Seq:ch_addr_5\ ,
        count_4 => \ADC_SAR_Seq:ch_addr_4\ ,
        count_3 => \ADC_SAR_Seq:ch_addr_3\ ,
        count_2 => \ADC_SAR_Seq:ch_addr_2\ ,
        count_1 => \ADC_SAR_Seq:ch_addr_1\ ,
        count_0 => \ADC_SAR_Seq:ch_addr_0\ ,
        tc => \ADC_SAR_Seq:bSAR_SEQ:cnt_tc\ ,
        clk_en => \ADC_SAR_Seq:bSAR_SEQ:enable\ );
    Properties:
    {
        cy_alt_mode = 0
        cy_init_value = "0000000"
        cy_period = "0000010"
        cy_route_en = 1
        cy_route_ld = 1
    }
    Clock Polarity: Active High
    Clock Enable: PosEdge(\ADC_SAR_Seq:bSAR_SEQ:enable\)

UDB [UDB=(1,2)] contents:
LAB@[UDB=(1,2)][LB=0] #macrocells=4, #inputs=11, #pterms=8
{
    [McSlotId=0]:     MacroCell: Name=\UART_LOG:BUART:rx_status_3\, Mode=(D-Register) @ [UDB=(1,2)][LB=0][MC=0]
        Total # of inputs        : 8
        Total # of product terms : 2
        List of special equations: 
            Clock  = (\UART_LOG:Net_9\) => Global
            Clock Enable: True
        Main Equation            : 2 pterms
        (
              !\UART_LOG:BUART:tx_ctrl_mark_last\ * 
              !\UART_LOG:BUART:rx_state_0\ * 
              \UART_LOG:BUART:rx_bitclk_enable\ * \UART_LOG:BUART:rx_state_3\ * 
              \UART_LOG:BUART:rx_state_2\ * !MODIN3_1 * !MODIN3_0
            + !\UART_LOG:BUART:tx_ctrl_mark_last\ * 
              !\UART_LOG:BUART:rx_state_0\ * 
              \UART_LOG:BUART:rx_bitclk_enable\ * \UART_LOG:BUART:rx_state_3\ * 
              \UART_LOG:BUART:rx_state_2\ * !MODIN3_1 * !Net_4087_SYNCOUT
        );
        Output = \UART_LOG:BUART:rx_status_3\ (fanout=1)
        Properties               : 
        {
        }

    [McSlotId=1]:     MacroCell: Name=\UART_LOG:BUART:rx_load_fifo\, Mode=(D-Register) @ [UDB=(1,2)][LB=0][MC=1]
        Total # of inputs        : 8
        Total # of product terms : 3
        List of special equations: 
            Clock  = (\UART_LOG:Net_9\) => Global
            Clock Enable: True
        Main Equation            : 3 pterms
        (
              !\UART_LOG:BUART:tx_ctrl_mark_last\ * 
              !\UART_LOG:BUART:rx_state_0\ * 
              \UART_LOG:BUART:rx_bitclk_enable\ * \UART_LOG:BUART:rx_state_3\ * 
              !\UART_LOG:BUART:rx_state_2\
            + !\UART_LOG:BUART:tx_ctrl_mark_last\ * 
              \UART_LOG:BUART:rx_state_0\ * !\UART_LOG:BUART:rx_state_3\ * 
              !\UART_LOG:BUART:rx_state_2\ * !MODIN6_6 * !MODIN6_5
            + !\UART_LOG:BUART:tx_ctrl_mark_last\ * 
              \UART_LOG:BUART:rx_state_0\ * !\UART_LOG:BUART:rx_state_3\ * 
              !\UART_LOG:BUART:rx_state_2\ * !MODIN6_6 * !MODIN6_4
        );
        Output = \UART_LOG:BUART:rx_load_fifo\ (fanout=2)
        Properties               : 
        {
        }

    [McSlotId=2]:     MacroCell: Name=\UART_LOG:BUART:rx_state_0\, Mode=(T-Register) @ [UDB=(1,2)][LB=0][MC=2]
        Total # of inputs        : 11
        Total # of product terms : 4
        List of special equations: 
            Clock  = (\UART_LOG:Net_9\) => Global
            Clock Enable: True
        Main Equation            : 4 pterms
        (
              !\UART_LOG:BUART:tx_ctrl_mark_last\ * 
              !\UART_LOG:BUART:rx_state_0\ * 
              \UART_LOG:BUART:rx_bitclk_enable\ * 
              !\UART_LOG:BUART:rx_state_3\ * \UART_LOG:BUART:rx_state_2\ * 
              !MODIN3_1 * !MODIN3_0
            + !\UART_LOG:BUART:tx_ctrl_mark_last\ * 
              !\UART_LOG:BUART:rx_state_0\ * 
              \UART_LOG:BUART:rx_bitclk_enable\ * 
              !\UART_LOG:BUART:rx_state_3\ * \UART_LOG:BUART:rx_state_2\ * 
              !MODIN3_1 * !Net_4087_SYNCOUT
            + !\UART_LOG:BUART:tx_ctrl_mark_last\ * 
              \UART_LOG:BUART:rx_state_0\ * !\UART_LOG:BUART:rx_state_3\ * 
              !\UART_LOG:BUART:rx_state_2\ * !MODIN6_6 * !MODIN6_5
            + !\UART_LOG:BUART:tx_ctrl_mark_last\ * 
              \UART_LOG:BUART:rx_state_0\ * !\UART_LOG:BUART:rx_state_3\ * 
              !\UART_LOG:BUART:rx_state_2\ * !MODIN6_6 * !MODIN6_4
        );
        Output = \UART_LOG:BUART:rx_state_0\ (fanout=8)
        Properties               : 
        {
        }

    [McSlotId=3]:     MacroCell: Name=\UART_LOG:BUART:rx_counter_load\, Mode=(Combinatorial) @ [UDB=(1,2)][LB=0][MC=3]
        Total # of inputs        : 4
        Total # of product terms : 1
            Clock Enable: True
        Main Equation            : 1 pterm
        (
              !\UART_LOG:BUART:tx_ctrl_mark_last\ * 
              !\UART_LOG:BUART:rx_state_0\ * !\UART_LOG:BUART:rx_state_3\ * 
              !\UART_LOG:BUART:rx_state_2\
        );
        Output = \UART_LOG:BUART:rx_counter_load\ (fanout=2)
        Properties               : 
        {
        }
}

LAB@[UDB=(1,2)][LB=1] #macrocells=4, #inputs=5, #pterms=8
{
    [McSlotId=0]:     MacroCell: Name=MODIN3_1, Mode=(D-Register) @ [UDB=(1,2)][LB=1][MC=0]
        Total # of inputs        : 5
        Total # of product terms : 3
        List of special equations: 
            Clock  = (\UART_LOG:Net_9\) => Global
            Clock Enable: True
        Main Equation            : 3 pterms
        (
              !\UART_LOG:BUART:rx_count_2\ * !\UART_LOG:BUART:rx_count_1\ * 
              !MODIN3_1 * MODIN3_0 * Net_4087_SYNCOUT
            + !\UART_LOG:BUART:rx_count_2\ * !\UART_LOG:BUART:rx_count_1\ * 
              MODIN3_1 * !MODIN3_0
            + !\UART_LOG:BUART:rx_count_2\ * !\UART_LOG:BUART:rx_count_1\ * 
              MODIN3_1 * !Net_4087_SYNCOUT
        );
        Output = MODIN3_1 (fanout=4)
        Properties               : 
        {
        }

    [McSlotId=1]:     MacroCell: Name=MODIN3_0, Mode=(D-Register) @ [UDB=(1,2)][LB=1][MC=1]
        Total # of inputs        : 4
        Total # of product terms : 2
        List of special equations: 
            Clock  = (\UART_LOG:Net_9\) => Global
            Clock Enable: True
        Main Equation            : 2 pterms
        (
              !\UART_LOG:BUART:rx_count_2\ * !\UART_LOG:BUART:rx_count_1\ * 
              !MODIN3_0 * Net_4087_SYNCOUT
            + !\UART_LOG:BUART:rx_count_2\ * !\UART_LOG:BUART:rx_count_1\ * 
              MODIN3_0 * !Net_4087_SYNCOUT
        );
        Output = MODIN3_0 (fanout=5)
        Properties               : 
        {
        }

    [McSlotId=2]:     MacroCell: Name=\UART_LOG:BUART:rx_postpoll\, Mode=(Combinatorial) @ [UDB=(1,2)][LB=1][MC=2]
        Total # of inputs        : 3
        Total # of product terms : 2
            Clock Enable: True
        Main Equation            : 2 pterms
        (
              MODIN3_1
            + MODIN3_0 * Net_4087_SYNCOUT
        );
        Output = \UART_LOG:BUART:rx_postpoll\ (fanout=1)
        Properties               : 
        {
        }

    [McSlotId=3]:     MacroCell: Name=\UART_LOG:BUART:rx_last\, Mode=(D-Register) @ [UDB=(1,2)][LB=1][MC=3]
        Total # of inputs        : 1
        Total # of product terms : 1
        List of special equations: 
            Clock  = (\UART_LOG:Net_9\) => Global
            Clock Enable: True
        Main Equation            : 1 pterm
        (
              Net_4087_SYNCOUT
        );
        Output = \UART_LOG:BUART:rx_last\ (fanout=1)
        Properties               : 
        {
        }
}

datapathcell: Name =\UART_LOG:BUART:sRX:RxShifter:u0\
    PORT MAP (
        clock => \UART_LOG:Net_9\ ,
        cs_addr_2 => \UART_LOG:BUART:tx_ctrl_mark_last\ ,
        cs_addr_1 => \UART_LOG:BUART:rx_state_0\ ,
        cs_addr_0 => \UART_LOG:BUART:rx_bitclk_enable\ ,
        route_si => \UART_LOG:BUART:rx_postpoll\ ,
        f0_load => \UART_LOG:BUART:rx_load_fifo\ ,
        f0_bus_stat_comb => \UART_LOG:BUART:rx_fifonotempty\ ,
        f0_blk_stat_comb => \UART_LOG:BUART:rx_fifofull\ );
    Properties:
    {
        a0_init = "00000000"
        a1_init = "00000000"
        ce0_sync = 1
        ce1_sync = 1
        cl0_sync = 1
        cl1_sync = 1
        cmsb_sync = 1
        co_msb_sync = 1
        cy_dpconfig = "0000000000000000000000000000000000000000000000000000001001000000000100000000000000010000001100000001000000000000000100100001000011111111000000001111111111111111101000000110001001000001111100000000000000001100"
        d0_init = "00000000"
        d1_init = "00000000"
        f0_blk_sync = 1
        f0_bus_sync = 1
        f1_blk_sync = 1
        f1_bus_sync = 1
        ff0_sync = 1
        ff1_sync = 1
        ov_msb_sync = 1
        so_sync = 1
        z0_sync = 1
        z1_sync = 1
    }
    Clock Polarity: Active High
    Clock Enable: True

count7cell: Name =\UART_LOG:BUART:sRX:RxBitCounter\
    PORT MAP (
        clock => \UART_LOG:Net_9\ ,
        load => \UART_LOG:BUART:rx_counter_load\ ,
        count_6 => MODIN6_6 ,
        count_5 => MODIN6_5 ,
        count_4 => MODIN6_4 ,
        count_3 => MODIN6_3 ,
        count_2 => \UART_LOG:BUART:rx_count_2\ ,
        count_1 => \UART_LOG:BUART:rx_count_1\ ,
        count_0 => \UART_LOG:BUART:rx_count_0\ ,
        tc => \UART_LOG:BUART:rx_count7_tc\ );
    Properties:
    {
        cy_alt_mode = 0
        cy_init_value = "0000000"
        cy_period = "1110010"
        cy_route_en = 1
        cy_route_ld = 1
    }
    Clock Polarity: Active High
    Clock Enable: True

UDB [UDB=(1,3)] contents:
LAB@[UDB=(1,3)][LB=0] #macrocells=3, #inputs=11, #pterms=5
{
    [McSlotId=0]:     MacroCell: Name=\ADC_SAR_Seq:bSAR_SEQ:cnt_enable\, Mode=(Combinatorial) @ [UDB=(1,3)][LB=0][MC=0]
        Total # of inputs        : 2
        Total # of product terms : 1
            Clock Enable: True
        Main Equation            : 1 pterm
        !(
              !Net_4142 * !\ADC_SAR_Seq:bSAR_SEQ:load_period\
        );
        Output = \ADC_SAR_Seq:bSAR_SEQ:cnt_enable\ (fanout=2)
        Properties               : 
        {
        }

    [McSlotId=1]:     MacroCell: Name=\ENGINE_DECODER:Net_1203\, Mode=(D-Register) @ [UDB=(1,3)][LB=0][MC=1]
        Total # of inputs        : 7
        Total # of product terms : 3
        List of special equations: 
            Clock  = (Net_2319) => Global
            Clock Enable: True
        Main Equation            : 3 pterms
        (
              !\ENGINE_DECODER:Net_1260\ * \ENGINE_DECODER:Net_1203\ * 
              \ENGINE_DECODER:bQuadDec:error\ * 
              !\ENGINE_DECODER:bQuadDec:state_1\ * 
              !\ENGINE_DECODER:bQuadDec:state_0\
            + !\ENGINE_DECODER:Net_1260\ * 
              !\ENGINE_DECODER:bQuadDec:quad_A_filt\ * 
              !\ENGINE_DECODER:bQuadDec:quad_B_filt\ * 
              !\ENGINE_DECODER:bQuadDec:error\ * 
              !\ENGINE_DECODER:bQuadDec:state_1\ * 
              \ENGINE_DECODER:bQuadDec:state_0\
            + !\ENGINE_DECODER:bQuadDec:quad_A_filt\ * 
              \ENGINE_DECODER:bQuadDec:quad_B_filt\ * 
              !\ENGINE_DECODER:bQuadDec:error\ * 
              !\ENGINE_DECODER:bQuadDec:state_1\ * 
              !\ENGINE_DECODER:bQuadDec:state_0\
        );
        Output = \ENGINE_DECODER:Net_1203\ (fanout=3)
        Properties               : 
        {
        }

    [McSlotId=2]: (empty)
    [McSlotId=3]:     MacroCell: Name=\UART_LOG:BUART:rx_status_5\, Mode=(Combinatorial) @ [UDB=(1,3)][LB=0][MC=3]
        Total # of inputs        : 2
        Total # of product terms : 1
            Clock Enable: True
        Main Equation            : 1 pterm
        (
              \UART_LOG:BUART:rx_fifonotempty\ * 
              \UART_LOG:BUART:rx_state_stop1_reg\
        );
        Output = \UART_LOG:BUART:rx_status_5\ (fanout=1)
        Properties               : 
        {
        }
}

LAB@[UDB=(1,3)][LB=1] #macrocells=4, #inputs=10, #pterms=7
{
    [McSlotId=0]:     MacroCell: Name=\UART_LOG:BUART:rx_state_3\, Mode=(T-Register) @ [UDB=(1,3)][LB=1][MC=0]
        Total # of inputs        : 8
        Total # of product terms : 3
        List of special equations: 
            Clock  = (\UART_LOG:Net_9\) => Global
            Clock Enable: True
        Main Equation            : 3 pterms
        (
              !\UART_LOG:BUART:tx_ctrl_mark_last\ * 
              !\UART_LOG:BUART:rx_state_0\ * 
              \UART_LOG:BUART:rx_bitclk_enable\ * \UART_LOG:BUART:rx_state_3\ * 
              \UART_LOG:BUART:rx_state_2\
            + !\UART_LOG:BUART:tx_ctrl_mark_last\ * 
              \UART_LOG:BUART:rx_state_0\ * !\UART_LOG:BUART:rx_state_3\ * 
              !\UART_LOG:BUART:rx_state_2\ * !MODIN6_6 * !MODIN6_5
            + !\UART_LOG:BUART:tx_ctrl_mark_last\ * 
              \UART_LOG:BUART:rx_state_0\ * !\UART_LOG:BUART:rx_state_3\ * 
              !\UART_LOG:BUART:rx_state_2\ * !MODIN6_6 * !MODIN6_4
        );
        Output = \UART_LOG:BUART:rx_state_3\ (fanout=7)
        Properties               : 
        {
        }

    [McSlotId=1]:     MacroCell: Name=\UART_LOG:BUART:rx_state_2\, Mode=(T-Register) @ [UDB=(1,3)][LB=1][MC=1]
        Total # of inputs        : 10
        Total # of product terms : 5
        List of special equations: 
            Clock  = (\UART_LOG:Net_9\) => Global
            Clock Enable: True
        Main Equation            : 5 pterms
        (
              !\UART_LOG:BUART:tx_ctrl_mark_last\ * 
              !\UART_LOG:BUART:rx_state_0\ * 
              \UART_LOG:BUART:rx_bitclk_enable\ * \UART_LOG:BUART:rx_state_3\
            + !\UART_LOG:BUART:tx_ctrl_mark_last\ * 
              !\UART_LOG:BUART:rx_state_0\ * 
              \UART_LOG:BUART:rx_bitclk_enable\ * \UART_LOG:BUART:rx_state_2\
            + !\UART_LOG:BUART:tx_ctrl_mark_last\ * 
              !\UART_LOG:BUART:rx_state_0\ * !\UART_LOG:BUART:rx_state_3\ * 
              !\UART_LOG:BUART:rx_state_2\ * \UART_LOG:BUART:rx_last\ * 
              !Net_4087_SYNCOUT
            + !\UART_LOG:BUART:tx_ctrl_mark_last\ * 
              \UART_LOG:BUART:rx_state_0\ * !\UART_LOG:BUART:rx_state_3\ * 
              !\UART_LOG:BUART:rx_state_2\ * !MODIN6_6 * !MODIN6_5
            + !\UART_LOG:BUART:tx_ctrl_mark_last\ * 
              \UART_LOG:BUART:rx_state_0\ * !\UART_LOG:BUART:rx_state_3\ * 
              !\UART_LOG:BUART:rx_state_2\ * !MODIN6_6 * !MODIN6_4
        );
        Output = \UART_LOG:BUART:rx_state_2\ (fanout=7)
        Properties               : 
        {
        }

    [McSlotId=2]:     MacroCell: Name=\UART_LOG:BUART:rx_state_stop1_reg\, Mode=(D-Register) @ [UDB=(1,3)][LB=1][MC=2]
        Total # of inputs        : 4
        Total # of product terms : 1
        List of special equations: 
            Clock  = (\UART_LOG:Net_9\) => Global
            Clock Enable: True
        Main Equation            : 1 pterm
        !(
              !\UART_LOG:BUART:tx_ctrl_mark_last\ * 
              !\UART_LOG:BUART:rx_state_0\ * \UART_LOG:BUART:rx_state_3\ * 
              \UART_LOG:BUART:rx_state_2\
        );
        Output = \UART_LOG:BUART:rx_state_stop1_reg\ (fanout=1)
        Properties               : 
        {
        }

    [McSlotId=3]:     MacroCell: Name=\UART_LOG:BUART:tx_ctrl_mark_last\, Mode=(T-Register) @ [UDB=(1,3)][LB=1][MC=3]
        Total # of inputs        : 0
        Total # of product terms : 0
        List of special equations: 
            Clock  = (\UART_LOG:Net_9\) => Global
            Clock Enable: True
        Main Equation            : 0 pterms
        (
            0
        );
        Output = \UART_LOG:BUART:tx_ctrl_mark_last\ (fanout=8)
        Properties               : 
        {
        }
}

UDB [UDB=(1,4)] contents:
LAB@[UDB=(1,4)][LB=0] #macrocells=4, #inputs=8, #pterms=4
{
    [McSlotId=0]:     MacroCell: Name=\ADC_SAR_Seq:AMuxHw_2_Decoder_one_hot_26\, Mode=(D-Register) @ [UDB=(1,4)][LB=0][MC=0]
        Total # of inputs        : 7
        Total # of product terms : 1
        List of special equations: 
            Clock  = (\ADC_SAR_Seq:clock\) => Global
            Clock Enable: True
        Main Equation            : 1 pterm
        (
              \ADC_SAR_Seq:AMuxHw_2_Decoder_is_active\ * 
              !\ADC_SAR_Seq:AMuxHw_2_Decoder_old_id_5\ * 
              \ADC_SAR_Seq:AMuxHw_2_Decoder_old_id_4\ * 
              \ADC_SAR_Seq:AMuxHw_2_Decoder_old_id_3\ * 
              !\ADC_SAR_Seq:AMuxHw_2_Decoder_old_id_2\ * 
              \ADC_SAR_Seq:AMuxHw_2_Decoder_old_id_1\ * 
              !\ADC_SAR_Seq:AMuxHw_2_Decoder_old_id_0\
        );
        Output = \ADC_SAR_Seq:AMuxHw_2_Decoder_one_hot_26\ (fanout=1)
        Properties               : 
        {
        }

    [McSlotId=1]:     MacroCell: Name=\ADC_SAR_Seq:AMuxHw_2_Decoder_one_hot_30\, Mode=(D-Register) @ [UDB=(1,4)][LB=0][MC=1]
        Total # of inputs        : 7
        Total # of product terms : 1
        List of special equations: 
            Clock  = (\ADC_SAR_Seq:clock\) => Global
            Clock Enable: True
        Main Equation            : 1 pterm
        (
              \ADC_SAR_Seq:AMuxHw_2_Decoder_is_active\ * 
              !\ADC_SAR_Seq:AMuxHw_2_Decoder_old_id_5\ * 
              \ADC_SAR_Seq:AMuxHw_2_Decoder_old_id_4\ * 
              \ADC_SAR_Seq:AMuxHw_2_Decoder_old_id_3\ * 
              \ADC_SAR_Seq:AMuxHw_2_Decoder_old_id_2\ * 
              \ADC_SAR_Seq:AMuxHw_2_Decoder_old_id_1\ * 
              !\ADC_SAR_Seq:AMuxHw_2_Decoder_old_id_0\
        );
        Output = \ADC_SAR_Seq:AMuxHw_2_Decoder_one_hot_30\ (fanout=1)
        Properties               : 
        {
        }

    [McSlotId=2]:     MacroCell: Name=\ADC_SAR_Seq:AMuxHw_2_Decoder_old_id_4\, Mode=(D-Register) @ [UDB=(1,4)][LB=0][MC=2]
        Total # of inputs        : 1
        Total # of product terms : 1
        List of special equations: 
            Clock  = (\ADC_SAR_Seq:clock\) => Global
            Clock Enable: True
        Main Equation            : 1 pterm
        (
              \ADC_SAR_Seq:ch_addr_4\
        );
        Output = \ADC_SAR_Seq:AMuxHw_2_Decoder_old_id_4\ (fanout=66)
        Properties               : 
        {
        }

    [McSlotId=3]:     MacroCell: Name=\ADC_SAR_Seq:AMuxHw_2_Decoder_one_hot_60\, Mode=(D-Register) @ [UDB=(1,4)][LB=0][MC=3]
        Total # of inputs        : 7
        Total # of product terms : 1
        List of special equations: 
            Clock  = (\ADC_SAR_Seq:clock\) => Global
            Clock Enable: True
        Main Equation            : 1 pterm
        (
              \ADC_SAR_Seq:AMuxHw_2_Decoder_is_active\ * 
              \ADC_SAR_Seq:AMuxHw_2_Decoder_old_id_5\ * 
              \ADC_SAR_Seq:AMuxHw_2_Decoder_old_id_4\ * 
              \ADC_SAR_Seq:AMuxHw_2_Decoder_old_id_3\ * 
              \ADC_SAR_Seq:AMuxHw_2_Decoder_old_id_2\ * 
              !\ADC_SAR_Seq:AMuxHw_2_Decoder_old_id_1\ * 
              !\ADC_SAR_Seq:AMuxHw_2_Decoder_old_id_0\
        );
        Output = \ADC_SAR_Seq:AMuxHw_2_Decoder_one_hot_60\ (fanout=1)
        Properties               : 
        {
        }
}

LAB@[UDB=(1,4)][LB=1] #macrocells=4, #inputs=7, #pterms=4
{
    [McSlotId=0]:     MacroCell: Name=\ADC_SAR_Seq:AMuxHw_2_Decoder_one_hot_29\, Mode=(D-Register) @ [UDB=(1,4)][LB=1][MC=0]
        Total # of inputs        : 7
        Total # of product terms : 1
        List of special equations: 
            Clock  = (\ADC_SAR_Seq:clock\) => Global
            Clock Enable: True
        Main Equation            : 1 pterm
        (
              \ADC_SAR_Seq:AMuxHw_2_Decoder_is_active\ * 
              !\ADC_SAR_Seq:AMuxHw_2_Decoder_old_id_5\ * 
              \ADC_SAR_Seq:AMuxHw_2_Decoder_old_id_4\ * 
              \ADC_SAR_Seq:AMuxHw_2_Decoder_old_id_3\ * 
              \ADC_SAR_Seq:AMuxHw_2_Decoder_old_id_2\ * 
              !\ADC_SAR_Seq:AMuxHw_2_Decoder_old_id_1\ * 
              \ADC_SAR_Seq:AMuxHw_2_Decoder_old_id_0\
        );
        Output = \ADC_SAR_Seq:AMuxHw_2_Decoder_one_hot_29\ (fanout=1)
        Properties               : 
        {
        }

    [McSlotId=1]:     MacroCell: Name=\ADC_SAR_Seq:AMuxHw_2_Decoder_one_hot_46\, Mode=(D-Register) @ [UDB=(1,4)][LB=1][MC=1]
        Total # of inputs        : 7
        Total # of product terms : 1
        List of special equations: 
            Clock  = (\ADC_SAR_Seq:clock\) => Global
            Clock Enable: True
        Main Equation            : 1 pterm
        (
              \ADC_SAR_Seq:AMuxHw_2_Decoder_is_active\ * 
              \ADC_SAR_Seq:AMuxHw_2_Decoder_old_id_5\ * 
              !\ADC_SAR_Seq:AMuxHw_2_Decoder_old_id_4\ * 
              \ADC_SAR_Seq:AMuxHw_2_Decoder_old_id_3\ * 
              \ADC_SAR_Seq:AMuxHw_2_Decoder_old_id_2\ * 
              \ADC_SAR_Seq:AMuxHw_2_Decoder_old_id_1\ * 
              !\ADC_SAR_Seq:AMuxHw_2_Decoder_old_id_0\
        );
        Output = \ADC_SAR_Seq:AMuxHw_2_Decoder_one_hot_46\ (fanout=1)
        Properties               : 
        {
        }

    [McSlotId=2]:     MacroCell: Name=\ADC_SAR_Seq:AMuxHw_2_Decoder_one_hot_23\, Mode=(D-Register) @ [UDB=(1,4)][LB=1][MC=2]
        Total # of inputs        : 7
        Total # of product terms : 1
        List of special equations: 
            Clock  = (\ADC_SAR_Seq:clock\) => Global
            Clock Enable: True
        Main Equation            : 1 pterm
        (
              \ADC_SAR_Seq:AMuxHw_2_Decoder_is_active\ * 
              !\ADC_SAR_Seq:AMuxHw_2_Decoder_old_id_5\ * 
              \ADC_SAR_Seq:AMuxHw_2_Decoder_old_id_4\ * 
              !\ADC_SAR_Seq:AMuxHw_2_Decoder_old_id_3\ * 
              \ADC_SAR_Seq:AMuxHw_2_Decoder_old_id_2\ * 
              \ADC_SAR_Seq:AMuxHw_2_Decoder_old_id_1\ * 
              \ADC_SAR_Seq:AMuxHw_2_Decoder_old_id_0\
        );
        Output = \ADC_SAR_Seq:AMuxHw_2_Decoder_one_hot_23\ (fanout=1)
        Properties               : 
        {
        }

    [McSlotId=3]:     MacroCell: Name=\ADC_SAR_Seq:AMuxHw_2_Decoder_one_hot_7\, Mode=(D-Register) @ [UDB=(1,4)][LB=1][MC=3]
        Total # of inputs        : 7
        Total # of product terms : 1
        List of special equations: 
            Clock  = (\ADC_SAR_Seq:clock\) => Global
            Clock Enable: True
        Main Equation            : 1 pterm
        (
              \ADC_SAR_Seq:AMuxHw_2_Decoder_is_active\ * 
              !\ADC_SAR_Seq:AMuxHw_2_Decoder_old_id_5\ * 
              !\ADC_SAR_Seq:AMuxHw_2_Decoder_old_id_4\ * 
              !\ADC_SAR_Seq:AMuxHw_2_Decoder_old_id_3\ * 
              \ADC_SAR_Seq:AMuxHw_2_Decoder_old_id_2\ * 
              \ADC_SAR_Seq:AMuxHw_2_Decoder_old_id_1\ * 
              \ADC_SAR_Seq:AMuxHw_2_Decoder_old_id_0\
        );
        Output = \ADC_SAR_Seq:AMuxHw_2_Decoder_one_hot_7\ (fanout=1)
        Properties               : 
        {
        }
}

controlcell: Name =\ADC_SAR_Seq:bSAR_SEQ:CtrlReg\
    PORT MAP (
        clock => \ADC_SAR_Seq:clock\ ,
        control_7 => \ADC_SAR_Seq:bSAR_SEQ:control_7\ ,
        control_6 => \ADC_SAR_Seq:bSAR_SEQ:control_6\ ,
        control_5 => \ADC_SAR_Seq:bSAR_SEQ:control_5\ ,
        control_4 => \ADC_SAR_Seq:bSAR_SEQ:control_4\ ,
        control_3 => \ADC_SAR_Seq:bSAR_SEQ:control_3\ ,
        control_2 => \ADC_SAR_Seq:bSAR_SEQ:control_2\ ,
        control_1 => \ADC_SAR_Seq:bSAR_SEQ:load_period\ ,
        control_0 => \ADC_SAR_Seq:bSAR_SEQ:enable\ );
    Properties:
    {
        cy_ctrl_mode_0 = "00000111"
        cy_ctrl_mode_1 = "00000110"
        cy_ext_reset = 0
        cy_force_order = 1
        cy_init_value = "00000000"
    }
    Clock Polarity: Active High
    Clock Enable: True

UDB [UDB=(1,5)] contents:
LAB@[UDB=(1,5)][LB=0] #macrocells=3, #inputs=8, #pterms=3
{
    [McSlotId=0]:     MacroCell: Name=\ADC_SAR_Seq:AMuxHw_2_Decoder_one_hot_11\, Mode=(D-Register) @ [UDB=(1,5)][LB=0][MC=0]
        Total # of inputs        : 7
        Total # of product terms : 1
        List of special equations: 
            Clock  = (\ADC_SAR_Seq:clock\) => Global
            Clock Enable: True
        Main Equation            : 1 pterm
        (
              \ADC_SAR_Seq:AMuxHw_2_Decoder_is_active\ * 
              !\ADC_SAR_Seq:AMuxHw_2_Decoder_old_id_5\ * 
              !\ADC_SAR_Seq:AMuxHw_2_Decoder_old_id_4\ * 
              \ADC_SAR_Seq:AMuxHw_2_Decoder_old_id_3\ * 
              !\ADC_SAR_Seq:AMuxHw_2_Decoder_old_id_2\ * 
              \ADC_SAR_Seq:AMuxHw_2_Decoder_old_id_1\ * 
              \ADC_SAR_Seq:AMuxHw_2_Decoder_old_id_0\
        );
        Output = \ADC_SAR_Seq:AMuxHw_2_Decoder_one_hot_11\ (fanout=1)
        Properties               : 
        {
        }

    [McSlotId=1]:     MacroCell: Name=\ADC_SAR_Seq:AMuxHw_2_Decoder_old_id_1\, Mode=(D-Register) @ [UDB=(1,5)][LB=0][MC=1]
        Total # of inputs        : 1
        Total # of product terms : 1
        List of special equations: 
            Clock  = (\ADC_SAR_Seq:clock\) => Global
            Clock Enable: True
        Main Equation            : 1 pterm
        (
              \ADC_SAR_Seq:ch_addr_1\
        );
        Output = \ADC_SAR_Seq:AMuxHw_2_Decoder_old_id_1\ (fanout=65)
        Properties               : 
        {
        }

    [McSlotId=2]: (empty)
    [McSlotId=3]:     MacroCell: Name=\ADC_SAR_Seq:AMuxHw_2_Decoder_one_hot_20\, Mode=(D-Register) @ [UDB=(1,5)][LB=0][MC=3]
        Total # of inputs        : 7
        Total # of product terms : 1
        List of special equations: 
            Clock  = (\ADC_SAR_Seq:clock\) => Global
            Clock Enable: True
        Main Equation            : 1 pterm
        (
              \ADC_SAR_Seq:AMuxHw_2_Decoder_is_active\ * 
              !\ADC_SAR_Seq:AMuxHw_2_Decoder_old_id_5\ * 
              \ADC_SAR_Seq:AMuxHw_2_Decoder_old_id_4\ * 
              !\ADC_SAR_Seq:AMuxHw_2_Decoder_old_id_3\ * 
              \ADC_SAR_Seq:AMuxHw_2_Decoder_old_id_2\ * 
              !\ADC_SAR_Seq:AMuxHw_2_Decoder_old_id_1\ * 
              !\ADC_SAR_Seq:AMuxHw_2_Decoder_old_id_0\
        );
        Output = \ADC_SAR_Seq:AMuxHw_2_Decoder_one_hot_20\ (fanout=1)
        Properties               : 
        {
        }
}

LAB@[UDB=(1,5)][LB=1] #macrocells=4, #inputs=9, #pterms=4
{
    [McSlotId=0]:     MacroCell: Name=\ENGINE_DECODER:Cnt16:CounterUDB:status_0\, Mode=(Combinatorial) @ [UDB=(1,5)][LB=1][MC=0]
        Total # of inputs        : 2
        Total # of product terms : 1
            Clock Enable: True
        Main Equation            : 1 pterm
        (
              \ENGINE_DECODER:Cnt16:CounterUDB:cmp_out_i\ * 
              !\ENGINE_DECODER:Cnt16:CounterUDB:prevCompare\
        );
        Output = \ENGINE_DECODER:Cnt16:CounterUDB:status_0\ (fanout=1)
        Properties               : 
        {
        }

    [McSlotId=1]:     MacroCell: Name=\ADC_SAR_Seq:AMuxHw_2_Decoder_one_hot_50\, Mode=(D-Register) @ [UDB=(1,5)][LB=1][MC=1]
        Total # of inputs        : 7
        Total # of product terms : 1
        List of special equations: 
            Clock  = (\ADC_SAR_Seq:clock\) => Global
            Clock Enable: True
        Main Equation            : 1 pterm
        (
              \ADC_SAR_Seq:AMuxHw_2_Decoder_is_active\ * 
              \ADC_SAR_Seq:AMuxHw_2_Decoder_old_id_5\ * 
              \ADC_SAR_Seq:AMuxHw_2_Decoder_old_id_4\ * 
              !\ADC_SAR_Seq:AMuxHw_2_Decoder_old_id_3\ * 
              !\ADC_SAR_Seq:AMuxHw_2_Decoder_old_id_2\ * 
              \ADC_SAR_Seq:AMuxHw_2_Decoder_old_id_1\ * 
              !\ADC_SAR_Seq:AMuxHw_2_Decoder_old_id_0\
        );
        Output = \ADC_SAR_Seq:AMuxHw_2_Decoder_one_hot_50\ (fanout=1)
        Properties               : 
        {
        }

    [McSlotId=2]:     MacroCell: Name=\ADC_SAR_Seq:AMuxHw_2_Decoder_one_hot_56\, Mode=(D-Register) @ [UDB=(1,5)][LB=1][MC=2]
        Total # of inputs        : 7
        Total # of product terms : 1
        List of special equations: 
            Clock  = (\ADC_SAR_Seq:clock\) => Global
            Clock Enable: True
        Main Equation            : 1 pterm
        (
              \ADC_SAR_Seq:AMuxHw_2_Decoder_is_active\ * 
              \ADC_SAR_Seq:AMuxHw_2_Decoder_old_id_5\ * 
              \ADC_SAR_Seq:AMuxHw_2_Decoder_old_id_4\ * 
              \ADC_SAR_Seq:AMuxHw_2_Decoder_old_id_3\ * 
              !\ADC_SAR_Seq:AMuxHw_2_Decoder_old_id_2\ * 
              !\ADC_SAR_Seq:AMuxHw_2_Decoder_old_id_1\ * 
              !\ADC_SAR_Seq:AMuxHw_2_Decoder_old_id_0\
        );
        Output = \ADC_SAR_Seq:AMuxHw_2_Decoder_one_hot_56\ (fanout=1)
        Properties               : 
        {
        }

    [McSlotId=3]:     MacroCell: Name=\ADC_SAR_Seq:AMuxHw_2_Decoder_one_hot_45\, Mode=(D-Register) @ [UDB=(1,5)][LB=1][MC=3]
        Total # of inputs        : 7
        Total # of product terms : 1
        List of special equations: 
            Clock  = (\ADC_SAR_Seq:clock\) => Global
            Clock Enable: True
        Main Equation            : 1 pterm
        (
              \ADC_SAR_Seq:AMuxHw_2_Decoder_is_active\ * 
              \ADC_SAR_Seq:AMuxHw_2_Decoder_old_id_5\ * 
              !\ADC_SAR_Seq:AMuxHw_2_Decoder_old_id_4\ * 
              \ADC_SAR_Seq:AMuxHw_2_Decoder_old_id_3\ * 
              \ADC_SAR_Seq:AMuxHw_2_Decoder_old_id_2\ * 
              !\ADC_SAR_Seq:AMuxHw_2_Decoder_old_id_1\ * 
              \ADC_SAR_Seq:AMuxHw_2_Decoder_old_id_0\
        );
        Output = \ADC_SAR_Seq:AMuxHw_2_Decoder_one_hot_45\ (fanout=1)
        Properties               : 
        {
        }
}

datapathcell: Name =\ENGINE_DECODER:Cnt16:CounterUDB:sC16:counterdp:u1\
    PORT MAP (
        clock => Net_2319 ,
        cs_addr_2 => \ENGINE_DECODER:Net_1251\ ,
        cs_addr_1 => \ENGINE_DECODER:Cnt16:CounterUDB:count_enable\ ,
        cs_addr_0 => \ENGINE_DECODER:Cnt16:CounterUDB:reload\ ,
        z0_comb => \ENGINE_DECODER:Cnt16:CounterUDB:status_1\ ,
        f0_comb => \ENGINE_DECODER:Cnt16:CounterUDB:overflow\ ,
        ce1_comb => \ENGINE_DECODER:Cnt16:CounterUDB:cmp_out_i\ ,
        f0_bus_stat_comb => \ENGINE_DECODER:Cnt16:CounterUDB:status_6\ ,
        f0_blk_stat_comb => \ENGINE_DECODER:Cnt16:CounterUDB:status_5\ ,
        chain_in => \ENGINE_DECODER:Cnt16:CounterUDB:sC16:counterdp:carry\ );
    Properties:
    {
        a0_init = "00000000"
        a1_init = "00000000"
        ce0_sync = 1
        ce1_sync = 1
        cl0_sync = 1
        cl1_sync = 1
        cmsb_sync = 1
        co_msb_sync = 1
        cy_dpconfig = "0000000001000000000000001000000001000000010000000000000010000000000000000100000000000000100000000010000001000000000000001000000011111111000000001111111111111111101011110000000000000001000001110000000000011000"
        d0_init = "00000000"
        d1_init = "00000000"
        f0_blk_sync = 1
        f0_bus_sync = 1
        f1_blk_sync = 1
        f1_bus_sync = 1
        ff0_sync = 1
        ff1_sync = 1
        ov_msb_sync = 1
        so_sync = 1
        z0_sync = 1
        z1_sync = 1
    }
    Clock Polarity: Active High
    Clock Enable: True
    Previous in chain : \ENGINE_DECODER:Cnt16:CounterUDB:sC16:counterdp:u0\

UDB [UDB=(2,0)] contents:
LAB@[UDB=(2,0)][LB=0] #macrocells=4, #inputs=10, #pterms=7
{
    [McSlotId=0]:     MacroCell: Name=\UART_PSOC:BUART:rx_state_stop1_reg\, Mode=(D-Register) @ [UDB=(2,0)][LB=0][MC=0]
        Total # of inputs        : 4
        Total # of product terms : 1
        List of special equations: 
            Clock  = (\UART_PSOC:Net_9\) => Global
            Clock Enable: True
        Main Equation            : 1 pterm
        !(
              !\UART_PSOC:BUART:tx_ctrl_mark_last\ * 
              !\UART_PSOC:BUART:rx_state_0\ * \UART_PSOC:BUART:rx_state_3\ * 
              \UART_PSOC:BUART:rx_state_2\
        );
        Output = \UART_PSOC:BUART:rx_state_stop1_reg\ (fanout=1)
        Properties               : 
        {
        }

    [McSlotId=1]:     MacroCell: Name=\UART_PSOC:BUART:rx_state_2\, Mode=(T-Register) @ [UDB=(2,0)][LB=0][MC=1]
        Total # of inputs        : 10
        Total # of product terms : 5
        List of special equations: 
            Clock  = (\UART_PSOC:Net_9\) => Global
            Clock Enable: True
        Main Equation            : 5 pterms
        (
              !\UART_PSOC:BUART:tx_ctrl_mark_last\ * 
              !\UART_PSOC:BUART:rx_state_0\ * 
              \UART_PSOC:BUART:rx_bitclk_enable\ * 
              \UART_PSOC:BUART:rx_state_3\
            + !\UART_PSOC:BUART:tx_ctrl_mark_last\ * 
              !\UART_PSOC:BUART:rx_state_0\ * 
              \UART_PSOC:BUART:rx_bitclk_enable\ * 
              \UART_PSOC:BUART:rx_state_2\
            + !\UART_PSOC:BUART:tx_ctrl_mark_last\ * 
              !\UART_PSOC:BUART:rx_state_0\ * !\UART_PSOC:BUART:rx_state_3\ * 
              !\UART_PSOC:BUART:rx_state_2\ * \UART_PSOC:BUART:rx_last\ * 
              !Net_4099_SYNCOUT
            + !\UART_PSOC:BUART:tx_ctrl_mark_last\ * 
              \UART_PSOC:BUART:rx_state_0\ * !\UART_PSOC:BUART:rx_state_3\ * 
              !\UART_PSOC:BUART:rx_state_2\ * !\UART_PSOC:BUART:rx_count_6\ * 
              !\UART_PSOC:BUART:rx_count_5\
            + !\UART_PSOC:BUART:tx_ctrl_mark_last\ * 
              \UART_PSOC:BUART:rx_state_0\ * !\UART_PSOC:BUART:rx_state_3\ * 
              !\UART_PSOC:BUART:rx_state_2\ * !\UART_PSOC:BUART:rx_count_6\ * 
              !\UART_PSOC:BUART:rx_count_4\
        );
        Output = \UART_PSOC:BUART:rx_state_2\ (fanout=7)
        Properties               : 
        {
        }

    [McSlotId=2]:     MacroCell: Name=\UART_PSOC:BUART:rx_state_3\, Mode=(T-Register) @ [UDB=(2,0)][LB=0][MC=2]
        Total # of inputs        : 8
        Total # of product terms : 3
        List of special equations: 
            Clock  = (\UART_PSOC:Net_9\) => Global
            Clock Enable: True
        Main Equation            : 3 pterms
        (
              !\UART_PSOC:BUART:tx_ctrl_mark_last\ * 
              !\UART_PSOC:BUART:rx_state_0\ * 
              \UART_PSOC:BUART:rx_bitclk_enable\ * 
              \UART_PSOC:BUART:rx_state_3\ * \UART_PSOC:BUART:rx_state_2\
            + !\UART_PSOC:BUART:tx_ctrl_mark_last\ * 
              \UART_PSOC:BUART:rx_state_0\ * !\UART_PSOC:BUART:rx_state_3\ * 
              !\UART_PSOC:BUART:rx_state_2\ * !\UART_PSOC:BUART:rx_count_6\ * 
              !\UART_PSOC:BUART:rx_count_5\
            + !\UART_PSOC:BUART:tx_ctrl_mark_last\ * 
              \UART_PSOC:BUART:rx_state_0\ * !\UART_PSOC:BUART:rx_state_3\ * 
              !\UART_PSOC:BUART:rx_state_2\ * !\UART_PSOC:BUART:rx_count_6\ * 
              !\UART_PSOC:BUART:rx_count_4\
        );
        Output = \UART_PSOC:BUART:rx_state_3\ (fanout=7)
        Properties               : 
        {
        }

    [McSlotId=3]:     MacroCell: Name=\UART_PSOC:BUART:tx_ctrl_mark_last\, Mode=(T-Register) @ [UDB=(2,0)][LB=0][MC=3]
        Total # of inputs        : 0
        Total # of product terms : 0
        List of special equations: 
            Clock  = (\UART_PSOC:Net_9\) => Global
            Clock Enable: True
        Main Equation            : 0 pterms
        (
            0
        );
        Output = \UART_PSOC:BUART:tx_ctrl_mark_last\ (fanout=8)
        Properties               : 
        {
        }
}

LAB@[UDB=(2,0)][LB=1] #macrocells=4, #inputs=7, #pterms=4
{
    [McSlotId=0]:     MacroCell: Name=\ADC_SAR_Seq:AMuxHw_2_Decoder_one_hot_24\, Mode=(D-Register) @ [UDB=(2,0)][LB=1][MC=0]
        Total # of inputs        : 7
        Total # of product terms : 1
        List of special equations: 
            Clock  = (\ADC_SAR_Seq:clock\) => Global
            Clock Enable: True
        Main Equation            : 1 pterm
        (
              \ADC_SAR_Seq:AMuxHw_2_Decoder_is_active\ * 
              !\ADC_SAR_Seq:AMuxHw_2_Decoder_old_id_5\ * 
              \ADC_SAR_Seq:AMuxHw_2_Decoder_old_id_4\ * 
              \ADC_SAR_Seq:AMuxHw_2_Decoder_old_id_3\ * 
              !\ADC_SAR_Seq:AMuxHw_2_Decoder_old_id_2\ * 
              !\ADC_SAR_Seq:AMuxHw_2_Decoder_old_id_1\ * 
              !\ADC_SAR_Seq:AMuxHw_2_Decoder_old_id_0\
        );
        Output = \ADC_SAR_Seq:AMuxHw_2_Decoder_one_hot_24\ (fanout=1)
        Properties               : 
        {
        }

    [McSlotId=1]:     MacroCell: Name=\ADC_SAR_Seq:AMuxHw_2_Decoder_one_hot_41\, Mode=(D-Register) @ [UDB=(2,0)][LB=1][MC=1]
        Total # of inputs        : 7
        Total # of product terms : 1
        List of special equations: 
            Clock  = (\ADC_SAR_Seq:clock\) => Global
            Clock Enable: True
        Main Equation            : 1 pterm
        (
              \ADC_SAR_Seq:AMuxHw_2_Decoder_is_active\ * 
              \ADC_SAR_Seq:AMuxHw_2_Decoder_old_id_5\ * 
              !\ADC_SAR_Seq:AMuxHw_2_Decoder_old_id_4\ * 
              \ADC_SAR_Seq:AMuxHw_2_Decoder_old_id_3\ * 
              !\ADC_SAR_Seq:AMuxHw_2_Decoder_old_id_2\ * 
              !\ADC_SAR_Seq:AMuxHw_2_Decoder_old_id_1\ * 
              \ADC_SAR_Seq:AMuxHw_2_Decoder_old_id_0\
        );
        Output = \ADC_SAR_Seq:AMuxHw_2_Decoder_one_hot_41\ (fanout=1)
        Properties               : 
        {
        }

    [McSlotId=2]:     MacroCell: Name=\ADC_SAR_Seq:AMuxHw_2_Decoder_one_hot_4\, Mode=(D-Register) @ [UDB=(2,0)][LB=1][MC=2]
        Total # of inputs        : 7
        Total # of product terms : 1
        List of special equations: 
            Clock  = (\ADC_SAR_Seq:clock\) => Global
            Clock Enable: True
        Main Equation            : 1 pterm
        (
              \ADC_SAR_Seq:AMuxHw_2_Decoder_is_active\ * 
              !\ADC_SAR_Seq:AMuxHw_2_Decoder_old_id_5\ * 
              !\ADC_SAR_Seq:AMuxHw_2_Decoder_old_id_4\ * 
              !\ADC_SAR_Seq:AMuxHw_2_Decoder_old_id_3\ * 
              \ADC_SAR_Seq:AMuxHw_2_Decoder_old_id_2\ * 
              !\ADC_SAR_Seq:AMuxHw_2_Decoder_old_id_1\ * 
              !\ADC_SAR_Seq:AMuxHw_2_Decoder_old_id_0\
        );
        Output = \ADC_SAR_Seq:AMuxHw_2_Decoder_one_hot_4\ (fanout=1)
        Properties               : 
        {
        }

    [McSlotId=3]:     MacroCell: Name=\ADC_SAR_Seq:AMuxHw_2_Decoder_one_hot_48\, Mode=(D-Register) @ [UDB=(2,0)][LB=1][MC=3]
        Total # of inputs        : 7
        Total # of product terms : 1
        List of special equations: 
            Clock  = (\ADC_SAR_Seq:clock\) => Global
            Clock Enable: True
        Main Equation            : 1 pterm
        (
              \ADC_SAR_Seq:AMuxHw_2_Decoder_is_active\ * 
              \ADC_SAR_Seq:AMuxHw_2_Decoder_old_id_5\ * 
              \ADC_SAR_Seq:AMuxHw_2_Decoder_old_id_4\ * 
              !\ADC_SAR_Seq:AMuxHw_2_Decoder_old_id_3\ * 
              !\ADC_SAR_Seq:AMuxHw_2_Decoder_old_id_2\ * 
              !\ADC_SAR_Seq:AMuxHw_2_Decoder_old_id_1\ * 
              !\ADC_SAR_Seq:AMuxHw_2_Decoder_old_id_0\
        );
        Output = \ADC_SAR_Seq:AMuxHw_2_Decoder_one_hot_48\ (fanout=1)
        Properties               : 
        {
        }
}

datapathcell: Name =\ENGINE_PWM:PWMUDB:sP16:pwmdp:u0\
    PORT MAP (
        clock => Net_2319 ,
        cs_addr_2 => \ENGINE_PWM:PWMUDB:tc_i\ ,
        cs_addr_1 => \ENGINE_PWM:PWMUDB:runmode_enable\ ,
        chain_out => \ENGINE_PWM:PWMUDB:sP16:pwmdp:carry\ );
    Properties:
    {
        a0_init = "00000000"
        a1_init = "00000000"
        ce0_sync = 1
        ce1_sync = 1
        cl0_sync = 1
        cl1_sync = 1
        cmsb_sync = 1
        co_msb_sync = 1
        cy_dpconfig = "0000000001000000000000001100000001000000010000000000000011000000000000001100000000000000110000000000000011000000000000001100000011111111000000001111111111111111101000000000000000000100000000000000000000011000"
        d0_init = "00000000"
        d1_init = "00000000"
        f0_blk_sync = 1
        f0_bus_sync = 1
        f1_blk_sync = 1
        f1_bus_sync = 1
        ff0_sync = 1
        ff1_sync = 1
        ov_msb_sync = 1
        so_sync = 1
        z0_sync = 1
        z1_sync = 1
    }
    Clock Polarity: Active High
    Clock Enable: True
    Next in chain : \ENGINE_PWM:PWMUDB:sP16:pwmdp:u1\

statusicell: Name =\ENGINE_PWM:PWMUDB:genblk8:stsreg\
    PORT MAP (
        clock => Net_2319 ,
        status_3 => \ENGINE_PWM:PWMUDB:status_3\ ,
        status_2 => \ENGINE_PWM:PWMUDB:status_2\ ,
        status_0 => \ENGINE_PWM:PWMUDB:status_0\ );
    Properties:
    {
        cy_force_order = 1
        cy_int_mask = "1111111"
        cy_md_select = "0100111"
    }
    Clock Polarity: Active High
    Clock Enable: True

UDB [UDB=(2,1)] contents:
LAB@[UDB=(2,1)][LB=0] #macrocells=4, #inputs=11, #pterms=8
{
    [McSlotId=0]:     MacroCell: Name=\UART_PSOC:BUART:rx_load_fifo\, Mode=(D-Register) @ [UDB=(2,1)][LB=0][MC=0]
        Total # of inputs        : 8
        Total # of product terms : 3
        List of special equations: 
            Clock  = (\UART_PSOC:Net_9\) => Global
            Clock Enable: True
        Main Equation            : 3 pterms
        (
              !\UART_PSOC:BUART:tx_ctrl_mark_last\ * 
              !\UART_PSOC:BUART:rx_state_0\ * 
              \UART_PSOC:BUART:rx_bitclk_enable\ * 
              \UART_PSOC:BUART:rx_state_3\ * !\UART_PSOC:BUART:rx_state_2\
            + !\UART_PSOC:BUART:tx_ctrl_mark_last\ * 
              \UART_PSOC:BUART:rx_state_0\ * !\UART_PSOC:BUART:rx_state_3\ * 
              !\UART_PSOC:BUART:rx_state_2\ * !\UART_PSOC:BUART:rx_count_6\ * 
              !\UART_PSOC:BUART:rx_count_5\
            + !\UART_PSOC:BUART:tx_ctrl_mark_last\ * 
              \UART_PSOC:BUART:rx_state_0\ * !\UART_PSOC:BUART:rx_state_3\ * 
              !\UART_PSOC:BUART:rx_state_2\ * !\UART_PSOC:BUART:rx_count_6\ * 
              !\UART_PSOC:BUART:rx_count_4\
        );
        Output = \UART_PSOC:BUART:rx_load_fifo\ (fanout=2)
        Properties               : 
        {
        }

    [McSlotId=1]:     MacroCell: Name=\UART_PSOC:BUART:rx_counter_load\, Mode=(Combinatorial) @ [UDB=(2,1)][LB=0][MC=1]
        Total # of inputs        : 4
        Total # of product terms : 1
            Clock Enable: True
        Main Equation            : 1 pterm
        (
              !\UART_PSOC:BUART:tx_ctrl_mark_last\ * 
              !\UART_PSOC:BUART:rx_state_0\ * !\UART_PSOC:BUART:rx_state_3\ * 
              !\UART_PSOC:BUART:rx_state_2\
        );
        Output = \UART_PSOC:BUART:rx_counter_load\ (fanout=2)
        Properties               : 
        {
        }

    [McSlotId=2]:     MacroCell: Name=\UART_PSOC:BUART:rx_status_3\, Mode=(D-Register) @ [UDB=(2,1)][LB=0][MC=2]
        Total # of inputs        : 8
        Total # of product terms : 2
        List of special equations: 
            Clock  = (\UART_PSOC:Net_9\) => Global
            Clock Enable: True
        Main Equation            : 2 pterms
        (
              !\UART_PSOC:BUART:tx_ctrl_mark_last\ * 
              !\UART_PSOC:BUART:rx_state_0\ * 
              \UART_PSOC:BUART:rx_bitclk_enable\ * 
              \UART_PSOC:BUART:rx_state_3\ * \UART_PSOC:BUART:rx_state_2\ * 
              !\UART_PSOC:BUART:pollcount_1\ * !\UART_PSOC:BUART:pollcount_0\
            + !\UART_PSOC:BUART:tx_ctrl_mark_last\ * 
              !\UART_PSOC:BUART:rx_state_0\ * 
              \UART_PSOC:BUART:rx_bitclk_enable\ * 
              \UART_PSOC:BUART:rx_state_3\ * \UART_PSOC:BUART:rx_state_2\ * 
              !\UART_PSOC:BUART:pollcount_1\ * !Net_4099_SYNCOUT
        );
        Output = \UART_PSOC:BUART:rx_status_3\ (fanout=1)
        Properties               : 
        {
        }

    [McSlotId=3]:     MacroCell: Name=\UART_PSOC:BUART:rx_state_0\, Mode=(T-Register) @ [UDB=(2,1)][LB=0][MC=3]
        Total # of inputs        : 11
        Total # of product terms : 4
        List of special equations: 
            Clock  = (\UART_PSOC:Net_9\) => Global
            Clock Enable: True
        Main Equation            : 4 pterms
        (
              !\UART_PSOC:BUART:tx_ctrl_mark_last\ * 
              !\UART_PSOC:BUART:rx_state_0\ * 
              \UART_PSOC:BUART:rx_bitclk_enable\ * 
              !\UART_PSOC:BUART:rx_state_3\ * \UART_PSOC:BUART:rx_state_2\ * 
              !\UART_PSOC:BUART:pollcount_1\ * !\UART_PSOC:BUART:pollcount_0\
            + !\UART_PSOC:BUART:tx_ctrl_mark_last\ * 
              !\UART_PSOC:BUART:rx_state_0\ * 
              \UART_PSOC:BUART:rx_bitclk_enable\ * 
              !\UART_PSOC:BUART:rx_state_3\ * \UART_PSOC:BUART:rx_state_2\ * 
              !\UART_PSOC:BUART:pollcount_1\ * !Net_4099_SYNCOUT
            + !\UART_PSOC:BUART:tx_ctrl_mark_last\ * 
              \UART_PSOC:BUART:rx_state_0\ * !\UART_PSOC:BUART:rx_state_3\ * 
              !\UART_PSOC:BUART:rx_state_2\ * !\UART_PSOC:BUART:rx_count_6\ * 
              !\UART_PSOC:BUART:rx_count_5\
            + !\UART_PSOC:BUART:tx_ctrl_mark_last\ * 
              \UART_PSOC:BUART:rx_state_0\ * !\UART_PSOC:BUART:rx_state_3\ * 
              !\UART_PSOC:BUART:rx_state_2\ * !\UART_PSOC:BUART:rx_count_6\ * 
              !\UART_PSOC:BUART:rx_count_4\
        );
        Output = \UART_PSOC:BUART:rx_state_0\ (fanout=8)
        Properties               : 
        {
        }
}

LAB@[UDB=(2,1)][LB=1] #macrocells=4, #inputs=8, #pterms=7
{
    [McSlotId=0]:     MacroCell: Name=\UART_PSOC:BUART:pollcount_1\, Mode=(D-Register) @ [UDB=(2,1)][LB=1][MC=0]
        Total # of inputs        : 5
        Total # of product terms : 3
        List of special equations: 
            Clock  = (\UART_PSOC:Net_9\) => Global
            Clock Enable: True
        Main Equation            : 3 pterms
        (
              !\UART_PSOC:BUART:rx_count_2\ * !\UART_PSOC:BUART:rx_count_1\ * 
              !\UART_PSOC:BUART:pollcount_1\ * \UART_PSOC:BUART:pollcount_0\ * 
              Net_4099_SYNCOUT
            + !\UART_PSOC:BUART:rx_count_2\ * !\UART_PSOC:BUART:rx_count_1\ * 
              \UART_PSOC:BUART:pollcount_1\ * !\UART_PSOC:BUART:pollcount_0\
            + !\UART_PSOC:BUART:rx_count_2\ * !\UART_PSOC:BUART:rx_count_1\ * 
              \UART_PSOC:BUART:pollcount_1\ * !Net_4099_SYNCOUT
        );
        Output = \UART_PSOC:BUART:pollcount_1\ (fanout=4)
        Properties               : 
        {
        }

    [McSlotId=1]:     MacroCell: Name=\UART_PSOC:BUART:pollcount_0\, Mode=(D-Register) @ [UDB=(2,1)][LB=1][MC=1]
        Total # of inputs        : 4
        Total # of product terms : 2
        List of special equations: 
            Clock  = (\UART_PSOC:Net_9\) => Global
            Clock Enable: True
        Main Equation            : 2 pterms
        (
              !\UART_PSOC:BUART:rx_count_2\ * !\UART_PSOC:BUART:rx_count_1\ * 
              !\UART_PSOC:BUART:pollcount_0\ * Net_4099_SYNCOUT
            + !\UART_PSOC:BUART:rx_count_2\ * !\UART_PSOC:BUART:rx_count_1\ * 
              \UART_PSOC:BUART:pollcount_0\ * !Net_4099_SYNCOUT
        );
        Output = \UART_PSOC:BUART:pollcount_0\ (fanout=5)
        Properties               : 
        {
        }

    [McSlotId=2]:     MacroCell: Name=\UART_PSOC:BUART:rx_status_4\, Mode=(Combinatorial) @ [UDB=(2,1)][LB=1][MC=2]
        Total # of inputs        : 2
        Total # of product terms : 1
            Clock Enable: True
        Main Equation            : 1 pterm
        (
              \UART_PSOC:BUART:rx_load_fifo\ * \UART_PSOC:BUART:rx_fifofull\
        );
        Output = \UART_PSOC:BUART:rx_status_4\ (fanout=1)
        Properties               : 
        {
        }

    [McSlotId=3]:     MacroCell: Name=\UART_PSOC:BUART:rx_bitclk_enable\, Mode=(D-Register) @ [UDB=(2,1)][LB=1][MC=3]
        Total # of inputs        : 3
        Total # of product terms : 1
        List of special equations: 
            Clock  = (\UART_PSOC:Net_9\) => Global
            Clock Enable: True
        Main Equation            : 1 pterm
        (
              !\UART_PSOC:BUART:rx_count_2\ * !\UART_PSOC:BUART:rx_count_1\ * 
              !\UART_PSOC:BUART:rx_count_0\
        );
        Output = \UART_PSOC:BUART:rx_bitclk_enable\ (fanout=6)
        Properties               : 
        {
        }
}

statusicell: Name =\UART_PSOC:BUART:sRX:RxSts\
    PORT MAP (
        clock => \UART_PSOC:Net_9\ ,
        status_5 => \UART_PSOC:BUART:rx_status_5\ ,
        status_4 => \UART_PSOC:BUART:rx_status_4\ ,
        status_3 => \UART_PSOC:BUART:rx_status_3\ );
    Properties:
    {
        cy_force_order = 1
        cy_int_mask = "1111111"
        cy_md_select = "1011111"
    }
    Clock Polarity: Active High
    Clock Enable: True

UDB [UDB=(2,2)] contents:
LAB@[UDB=(2,2)][LB=0] #macrocells=1, #inputs=7, #pterms=8
{
    [McSlotId=0]:     MacroCell: Name=\ENGINE_DECODER:Net_1251_split\, Mode=(Combinatorial) @ [UDB=(2,2)][LB=0][MC=0]
        Total # of inputs        : 7
        Total # of product terms : 8
            Clock Enable: True
        Main Equation            : 8 pterms
        (
              \ENGINE_DECODER:Net_1251\ * !\ENGINE_DECODER:Net_1260\ * 
              \ENGINE_DECODER:bQuadDec:quad_B_filt\ * 
              !\ENGINE_DECODER:bQuadDec:error\ * 
              !\ENGINE_DECODER:bQuadDec:state_1\
            + \ENGINE_DECODER:Net_1251\ * !\ENGINE_DECODER:Net_1260\ * 
              \ENGINE_DECODER:bQuadDec:error\ * 
              !\ENGINE_DECODER:bQuadDec:state_1\ * 
              !\ENGINE_DECODER:bQuadDec:state_0\
            + \ENGINE_DECODER:Net_1251\ * 
              !\ENGINE_DECODER:bQuadDec:quad_A_filt\ * 
              !\ENGINE_DECODER:bQuadDec:error\ * 
              !\ENGINE_DECODER:bQuadDec:state_1\ * 
              !\ENGINE_DECODER:bQuadDec:state_0\
            + \ENGINE_DECODER:Net_1251\ * 
              \ENGINE_DECODER:bQuadDec:quad_B_filt\ * 
              !\ENGINE_DECODER:bQuadDec:error\ * 
              !\ENGINE_DECODER:bQuadDec:state_1\ * 
              !\ENGINE_DECODER:bQuadDec:state_0\
            + !\ENGINE_DECODER:Net_1260\ * 
              !\ENGINE_DECODER:bQuadDec:quad_A_filt\ * 
              !\ENGINE_DECODER:bQuadDec:quad_B_filt\ * 
              !\ENGINE_DECODER:bQuadDec:error\ * 
              \ENGINE_DECODER:bQuadDec:state_1\ * 
              !\ENGINE_DECODER:bQuadDec:state_0\
            + !\ENGINE_DECODER:Net_1260\ * 
              \ENGINE_DECODER:bQuadDec:quad_A_filt\ * 
              !\ENGINE_DECODER:bQuadDec:quad_B_filt\ * 
              !\ENGINE_DECODER:bQuadDec:error\ * 
              \ENGINE_DECODER:bQuadDec:state_1\ * 
              \ENGINE_DECODER:bQuadDec:state_0\
            + !\ENGINE_DECODER:Net_1260\ * 
              \ENGINE_DECODER:bQuadDec:quad_A_filt\ * 
              \ENGINE_DECODER:bQuadDec:quad_B_filt\ * 
              !\ENGINE_DECODER:bQuadDec:error\ * 
              !\ENGINE_DECODER:bQuadDec:state_1\ * 
              \ENGINE_DECODER:bQuadDec:state_0\
            + !\ENGINE_DECODER:bQuadDec:quad_A_filt\ * 
              \ENGINE_DECODER:bQuadDec:quad_B_filt\ * 
              !\ENGINE_DECODER:bQuadDec:error\ * 
              !\ENGINE_DECODER:bQuadDec:state_1\ * 
              !\ENGINE_DECODER:bQuadDec:state_0\
        );
        Output = \ENGINE_DECODER:Net_1251_split\ (fanout=1)
        Properties               : 
        {
        }

    [McSlotId=1]: (empty)
    [McSlotId=2]: (empty)
    [McSlotId=3]: (empty)
}

LAB@[UDB=(2,2)][LB=1] #macrocells=3, #inputs=12, #pterms=8
{
    [McSlotId=0]:     MacroCell: Name=\ADC_SAR_Seq:AMuxHw_2_Decoder_is_active\, Mode=(Combinatorial) @ [UDB=(2,2)][LB=1][MC=0]
        Total # of inputs        : 9
        Total # of product terms : 5
            Clock Enable: True
        Main Equation            : 5 pterms
        !(
              !\ADC_SAR_Seq:AMuxHw_2_Decoder_old_id_5\ * 
              \ADC_SAR_Seq:ch_addr_5\
            + !\ADC_SAR_Seq:AMuxHw_2_Decoder_old_id_4\ * 
              \ADC_SAR_Seq:ch_addr_4\
            + !\ADC_SAR_Seq:AMuxHw_2_Decoder_old_id_3\ * 
              \ADC_SAR_Seq:ch_addr_3\
            + !\ADC_SAR_Seq:AMuxHw_2_Decoder_old_id_2\ * 
              \ADC_SAR_Seq:ch_addr_2\
            + \ADC_SAR_Seq:AMuxHw_2_Decoder_is_active_split\
        );
        Output = \ADC_SAR_Seq:AMuxHw_2_Decoder_is_active\ (fanout=64)
        Properties               : 
        {
            soft = 1
        }

    [McSlotId=1]:     MacroCell: Name=\UART_PSOC:BUART:rx_last\, Mode=(D-Register) @ [UDB=(2,2)][LB=1][MC=1]
        Total # of inputs        : 1
        Total # of product terms : 1
        List of special equations: 
            Clock  = (\UART_PSOC:Net_9\) => Global
            Clock Enable: True
        Main Equation            : 1 pterm
        (
              Net_4099_SYNCOUT
        );
        Output = \UART_PSOC:BUART:rx_last\ (fanout=1)
        Properties               : 
        {
        }

    [McSlotId=2]:     MacroCell: Name=\UART_PSOC:BUART:rx_postpoll\, Mode=(Combinatorial) @ [UDB=(2,2)][LB=1][MC=2]
        Total # of inputs        : 3
        Total # of product terms : 2
            Clock Enable: True
        Main Equation            : 2 pterms
        (
              \UART_PSOC:BUART:pollcount_1\
            + \UART_PSOC:BUART:pollcount_0\ * Net_4099_SYNCOUT
        );
        Output = \UART_PSOC:BUART:rx_postpoll\ (fanout=1)
        Properties               : 
        {
        }

    [McSlotId=3]: (empty)
}

datapathcell: Name =\UART_PSOC:BUART:sRX:RxShifter:u0\
    PORT MAP (
        clock => \UART_PSOC:Net_9\ ,
        cs_addr_2 => \UART_PSOC:BUART:tx_ctrl_mark_last\ ,
        cs_addr_1 => \UART_PSOC:BUART:rx_state_0\ ,
        cs_addr_0 => \UART_PSOC:BUART:rx_bitclk_enable\ ,
        route_si => \UART_PSOC:BUART:rx_postpoll\ ,
        f0_load => \UART_PSOC:BUART:rx_load_fifo\ ,
        f0_bus_stat_comb => \UART_PSOC:BUART:rx_fifonotempty\ ,
        f0_blk_stat_comb => \UART_PSOC:BUART:rx_fifofull\ );
    Properties:
    {
        a0_init = "00000000"
        a1_init = "00000000"
        ce0_sync = 1
        ce1_sync = 1
        cl0_sync = 1
        cl1_sync = 1
        cmsb_sync = 1
        co_msb_sync = 1
        cy_dpconfig = "0000000000000000000000000000000000000000000000000000001001000000000100000000000000010000001100000001000000000000000100100001000011111111000000001111111111111111101000000110001001000001111100000000000000001100"
        d0_init = "00000000"
        d1_init = "00000000"
        f0_blk_sync = 1
        f0_bus_sync = 1
        f1_blk_sync = 1
        f1_bus_sync = 1
        ff0_sync = 1
        ff1_sync = 1
        ov_msb_sync = 1
        so_sync = 1
        z0_sync = 1
        z1_sync = 1
    }
    Clock Polarity: Active High
    Clock Enable: True

count7cell: Name =\UART_PSOC:BUART:sRX:RxBitCounter\
    PORT MAP (
        clock => \UART_PSOC:Net_9\ ,
        load => \UART_PSOC:BUART:rx_counter_load\ ,
        count_6 => \UART_PSOC:BUART:rx_count_6\ ,
        count_5 => \UART_PSOC:BUART:rx_count_5\ ,
        count_4 => \UART_PSOC:BUART:rx_count_4\ ,
        count_3 => \UART_PSOC:BUART:rx_count_3\ ,
        count_2 => \UART_PSOC:BUART:rx_count_2\ ,
        count_1 => \UART_PSOC:BUART:rx_count_1\ ,
        count_0 => \UART_PSOC:BUART:rx_count_0\ ,
        tc => \UART_PSOC:BUART:rx_count7_tc\ );
    Properties:
    {
        cy_alt_mode = 0
        cy_init_value = "0000000"
        cy_period = "1110010"
        cy_route_en = 1
        cy_route_ld = 1
    }
    Clock Polarity: Active High
    Clock Enable: True

UDB [UDB=(2,3)] contents:
LAB@[UDB=(2,3)][LB=0] #macrocells=2, #inputs=7, #pterms=4
{
    [McSlotId=0]:     MacroCell: Name=\UART_LOG:BUART:counter_load_not\, Mode=(Combinatorial) @ [UDB=(2,3)][LB=0][MC=0]
        Total # of inputs        : 4
        Total # of product terms : 2
            Clock Enable: True
        Main Equation            : 2 pterms
        !(
              !\UART_LOG:BUART:tx_state_1\ * !\UART_LOG:BUART:tx_state_0\ * 
              \UART_LOG:BUART:tx_bitclk_enable_pre\
            + !\UART_LOG:BUART:tx_state_1\ * !\UART_LOG:BUART:tx_state_0\ * 
              !\UART_LOG:BUART:tx_state_2\
        );
        Output = \UART_LOG:BUART:counter_load_not\ (fanout=1)
        Properties               : 
        {
        }

    [McSlotId=1]: (empty)
    [McSlotId=2]: (empty)
    [McSlotId=3]:     MacroCell: Name=\ADC_SAR_Seq:bSAR_SEQ:bus_clk_nrq_reg\, Mode=(D-Register) @ [UDB=(2,3)][LB=0][MC=3]
        Total # of inputs        : 3
        Total # of product terms : 2
        List of special equations: 
            Clock  = (ClockBlock_BUS_CLK) => Global
            Clock Enable: True
        Main Equation            : 2 pterms
        (
              \ADC_SAR_Seq:bSAR_SEQ:bus_clk_nrq_reg\ * !Net_4143
            + \ADC_SAR_Seq:Net_3935\
        );
        Output = \ADC_SAR_Seq:bSAR_SEQ:bus_clk_nrq_reg\ (fanout=3)
        Properties               : 
        {
        }
}

LAB@[UDB=(2,3)][LB=1] #macrocells=4, #inputs=8, #pterms=8
{
    [McSlotId=0]:     MacroCell: Name=\UART_LOG:BUART:tx_state_2\, Mode=(T-Register) @ [UDB=(2,3)][LB=1][MC=0]
        Total # of inputs        : 6
        Total # of product terms : 4
        List of special equations: 
            Clock  = (\UART_LOG:Net_9\) => Global
            Clock Enable: True
        Main Equation            : 4 pterms
        (
              !\UART_LOG:BUART:tx_state_1\ * !\UART_LOG:BUART:tx_state_0\ * 
              \UART_LOG:BUART:tx_bitclk_enable_pre\ * 
              \UART_LOG:BUART:tx_state_2\
            + \UART_LOG:BUART:tx_state_1\ * \UART_LOG:BUART:tx_state_0\ * 
              \UART_LOG:BUART:tx_bitclk_enable_pre\ * 
              \UART_LOG:BUART:tx_state_2\
            + \UART_LOG:BUART:tx_state_1\ * \UART_LOG:BUART:tx_state_0\ * 
              !\UART_LOG:BUART:tx_state_2\ * \UART_LOG:BUART:tx_bitclk\
            + \UART_LOG:BUART:tx_state_1\ * !\UART_LOG:BUART:tx_state_2\ * 
              \UART_LOG:BUART:tx_counter_dp\ * \UART_LOG:BUART:tx_bitclk\
        );
        Output = \UART_LOG:BUART:tx_state_2\ (fanout=7)
        Properties               : 
        {
        }

    [McSlotId=1]:     MacroCell: Name=\UART_LOG:BUART:tx_bitclk\, Mode=(D-Register) @ [UDB=(2,3)][LB=1][MC=1]
        Total # of inputs        : 4
        Total # of product terms : 2
        List of special equations: 
            Clock  = (\UART_LOG:Net_9\) => Global
            Clock Enable: True
        Main Equation            : 2 pterms
        !(
              !\UART_LOG:BUART:tx_state_1\ * !\UART_LOG:BUART:tx_state_0\ * 
              \UART_LOG:BUART:tx_state_2\
            + !\UART_LOG:BUART:tx_bitclk_enable_pre\
        );
        Output = \UART_LOG:BUART:tx_bitclk\ (fanout=4)
        Properties               : 
        {
        }

    [McSlotId=2]:     MacroCell: Name=\UART_PSOC:BUART:rx_status_5\, Mode=(Combinatorial) @ [UDB=(2,3)][LB=1][MC=2]
        Total # of inputs        : 2
        Total # of product terms : 1
            Clock Enable: True
        Main Equation            : 1 pterm
        (
              \UART_PSOC:BUART:rx_fifonotempty\ * 
              \UART_PSOC:BUART:rx_state_stop1_reg\
        );
        Output = \UART_PSOC:BUART:rx_status_5\ (fanout=1)
        Properties               : 
        {
        }

    [McSlotId=3]:     MacroCell: Name=\UART_LOG:BUART:tx_state_1\, Mode=(T-Register) @ [UDB=(2,3)][LB=1][MC=3]
        Total # of inputs        : 6
        Total # of product terms : 3
        List of special equations: 
            Clock  = (\UART_LOG:Net_9\) => Global
            Clock Enable: True
        Main Equation            : 3 pterms
        (
              \UART_LOG:BUART:tx_state_1\ * \UART_LOG:BUART:tx_state_0\ * 
              \UART_LOG:BUART:tx_bitclk_enable_pre\ * 
              \UART_LOG:BUART:tx_state_2\
            + \UART_LOG:BUART:tx_state_1\ * !\UART_LOG:BUART:tx_state_2\ * 
              \UART_LOG:BUART:tx_counter_dp\ * \UART_LOG:BUART:tx_bitclk\
            + \UART_LOG:BUART:tx_state_0\ * !\UART_LOG:BUART:tx_state_2\ * 
              \UART_LOG:BUART:tx_bitclk\
        );
        Output = \UART_LOG:BUART:tx_state_1\ (fanout=8)
        Properties               : 
        {
        }
}

datapathcell: Name =\UART_LOG:BUART:sTX:sCLOCK:TxBitClkGen\
    PORT MAP (
        clock => \UART_LOG:Net_9\ ,
        cs_addr_0 => \UART_LOG:BUART:counter_load_not\ ,
        ce0_reg => \UART_LOG:BUART:tx_bitclk_enable_pre\ ,
        ce1_reg => \UART_LOG:BUART:tx_counter_dp\ );
    Properties:
    {
        a0_init = "00000000"
        a1_init = "00000000"
        ce0_sync = 1
        ce1_sync = 1
        cl0_sync = 1
        cl1_sync = 1
        cmsb_sync = 1
        co_msb_sync = 1
        cy_dpconfig = "1010100001000000001000000100000000000000000000000000000000000000000000000000000000000000000000000000000000000000000000000000000011111111000000001111111100000111001000000100000000000101111100000000000000001000"
        d0_init = "00000000"
        d1_init = "00000000"
        f0_blk_sync = 1
        f0_bus_sync = 1
        f1_blk_sync = 1
        f1_bus_sync = 1
        ff0_sync = 1
        ff1_sync = 1
        ov_msb_sync = 1
        so_sync = 1
        z0_sync = 1
        z1_sync = 1
    }
    Clock Polarity: Active High
    Clock Enable: True

synccell: Name =PSOC_RX(0)_SYNC
    PORT MAP (
        in => Net_4099 ,
        out => Net_4099_SYNCOUT ,
        clock => ClockBlock_BUS_CLK );
    Properties:
    {
    }
    Clock Polarity: Active High
    Clock Enable: True

UDB [UDB=(2,4)] contents:
LAB@[UDB=(2,4)][LB=1] #macrocells=3, #inputs=9, #pterms=8
{
    [McSlotId=0]:     MacroCell: Name=\ENGINE_DECODER:Net_1251\, Mode=(D-Register) @ [UDB=(2,4)][LB=1][MC=0]
        Total # of inputs        : 8
        Total # of product terms : 4
        List of special equations: 
            Clock  = (Net_2319) => Global
            Clock Enable: True
        Main Equation            : 4 pterms
        (
              \ENGINE_DECODER:Net_1251\ * !\ENGINE_DECODER:Net_1260\ * 
              !\ENGINE_DECODER:bQuadDec:quad_A_filt\ * 
              !\ENGINE_DECODER:bQuadDec:error\ * 
              !\ENGINE_DECODER:bQuadDec:state_0\
            + \ENGINE_DECODER:Net_1251\ * !\ENGINE_DECODER:Net_1260\ * 
              \ENGINE_DECODER:bQuadDec:quad_A_filt\ * 
              !\ENGINE_DECODER:bQuadDec:error\ * 
              \ENGINE_DECODER:bQuadDec:state_0\
            + \ENGINE_DECODER:Net_1251\ * !\ENGINE_DECODER:Net_1260\ * 
              !\ENGINE_DECODER:bQuadDec:quad_B_filt\ * 
              !\ENGINE_DECODER:bQuadDec:error\ * 
              \ENGINE_DECODER:bQuadDec:state_1\
            + \ENGINE_DECODER:Net_1251_split\
        );
        Output = \ENGINE_DECODER:Net_1251\ (fanout=6)
        Properties               : 
        {
        }

    [McSlotId=1]:     MacroCell: Name=\ENGINE_DECODER:Net_1260\, Mode=(D-Register) @ [UDB=(2,4)][LB=1][MC=1]
        Total # of inputs        : 4
        Total # of product terms : 3
        List of special equations: 
            Clock  = (Net_2319) => Global
            Clock Enable: True
        Main Equation            : 3 pterms
        !(
              !\ENGINE_DECODER:Net_1260\ * !\ENGINE_DECODER:bQuadDec:error\
            + !\ENGINE_DECODER:Net_1260\ * !\ENGINE_DECODER:bQuadDec:state_1\ * 
              !\ENGINE_DECODER:bQuadDec:state_0\
            + !\ENGINE_DECODER:bQuadDec:error\ * 
              !\ENGINE_DECODER:bQuadDec:state_1\ * 
              !\ENGINE_DECODER:bQuadDec:state_0\
        );
        Output = \ENGINE_DECODER:Net_1260\ (fanout=10)
        Properties               : 
        {
        }

    [McSlotId=2]:     MacroCell: Name=\ENGINE_DECODER:Cnt16:CounterUDB:prevCompare\, Mode=(D-Register) @ [UDB=(2,4)][LB=1][MC=2]
        Total # of inputs        : 1
        Total # of product terms : 1
        List of special equations: 
            Clock  = (Net_2319) => Global
            Clock Enable: True
        Main Equation            : 1 pterm
        (
              \ENGINE_DECODER:Cnt16:CounterUDB:cmp_out_i\
        );
        Output = \ENGINE_DECODER:Cnt16:CounterUDB:prevCompare\ (fanout=3)
        Properties               : 
        {
        }

    [McSlotId=3]: (empty)
}

datapathcell: Name =\UART_LOG:BUART:sTX:TxShifter:u0\
    PORT MAP (
        clock => \UART_LOG:Net_9\ ,
        cs_addr_2 => \UART_LOG:BUART:tx_state_1\ ,
        cs_addr_1 => \UART_LOG:BUART:tx_state_0\ ,
        cs_addr_0 => \UART_LOG:BUART:tx_bitclk_enable_pre\ ,
        so_comb => \UART_LOG:BUART:tx_shift_out\ ,
        f0_bus_stat_comb => \UART_LOG:BUART:tx_fifo_notfull\ ,
        f0_blk_stat_comb => \UART_LOG:BUART:tx_fifo_empty\ );
    Properties:
    {
        a0_init = "00000000"
        a1_init = "00000000"
        ce0_sync = 1
        ce1_sync = 1
        cl0_sync = 1
        cl1_sync = 1
        cmsb_sync = 1
        co_msb_sync = 1
        cy_dpconfig = "0000000000000000000000000000000000000000000000000000000011000000000000000000000000000010010000000000000000000000000000000000000011111111000000001111111111111111000000000000000001000100111100000000000000001100"
        d0_init = "00000000"
        d1_init = "00000000"
        f0_blk_sync = 1
        f0_bus_sync = 1
        f1_blk_sync = 1
        f1_bus_sync = 1
        ff0_sync = 1
        ff1_sync = 1
        ov_msb_sync = 1
        so_sync = 1
        z0_sync = 1
        z1_sync = 1
    }
    Clock Polarity: Active High
    Clock Enable: True

synccell: Name =\ADC_SAR_Seq:Sync:genblk1[0]:INST\
    PORT MAP (
        clock => ClockBlock_BUS_CLK ,
        in => \ADC_SAR_Seq:nrq\ ,
        out => \ADC_SAR_Seq:Net_3935\ );
    Properties:
    {
    }
    Clock Polarity: Active High
    Clock Enable: True

UDB [UDB=(2,5)] contents:
LAB@[UDB=(2,5)][LB=0] #macrocells=1, #inputs=7, #pterms=5
{
    [McSlotId=0]:     MacroCell: Name=\UART_LOG:BUART:txn\, Mode=(D-Register) @ [UDB=(2,5)][LB=0][MC=0]
        Total # of inputs        : 7
        Total # of product terms : 5
        List of special equations: 
            Clock  = (\UART_LOG:Net_9\) => Global
            Clock Enable: True
        Main Equation            : 5 pterms
        (
              \UART_LOG:BUART:txn\ * \UART_LOG:BUART:tx_state_1\ * 
              !\UART_LOG:BUART:tx_bitclk\
            + \UART_LOG:BUART:txn\ * \UART_LOG:BUART:tx_state_2\
            + !\UART_LOG:BUART:tx_state_1\ * \UART_LOG:BUART:tx_state_0\ * 
              !\UART_LOG:BUART:tx_shift_out\ * !\UART_LOG:BUART:tx_state_2\
            + !\UART_LOG:BUART:tx_state_1\ * \UART_LOG:BUART:tx_state_0\ * 
              !\UART_LOG:BUART:tx_state_2\ * !\UART_LOG:BUART:tx_bitclk\
            + \UART_LOG:BUART:tx_state_1\ * !\UART_LOG:BUART:tx_state_0\ * 
              !\UART_LOG:BUART:tx_shift_out\ * !\UART_LOG:BUART:tx_state_2\ * 
              !\UART_LOG:BUART:tx_counter_dp\ * \UART_LOG:BUART:tx_bitclk\
        );
        Output = \UART_LOG:BUART:txn\ (fanout=2)
        Properties               : 
        {
        }

    [McSlotId=1]: (empty)
    [McSlotId=2]: (empty)
    [McSlotId=3]: (empty)
}

LAB@[UDB=(2,5)][LB=1] #macrocells=3, #inputs=7, #pterms=6
{
    [McSlotId=0]:     MacroCell: Name=\UART_LOG:BUART:tx_state_0\, Mode=(T-Register) @ [UDB=(2,5)][LB=1][MC=0]
        Total # of inputs        : 6
        Total # of product terms : 4
        List of special equations: 
            Clock  = (\UART_LOG:Net_9\) => Global
            Clock Enable: True
        Main Equation            : 4 pterms
        (
              !\UART_LOG:BUART:tx_state_1\ * !\UART_LOG:BUART:tx_state_0\ * 
              \UART_LOG:BUART:tx_bitclk_enable_pre\ * 
              !\UART_LOG:BUART:tx_fifo_empty\
            + !\UART_LOG:BUART:tx_state_1\ * !\UART_LOG:BUART:tx_state_0\ * 
              !\UART_LOG:BUART:tx_fifo_empty\ * !\UART_LOG:BUART:tx_state_2\
            + \UART_LOG:BUART:tx_state_1\ * \UART_LOG:BUART:tx_state_0\ * 
              \UART_LOG:BUART:tx_bitclk_enable_pre\ * 
              \UART_LOG:BUART:tx_fifo_empty\ * \UART_LOG:BUART:tx_state_2\
            + \UART_LOG:BUART:tx_state_0\ * !\UART_LOG:BUART:tx_state_2\ * 
              \UART_LOG:BUART:tx_bitclk\
        );
        Output = \UART_LOG:BUART:tx_state_0\ (fanout=8)
        Properties               : 
        {
        }

    [McSlotId=1]:     MacroCell: Name=\UART_LOG:BUART:tx_status_2\, Mode=(Combinatorial) @ [UDB=(2,5)][LB=1][MC=1]
        Total # of inputs        : 1
        Total # of product terms : 1
            Clock Enable: True
        Main Equation            : 1 pterm
        (
              !\UART_LOG:BUART:tx_fifo_notfull\
        );
        Output = \UART_LOG:BUART:tx_status_2\ (fanout=1)
        Properties               : 
        {
        }

    [McSlotId=2]:     MacroCell: Name=\UART_LOG:BUART:tx_status_0\, Mode=(Combinatorial) @ [UDB=(2,5)][LB=1][MC=2]
        Total # of inputs        : 5
        Total # of product terms : 1
            Clock Enable: True
        Main Equation            : 1 pterm
        (
              !\UART_LOG:BUART:tx_state_1\ * !\UART_LOG:BUART:tx_state_0\ * 
              \UART_LOG:BUART:tx_bitclk_enable_pre\ * 
              \UART_LOG:BUART:tx_fifo_empty\ * \UART_LOG:BUART:tx_state_2\
        );
        Output = \UART_LOG:BUART:tx_status_0\ (fanout=1)
        Properties               : 
        {
        }

    [McSlotId=3]: (empty)
}

statusicell: Name =\UART_LOG:BUART:sTX:TxSts\
    PORT MAP (
        clock => \UART_LOG:Net_9\ ,
        status_3 => \UART_LOG:BUART:tx_fifo_notfull\ ,
        status_2 => \UART_LOG:BUART:tx_status_2\ ,
        status_1 => \UART_LOG:BUART:tx_fifo_empty\ ,
        status_0 => \UART_LOG:BUART:tx_status_0\ );
    Properties:
    {
        cy_force_order = 1
        cy_int_mask = "1111111"
        cy_md_select = "0000001"
    }
    Clock Polarity: Active High
    Clock Enable: True

UDB [UDB=(3,0)] contents:
LAB@[UDB=(3,0)][LB=0] #macrocells=4, #inputs=4, #pterms=4
{
    [McSlotId=0]:     MacroCell: Name=\UART_PSOC:BUART:tx_status_2\, Mode=(Combinatorial) @ [UDB=(3,0)][LB=0][MC=0]
        Total # of inputs        : 1
        Total # of product terms : 1
            Clock Enable: True
        Main Equation            : 1 pterm
        (
              !\UART_PSOC:BUART:tx_fifo_notfull\
        );
        Output = \UART_PSOC:BUART:tx_status_2\ (fanout=1)
        Properties               : 
        {
        }

    [McSlotId=1]:     MacroCell: Name=\ENGINE_PWM:PWMUDB:status_2\, Mode=(Combinatorial) @ [UDB=(3,0)][LB=0][MC=1]
        Total # of inputs        : 2
        Total # of product terms : 1
            Clock Enable: True
        Main Equation            : 1 pterm
        (
              \ENGINE_PWM:PWMUDB:runmode_enable\ * \ENGINE_PWM:PWMUDB:tc_i\
        );
        Output = \ENGINE_PWM:PWMUDB:status_2\ (fanout=1)
        Properties               : 
        {
        }

    [McSlotId=2]:     MacroCell: Name=Net_4310, Mode=(D-Register) @ [UDB=(3,0)][LB=0][MC=2]
        Total # of inputs        : 2
        Total # of product terms : 1
        List of special equations: 
            Clock  = (Net_2319) => Global
            Clock Enable: True
        Main Equation            : 1 pterm
        (
              \ENGINE_PWM:PWMUDB:runmode_enable\ * 
              \ENGINE_PWM:PWMUDB:cmp1_less\
        );
        Output = Net_4310 (fanout=1)
        Properties               : 
        {
        }

    [McSlotId=3]:     MacroCell: Name=\ENGINE_PWM:PWMUDB:prevCompare1\, Mode=(D-Register) @ [UDB=(3,0)][LB=0][MC=3]
        Total # of inputs        : 1
        Total # of product terms : 1
        List of special equations: 
            Clock  = (Net_2319) => Global
            Clock Enable: True
        Main Equation            : 1 pterm
        (
              \ENGINE_PWM:PWMUDB:cmp1_less\
        );
        Output = \ENGINE_PWM:PWMUDB:prevCompare1\ (fanout=1)
        Properties               : 
        {
        }
}

LAB@[UDB=(3,0)][LB=1] #macrocells=2, #inputs=3, #pterms=2
{
    [McSlotId=0]:     MacroCell: Name=\ENGINE_PWM:PWMUDB:status_0\, Mode=(D-Register) @ [UDB=(3,0)][LB=1][MC=0]
        Total # of inputs        : 2
        Total # of product terms : 1
        List of special equations: 
            Clock  = (Net_2319) => Global
            Clock Enable: True
        Main Equation            : 1 pterm
        (
              !\ENGINE_PWM:PWMUDB:prevCompare1\ * 
              \ENGINE_PWM:PWMUDB:cmp1_less\
        );
        Output = \ENGINE_PWM:PWMUDB:status_0\ (fanout=1)
        Properties               : 
        {
        }

    [McSlotId=1]: (empty)
    [McSlotId=2]:     MacroCell: Name=\ENGINE_PWM:PWMUDB:runmode_enable\, Mode=(D-Register) @ [UDB=(3,0)][LB=1][MC=2]
        Total # of inputs        : 1
        Total # of product terms : 1
        List of special equations: 
            Clock  = (Net_2319) => Global
            Clock Enable: True
        Main Equation            : 1 pterm
        (
              \ENGINE_PWM:PWMUDB:control_7\
        );
        Output = \ENGINE_PWM:PWMUDB:runmode_enable\ (fanout=4)
        Properties               : 
        {
        }

    [McSlotId=3]: (empty)
}

datapathcell: Name =\ENGINE_PWM:PWMUDB:sP16:pwmdp:u1\
    PORT MAP (
        clock => Net_2319 ,
        cs_addr_2 => \ENGINE_PWM:PWMUDB:tc_i\ ,
        cs_addr_1 => \ENGINE_PWM:PWMUDB:runmode_enable\ ,
        cl0_comb => \ENGINE_PWM:PWMUDB:cmp1_less\ ,
        z0_comb => \ENGINE_PWM:PWMUDB:tc_i\ ,
        f1_blk_stat_comb => \ENGINE_PWM:PWMUDB:status_3\ ,
        chain_in => \ENGINE_PWM:PWMUDB:sP16:pwmdp:carry\ );
    Properties:
    {
        a0_init = "00000000"
        a1_init = "00000000"
        ce0_sync = 1
        ce1_sync = 1
        cl0_sync = 1
        cl1_sync = 1
        cmsb_sync = 1
        co_msb_sync = 1
        cy_dpconfig = "0000000001000000000000001100000001000000010000000000000011000000000000001100000000000000110000000000000011000000000000001100000011111111000000001111111111111111101011110000000000000100000011110000000000011000"
        d0_init = "00000000"
        d1_init = "00000000"
        f0_blk_sync = 1
        f0_bus_sync = 1
        f1_blk_sync = 1
        f1_bus_sync = 1
        ff0_sync = 1
        ff1_sync = 1
        ov_msb_sync = 1
        so_sync = 1
        z0_sync = 1
        z1_sync = 1
    }
    Clock Polarity: Active High
    Clock Enable: True
    Previous in chain : \ENGINE_PWM:PWMUDB:sP16:pwmdp:u0\

statuscell: Name =\EB_Status_Reg_1:sts:sts_reg\
    PORT MAP (
        status_4 => Net_4081 ,
        status_3 => Net_4073 ,
        status_2 => Net_4074 ,
        status_1 => Net_4075 ,
        status_0 => Net_4080 );
    Properties:
    {
        cy_force_order = 1
        cy_md_select = "00000000"
    }
    Clock Enable: True

controlcell: Name =\ENGINE_PWM:PWMUDB:genblk1:ctrlreg\
    PORT MAP (
        clock => Net_2319 ,
        control_7 => \ENGINE_PWM:PWMUDB:control_7\ ,
        control_6 => \ENGINE_PWM:PWMUDB:control_6\ ,
        control_5 => \ENGINE_PWM:PWMUDB:control_5\ ,
        control_4 => \ENGINE_PWM:PWMUDB:control_4\ ,
        control_3 => \ENGINE_PWM:PWMUDB:control_3\ ,
        control_2 => \ENGINE_PWM:PWMUDB:control_2\ ,
        control_1 => \ENGINE_PWM:PWMUDB:control_1\ ,
        control_0 => \ENGINE_PWM:PWMUDB:control_0\ );
    Properties:
    {
        cy_ctrl_mode_0 = "11111111"
        cy_ctrl_mode_1 = "00000000"
        cy_ext_reset = 0
        cy_force_order = 1
        cy_init_value = "00000000"
    }
    Clock Polarity: Active High
    Clock Enable: True

UDB [UDB=(3,1)] contents:
LAB@[UDB=(3,1)][LB=0] #macrocells=4, #inputs=8, #pterms=4
{
    [McSlotId=0]:     MacroCell: Name=\ADC_SAR_Seq:AMuxHw_2_Decoder_one_hot_35\, Mode=(D-Register) @ [UDB=(3,1)][LB=0][MC=0]
        Total # of inputs        : 7
        Total # of product terms : 1
        List of special equations: 
            Clock  = (\ADC_SAR_Seq:clock\) => Global
            Clock Enable: True
        Main Equation            : 1 pterm
        (
              \ADC_SAR_Seq:AMuxHw_2_Decoder_is_active\ * 
              \ADC_SAR_Seq:AMuxHw_2_Decoder_old_id_5\ * 
              !\ADC_SAR_Seq:AMuxHw_2_Decoder_old_id_4\ * 
              !\ADC_SAR_Seq:AMuxHw_2_Decoder_old_id_3\ * 
              !\ADC_SAR_Seq:AMuxHw_2_Decoder_old_id_2\ * 
              \ADC_SAR_Seq:AMuxHw_2_Decoder_old_id_1\ * 
              \ADC_SAR_Seq:AMuxHw_2_Decoder_old_id_0\
        );
        Output = \ADC_SAR_Seq:AMuxHw_2_Decoder_one_hot_35\ (fanout=1)
        Properties               : 
        {
        }

    [McSlotId=1]:     MacroCell: Name=\ADC_SAR_Seq:AMuxHw_2_Decoder_old_id_5\, Mode=(D-Register) @ [UDB=(3,1)][LB=0][MC=1]
        Total # of inputs        : 1
        Total # of product terms : 1
        List of special equations: 
            Clock  = (\ADC_SAR_Seq:clock\) => Global
            Clock Enable: True
        Main Equation            : 1 pterm
        (
              \ADC_SAR_Seq:ch_addr_5\
        );
        Output = \ADC_SAR_Seq:AMuxHw_2_Decoder_old_id_5\ (fanout=66)
        Properties               : 
        {
        }

    [McSlotId=2]:     MacroCell: Name=\ADC_SAR_Seq:AMuxHw_2_Decoder_one_hot_58\, Mode=(D-Register) @ [UDB=(3,1)][LB=0][MC=2]
        Total # of inputs        : 7
        Total # of product terms : 1
        List of special equations: 
            Clock  = (\ADC_SAR_Seq:clock\) => Global
            Clock Enable: True
        Main Equation            : 1 pterm
        (
              \ADC_SAR_Seq:AMuxHw_2_Decoder_is_active\ * 
              \ADC_SAR_Seq:AMuxHw_2_Decoder_old_id_5\ * 
              \ADC_SAR_Seq:AMuxHw_2_Decoder_old_id_4\ * 
              \ADC_SAR_Seq:AMuxHw_2_Decoder_old_id_3\ * 
              !\ADC_SAR_Seq:AMuxHw_2_Decoder_old_id_2\ * 
              \ADC_SAR_Seq:AMuxHw_2_Decoder_old_id_1\ * 
              !\ADC_SAR_Seq:AMuxHw_2_Decoder_old_id_0\
        );
        Output = \ADC_SAR_Seq:AMuxHw_2_Decoder_one_hot_58\ (fanout=1)
        Properties               : 
        {
        }

    [McSlotId=3]:     MacroCell: Name=\ADC_SAR_Seq:AMuxHw_2_Decoder_one_hot_6\, Mode=(D-Register) @ [UDB=(3,1)][LB=0][MC=3]
        Total # of inputs        : 7
        Total # of product terms : 1
        List of special equations: 
            Clock  = (\ADC_SAR_Seq:clock\) => Global
            Clock Enable: True
        Main Equation            : 1 pterm
        (
              \ADC_SAR_Seq:AMuxHw_2_Decoder_is_active\ * 
              !\ADC_SAR_Seq:AMuxHw_2_Decoder_old_id_5\ * 
              !\ADC_SAR_Seq:AMuxHw_2_Decoder_old_id_4\ * 
              !\ADC_SAR_Seq:AMuxHw_2_Decoder_old_id_3\ * 
              \ADC_SAR_Seq:AMuxHw_2_Decoder_old_id_2\ * 
              \ADC_SAR_Seq:AMuxHw_2_Decoder_old_id_1\ * 
              !\ADC_SAR_Seq:AMuxHw_2_Decoder_old_id_0\
        );
        Output = \ADC_SAR_Seq:AMuxHw_2_Decoder_one_hot_6\ (fanout=1)
        Properties               : 
        {
        }
}

LAB@[UDB=(3,1)][LB=1] #macrocells=4, #inputs=7, #pterms=4
{
    [McSlotId=0]:     MacroCell: Name=\ADC_SAR_Seq:AMuxHw_2_Decoder_one_hot_9\, Mode=(D-Register) @ [UDB=(3,1)][LB=1][MC=0]
        Total # of inputs        : 7
        Total # of product terms : 1
        List of special equations: 
            Clock  = (\ADC_SAR_Seq:clock\) => Global
            Clock Enable: True
        Main Equation            : 1 pterm
        (
              \ADC_SAR_Seq:AMuxHw_2_Decoder_is_active\ * 
              !\ADC_SAR_Seq:AMuxHw_2_Decoder_old_id_5\ * 
              !\ADC_SAR_Seq:AMuxHw_2_Decoder_old_id_4\ * 
              \ADC_SAR_Seq:AMuxHw_2_Decoder_old_id_3\ * 
              !\ADC_SAR_Seq:AMuxHw_2_Decoder_old_id_2\ * 
              !\ADC_SAR_Seq:AMuxHw_2_Decoder_old_id_1\ * 
              \ADC_SAR_Seq:AMuxHw_2_Decoder_old_id_0\
        );
        Output = \ADC_SAR_Seq:AMuxHw_2_Decoder_one_hot_9\ (fanout=1)
        Properties               : 
        {
        }

    [McSlotId=1]:     MacroCell: Name=\ADC_SAR_Seq:AMuxHw_2_Decoder_one_hot_19\, Mode=(D-Register) @ [UDB=(3,1)][LB=1][MC=1]
        Total # of inputs        : 7
        Total # of product terms : 1
        List of special equations: 
            Clock  = (\ADC_SAR_Seq:clock\) => Global
            Clock Enable: True
        Main Equation            : 1 pterm
        (
              \ADC_SAR_Seq:AMuxHw_2_Decoder_is_active\ * 
              !\ADC_SAR_Seq:AMuxHw_2_Decoder_old_id_5\ * 
              \ADC_SAR_Seq:AMuxHw_2_Decoder_old_id_4\ * 
              !\ADC_SAR_Seq:AMuxHw_2_Decoder_old_id_3\ * 
              !\ADC_SAR_Seq:AMuxHw_2_Decoder_old_id_2\ * 
              \ADC_SAR_Seq:AMuxHw_2_Decoder_old_id_1\ * 
              \ADC_SAR_Seq:AMuxHw_2_Decoder_old_id_0\
        );
        Output = \ADC_SAR_Seq:AMuxHw_2_Decoder_one_hot_19\ (fanout=1)
        Properties               : 
        {
        }

    [McSlotId=2]:     MacroCell: Name=\ADC_SAR_Seq:AMuxHw_2_Decoder_one_hot_14\, Mode=(D-Register) @ [UDB=(3,1)][LB=1][MC=2]
        Total # of inputs        : 7
        Total # of product terms : 1
        List of special equations: 
            Clock  = (\ADC_SAR_Seq:clock\) => Global
            Clock Enable: True
        Main Equation            : 1 pterm
        (
              \ADC_SAR_Seq:AMuxHw_2_Decoder_is_active\ * 
              !\ADC_SAR_Seq:AMuxHw_2_Decoder_old_id_5\ * 
              !\ADC_SAR_Seq:AMuxHw_2_Decoder_old_id_4\ * 
              \ADC_SAR_Seq:AMuxHw_2_Decoder_old_id_3\ * 
              \ADC_SAR_Seq:AMuxHw_2_Decoder_old_id_2\ * 
              \ADC_SAR_Seq:AMuxHw_2_Decoder_old_id_1\ * 
              !\ADC_SAR_Seq:AMuxHw_2_Decoder_old_id_0\
        );
        Output = \ADC_SAR_Seq:AMuxHw_2_Decoder_one_hot_14\ (fanout=1)
        Properties               : 
        {
        }

    [McSlotId=3]:     MacroCell: Name=\ADC_SAR_Seq:AMuxHw_2_Decoder_one_hot_63\, Mode=(D-Register) @ [UDB=(3,1)][LB=1][MC=3]
        Total # of inputs        : 7
        Total # of product terms : 1
        List of special equations: 
            Clock  = (\ADC_SAR_Seq:clock\) => Global
            Clock Enable: True
        Main Equation            : 1 pterm
        (
              \ADC_SAR_Seq:AMuxHw_2_Decoder_is_active\ * 
              \ADC_SAR_Seq:AMuxHw_2_Decoder_old_id_5\ * 
              \ADC_SAR_Seq:AMuxHw_2_Decoder_old_id_4\ * 
              \ADC_SAR_Seq:AMuxHw_2_Decoder_old_id_3\ * 
              \ADC_SAR_Seq:AMuxHw_2_Decoder_old_id_2\ * 
              \ADC_SAR_Seq:AMuxHw_2_Decoder_old_id_1\ * 
              \ADC_SAR_Seq:AMuxHw_2_Decoder_old_id_0\
        );
        Output = \ADC_SAR_Seq:AMuxHw_2_Decoder_one_hot_63\ (fanout=1)
        Properties               : 
        {
        }
}

statuscell: Name =\EB_Status_Reg_2:sts:sts_reg\
    PORT MAP (
        status_4 => Net_4079 ,
        status_3 => Net_4078 ,
        status_2 => Net_4077 ,
        status_1 => Net_4076 ,
        status_0 => Net_4124 );
    Properties:
    {
        cy_force_order = 1
        cy_md_select = "00000000"
    }
    Clock Enable: True

UDB [UDB=(3,2)] contents:
LAB@[UDB=(3,2)][LB=0] #macrocells=4, #inputs=7, #pterms=4
{
    [McSlotId=0]:     MacroCell: Name=\ADC_SAR_Seq:AMuxHw_2_Decoder_one_hot_40\, Mode=(D-Register) @ [UDB=(3,2)][LB=0][MC=0]
        Total # of inputs        : 7
        Total # of product terms : 1
        List of special equations: 
            Clock  = (\ADC_SAR_Seq:clock\) => Global
            Clock Enable: True
        Main Equation            : 1 pterm
        (
              \ADC_SAR_Seq:AMuxHw_2_Decoder_is_active\ * 
              \ADC_SAR_Seq:AMuxHw_2_Decoder_old_id_5\ * 
              !\ADC_SAR_Seq:AMuxHw_2_Decoder_old_id_4\ * 
              \ADC_SAR_Seq:AMuxHw_2_Decoder_old_id_3\ * 
              !\ADC_SAR_Seq:AMuxHw_2_Decoder_old_id_2\ * 
              !\ADC_SAR_Seq:AMuxHw_2_Decoder_old_id_1\ * 
              !\ADC_SAR_Seq:AMuxHw_2_Decoder_old_id_0\
        );
        Output = \ADC_SAR_Seq:AMuxHw_2_Decoder_one_hot_40\ (fanout=1)
        Properties               : 
        {
        }

    [McSlotId=1]:     MacroCell: Name=\ADC_SAR_Seq:AMuxHw_2_Decoder_one_hot_53\, Mode=(D-Register) @ [UDB=(3,2)][LB=0][MC=1]
        Total # of inputs        : 7
        Total # of product terms : 1
        List of special equations: 
            Clock  = (\ADC_SAR_Seq:clock\) => Global
            Clock Enable: True
        Main Equation            : 1 pterm
        (
              \ADC_SAR_Seq:AMuxHw_2_Decoder_is_active\ * 
              \ADC_SAR_Seq:AMuxHw_2_Decoder_old_id_5\ * 
              \ADC_SAR_Seq:AMuxHw_2_Decoder_old_id_4\ * 
              !\ADC_SAR_Seq:AMuxHw_2_Decoder_old_id_3\ * 
              \ADC_SAR_Seq:AMuxHw_2_Decoder_old_id_2\ * 
              !\ADC_SAR_Seq:AMuxHw_2_Decoder_old_id_1\ * 
              \ADC_SAR_Seq:AMuxHw_2_Decoder_old_id_0\
        );
        Output = \ADC_SAR_Seq:AMuxHw_2_Decoder_one_hot_53\ (fanout=1)
        Properties               : 
        {
        }

    [McSlotId=2]:     MacroCell: Name=\ADC_SAR_Seq:AMuxHw_2_Decoder_one_hot_31\, Mode=(D-Register) @ [UDB=(3,2)][LB=0][MC=2]
        Total # of inputs        : 7
        Total # of product terms : 1
        List of special equations: 
            Clock  = (\ADC_SAR_Seq:clock\) => Global
            Clock Enable: True
        Main Equation            : 1 pterm
        (
              \ADC_SAR_Seq:AMuxHw_2_Decoder_is_active\ * 
              !\ADC_SAR_Seq:AMuxHw_2_Decoder_old_id_5\ * 
              \ADC_SAR_Seq:AMuxHw_2_Decoder_old_id_4\ * 
              \ADC_SAR_Seq:AMuxHw_2_Decoder_old_id_3\ * 
              \ADC_SAR_Seq:AMuxHw_2_Decoder_old_id_2\ * 
              \ADC_SAR_Seq:AMuxHw_2_Decoder_old_id_1\ * 
              \ADC_SAR_Seq:AMuxHw_2_Decoder_old_id_0\
        );
        Output = \ADC_SAR_Seq:AMuxHw_2_Decoder_one_hot_31\ (fanout=1)
        Properties               : 
        {
        }

    [McSlotId=3]:     MacroCell: Name=\ADC_SAR_Seq:AMuxHw_2_Decoder_one_hot_22\, Mode=(D-Register) @ [UDB=(3,2)][LB=0][MC=3]
        Total # of inputs        : 7
        Total # of product terms : 1
        List of special equations: 
            Clock  = (\ADC_SAR_Seq:clock\) => Global
            Clock Enable: True
        Main Equation            : 1 pterm
        (
              \ADC_SAR_Seq:AMuxHw_2_Decoder_is_active\ * 
              !\ADC_SAR_Seq:AMuxHw_2_Decoder_old_id_5\ * 
              \ADC_SAR_Seq:AMuxHw_2_Decoder_old_id_4\ * 
              !\ADC_SAR_Seq:AMuxHw_2_Decoder_old_id_3\ * 
              \ADC_SAR_Seq:AMuxHw_2_Decoder_old_id_2\ * 
              \ADC_SAR_Seq:AMuxHw_2_Decoder_old_id_1\ * 
              !\ADC_SAR_Seq:AMuxHw_2_Decoder_old_id_0\
        );
        Output = \ADC_SAR_Seq:AMuxHw_2_Decoder_one_hot_22\ (fanout=1)
        Properties               : 
        {
        }
}

LAB@[UDB=(3,2)][LB=1] #macrocells=2, #inputs=2, #pterms=2
{
    [McSlotId=0]:     MacroCell: Name=Net_4143, Mode=(D-Register) @ [UDB=(3,2)][LB=1][MC=0]
        Total # of inputs        : 2
        Total # of product terms : 1
        List of special equations: 
            Clock  = (\ADC_SAR_Seq:clock\) => Global
            Clock Enable: PosEdge(\ADC_SAR_Seq:bSAR_SEQ:enable\)
        Main Equation            : 1 pterm
        (
              \ADC_SAR_Seq:bSAR_SEQ:bus_clk_nrq_reg\ * 
              !\ADC_SAR_Seq:bSAR_SEQ:nrq_reg\
        );
        Output = Net_4143 (fanout=3)
        Properties               : 
        {
        }

    [McSlotId=1]:     MacroCell: Name=\ADC_SAR_Seq:bSAR_SEQ:nrq_reg\, Mode=(D-Register) @ [UDB=(3,2)][LB=1][MC=1]
        Total # of inputs        : 1
        Total # of product terms : 1
        List of special equations: 
            Clock  = (\ADC_SAR_Seq:clock\) => Global
            Clock Enable: PosEdge(\ADC_SAR_Seq:bSAR_SEQ:enable\)
        Main Equation            : 1 pterm
        (
              \ADC_SAR_Seq:bSAR_SEQ:bus_clk_nrq_reg\
        );
        Output = \ADC_SAR_Seq:bSAR_SEQ:nrq_reg\ (fanout=1)
        Properties               : 
        {
        }

    [McSlotId=2]: (empty)
    [McSlotId=3]: (empty)
}

synccell: Name =SCL(0)_SYNC
    PORT MAP (
        in => \I2C:Net_1109_0\ ,
        out => \I2C:Net_1109_0_SYNCOUT\ ,
        clock => ClockBlock_BUS_CLK );
    Properties:
    {
    }
    Clock Polarity: Active High
    Clock Enable: True

synccell: Name =SDA(0)_SYNC
    PORT MAP (
        in => \I2C:Net_1109_1\ ,
        out => \I2C:Net_1109_1_SYNCOUT\ ,
        clock => ClockBlock_BUS_CLK );
    Properties:
    {
    }
    Clock Polarity: Active High
    Clock Enable: True

UDB [UDB=(3,3)] contents:
LAB@[UDB=(3,3)][LB=0] #macrocells=4, #inputs=8, #pterms=4
{
    [McSlotId=0]:     MacroCell: Name=\ADC_SAR_Seq:AMuxHw_2_Decoder_one_hot_18\, Mode=(D-Register) @ [UDB=(3,3)][LB=0][MC=0]
        Total # of inputs        : 7
        Total # of product terms : 1
        List of special equations: 
            Clock  = (\ADC_SAR_Seq:clock\) => Global
            Clock Enable: True
        Main Equation            : 1 pterm
        (
              \ADC_SAR_Seq:AMuxHw_2_Decoder_is_active\ * 
              !\ADC_SAR_Seq:AMuxHw_2_Decoder_old_id_5\ * 
              \ADC_SAR_Seq:AMuxHw_2_Decoder_old_id_4\ * 
              !\ADC_SAR_Seq:AMuxHw_2_Decoder_old_id_3\ * 
              !\ADC_SAR_Seq:AMuxHw_2_Decoder_old_id_2\ * 
              \ADC_SAR_Seq:AMuxHw_2_Decoder_old_id_1\ * 
              !\ADC_SAR_Seq:AMuxHw_2_Decoder_old_id_0\
        );
        Output = \ADC_SAR_Seq:AMuxHw_2_Decoder_one_hot_18\ (fanout=1)
        Properties               : 
        {
        }

    [McSlotId=1]:     MacroCell: Name=\ADC_SAR_Seq:AMuxHw_2_Decoder_one_hot_1\, Mode=(D-Register) @ [UDB=(3,3)][LB=0][MC=1]
        Total # of inputs        : 7
        Total # of product terms : 1
        List of special equations: 
            Clock  = (\ADC_SAR_Seq:clock\) => Global
            Clock Enable: True
        Main Equation            : 1 pterm
        (
              \ADC_SAR_Seq:AMuxHw_2_Decoder_is_active\ * 
              !\ADC_SAR_Seq:AMuxHw_2_Decoder_old_id_5\ * 
              !\ADC_SAR_Seq:AMuxHw_2_Decoder_old_id_4\ * 
              !\ADC_SAR_Seq:AMuxHw_2_Decoder_old_id_3\ * 
              !\ADC_SAR_Seq:AMuxHw_2_Decoder_old_id_2\ * 
              !\ADC_SAR_Seq:AMuxHw_2_Decoder_old_id_1\ * 
              \ADC_SAR_Seq:AMuxHw_2_Decoder_old_id_0\
        );
        Output = \ADC_SAR_Seq:AMuxHw_2_Decoder_one_hot_1\ (fanout=1)
        Properties               : 
        {
        }

    [McSlotId=2]:     MacroCell: Name=\ADC_SAR_Seq:AMuxHw_2_Decoder_one_hot_17\, Mode=(D-Register) @ [UDB=(3,3)][LB=0][MC=2]
        Total # of inputs        : 7
        Total # of product terms : 1
        List of special equations: 
            Clock  = (\ADC_SAR_Seq:clock\) => Global
            Clock Enable: True
        Main Equation            : 1 pterm
        (
              \ADC_SAR_Seq:AMuxHw_2_Decoder_is_active\ * 
              !\ADC_SAR_Seq:AMuxHw_2_Decoder_old_id_5\ * 
              \ADC_SAR_Seq:AMuxHw_2_Decoder_old_id_4\ * 
              !\ADC_SAR_Seq:AMuxHw_2_Decoder_old_id_3\ * 
              !\ADC_SAR_Seq:AMuxHw_2_Decoder_old_id_2\ * 
              !\ADC_SAR_Seq:AMuxHw_2_Decoder_old_id_1\ * 
              \ADC_SAR_Seq:AMuxHw_2_Decoder_old_id_0\
        );
        Output = \ADC_SAR_Seq:AMuxHw_2_Decoder_one_hot_17\ (fanout=1)
        Properties               : 
        {
        }

    [McSlotId=3]:     MacroCell: Name=\ADC_SAR_Seq:AMuxHw_2_Decoder_old_id_3\, Mode=(D-Register) @ [UDB=(3,3)][LB=0][MC=3]
        Total # of inputs        : 1
        Total # of product terms : 1
        List of special equations: 
            Clock  = (\ADC_SAR_Seq:clock\) => Global
            Clock Enable: True
        Main Equation            : 1 pterm
        (
              \ADC_SAR_Seq:ch_addr_3\
        );
        Output = \ADC_SAR_Seq:AMuxHw_2_Decoder_old_id_3\ (fanout=66)
        Properties               : 
        {
        }
}

LAB@[UDB=(3,3)][LB=1] #macrocells=4, #inputs=7, #pterms=4
{
    [McSlotId=0]:     MacroCell: Name=\ADC_SAR_Seq:AMuxHw_2_Decoder_one_hot_15\, Mode=(D-Register) @ [UDB=(3,3)][LB=1][MC=0]
        Total # of inputs        : 7
        Total # of product terms : 1
        List of special equations: 
            Clock  = (\ADC_SAR_Seq:clock\) => Global
            Clock Enable: True
        Main Equation            : 1 pterm
        (
              \ADC_SAR_Seq:AMuxHw_2_Decoder_is_active\ * 
              !\ADC_SAR_Seq:AMuxHw_2_Decoder_old_id_5\ * 
              !\ADC_SAR_Seq:AMuxHw_2_Decoder_old_id_4\ * 
              \ADC_SAR_Seq:AMuxHw_2_Decoder_old_id_3\ * 
              \ADC_SAR_Seq:AMuxHw_2_Decoder_old_id_2\ * 
              \ADC_SAR_Seq:AMuxHw_2_Decoder_old_id_1\ * 
              \ADC_SAR_Seq:AMuxHw_2_Decoder_old_id_0\
        );
        Output = \ADC_SAR_Seq:AMuxHw_2_Decoder_one_hot_15\ (fanout=1)
        Properties               : 
        {
        }

    [McSlotId=1]:     MacroCell: Name=\ADC_SAR_Seq:AMuxHw_2_Decoder_one_hot_2\, Mode=(D-Register) @ [UDB=(3,3)][LB=1][MC=1]
        Total # of inputs        : 7
        Total # of product terms : 1
        List of special equations: 
            Clock  = (\ADC_SAR_Seq:clock\) => Global
            Clock Enable: True
        Main Equation            : 1 pterm
        (
              \ADC_SAR_Seq:AMuxHw_2_Decoder_is_active\ * 
              !\ADC_SAR_Seq:AMuxHw_2_Decoder_old_id_5\ * 
              !\ADC_SAR_Seq:AMuxHw_2_Decoder_old_id_4\ * 
              !\ADC_SAR_Seq:AMuxHw_2_Decoder_old_id_3\ * 
              !\ADC_SAR_Seq:AMuxHw_2_Decoder_old_id_2\ * 
              \ADC_SAR_Seq:AMuxHw_2_Decoder_old_id_1\ * 
              !\ADC_SAR_Seq:AMuxHw_2_Decoder_old_id_0\
        );
        Output = \ADC_SAR_Seq:AMuxHw_2_Decoder_one_hot_2\ (fanout=1)
        Properties               : 
        {
        }

    [McSlotId=2]:     MacroCell: Name=\ADC_SAR_Seq:AMuxHw_2_Decoder_one_hot_0\, Mode=(D-Register) @ [UDB=(3,3)][LB=1][MC=2]
        Total # of inputs        : 7
        Total # of product terms : 1
        List of special equations: 
            Clock  = (\ADC_SAR_Seq:clock\) => Global
            Clock Enable: True
        Main Equation            : 1 pterm
        (
              \ADC_SAR_Seq:AMuxHw_2_Decoder_is_active\ * 
              !\ADC_SAR_Seq:AMuxHw_2_Decoder_old_id_5\ * 
              !\ADC_SAR_Seq:AMuxHw_2_Decoder_old_id_4\ * 
              !\ADC_SAR_Seq:AMuxHw_2_Decoder_old_id_3\ * 
              !\ADC_SAR_Seq:AMuxHw_2_Decoder_old_id_2\ * 
              !\ADC_SAR_Seq:AMuxHw_2_Decoder_old_id_1\ * 
              !\ADC_SAR_Seq:AMuxHw_2_Decoder_old_id_0\
        );
        Output = \ADC_SAR_Seq:AMuxHw_2_Decoder_one_hot_0\ (fanout=1)
        Properties               : 
        {
        }

    [McSlotId=3]:     MacroCell: Name=\ADC_SAR_Seq:AMuxHw_2_Decoder_one_hot_47\, Mode=(D-Register) @ [UDB=(3,3)][LB=1][MC=3]
        Total # of inputs        : 7
        Total # of product terms : 1
        List of special equations: 
            Clock  = (\ADC_SAR_Seq:clock\) => Global
            Clock Enable: True
        Main Equation            : 1 pterm
        (
              \ADC_SAR_Seq:AMuxHw_2_Decoder_is_active\ * 
              \ADC_SAR_Seq:AMuxHw_2_Decoder_old_id_5\ * 
              !\ADC_SAR_Seq:AMuxHw_2_Decoder_old_id_4\ * 
              \ADC_SAR_Seq:AMuxHw_2_Decoder_old_id_3\ * 
              \ADC_SAR_Seq:AMuxHw_2_Decoder_old_id_2\ * 
              \ADC_SAR_Seq:AMuxHw_2_Decoder_old_id_1\ * 
              \ADC_SAR_Seq:AMuxHw_2_Decoder_old_id_0\
        );
        Output = \ADC_SAR_Seq:AMuxHw_2_Decoder_one_hot_47\ (fanout=1)
        Properties               : 
        {
        }
}

statusicell: Name =\UART_PSOC:BUART:sTX:TxSts\
    PORT MAP (
        clock => \UART_PSOC:Net_9\ ,
        status_3 => \UART_PSOC:BUART:tx_fifo_notfull\ ,
        status_2 => \UART_PSOC:BUART:tx_status_2\ ,
        status_1 => \UART_PSOC:BUART:tx_fifo_empty\ ,
        status_0 => \UART_PSOC:BUART:tx_status_0\ );
    Properties:
    {
        cy_force_order = 1
        cy_int_mask = "1111111"
        cy_md_select = "0000001"
    }
    Clock Polarity: Active High
    Clock Enable: True

UDB [UDB=(3,4)] contents:
LAB@[UDB=(3,4)][LB=0] #macrocells=3, #inputs=11, #pterms=6
{
    [McSlotId=0]:     MacroCell: Name=\UART_PSOC:BUART:tx_state_2\, Mode=(T-Register) @ [UDB=(3,4)][LB=0][MC=0]
        Total # of inputs        : 6
        Total # of product terms : 4
        List of special equations: 
            Clock  = (\UART_PSOC:Net_9\) => Global
            Clock Enable: True
        Main Equation            : 4 pterms
        (
              !\UART_PSOC:BUART:tx_state_1\ * !\UART_PSOC:BUART:tx_state_0\ * 
              \UART_PSOC:BUART:tx_bitclk_enable_pre\ * 
              \UART_PSOC:BUART:tx_state_2\
            + \UART_PSOC:BUART:tx_state_1\ * \UART_PSOC:BUART:tx_state_0\ * 
              \UART_PSOC:BUART:tx_bitclk_enable_pre\ * 
              \UART_PSOC:BUART:tx_state_2\
            + \UART_PSOC:BUART:tx_state_1\ * \UART_PSOC:BUART:tx_state_0\ * 
              !\UART_PSOC:BUART:tx_state_2\ * \UART_PSOC:BUART:tx_bitclk\
            + \UART_PSOC:BUART:tx_state_1\ * !\UART_PSOC:BUART:tx_state_2\ * 
              \UART_PSOC:BUART:tx_counter_dp\ * \UART_PSOC:BUART:tx_bitclk\
        );
        Output = \UART_PSOC:BUART:tx_state_2\ (fanout=7)
        Properties               : 
        {
        }

    [McSlotId=1]:     MacroCell: Name=Net_666, Mode=(Combinatorial) @ [UDB=(3,4)][LB=0][MC=1]
        Total # of inputs        : 4
        Total # of product terms : 1
            Clock Enable: True
        Main Equation            : 1 pterm
        !(
              !Net_664 * !Net_665 * !Net_667 * !Net_668
        );
        Output = Net_666 (fanout=1)
        Properties               : 
        {
        }

    [McSlotId=2]: (empty)
    [McSlotId=3]:     MacroCell: Name=\UART_PSOC:BUART:tx_status_0\, Mode=(Combinatorial) @ [UDB=(3,4)][LB=0][MC=3]
        Total # of inputs        : 5
        Total # of product terms : 1
            Clock Enable: True
        Main Equation            : 1 pterm
        (
              !\UART_PSOC:BUART:tx_state_1\ * !\UART_PSOC:BUART:tx_state_0\ * 
              \UART_PSOC:BUART:tx_bitclk_enable_pre\ * 
              \UART_PSOC:BUART:tx_fifo_empty\ * \UART_PSOC:BUART:tx_state_2\
        );
        Output = \UART_PSOC:BUART:tx_status_0\ (fanout=1)
        Properties               : 
        {
        }
}

LAB@[UDB=(3,4)][LB=1] #macrocells=3, #inputs=7, #pterms=8
{
    [McSlotId=0]:     MacroCell: Name=\UART_PSOC:BUART:tx_state_0\, Mode=(T-Register) @ [UDB=(3,4)][LB=1][MC=0]
        Total # of inputs        : 6
        Total # of product terms : 4
        List of special equations: 
            Clock  = (\UART_PSOC:Net_9\) => Global
            Clock Enable: True
        Main Equation            : 4 pterms
        (
              !\UART_PSOC:BUART:tx_state_1\ * !\UART_PSOC:BUART:tx_state_0\ * 
              \UART_PSOC:BUART:tx_bitclk_enable_pre\ * 
              !\UART_PSOC:BUART:tx_fifo_empty\
            + !\UART_PSOC:BUART:tx_state_1\ * !\UART_PSOC:BUART:tx_state_0\ * 
              !\UART_PSOC:BUART:tx_fifo_empty\ * 
              !\UART_PSOC:BUART:tx_state_2\
            + \UART_PSOC:BUART:tx_state_1\ * \UART_PSOC:BUART:tx_state_0\ * 
              \UART_PSOC:BUART:tx_bitclk_enable_pre\ * 
              \UART_PSOC:BUART:tx_fifo_empty\ * \UART_PSOC:BUART:tx_state_2\
            + \UART_PSOC:BUART:tx_state_0\ * !\UART_PSOC:BUART:tx_state_2\ * 
              \UART_PSOC:BUART:tx_bitclk\
        );
        Output = \UART_PSOC:BUART:tx_state_0\ (fanout=8)
        Properties               : 
        {
        }

    [McSlotId=1]:     MacroCell: Name=\UART_PSOC:BUART:tx_state_1\, Mode=(T-Register) @ [UDB=(3,4)][LB=1][MC=1]
        Total # of inputs        : 6
        Total # of product terms : 3
        List of special equations: 
            Clock  = (\UART_PSOC:Net_9\) => Global
            Clock Enable: True
        Main Equation            : 3 pterms
        (
              \UART_PSOC:BUART:tx_state_1\ * \UART_PSOC:BUART:tx_state_0\ * 
              \UART_PSOC:BUART:tx_bitclk_enable_pre\ * 
              \UART_PSOC:BUART:tx_state_2\
            + \UART_PSOC:BUART:tx_state_1\ * !\UART_PSOC:BUART:tx_state_2\ * 
              \UART_PSOC:BUART:tx_counter_dp\ * \UART_PSOC:BUART:tx_bitclk\
            + \UART_PSOC:BUART:tx_state_0\ * !\UART_PSOC:BUART:tx_state_2\ * 
              \UART_PSOC:BUART:tx_bitclk\
        );
        Output = \UART_PSOC:BUART:tx_state_1\ (fanout=8)
        Properties               : 
        {
        }

    [McSlotId=2]:     MacroCell: Name=\UART_PSOC:BUART:tx_bitclk\, Mode=(D-Register) @ [UDB=(3,4)][LB=1][MC=2]
        Total # of inputs        : 4
        Total # of product terms : 2
        List of special equations: 
            Clock  = (\UART_PSOC:Net_9\) => Global
            Clock Enable: True
        Main Equation            : 2 pterms
        !(
              !\UART_PSOC:BUART:tx_state_1\ * !\UART_PSOC:BUART:tx_state_0\ * 
              \UART_PSOC:BUART:tx_state_2\
            + !\UART_PSOC:BUART:tx_bitclk_enable_pre\
        );
        Output = \UART_PSOC:BUART:tx_bitclk\ (fanout=4)
        Properties               : 
        {
        }

    [McSlotId=3]: (empty)
}

datapathcell: Name =\UART_PSOC:BUART:sTX:sCLOCK:TxBitClkGen\
    PORT MAP (
        clock => \UART_PSOC:Net_9\ ,
        cs_addr_0 => \UART_PSOC:BUART:counter_load_not\ ,
        ce0_reg => \UART_PSOC:BUART:tx_bitclk_enable_pre\ ,
        ce1_reg => \UART_PSOC:BUART:tx_counter_dp\ );
    Properties:
    {
        a0_init = "00000000"
        a1_init = "00000000"
        ce0_sync = 1
        ce1_sync = 1
        cl0_sync = 1
        cl1_sync = 1
        cmsb_sync = 1
        co_msb_sync = 1
        cy_dpconfig = "1010100001000000001000000100000000000000000000000000000000000000000000000000000000000000000000000000000000000000000000000000000011111111000000001111111100000111001000000100000000000101111100000000000000001000"
        d0_init = "00000000"
        d1_init = "00000000"
        f0_blk_sync = 1
        f0_bus_sync = 1
        f1_blk_sync = 1
        f1_bus_sync = 1
        ff0_sync = 1
        ff1_sync = 1
        ov_msb_sync = 1
        so_sync = 1
        z0_sync = 1
        z1_sync = 1
    }
    Clock Polarity: Active High
    Clock Enable: True

statuscell: Name =\ADC_SAR_Seq:bSAR_SEQ:EOCSts\
    PORT MAP (
        clock => \ADC_SAR_Seq:clock\ ,
        status_0 => Net_4143 ,
        clk_en => \ADC_SAR_Seq:bSAR_SEQ:enable\ );
    Properties:
    {
        cy_force_order = 1
        cy_md_select = "00000001"
    }
    Clock Polarity: Active High
    Clock Enable: PosEdge(\ADC_SAR_Seq:bSAR_SEQ:enable\)

UDB [UDB=(3,5)] contents:
LAB@[UDB=(3,5)][LB=0] #macrocells=2, #inputs=7, #pterms=6
{
    [McSlotId=0]:     MacroCell: Name=\UART_PSOC:BUART:txn\, Mode=(D-Register) @ [UDB=(3,5)][LB=0][MC=0]
        Total # of inputs        : 7
        Total # of product terms : 5
        List of special equations: 
            Clock  = (\UART_PSOC:Net_9\) => Global
            Clock Enable: True
        Main Equation            : 5 pterms
        (
              \UART_PSOC:BUART:txn\ * \UART_PSOC:BUART:tx_state_1\ * 
              !\UART_PSOC:BUART:tx_bitclk\
            + \UART_PSOC:BUART:txn\ * \UART_PSOC:BUART:tx_state_2\
            + !\UART_PSOC:BUART:tx_state_1\ * \UART_PSOC:BUART:tx_state_0\ * 
              !\UART_PSOC:BUART:tx_shift_out\ * !\UART_PSOC:BUART:tx_state_2\
            + !\UART_PSOC:BUART:tx_state_1\ * \UART_PSOC:BUART:tx_state_0\ * 
              !\UART_PSOC:BUART:tx_state_2\ * !\UART_PSOC:BUART:tx_bitclk\
            + \UART_PSOC:BUART:tx_state_1\ * !\UART_PSOC:BUART:tx_state_0\ * 
              !\UART_PSOC:BUART:tx_shift_out\ * !\UART_PSOC:BUART:tx_state_2\ * 
              !\UART_PSOC:BUART:tx_counter_dp\ * \UART_PSOC:BUART:tx_bitclk\
        );
        Output = \UART_PSOC:BUART:txn\ (fanout=2)
        Properties               : 
        {
        }

    [McSlotId=1]:     MacroCell: Name=Net_4101, Mode=(Combinatorial) @ [UDB=(3,5)][LB=0][MC=1]
        Total # of inputs        : 1
        Total # of product terms : 1
            Clock Enable: True
        Main Equation            : 1 pterm
        (
              !\UART_PSOC:BUART:txn\
        );
        Output = Net_4101 (fanout=1)
        Properties               : 
        {
        }

    [McSlotId=2]: (empty)
    [McSlotId=3]: (empty)
}

LAB@[UDB=(3,5)][LB=1] #macrocells=4, #inputs=11, #pterms=5
{
    [McSlotId=0]:     MacroCell: Name=\ADC_SAR_Seq:AMuxHw_2_Decoder_one_hot_16\, Mode=(D-Register) @ [UDB=(3,5)][LB=1][MC=0]
        Total # of inputs        : 7
        Total # of product terms : 1
        List of special equations: 
            Clock  = (\ADC_SAR_Seq:clock\) => Global
            Clock Enable: True
        Main Equation            : 1 pterm
        (
              \ADC_SAR_Seq:AMuxHw_2_Decoder_is_active\ * 
              !\ADC_SAR_Seq:AMuxHw_2_Decoder_old_id_5\ * 
              \ADC_SAR_Seq:AMuxHw_2_Decoder_old_id_4\ * 
              !\ADC_SAR_Seq:AMuxHw_2_Decoder_old_id_3\ * 
              !\ADC_SAR_Seq:AMuxHw_2_Decoder_old_id_2\ * 
              !\ADC_SAR_Seq:AMuxHw_2_Decoder_old_id_1\ * 
              !\ADC_SAR_Seq:AMuxHw_2_Decoder_old_id_0\
        );
        Output = \ADC_SAR_Seq:AMuxHw_2_Decoder_one_hot_16\ (fanout=1)
        Properties               : 
        {
        }

    [McSlotId=1]:     MacroCell: Name=\ADC_SAR_Seq:AMuxHw_2_Decoder_one_hot_57\, Mode=(D-Register) @ [UDB=(3,5)][LB=1][MC=1]
        Total # of inputs        : 7
        Total # of product terms : 1
        List of special equations: 
            Clock  = (\ADC_SAR_Seq:clock\) => Global
            Clock Enable: True
        Main Equation            : 1 pterm
        (
              \ADC_SAR_Seq:AMuxHw_2_Decoder_is_active\ * 
              \ADC_SAR_Seq:AMuxHw_2_Decoder_old_id_5\ * 
              \ADC_SAR_Seq:AMuxHw_2_Decoder_old_id_4\ * 
              \ADC_SAR_Seq:AMuxHw_2_Decoder_old_id_3\ * 
              !\ADC_SAR_Seq:AMuxHw_2_Decoder_old_id_2\ * 
              !\ADC_SAR_Seq:AMuxHw_2_Decoder_old_id_1\ * 
              \ADC_SAR_Seq:AMuxHw_2_Decoder_old_id_0\
        );
        Output = \ADC_SAR_Seq:AMuxHw_2_Decoder_one_hot_57\ (fanout=1)
        Properties               : 
        {
        }

    [McSlotId=2]:     MacroCell: Name=\UART_PSOC:BUART:counter_load_not\, Mode=(Combinatorial) @ [UDB=(3,5)][LB=1][MC=2]
        Total # of inputs        : 4
        Total # of product terms : 2
            Clock Enable: True
        Main Equation            : 2 pterms
        !(
              !\UART_PSOC:BUART:tx_state_1\ * !\UART_PSOC:BUART:tx_state_0\ * 
              \UART_PSOC:BUART:tx_bitclk_enable_pre\
            + !\UART_PSOC:BUART:tx_state_1\ * !\UART_PSOC:BUART:tx_state_0\ * 
              !\UART_PSOC:BUART:tx_state_2\
        );
        Output = \UART_PSOC:BUART:counter_load_not\ (fanout=1)
        Properties               : 
        {
        }

    [McSlotId=3]:     MacroCell: Name=\ADC_SAR_Seq:AMuxHw_2_Decoder_one_hot_28\, Mode=(D-Register) @ [UDB=(3,5)][LB=1][MC=3]
        Total # of inputs        : 7
        Total # of product terms : 1
        List of special equations: 
            Clock  = (\ADC_SAR_Seq:clock\) => Global
            Clock Enable: True
        Main Equation            : 1 pterm
        (
              \ADC_SAR_Seq:AMuxHw_2_Decoder_is_active\ * 
              !\ADC_SAR_Seq:AMuxHw_2_Decoder_old_id_5\ * 
              \ADC_SAR_Seq:AMuxHw_2_Decoder_old_id_4\ * 
              \ADC_SAR_Seq:AMuxHw_2_Decoder_old_id_3\ * 
              \ADC_SAR_Seq:AMuxHw_2_Decoder_old_id_2\ * 
              !\ADC_SAR_Seq:AMuxHw_2_Decoder_old_id_1\ * 
              !\ADC_SAR_Seq:AMuxHw_2_Decoder_old_id_0\
        );
        Output = \ADC_SAR_Seq:AMuxHw_2_Decoder_one_hot_28\ (fanout=1)
        Properties               : 
        {
        }
}

datapathcell: Name =\UART_PSOC:BUART:sTX:TxShifter:u0\
    PORT MAP (
        clock => \UART_PSOC:Net_9\ ,
        cs_addr_2 => \UART_PSOC:BUART:tx_state_1\ ,
        cs_addr_1 => \UART_PSOC:BUART:tx_state_0\ ,
        cs_addr_0 => \UART_PSOC:BUART:tx_bitclk_enable_pre\ ,
        so_comb => \UART_PSOC:BUART:tx_shift_out\ ,
        f0_bus_stat_comb => \UART_PSOC:BUART:tx_fifo_notfull\ ,
        f0_blk_stat_comb => \UART_PSOC:BUART:tx_fifo_empty\ );
    Properties:
    {
        a0_init = "00000000"
        a1_init = "00000000"
        ce0_sync = 1
        ce1_sync = 1
        cl0_sync = 1
        cl1_sync = 1
        cmsb_sync = 1
        co_msb_sync = 1
        cy_dpconfig = "0000000000000000000000000000000000000000000000000000000011000000000000000000000000000010010000000000000000000000000000000000000011111111000000001111111111111111000000000000000001000100111100000000000000001100"
        d0_init = "00000000"
        d1_init = "00000000"
        f0_blk_sync = 1
        f0_bus_sync = 1
        f1_blk_sync = 1
        f1_bus_sync = 1
        ff0_sync = 1
        ff1_sync = 1
        ov_msb_sync = 1
        so_sync = 1
        z0_sync = 1
        z1_sync = 1
    }
    Clock Polarity: Active High
    Clock Enable: True

Intr container @ [IntrContainer=(0)]: 
  Intr@ [IntrContainer=(0)][IntrId=(0)] 
    interrupt: Name =\ADC_SAR_Seq:IRQ\
        PORT MAP (
            interrupt => Net_4143 );
        Properties:
        {
            int_type = "10"
            is_nmi = 0
        }
  Intr@ [IntrContainer=(0)][IntrId=(1)] 
    interrupt: Name =\ENGINE_DECODER:isr\
        PORT MAP (
            interrupt => Net_4286 );
        Properties:
        {
            int_type = "10"
            is_nmi = 0
        }
  Intr@ [IntrContainer=(0)][IntrId=(2)] 
    interrupt: Name =\USBUART:ep_1\
        PORT MAP (
            interrupt => \USBUART:ep_int_1\ );
        Properties:
        {
            int_type = "10"
            is_nmi = 0
        }
  Intr@ [IntrContainer=(0)][IntrId=(3)] 
    interrupt: Name =\USBUART:ep_2\
        PORT MAP (
            interrupt => \USBUART:ep_int_2\ );
        Properties:
        {
            int_type = "10"
            is_nmi = 0
        }
  Intr@ [IntrContainer=(0)][IntrId=(4)] 
    interrupt: Name =\USBUART:ep_3\
        PORT MAP (
            interrupt => \USBUART:ep_int_3\ );
        Properties:
        {
            int_type = "10"
            is_nmi = 0
        }
  Intr@ [IntrContainer=(0)][IntrId=(5)] 
    interrupt: Name =isr_Button
        PORT MAP (
            interrupt => Net_666 );
        Properties:
        {
            int_type = "00"
            is_nmi = 0
        }
  Intr@ [IntrContainer=(0)][IntrId=(12)] 
    interrupt: Name =\USBUART:dp_int\
        PORT MAP (
            interrupt => \USBUART:Net_1010\ );
        Properties:
        {
            int_type = "10"
            is_nmi = 0
        }
  Intr@ [IntrContainer=(0)][IntrId=(15)] 
    interrupt: Name =\I2C:I2C_IRQ\
        PORT MAP (
            interrupt => \I2C:Net_697\ );
        Properties:
        {
            int_type = "00"
            is_nmi = 0
        }
  Intr@ [IntrContainer=(0)][IntrId=(21)] 
    interrupt: Name =\USBUART:sof_int\
        PORT MAP (
            interrupt => Net_4130 );
        Properties:
        {
            int_type = "10"
            is_nmi = 0
        }
  Intr@ [IntrContainer=(0)][IntrId=(22)] 
    interrupt: Name =\USBUART:arb_int\
        PORT MAP (
            interrupt => \USBUART:Net_1889\ );
        Properties:
        {
            int_type = "10"
            is_nmi = 0
        }
  Intr@ [IntrContainer=(0)][IntrId=(23)] 
    interrupt: Name =\USBUART:bus_reset\
        PORT MAP (
            interrupt => \USBUART:Net_1876\ );
        Properties:
        {
            int_type = "10"
            is_nmi = 0
        }
  Intr@ [IntrContainer=(0)][IntrId=(24)] 
    interrupt: Name =\USBUART:ep_0\
        PORT MAP (
            interrupt => \USBUART:ep_int_0\ );
        Properties:
        {
            int_type = "10"
            is_nmi = 0
        }
Drq container @ [DrqContainer=(0)]: 
  Dma@ [DrqContainer=(0)][DrqId=(0)] 
    drqcell: Name =\ADC_SAR_Seq:FinalBuf\
        PORT MAP (
            dmareq => \ADC_SAR_Seq:Net_3698\ ,
            termin => zero ,
            termout => \ADC_SAR_Seq:nrq\ );
        Properties:
        {
            drq_type = "00"
            num_tds = 0
        }
  Dma@ [DrqContainer=(0)][DrqId=(1)] 
    drqcell: Name =\ADC_SAR_Seq:TempBuf\
        PORT MAP (
            dmareq => \ADC_SAR_Seq:Net_3830\ ,
            termin => zero ,
            termout => \ADC_SAR_Seq:Net_3698\ );
        Properties:
        {
            drq_type = "00"
            num_tds = 0
        }
Port 0 contains the following IO cells:
[IoId=0]: 
Pin : Name = BUTTON_1(0)
    Attributes:
        In Group/Port: True
        In Sync Option: NOSYNC
        Out Sync Option: AUTO
        Interrupt generated: False
        Interrupt mode: NONE
        Drive mode: HI_Z_DIGITAL
        VTrip: CMOS
        Slew: FAST
        Input Sync needed: False
        Output Sync needed: False
        SC shield enabled: False
        POR State: ANY
        LCD Mode: COMMON
        Register Mode: RegComb
        CaSense Mode: NEITHER
        Treat as pin: True
        Is OE Registered: False
        Uses Analog: False
        Can contain Digital: True
        Is SIO: False
        SIO Output Buf: NONREGULATED
        SIO Input Buf: SINGLE_ENDED
        SIO HiFreq: LOW
        SIO Hyst: DISABLED
        SIO Vtrip: MULTIPLIER_0_5
        SIO Multiplier Index: 0
        SIO RefSel: VCC_IO
        Required Capabilities: DIGITAL, ROUTABLE
        Initial Value: 0
        IO Voltage: 0
    PORT MAP (
        pa_out => BUTTON_1(0)__PA ,
        fb => Net_664 ,
        pad => BUTTON_1(0)_PAD );
    Properties:
    {
    }

[IoId=1]: 
Pin : Name = BUTTON_2(0)
    Attributes:
        In Group/Port: True
        In Sync Option: NOSYNC
        Out Sync Option: AUTO
        Interrupt generated: False
        Interrupt mode: NONE
        Drive mode: HI_Z_DIGITAL
        VTrip: CMOS
        Slew: FAST
        Input Sync needed: False
        Output Sync needed: False
        SC shield enabled: False
        POR State: ANY
        LCD Mode: COMMON
        Register Mode: RegComb
        CaSense Mode: NEITHER
        Treat as pin: True
        Is OE Registered: False
        Uses Analog: False
        Can contain Digital: True
        Is SIO: False
        SIO Output Buf: NONREGULATED
        SIO Input Buf: SINGLE_ENDED
        SIO HiFreq: LOW
        SIO Hyst: DISABLED
        SIO Vtrip: MULTIPLIER_0_5
        SIO Multiplier Index: 0
        SIO RefSel: VCC_IO
        Required Capabilities: DIGITAL, ROUTABLE
        Initial Value: 0
        IO Voltage: 0
    PORT MAP (
        pa_out => BUTTON_2(0)__PA ,
        fb => Net_665 ,
        pad => BUTTON_2(0)_PAD );
    Properties:
    {
    }

[IoId=2]: 
Pin : Name = BUTTON_3(0)
    Attributes:
        In Group/Port: True
        In Sync Option: NOSYNC
        Out Sync Option: AUTO
        Interrupt generated: False
        Interrupt mode: NONE
        Drive mode: HI_Z_DIGITAL
        VTrip: CMOS
        Slew: FAST
        Input Sync needed: False
        Output Sync needed: False
        SC shield enabled: False
        POR State: ANY
        LCD Mode: COMMON
        Register Mode: RegComb
        CaSense Mode: NEITHER
        Treat as pin: True
        Is OE Registered: False
        Uses Analog: False
        Can contain Digital: True
        Is SIO: False
        SIO Output Buf: NONREGULATED
        SIO Input Buf: SINGLE_ENDED
        SIO HiFreq: LOW
        SIO Hyst: DISABLED
        SIO Vtrip: MULTIPLIER_0_5
        SIO Multiplier Index: 0
        SIO RefSel: VCC_IO
        Required Capabilities: DIGITAL, ROUTABLE
        Initial Value: 0
        IO Voltage: 0
    PORT MAP (
        pa_out => BUTTON_3(0)__PA ,
        fb => Net_667 ,
        pad => BUTTON_3(0)_PAD );
    Properties:
    {
    }

[IoId=3]: 
Pin : Name = BUTTON_4(0)
    Attributes:
        In Group/Port: True
        In Sync Option: NOSYNC
        Out Sync Option: AUTO
        Interrupt generated: False
        Interrupt mode: NONE
        Drive mode: HI_Z_DIGITAL
        VTrip: CMOS
        Slew: FAST
        Input Sync needed: False
        Output Sync needed: False
        SC shield enabled: False
        POR State: ANY
        LCD Mode: COMMON
        Register Mode: RegComb
        CaSense Mode: NEITHER
        Treat as pin: True
        Is OE Registered: False
        Uses Analog: False
        Can contain Digital: True
        Is SIO: False
        SIO Output Buf: NONREGULATED
        SIO Input Buf: SINGLE_ENDED
        SIO HiFreq: LOW
        SIO Hyst: DISABLED
        SIO Vtrip: MULTIPLIER_0_5
        SIO Multiplier Index: 0
        SIO RefSel: VCC_IO
        Required Capabilities: DIGITAL, ROUTABLE
        Initial Value: 0
        IO Voltage: 0
    PORT MAP (
        pa_out => BUTTON_4(0)__PA ,
        fb => Net_668 ,
        pad => BUTTON_4(0)_PAD );
    Properties:
    {
    }

[IoId=4]: 
Pin : Name = AnalogIN_1(0)
    Attributes:
        In Group/Port: True
        In Sync Option: AUTO
        Out Sync Option: AUTO
        Interrupt generated: False
        Interrupt mode: NONE
        Drive mode: HI_Z_ANALOG
        VTrip: EITHER
        Slew: FAST
        Input Sync needed: False
        Output Sync needed: False
        SC shield enabled: False
        POR State: ANY
        LCD Mode: COMMON
        Register Mode: RegComb
        CaSense Mode: NEITHER
        Treat as pin: True
        Is OE Registered: False
        Uses Analog: True
        Can contain Digital: False
        Is SIO: False
        SIO Output Buf: NONREGULATED
        SIO Input Buf: SINGLE_ENDED
        SIO HiFreq: LOW
        SIO Hyst: DISABLED
        SIO Vtrip: MULTIPLIER_0_5
        SIO Multiplier Index: 0
        SIO RefSel: VCC_IO
        Required Capabilities: ANALOG
        Initial Value: 0
        IO Voltage: 0
    PORT MAP (
        pa_out => AnalogIN_1(0)__PA ,
        analog_term => Net_4138 ,
        pad => AnalogIN_1(0)_PAD ,
        pin_input => \ADC_SAR_Seq:AMuxHw_2_Decoder_one_hot_0\ );
    Properties:
    {
    }

[IoId=5]: 
Pin : Name = AnalogIN_2(0)
    Attributes:
        In Group/Port: True
        In Sync Option: AUTO
        Out Sync Option: AUTO
        Interrupt generated: False
        Interrupt mode: NONE
        Drive mode: HI_Z_ANALOG
        VTrip: EITHER
        Slew: FAST
        Input Sync needed: False
        Output Sync needed: False
        SC shield enabled: False
        POR State: ANY
        LCD Mode: COMMON
        Register Mode: RegComb
        CaSense Mode: NEITHER
        Treat as pin: True
        Is OE Registered: False
        Uses Analog: True
        Can contain Digital: False
        Is SIO: False
        SIO Output Buf: NONREGULATED
        SIO Input Buf: SINGLE_ENDED
        SIO HiFreq: LOW
        SIO Hyst: DISABLED
        SIO Vtrip: MULTIPLIER_0_5
        SIO Multiplier Index: 0
        SIO RefSel: VCC_IO
        Required Capabilities: ANALOG
        Initial Value: 0
        IO Voltage: 0
    PORT MAP (
        pa_out => AnalogIN_2(0)__PA ,
        analog_term => Net_4144 ,
        pad => AnalogIN_2(0)_PAD ,
        pin_input => \ADC_SAR_Seq:AMuxHw_2_Decoder_one_hot_1\ );
    Properties:
    {
    }

[IoId=6]: 
Pin : Name = AnalogIN_3(0)
    Attributes:
        In Group/Port: True
        In Sync Option: AUTO
        Out Sync Option: AUTO
        Interrupt generated: False
        Interrupt mode: NONE
        Drive mode: HI_Z_ANALOG
        VTrip: EITHER
        Slew: FAST
        Input Sync needed: False
        Output Sync needed: False
        SC shield enabled: False
        POR State: ANY
        LCD Mode: COMMON
        Register Mode: RegComb
        CaSense Mode: NEITHER
        Treat as pin: True
        Is OE Registered: False
        Uses Analog: True
        Can contain Digital: False
        Is SIO: False
        SIO Output Buf: NONREGULATED
        SIO Input Buf: SINGLE_ENDED
        SIO HiFreq: LOW
        SIO Hyst: DISABLED
        SIO Vtrip: MULTIPLIER_0_5
        SIO Multiplier Index: 0
        SIO RefSel: VCC_IO
        Required Capabilities: ANALOG
        Initial Value: 0
        IO Voltage: 0
    PORT MAP (
        pa_out => AnalogIN_3(0)__PA ,
        analog_term => Net_4139 ,
        pad => AnalogIN_3(0)_PAD ,
        pin_input => \ADC_SAR_Seq:AMuxHw_2_Decoder_one_hot_2\ );
    Properties:
    {
    }

Port 1 contains the following IO cells:
[IoId=2]: 
Pin : Name = LED_2(0)
    Attributes:
        In Group/Port: True
        In Sync Option: AUTO
        Out Sync Option: NOSYNC
        Interrupt generated: False
        Interrupt mode: NONE
        Drive mode: CMOS_OUT
        VTrip: EITHER
        Slew: FAST
        Input Sync needed: False
        Output Sync needed: False
        SC shield enabled: False
        POR State: ANY
        LCD Mode: COMMON
        Register Mode: RegComb
        CaSense Mode: NEITHER
        Treat as pin: True
        Is OE Registered: False
        Uses Analog: False
        Can contain Digital: True
        Is SIO: False
        SIO Output Buf: NONREGULATED
        SIO Input Buf: SINGLE_ENDED
        SIO HiFreq: LOW
        SIO Hyst: DISABLED
        SIO Vtrip: MULTIPLIER_0_5
        SIO Multiplier Index: 0
        SIO RefSel: VCC_IO
        Required Capabilities: DIGITAL
        Initial Value: 0
        IO Voltage: 0
    PORT MAP (
        pa_out => LED_2(0)__PA ,
        pad => LED_2(0)_PAD );
    Properties:
    {
    }

[IoId=4]: 
Pin : Name = Pin_Encoder_B(0)
    Attributes:
        In Group/Port: True
        In Sync Option: NOSYNC
        Out Sync Option: AUTO
        Interrupt generated: False
        Interrupt mode: NONE
        Drive mode: HI_Z_DIGITAL
        VTrip: CMOS
        Slew: FAST
        Input Sync needed: False
        Output Sync needed: False
        SC shield enabled: False
        POR State: ANY
        LCD Mode: COMMON
        Register Mode: RegComb
        CaSense Mode: NEITHER
        Treat as pin: True
        Is OE Registered: False
        Uses Analog: False
        Can contain Digital: True
        Is SIO: False
        SIO Output Buf: NONREGULATED
        SIO Input Buf: SINGLE_ENDED
        SIO HiFreq: LOW
        SIO Hyst: DISABLED
        SIO Vtrip: MULTIPLIER_0_5
        SIO Multiplier Index: 0
        SIO RefSel: VCC_IO
        Required Capabilities: DIGITAL, ROUTABLE
        Initial Value: 0
        IO Voltage: 0
    PORT MAP (
        pa_out => Pin_Encoder_B(0)__PA ,
        fb => Net_3898 ,
        pad => Pin_Encoder_B(0)_PAD );
    Properties:
    {
    }

[IoId=5]: 
Pin : Name = Pin_Encoder_A(0)
    Attributes:
        In Group/Port: True
        In Sync Option: NOSYNC
        Out Sync Option: AUTO
        Interrupt generated: False
        Interrupt mode: NONE
        Drive mode: HI_Z_DIGITAL
        VTrip: CMOS
        Slew: FAST
        Input Sync needed: False
        Output Sync needed: False
        SC shield enabled: False
        POR State: ANY
        LCD Mode: COMMON
        Register Mode: RegComb
        CaSense Mode: NEITHER
        Treat as pin: True
        Is OE Registered: False
        Uses Analog: False
        Can contain Digital: True
        Is SIO: False
        SIO Output Buf: NONREGULATED
        SIO Input Buf: SINGLE_ENDED
        SIO HiFreq: LOW
        SIO Hyst: DISABLED
        SIO Vtrip: MULTIPLIER_0_5
        SIO Multiplier Index: 0
        SIO RefSel: VCC_IO
        Required Capabilities: DIGITAL, ROUTABLE
        Initial Value: 0
        IO Voltage: 0
    PORT MAP (
        pa_out => Pin_Encoder_A(0)__PA ,
        fb => Net_3908 ,
        pad => Pin_Encoder_A(0)_PAD );
    Properties:
    {
    }

Port 2 contains the following IO cells:
[IoId=0]: 
Pin : Name = LED_1(0)
    Attributes:
        In Group/Port: True
        In Sync Option: AUTO
        Out Sync Option: NOSYNC
        Interrupt generated: False
        Interrupt mode: NONE
        Drive mode: CMOS_OUT
        VTrip: EITHER
        Slew: FAST
        Input Sync needed: False
        Output Sync needed: False
        SC shield enabled: False
        POR State: ANY
        LCD Mode: COMMON
        Register Mode: RegComb
        CaSense Mode: NEITHER
        Treat as pin: True
        Is OE Registered: False
        Uses Analog: False
        Can contain Digital: True
        Is SIO: False
        SIO Output Buf: NONREGULATED
        SIO Input Buf: SINGLE_ENDED
        SIO HiFreq: LOW
        SIO Hyst: DISABLED
        SIO Vtrip: MULTIPLIER_0_5
        SIO Multiplier Index: 0
        SIO RefSel: VCC_IO
        Required Capabilities: DIGITAL
        Initial Value: 0
        IO Voltage: 0
    PORT MAP (
        pa_out => LED_1(0)__PA ,
        pad => LED_1(0)_PAD );
    Properties:
    {
    }

[IoId=3]: 
Pin : Name = Pin_Engine_Mode_1(0)
    Attributes:
        In Group/Port: True
        In Sync Option: AUTO
        Out Sync Option: NOSYNC
        Interrupt generated: False
        Interrupt mode: NONE
        Drive mode: CMOS_OUT
        VTrip: EITHER
        Slew: FAST
        Input Sync needed: False
        Output Sync needed: False
        SC shield enabled: False
        POR State: ANY
        LCD Mode: COMMON
        Register Mode: RegComb
        CaSense Mode: NEITHER
        Treat as pin: True
        Is OE Registered: False
        Uses Analog: False
        Can contain Digital: True
        Is SIO: False
        SIO Output Buf: NONREGULATED
        SIO Input Buf: SINGLE_ENDED
        SIO HiFreq: LOW
        SIO Hyst: DISABLED
        SIO Vtrip: MULTIPLIER_0_5
        SIO Multiplier Index: 0
        SIO RefSel: VCC_IO
        Required Capabilities: DIGITAL, ROUTABLE
        Initial Value: 0
        IO Voltage: 0
    PORT MAP (
        pa_out => Pin_Engine_Mode_1(0)__PA ,
        pin_input => Net_4290 ,
        pad => Pin_Engine_Mode_1(0)_PAD );
    Properties:
    {
    }

[IoId=4]: 
Pin : Name = Pin_Engine_Mode_2(0)
    Attributes:
        In Group/Port: True
        In Sync Option: AUTO
        Out Sync Option: NOSYNC
        Interrupt generated: False
        Interrupt mode: NONE
        Drive mode: CMOS_OUT
        VTrip: EITHER
        Slew: FAST
        Input Sync needed: False
        Output Sync needed: False
        SC shield enabled: False
        POR State: ANY
        LCD Mode: COMMON
        Register Mode: RegComb
        CaSense Mode: NEITHER
        Treat as pin: True
        Is OE Registered: False
        Uses Analog: False
        Can contain Digital: True
        Is SIO: False
        SIO Output Buf: NONREGULATED
        SIO Input Buf: SINGLE_ENDED
        SIO HiFreq: LOW
        SIO Hyst: DISABLED
        SIO Vtrip: MULTIPLIER_0_5
        SIO Multiplier Index: 0
        SIO RefSel: VCC_IO
        Required Capabilities: DIGITAL, ROUTABLE
        Initial Value: 0
        IO Voltage: 0
    PORT MAP (
        pa_out => Pin_Engine_Mode_2(0)__PA ,
        pin_input => Net_4287 ,
        pad => Pin_Engine_Mode_2(0)_PAD );
    Properties:
    {
    }

[IoId=5]: 
Pin : Name = Pin_Engine_PWM(0)
    Attributes:
        In Group/Port: True
        In Sync Option: AUTO
        Out Sync Option: NOSYNC
        Interrupt generated: False
        Interrupt mode: NONE
        Drive mode: CMOS_OUT
        VTrip: EITHER
        Slew: FAST
        Input Sync needed: False
        Output Sync needed: False
        SC shield enabled: False
        POR State: ANY
        LCD Mode: COMMON
        Register Mode: RegComb
        CaSense Mode: NEITHER
        Treat as pin: True
        Is OE Registered: False
        Uses Analog: False
        Can contain Digital: True
        Is SIO: False
        SIO Output Buf: NONREGULATED
        SIO Input Buf: SINGLE_ENDED
        SIO HiFreq: LOW
        SIO Hyst: DISABLED
        SIO Vtrip: MULTIPLIER_0_5
        SIO Multiplier Index: 0
        SIO RefSel: VCC_IO
        Required Capabilities: DIGITAL, ROUTABLE
        Initial Value: 0
        IO Voltage: 0
    PORT MAP (
        pa_out => Pin_Engine_PWM(0)__PA ,
        pin_input => Net_4310 ,
        pad => Pin_Engine_PWM(0)_PAD );
    Properties:
    {
    }

[IoId=7]: 
Pin : Name = LED_3(0)
    Attributes:
        In Group/Port: True
        In Sync Option: AUTO
        Out Sync Option: NOSYNC
        Interrupt generated: False
        Interrupt mode: NONE
        Drive mode: CMOS_OUT
        VTrip: EITHER
        Slew: FAST
        Input Sync needed: False
        Output Sync needed: False
        SC shield enabled: False
        POR State: ANY
        LCD Mode: COMMON
        Register Mode: RegComb
        CaSense Mode: NEITHER
        Treat as pin: True
        Is OE Registered: False
        Uses Analog: False
        Can contain Digital: True
        Is SIO: False
        SIO Output Buf: NONREGULATED
        SIO Input Buf: SINGLE_ENDED
        SIO HiFreq: LOW
        SIO Hyst: DISABLED
        SIO Vtrip: MULTIPLIER_0_5
        SIO Multiplier Index: 0
        SIO RefSel: VCC_IO
        Required Capabilities: DIGITAL
        Initial Value: 0
        IO Voltage: 0
    PORT MAP (
        pa_out => LED_3(0)__PA ,
        pad => LED_3(0)_PAD );
    Properties:
    {
    }

Port 3 contains the following IO cells:
[IoId=0]: 
Pin : Name = Pin_Safe_1(0)
    Attributes:
        In Group/Port: True
        In Sync Option: AUTO
        Out Sync Option: NOSYNC
        Interrupt generated: False
        Interrupt mode: NONE
        Drive mode: CMOS_OUT
        VTrip: EITHER
        Slew: FAST
        Input Sync needed: False
        Output Sync needed: False
        SC shield enabled: False
        POR State: ANY
        LCD Mode: COMMON
        Register Mode: RegComb
        CaSense Mode: NEITHER
        Treat as pin: True
        Is OE Registered: False
        Uses Analog: False
        Can contain Digital: True
        Is SIO: False
        SIO Output Buf: NONREGULATED
        SIO Input Buf: SINGLE_ENDED
        SIO HiFreq: LOW
        SIO Hyst: DISABLED
        SIO Vtrip: MULTIPLIER_0_5
        SIO Multiplier Index: 0
        SIO RefSel: VCC_IO
        Required Capabilities: DIGITAL
        Initial Value: 0
        IO Voltage: 0
    PORT MAP (
        pa_out => Pin_Safe_1(0)__PA ,
        pad => Pin_Safe_1(0)_PAD );
    Properties:
    {
    }

[IoId=1]: 
Pin : Name = Pin_Safe_2(0)
    Attributes:
        In Group/Port: True
        In Sync Option: AUTO
        Out Sync Option: NOSYNC
        Interrupt generated: False
        Interrupt mode: NONE
        Drive mode: CMOS_OUT
        VTrip: EITHER
        Slew: FAST
        Input Sync needed: False
        Output Sync needed: False
        SC shield enabled: False
        POR State: ANY
        LCD Mode: COMMON
        Register Mode: RegComb
        CaSense Mode: NEITHER
        Treat as pin: True
        Is OE Registered: False
        Uses Analog: False
        Can contain Digital: True
        Is SIO: False
        SIO Output Buf: NONREGULATED
        SIO Input Buf: SINGLE_ENDED
        SIO HiFreq: LOW
        SIO Hyst: DISABLED
        SIO Vtrip: MULTIPLIER_0_5
        SIO Multiplier Index: 0
        SIO RefSel: VCC_IO
        Required Capabilities: DIGITAL
        Initial Value: 0
        IO Voltage: 0
    PORT MAP (
        pa_out => Pin_Safe_2(0)__PA ,
        pad => Pin_Safe_2(0)_PAD );
    Properties:
    {
    }

[IoId=2]: 
Pin : Name = EB_1(0)
    Attributes:
        In Group/Port: True
        In Sync Option: NOSYNC
        Out Sync Option: AUTO
        Interrupt generated: False
        Interrupt mode: NONE
        Drive mode: HI_Z_DIGITAL
        VTrip: CMOS
        Slew: FAST
        Input Sync needed: False
        Output Sync needed: False
        SC shield enabled: False
        POR State: ANY
        LCD Mode: COMMON
        Register Mode: RegComb
        CaSense Mode: NEITHER
        Treat as pin: True
        Is OE Registered: False
        Uses Analog: False
        Can contain Digital: True
        Is SIO: False
        SIO Output Buf: NONREGULATED
        SIO Input Buf: SINGLE_ENDED
        SIO HiFreq: LOW
        SIO Hyst: DISABLED
        SIO Vtrip: MULTIPLIER_0_5
        SIO Multiplier Index: 0
        SIO RefSel: VCC_IO
        Required Capabilities: DIGITAL, ROUTABLE
        Initial Value: 0
        IO Voltage: 0
    PORT MAP (
        pa_out => EB_1(0)__PA ,
        fb => Net_4080 ,
        pad => EB_1(0)_PAD );
    Properties:
    {
    }

[IoId=3]: 
Pin : Name = EB_2(0)
    Attributes:
        In Group/Port: True
        In Sync Option: NOSYNC
        Out Sync Option: AUTO
        Interrupt generated: False
        Interrupt mode: NONE
        Drive mode: HI_Z_DIGITAL
        VTrip: CMOS
        Slew: FAST
        Input Sync needed: False
        Output Sync needed: False
        SC shield enabled: False
        POR State: ANY
        LCD Mode: COMMON
        Register Mode: RegComb
        CaSense Mode: NEITHER
        Treat as pin: True
        Is OE Registered: False
        Uses Analog: False
        Can contain Digital: True
        Is SIO: False
        SIO Output Buf: NONREGULATED
        SIO Input Buf: SINGLE_ENDED
        SIO HiFreq: LOW
        SIO Hyst: DISABLED
        SIO Vtrip: MULTIPLIER_0_5
        SIO Multiplier Index: 0
        SIO RefSel: VCC_IO
        Required Capabilities: DIGITAL, ROUTABLE
        Initial Value: 0
        IO Voltage: 0
    PORT MAP (
        pa_out => EB_2(0)__PA ,
        fb => Net_4075 ,
        pad => EB_2(0)_PAD );
    Properties:
    {
    }

[IoId=4]: 
Pin : Name = EB_3(0)
    Attributes:
        In Group/Port: True
        In Sync Option: NOSYNC
        Out Sync Option: AUTO
        Interrupt generated: False
        Interrupt mode: NONE
        Drive mode: HI_Z_DIGITAL
        VTrip: CMOS
        Slew: FAST
        Input Sync needed: False
        Output Sync needed: False
        SC shield enabled: False
        POR State: ANY
        LCD Mode: COMMON
        Register Mode: RegComb
        CaSense Mode: NEITHER
        Treat as pin: True
        Is OE Registered: False
        Uses Analog: False
        Can contain Digital: True
        Is SIO: False
        SIO Output Buf: NONREGULATED
        SIO Input Buf: SINGLE_ENDED
        SIO HiFreq: LOW
        SIO Hyst: DISABLED
        SIO Vtrip: MULTIPLIER_0_5
        SIO Multiplier Index: 0
        SIO RefSel: VCC_IO
        Required Capabilities: DIGITAL, ROUTABLE
        Initial Value: 0
        IO Voltage: 0
    PORT MAP (
        pa_out => EB_3(0)__PA ,
        fb => Net_4074 ,
        pad => EB_3(0)_PAD );
    Properties:
    {
    }

[IoId=5]: 
Pin : Name = EB_4(0)
    Attributes:
        In Group/Port: True
        In Sync Option: NOSYNC
        Out Sync Option: AUTO
        Interrupt generated: False
        Interrupt mode: NONE
        Drive mode: HI_Z_DIGITAL
        VTrip: CMOS
        Slew: FAST
        Input Sync needed: False
        Output Sync needed: False
        SC shield enabled: False
        POR State: ANY
        LCD Mode: COMMON
        Register Mode: RegComb
        CaSense Mode: NEITHER
        Treat as pin: True
        Is OE Registered: False
        Uses Analog: False
        Can contain Digital: True
        Is SIO: False
        SIO Output Buf: NONREGULATED
        SIO Input Buf: SINGLE_ENDED
        SIO HiFreq: LOW
        SIO Hyst: DISABLED
        SIO Vtrip: MULTIPLIER_0_5
        SIO Multiplier Index: 0
        SIO RefSel: VCC_IO
        Required Capabilities: DIGITAL, ROUTABLE
        Initial Value: 0
        IO Voltage: 0
    PORT MAP (
        pa_out => EB_4(0)__PA ,
        fb => Net_4073 ,
        pad => EB_4(0)_PAD );
    Properties:
    {
    }

[IoId=6]: 
Pin : Name = EB_5(0)
    Attributes:
        In Group/Port: True
        In Sync Option: NOSYNC
        Out Sync Option: AUTO
        Interrupt generated: False
        Interrupt mode: NONE
        Drive mode: HI_Z_DIGITAL
        VTrip: CMOS
        Slew: FAST
        Input Sync needed: False
        Output Sync needed: False
        SC shield enabled: False
        POR State: ANY
        LCD Mode: COMMON
        Register Mode: RegComb
        CaSense Mode: NEITHER
        Treat as pin: True
        Is OE Registered: False
        Uses Analog: False
        Can contain Digital: True
        Is SIO: False
        SIO Output Buf: NONREGULATED
        SIO Input Buf: SINGLE_ENDED
        SIO HiFreq: LOW
        SIO Hyst: DISABLED
        SIO Vtrip: MULTIPLIER_0_5
        SIO Multiplier Index: 0
        SIO RefSel: VCC_IO
        Required Capabilities: DIGITAL, ROUTABLE
        Initial Value: 0
        IO Voltage: 0
    PORT MAP (
        pa_out => EB_5(0)__PA ,
        fb => Net_4081 ,
        pad => EB_5(0)_PAD );
    Properties:
    {
    }

[IoId=7]: 
Pin : Name = EB_6(0)
    Attributes:
        In Group/Port: True
        In Sync Option: NOSYNC
        Out Sync Option: AUTO
        Interrupt generated: False
        Interrupt mode: NONE
        Drive mode: HI_Z_DIGITAL
        VTrip: CMOS
        Slew: FAST
        Input Sync needed: False
        Output Sync needed: False
        SC shield enabled: False
        POR State: ANY
        LCD Mode: COMMON
        Register Mode: RegComb
        CaSense Mode: NEITHER
        Treat as pin: True
        Is OE Registered: False
        Uses Analog: False
        Can contain Digital: True
        Is SIO: False
        SIO Output Buf: NONREGULATED
        SIO Input Buf: SINGLE_ENDED
        SIO HiFreq: LOW
        SIO Hyst: DISABLED
        SIO Vtrip: MULTIPLIER_0_5
        SIO Multiplier Index: 0
        SIO RefSel: VCC_IO
        Required Capabilities: DIGITAL, ROUTABLE
        Initial Value: 0
        IO Voltage: 0
    PORT MAP (
        pa_out => EB_6(0)__PA ,
        fb => Net_4124 ,
        pad => EB_6(0)_PAD );
    Properties:
    {
    }

Port 12 contains the following IO cells:
[IoId=0]: 
Pin : Name = SCL(0)
    Attributes:
        In Group/Port: True
        In Sync Option: SYNC
        Out Sync Option: NOSYNC
        Interrupt generated: False
        Interrupt mode: NONE
        Drive mode: OPEN_DRAIN_LO
        VTrip: CMOS
        Slew: FAST
        Input Sync needed: False
        Output Sync needed: False
        SC shield enabled: False
        POR State: ANY
        LCD Mode: COMMON
        Register Mode: RegComb
        CaSense Mode: NEITHER
        Treat as pin: True
        Is OE Registered: False
        Uses Analog: False
        Can contain Digital: True
        Is SIO: False
        SIO Output Buf: NONREGULATED
        SIO Input Buf: SINGLE_ENDED
        SIO HiFreq: LOW
        SIO Hyst: DISABLED
        SIO Vtrip: MULTIPLIER_0_5
        SIO Multiplier Index: 0
        SIO RefSel: VCC_IO
        Required Capabilities: DIGITAL, ROUTABLE
        Initial Value: 1
        IO Voltage: 0
    PORT MAP (
        pa_out => SCL(0)__PA ,
        fb => \I2C:Net_1109_0\ ,
        pin_input => \I2C:Net_643_0\ ,
        pad => SCL(0)_PAD );
    Properties:
    {
    }

[IoId=1]: 
Pin : Name = SDA(0)
    Attributes:
        In Group/Port: True
        In Sync Option: SYNC
        Out Sync Option: NOSYNC
        Interrupt generated: False
        Interrupt mode: NONE
        Drive mode: OPEN_DRAIN_LO
        VTrip: CMOS
        Slew: FAST
        Input Sync needed: False
        Output Sync needed: False
        SC shield enabled: False
        POR State: ANY
        LCD Mode: COMMON
        Register Mode: RegComb
        CaSense Mode: NEITHER
        Treat as pin: True
        Is OE Registered: False
        Uses Analog: False
        Can contain Digital: True
        Is SIO: False
        SIO Output Buf: NONREGULATED
        SIO Input Buf: SINGLE_ENDED
        SIO HiFreq: LOW
        SIO Hyst: DISABLED
        SIO Vtrip: MULTIPLIER_0_5
        SIO Multiplier Index: 0
        SIO RefSel: VCC_IO
        Required Capabilities: DIGITAL, ROUTABLE
        Initial Value: 1
        IO Voltage: 0
    PORT MAP (
        pa_out => SDA(0)__PA ,
        fb => \I2C:Net_1109_1\ ,
        pin_input => \I2C:sda_x_wire\ ,
        pad => SDA(0)_PAD );
    Properties:
    {
    }

[IoId=2]: 
Pin : Name = PSOC_RX(0)
    Attributes:
        In Group/Port: True
        In Sync Option: SYNC
        Out Sync Option: AUTO
        Interrupt generated: False
        Interrupt mode: NONE
        Drive mode: HI_Z_DIGITAL
        VTrip: CMOS
        Slew: FAST
        Input Sync needed: False
        Output Sync needed: False
        SC shield enabled: False
        POR State: ANY
        LCD Mode: COMMON
        Register Mode: RegComb
        CaSense Mode: NEITHER
        Treat as pin: True
        Is OE Registered: False
        Uses Analog: False
        Can contain Digital: True
        Is SIO: False
        SIO Output Buf: NONREGULATED
        SIO Input Buf: SINGLE_ENDED
        SIO HiFreq: LOW
        SIO Hyst: DISABLED
        SIO Vtrip: MULTIPLIER_0_5
        SIO Multiplier Index: 0
        SIO RefSel: VCC_IO
        Required Capabilities: DIGITAL, ROUTABLE
        Initial Value: 0
        IO Voltage: 0
    PORT MAP (
        pa_out => PSOC_RX(0)__PA ,
        fb => Net_4099 ,
        pad => PSOC_RX(0)_PAD );
    Properties:
    {
    }

[IoId=3]: 
Pin : Name = PSOC_TX(0)
    Attributes:
        In Group/Port: True
        In Sync Option: AUTO
        Out Sync Option: NOSYNC
        Interrupt generated: False
        Interrupt mode: NONE
        Drive mode: CMOS_OUT
        VTrip: EITHER
        Slew: FAST
        Input Sync needed: False
        Output Sync needed: False
        SC shield enabled: False
        POR State: ANY
        LCD Mode: COMMON
        Register Mode: RegComb
        CaSense Mode: NEITHER
        Treat as pin: True
        Is OE Registered: False
        Uses Analog: False
        Can contain Digital: True
        Is SIO: False
        SIO Output Buf: NONREGULATED
        SIO Input Buf: SINGLE_ENDED
        SIO HiFreq: LOW
        SIO Hyst: DISABLED
        SIO Vtrip: MULTIPLIER_0_5
        SIO Multiplier Index: 0
        SIO RefSel: VCC_IO
        Required Capabilities: DIGITAL, ROUTABLE
        Initial Value: 1
        IO Voltage: 0
    PORT MAP (
        pa_out => PSOC_TX(0)__PA ,
        pin_input => Net_4101 ,
        pad => PSOC_TX(0)_PAD );
    Properties:
    {
    }

[IoId=4]: 
Pin : Name = LED_4(0)
    Attributes:
        In Group/Port: True
        In Sync Option: AUTO
        Out Sync Option: NOSYNC
        Interrupt generated: False
        Interrupt mode: NONE
        Drive mode: CMOS_OUT
        VTrip: EITHER
        Slew: FAST
        Input Sync needed: False
        Output Sync needed: False
        SC shield enabled: False
        POR State: ANY
        LCD Mode: COMMON
        Register Mode: RegComb
        CaSense Mode: NEITHER
        Treat as pin: True
        Is OE Registered: False
        Uses Analog: False
        Can contain Digital: True
        Is SIO: False
        SIO Output Buf: NONREGULATED
        SIO Input Buf: SINGLE_ENDED
        SIO HiFreq: LOW
        SIO Hyst: DISABLED
        SIO Vtrip: MULTIPLIER_0_5
        SIO Multiplier Index: 0
        SIO RefSel: VCC_IO
        Required Capabilities: DIGITAL
        Initial Value: 0
        IO Voltage: 0
    PORT MAP (
        pa_out => LED_4(0)__PA ,
        pad => LED_4(0)_PAD );
    Properties:
    {
    }

[IoId=6]: 
Pin : Name = DEBUG_RX(0)
    Attributes:
        In Group/Port: True
        In Sync Option: SYNC
        Out Sync Option: AUTO
        Interrupt generated: False
        Interrupt mode: NONE
        Drive mode: HI_Z_DIGITAL
        VTrip: CMOS
        Slew: FAST
        Input Sync needed: False
        Output Sync needed: False
        SC shield enabled: False
        POR State: ANY
        LCD Mode: COMMON
        Register Mode: RegComb
        CaSense Mode: NEITHER
        Treat as pin: True
        Is OE Registered: False
        Uses Analog: False
        Can contain Digital: True
        Is SIO: False
        SIO Output Buf: NONREGULATED
        SIO Input Buf: SINGLE_ENDED
        SIO HiFreq: LOW
        SIO Hyst: DISABLED
        SIO Vtrip: MULTIPLIER_0_5
        SIO Multiplier Index: 0
        SIO RefSel: VCC_IO
        Required Capabilities: DIGITAL, ROUTABLE
        Initial Value: 0
        IO Voltage: 0
    PORT MAP (
        pa_out => DEBUG_RX(0)__PA ,
        fb => Net_4087 ,
        pad => DEBUG_RX(0)_PAD );
    Properties:
    {
    }

[IoId=7]: 
Pin : Name = DEBUG_TX(0)
    Attributes:
        In Group/Port: True
        In Sync Option: AUTO
        Out Sync Option: NOSYNC
        Interrupt generated: False
        Interrupt mode: NONE
        Drive mode: CMOS_OUT
        VTrip: EITHER
        Slew: FAST
        Input Sync needed: False
        Output Sync needed: False
        SC shield enabled: False
        POR State: ANY
        LCD Mode: COMMON
        Register Mode: RegComb
        CaSense Mode: NEITHER
        Treat as pin: True
        Is OE Registered: False
        Uses Analog: False
        Can contain Digital: True
        Is SIO: False
        SIO Output Buf: NONREGULATED
        SIO Input Buf: SINGLE_ENDED
        SIO HiFreq: LOW
        SIO Hyst: DISABLED
        SIO Vtrip: MULTIPLIER_0_5
        SIO Multiplier Index: 0
        SIO RefSel: VCC_IO
        Required Capabilities: DIGITAL, ROUTABLE
        Initial Value: 1
        IO Voltage: 0
    PORT MAP (
        pa_out => DEBUG_TX(0)__PA ,
        pin_input => Net_4086 ,
        pad => DEBUG_TX(0)_PAD );
    Properties:
    {
    }

Port 15 generates interrupt for logical port:
    logicalport: Name =\USBUART:Dp\
        PORT MAP (
            in_clock_en => tmpOE__EB_4_net_0 ,
            in_reset => zero ,
            out_clock_en => tmpOE__EB_4_net_0 ,
            out_reset => zero ,
            interrupt => \USBUART:Net_1010\ ,
            in_clock => ClockBlock_BUS_CLK );
        Properties:
        {
            drive_mode = "000"
            ibuf_enabled = "0"
            id = "beca5e2d-f70f-4900-a4db-7eca1ed3126e/618a72fc-5ddd-4df5-958f-a3d55102db42"
            init_dr_st = "1"
            input_buffer_sel = "00"
            input_clk_en = 0
            input_sync = "1"
            input_sync_mode = "0"
            intr_mode = "10"
            invert_in_clock = 0
            invert_in_clock_en = 0
            invert_in_reset = 0
            invert_out_clock = 0
            invert_out_clock_en = 0
            invert_out_reset = 0
            io_voltage = ""
            layout_mode = "CONTIGUOUS"
            oe_conn = "0"
            oe_reset = 0
            oe_sync = "0"
            output_clk_en = 0
            output_clock_mode = "0"
            output_conn = "0"
            output_mode = "0"
            output_reset = 0
            output_sync = "0"
            ovt_hyst_trim = "0"
            ovt_needed = "0"
            ovt_slew_control = "00"
            pa_in_clock = -1
            pa_in_clock_en = -1
            pa_in_reset = -1
            pa_out_clock = -1
            pa_out_clock_en = -1
            pa_out_reset = -1
            pin_aliases = ""
            pin_mode = "I"
            por_state = 4
            port_alias_group = ""
            port_alias_required = 0
            sio_group_cnt = 0
            sio_hifreq = "00000000"
            sio_hyst = "1"
            sio_ibuf = "00000000"
            sio_info = "00"
            sio_obuf = "00000000"
            sio_refsel = "00000000"
            sio_vohsel = "00000000"
            sio_vtrip = "00000000"
            slew_rate = "0"
            spanning = 0
            sw_only = 0
            use_annotation = "0"
            vtrip = "00"
            width = 1
        }
    and contains the following IO cells:
[IoId=0]: 
Pin : Name = EB_7(0)
    Attributes:
        In Group/Port: True
        In Sync Option: NOSYNC
        Out Sync Option: AUTO
        Interrupt generated: False
        Interrupt mode: NONE
        Drive mode: HI_Z_DIGITAL
        VTrip: CMOS
        Slew: FAST
        Input Sync needed: False
        Output Sync needed: False
        SC shield enabled: False
        POR State: ANY
        LCD Mode: COMMON
        Register Mode: RegComb
        CaSense Mode: NEITHER
        Treat as pin: True
        Is OE Registered: False
        Uses Analog: False
        Can contain Digital: True
        Is SIO: False
        SIO Output Buf: NONREGULATED
        SIO Input Buf: SINGLE_ENDED
        SIO HiFreq: LOW
        SIO Hyst: DISABLED
        SIO Vtrip: MULTIPLIER_0_5
        SIO Multiplier Index: 0
        SIO RefSel: VCC_IO
        Required Capabilities: DIGITAL, ROUTABLE
        Initial Value: 0
        IO Voltage: 0
    PORT MAP (
        pa_out => EB_7(0)__PA ,
        fb => Net_4076 ,
        pad => EB_7(0)_PAD );
    Properties:
    {
    }

[IoId=1]: 
Pin : Name = EB_8(0)
    Attributes:
        In Group/Port: True
        In Sync Option: NOSYNC
        Out Sync Option: AUTO
        Interrupt generated: False
        Interrupt mode: NONE
        Drive mode: HI_Z_DIGITAL
        VTrip: CMOS
        Slew: FAST
        Input Sync needed: False
        Output Sync needed: False
        SC shield enabled: False
        POR State: ANY
        LCD Mode: COMMON
        Register Mode: RegComb
        CaSense Mode: NEITHER
        Treat as pin: True
        Is OE Registered: False
        Uses Analog: False
        Can contain Digital: True
        Is SIO: False
        SIO Output Buf: NONREGULATED
        SIO Input Buf: SINGLE_ENDED
        SIO HiFreq: LOW
        SIO Hyst: DISABLED
        SIO Vtrip: MULTIPLIER_0_5
        SIO Multiplier Index: 0
        SIO RefSel: VCC_IO
        Required Capabilities: DIGITAL, ROUTABLE
        Initial Value: 0
        IO Voltage: 0
    PORT MAP (
        pa_out => EB_8(0)__PA ,
        fb => Net_4077 ,
        pad => EB_8(0)_PAD );
    Properties:
    {
    }

[IoId=2]: 
Pin : Name = EB_9(0)
    Attributes:
        In Group/Port: True
        In Sync Option: NOSYNC
        Out Sync Option: AUTO
        Interrupt generated: False
        Interrupt mode: NONE
        Drive mode: HI_Z_DIGITAL
        VTrip: CMOS
        Slew: FAST
        Input Sync needed: False
        Output Sync needed: False
        SC shield enabled: False
        POR State: ANY
        LCD Mode: COMMON
        Register Mode: RegComb
        CaSense Mode: NEITHER
        Treat as pin: True
        Is OE Registered: False
        Uses Analog: False
        Can contain Digital: True
        Is SIO: False
        SIO Output Buf: NONREGULATED
        SIO Input Buf: SINGLE_ENDED
        SIO HiFreq: LOW
        SIO Hyst: DISABLED
        SIO Vtrip: MULTIPLIER_0_5
        SIO Multiplier Index: 0
        SIO RefSel: VCC_IO
        Required Capabilities: DIGITAL, ROUTABLE
        Initial Value: 0
        IO Voltage: 0
    PORT MAP (
        pa_out => EB_9(0)__PA ,
        fb => Net_4078 ,
        pad => EB_9(0)_PAD );
    Properties:
    {
    }

[IoId=3]: 
Pin : Name = EB_10(0)
    Attributes:
        In Group/Port: True
        In Sync Option: NOSYNC
        Out Sync Option: AUTO
        Interrupt generated: False
        Interrupt mode: NONE
        Drive mode: HI_Z_DIGITAL
        VTrip: CMOS
        Slew: FAST
        Input Sync needed: False
        Output Sync needed: False
        SC shield enabled: False
        POR State: ANY
        LCD Mode: COMMON
        Register Mode: RegComb
        CaSense Mode: NEITHER
        Treat as pin: True
        Is OE Registered: False
        Uses Analog: False
        Can contain Digital: True
        Is SIO: False
        SIO Output Buf: NONREGULATED
        SIO Input Buf: SINGLE_ENDED
        SIO HiFreq: LOW
        SIO Hyst: DISABLED
        SIO Vtrip: MULTIPLIER_0_5
        SIO Multiplier Index: 0
        SIO RefSel: VCC_IO
        Required Capabilities: DIGITAL, ROUTABLE
        Initial Value: 0
        IO Voltage: 0
    PORT MAP (
        pa_out => EB_10(0)__PA ,
        fb => Net_4079 ,
        pad => EB_10(0)_PAD );
    Properties:
    {
    }

[IoId=6]: 
Pin : Name = \USBUART:Dp(0)\
    Attributes:
        In Group/Port: True
        In Sync Option: SYNC
        Out Sync Option: AUTO
        Interrupt generated: True
        Interrupt mode: FALLING
        Drive mode: HI_Z_ANALOG
        VTrip: CMOS
        Slew: FAST
        Input Sync needed: True
        Output Sync needed: False
        SC shield enabled: False
        POR State: ANY
        LCD Mode: COMMON
        Register Mode: RegComb
        CaSense Mode: NEITHER
        Treat as pin: False
        Is OE Registered: False
        Uses Analog: True
        Can contain Digital: True
        Is SIO: False
        SIO Output Buf: NONREGULATED
        SIO Input Buf: SINGLE_ENDED
        SIO HiFreq: LOW
        SIO Hyst: DISABLED
        SIO Vtrip: MULTIPLIER_0_5
        SIO Multiplier Index: 0
        SIO RefSel: VCC_IO
        Required Capabilities: USB_D_PLUS
        Initial Value: 1
        IO Voltage: 0
    PORT MAP (
        pa_out => \USBUART:Dp(0)\__PA ,
        analog_term => \USBUART:Net_1000\ ,
        pad => \USBUART:Dp(0)_PAD\ );
    Properties:
    {
    }

[IoId=7]: 
Pin : Name = \USBUART:Dm(0)\
    Attributes:
        In Group/Port: True
        In Sync Option: AUTO
        Out Sync Option: AUTO
        Interrupt generated: False
        Interrupt mode: NONE
        Drive mode: HI_Z_ANALOG
        VTrip: EITHER
        Slew: FAST
        Input Sync needed: False
        Output Sync needed: False
        SC shield enabled: False
        POR State: ANY
        LCD Mode: COMMON
        Register Mode: RegComb
        CaSense Mode: NEITHER
        Treat as pin: True
        Is OE Registered: False
        Uses Analog: True
        Can contain Digital: False
        Is SIO: False
        SIO Output Buf: NONREGULATED
        SIO Input Buf: SINGLE_ENDED
        SIO HiFreq: LOW
        SIO Hyst: DISABLED
        SIO Vtrip: MULTIPLIER_0_5
        SIO Multiplier Index: 0
        SIO RefSel: VCC_IO
        Required Capabilities: USB_D_MINUS
        Initial Value: 0
        IO Voltage: 0
    PORT MAP (
        pa_out => \USBUART:Dm(0)\__PA ,
        analog_term => \USBUART:Net_597\ ,
        pad => \USBUART:Dm(0)_PAD\ );
    Properties:
    {
    }

ARM group 0: empty
CAN group 0: empty
Cache group 0: empty
CapSense group 0: empty
Clock group 0: 
    Clock Block @ F(Clock,0): 
    clockblockcell: Name =ClockBlock
        PORT MAP (
            imo => ClockBlock_IMO ,
            pllout => ClockBlock_PLL_OUT ,
            ilo => ClockBlock_ILO ,
            clk_100k => ClockBlock_100k ,
            clk_1k => ClockBlock_1k ,
            clk_32k => ClockBlock_32k ,
            xtal => ClockBlock_XTAL ,
            clk_32k_xtal => ClockBlock_XTAL_32KHZ ,
            clk_sync => ClockBlock_MASTER_CLK ,
            clk_bus_glb => ClockBlock_BUS_CLK ,
            clk_bus => ClockBlock_BUS_CLK_local ,
            dclk_glb_0 => Net_2091 ,
            dclk_0 => Net_2091_local ,
            dclk_glb_1 => Net_2319 ,
            dclk_1 => Net_2319_local ,
            dclk_glb_2 => \ADC_SAR_Seq:clock\ ,
            dclk_2 => \ADC_SAR_Seq:clock_local\ ,
            dclk_glb_3 => \UART_PSOC:Net_9\ ,
            dclk_3 => \UART_PSOC:Net_9_local\ ,
            dclk_glb_4 => \UART_LOG:Net_9\ ,
            dclk_4 => \UART_LOG:Net_9_local\ );
        Properties:
        {
        }
Comparator group 0: empty
DFB group 0: empty
DSM group 0: empty
Decimator group 0: empty
EMIF group 0: empty
I2C group 0: 
    I2C Block @ F(I2C,0): 
    i2ccell: Name =\I2C:I2C_FF\
        PORT MAP (
            clock => ClockBlock_BUS_CLK ,
            scl_in => \I2C:Net_1109_0\ ,
            sda_in => \I2C:Net_1109_1\ ,
            scl_out => \I2C:Net_643_0\ ,
            sda_out => \I2C:sda_x_wire\ ,
            interrupt => \I2C:Net_697\ );
        Properties:
        {
            cy_registers = ""
            use_wakeup = 0
        }
LCD group 0: empty
LVD group 0: empty
PICU group 0: empty
PM group 0: empty
SC group 0: empty
SPC group 0: empty
Timer group 0: empty
USB group 0: 
    USB Block @ F(USB,0): 
    usbcell: Name =\USBUART:USB\
        PORT MAP (
            dp => \USBUART:Net_1000\ ,
            dm => \USBUART:Net_597\ ,
            sof_int => Net_4130 ,
            arb_int => \USBUART:Net_1889\ ,
            usb_int => \USBUART:Net_1876\ ,
            ept_int_8 => \USBUART:ep_int_8\ ,
            ept_int_7 => \USBUART:ep_int_7\ ,
            ept_int_6 => \USBUART:ep_int_6\ ,
            ept_int_5 => \USBUART:ep_int_5\ ,
            ept_int_4 => \USBUART:ep_int_4\ ,
            ept_int_3 => \USBUART:ep_int_3\ ,
            ept_int_2 => \USBUART:ep_int_2\ ,
            ept_int_1 => \USBUART:ep_int_1\ ,
            ept_int_0 => \USBUART:ep_int_0\ ,
            ord_int => \USBUART:Net_95\ ,
            dma_req_7 => \USBUART:dma_request_7\ ,
            dma_req_6 => \USBUART:dma_request_6\ ,
            dma_req_5 => \USBUART:dma_request_5\ ,
            dma_req_4 => \USBUART:dma_request_4\ ,
            dma_req_3 => \USBUART:dma_request_3\ ,
            dma_req_2 => \USBUART:dma_request_2\ ,
            dma_req_1 => \USBUART:dma_request_1\ ,
            dma_req_0 => \USBUART:dma_request_0\ ,
            dma_termin => \USBUART:dma_terminate\ );
        Properties:
        {
            cy_registers = ""
        }
VIDAC group 0: empty
OpAmp group 0: empty
CsAbuf group 0: empty
Vref group 0: 
    Vref Block @ F(Vref,13): 
    vrefcell: Name =\ADC_SAR_Seq:SAR:vRef_Vdda_1\
        PORT MAP (
            vout => \ADC_SAR_Seq:SAR:Net_235\ );
        Properties:
        {
            autoenable = 1
            guid = "4720866E-BC14-478d-B8A0-3E44F38CADAC"
            ignoresleep = 0
            name = "Vdda/2"
        }
LPF group 0: empty
SAR group 0: 
    SAR Block @ F(SAR,0): 
    sarcell: Name =\ADC_SAR_Seq:SAR:ADC_SAR\
        PORT MAP (
            vplus => \ADC_SAR_Seq:Net_2803\ ,
            vminus => \ADC_SAR_Seq:SAR:Net_126\ ,
            ext_pin => \ADC_SAR_Seq:SAR:Net_209\ ,
            vrefhi_out => \ADC_SAR_Seq:SAR:Net_126\ ,
            vref => \ADC_SAR_Seq:SAR:Net_235\ ,
            clk_udb => \ADC_SAR_Seq:clock_local\ ,
            irq => \ADC_SAR_Seq:SAR:Net_252\ ,
            next => Net_4142 ,
            data_out_udb_11 => \ADC_SAR_Seq:SAR:Net_207_11\ ,
            data_out_udb_10 => \ADC_SAR_Seq:SAR:Net_207_10\ ,
            data_out_udb_9 => \ADC_SAR_Seq:SAR:Net_207_9\ ,
            data_out_udb_8 => \ADC_SAR_Seq:SAR:Net_207_8\ ,
            data_out_udb_7 => \ADC_SAR_Seq:SAR:Net_207_7\ ,
            data_out_udb_6 => \ADC_SAR_Seq:SAR:Net_207_6\ ,
            data_out_udb_5 => \ADC_SAR_Seq:SAR:Net_207_5\ ,
            data_out_udb_4 => \ADC_SAR_Seq:SAR:Net_207_4\ ,
            data_out_udb_3 => \ADC_SAR_Seq:SAR:Net_207_3\ ,
            data_out_udb_2 => \ADC_SAR_Seq:SAR:Net_207_2\ ,
            data_out_udb_1 => \ADC_SAR_Seq:SAR:Net_207_1\ ,
            data_out_udb_0 => \ADC_SAR_Seq:SAR:Net_207_0\ ,
            eof_udb => \ADC_SAR_Seq:Net_3830\ );
        Properties:
        {
            cy_registers = ""
        }
ANAIF group 0: empty
PHUB group 0: empty

Blocks not positioned by the digital component placer:
    Amux Block @ <No Location>: 
    amuxcell: Name =\ADC_SAR_Seq:AMuxHw_2\
        PORT MAP (
            muxin_63 => Net_4236 ,
            muxin_62 => Net_4235 ,
            muxin_61 => Net_4234 ,
            muxin_60 => Net_4233 ,
            muxin_59 => Net_4232 ,
            muxin_58 => Net_4231 ,
            muxin_57 => Net_4230 ,
            muxin_56 => Net_4229 ,
            muxin_55 => Net_4228 ,
            muxin_54 => Net_4227 ,
            muxin_53 => Net_4226 ,
            muxin_52 => Net_4225 ,
            muxin_51 => Net_4224 ,
            muxin_50 => Net_4223 ,
            muxin_49 => Net_4222 ,
            muxin_48 => Net_4221 ,
            muxin_47 => Net_4220 ,
            muxin_46 => Net_4218 ,
            muxin_45 => Net_4216 ,
            muxin_44 => Net_4215 ,
            muxin_43 => Net_4213 ,
            muxin_42 => Net_4211 ,
            muxin_41 => Net_4210 ,
            muxin_40 => Net_4208 ,
            muxin_39 => Net_4206 ,
            muxin_38 => Net_4205 ,
            muxin_37 => Net_4203 ,
            muxin_36 => Net_4201 ,
            muxin_35 => Net_4200 ,
            muxin_34 => Net_4198 ,
            muxin_33 => Net_4196 ,
            muxin_32 => Net_4195 ,
            muxin_31 => Net_4193 ,
            muxin_30 => Net_4191 ,
            muxin_29 => Net_4190 ,
            muxin_28 => Net_4188 ,
            muxin_27 => Net_4186 ,
            muxin_26 => Net_4185 ,
            muxin_25 => Net_4183 ,
            muxin_24 => Net_4181 ,
            muxin_23 => Net_4180 ,
            muxin_22 => Net_4178 ,
            muxin_21 => Net_4176 ,
            muxin_20 => Net_4175 ,
            muxin_19 => Net_4173 ,
            muxin_18 => Net_4171 ,
            muxin_17 => Net_4170 ,
            muxin_16 => Net_4168 ,
            muxin_15 => Net_4166 ,
            muxin_14 => Net_4165 ,
            muxin_13 => Net_4163 ,
            muxin_12 => Net_4161 ,
            muxin_11 => Net_4160 ,
            muxin_10 => Net_4158 ,
            muxin_9 => Net_4156 ,
            muxin_8 => Net_4155 ,
            muxin_7 => Net_4153 ,
            muxin_6 => Net_4151 ,
            muxin_5 => Net_4150 ,
            muxin_4 => Net_4148 ,
            muxin_3 => Net_4146 ,
            muxin_2 => Net_4139 ,
            muxin_1 => Net_4144 ,
            muxin_0 => Net_4138 ,
            hw_ctrl_en_63 => \ADC_SAR_Seq:AMuxHw_2_Decoder_one_hot_63\ ,
            hw_ctrl_en_62 => \ADC_SAR_Seq:AMuxHw_2_Decoder_one_hot_62\ ,
            hw_ctrl_en_61 => \ADC_SAR_Seq:AMuxHw_2_Decoder_one_hot_61\ ,
            hw_ctrl_en_60 => \ADC_SAR_Seq:AMuxHw_2_Decoder_one_hot_60\ ,
            hw_ctrl_en_59 => \ADC_SAR_Seq:AMuxHw_2_Decoder_one_hot_59\ ,
            hw_ctrl_en_58 => \ADC_SAR_Seq:AMuxHw_2_Decoder_one_hot_58\ ,
            hw_ctrl_en_57 => \ADC_SAR_Seq:AMuxHw_2_Decoder_one_hot_57\ ,
            hw_ctrl_en_56 => \ADC_SAR_Seq:AMuxHw_2_Decoder_one_hot_56\ ,
            hw_ctrl_en_55 => \ADC_SAR_Seq:AMuxHw_2_Decoder_one_hot_55\ ,
            hw_ctrl_en_54 => \ADC_SAR_Seq:AMuxHw_2_Decoder_one_hot_54\ ,
            hw_ctrl_en_53 => \ADC_SAR_Seq:AMuxHw_2_Decoder_one_hot_53\ ,
            hw_ctrl_en_52 => \ADC_SAR_Seq:AMuxHw_2_Decoder_one_hot_52\ ,
            hw_ctrl_en_51 => \ADC_SAR_Seq:AMuxHw_2_Decoder_one_hot_51\ ,
            hw_ctrl_en_50 => \ADC_SAR_Seq:AMuxHw_2_Decoder_one_hot_50\ ,
            hw_ctrl_en_49 => \ADC_SAR_Seq:AMuxHw_2_Decoder_one_hot_49\ ,
            hw_ctrl_en_48 => \ADC_SAR_Seq:AMuxHw_2_Decoder_one_hot_48\ ,
            hw_ctrl_en_47 => \ADC_SAR_Seq:AMuxHw_2_Decoder_one_hot_47\ ,
            hw_ctrl_en_46 => \ADC_SAR_Seq:AMuxHw_2_Decoder_one_hot_46\ ,
            hw_ctrl_en_45 => \ADC_SAR_Seq:AMuxHw_2_Decoder_one_hot_45\ ,
            hw_ctrl_en_44 => \ADC_SAR_Seq:AMuxHw_2_Decoder_one_hot_44\ ,
            hw_ctrl_en_43 => \ADC_SAR_Seq:AMuxHw_2_Decoder_one_hot_43\ ,
            hw_ctrl_en_42 => \ADC_SAR_Seq:AMuxHw_2_Decoder_one_hot_42\ ,
            hw_ctrl_en_41 => \ADC_SAR_Seq:AMuxHw_2_Decoder_one_hot_41\ ,
            hw_ctrl_en_40 => \ADC_SAR_Seq:AMuxHw_2_Decoder_one_hot_40\ ,
            hw_ctrl_en_39 => \ADC_SAR_Seq:AMuxHw_2_Decoder_one_hot_39\ ,
            hw_ctrl_en_38 => \ADC_SAR_Seq:AMuxHw_2_Decoder_one_hot_38\ ,
            hw_ctrl_en_37 => \ADC_SAR_Seq:AMuxHw_2_Decoder_one_hot_37\ ,
            hw_ctrl_en_36 => \ADC_SAR_Seq:AMuxHw_2_Decoder_one_hot_36\ ,
            hw_ctrl_en_35 => \ADC_SAR_Seq:AMuxHw_2_Decoder_one_hot_35\ ,
            hw_ctrl_en_34 => \ADC_SAR_Seq:AMuxHw_2_Decoder_one_hot_34\ ,
            hw_ctrl_en_33 => \ADC_SAR_Seq:AMuxHw_2_Decoder_one_hot_33\ ,
            hw_ctrl_en_32 => \ADC_SAR_Seq:AMuxHw_2_Decoder_one_hot_32\ ,
            hw_ctrl_en_31 => \ADC_SAR_Seq:AMuxHw_2_Decoder_one_hot_31\ ,
            hw_ctrl_en_30 => \ADC_SAR_Seq:AMuxHw_2_Decoder_one_hot_30\ ,
            hw_ctrl_en_29 => \ADC_SAR_Seq:AMuxHw_2_Decoder_one_hot_29\ ,
            hw_ctrl_en_28 => \ADC_SAR_Seq:AMuxHw_2_Decoder_one_hot_28\ ,
            hw_ctrl_en_27 => \ADC_SAR_Seq:AMuxHw_2_Decoder_one_hot_27\ ,
            hw_ctrl_en_26 => \ADC_SAR_Seq:AMuxHw_2_Decoder_one_hot_26\ ,
            hw_ctrl_en_25 => \ADC_SAR_Seq:AMuxHw_2_Decoder_one_hot_25\ ,
            hw_ctrl_en_24 => \ADC_SAR_Seq:AMuxHw_2_Decoder_one_hot_24\ ,
            hw_ctrl_en_23 => \ADC_SAR_Seq:AMuxHw_2_Decoder_one_hot_23\ ,
            hw_ctrl_en_22 => \ADC_SAR_Seq:AMuxHw_2_Decoder_one_hot_22\ ,
            hw_ctrl_en_21 => \ADC_SAR_Seq:AMuxHw_2_Decoder_one_hot_21\ ,
            hw_ctrl_en_20 => \ADC_SAR_Seq:AMuxHw_2_Decoder_one_hot_20\ ,
            hw_ctrl_en_19 => \ADC_SAR_Seq:AMuxHw_2_Decoder_one_hot_19\ ,
            hw_ctrl_en_18 => \ADC_SAR_Seq:AMuxHw_2_Decoder_one_hot_18\ ,
            hw_ctrl_en_17 => \ADC_SAR_Seq:AMuxHw_2_Decoder_one_hot_17\ ,
            hw_ctrl_en_16 => \ADC_SAR_Seq:AMuxHw_2_Decoder_one_hot_16\ ,
            hw_ctrl_en_15 => \ADC_SAR_Seq:AMuxHw_2_Decoder_one_hot_15\ ,
            hw_ctrl_en_14 => \ADC_SAR_Seq:AMuxHw_2_Decoder_one_hot_14\ ,
            hw_ctrl_en_13 => \ADC_SAR_Seq:AMuxHw_2_Decoder_one_hot_13\ ,
            hw_ctrl_en_12 => \ADC_SAR_Seq:AMuxHw_2_Decoder_one_hot_12\ ,
            hw_ctrl_en_11 => \ADC_SAR_Seq:AMuxHw_2_Decoder_one_hot_11\ ,
            hw_ctrl_en_10 => \ADC_SAR_Seq:AMuxHw_2_Decoder_one_hot_10\ ,
            hw_ctrl_en_9 => \ADC_SAR_Seq:AMuxHw_2_Decoder_one_hot_9\ ,
            hw_ctrl_en_8 => \ADC_SAR_Seq:AMuxHw_2_Decoder_one_hot_8\ ,
            hw_ctrl_en_7 => \ADC_SAR_Seq:AMuxHw_2_Decoder_one_hot_7\ ,
            hw_ctrl_en_6 => \ADC_SAR_Seq:AMuxHw_2_Decoder_one_hot_6\ ,
            hw_ctrl_en_5 => \ADC_SAR_Seq:AMuxHw_2_Decoder_one_hot_5\ ,
            hw_ctrl_en_4 => \ADC_SAR_Seq:AMuxHw_2_Decoder_one_hot_4\ ,
            hw_ctrl_en_3 => \ADC_SAR_Seq:AMuxHw_2_Decoder_one_hot_3\ ,
            vout => \ADC_SAR_Seq:Net_2803\ );
        Properties:
        {
            api_type = 2
            connect_mode = 1
            cy_registers = ""
            hw_control = 1
            init_mux_sel = "0000000000000000000000000000000000000000000000000000000000000000"
            muxin_width = 64
            one_active = 1
        }
</CYPRESSTAG>
<CYPRESSTAG name="Port Configuration Details">

------------------------------------------------------------
Port Configuration report
------------------------------------------------------------
     |     |       | Interrupt |                  |                      | 
Port | Pin | Fixed |      Type |       Drive Mode |                 Name | Connections
-----+-----+-------+-----------+------------------+----------------------+---------------------------------------------------------------
   0 |   0 |     * |      NONE |     HI_Z_DIGITAL |          BUTTON_1(0) | FB(Net_664)
     |   1 |     * |      NONE |     HI_Z_DIGITAL |          BUTTON_2(0) | FB(Net_665)
     |   2 |     * |      NONE |     HI_Z_DIGITAL |          BUTTON_3(0) | FB(Net_667)
     |   3 |     * |      NONE |     HI_Z_DIGITAL |          BUTTON_4(0) | FB(Net_668)
     |   4 |     * |      NONE |      HI_Z_ANALOG |        AnalogIN_1(0) | In(\ADC_SAR_Seq:AMuxHw_2_Decoder_one_hot_0\), Analog(Net_4138)
     |   5 |     * |      NONE |      HI_Z_ANALOG |        AnalogIN_2(0) | In(\ADC_SAR_Seq:AMuxHw_2_Decoder_one_hot_1\), Analog(Net_4144)
     |   6 |     * |      NONE |      HI_Z_ANALOG |        AnalogIN_3(0) | In(\ADC_SAR_Seq:AMuxHw_2_Decoder_one_hot_2\), Analog(Net_4139)
-----+-----+-------+-----------+------------------+----------------------+---------------------------------------------------------------
   1 |   2 |     * |      NONE |         CMOS_OUT |             LED_2(0) | 
     |   4 |     * |      NONE |     HI_Z_DIGITAL |     Pin_Encoder_B(0) | FB(Net_3898)
     |   5 |     * |      NONE |     HI_Z_DIGITAL |     Pin_Encoder_A(0) | FB(Net_3908)
-----+-----+-------+-----------+------------------+----------------------+---------------------------------------------------------------
   2 |   0 |     * |      NONE |         CMOS_OUT |             LED_1(0) | 
     |   3 |     * |      NONE |         CMOS_OUT | Pin_Engine_Mode_1(0) | In(Net_4290)
     |   4 |     * |      NONE |         CMOS_OUT | Pin_Engine_Mode_2(0) | In(Net_4287)
     |   5 |     * |      NONE |         CMOS_OUT |    Pin_Engine_PWM(0) | In(Net_4310)
     |   7 |     * |      NONE |         CMOS_OUT |             LED_3(0) | 
-----+-----+-------+-----------+------------------+----------------------+---------------------------------------------------------------
   3 |   0 |     * |      NONE |         CMOS_OUT |        Pin_Safe_1(0) | 
     |   1 |     * |      NONE |         CMOS_OUT |        Pin_Safe_2(0) | 
     |   2 |     * |      NONE |     HI_Z_DIGITAL |              EB_1(0) | FB(Net_4080)
     |   3 |     * |      NONE |     HI_Z_DIGITAL |              EB_2(0) | FB(Net_4075)
     |   4 |     * |      NONE |     HI_Z_DIGITAL |              EB_3(0) | FB(Net_4074)
     |   5 |     * |      NONE |     HI_Z_DIGITAL |              EB_4(0) | FB(Net_4073)
     |   6 |     * |      NONE |     HI_Z_DIGITAL |              EB_5(0) | FB(Net_4081)
     |   7 |     * |      NONE |     HI_Z_DIGITAL |              EB_6(0) | FB(Net_4124)
-----+-----+-------+-----------+------------------+----------------------+---------------------------------------------------------------
  12 |   0 |     * |      NONE |    OPEN_DRAIN_LO |               SCL(0) | FB(\I2C:Net_1109_0\), In(\I2C:Net_643_0\)
     |   1 |     * |      NONE |    OPEN_DRAIN_LO |               SDA(0) | FB(\I2C:Net_1109_1\), In(\I2C:sda_x_wire\)
     |   2 |     * |      NONE |     HI_Z_DIGITAL |           PSOC_RX(0) | FB(Net_4099)
     |   3 |     * |      NONE |         CMOS_OUT |           PSOC_TX(0) | In(Net_4101)
     |   4 |     * |      NONE |         CMOS_OUT |             LED_4(0) | 
     |   6 |     * |      NONE |     HI_Z_DIGITAL |          DEBUG_RX(0) | FB(Net_4087)
     |   7 |     * |      NONE |         CMOS_OUT |          DEBUG_TX(0) | In(Net_4086)
-----+-----+-------+-----------+------------------+----------------------+---------------------------------------------------------------
  15 |   0 |     * |      NONE |     HI_Z_DIGITAL |              EB_7(0) | FB(Net_4076)
     |   1 |     * |      NONE |     HI_Z_DIGITAL |              EB_8(0) | FB(Net_4077)
     |   2 |     * |      NONE |     HI_Z_DIGITAL |              EB_9(0) | FB(Net_4078)
     |   3 |     * |      NONE |     HI_Z_DIGITAL |             EB_10(0) | FB(Net_4079)
     |   6 |     * |   FALLING |      HI_Z_ANALOG |      \USBUART:Dp(0)\ | Analog(\USBUART:Net_1000\)
     |   7 |     * |      NONE |      HI_Z_ANALOG |      \USBUART:Dm(0)\ | Analog(\USBUART:Net_597\)
-----------------------------------------------------------------------------------------------------------------------------------------
</CYPRESSTAG>
</CYPRESSTAG>
</CYPRESSTAG>
Digital component placer commit/Report: Elapsed time ==> 0s.232ms
Digital Placement phase: Elapsed time ==> 5s.323ms
</CYPRESSTAG>
<CYPRESSTAG name="Digital Routing">
"C:\tool\Cypress\PSoC Creator\4.2\PSoC Creator\bin/sjrouter.exe" --xml-path "C:\tool\Cypress\PSoC Creator\4.2\PSoC Creator\dev\psoc5/psoc5lp/route_arch-rrg.cydata" --vh2-path "10_PSOC2_SingleChannel_r.vh2" --pcf-path "10_PSOC2_SingleChannel.pco" --des-name "10_PSOC2_SingleChannel" --dsf-path "10_PSOC2_SingleChannel.dsf" --sdc-path "10_PSOC2_SingleChannel.sdc" --lib-path "10_PSOC2_SingleChannel_r.lib"
Routing successful.
Digital Routing phase: Elapsed time ==> 4s.423ms
</CYPRESSTAG>
<CYPRESSTAG name="Bitstream Generation">
Bitstream Generation phase: Elapsed time ==> 0s.142ms
</CYPRESSTAG>
<CYPRESSTAG name="Bitstream Verification">
Bitstream Verification phase: Elapsed time ==> 0s.029ms
</CYPRESSTAG>
<CYPRESSTAG name="Static timing analysis">
Timing report is in 10_PSOC2_SingleChannel_timing.html.
Static timing analysis phase: Elapsed time ==> 0s.641ms
</CYPRESSTAG>
<CYPRESSTAG name="Data reporting">
Data reporting phase: Elapsed time ==> 0s.000ms
</CYPRESSTAG>
<CYPRESSTAG name="Database update...">
Design database save phase: Elapsed time ==> 0s.273ms
</CYPRESSTAG>
cydsfit: Elapsed time ==> 13s.555ms
</CYPRESSTAG>
Fitter phase: Elapsed time ==> 13s.555ms
API generation phase: Elapsed time ==> 2s.996ms
Dependency generation phase: Elapsed time ==> 0s.014ms
Cleanup phase: Elapsed time ==> 0s.000ms
