This is pdfTeX, Version 3.141592653-2.6-1.40.27 (MiKTeX 25.4) (preloaded format=pdflatex 2025.11.22)  29 JAN 2026 12:39
entering extended mode
 restricted \write18 enabled.
 %&-line parsing enabled.
**./MasterThesis_Report.tex
(MasterThesis_Report.tex
LaTeX2e <2025-06-01> patch level 1
L3 programming layer <2025-07-20>
(settings.tex
(C:\Users\sesa807379\AppData\Local\Programs\MiKTeX\tex/latex/koma-script\scrboo
k.cls
Document Class: scrbook 2025/06/04 v3.45 KOMA-Script document class (book)

(C:\Users\sesa807379\AppData\Local\Programs\MiKTeX\tex/latex/koma-script\scrkba
se.sty
Package: scrkbase 2025/06/04 v3.45 KOMA-Script package (KOMA-Script-dependent b
asics and keyval usage)

(C:\Users\sesa807379\AppData\Local\Programs\MiKTeX\tex/latex/koma-script\scrbas
e.sty
Package: scrbase 2025/06/04 v3.45 KOMA-Script package (KOMA-Script-independent 
basics and keyval usage)

(C:\Users\sesa807379\AppData\Local\Programs\MiKTeX\tex/latex/koma-script\scrlfi
le.sty
Package: scrlfile 2025/06/04 v3.45 KOMA-Script package (file load hooks)

(C:\Users\sesa807379\AppData\Local\Programs\MiKTeX\tex/latex/koma-script\scrlfi
le-hook.sty
Package: scrlfile-hook 2025/06/04 v3.45 KOMA-Script package (using LaTeX hooks)


(C:\Users\sesa807379\AppData\Local\Programs\MiKTeX\tex/latex/koma-script\scrlog
o.sty
Package: scrlogo 2025/06/04 v3.45 KOMA-Script package (logo)
)))
(C:\Users\sesa807379\AppData\Local\Programs\MiKTeX\tex/latex/graphics\keyval.st
y
Package: keyval 2022/05/29 v1.15 key=value parser (DPC)
\KV@toks@=\toks17
)
Applying: [2021/05/01] Usage of raw or classic option list on input line 254.
Already applied: [0000/00/00] Usage of raw or classic option list on input line
 370.
))
(C:\Users\sesa807379\AppData\Local\Programs\MiKTeX\tex/latex/koma-script\tocbas
ic.sty
Package: tocbasic 2025/06/04 v3.45 KOMA-Script package (handling toc-files)
\scr@dte@tocline@numberwidth=\skip49
\scr@dte@tocline@numbox=\box53
)
Package tocbasic Info: omitting babel extension for `toc'
(tocbasic)             because of feature `nobabel' available
(tocbasic)             for `toc' on input line 137.
Package scrbook Info: You've used standard option `12pt'.
(scrbook)             This is correct!
(scrbook)             Internally I'm using `fontsize=12pt'.
(scrbook)             If you'd like to set the option with \KOMAoptions,
(scrbook)             you'd have to use `fontsize=12pt' there
(scrbook)             instead of `12pt', too.
Class scrbook Info: File `scrsize12pt.clo' used to setup font sizes on input li
ne 2700.

(C:\Users\sesa807379\AppData\Local\Programs\MiKTeX\tex/latex/koma-script\scrsiz
e12pt.clo
File: scrsize12pt.clo 2025/06/04 v3.45 KOMA-Script font size class option (12pt
)
)
(C:\Users\sesa807379\AppData\Local\Programs\MiKTeX\tex/latex/koma-script\typear
ea.sty
Package: typearea 2025/06/04 v3.45 KOMA-Script package (type area)
\ta@bcor=\skip50
\ta@div=\count275
Package typearea Info: You've used standard option `a4paper'.
(typearea)             This is correct!
(typearea)             Internally I'm using `paper=a4'.
(typearea)             If you'd like to set the option with \KOMAoptions,
(typearea)             you'd have to use `paper=a4' there
(typearea)             instead of `a4paper', too.
\ta@hblk=\skip51
\ta@vblk=\skip52
\ta@temp=\skip53
\footheight=\skip54
Package typearea Info: These are the values describing the layout:
(typearea)             DIV  = 12
(typearea)             BCOR = 28.45274pt
(typearea)             \paperwidth      = 597.50793pt
(typearea)              \textwidth      = 426.7914pt
(typearea)              DIV departure   = -1%
(typearea)              \evensidemargin = 22.57254pt
(typearea)              \oddsidemargin  = 3.60402pt
(typearea)             \paperheight     = 845.04694pt
(typearea)              \textheight     = 606.5pt
(typearea)              \topmargin      = -1.84941pt
(typearea)              \headheight     = 18.125pt
(typearea)              \headsep        = 21.75pt
(typearea)              \topskip        = 12.0pt
(typearea)              \footskip       = 50.75pt
(typearea)              \baselineskip   = 14.5pt
(typearea)              on input line 1804.
)
\c@part=\count276
\c@chapter=\count277
\c@section=\count278
\c@subsection=\count279
\c@subsubsection=\count280
\c@paragraph=\count281
\c@subparagraph=\count282
\scr@dte@chapter@maxnumwidth=\skip55
Class scrbook Info: using compatibility default `afterindent=bysign'
(scrbook)           for `\chapter on input line 6032.
\scr@dte@section@maxnumwidth=\skip56
Class scrbook Info: using compatibility default `runin=bysign'
(scrbook)           for `\section on input line 6043.
Class scrbook Info: using compatibility default `afterindent=bysign'
(scrbook)           for `\section on input line 6043.
\scr@dte@part@maxnumwidth=\skip57
Class scrbook Info: using compatibility default `afterindent=true'
(scrbook)           for `\part on input line 6052.
\scr@dte@subsection@maxnumwidth=\skip58
Class scrbook Info: using compatibility default `runin=bysign'
(scrbook)           for `\subsection on input line 6062.
Class scrbook Info: using compatibility default `afterindent=bysign'
(scrbook)           for `\subsection on input line 6062.
\scr@dte@subsubsection@maxnumwidth=\skip59
Class scrbook Info: using compatibility default `runin=bysign'
(scrbook)           for `\subsubsection on input line 6072.
Class scrbook Info: using compatibility default `afterindent=bysign'
(scrbook)           for `\subsubsection on input line 6072.
\scr@dte@paragraph@maxnumwidth=\skip60
Class scrbook Info: using compatibility default `runin=bysign'
(scrbook)           for `\paragraph on input line 6083.
Class scrbook Info: using compatibility default `afterindent=bysign'
(scrbook)           for `\paragraph on input line 6083.
\scr@dte@subparagraph@maxnumwidth=\skip61
Class scrbook Info: using compatibility default `runin=bysign'
(scrbook)           for `\subparagraph on input line 6093.
Class scrbook Info: using compatibility default `afterindent=bysign'
(scrbook)           for `\subparagraph on input line 6093.
\abovecaptionskip=\skip62
\belowcaptionskip=\skip63
\c@pti@nb@sid@b@x=\box54
Package tocbasic Info: omitting babel extension for `lof'
(tocbasic)             because of feature `nobabel' available
(tocbasic)             for `lof' on input line 7302.
\scr@dte@figure@maxnumwidth=\skip64
\c@figure=\count283
Package tocbasic Info: omitting babel extension for `lot'
(tocbasic)             because of feature `nobabel' available
(tocbasic)             for `lot' on input line 7319.
\scr@dte@table@maxnumwidth=\skip65
\c@table=\count284
Class scrbook Info: Redefining `\numberline' on input line 7490.
\bibindent=\dimen148
)
(C:\Users\sesa807379\AppData\Local\Programs\MiKTeX\tex/latex/base\inputenc.sty
Package: inputenc 2024/02/08 v1.3d Input encoding file
\inpenc@prehook=\toks18
\inpenc@posthook=\toks19
)
(C:\Users\sesa807379\AppData\Local\Programs\MiKTeX\tex/latex/scrhack\scrhack.st
y
Package: scrhack 2024-09-04 v3.42 scrhack emulation package
)
(C:\Users\sesa807379\AppData\Local\Programs\MiKTeX\tex/latex/graphics\graphicx.
sty
Package: graphicx 2024/12/31 v1.2e Enhanced LaTeX Graphics (DPC,SPQR)

(C:\Users\sesa807379\AppData\Local\Programs\MiKTeX\tex/latex/graphics\graphics.
sty
Package: graphics 2024/08/06 v1.4g Standard LaTeX Graphics (DPC,SPQR)

(C:\Users\sesa807379\AppData\Local\Programs\MiKTeX\tex/latex/graphics\trig.sty
Package: trig 2023/12/02 v1.11 sin cos tan (DPC)
)
(C:\Users\sesa807379\AppData\Local\Programs\MiKTeX\tex/latex/graphics-cfg\graph
ics.cfg
File: graphics.cfg 2016/06/04 v1.11 sample graphics configuration
)
Package graphics Info: Driver file: pdftex.def on input line 106.

(C:\Users\sesa807379\AppData\Local\Programs\MiKTeX\tex/latex/graphics-def\pdfte
x.def
File: pdftex.def 2024/04/13 v1.2c Graphics/color driver for pdftex
))
\Gin@req@height=\dimen149
\Gin@req@width=\dimen150
)
(C:\Users\sesa807379\AppData\Local\Programs\MiKTeX\tex/latex/caption\caption.st
y
Package: caption 2023/08/05 v3.6o Customizing captions (AR)

(C:\Users\sesa807379\AppData\Local\Programs\MiKTeX\tex/latex/caption\caption3.s
ty
Package: caption3 2023/07/31 v2.4d caption3 kernel (AR)
\caption@tempdima=\dimen151
\captionmargin=\dimen152
\caption@leftmargin=\dimen153
\caption@rightmargin=\dimen154
\caption@width=\dimen155
\caption@indent=\dimen156
\caption@parindent=\dimen157
\caption@hangindent=\dimen158
Package caption Info: KOMA-Script document class detected.

(C:\Users\sesa807379\AppData\Local\Programs\MiKTeX\tex/latex/caption\caption-ko
ma.sto
File: caption-koma.sto 2023/09/08 v2.0e Adaption of the caption package to the 
KOMA-Script document classes (AR)
))
\c@caption@flags=\count285
\c@continuedfloat=\count286
Package caption Info: KOMA-Script scrextend package detected.
\caption@addmargin@hsize=\dimen159
\caption@addmargin@linewidth=\dimen160
)
(C:\Users\sesa807379\AppData\Local\Programs\MiKTeX\tex/latex/graphics\color.sty
Package: color 2025/01/14 v1.3e Standard LaTeX Color (DPC)

(C:\Users\sesa807379\AppData\Local\Programs\MiKTeX\tex/latex/graphics-cfg\color
.cfg
File: color.cfg 2016/01/02 v1.6 sample color configuration
)
Package color Info: Driver file: pdftex.def on input line 149.

(C:\Users\sesa807379\AppData\Local\Programs\MiKTeX\tex/latex/graphics\mathcolor
.ltx))
(C:\Users\sesa807379\AppData\Local\Programs\MiKTeX\tex/latex/caption\subcaption
.sty
Package: subcaption 2023/07/28 v1.6b Sub-captions (AR)
Package caption Info: New subtype `subfigure' on input line 238.
\c@subfigure=\count287
Package caption Info: New subtype `subtable' on input line 238.
\c@subtable=\count288
)
(C:\Users\sesa807379\AppData\Local\Programs\MiKTeX\tex/latex/adjustbox\adjustbo
x.sty
Package: adjustbox 2025/02/26 v1.3c Adjusting TeX boxes (trim, clip, ...)

(C:\Users\sesa807379\AppData\Local\Programs\MiKTeX\tex/latex/xkeyval\xkeyval.st
y
Package: xkeyval 2022/06/16 v2.9 package option processing (HA)

(C:\Users\sesa807379\AppData\Local\Programs\MiKTeX\tex/generic/xkeyval\xkeyval.
tex
(C:\Users\sesa807379\AppData\Local\Programs\MiKTeX\tex/generic/xkeyval\xkvutils
.tex
\XKV@toks=\toks20
\XKV@tempa@toks=\toks21
)
\XKV@depth=\count289
File: xkeyval.tex 2014/12/03 v2.7a key=value parser (HA)
))
(C:\Users\sesa807379\AppData\Local\Programs\MiKTeX\tex/latex/adjustbox\adjcalc.
sty
Package: adjcalc 2012/05/16 v1.1 Provides advanced setlength with multiple back
-ends (calc, etex, pgfmath)
)
(C:\Users\sesa807379\AppData\Local\Programs\MiKTeX\tex/latex/adjustbox\trimclip
.sty
Package: trimclip 2025/02/21 v1.2a Trim and clip general TeX material

(C:\Users\sesa807379\AppData\Local\Programs\MiKTeX\tex/latex/collectbox\collect
box.sty
Package: collectbox 2022/10/17 v0.4c Collect macro arguments as boxes
\collectedbox=\box55
)
\tc@llx=\dimen161
\tc@lly=\dimen162
\tc@urx=\dimen163
\tc@ury=\dimen164
Package trimclip Info: Using driver 'tc-pdftex.def'.

(C:\Users\sesa807379\AppData\Local\Programs\MiKTeX\tex/latex/adjustbox\tc-pdfte
x.def
File: tc-pdftex.def 2025/02/26 v2.3 Clipping driver for pdftex
))
\adjbox@Width=\dimen165
\adjbox@Height=\dimen166
\adjbox@Depth=\dimen167
\adjbox@Totalheight=\dimen168
\adjbox@pwidth=\dimen169
\adjbox@pheight=\dimen170
\adjbox@pdepth=\dimen171
\adjbox@ptotalheight=\dimen172

(C:\Users\sesa807379\AppData\Local\Programs\MiKTeX\tex/latex/ifoddpage\ifoddpag
e.sty
Package: ifoddpage 2022/10/18 v1.2 Conditionals for odd/even page detection
\c@checkoddpage=\count290
)
(C:\Users\sesa807379\AppData\Local\Programs\MiKTeX\tex/latex/varwidth\varwidth.
sty
Package: varwidth 2009/03/30 ver 0.92;  Variable-width minipages
\@vwid@box=\box56
\sift@deathcycles=\count291
\@vwid@loff=\dimen173
\@vwid@roff=\dimen174
)
==> First Aid for varwidth.sty applied!
) (C:\Users\sesa807379\AppData\Local\Programs\MiKTeX\tex/latex/float\float.sty
Package: float 2001/11/08 v1.3d Float enhancements (AL)
\c@float@type=\count292
\float@exts=\toks22
\float@box=\box57
\@float@everytoks=\toks23
\@floatcapt=\box58
)
(C:\Users\sesa807379\AppData\Local\Programs\MiKTeX\tex/latex/floatbytocbasic\fl
oatbytocbasic.sty
Package: floatbytocbasic 2023-08-16 v1.0 improved float package using tocbasic

(C:\Users\sesa807379\AppData\Local\Programs\MiKTeX\tex/latex/xpatch\xpatch.sty
(C:\Users\sesa807379\AppData\Local\Programs\MiKTeX\tex/latex/l3kernel\expl3.sty
Package: expl3 2025-07-20 L3 programming layer (loader) 

(C:\Users\sesa807379\AppData\Local\Programs\MiKTeX\tex/latex/l3backend\l3backen
d-pdftex.def
File: l3backend-pdftex.def 2025-06-09 L3 backend support: PDF output (pdfTeX)
\l__color_backend_stack_int=\count293
))
Package: xpatch 2020/03/25 v0.3a Extending etoolbox patching commands

(C:\Users\sesa807379\AppData\Local\Programs\MiKTeX\tex/latex/l3packages/xparse\
xparse.sty
Package: xparse 2024-08-16 L3 Experimental document command parser
)
(C:\Users\sesa807379\AppData\Local\Programs\MiKTeX\tex/latex/etoolbox\etoolbox.
sty
Package: etoolbox 2025/02/11 v2.5l e-TeX tools for LaTeX (JAW)
\etb@tempcnta=\count294
)))
(C:\Users\sesa807379\AppData\Local\Programs\MiKTeX\tex/latex/needspace\needspac
e.sty
Package: needspace 2025/03/13 v1.3e reserve vertical space
)
(C:\Users\sesa807379\AppData\Local\Programs\MiKTeX\tex/latex/tools\array.sty
Package: array 2025/06/08 v2.6j Tabular extension package (FMi)
\col@sep=\dimen175
\ar@mcellbox=\box59
\extrarowheight=\dimen176
\NC@list=\toks24
\extratabsurround=\skip66
\backup@length=\skip67
\ar@cellbox=\box60
)
(C:\Users\sesa807379\AppData\Local\Programs\MiKTeX\tex/latex/tools\hhline.sty
Package: hhline 2020/01/04 v2.04 Table rule package (DPC)
)
(C:\Users\sesa807379\AppData\Local\Programs\MiKTeX\tex/latex/tools\tabularx.sty
Package: tabularx 2023/12/11 v2.12a `tabularx' package (DPC)
\TX@col@width=\dimen177
\TX@old@table=\dimen178
\TX@old@col=\dimen179
\TX@target=\dimen180
\TX@delta=\dimen181
\TX@cols=\count295
\TX@ftn=\toks25
)
(C:\Users\sesa807379\AppData\Local\Programs\MiKTeX\tex/latex/tools\longtable.st
y
Package: longtable 2024-12-18 v4.23 Multi-page Table package (DPC)
\LTleft=\skip68
\LTright=\skip69
\LTpre=\skip70
\LTpost=\skip71
\LTchunksize=\count296
\LTcapwidth=\dimen182
\LT@head=\box61
\LT@firsthead=\box62
\LT@foot=\box63
\LT@lastfoot=\box64
\LT@gbox=\box65
\LT@cols=\count297
\LT@rows=\count298
\c@LT@tables=\count299
\c@LT@chunks=\count300
\LT@p@ftn=\toks26
)
Class scrbook Info: longtable captions redefined on input line 28.

(C:\Users\sesa807379\AppData\Local\Programs\MiKTeX\tex/latex/amsmath\amsmath.st
y
Package: amsmath 2025/06/16 v2.17y AMS math features
\@mathmargin=\skip72

For additional information on amsmath, use the `?' option.

(C:\Users\sesa807379\AppData\Local\Programs\MiKTeX\tex/latex/amsmath\amstext.st
y
Package: amstext 2024/11/17 v2.01 AMS text

(C:\Users\sesa807379\AppData\Local\Programs\MiKTeX\tex/latex/amsmath\amsgen.sty
File: amsgen.sty 1999/11/30 v2.0 generic functions
\@emptytoks=\toks27
\ex@=\dimen183
))
(C:\Users\sesa807379\AppData\Local\Programs\MiKTeX\tex/latex/amsmath\amsbsy.sty
Package: amsbsy 1999/11/29 v1.2d Bold Symbols
\pmbraise@=\dimen184
)
(C:\Users\sesa807379\AppData\Local\Programs\MiKTeX\tex/latex/amsmath\amsopn.sty
Package: amsopn 2022/04/08 v2.04 operator names
)
\inf@bad=\count301
LaTeX Info: Redefining \frac on input line 233.
\uproot@=\count302
\leftroot@=\count303
LaTeX Info: Redefining \overline on input line 398.
LaTeX Info: Redefining \colon on input line 409.
\classnum@=\count304
\DOTSCASE@=\count305
LaTeX Info: Redefining \ldots on input line 495.
LaTeX Info: Redefining \dots on input line 498.
LaTeX Info: Redefining \cdots on input line 619.
\Mathstrutbox@=\box66
\strutbox@=\box67
LaTeX Info: Redefining \big on input line 721.
LaTeX Info: Redefining \Big on input line 722.
LaTeX Info: Redefining \bigg on input line 723.
LaTeX Info: Redefining \Bigg on input line 724.
\big@size=\dimen185
LaTeX Font Info:    Redeclaring font encoding OML on input line 742.
LaTeX Font Info:    Redeclaring font encoding OMS on input line 743.
\macc@depth=\count306
LaTeX Info: Redefining \bmod on input line 904.
LaTeX Info: Redefining \pmod on input line 909.
LaTeX Info: Redefining \smash on input line 939.
LaTeX Info: Redefining \relbar on input line 969.
LaTeX Info: Redefining \Relbar on input line 970.
\c@MaxMatrixCols=\count307
\dotsspace@=\muskip17
\c@parentequation=\count308
\dspbrk@lvl=\count309
\tag@help=\toks28
\row@=\count310
\column@=\count311
\maxfields@=\count312
\andhelp@=\toks29
\eqnshift@=\dimen186
\alignsep@=\dimen187
\tagshift@=\dimen188
\tagwidth@=\dimen189
\totwidth@=\dimen190
\lineht@=\dimen191
\@envbody=\toks30
\multlinegap=\skip73
\multlinetaggap=\skip74
\mathdisplay@stack=\toks31
LaTeX Info: Redefining \[ on input line 2949.
LaTeX Info: Redefining \] on input line 2950.
)
(C:\Users\sesa807379\AppData\Local\Programs\MiKTeX\tex/latex/amsfonts\amssymb.s
ty
Package: amssymb 2013/01/14 v3.01 AMS font symbols

(C:\Users\sesa807379\AppData\Local\Programs\MiKTeX\tex/latex/amsfonts\amsfonts.
sty
Package: amsfonts 2013/01/14 v3.01 Basic AMSFonts support
\symAMSa=\mathgroup4
\symAMSb=\mathgroup5
LaTeX Font Info:    Redeclaring math symbol \hbar on input line 98.
LaTeX Font Info:    Overwriting math alphabet `\mathfrak' in version `bold'
(Font)                  U/euf/m/n --> U/euf/b/n on input line 106.
))
(C:\Users\sesa807379\AppData\Local\Programs\MiKTeX\tex/latex/base\makeidx.sty
Package: makeidx 2021/10/04 v1.0m Standard LaTeX package
)
(C:\Users\sesa807379\AppData\Local\Programs\MiKTeX\tex/latex/base\showidx.sty
Package: showidx 2021/10/04 v1.0m Standard LaTeX package
\indexbox=\insert252
)
(C:\Users\sesa807379\AppData\Local\Programs\MiKTeX\tex/latex/tools\enumerate.st
y
Package: enumerate 2023/07/04 v3.00 enumerate extensions (DPC)
\@enLab=\toks32
)
(C:\Users\sesa807379\AppData\Local\Programs\MiKTeX\tex/latex/multirow\multirow.
sty
Package: multirow 2024/11/12 v2.9 Span multiple rows of a table
\multirow@colwidth=\skip75
\multirow@cntb=\count313
\multirow@dima=\skip76
\bigstrutjot=\dimen192
)
(C:\Users\sesa807379\AppData\Local\Programs\MiKTeX\tex/latex/hyperref\hyperref.
sty
Package: hyperref 2025-07-12 v7.01o Hypertext links for LaTeX

(C:\Users\sesa807379\AppData\Local\Programs\MiKTeX\tex/generic/iftex\iftex.sty
Package: iftex 2024/12/12 v1.0g TeX engine tests
)
(C:\Users\sesa807379\AppData\Local\Programs\MiKTeX\tex/latex/kvsetkeys\kvsetkey
s.sty
Package: kvsetkeys 2022-10-05 v1.19 Key value parser (HO)
)
(C:\Users\sesa807379\AppData\Local\Programs\MiKTeX\tex/generic/kvdefinekeys\kvd
efinekeys.sty
Package: kvdefinekeys 2019-12-19 v1.6 Define keys (HO)
)
(C:\Users\sesa807379\AppData\Local\Programs\MiKTeX\tex/generic/pdfescape\pdfesc
ape.sty
Package: pdfescape 2019/12/09 v1.15 Implements pdfTeX's escape features (HO)

(C:\Users\sesa807379\AppData\Local\Programs\MiKTeX\tex/generic/ltxcmds\ltxcmds.
sty
Package: ltxcmds 2023-12-04 v1.26 LaTeX kernel commands for general use (HO)
)
(C:\Users\sesa807379\AppData\Local\Programs\MiKTeX\tex/generic/pdftexcmds\pdfte
xcmds.sty
Package: pdftexcmds 2020-06-27 v0.33 Utility functions of pdfTeX for LuaTeX (HO
)

(C:\Users\sesa807379\AppData\Local\Programs\MiKTeX\tex/generic/infwarerr\infwar
err.sty
Package: infwarerr 2019/12/03 v1.5 Providing info/warning/error messages (HO)
)
Package pdftexcmds Info: \pdf@primitive is available.
Package pdftexcmds Info: \pdf@ifprimitive is available.
Package pdftexcmds Info: \pdfdraftmode found.
))
(C:\Users\sesa807379\AppData\Local\Programs\MiKTeX\tex/latex/hycolor\hycolor.st
y
Package: hycolor 2020-01-27 v1.10 Color options for hyperref/bookmark (HO)
)
(C:\Users\sesa807379\AppData\Local\Programs\MiKTeX\tex/latex/hyperref\nameref.s
ty
Package: nameref 2025-06-21 v2.57 Cross-referencing by name of section

(C:\Users\sesa807379\AppData\Local\Programs\MiKTeX\tex/latex/refcount\refcount.
sty
Package: refcount 2019/12/15 v3.6 Data extraction from label references (HO)
)
(C:\Users\sesa807379\AppData\Local\Programs\MiKTeX\tex/generic/gettitlestring\g
ettitlestring.sty
Package: gettitlestring 2019/12/15 v1.6 Cleanup title references (HO)

(C:\Users\sesa807379\AppData\Local\Programs\MiKTeX\tex/latex/kvoptions\kvoption
s.sty
Package: kvoptions 2022-06-15 v3.15 Key value format for package options (HO)
))
\c@section@level=\count314
)
(C:\Users\sesa807379\AppData\Local\Programs\MiKTeX\tex/generic/stringenc\string
enc.sty
Package: stringenc 2019/11/29 v1.12 Convert strings between diff. encodings (HO
)
)
\@linkdim=\dimen193
\Hy@linkcounter=\count315
\Hy@pagecounter=\count316

(C:\Users\sesa807379\AppData\Local\Programs\MiKTeX\tex/latex/hyperref\pd1enc.de
f
File: pd1enc.def 2025-07-12 v7.01o Hyperref: PDFDocEncoding definition (HO)
Now handling font encoding PD1 ...
... no UTF-8 mapping file for font encoding PD1
)
(C:\Users\sesa807379\AppData\Local\Programs\MiKTeX\tex/generic/intcalc\intcalc.
sty
Package: intcalc 2019/12/15 v1.3 Expandable calculations with integers (HO)
)
\Hy@SavedSpaceFactor=\count317

(C:\Users\sesa807379\AppData\Local\Programs\MiKTeX\tex/latex/hyperref\puenc.def
File: puenc.def 2025-07-12 v7.01o Hyperref: PDF Unicode definition (HO)
Now handling font encoding PU ...
... no UTF-8 mapping file for font encoding PU
)
Package hyperref Info: Option `colorlinks' set `true' on input line 4066.
Package hyperref Info: Option `pdfpagelabels' set `true' on input line 4066.
Package hyperref Info: Option `bookmarksopen' set `true' on input line 4066.
Package hyperref Info: Option `bookmarksnumbered' set `true' on input line 4066
.
Package hyperref Info: Option `plainpages' set `false' on input line 4066.
Package hyperref Info: Option `hypertexnames' set `false' on input line 4066.
Package hyperref Info: Hyper figures OFF on input line 4195.
Package hyperref Info: Link nesting OFF on input line 4200.
Package hyperref Info: Hyper index ON on input line 4203.
Package hyperref Info: Plain pages OFF on input line 4210.
Package hyperref Info: Backreferencing OFF on input line 4215.
Package hyperref Info: Implicit mode ON; LaTeX internals redefined.
Package hyperref Info: Bookmarks ON on input line 4462.
\c@Hy@tempcnt=\count318
 (C:\Users\sesa807379\AppData\Local\Programs\MiKTeX\tex/latex/url\url.sty
\Urlmuskip=\muskip18
Package: url 2013/09/16  ver 3.4  Verb mode for urls, etc.
)
LaTeX Info: Redefining \url on input line 4801.
\XeTeXLinkMargin=\dimen194

(C:\Users\sesa807379\AppData\Local\Programs\MiKTeX\tex/generic/bitset\bitset.st
y
Package: bitset 2019/12/09 v1.3 Handle bit-vector datatype (HO)

(C:\Users\sesa807379\AppData\Local\Programs\MiKTeX\tex/generic/bigintcalc\bigin
tcalc.sty
Package: bigintcalc 2019/12/15 v1.5 Expandable calculations on big integers (HO
)
))
\Fld@menulength=\count319
\Field@Width=\dimen195
\Fld@charsize=\dimen196
Package hyperref Info: Hyper figures OFF on input line 6078.
Package hyperref Info: Link nesting OFF on input line 6083.
Package hyperref Info: Hyper index ON on input line 6086.
Package hyperref Info: backreferencing OFF on input line 6093.
Package hyperref Info: Link coloring ON on input line 6096.
Package hyperref Info: Link coloring with OCG OFF on input line 6103.
Package hyperref Info: PDF/A mode OFF on input line 6108.
\Hy@abspage=\count320
\c@Item=\count321
\c@Hfootnote=\count322
)
Package hyperref Info: Driver (autodetected): hpdftex.

(C:\Users\sesa807379\AppData\Local\Programs\MiKTeX\tex/latex/hyperref\hpdftex.d
ef
File: hpdftex.def 2025-07-12 v7.01o Hyperref driver for pdfTeX
\Fld@listcount=\count323
\c@bookmark@seq@number=\count324

(C:\Users\sesa807379\AppData\Local\Programs\MiKTeX\tex/latex/rerunfilecheck\rer
unfilecheck.sty
Package: rerunfilecheck 2025-06-21 v1.11 Rerun checks for auxiliary files (HO)

(C:\Users\sesa807379\AppData\Local\Programs\MiKTeX\tex/generic/uniquecounter\un
iquecounter.sty
Package: uniquecounter 2019/12/15 v1.4 Provide unlimited unique counter (HO)
)
Package uniquecounter Info: New unique counter `rerunfilecheck' on input line 2
84.
)
\Hy@SectionHShift=\skip77
)
(C:\Users\sesa807379\AppData\Local\Programs\MiKTeX\tex/latex/esvect\esvect.sty
Package: esvect 
\symesvector=\mathgroup6
) (C:\Users\sesa807379\AppData\Local\Programs\MiKTeX\tex/latex/amscls\amsthm.st
y
Package: amsthm 2020/05/29 v2.20.6
\thm@style=\toks33
\thm@bodyfont=\toks34
\thm@headfont=\toks35
\thm@notefont=\toks36
\thm@headpunct=\toks37
\thm@preskip=\skip78
\thm@postskip=\skip79
\thm@headsep=\skip80
\dth@everypar=\toks38
)
Class scrbook Info: amsthm's \deferred@thm@head patched.

(C:\Users\sesa807379\AppData\Local\Programs\MiKTeX\tex/latex/textgreek\textgree
k.sty
Package: textgreek 2011/10/09 v0.7 Greek symbols in text
Package textgreek Info: Loading the definitions for the Greek fontencoding. on 
input line 39.

(C:\Users\sesa807379\AppData\Local\Programs\MiKTeX\tex/latex/greek-fontenc\lgre
nc.def
File: lgrenc.def 2023-09-12 2.5 LGR Greek font encoding definitions
Now handling font encoding LGR ...
... processing UTF-8 mapping file for font encoding LGR

(C:\Users\sesa807379\AppData\Local\Programs\MiKTeX\tex/latex/greek-inputenc\lgr
enc.dfu
File: lgrenc.dfu 2023-03-21 1.9 UTF-8 support for Greek
   defining Unicode char U+00A8 (decimal 168)
   defining Unicode char U+00AB (decimal 171)
   defining Unicode char U+00AF (decimal 175)
   defining Unicode char U+00B4 (decimal 180)
   defining Unicode char U+00B7 (decimal 183)
   defining Unicode char U+00BB (decimal 187)
   defining Unicode char U+0259 (decimal 601)
   defining Unicode char U+02D8 (decimal 728)
   defining Unicode char U+0374 (decimal 884)
   defining Unicode char U+0375 (decimal 885)
   defining Unicode char U+037A (decimal 890)
   defining Unicode char U+037E (decimal 894)
   defining Unicode char U+0384 (decimal 900)
   defining Unicode char U+0385 (decimal 901)
   defining Unicode char U+0386 (decimal 902)
   defining Unicode char U+0387 (decimal 903)
   defining Unicode char U+0388 (decimal 904)
   defining Unicode char U+0389 (decimal 905)
   defining Unicode char U+038A (decimal 906)
   defining Unicode char U+038C (decimal 908)
   defining Unicode char U+038E (decimal 910)
   defining Unicode char U+038F (decimal 911)
   defining Unicode char U+0390 (decimal 912)
   defining Unicode char U+0391 (decimal 913)
   defining Unicode char U+0392 (decimal 914)
   defining Unicode char U+0393 (decimal 915)
   defining Unicode char U+0394 (decimal 916)
   defining Unicode char U+0395 (decimal 917)
   defining Unicode char U+0396 (decimal 918)
   defining Unicode char U+0397 (decimal 919)
   defining Unicode char U+0398 (decimal 920)
   defining Unicode char U+0399 (decimal 921)
   defining Unicode char U+039A (decimal 922)
   defining Unicode char U+039B (decimal 923)
   defining Unicode char U+039C (decimal 924)
   defining Unicode char U+039D (decimal 925)
   defining Unicode char U+039E (decimal 926)
   defining Unicode char U+039F (decimal 927)
   defining Unicode char U+03A0 (decimal 928)
   defining Unicode char U+03A1 (decimal 929)
   defining Unicode char U+03A3 (decimal 931)
   defining Unicode char U+03A4 (decimal 932)
   defining Unicode char U+03A5 (decimal 933)
   defining Unicode char U+03A6 (decimal 934)
   defining Unicode char U+03A7 (decimal 935)
   defining Unicode char U+03A8 (decimal 936)
   defining Unicode char U+03A9 (decimal 937)
   defining Unicode char U+03AA (decimal 938)
   defining Unicode char U+03AB (decimal 939)
   defining Unicode char U+03AC (decimal 940)
   defining Unicode char U+03AD (decimal 941)
   defining Unicode char U+03AE (decimal 942)
   defining Unicode char U+03AF (decimal 943)
   defining Unicode char U+03B0 (decimal 944)
   defining Unicode char U+03B1 (decimal 945)
   defining Unicode char U+03B2 (decimal 946)
   defining Unicode char U+03B3 (decimal 947)
   defining Unicode char U+03B4 (decimal 948)
   defining Unicode char U+03B5 (decimal 949)
   defining Unicode char U+03B6 (decimal 950)
   defining Unicode char U+03B7 (decimal 951)
   defining Unicode char U+03B8 (decimal 952)
   defining Unicode char U+03B9 (decimal 953)
   defining Unicode char U+03BA (decimal 954)
   defining Unicode char U+03BB (decimal 955)
   defining Unicode char U+03BC (decimal 956)
   defining Unicode char U+03BD (decimal 957)
   defining Unicode char U+03BE (decimal 958)
   defining Unicode char U+03BF (decimal 959)
   defining Unicode char U+03C0 (decimal 960)
   defining Unicode char U+03C1 (decimal 961)
   defining Unicode char U+03C2 (decimal 962)
   defining Unicode char U+03C3 (decimal 963)
   defining Unicode char U+03C4 (decimal 964)
   defining Unicode char U+03C5 (decimal 965)
   defining Unicode char U+03C6 (decimal 966)
   defining Unicode char U+03C7 (decimal 967)
   defining Unicode char U+03C8 (decimal 968)
   defining Unicode char U+03C9 (decimal 969)
   defining Unicode char U+03CA (decimal 970)
   defining Unicode char U+03CB (decimal 971)
   defining Unicode char U+03CC (decimal 972)
   defining Unicode char U+03CD (decimal 973)
   defining Unicode char U+03CE (decimal 974)
   defining Unicode char U+03D0 (decimal 976)
   defining Unicode char U+03D1 (decimal 977)
   defining Unicode char U+03D5 (decimal 981)
   defining Unicode char U+03D6 (decimal 982)
   defining Unicode char U+03D8 (decimal 984)
   defining Unicode char U+03D9 (decimal 985)
   defining Unicode char U+03DA (decimal 986)
   defining Unicode char U+03DB (decimal 987)
   defining Unicode char U+03DC (decimal 988)
   defining Unicode char U+03DD (decimal 989)
   defining Unicode char U+03DE (decimal 990)
   defining Unicode char U+03DF (decimal 991)
   defining Unicode char U+03E0 (decimal 992)
   defining Unicode char U+03E1 (decimal 993)
   defining Unicode char U+03F0 (decimal 1008)
   defining Unicode char U+03F1 (decimal 1009)
   defining Unicode char U+03F4 (decimal 1012)
   defining Unicode char U+03F5 (decimal 1013)
   defining Unicode char U+1F00 (decimal 7936)
   defining Unicode char U+1F01 (decimal 7937)
   defining Unicode char U+1F02 (decimal 7938)
   defining Unicode char U+1F03 (decimal 7939)
   defining Unicode char U+1F04 (decimal 7940)
   defining Unicode char U+1F05 (decimal 7941)
   defining Unicode char U+1F06 (decimal 7942)
   defining Unicode char U+1F07 (decimal 7943)
   defining Unicode char U+1F08 (decimal 7944)
   defining Unicode char U+1F09 (decimal 7945)
   defining Unicode char U+1F0A (decimal 7946)
   defining Unicode char U+1F0B (decimal 7947)
   defining Unicode char U+1F0C (decimal 7948)
   defining Unicode char U+1F0D (decimal 7949)
   defining Unicode char U+1F0E (decimal 7950)
   defining Unicode char U+1F0F (decimal 7951)
   defining Unicode char U+1F10 (decimal 7952)
   defining Unicode char U+1F11 (decimal 7953)
   defining Unicode char U+1F12 (decimal 7954)
   defining Unicode char U+1F13 (decimal 7955)
   defining Unicode char U+1F14 (decimal 7956)
   defining Unicode char U+1F15 (decimal 7957)
   defining Unicode char U+1F18 (decimal 7960)
   defining Unicode char U+1F19 (decimal 7961)
   defining Unicode char U+1F1A (decimal 7962)
   defining Unicode char U+1F1B (decimal 7963)
   defining Unicode char U+1F1C (decimal 7964)
   defining Unicode char U+1F1D (decimal 7965)
   defining Unicode char U+1F20 (decimal 7968)
   defining Unicode char U+1F21 (decimal 7969)
   defining Unicode char U+1F22 (decimal 7970)
   defining Unicode char U+1F23 (decimal 7971)
   defining Unicode char U+1F24 (decimal 7972)
   defining Unicode char U+1F25 (decimal 7973)
   defining Unicode char U+1F26 (decimal 7974)
   defining Unicode char U+1F27 (decimal 7975)
   defining Unicode char U+1F28 (decimal 7976)
   defining Unicode char U+1F29 (decimal 7977)
   defining Unicode char U+1F2A (decimal 7978)
   defining Unicode char U+1F2B (decimal 7979)
   defining Unicode char U+1F2C (decimal 7980)
   defining Unicode char U+1F2D (decimal 7981)
   defining Unicode char U+1F2E (decimal 7982)
   defining Unicode char U+1F2F (decimal 7983)
   defining Unicode char U+1F30 (decimal 7984)
   defining Unicode char U+1F31 (decimal 7985)
   defining Unicode char U+1F32 (decimal 7986)
   defining Unicode char U+1F33 (decimal 7987)
   defining Unicode char U+1F34 (decimal 7988)
   defining Unicode char U+1F35 (decimal 7989)
   defining Unicode char U+1F36 (decimal 7990)
   defining Unicode char U+1F37 (decimal 7991)
   defining Unicode char U+1F38 (decimal 7992)
   defining Unicode char U+1F39 (decimal 7993)
   defining Unicode char U+1F3A (decimal 7994)
   defining Unicode char U+1F3B (decimal 7995)
   defining Unicode char U+1F3C (decimal 7996)
   defining Unicode char U+1F3D (decimal 7997)
   defining Unicode char U+1F3E (decimal 7998)
   defining Unicode char U+1F3F (decimal 7999)
   defining Unicode char U+1F40 (decimal 8000)
   defining Unicode char U+1F41 (decimal 8001)
   defining Unicode char U+1F42 (decimal 8002)
   defining Unicode char U+1F43 (decimal 8003)
   defining Unicode char U+1F44 (decimal 8004)
   defining Unicode char U+1F45 (decimal 8005)
   defining Unicode char U+1F48 (decimal 8008)
   defining Unicode char U+1F49 (decimal 8009)
   defining Unicode char U+1F4A (decimal 8010)
   defining Unicode char U+1F4B (decimal 8011)
   defining Unicode char U+1F4C (decimal 8012)
   defining Unicode char U+1F4D (decimal 8013)
   defining Unicode char U+1F50 (decimal 8016)
   defining Unicode char U+1F51 (decimal 8017)
   defining Unicode char U+1F52 (decimal 8018)
   defining Unicode char U+1F53 (decimal 8019)
   defining Unicode char U+1F54 (decimal 8020)
   defining Unicode char U+1F55 (decimal 8021)
   defining Unicode char U+1F56 (decimal 8022)
   defining Unicode char U+1F57 (decimal 8023)
   defining Unicode char U+1F59 (decimal 8025)
   defining Unicode char U+1F5B (decimal 8027)
   defining Unicode char U+1F5D (decimal 8029)
   defining Unicode char U+1F5F (decimal 8031)
   defining Unicode char U+1F60 (decimal 8032)
   defining Unicode char U+1F61 (decimal 8033)
   defining Unicode char U+1F62 (decimal 8034)
   defining Unicode char U+1F63 (decimal 8035)
   defining Unicode char U+1F64 (decimal 8036)
   defining Unicode char U+1F65 (decimal 8037)
   defining Unicode char U+1F66 (decimal 8038)
   defining Unicode char U+1F67 (decimal 8039)
   defining Unicode char U+1F68 (decimal 8040)
   defining Unicode char U+1F69 (decimal 8041)
   defining Unicode char U+1F6A (decimal 8042)
   defining Unicode char U+1F6B (decimal 8043)
   defining Unicode char U+1F6C (decimal 8044)
   defining Unicode char U+1F6D (decimal 8045)
   defining Unicode char U+1F6E (decimal 8046)
   defining Unicode char U+1F6F (decimal 8047)
   defining Unicode char U+1F70 (decimal 8048)
   defining Unicode char U+1F71 (decimal 8049)
   defining Unicode char U+1F72 (decimal 8050)
   defining Unicode char U+1F73 (decimal 8051)
   defining Unicode char U+1F74 (decimal 8052)
   defining Unicode char U+1F75 (decimal 8053)
   defining Unicode char U+1F76 (decimal 8054)
   defining Unicode char U+1F77 (decimal 8055)
   defining Unicode char U+1F78 (decimal 8056)
   defining Unicode char U+1F79 (decimal 8057)
   defining Unicode char U+1F7A (decimal 8058)
   defining Unicode char U+1F7B (decimal 8059)
   defining Unicode char U+1F7C (decimal 8060)
   defining Unicode char U+1F7D (decimal 8061)
   defining Unicode char U+1F80 (decimal 8064)
   defining Unicode char U+1F81 (decimal 8065)
   defining Unicode char U+1F82 (decimal 8066)
   defining Unicode char U+1F83 (decimal 8067)
   defining Unicode char U+1F84 (decimal 8068)
   defining Unicode char U+1F85 (decimal 8069)
   defining Unicode char U+1F86 (decimal 8070)
   defining Unicode char U+1F87 (decimal 8071)
   defining Unicode char U+1F88 (decimal 8072)
   defining Unicode char U+1F89 (decimal 8073)
   defining Unicode char U+1F8A (decimal 8074)
   defining Unicode char U+1F8B (decimal 8075)
   defining Unicode char U+1F8C (decimal 8076)
   defining Unicode char U+1F8D (decimal 8077)
   defining Unicode char U+1F8E (decimal 8078)
   defining Unicode char U+1F8F (decimal 8079)
   defining Unicode char U+1F90 (decimal 8080)
   defining Unicode char U+1F91 (decimal 8081)
   defining Unicode char U+1F92 (decimal 8082)
   defining Unicode char U+1F93 (decimal 8083)
   defining Unicode char U+1F94 (decimal 8084)
   defining Unicode char U+1F95 (decimal 8085)
   defining Unicode char U+1F96 (decimal 8086)
   defining Unicode char U+1F97 (decimal 8087)
   defining Unicode char U+1F98 (decimal 8088)
   defining Unicode char U+1F99 (decimal 8089)
   defining Unicode char U+1F9A (decimal 8090)
   defining Unicode char U+1F9B (decimal 8091)
   defining Unicode char U+1F9C (decimal 8092)
   defining Unicode char U+1F9D (decimal 8093)
   defining Unicode char U+1F9E (decimal 8094)
   defining Unicode char U+1F9F (decimal 8095)
   defining Unicode char U+1FA0 (decimal 8096)
   defining Unicode char U+1FA1 (decimal 8097)
   defining Unicode char U+1FA2 (decimal 8098)
   defining Unicode char U+1FA3 (decimal 8099)
   defining Unicode char U+1FA4 (decimal 8100)
   defining Unicode char U+1FA5 (decimal 8101)
   defining Unicode char U+1FA6 (decimal 8102)
   defining Unicode char U+1FA7 (decimal 8103)
   defining Unicode char U+1FA8 (decimal 8104)
   defining Unicode char U+1FA9 (decimal 8105)
   defining Unicode char U+1FAA (decimal 8106)
   defining Unicode char U+1FAB (decimal 8107)
   defining Unicode char U+1FAC (decimal 8108)
   defining Unicode char U+1FAD (decimal 8109)
   defining Unicode char U+1FAE (decimal 8110)
   defining Unicode char U+1FAF (decimal 8111)
   defining Unicode char U+1FB0 (decimal 8112)
   defining Unicode char U+1FB1 (decimal 8113)
   defining Unicode char U+1FB2 (decimal 8114)
   defining Unicode char U+1FB3 (decimal 8115)
   defining Unicode char U+1FB4 (decimal 8116)
   defining Unicode char U+1FB6 (decimal 8118)
   defining Unicode char U+1FB7 (decimal 8119)
   defining Unicode char U+1FB8 (decimal 8120)
   defining Unicode char U+1FB9 (decimal 8121)
   defining Unicode char U+1FBA (decimal 8122)
   defining Unicode char U+1FBB (decimal 8123)
   defining Unicode char U+1FBC (decimal 8124)
   defining Unicode char U+1FBD (decimal 8125)
   defining Unicode char U+1FBE (decimal 8126)
   defining Unicode char U+1FBF (decimal 8127)
   defining Unicode char U+1FC0 (decimal 8128)
   defining Unicode char U+1FC1 (decimal 8129)
   defining Unicode char U+1FC2 (decimal 8130)
   defining Unicode char U+1FC3 (decimal 8131)
   defining Unicode char U+1FC4 (decimal 8132)
   defining Unicode char U+1FC6 (decimal 8134)
   defining Unicode char U+1FC7 (decimal 8135)
   defining Unicode char U+1FC8 (decimal 8136)
   defining Unicode char U+1FC9 (decimal 8137)
   defining Unicode char U+1FCA (decimal 8138)
   defining Unicode char U+1FCB (decimal 8139)
   defining Unicode char U+1FCC (decimal 8140)
   defining Unicode char U+1FCD (decimal 8141)
   defining Unicode char U+1FCE (decimal 8142)
   defining Unicode char U+1FCF (decimal 8143)
   defining Unicode char U+1FD0 (decimal 8144)
   defining Unicode char U+1FD1 (decimal 8145)
   defining Unicode char U+1FD2 (decimal 8146)
   defining Unicode char U+1FD3 (decimal 8147)
   defining Unicode char U+1FD6 (decimal 8150)
   defining Unicode char U+1FD7 (decimal 8151)
   defining Unicode char U+1FD8 (decimal 8152)
   defining Unicode char U+1FD9 (decimal 8153)
   defining Unicode char U+1FDA (decimal 8154)
   defining Unicode char U+1FDB (decimal 8155)
   defining Unicode char U+1FDD (decimal 8157)
   defining Unicode char U+1FDE (decimal 8158)
   defining Unicode char U+1FDF (decimal 8159)
   defining Unicode char U+1FE0 (decimal 8160)
   defining Unicode char U+1FE1 (decimal 8161)
   defining Unicode char U+1FE2 (decimal 8162)
   defining Unicode char U+1FE3 (decimal 8163)
   defining Unicode char U+1FE4 (decimal 8164)
   defining Unicode char U+1FE5 (decimal 8165)
   defining Unicode char U+1FE6 (decimal 8166)
   defining Unicode char U+1FE7 (decimal 8167)
   defining Unicode char U+1FE8 (decimal 8168)
   defining Unicode char U+1FE9 (decimal 8169)
   defining Unicode char U+1FEA (decimal 8170)
   defining Unicode char U+1FEB (decimal 8171)
   defining Unicode char U+1FEC (decimal 8172)
   defining Unicode char U+1FED (decimal 8173)
   defining Unicode char U+1FEE (decimal 8174)
   defining Unicode char U+1FEF (decimal 8175)
   defining Unicode char U+1FF2 (decimal 8178)
   defining Unicode char U+1FF3 (decimal 8179)
   defining Unicode char U+1FF4 (decimal 8180)
   defining Unicode char U+1FF6 (decimal 8182)
   defining Unicode char U+1FF7 (decimal 8183)
   defining Unicode char U+1FF8 (decimal 8184)
   defining Unicode char U+1FF9 (decimal 8185)
   defining Unicode char U+1FFA (decimal 8186)
   defining Unicode char U+1FFB (decimal 8187)
   defining Unicode char U+1FFC (decimal 8188)
   defining Unicode char U+1FFD (decimal 8189)
   defining Unicode char U+1FFE (decimal 8190)
   defining Unicode char U+2013 (decimal 8211)
   defining Unicode char U+2014 (decimal 8212)
   defining Unicode char U+2018 (decimal 8216)
   defining Unicode char U+2019 (decimal 8217)
   defining Unicode char U+201A (decimal 8218)
   defining Unicode char U+2030 (decimal 8240)
   defining Unicode char U+2039 (decimal 8249)
   defining Unicode char U+203A (decimal 8250)
   defining Unicode char U+20AC (decimal 8364)
   defining Unicode char U+2126 (decimal 8486)
   defining Unicode char U+10144 (decimal 65860)
   defining Unicode char U+10145 (decimal 65861)
   defining Unicode char U+10146 (decimal 65862)
   defining Unicode char U+10147 (decimal 65863)
)
(C:\Users\sesa807379\AppData\Local\Programs\MiKTeX\tex/latex/greek-fontenc\gree
k-fontenc.def
File: greek-fontenc.def 2023-09-12 2.5 Common Greek font encoding definitions
LaTeX Encoding Info:    Ignoring declaration for text command \accACUTE (encodi
ng LGR) on input line 251.
LaTeX Encoding Info:    Ignoring declaration for text command \accGRAVE (encodi
ng LGR) on input line 259.
LaTeX Encoding Info:    Ignoring declaration for text command \accTILDE (encodi
ng LGR) on input line 267.
))
Package textgreek Info: Loaded fontmap: {eur/*/*}{U/eur/*/*} {phv/*/*}{U/psy/*/
*}. on input line 69.
)
(C:\Users\sesa807379\AppData\Local\Programs\MiKTeX\tex/latex/siunitx\siunitx.st
y
Package: siunitx 2025-07-09 v3.4.14 A comprehensive (SI) units package
\l__siunitx_number_uncert_offset_int=\count325
\l__siunitx_number_exponent_fixed_int=\count326
\l__siunitx_number_min_decimal_int=\count327
\l__siunitx_number_min_integer_int=\count328
\l__siunitx_number_round_precision_int=\count329
\l__siunitx_number_lower_threshold_int=\count330
\l__siunitx_number_upper_threshold_int=\count331
\l__siunitx_number_group_first_int=\count332
\l__siunitx_number_group_size_int=\count333
\l__siunitx_number_group_minimum_int=\count334
\l__siunitx_angle_tmp_dim=\dimen197
\l__siunitx_angle_marker_box=\box68
\l__siunitx_angle_unit_box=\box69
\l__siunitx_compound_count_int=\count335

(C:\Users\sesa807379\AppData\Local\Programs\MiKTeX\tex/latex/translations\trans
lations.sty
Package: translations 2022/02/05 v1.12 internationalization of LaTeX2e packages
 (CN)
)
\l__siunitx_table_tmp_box=\box70
\l__siunitx_table_tmp_dim=\dimen198
\l__siunitx_table_column_width_dim=\dimen199
\l__siunitx_table_integer_box=\box71
\l__siunitx_table_decimal_box=\box72
\l__siunitx_table_uncert_box=\box73
\l__siunitx_table_before_box=\box74
\l__siunitx_table_after_box=\box75
\l__siunitx_table_before_dim=\dimen256
\l__siunitx_table_carry_dim=\dimen257
\l__siunitx_unit_tmp_int=\count336
\l__siunitx_unit_position_int=\count337
\l__siunitx_unit_total_int=\count338
)
(C:\Users\sesa807379\AppData\Local\Programs\MiKTeX\tex/latex/tools\xspace.sty
Package: xspace 2014/10/28 v1.13 Space after command names (DPC,MH)
)
(C:\Users\sesa807379\AppData\Local\Programs\MiKTeX\tex/latex/ragged2e\ragged2e.
sty
Package: ragged2e 2023/06/22 v3.6 ragged2e Package
\CenteringLeftskip=\skip81
\RaggedLeftLeftskip=\skip82
\RaggedRightLeftskip=\skip83
\CenteringRightskip=\skip84
\RaggedLeftRightskip=\skip85
\RaggedRightRightskip=\skip86
\CenteringParfillskip=\skip87
\RaggedLeftParfillskip=\skip88
\RaggedRightParfillskip=\skip89
\JustifyingParfillskip=\skip90
\CenteringParindent=\skip91
\RaggedLeftParindent=\skip92
\RaggedRightParindent=\skip93
\JustifyingParindent=\skip94
)
\@indexfile=\write3
\openout3 = `MasterThesis_Report.idx'.


Writing index file MasterThesis_Report.idx 
(C:\Users\sesa807379\AppData\Local\Programs\MiKTeX\tex/generic/babel\babel.sty
Package: babel 2025/08/03 v25.12 The multilingual framework for LuaLaTeX, pdfLa
TeX and XeLaTeX
\babel@savecnt=\count339
LaTeX Encoding Info:    Redeclaring text command \ij (encoding OT1) on input li
ne 2045.
LaTeX Encoding Info:    Redeclaring text command \IJ (encoding OT1) on input li
ne 2047.
LaTeX Encoding Info:    Redeclaring text command \ij (encoding T1) on input lin
e 2049.
LaTeX Encoding Info:    Redeclaring text command \IJ (encoding T1) on input lin
e 2050.
LaTeX Encoding Info:    Ignoring declaration for text command \ij (encoding ?) 
on input line 2051.
LaTeX Encoding Info:    Ignoring declaration for text command \IJ (encoding ?) 
on input line 2053.
LaTeX Encoding Info:    Ignoring declaration for text command \SS (encoding ?) 
on input line 2078.
\U@D=\dimen258
\l@unhyphenated=\language79

(C:\Users\sesa807379\AppData\Local\Programs\MiKTeX\tex/generic/babel\txtbabel.d
ef)
\bbl@readstream=\read2
\bbl@dirlevel=\count340

*************************************
* Local config file bblopts.cfg used
*
(C:\Users\sesa807379\AppData\Local\Programs\MiKTeX\tex/latex/arabi\bblopts.cfg
File: bblopts.cfg 2005/09/08 v0.1 add Arabic and Farsi to "declared" options of
 babel
)
(C:\Users\sesa807379\AppData\Local\Programs\MiKTeX\tex/latex/babel-english\amer
ican.ldf
Language: american 2017/06/06 v3.3r English support from the babel system

(C:\Users\sesa807379\AppData\Local\Programs\MiKTeX\tex/latex/babel-english\engl
ish.ldf
Language: english 2017/06/06 v3.3r English support from the babel system

(C:\Users\sesa807379\AppData\Local\Programs\MiKTeX\tex/generic/babel/locale/en\
babel-american.tex
Package babel Info: Importing font and identification data for american
(babel)             from babel-en-US.ini. Reported on input line 12.
)
Package babel Info: Hyphen rules for 'canadian' set to \l@english
(babel)             (\language0). Reported on input line 102.
Package babel Info: Hyphen rules for 'australian' set to \l@ukenglish
(babel)             (\language73). Reported on input line 105.
Package babel Info: Hyphen rules for 'newzealand' set to \l@ukenglish
(babel)             (\language73). Reported on input line 108.
)))
(C:\Users\sesa807379\AppData\Local\Programs\MiKTeX\tex/latex/listings\listings.
sty
\lst@mode=\count341
\lst@gtempboxa=\box76
\lst@token=\toks39
\lst@length=\count342
\lst@currlwidth=\dimen259
\lst@column=\count343
\lst@pos=\count344
\lst@lostspace=\dimen260
\lst@width=\dimen261
\lst@newlines=\count345
\lst@lineno=\count346
\lst@maxwidth=\dimen262

(C:\Users\sesa807379\AppData\Local\Programs\MiKTeX\tex/latex/listings\lstpatch.
sty
File: lstpatch.sty 2024/09/23 1.10c (Carsten Heinz)
)
(C:\Users\sesa807379\AppData\Local\Programs\MiKTeX\tex/latex/listings\lstmisc.s
ty
File: lstmisc.sty 2024/09/23 1.10c (Carsten Heinz)
\c@lstnumber=\count347
\lst@skipnumbers=\count348
\lst@framebox=\box77
)
(C:\Users\sesa807379\AppData\Local\Programs\MiKTeX\tex/latex/listings\listings.
cfg
File: listings.cfg 2024/09/23 1.10c listings configuration
))
Package: listings 2024/09/23 1.10c (Carsten Heinz)

(C:\Users\sesa807379\AppData\Local\Programs\MiKTeX\tex/latex/listings\lstlang1.
sty
File: lstlang1.sty 2024/09/23 1.10c listings language file
)
(C:\Users\sesa807379\AppData\Local\Programs\MiKTeX\tex/latex/listings\lstlang2.
sty
File: lstlang2.sty 2024/09/23 1.10c listings language file
)
(C:\Users\sesa807379\AppData\Local\Programs\MiKTeX\tex/latex/listings\lstlang3.
sty
File: lstlang3.sty 2024/09/23 1.10c listings language file
)
(C:\Users\sesa807379\AppData\Local\Programs\MiKTeX\tex/latex/listings\lstlang1.
sty
File: lstlang1.sty 2024/09/23 1.10c listings language file
)
(C:\Users\sesa807379\AppData\Local\Programs\MiKTeX\tex/latex/listings\lstlang2.
sty
File: lstlang2.sty 2024/09/23 1.10c listings language file
)
(C:\Users\sesa807379\AppData\Local\Programs\MiKTeX\tex/latex/listings\lstlang3.
sty
File: lstlang3.sty 2024/09/23 1.10c listings language file
)
(C:\Users\sesa807379\AppData\Local\Programs\MiKTeX\tex/latex/listings\lstlang1.
sty
File: lstlang1.sty 2024/09/23 1.10c listings language file
)
(C:\Users\sesa807379\AppData\Local\Programs\MiKTeX\tex/latex/listings\lstlang2.
sty
File: lstlang2.sty 2024/09/23 1.10c listings language file
)
(C:\Users\sesa807379\AppData\Local\Programs\MiKTeX\tex/latex/listings\lstlang3.
sty
File: lstlang3.sty 2024/09/23 1.10c listings language file
)
(C:\Users\sesa807379\AppData\Local\Programs\MiKTeX\tex/latex/listings\lstmisc.s
ty
File: lstmisc.sty 2024/09/23 1.10c (Carsten Heinz)
)
(C:\Users\sesa807379\AppData\Local\Programs\MiKTeX\tex/latex/acronym\acronym.st
y
Package: acronym 2025/01/17 v1.50 Support for acronyms (Tobias Oetiker)

(C:\Users\sesa807379\AppData\Local\Programs\MiKTeX\tex/latex/bigfoot\suffix.sty
Package: suffix 2006/07/15 1.5a Variant command support
)
(C:\Users\sesa807379\AppData\Local\Programs\MiKTeX\tex/latex/xstring\xstring.st
y
(C:\Users\sesa807379\AppData\Local\Programs\MiKTeX\tex/generic/xstring\xstring.
tex
\xs_counta=\count349
\xs_countb=\count350
)
Package: xstring 2023/08/22 v1.86 String manipulations (CT)
)
\AC@clearlist=\toks40
)
(C:\Users\sesa807379\AppData\Local\Programs\MiKTeX\tex/latex/csquotes\csquotes.
sty
Package: csquotes 2024-04-04 v5.2o context-sensitive quotations (JAW)
\csq@reset=\count351
\csq@gtype=\count352
\csq@glevel=\count353
\csq@qlevel=\count354
\csq@maxlvl=\count355
\csq@tshold=\count356
\csq@ltx@everypar=\toks41

(C:\Users\sesa807379\AppData\Local\Programs\MiKTeX\tex/latex/csquotes\csquotes.
def
File: csquotes.def 2024-04-04 v5.2o csquotes generic definitions (JAW)
)
Package csquotes Info: Trying to load configuration file 'csquotes.cfg'...
Package csquotes Info: ... configuration file loaded successfully.

(C:\Users\sesa807379\AppData\Local\Programs\MiKTeX\tex/latex/csquotes\csquotes.
cfg
File: csquotes.cfg 
))
(C:\Users\sesa807379\AppData\Local\Programs\MiKTeX\tex/latex/gensymb\gensymb.st
y
Package: gensymb 2022/10/17 v1.0.2 (KJH)
)
(C:\Users\sesa807379\AppData\Local\Programs\MiKTeX\tex/latex/pgf/frontendlayer\
tikz.sty
(C:\Users\sesa807379\AppData\Local\Programs\MiKTeX\tex/latex/pgf/basiclayer\pgf
.sty
(C:\Users\sesa807379\AppData\Local\Programs\MiKTeX\tex/latex/pgf/utilities\pgfr
cs.sty
(C:\Users\sesa807379\AppData\Local\Programs\MiKTeX\tex/generic/pgf/utilities\pg
futil-common.tex
\pgfutil@everybye=\toks42
\pgfutil@tempdima=\dimen263
\pgfutil@tempdimb=\dimen264
)
(C:\Users\sesa807379\AppData\Local\Programs\MiKTeX\tex/generic/pgf/utilities\pg
futil-latex.def
\pgfutil@abb=\box78
)
(C:\Users\sesa807379\AppData\Local\Programs\MiKTeX\tex/generic/pgf/utilities\pg
frcs.code.tex
(C:\Users\sesa807379\AppData\Local\Programs\MiKTeX\tex/generic/pgf\pgf.revision
.tex)
Package: pgfrcs 2023-01-15 v3.1.10 (3.1.10)
))
Package: pgf 2023-01-15 v3.1.10 (3.1.10)

(C:\Users\sesa807379\AppData\Local\Programs\MiKTeX\tex/latex/pgf/basiclayer\pgf
core.sty
(C:\Users\sesa807379\AppData\Local\Programs\MiKTeX\tex/latex/pgf/systemlayer\pg
fsys.sty
(C:\Users\sesa807379\AppData\Local\Programs\MiKTeX\tex/generic/pgf/systemlayer\
pgfsys.code.tex
Package: pgfsys 2023-01-15 v3.1.10 (3.1.10)

(C:\Users\sesa807379\AppData\Local\Programs\MiKTeX\tex/generic/pgf/utilities\pg
fkeys.code.tex
\pgfkeys@pathtoks=\toks43
\pgfkeys@temptoks=\toks44

(C:\Users\sesa807379\AppData\Local\Programs\MiKTeX\tex/generic/pgf/utilities\pg
fkeyslibraryfiltered.code.tex
\pgfkeys@tmptoks=\toks45
))
\pgf@x=\dimen265
\pgf@y=\dimen266
\pgf@xa=\dimen267
\pgf@ya=\dimen268
\pgf@xb=\dimen269
\pgf@yb=\dimen270
\pgf@xc=\dimen271
\pgf@yc=\dimen272
\pgf@xd=\dimen273
\pgf@yd=\dimen274
\w@pgf@writea=\write4
\r@pgf@reada=\read3
\c@pgf@counta=\count357
\c@pgf@countb=\count358
\c@pgf@countc=\count359
\c@pgf@countd=\count360
\t@pgf@toka=\toks46
\t@pgf@tokb=\toks47
\t@pgf@tokc=\toks48
\pgf@sys@id@count=\count361

(C:\Users\sesa807379\AppData\Local\Programs\MiKTeX\tex/generic/pgf/systemlayer\
pgf.cfg
File: pgf.cfg 2023-01-15 v3.1.10 (3.1.10)
)
Driver file for pgf: pgfsys-pdftex.def

(C:\Users\sesa807379\AppData\Local\Programs\MiKTeX\tex/generic/pgf/systemlayer\
pgfsys-pdftex.def
File: pgfsys-pdftex.def 2023-01-15 v3.1.10 (3.1.10)

(C:\Users\sesa807379\AppData\Local\Programs\MiKTeX\tex/generic/pgf/systemlayer\
pgfsys-common-pdf.def
File: pgfsys-common-pdf.def 2023-01-15 v3.1.10 (3.1.10)
)))
(C:\Users\sesa807379\AppData\Local\Programs\MiKTeX\tex/generic/pgf/systemlayer\
pgfsyssoftpath.code.tex
File: pgfsyssoftpath.code.tex 2023-01-15 v3.1.10 (3.1.10)
\pgfsyssoftpath@smallbuffer@items=\count362
\pgfsyssoftpath@bigbuffer@items=\count363
)
(C:\Users\sesa807379\AppData\Local\Programs\MiKTeX\tex/generic/pgf/systemlayer\
pgfsysprotocol.code.tex
File: pgfsysprotocol.code.tex 2023-01-15 v3.1.10 (3.1.10)
))
(C:\Users\sesa807379\AppData\Local\Programs\MiKTeX\tex/latex/xcolor\xcolor.sty
Package: xcolor 2024/09/29 v3.02 LaTeX color extensions (UK)

(C:\Users\sesa807379\AppData\Local\Programs\MiKTeX\tex/latex/graphics-cfg\color
.cfg
File: color.cfg 2016/01/02 v1.6 sample color configuration
)
Package xcolor Info: Driver file: pdftex.def on input line 274.
LaTeX Info: Redefining \color on input line 762.

(C:\Users\sesa807379\AppData\Local\Programs\MiKTeX\tex/latex/graphics\mathcolor
.ltx)
Package xcolor Info: Model `cmy' substituted by `cmy0' on input line 1349.
Package xcolor Info: Model `hsb' substituted by `rgb' on input line 1353.
Package xcolor Info: Model `RGB' extended on input line 1365.
Package xcolor Info: Model `HTML' substituted by `rgb' on input line 1367.
Package xcolor Info: Model `Hsb' substituted by `hsb' on input line 1368.
Package xcolor Info: Model `tHsb' substituted by `hsb' on input line 1369.
Package xcolor Info: Model `HSB' substituted by `hsb' on input line 1370.
Package xcolor Info: Model `Gray' substituted by `gray' on input line 1371.
Package xcolor Info: Model `wave' substituted by `hsb' on input line 1372.
)
(C:\Users\sesa807379\AppData\Local\Programs\MiKTeX\tex/generic/pgf/basiclayer\p
gfcore.code.tex
Package: pgfcore 2023-01-15 v3.1.10 (3.1.10)

(C:\Users\sesa807379\AppData\Local\Programs\MiKTeX\tex/generic/pgf/math\pgfmath
.code.tex
(C:\Users\sesa807379\AppData\Local\Programs\MiKTeX\tex/generic/pgf/math\pgfmath
util.code.tex)
(C:\Users\sesa807379\AppData\Local\Programs\MiKTeX\tex/generic/pgf/math\pgfmath
parser.code.tex
\pgfmath@dimen=\dimen275
\pgfmath@count=\count364
\pgfmath@box=\box79
\pgfmath@toks=\toks49
\pgfmath@stack@operand=\toks50
\pgfmath@stack@operation=\toks51
)
(C:\Users\sesa807379\AppData\Local\Programs\MiKTeX\tex/generic/pgf/math\pgfmath
functions.code.tex)
(C:\Users\sesa807379\AppData\Local\Programs\MiKTeX\tex/generic/pgf/math\pgfmath
functions.basic.code.tex)
(C:\Users\sesa807379\AppData\Local\Programs\MiKTeX\tex/generic/pgf/math\pgfmath
functions.trigonometric.code.tex)
(C:\Users\sesa807379\AppData\Local\Programs\MiKTeX\tex/generic/pgf/math\pgfmath
functions.random.code.tex)
(C:\Users\sesa807379\AppData\Local\Programs\MiKTeX\tex/generic/pgf/math\pgfmath
functions.comparison.code.tex)
(C:\Users\sesa807379\AppData\Local\Programs\MiKTeX\tex/generic/pgf/math\pgfmath
functions.base.code.tex)
(C:\Users\sesa807379\AppData\Local\Programs\MiKTeX\tex/generic/pgf/math\pgfmath
functions.round.code.tex)
(C:\Users\sesa807379\AppData\Local\Programs\MiKTeX\tex/generic/pgf/math\pgfmath
functions.misc.code.tex)
(C:\Users\sesa807379\AppData\Local\Programs\MiKTeX\tex/generic/pgf/math\pgfmath
functions.integerarithmetics.code.tex)
(C:\Users\sesa807379\AppData\Local\Programs\MiKTeX\tex/generic/pgf/math\pgfmath
calc.code.tex)
(C:\Users\sesa807379\AppData\Local\Programs\MiKTeX\tex/generic/pgf/math\pgfmath
float.code.tex
\c@pgfmathroundto@lastzeros=\count365
))
(C:\Users\sesa807379\AppData\Local\Programs\MiKTeX\tex/generic/pgf/math\pgfint.
code.tex)
(C:\Users\sesa807379\AppData\Local\Programs\MiKTeX\tex/generic/pgf/basiclayer\p
gfcorepoints.code.tex
File: pgfcorepoints.code.tex 2023-01-15 v3.1.10 (3.1.10)
\pgf@picminx=\dimen276
\pgf@picmaxx=\dimen277
\pgf@picminy=\dimen278
\pgf@picmaxy=\dimen279
\pgf@pathminx=\dimen280
\pgf@pathmaxx=\dimen281
\pgf@pathminy=\dimen282
\pgf@pathmaxy=\dimen283
\pgf@xx=\dimen284
\pgf@xy=\dimen285
\pgf@yx=\dimen286
\pgf@yy=\dimen287
\pgf@zx=\dimen288
\pgf@zy=\dimen289
)
(C:\Users\sesa807379\AppData\Local\Programs\MiKTeX\tex/generic/pgf/basiclayer\p
gfcorepathconstruct.code.tex
File: pgfcorepathconstruct.code.tex 2023-01-15 v3.1.10 (3.1.10)
\pgf@path@lastx=\dimen290
\pgf@path@lasty=\dimen291
)
(C:\Users\sesa807379\AppData\Local\Programs\MiKTeX\tex/generic/pgf/basiclayer\p
gfcorepathusage.code.tex
File: pgfcorepathusage.code.tex 2023-01-15 v3.1.10 (3.1.10)
\pgf@shorten@end@additional=\dimen292
\pgf@shorten@start@additional=\dimen293
)
(C:\Users\sesa807379\AppData\Local\Programs\MiKTeX\tex/generic/pgf/basiclayer\p
gfcorescopes.code.tex
File: pgfcorescopes.code.tex 2023-01-15 v3.1.10 (3.1.10)
\pgfpic=\box80
\pgf@hbox=\box81
\pgf@layerbox@main=\box82
\pgf@picture@serial@count=\count366
)
(C:\Users\sesa807379\AppData\Local\Programs\MiKTeX\tex/generic/pgf/basiclayer\p
gfcoregraphicstate.code.tex
File: pgfcoregraphicstate.code.tex 2023-01-15 v3.1.10 (3.1.10)
\pgflinewidth=\dimen294
)
(C:\Users\sesa807379\AppData\Local\Programs\MiKTeX\tex/generic/pgf/basiclayer\p
gfcoretransformations.code.tex
File: pgfcoretransformations.code.tex 2023-01-15 v3.1.10 (3.1.10)
\pgf@pt@x=\dimen295
\pgf@pt@y=\dimen296
\pgf@pt@temp=\dimen297
)
(C:\Users\sesa807379\AppData\Local\Programs\MiKTeX\tex/generic/pgf/basiclayer\p
gfcorequick.code.tex
File: pgfcorequick.code.tex 2023-01-15 v3.1.10 (3.1.10)
)
(C:\Users\sesa807379\AppData\Local\Programs\MiKTeX\tex/generic/pgf/basiclayer\p
gfcoreobjects.code.tex
File: pgfcoreobjects.code.tex 2023-01-15 v3.1.10 (3.1.10)
)
(C:\Users\sesa807379\AppData\Local\Programs\MiKTeX\tex/generic/pgf/basiclayer\p
gfcorepathprocessing.code.tex
File: pgfcorepathprocessing.code.tex 2023-01-15 v3.1.10 (3.1.10)
)
(C:\Users\sesa807379\AppData\Local\Programs\MiKTeX\tex/generic/pgf/basiclayer\p
gfcorearrows.code.tex
File: pgfcorearrows.code.tex 2023-01-15 v3.1.10 (3.1.10)
\pgfarrowsep=\dimen298
)
(C:\Users\sesa807379\AppData\Local\Programs\MiKTeX\tex/generic/pgf/basiclayer\p
gfcoreshade.code.tex
File: pgfcoreshade.code.tex 2023-01-15 v3.1.10 (3.1.10)
\pgf@max=\dimen299
\pgf@sys@shading@range@num=\count367
\pgf@shadingcount=\count368
)
(C:\Users\sesa807379\AppData\Local\Programs\MiKTeX\tex/generic/pgf/basiclayer\p
gfcoreimage.code.tex
File: pgfcoreimage.code.tex 2023-01-15 v3.1.10 (3.1.10)
)
(C:\Users\sesa807379\AppData\Local\Programs\MiKTeX\tex/generic/pgf/basiclayer\p
gfcoreexternal.code.tex
File: pgfcoreexternal.code.tex 2023-01-15 v3.1.10 (3.1.10)
\pgfexternal@startupbox=\box83
)
(C:\Users\sesa807379\AppData\Local\Programs\MiKTeX\tex/generic/pgf/basiclayer\p
gfcorelayers.code.tex
File: pgfcorelayers.code.tex 2023-01-15 v3.1.10 (3.1.10)
)
(C:\Users\sesa807379\AppData\Local\Programs\MiKTeX\tex/generic/pgf/basiclayer\p
gfcoretransparency.code.tex
File: pgfcoretransparency.code.tex 2023-01-15 v3.1.10 (3.1.10)
)
(C:\Users\sesa807379\AppData\Local\Programs\MiKTeX\tex/generic/pgf/basiclayer\p
gfcorepatterns.code.tex
File: pgfcorepatterns.code.tex 2023-01-15 v3.1.10 (3.1.10)
)
(C:\Users\sesa807379\AppData\Local\Programs\MiKTeX\tex/generic/pgf/basiclayer\p
gfcorerdf.code.tex
File: pgfcorerdf.code.tex 2023-01-15 v3.1.10 (3.1.10)
)))
(C:\Users\sesa807379\AppData\Local\Programs\MiKTeX\tex/generic/pgf/modules\pgfm
oduleshapes.code.tex
File: pgfmoduleshapes.code.tex 2023-01-15 v3.1.10 (3.1.10)
\pgfnodeparttextbox=\box84
)
(C:\Users\sesa807379\AppData\Local\Programs\MiKTeX\tex/generic/pgf/modules\pgfm
oduleplot.code.tex
File: pgfmoduleplot.code.tex 2023-01-15 v3.1.10 (3.1.10)
)
(C:\Users\sesa807379\AppData\Local\Programs\MiKTeX\tex/latex/pgf/compatibility\
pgfcomp-version-0-65.sty
Package: pgfcomp-version-0-65 2023-01-15 v3.1.10 (3.1.10)
\pgf@nodesepstart=\dimen300
\pgf@nodesepend=\dimen301
)
(C:\Users\sesa807379\AppData\Local\Programs\MiKTeX\tex/latex/pgf/compatibility\
pgfcomp-version-1-18.sty
Package: pgfcomp-version-1-18 2023-01-15 v3.1.10 (3.1.10)
))
(C:\Users\sesa807379\AppData\Local\Programs\MiKTeX\tex/latex/pgf/utilities\pgff
or.sty
(C:\Users\sesa807379\AppData\Local\Programs\MiKTeX\tex/latex/pgf/utilities\pgfk
eys.sty
(C:\Users\sesa807379\AppData\Local\Programs\MiKTeX\tex/generic/pgf/utilities\pg
fkeys.code.tex))
(C:\Users\sesa807379\AppData\Local\Programs\MiKTeX\tex/latex/pgf/math\pgfmath.s
ty
(C:\Users\sesa807379\AppData\Local\Programs\MiKTeX\tex/generic/pgf/math\pgfmath
.code.tex))
(C:\Users\sesa807379\AppData\Local\Programs\MiKTeX\tex/generic/pgf/utilities\pg
ffor.code.tex
Package: pgffor 2023-01-15 v3.1.10 (3.1.10)
\pgffor@iter=\dimen302
\pgffor@skip=\dimen303
\pgffor@stack=\toks52
\pgffor@toks=\toks53
))
(C:\Users\sesa807379\AppData\Local\Programs\MiKTeX\tex/generic/pgf/frontendlaye
r/tikz\tikz.code.tex
Package: tikz 2023-01-15 v3.1.10 (3.1.10)

(C:\Users\sesa807379\AppData\Local\Programs\MiKTeX\tex/generic/pgf/libraries\pg
flibraryplothandlers.code.tex
File: pgflibraryplothandlers.code.tex 2023-01-15 v3.1.10 (3.1.10)
\pgf@plot@mark@count=\count369
\pgfplotmarksize=\dimen304
)
\tikz@lastx=\dimen305
\tikz@lasty=\dimen306
\tikz@lastxsaved=\dimen307
\tikz@lastysaved=\dimen308
\tikz@lastmovetox=\dimen309
\tikz@lastmovetoy=\dimen310
\tikzleveldistance=\dimen311
\tikzsiblingdistance=\dimen312
\tikz@figbox=\box85
\tikz@figbox@bg=\box86
\tikz@tempbox=\box87
\tikz@tempbox@bg=\box88
\tikztreelevel=\count370
\tikznumberofchildren=\count371
\tikznumberofcurrentchild=\count372
\tikz@fig@count=\count373

(C:\Users\sesa807379\AppData\Local\Programs\MiKTeX\tex/generic/pgf/modules\pgfm
odulematrix.code.tex
File: pgfmodulematrix.code.tex 2023-01-15 v3.1.10 (3.1.10)
\pgfmatrixcurrentrow=\count374
\pgfmatrixcurrentcolumn=\count375
\pgf@matrix@numberofcolumns=\count376
)
\tikz@expandcount=\count377

(C:\Users\sesa807379\AppData\Local\Programs\MiKTeX\tex/generic/pgf/frontendlaye
r/tikz/libraries\tikzlibrarytopaths.code.tex
File: tikzlibrarytopaths.code.tex 2023-01-15 v3.1.10 (3.1.10)
)))
(C:\Users\sesa807379\AppData\Local\Programs\MiKTeX\tex/latex/booktabs\booktabs.
sty
Package: booktabs 2020/01/12 v1.61803398 Publication quality tables
\heavyrulewidth=\dimen313
\lightrulewidth=\dimen314
\cmidrulewidth=\dimen315
\belowrulesep=\dimen316
\belowbottomsep=\dimen317
\aboverulesep=\dimen318
\abovetopsep=\dimen319
\cmidrulesep=\dimen320
\cmidrulekern=\dimen321
\defaultaddspace=\dimen322
\@cmidla=\count378
\@cmidlb=\count379
\@aboverulesep=\dimen323
\@belowrulesep=\dimen324
\@thisruleclass=\count380
\@lastruleclass=\count381
\@thisrulewidth=\dimen325
)
(C:\Users\sesa807379\AppData\Local\Programs\MiKTeX\tex/generic/pgf/frontendlaye
r/tikz/libraries\tikzlibrarycalc.code.tex
File: tikzlibrarycalc.code.tex 2023-01-15 v3.1.10 (3.1.10)
)
(C:\Users\sesa807379\AppData\Local\Programs\MiKTeX\tex/generic/pgf/frontendlaye
r/tikz/libraries\tikzlibrarypositioning.code.tex
File: tikzlibrarypositioning.code.tex 2023-01-15 v3.1.10 (3.1.10)
)
(C:\Users\sesa807379\AppData\Local\Programs\MiKTeX\tex/generic/pgf/libraries\pg
flibraryarrows.meta.code.tex
File: pgflibraryarrows.meta.code.tex 2023-01-15 v3.1.10 (3.1.10)
\pgfarrowinset=\dimen326
\pgfarrowlength=\dimen327
\pgfarrowwidth=\dimen328
\pgfarrowlinewidth=\dimen329
)
(C:\Users\sesa807379\AppData\Local\Programs\MiKTeX\tex/latex/newtx\newtxtext.st
y
Package: newtxtext 2024/04/01 v1.744(Michael Sharpe) latex and unicode latex su
pport for TeXGyreTermesX

`newtxtext' v1.744, 2024/04/01 Text macros taking advantage of TeXGyre Termes a
nd its extensions (msharpe)
(C:\Users\sesa807379\AppData\Local\Programs\MiKTeX\tex/latex/base\textcomp.sty
Package: textcomp 2024/04/24 v2.1b Standard LaTeX package
) (C:\Users\sesa807379\AppData\Local\Programs\MiKTeX\tex/latex/base\ifthen.sty
Package: ifthen 2024/03/16 v1.1e Standard LaTeX ifthen package (DPC)
)
(C:\Users\sesa807379\AppData\Local\Programs\MiKTeX\tex/latex/carlisle\scalefnt.
sty)
LaTeX Font Info:    Setting ntxLF sub-encoding to TS1/0 on input line 24.
LaTeX Font Info:    Setting ntxTLF sub-encoding to TS1/0 on input line 24.
LaTeX Font Info:    Setting ntxOsF sub-encoding to TS1/0 on input line 24.
LaTeX Font Info:    Setting ntxTOsF sub-encoding to TS1/0 on input line 24.

(C:\Users\sesa807379\AppData\Local\Programs\MiKTeX\tex/generic/binhex\binhex.te
x)
\ntx@tmpcnta=\count382
\ntx@cnt=\count383

(C:\Users\sesa807379\AppData\Local\Programs\MiKTeX\tex/latex/fontaxes\fontaxes.
sty
Package: fontaxes 2025-05-24 v2.0.1 Font selection axes (deprecated)

(C:\Users\sesa807379\AppData\Local\Programs\MiKTeX\tex/latex/figureversions\fig
ureversions.sty
Package: figureversions 2025-04-29 v1.0.1 Figure versions
))
\tx@sixem=\dimen330
\tx@y=\dimen331
\tx@x=\dimen332
\tx@tmpdima=\dimen333
\tx@tmpdimb=\dimen334
\tx@tmpdimc=\dimen335
\tx@tmpdimd=\dimen336
\tx@tmpdime=\dimen337
\tx@tmpdimf=\dimen338
\tx@dimA=\dimen339
\tx@dimAA=\dimen340
\tx@dimB=\dimen341
\tx@dimBB=\dimen342
\tx@dimC=\dimen343
LaTeX Info: Redefining \oldstylenums on input line 902.
)
(C:\Users\sesa807379\AppData\Local\Programs\MiKTeX\tex/latex/newtx\newtxmath.st
y
Package: newtxmath 2024/09/22 v1.754

`newtxmath' v1.754, 2024/09/22 Math macros based originally on txfonts (msharpe
)
(C:\Users\sesa807379\AppData\Local\Programs\MiKTeX\tex/latex/oberdiek\centernot
.sty
Package: centernot 2016/05/16 v1.4 Centers the not symbol horizontally (HO)
)
\tx@cntz=\count384

(C:\Users\sesa807379\AppData\Local\Programs\MiKTeX\tex/generic/binhex\binhex.te
x)
\tx@Isdigit=\count385
\tx@IsAlNum=\count386
\tx@tA=\toks54
\tx@tB=\toks55
\tx@su=\read4

amsthm NOT loaded
LaTeX Font Info:    Redeclaring symbol font `operators' on input line 402.
LaTeX Font Info:    Overwriting symbol font `operators' in version `normal'
(Font)                  OT1/cmr/m/n --> OT1/minntx/m/n on input line 402.
LaTeX Font Info:    Overwriting symbol font `operators' in version `bold'
(Font)                  OT1/cmr/bx/n --> OT1/minntx/m/n on input line 402.
LaTeX Font Info:    Overwriting symbol font `operators' in version `bold'
(Font)                  OT1/minntx/m/n --> OT1/minntx/b/n on input line 403.
LaTeX Font Info:    Redeclaring math alphabet \mathsf on input line 410.
LaTeX Font Info:    Overwriting math alphabet `\mathsf' in version `normal'
(Font)                  OT1/cmss/m/n --> OT1/qhv/m/n on input line 410.
LaTeX Font Info:    Overwriting math alphabet `\mathsf' in version `bold'
(Font)                  OT1/cmss/bx/n --> OT1/qhv/m/n on input line 410.
LaTeX Font Info:    Overwriting math alphabet `\mathsf' in version `bold'
(Font)                  OT1/qhv/m/n --> OT1/qhv/b/n on input line 412.
LaTeX Font Info:    Redeclaring math alphabet \mathit on input line 419.
LaTeX Font Info:    Overwriting math alphabet `\mathit' in version `normal'
(Font)                  OT1/cmr/m/it --> OT1/minntx/m/it on input line 419.
LaTeX Font Info:    Overwriting math alphabet `\mathit' in version `bold'
(Font)                  OT1/cmr/bx/it --> OT1/minntx/m/it on input line 419.
LaTeX Font Info:    Redeclaring math alphabet \mathtt on input line 420.
LaTeX Font Info:    Overwriting math alphabet `\mathtt' in version `normal'
(Font)                  OT1/cmtt/m/n --> OT1/ntxtt/m/n on input line 420.
LaTeX Font Info:    Overwriting math alphabet `\mathtt' in version `bold'
(Font)                  OT1/cmtt/m/n --> OT1/ntxtt/m/n on input line 420.
LaTeX Font Info:    Redeclaring math alphabet \mathbf on input line 422.
LaTeX Font Info:    Overwriting math alphabet `\mathbf' in version `normal'
(Font)                  OT1/cmr/bx/n --> OT1/minntx/b/n on input line 422.
LaTeX Font Info:    Overwriting math alphabet `\mathbf' in version `bold'
(Font)                  OT1/cmr/bx/n --> OT1/minntx/b/n on input line 422.
LaTeX Font Info:    Overwriting math alphabet `\mathit' in version `bold'
(Font)                  OT1/minntx/m/it --> OT1/minntx/b/it on input line 423.
LaTeX Font Info:    Overwriting math alphabet `\mathtt' in version `bold'
(Font)                  OT1/ntxtt/m/n --> OT1/ntxtt/b/n on input line 426.
LaTeX Font Info:    Redeclaring symbol font `letters' on input line 534.
LaTeX Font Info:    Overwriting symbol font `letters' in version `normal'
(Font)                  OML/cmm/m/it --> OML/ntxmi/m/it on input line 534.
LaTeX Font Info:    Overwriting symbol font `letters' in version `bold'
(Font)                  OML/cmm/b/it --> OML/ntxmi/m/it on input line 534.
LaTeX Font Info:    Overwriting symbol font `letters' in version `bold'
(Font)                  OML/ntxmi/m/it --> OML/ntxmi/b/it on input line 535.
\symlettersA=\mathgroup7
LaTeX Font Info:    Overwriting symbol font `lettersA' in version `bold'
(Font)                  U/ntxmia/m/it --> U/ntxmia/b/it on input line 582.
LaTeX Font Info:    Redeclaring math alphabet \mathfrak on input line 584.
Now handling font encoding LMS ...
... no UTF-8 mapping file for font encoding LMS
LaTeX Font Info:    Redeclaring symbol font `symbols' on input line 604.
LaTeX Font Info:    Encoding `OMS' has changed to `LMS' for symbol font
(Font)              `symbols' in the math version `normal' on input line 604.
LaTeX Font Info:    Overwriting symbol font `symbols' in version `normal'
(Font)                  OMS/cmsy/m/n --> LMS/ntxsy/m/n on input line 604.
LaTeX Font Info:    Encoding `OMS' has changed to `LMS' for symbol font
(Font)              `symbols' in the math version `bold' on input line 604.
LaTeX Font Info:    Overwriting symbol font `symbols' in version `bold'
(Font)                  OMS/cmsy/b/n --> LMS/ntxsy/m/n on input line 604.
LaTeX Font Info:    Overwriting symbol font `symbols' in version `bold'
(Font)                  LMS/ntxsy/m/n --> LMS/ntxsy/b/n on input line 605.
\symAMSm=\mathgroup8
LaTeX Font Info:    Overwriting symbol font `AMSm' in version `bold'
(Font)                  U/ntxsym/m/n --> U/ntxsym/b/n on input line 630.
\symsymbolsC=\mathgroup9
LaTeX Font Info:    Overwriting symbol font `symbolsC' in version `bold'
(Font)                  U/ntxsyc/m/n --> U/ntxsyc/b/n on input line 651.
Now handling font encoding LMX ...
... no UTF-8 mapping file for font encoding LMX
LaTeX Font Info:    Redeclaring symbol font `largesymbols' on input line 664.
LaTeX Font Info:    Encoding `OMX' has changed to `LMX' for symbol font
(Font)              `largesymbols' in the math version `normal' on input line 6
64.
LaTeX Font Info:    Overwriting symbol font `largesymbols' in version `normal'
(Font)                  OMX/cmex/m/n --> LMX/ntxexx/m/n on input line 664.
LaTeX Font Info:    Encoding `OMX' has changed to `LMX' for symbol font
(Font)              `largesymbols' in the math version `bold' on input line 664
.
LaTeX Font Info:    Overwriting symbol font `largesymbols' in version `bold'
(Font)                  OMX/cmex/m/n --> LMX/ntxexx/m/n on input line 664.
LaTeX Font Info:    Overwriting symbol font `largesymbols' in version `bold'
(Font)                  LMX/ntxexx/m/n --> LMX/ntxexx/b/n on input line 665.
\symlargesymbolsTXA=\mathgroup10
LaTeX Font Info:    Overwriting symbol font `largesymbolsTXA' in version `bold'

(Font)                  U/ntxexa/m/n --> U/ntxexa/b/n on input line 679.
\tx@sbptoks=\toks56
LaTeX Font Info:    Redeclaring math delimiter \lfloor on input line 902.
LaTeX Font Info:    Redeclaring math delimiter \rfloor on input line 903.
LaTeX Font Info:    Redeclaring math delimiter \lceil on input line 904.
LaTeX Font Info:    Redeclaring math delimiter \rceil on input line 905.
LaTeX Font Info:    Redeclaring math delimiter \lbrace on input line 910.
LaTeX Font Info:    Redeclaring math delimiter \rbrace on input line 911.
LaTeX Font Info:    Redeclaring math delimiter \langle on input line 913.
LaTeX Font Info:    Redeclaring math delimiter \rangle on input line 915.
LaTeX Font Info:    Redeclaring math delimiter \arrowvert on input line 919.
LaTeX Font Info:    Redeclaring math delimiter \vert on input line 920.
LaTeX Font Info:    Redeclaring math accent \dot on input line 991.
LaTeX Font Info:    Redeclaring math accent \ddot on input line 992.
LaTeX Font Info:    Redeclaring math accent \vec on input line 2057.
LaTeX Info: Redefining \Bbbk on input line 2847.
LaTeX Info: Redefining \not on input line 2995.
LaTeX Info: Redefining \textsquare on input line 3025.
LaTeX Info: Redefining \openbox on input line 3027.
)
(C:\Users\sesa807379\AppData\Local\Programs\MiKTeX\tex/latex/setspace\setspace.
sty
Package: setspace 2022/12/04 v6.7b set line spacing
)
(C:\Users\sesa807379\AppData\Local\Programs\MiKTeX\tex/latex/setspaceenhanced\s
etspaceenhanced.sty
Package: setspaceenhanced 2024-11-12 v1.04 improved setspace package
)
(C:\Users\sesa807379\AppData\Local\Programs\MiKTeX\tex/latex/listings\lstlang1.
sty
File: lstlang1.sty 2024/09/23 1.10c listings language file
)
(C:\Users\sesa807379\AppData\Local\Programs\MiKTeX\tex/latex/listings\lstmisc.s
ty
File: lstmisc.sty 2024/09/23 1.10c (Carsten Heinz)
))
Class scrbook Info: loading recommended package `bookmark'.
(scrbook)           Using `bookmark' together with `hyperref' is recommended,
(scrbook)           because of handling of possible bookmark level gaps.
(scrbook)           You can avoid loading `bookmark' with KOMA-Script option
(scrbook)           `bookmarkpackage=false' before \begin{document} and
(scrbook)           you can avoid this message adding:
(scrbook)             \usepackage{bookmark}
(scrbook)           before \begin{document} on input line 38.

(C:\Users\sesa807379\AppData\Local\Programs\MiKTeX\tex/latex/bookmark\bookmark.
sty
Package: bookmark 2023-12-10 v1.31 PDF bookmarks (HO)

(C:\Users\sesa807379\AppData\Local\Programs\MiKTeX\tex/latex/bookmark\bkm-pdfte
x.def
File: bkm-pdftex.def 2023-12-10 v1.31 bookmark driver for pdfTeX and luaTeX (HO
)
\BKM@id=\count387
))
Package csquotes Info: Checking for multilingual support...
Package csquotes Info: ... found 'babel' package.
Package csquotes Info: Adjusting default style.
Package csquotes Info: Redefining alias 'default' -> 'american'.
LaTeX Font Info:    Trying to load font information for OT1+ntxtlf on input lin
e 38.

(C:\Users\sesa807379\AppData\Local\Programs\MiKTeX\tex/latex/newtx\ot1ntxtlf.fd
File: ot1ntxtlf.fd 2021/05/24 v1.0 font definition file for OT1/ntx/tlf
)
LaTeX Font Info:    Font shape `OT1/ntxtlf/m/n' will be
(Font)              scaled to size 12.0pt on input line 38.
 (MasterThesis_Report.aux (chapters/chapter_Introduction.aux)
(chapters/chapter_TechnicalBackground.aux) (chapters/chapter_Modeling.aux)
(chapters/chapter_Implementation.aux) (chapters/chapter_Results.aux)
(chapters/chapter_Summary.aux) (chapters/appendix02.aux))
\openout1 = `MasterThesis_Report.aux'.

LaTeX Font Info:    Checking defaults for OML/ntxmi/m/it on input line 38.
LaTeX Font Info:    Trying to load font information for OML+ntxmi on input line
 38.

(C:\Users\sesa807379\AppData\Local\Programs\MiKTeX\tex/latex/newtx\omlntxmi.fd
File: omlntxmi.fd 2015/08/25 Fontinst v1.933 font definitions for OML/ntxmi.
)
LaTeX Font Info:    ... okay on input line 38.
LaTeX Font Info:    Checking defaults for OMS/cmsy/m/n on input line 38.
LaTeX Font Info:    ... okay on input line 38.
LaTeX Font Info:    Checking defaults for OT1/cmr/m/n on input line 38.
LaTeX Font Info:    ... okay on input line 38.
LaTeX Font Info:    Checking defaults for T1/cmr/m/n on input line 38.
LaTeX Font Info:    ... okay on input line 38.
LaTeX Font Info:    Checking defaults for TS1/cmr/m/n on input line 38.
LaTeX Font Info:    ... okay on input line 38.
LaTeX Font Info:    Checking defaults for OMX/cmex/m/n on input line 38.
LaTeX Font Info:    ... okay on input line 38.
LaTeX Font Info:    Checking defaults for U/ntxexa/m/n on input line 38.
LaTeX Font Info:    Trying to load font information for U+ntxexa on input line 
38.
(C:\Users\sesa807379\AppData\Local\Programs\MiKTeX\tex/latex/newtx\untxexa.fd
File: untxexa.fd 2012/04/16 Fontinst v1.933 font definitions for U/ntxexa.
)
LaTeX Font Info:    ... okay on input line 38.
LaTeX Font Info:    Checking defaults for PD1/pdf/m/n on input line 38.
LaTeX Font Info:    ... okay on input line 38.
LaTeX Font Info:    Checking defaults for PU/pdf/m/n on input line 38.
LaTeX Font Info:    ... okay on input line 38.
LaTeX Font Info:    Checking defaults for LGR/cmr/m/n on input line 38.
LaTeX Font Info:    Trying to load font information for LGR+cmr on input line 3
8.

(C:\Users\sesa807379\AppData\Local\Programs\MiKTeX\tex/latex/cbfonts-fd\lgrcmr.
fd
File: lgrcmr.fd 2017/07/29 v1.2 Greek European Computer Regular
)
LaTeX Font Info:    ... okay on input line 38.
LaTeX Font Info:    Checking defaults for LMS/ntxsy/m/n on input line 38.
LaTeX Font Info:    Trying to load font information for LMS+ntxsy on input line
 38.

(C:\Users\sesa807379\AppData\Local\Programs\MiKTeX\tex/latex/newtx\lmsntxsy.fd
File: lmsntxsy.fd 2016/07/02 Fontinst v1.933 font definitions for LMS/ntxsy.
)
LaTeX Font Info:    ... okay on input line 38.
LaTeX Font Info:    Checking defaults for LMX/ntxexx/m/n on input line 38.
LaTeX Font Info:    Trying to load font information for LMX+ntxexx on input lin
e 38.

(C:\Users\sesa807379\AppData\Local\Programs\MiKTeX\tex/latex/newtx\lmxntxexx.fd
File: lmxntxexx.fd 2016/07/03 Fontinst v1.933 font definitions for LMX/ntxexx.
)
LaTeX Font Info:    ... okay on input line 38.
Package scrbase Info: activating american \partname on input line 38.
Package scrbase Info: activating american \chaptername on input line 38.
Package scrbase Info: activating american \appendixname on input line 38.
Package scrbase Info: activating american \figurename on input line 38.
Package scrbase Info: activating american \tablename on input line 38.
Package scrbase Info: activating american \contentsname on input line 38.
Package scrbase Info: activating american \listfigurename on input line 38.
Package scrbase Info: activating american \listtablename on input line 38.
Package scrbase Info: activating american \bibname on input line 38.
Package scrbase Info: activating american \indexname on input line 38.

(C:\Users\sesa807379\AppData\Local\Programs\MiKTeX\tex/context/base/mkii\supp-p
df.mkii
[Loading MPS to PDF converter (version 2006.09.02).]
\scratchcounter=\count388
\scratchdimen=\dimen344
\scratchbox=\box89
\nofMPsegments=\count389
\nofMParguments=\count390
\everyMPshowfont=\toks57
\MPscratchCnt=\count391
\MPscratchDim=\dimen345
\MPnumerator=\count392
\makeMPintoPDFobject=\count393
\everyMPtoPDFconversion=\toks58
)
(C:\Users\sesa807379\AppData\Local\Programs\MiKTeX\tex/latex/epstopdf-pkg\epsto
pdf-base.sty
Package: epstopdf-base 2020-01-24 v2.11 Base part for package epstopdf
Package epstopdf-base Info: Redefining graphics rule for `.eps' on input line 4
85.

(C:\Users\sesa807379\AppData\Local\Programs\MiKTeX\tex/latex/00miktex\epstopdf-
sys.cfg
File: epstopdf-sys.cfg 2021/03/18 v2.0 Configuration of epstopdf for MiKTeX
))
Package caption Info: Begin \AtBeginDocument code.
Package caption Info: float package is loaded.
Package caption Info: hyperref package is loaded.
Package caption Info: listings package is loaded.
Package caption Info: longtable package is loaded.

(C:\Users\sesa807379\AppData\Local\Programs\MiKTeX\tex/latex/caption\ltcaption.
sty
Package: ltcaption 2021/01/08 v1.4c longtable captions (AR)
)
Package caption Info: End \AtBeginDocument code.
LaTeX Info: Command `\dddot' is already robust on input line 38.
LaTeX Info: Command `\ddddot' is already robust on input line 38.
Package hyperref Info: Link coloring ON on input line 38.

(C:\Users\sesa807379\AppData\Local\Programs\MiKTeX\tex/latex/translations/dicts
\translations-basic-dictionary-english.trsl
File: translations-basic-dictionary-english.trsl (english translation file `tra
nslations-basic-dictionary')
)
\c@lstlisting=\count394
Package tocbasic Info: setting babel extension for `lol' on input line 38.
\scr@dte@lstlisting@maxnumwidth=\skip95
\symgns@font=\mathgroup11
LaTeX Font Info:    Overwriting symbol font `gns@font' in version `bold'
(Font)                  TS1/ntxtlf/m/n --> TS1/ntxtlf/b/n on input line 38.
Package gensymb Info: Math companion symbols declared on input line 38.
LaTeX Info: Redefining \degree on input line 38.
LaTeX Info: Redefining \celsius on input line 38.
Package gensymb Info: Using text companion symbols for \degree, \celsius and \p
erthousand on input line 38.
LaTeX Info: Redefining \ohm on input line 38.
Package gensymb Info: Using \textohm for \ohm on input line 38.
LaTeX Info: Redefining \micro on input line 38.
Package gensymb Info: Using \textmu for \micro on input line 38.
\c@mv@tabular=\count395
\c@mv@boldtabular=\count396
 (TeX/Titlepage.tex
<schneider_Electric_logo.png, id=6, 3011.25pt x 2007.5pt>
File: schneider_Electric_logo.png Graphic file (type png)
<use schneider_Electric_logo.png>
Package pdftex.def Info: schneider_Electric_logo.png  used on input line 8.
(pdftex.def)             Requested size: 170.71394pt x 113.79767pt.
Package epstopdf Info: Source file: <LG0_fbeit_b1169_engl.eps>
(epstopdf)                    date: 2025-08-11 16:10:26
(epstopdf)                    size: 239462 bytes
(epstopdf)             Output file: <LG0_fbeit_b1169_engl-eps-converted-to.pdf>

(epstopdf)                    date: 2025-08-11 16:10:26
(epstopdf)                    size: 15810 bytes
(epstopdf)             Command: <miktex-epstopdf --outfile=LG0_fbeit_b1169_engl
-eps-converted-to.pdf LG0_fbeit_b1169_engl.eps>
(epstopdf)             \includegraphics on input line 12.
Package epstopdf Info: Output file is already uptodate.


pdfTeX warning: pdflatex.exe (file ./LG0_fbeit_b1169_engl-eps-converted-to.pdf)
: PDF inclusion: found PDF version <1.7>, but at most version <1.5> allowed
<LG0_fbeit_b1169_engl-eps-converted-to.pdf, id=7, 230.8625pt x 108.405pt>
File: LG0_fbeit_b1169_engl-eps-converted-to.pdf Graphic file (type pdf)
<use LG0_fbeit_b1169_engl-eps-converted-to.pdf>
Package pdftex.def Info: LG0_fbeit_b1169_engl-eps-converted-to.pdf  used on inp
ut line 12.
(pdftex.def)             Requested size: 256.07744pt x 120.25322pt.

Overfull \hbox (1.79991pt too wide) in paragraph at lines 7--14
[][]  [] 
 []

LaTeX Font Info:    Font shape `OT1/ntxtlf/m/n' will be
(Font)              scaled to size 24.88pt on input line 16.
LaTeX Font Info:    Font shape `OT1/ntxtlf/b/n' will be
(Font)              scaled to size 24.88pt on input line 16.
LaTeX Font Info:    Font shape `OT1/ntxtlf/m/n' will be
(Font)              scaled to size 20.74pt on input line 20.
LaTeX Font Info:    Font shape `OT1/ntxtlf/b/n' will be
(Font)              scaled to size 20.74pt on input line 20.
LaTeX Font Info:    Font shape `OT1/ntxtlf/m/n' will be
(Font)              scaled to size 17.28pt on input line 24.
LaTeX Font Info:    Font shape `OT1/ntxtlf/m/it' will be
(Font)              scaled to size 17.28pt on input line 25.
LaTeX Font Info:    Font shape `OT1/ntxtlf/b/n' will be
(Font)              scaled to size 17.28pt on input line 32.
LaTeX Font Info:    Trying to load font information for OT1+minntx on input lin
e 37.

(C:\Users\sesa807379\AppData\Local\Programs\MiKTeX\tex/latex/newtx\ot1minntx.fd
File: ot1minntx.fd 2023/09/09 v1.1 font definition file for OT1/minntx
)
LaTeX Font Info:    Font shape `OT1/minntx/m/n' will be
(Font)              scaled to size 12.0pt on input line 37.
LaTeX Font Info:    Font shape `OT1/minntx/m/n' will be
(Font)              scaled to size 8.8pt on input line 37.
LaTeX Font Info:    Font shape `OT1/minntx/m/n' will be
(Font)              scaled to size 6.6pt on input line 37.
LaTeX Font Info:    Font shape `OML/ntxmi/m/it' will be
(Font)              scaled to size 12.0pt on input line 37.
LaTeX Font Info:    Font shape `OML/ntxmi/m/it' will be
(Font)              scaled to size 8.8pt on input line 37.
LaTeX Font Info:    Font shape `OML/ntxmi/m/it' will be
(Font)              scaled to size 6.6pt on input line 37.
LaTeX Font Info:    Font shape `LMS/ntxsy/m/n' will be
(Font)              scaled to size 12.0pt on input line 37.
LaTeX Font Info:    Font shape `LMS/ntxsy/m/n' will be
(Font)              scaled to size 8.8pt on input line 37.
LaTeX Font Info:    Font shape `LMS/ntxsy/m/n' will be
(Font)              scaled to size 6.6pt on input line 37.
LaTeX Font Info:    Font shape `LMX/ntxexx/m/n' will be
(Font)              scaled to size 12.0pt on input line 37.
LaTeX Font Info:    Font shape `LMX/ntxexx/m/n' will be
(Font)              scaled to size 8.8pt on input line 37.
LaTeX Font Info:    Font shape `LMX/ntxexx/m/n' will be
(Font)              scaled to size 6.6pt on input line 37.
LaTeX Font Info:    Trying to load font information for U+msa on input line 37.

 (C:\Users\sesa807379\AppData\Local\Programs\MiKTeX\tex/latex/amsfonts\umsa.fd
File: umsa.fd 2013/01/14 v3.01 AMS symbols A
)
LaTeX Font Info:    Trying to load font information for U+msb on input line 37.

 (C:\Users\sesa807379\AppData\Local\Programs\MiKTeX\tex/latex/amsfonts\umsb.fd
File: umsb.fd 2013/01/14 v3.01 AMS symbols B
)
LaTeX Font Info:    Trying to load font information for U+esvect on input line 
37.

(C:\Users\sesa807379\AppData\Local\Programs\MiKTeX\tex/latex/esvect\uesvect.fd
File: uesvect.fd 
)
LaTeX Font Info:    Trying to load font information for U+ntxmia on input line 
37.
(C:\Users\sesa807379\AppData\Local\Programs\MiKTeX\tex/latex/newtx\untxmia.fd
File: untxmia.fd 2024/04/09 Fontinst v1.933 font definitions for U/ntxmia.
)
LaTeX Font Info:    Font shape `U/ntxmia/m/it' will be
(Font)              scaled to size 12.0pt on input line 37.
LaTeX Font Info:    Font shape `U/ntxmia/m/it' will be
(Font)              scaled to size 8.8pt on input line 37.
LaTeX Font Info:    Font shape `U/ntxmia/m/it' will be
(Font)              scaled to size 6.6pt on input line 37.
LaTeX Font Info:    Trying to load font information for U+ntxsym on input line 
37.

(C:\Users\sesa807379\AppData\Local\Programs\MiKTeX\tex/latex/newtx\untxsym.fd
File: untxsym.fd 2023/08/16 Fontinst v1.933 font definitions for U/ntxsym.
)
LaTeX Font Info:    Font shape `U/ntxsym/m/n' will be
(Font)              scaled to size 12.0pt on input line 37.
LaTeX Font Info:    Font shape `U/ntxsym/m/n' will be
(Font)              scaled to size 8.8pt on input line 37.
LaTeX Font Info:    Font shape `U/ntxsym/m/n' will be
(Font)              scaled to size 6.6pt on input line 37.
LaTeX Font Info:    Trying to load font information for U+ntxsyc on input line 
37.

(C:\Users\sesa807379\AppData\Local\Programs\MiKTeX\tex/latex/newtx\untxsyc.fd
File: untxsyc.fd 2012/04/12 Fontinst v1.933 font definitions for U/ntxsyc.
)
LaTeX Font Info:    Font shape `U/ntxsyc/m/n' will be
(Font)              scaled to size 12.0pt on input line 37.
LaTeX Font Info:    Font shape `U/ntxsyc/m/n' will be
(Font)              scaled to size 8.8pt on input line 37.
LaTeX Font Info:    Font shape `U/ntxsyc/m/n' will be
(Font)              scaled to size 6.6pt on input line 37.
LaTeX Font Info:    Font shape `U/ntxexa/m/n' will be
(Font)              scaled to size 12.0pt on input line 37.
LaTeX Font Info:    Font shape `U/ntxexa/m/n' will be
(Font)              scaled to size 8.8pt on input line 37.
LaTeX Font Info:    Font shape `U/ntxexa/m/n' will be
(Font)              scaled to size 6.6pt on input line 37.
LaTeX Font Info:    Trying to load font information for TS1+ntxtlf on input lin
e 37.

(C:\Users\sesa807379\AppData\Local\Programs\MiKTeX\tex/latex/newtx\ts1ntxtlf.fd
File: ts1ntxtlf.fd 2015/01/18 v1.0 fd file for TS1/ntxtlf
)
LaTeX Font Info:    Font shape `TS1/ntxtlf/m/n' will be
(Font)              scaled to size 12.0pt on input line 37.
LaTeX Font Info:    Font shape `TS1/ntxtlf/m/n' will be
(Font)              scaled to size 8.8pt on input line 37.
LaTeX Font Info:    Font shape `TS1/ntxtlf/m/n' will be
(Font)              scaled to size 6.6pt on input line 37.


[1



{C:/Users/sesa807379/AppData/Local/MiKTeX/fonts/map/pdftex/pdftex.map}{C:/Users
/sesa807379/AppData/Local/Programs/MiKTeX/fonts/enc/dvips/newtx/ntx-ot1-tlf.enc
} <./schneider_Electric_logo.png> <./LG0_fbeit_b1169_engl-eps-converted-to.pdf>
]) (TeX/Pre-Declaration.tex
LaTeX Font Info:    Font shape `OT1/ntxtlf/b/n' will be
(Font)              scaled to size 12.0pt on input line 44.

Overfull \hbox (12.0pt too wide) in paragraph at lines 81--89
[] 
 []


Overfull \hbox (12.0pt too wide) in paragraph at lines 92--100
[] 
 []

LaTeX Font Info:    Font shape `TS1/ntxtlf/b/n' will be
(Font)              scaled to size 12.0pt on input line 135.
LaTeX Font Info:    Font shape `OT1/ntxtlf/m/n' will be
(Font)              scaled to size 8.8pt on input line 148.
LaTeX Font Info:    Font shape `OT1/ntxtlf/m/n' will be
(Font)              scaled to size 6.6pt on input line 148.
)
Overfull \hbox (19.42155pt too wide) in paragraph at lines 146--43
[]
 []


Underfull \hbox (badness 10000) in paragraph at lines 146--43

 []



[1

{C:/Users/sesa807379/AppData/Local/Programs/MiKTeX/fonts/enc/dvips/tex-gyre/q-t
s1.enc}] (TeX/declaration.tex
LaTeX Font Info:    Trying to load font information for OT1+qhv on input line 2
.

(C:\Users\sesa807379\AppData\Local\Programs\MiKTeX\tex/latex/tex-gyre\ot1qhv.fd
File: ot1qhv.fd 2009/09/25 v1.2 font definition file for OT1/qhv
)
LaTeX Font Info:    Font shape `OT1/qhv/m/n' will be
(Font)              scaled to size 11.28003pt on input line 2.
LaTeX Font Info:    Font shape `OT1/qhv/b/n' will be
(Font)              scaled to size 11.28003pt on input line 2.
LaTeX Font Info:    Font shape `OT1/qhv/b/n' will be
(Font)              scaled to size 23.38725pt on input line 2.

Underfull \hbox (badness 10000) in paragraph at lines 4--16

 []


Underfull \hbox (badness 10000) in paragraph at lines 4--16

 []


Underfull \hbox (badness 10000) in paragraph at lines 4--16

 []


Underfull \hbox (badness 10000) in paragraph at lines 4--16

 []


Underfull \hbox (badness 10000) in paragraph at lines 4--16

 []


Underfull \hbox (badness 10000) in paragraph at lines 4--16

 []


Underfull \hbox (badness 10000) in paragraph at lines 4--16

 []

<SuhasSignature.png, id=31, 182.18062pt x 69.25874pt>
File: SuhasSignature.png Graphic file (type png)
<use SuhasSignature.png>
Package pdftex.def Info: SuhasSignature.png  used on input line 23.
(pdftex.def)             Requested size: 142.26378pt x 54.08604pt.

Underfull \hbox (badness 10000) in paragraph at lines 23--23
[]|
 []

)

[2


{C:/Users/sesa807379/AppData/Local/Programs/MiKTeX/fonts/enc/dvips/tex-gyre/q-r
m.enc} <./SuhasSignature.png>] (Tex/Abstract.tex)

[3


] (MasterThesis_Report.toc
LaTeX Font Info:    Font shape `OT1/qhv/b/n' will be
(Font)              scaled to size 13.53603pt on input line 5.
LaTeX Font Info:    Font shape `OT1/ntxtlf/m/n' will be
(Font)              scaled to size 14.4pt on input line 5.
Package acronym Info: Label `acro:MPSoC' newly defined as it shall be overridde
n
although it is yet undefined on input line 14.
Package acronym Info: Label `acro:FPGA' newly defined as it shall be overridden

although it is yet undefined on input line 14.
Package acronym Info: Label `acro:FPGA' overridden on input line 15.
Package acronym Info: Label `acro:FPGA' overridden on input line 16.
Package acronym Info: Label `acro:AMBA' newly defined as it shall be overridden

although it is yet undefined on input line 22.
Package acronym Info: Label `acro:AXI' newly defined as it shall be overridden
although it is yet undefined on input line 22.
Package acronym Info: Label `acro:DUT' newly defined as it shall be overridden
although it is yet undefined on input line 25.
Package acronym Info: Label `acro:SPI' newly defined as it shall be overridden
although it is yet undefined on input line 26.
Package acronym Info: Label `acro:OVC' newly defined as it shall be overridden
although it is yet undefined on input line 27.


[1



]
Package acronym Info: Label `acro:PWM' newly defined as it shall be overridden
although it is yet undefined on input line 28.
Package acronym Info: Label `acro:FPGA' overridden on input line 32.
Package acronym Info: Label `acro:FPGA' overridden on input line 33.
Package acronym Info: Label `acro:HIL' newly defined as it shall be overridden
although it is yet undefined on input line 33.
Package acronym Info: Label `acro:PoC' newly defined as it shall be overridden
although it is yet undefined on input line 34.
Package acronym Info: Label `acro:SPI' overridden on input line 39.
Package acronym Info: Label `acro:PWM' overridden on input line 40.
Package acronym Info: Label `acro:PWM' overridden on input line 41.
Package acronym Info: Label `acro:PWM' overridden on input line 42.
Package acronym Info: Label `acro:PWM' overridden on input line 43.
Package acronym Info: Label `acro:OVC' overridden on input line 45.
Package acronym Info: Label `acro:OVC' overridden on input line 46.


LaTeX Font Info:    Font shape `OT1/ntxtlf/m/sl' will be
(Font)              scaled to size 12.0pt on input line 58.

Overfull \vbox (2.62502pt too high) has occurred while \output is active []


[2{C:/Users/sesa807379/AppData/Local/Programs/MiKTeX/fonts/enc/dvips/newtx/ntx-
ot1-th-tlf.enc}]
Package acronym Info: Label `acro:PWM' overridden on input line 58.
Package acronym Info: Label `acro:OVC' overridden on input line 59.
)
\tf@toc=\write5
\openout5 = `MasterThesis_Report.toc'.




Overfull \vbox (2.62502pt too high) has occurred while \output is active []


[3] (MasterThesis_Report.lof
Package acronym Info: Label `acro:MPSoC' overridden on input line 6.
Package acronym Info: Label `acro:CDC' newly defined as it shall be overridden
although it is yet undefined on input line 8.
Package acronym Info: Label `acro:IP' newly defined as it shall be overridden
although it is yet undefined on input line 8.
Package acronym Info: Label `acro:FPGA' overridden on input line 9.
Package acronym Info: Label `acro:ILA' newly defined as it shall be overridden
although it is yet undefined on input line 10.
Package acronym Info: Label `acro:IP' overridden on input line 10.
Package acronym Info: Label `acro:IP' overridden on input line 11.
Package acronym Info: Label `acro:ILA' overridden on input line 12.
Package acronym Info: Label `acro:ILA' overridden on input line 13.
Package acronym Info: Label `acro:MPSoC' overridden on input line 20.
Package acronym Info: Label `acro:PWM' overridden on input line 23.

Underfull \vbox (badness 1158) has occurred while \output is active []



[4


]
Package acronym Info: Label `acro:FPGA' overridden on input line 27.
Package acronym Info: Label `acro:PoC' overridden on input line 27.
Package acronym Info: Label `acro:DDFS' newly defined as it shall be overridden

although it is yet undefined on input line 32.
Package acronym Info: Label `acro:PWM' overridden on input line 33.
Package acronym Info: Label `acro:CB' newly defined as it shall be overridden
although it is yet undefined on input line 33.
Package acronym Info: Label `acro:PWM' overridden on input line 34.
Package acronym Info: Label `acro:FPGA' overridden on input line 34.
Package acronym Info: Label `acro:PWM' overridden on input line 35.
Package acronym Info: Label `acro:FPGA' overridden on input line 37.
Package acronym Info: Label `acro:DDFS' overridden on input line 38.
Package acronym Info: Label `acro:OVC' overridden on input line 38.
Package acronym Info: Label `acro:FSM' newly defined as it shall be overridden
although it is yet undefined on input line 39.
Package acronym Info: Label `acro:FFT' newly defined as it shall be overridden
although it is yet undefined on input line 42.
Package acronym Info: Label `acro:CB' overridden on input line 43.
Package acronym Info: Label `acro:FFT' overridden on input line 45.
Package acronym Info: Label `acro:PWM' overridden on input line 46.
)
\tf@lof=\write6
\openout6 = `MasterThesis_Report.lof'.




Overfull \vbox (2.62502pt too high) has occurred while \output is active []


[5] (MasterThesis_Report.lot
Package acronym Info: Label `acro:PWM' overridden on input line 10.
)
\tf@lot=\write7
\openout7 = `MasterThesis_Report.lot'.



[6


] (Tex/Acronyms.tex
Underfull \vbox (badness 10000) has occurred while \output is active []



[7


])


Overfull \vbox (2.62502pt too high) has occurred while \output is active []


[8]
part I.
Package scrkbase Info: You've told me to use the font selection of the element
(scrkbase)             `partprefix' that is an alias of element `partnumber'
(scrkbase)              on input line 70.


[1


]
\openout2 = `chapters/chapter_Introduction.aux'.

 (chapters/chapter_Introduction.tex
chapter 1.
Package acronym Info: Label `acro:FPGA' overridden on input line 4.
LaTeX Font Info:    Font shape `OT1/qhv/b/n' will be
(Font)              scaled to size 16.24324pt on input line 6.
Package acronym Info: Label `acro:FPGA' overridden on input line 9.
Package acronym Info: Label `acro:MPSoC' overridden on input line 9.
Package acronym Info: Label `acro:FPGA' overridden on input line 9.
Package acronym Info: Label `acro:FPGA' overridden on input line 11.
Package acronym Info: Label `acro:FPGA' overridden on input line 11.
Package acronym Info: Label `acro:FPGA' overridden on input line 13.
Package acronym Info: Label `acro:FPGA' overridden on input line 13.

Underfull \vbox (badness 10000) has occurred while \output is active []



[2


]
Package acronym Info: Label `acro:AC' newly defined as it shall be overridden
although it is yet undefined on input line 22.
Package acronym Info: Label `acro:DC' newly defined as it shall be overridden
although it is yet undefined on input line 22.
Package acronym Info: Label `acro:DC' overridden on input line 22.
Package acronym Info: Label `acro:DC' overridden on input line 22.
Package acronym Info: Label `acro:PWM' overridden on input line 33.

Underfull \vbox (badness 10000) has occurred while \output is active []




Overfull \vbox (2.62502pt too high) has occurred while \output is active []


[3]
<gfx/diagrams/Servo_drive_and_Servo_motor_Schneider.jpg, id=638, 370.38374pt x 
370.38374pt>
File: gfx/diagrams/Servo_drive_and_Servo_motor_Schneider.jpg Graphic file (type
 jpg)
<use gfx/diagrams/Servo_drive_and_Servo_motor_Schneider.jpg>
Package pdftex.def Info: gfx/diagrams/Servo_drive_and_Servo_motor_Schneider.jpg
  used on input line 37.
(pdftex.def)             Requested size: 192.05482pt x 192.05809pt.
LaTeX Font Info:    Font shape `OT1/ntxtlf/m/n' will be
(Font)              scaled to size 10.95pt on input line 38.
LaTeX Font Info:    Font shape `OT1/ntxtlf/b/n' will be
(Font)              scaled to size 10.95pt on input line 38.
Package acronym Info: Label `acro:DC' overridden on input line 42.
Package acronym Info: Label `acro:AC' overridden on input line 42.
Package acronym Info: Label `acro:AC' overridden on input line 42.
Package acronym Info: Label `acro:FPGA' overridden on input line 81.
Package acronym Info: Label `acro:FPGA' overridden on input line 81.

Underfull \vbox (badness 10000) has occurred while \output is active []




Overfull \vbox (2.62502pt too high) has occurred while \output is active []


[4 <./gfx/diagrams/Servo_drive_and_Servo_motor_Schneider.jpg>]
Package acronym Info: Label `acro:FPGA' overridden on input line 83.
Package acronym Info: Label `acro:FPGA' overridden on input line 83.
Package acronym Info: Label `acro:PWM' overridden on input line 85.
Package acronym Info: Label `acro:AXI' overridden on input line 85.
Package acronym Info: Label `acro:ADC' newly defined as it shall be overridden
although it is yet undefined on input line 87.

Underfull \vbox (badness 10000) has occurred while \output is active []




Overfull \vbox (2.62502pt too high) has occurred while \output is active []


[5]
Package acronym Info: Label `acro:PWM' overridden on input line 89.
Package acronym Info: Label `acro:FFT' overridden on input line 89.
Package acronym Info: Label `acro:FPGA' overridden on input line 91.
Package acronym Info: Label `acro:PWM' overridden on input line 91.
Package acronym Info: Label `acro:FPGA' overridden on input line 91.
Package acronym Info: Label `acro:MPSoC' overridden on input line 117.
Package acronym Info: Label `acro:FPGA' overridden on input line 127.
Package acronym Info: Label `acro:FPGA' overridden on input line 127.

Underfull \vbox (badness 1558) has occurred while \output is active []




Overfull \vbox (2.62502pt too high) has occurred while \output is active []


[6]
Package acronym Info: Label `acro:FPGA' overridden on input line 129.
Package acronym Info: Label `acro:FPGA' overridden on input line 129.
)


Overfull \vbox (2.62502pt too high) has occurred while \output is active []


[7]
\openout2 = `chapters/chapter_TechnicalBackground.aux'.

 (chapters/chapter_TechnicalBackground.tex
chapter 2.
Package acronym Info: Label `acro:FPGA' overridden on input line 4.
Package acronym Info: Label `acro:MPSoC' overridden on input line 4.
Package acronym Info: Label `acro:FPGA' overridden on input line 4.
Package acronym Info: Label `acro:AMBA' overridden on input line 4.
Package acronym Info: Label `acro:AXI' overridden on input line 4.
Package acronym Info: Label `acro:MPSoC' overridden on input line 6.
Package acronym Info: Label `acro:FPGA' overridden on input line 6.
Package acronym Info: Label `acro:MPSoC' overridden on input line 8.
Package acronym Info: Label `acro:SoC' newly defined as it shall be overridden
although it is yet undefined on input line 8.
Package acronym Info: Label `acro:FPGA' overridden on input line 8.

Underfull \hbox (badness 1810) in paragraph at lines 8--9
\OT1/minntx/m/n/12 ar-chi-tec-ture. This plat-form builds on the ear-lier 28-na
nometer Zynq-7000 All
 []

Package acronym Info: Label `acro:MPSoC' overridden on input line 10.


[8




]
Package acronym Info: Label `acro:FPGA' overridden on input line 18.
Package acronym Info: Label `acro:MPSoC' overridden on input line 25.
Package acronym Info: Label `acro:IP' overridden on input line 27.
Package acronym Info: Label `acro:MPSoC' overridden on input line 30.
<gfx/diagrams/Zynq_UltraScale_MPSOC_Architecture.png, id=738, 1373.13pt x 532.2
3843pt>
File: gfx/diagrams/Zynq_UltraScale_MPSOC_Architecture.png Graphic file (type pn
g)
<use gfx/diagrams/Zynq_UltraScale_MPSOC_Architecture.png>
Package pdftex.def Info: gfx/diagrams/Zynq_UltraScale_MPSOC_Architecture.png  u
sed on input line 33.
(pdftex.def)             Requested size: 426.7914pt x 165.42262pt.
Package acronym Info: Label `acro:MPSoC' overridden on input line 34.
Package acronym Info: Label `acro:MPSoC' overridden on input line 34.
Package acronym Info: Label `acro:MPSoC' overridden on input line 37.
Package acronym Info: Label `acro:FPGA' overridden on input line 37.
Package acronym Info: Label `acro:FPGA' overridden on input line 39.
Package acronym Info: Label `acro:FPGA' overridden on input line 41.
Package acronym Info: Label `acro:FPGA' overridden on input line 41.
Package acronym Info: Label `acro:CDC' overridden on input line 41.
Package acronym Info: Label `acro:IP' overridden on input line 41.

Underfull \hbox (badness 1365) in paragraph at lines 41--42
\OT1/minntx/m/n/12 strate-gies. As sys-tem ar-chi-tec-tures in-te-grate ad-di-t
ional pro-cess-ing el-e-ments and
 []


Underfull \vbox (badness 10000) has occurred while \output is active []



Package acronym Info: Label `acro:MPSoC' overridden on input line 42.
Package acronym Info: Label `acro:FPGA' overridden on input line 42.

Overfull \vbox (2.62502pt too high) has occurred while \output is active []


[9]
Package acronym Info: Label `acro:FPGA' overridden on input line 43.
Package acronym Info: Label `acro:IP' overridden on input line 45.



Overfull \vbox (2.62502pt too high) has occurred while \output is active []


[10 <./gfx/diagrams/Zynq_UltraScale_MPSOC_Architecture.png>]
<gfx/diagrams/Clocking_Wizard_BlockDiagram.png, id=787, 615.4995pt x 296.307pt>

File: gfx/diagrams/Clocking_Wizard_BlockDiagram.png Graphic file (type png)
<use gfx/diagrams/Clocking_Wizard_BlockDiagram.png>
Package pdftex.def Info: gfx/diagrams/Clocking_Wizard_BlockDiagram.png  used on
 input line 49.
(pdftex.def)             Requested size: 362.77528pt x 174.6478pt.
Package acronym Info: Label `acro:CDC' overridden on input line 54.
Package acronym Info: Label `acro:CDC' overridden on input line 54.
Package acronym Info: Label `acro:CDC' overridden on input line 56.
Package acronym Info: Label `acro:FPGA' overridden on input line 56.
Package acronym Info: Label `acro:CDC' overridden on input line 56.
Package acronym Info: Label `acro:IP' overridden on input line 56.
Package acronym Info: Label `acro:IP' overridden on input line 56.
Package acronym Info: Label `acro:PWM' overridden on input line 58.
Package acronym Info: Label `acro:PWM' overridden on input line 58.
Package acronym Info: Label `acro:PWM' overridden on input line 58.
Package acronym Info: Label `acro:CDC' overridden on input line 58.
Package acronym Info: Label `acro:IP' overridden on input line 58.
Package acronym Info: Label `acro:PWM' overridden on input line 58.

Underfull \vbox (badness 10000) has occurred while \output is active []



Package acronym Info: Label `acro:FPGA' overridden on input line 60.

Overfull \vbox (2.62502pt too high) has occurred while \output is active []


[11 <./gfx/diagrams/Clocking_Wizard_BlockDiagram.png>]
Package acronym Info: Label `acro:CDC' overridden on input line 60.
Package acronym Info: Label `acro:IP' overridden on input line 60.
Package acronym Info: Label `acro:PWM' overridden on input line 60.
Package acronym Info: Label `acro:PWM' overridden on input line 62.
<gfx/diagrams/clock_Nuances.png, id=827, 645.91313pt x 730.22812pt>
File: gfx/diagrams/clock_Nuances.png Graphic file (type png)
<use gfx/diagrams/clock_Nuances.png>
Package pdftex.def Info: gfx/diagrams/clock_Nuances.png  used on input line 66.

(pdftex.def)             Requested size: 426.7914pt x 482.49802pt.
Package acronym Info: Label `acro:CDC' overridden on input line 67.
Package acronym Info: Label `acro:IP' overridden on input line 67.
Package acronym Info: Label `acro:CDC' overridden on input line 67.
Package acronym Info: Label `acro:IP' overridden on input line 67.
Package acronym Info: Label `acro:CDC' overridden on input line 77.
Package acronym Info: Label `acro:IP' overridden on input line 77.
Package acronym Info: Label `acro:FPGA' overridden on input line 77.
Package acronym Info: Label `acro:FPGA' overridden on input line 77.
Package acronym Info: Label `acro:FPGA' overridden on input line 77.
Package acronym Info: Label `acro:FPGA' overridden on input line 79.
Package acronym Info: Label `acro:FPGA' overridden on input line 83.
Package acronym Info: Label `acro:FPGA' overridden on input line 83.
Package acronym Info: Label `acro:FPGA' overridden on input line 83.



Overfull \vbox (2.62502pt too high) has occurred while \output is active []


[12]

Package acronym Info: Label `acro:FPGA' overridden on input line 85.

Overfull \vbox (2.62502pt too high) has occurred while \output is active []


[13 <./gfx/diagrams/clock_Nuances.png>]
Package acronym Info: Label `acro:FPGA' overridden on input line 85.
Package acronym Info: Label `acro:FPGA' overridden on input line 91.
Package acronym Info: Label `acro:FPGA' overridden on input line 91.
Package acronym Info: Label `acro:FPGA' overridden on input line 94.
<gfx/diagrams/Types_of_simulation.png, id=877, 331.2375pt x 152.36925pt>
File: gfx/diagrams/Types_of_simulation.png Graphic file (type png)
<use gfx/diagrams/Types_of_simulation.png>
Package pdftex.def Info: gfx/diagrams/Types_of_simulation.png  used on input li
ne 98.
(pdftex.def)             Requested size: 277.41179pt x 127.61496pt.
Package acronym Info: Label `acro:FPGA' overridden on input line 99.
Package acronym Info: Label `acro:FPGA' overridden on input line 99.

Underfull \vbox (badness 10000) has occurred while \output is active []




Overfull \vbox (2.62502pt too high) has occurred while \output is active []


[14 <./gfx/diagrams/Types_of_simulation.png>]
Package acronym Info: Label `acro:FPGA' overridden on input line 123.
Package acronym Info: Label `acro:IP' overridden on input line 123.
Package acronym Info: Label `acro:FPGA' overridden on input line 123.

Underfull \vbox (badness 10000) has occurred while \output is active []



Package acronym Info: Label `acro:FPGA' overridden on input line 124.

Overfull \vbox (2.62502pt too high) has occurred while \output is active []


[15]
<gfx/diagrams/System_ILA.png, id=908, 125.268pt x 218.0145pt>
File: gfx/diagrams/System_ILA.png Graphic file (type png)
<use gfx/diagrams/System_ILA.png>
Package pdftex.def Info: gfx/diagrams/System_ILA.png  used on input line 127.
(pdftex.def)             Requested size: 128.03871pt x 222.83755pt.
Package acronym Info: Label `acro:ILA' overridden on input line 128.
Package acronym Info: Label `acro:IP' overridden on input line 128.
Package acronym Info: Label `acro:ILA' overridden on input line 128.
Package acronym Info: Label `acro:IP' overridden on input line 128.
Package acronym Info: Label `acro:ILA' overridden on input line 132.
Package acronym Info: Label `acro:IP' overridden on input line 132.
Package acronym Info: Label `acro:FPGA' overridden on input line 132.
Package acronym Info: Label `acro:FPGA' overridden on input line 139.
Package acronym Info: Label `acro:FPGA' overridden on input line 139.
Package acronym Info: Label `acro:PS' newly defined as it shall be overridden
although it is yet undefined on input line 139.
Package acronym Info: Label `acro:PL' newly defined as it shall be overridden
although it is yet undefined on input line 139.
Package acronym Info: Label `acro:AXI' overridden on input line 139.

Underfull \vbox (badness 10000) has occurred while \output is active []




Overfull \vbox (2.62502pt too high) has occurred while \output is active []


[16 <./gfx/diagrams/System_ILA.png>]
<gfx/diagrams/AXI_Interface.png, id=937, 325.81725pt x 208.98074pt>
File: gfx/diagrams/AXI_Interface.png Graphic file (type png)
<use gfx/diagrams/AXI_Interface.png>
Package pdftex.def Info: gfx/diagrams/AXI_Interface.png  used on input line 144
.
(pdftex.def)             Requested size: 196.3269pt x 125.92513pt.
Package acronym Info: Label `acro:IP' overridden on input line 145.
Package acronym Info: Label `acro:IP' overridden on input line 145.
Package acronym Info: Label `acro:SoC' overridden on input line 149.
Package acronym Info: Label `acro:IP' overridden on input line 149.
Package acronym Info: Label `acro:IEEE' newly defined as it shall be overridden

although it is yet undefined on input line 149.
Package acronym Info: Label `acro:AXI' overridden on input line 149.
Package acronym Info: Label `acro:PS' overridden on input line 149.
Package acronym Info: Label `acro:PL' overridden on input line 149.
Package acronym Info: Label `acro:HIL' overridden on input line 154.

Underfull \vbox (badness 10000) has occurred while \output is active []



Package acronym Info: Label `acro:FPGA' overridden on input line 155.

Overfull \vbox (2.62502pt too high) has occurred while \output is active []


[17 <./gfx/diagrams/AXI_Interface.png>]
Package acronym Info: Label `acro:HIL' overridden on input line 156.
Package acronym Info: Label `acro:FPGA' overridden on input line 156.
Package acronym Info: Label `acro:FPGA' overridden on input line 156.
Package acronym Info: Label `acro:DUT' overridden on input line 156.
Package acronym Info: Label `acro:FPGA' overridden on input line 156.
Package acronym Info: Label `acro:FPGA' overridden on input line 156.
Package acronym Info: Label `acro:FPGA' overridden on input line 156.
Package acronym Info: Label `acro:HIL' overridden on input line 156.
Package acronym Info: Label `acro:FIL' newly defined as it shall be overridden
although it is yet undefined on input line 156.
Package acronym Info: Label `acro:FPGA' overridden on input line 156.
Package acronym Info: Label `acro:FPGA' overridden on input line 158.
Package acronym Info: Label `acro:ILA' overridden on input line 158.
Package acronym Info: Label `acro:IP' overridden on input line 158.
Package acronym Info: Label `acro:ILA' overridden on input line 158.
Package acronym Info: Label `acro:FPGA' overridden on input line 158.
Package acronym Info: Label `acro:IP' overridden on input line 164.
Package acronym Info: Label `acro:FPGA' overridden on input line 164.
Package acronym Info: Label `acro:ILA' overridden on input line 164.



Overfull \vbox (2.62502pt too high) has occurred while \output is active []


[18]
Package acronym Info: Label `acro:ILA' overridden on input line 166.
Package acronym Info: Label `acro:IP' overridden on input line 166.
Package acronym Info: Label `acro:IP' overridden on input line 166.
Package acronym Info: Label `acro:SoC' overridden on input line 166.
Package acronym Info: Label `acro:AXI' overridden on input line 166.
Package acronym Info: Label `acro:FPGA' overridden on input line 168.
Package acronym Info: Label `acro:ILA' overridden on input line 168.
Package acronym Info: Label `acro:ILA' overridden on input line 170.
Package acronym Info: Label `acro:FPGA' overridden on input line 170.
Package acronym Info: Label `acro:JTAG' newly defined as it shall be overridden

although it is yet undefined on input line 170.
Package acronym Info: Label `acro:FPGA' overridden on input line 170.
Package acronym Info: Label `acro:ILA' overridden on input line 170.
<gfx/diagrams/System_ILA_Symbol.png, id=1023, 453.19313pt x 323.70938pt>
File: gfx/diagrams/System_ILA_Symbol.png Graphic file (type png)
<use gfx/diagrams/System_ILA_Symbol.png>
Package pdftex.def Info: gfx/diagrams/System_ILA_Symbol.png  used on input line
 174.
(pdftex.def)             Requested size: 298.75267pt x 213.392pt.
Package acronym Info: Label `acro:ILA' overridden on input line 175.
Package acronym Info: Label `acro:ILA' overridden on input line 175.
Package acronym Info: Label `acro:FPGA' overridden on input line 180.
Package acronym Info: Label `acro:ILA' overridden on input line 180.

Underfull \vbox (badness 10000) has occurred while \output is active []




Overfull \vbox (2.62502pt too high) has occurred while \output is active []


[19 <./gfx/diagrams/System_ILA_Symbol.png>]
Package acronym Info: Label `acro:ILA' overridden on input line 182.
Package acronym Info: Label `acro:ILA' overridden on input line 182.
Package acronym Info: Label `acro:AXI' overridden on input line 182.
Package acronym Info: Label `acro:FPGA' overridden on input line 182.
Package acronym Info: Label `acro:SoC' overridden on input line 182.
Package acronym Info: Label `acro:ILA' overridden on input line 182.
Package acronym Info: Label `acro:ILA' overridden on input line 182.
Package acronym Info: Label `acro:AMBA' overridden on input line 182.
Package acronym Info: Label `acro:AXI' overridden on input line 182.
Package acronym Info: Label `acro:ILA' overridden on input line 184.
Package acronym Info: Label `acro:AXI' overridden on input line 184.
Package acronym Info: Label `acro:ILA' overridden on input line 184.
<gfx/diagrams/AXI_ILA.png, id=1064, 899.61093pt x 261.22594pt>
File: gfx/diagrams/AXI_ILA.png Graphic file (type png)
<use gfx/diagrams/AXI_ILA.png>
Package pdftex.def Info: gfx/diagrams/AXI_ILA.png  used on input line 189.
(pdftex.def)             Requested size: 426.798pt x 181.95605pt.
Package acronym Info: Label `acro:ILA' overridden on input line 190.
Package acronym Info: Label `acro:ILA' overridden on input line 190.
Package acronym Info: Label `acro:AMBA' overridden on input line 195.
Package acronym Info: Label `acro:AXI' overridden on input line 195.
Package acronym Info: Label `acro:SoC' overridden on input line 198.
Package acronym Info: Label `acro:AMBA' overridden on input line 198.



Overfull \vbox (2.62502pt too high) has occurred while \output is active []


[20 <./gfx/diagrams/AXI_ILA.png>]
Package acronym Info: Label `acro:AMBA' overridden on input line 200.
Package acronym Info: Label `acro:AMBA' overridden on input line 200.
Package acronym Info: Label `acro:AXI' overridden on input line 200.
Package acronym Info: Label `acro:AMBA' overridden on input line 200.
Package acronym Info: Label `acro:AXI' overridden on input line 200.
Package acronym Info: Label `acro:FPGA' overridden on input line 200.
Package acronym Info: Label `acro:AXI' overridden on input line 202.
<gfx/diagrams/AXI_WRITE.png, id=1101, 697.8572pt x 411.78844pt>
File: gfx/diagrams/AXI_WRITE.png Graphic file (type png)
<use gfx/diagrams/AXI_WRITE.png>
Package pdftex.def Info: gfx/diagrams/AXI_WRITE.png  used on input line 214.
(pdftex.def)             Requested size: 426.7914pt x 251.83775pt.
<gfx/diagrams/AXI_READ.png, id=1105, 680.5425pt x 264.99pt>
File: gfx/diagrams/AXI_READ.png Graphic file (type png)
<use gfx/diagrams/AXI_READ.png>
Package pdftex.def Info: gfx/diagrams/AXI_READ.png  used on input line 228.
(pdftex.def)             Requested size: 426.7914pt x 166.18442pt.

Underfull \vbox (badness 3623) has occurred while \output is active []



Package acronym Info: Label `acro:AMBA' overridden on input line 235.
Package acronym Info: Label `acro:AXI' overridden on input line 235.

Overfull \vbox (2.62502pt too high) has occurred while \output is active []


[21]


Overfull \vbox (2.62502pt too high) has occurred while \output is active []


[22 <./gfx/diagrams/AXI_WRITE.png> <./gfx/diagrams/AXI_READ.png>]
Package acronym Info: Label `acro:AXI' overridden on input line 235.
Package acronym Info: Label `acro:AXI' overridden on input line 249.
Package acronym Info: Label `acro:AMBA' overridden on input line 251.
Package acronym Info: Label `acro:AXI' overridden on input line 251.

Underfull \vbox (badness 10000) has occurred while \output is active []



Package acronym Info: Label `acro:AMBA' overridden on input line 257.
Package acronym Info: Label `acro:AXI' overridden on input line 257.

Overfull \vbox (2.62502pt too high) has occurred while \output is active []


[23]
Package acronym Info: Label `acro:PL' overridden on input line 261.
)


Overfull \vbox (2.62502pt too high) has occurred while \output is active []


[24]
\openout2 = `chapters/chapter_Modeling.aux'.

 (chapters/chapter_Modeling.tex
chapter 3.
Package acronym Info: Label `acro:FPGA' overridden on input line 4.
Package acronym Info: Label `acro:PoC' overridden on input line 4.
Package acronym Info: Label `acro:FPGA' overridden on input line 4.
Package acronym Info: Label `acro:FPGA' overridden on input line 4.
<gfx/diagrams/Pac_Drive_System.png, id=1163, 633.567pt x 359.54324pt>
File: gfx/diagrams/Pac_Drive_System.png Graphic file (type png)
<use gfx/diagrams/Pac_Drive_System.png>
Package pdftex.def Info: gfx/diagrams/Pac_Drive_System.png  used on input line 
13.
(pdftex.def)             Requested size: 426.7914pt x 242.19843pt.

Underfull \vbox (badness 10000) has occurred while \output is active []



[25




]
Underfull \vbox (badness 10000) has occurred while \output is active []




Overfull \vbox (2.62502pt too high) has occurred while \output is active []


[26 <./gfx/diagrams/Pac_Drive_System.png>]
Package acronym Info: Label `acro:BMP' newly defined as it shall be overridden
although it is yet undefined on input line 27.
<gfx/diagrams/Servo_Drive_Logic_Division.png, id=1187, 5430.2875pt x 1716.4125p
t>
File: gfx/diagrams/Servo_Drive_Logic_Division.png Graphic file (type png)
<use gfx/diagrams/Servo_Drive_Logic_Division.png>
Package pdftex.def Info: gfx/diagrams/Servo_Drive_Logic_Division.png  used on i
nput line 34.
(pdftex.def)             Requested size: 341.43442pt x 107.90408pt.

Underfull \vbox (badness 7486) has occurred while \output is active []




Overfull \vbox (2.62502pt too high) has occurred while \output is active []


[27 <./gfx/diagrams/Servo_Drive_Logic_Division.png>]
Underfull \hbox (badness 3861) in paragraph at lines 47--48
[]\OT1/minntx/m/n/12 This sec-tion con-tains low-voltage elec-tronic com-po-nen
ts, in-clud-ing
 []

<gfx/diagrams/Servo_Drive_Power_Control.png, id=1196, 7196.8875pt x 2820.5375pt
>
File: gfx/diagrams/Servo_Drive_Power_Control.png Graphic file (type png)
<use gfx/diagrams/Servo_Drive_Power_Control.png>
Package pdftex.def Info: gfx/diagrams/Servo_Drive_Power_Control.png  used on in
put line 54.
(pdftex.def)             Requested size: 341.41644pt x 256.0754pt.
Package acronym Info: Label `acro:DC' overridden on input line 61.
Package acronym Info: Label `acro:AC' overridden on input line 61.
Package acronym Info: Label `acro:DC' overridden on input line 61.
Package acronym Info: Label `acro:DC' overridden on input line 61.
Package acronym Info: Label `acro:DC' overridden on input line 63.
Package acronym Info: Label `acro:AC' overridden on input line 63.
Package acronym Info: Label `acro:IGBT' newly defined as it shall be overridden

although it is yet undefined on input line 63.
Package acronym Info: Label `acro:PWM' overridden on input line 63.
Package acronym Info: Label `acro:FPGA' overridden on input line 63.
Package acronym Info: Label `acro:AC' overridden on input line 63.
Package acronym Info: Label `acro:AC' overridden on input line 63.
Package acronym Info: Label `acro:PWM' overridden on input line 63.

Underfull \vbox (badness 10000) has occurred while \output is active []




Overfull \vbox (2.62502pt too high) has occurred while \output is active []


[28 <./gfx/diagrams/Servo_Drive_Power_Control.png>]
Package acronym Info: Label `acro:DC' overridden on input line 65.
Package acronym Info: Label `acro:MPSoC' overridden on input line 65.
Package acronym Info: Label `acro:FPGA' overridden on input line 65.
Package acronym Info: Label `acro:FPGA' overridden on input line 65.
Package acronym Info: Label `acro:PS' overridden on input line 65.
Package acronym Info: Label `acro:PL' overridden on input line 65.
Package acronym Info: Label `acro:FPGA' overridden on input line 65.
Package acronym Info: Label `acro:FPGA' overridden on input line 67.
Package acronym Info: Label `acro:FPGA' overridden on input line 67.
Package acronym Info: Label `acro:DUT' overridden on input line 67.
Package acronym Info: Label `acro:DUT' overridden on input line 69.
Package acronym Info: Label `acro:MPSoC' overridden on input line 72.
Package acronym Info: Label `acro:FPGA' overridden on input line 72.
Package acronym Info: Label `acro:FPGA' overridden on input line 72.


Package acronym Info: Label `acro:DUT' overridden on input line 73.

Overfull \vbox (2.62502pt too high) has occurred while \output is active []


[29]
<gfx/diagrams/Servo_Drive_ControlBoard_PL_BlockDesign.png, id=1260, 8180.5625pt
 x 9124.0875pt>
File: gfx/diagrams/Servo_Drive_ControlBoard_PL_BlockDesign.png Graphic file (ty
pe png)
<use gfx/diagrams/Servo_Drive_ControlBoard_PL_BlockDesign.png>
Package pdftex.def Info: gfx/diagrams/Servo_Drive_ControlBoard_PL_BlockDesign.p
ng  used on input line 76.
(pdftex.def)             Requested size: 341.43442pt x 380.77267pt.
Package acronym Info: Label `acro:MPSoC' overridden on input line 77.
Package acronym Info: Label `acro:MPSoC' overridden on input line 77.
Package acronym Info: Label `acro:FPGA' overridden on input line 81.
Package acronym Info: Label `acro:SPI' overridden on input line 81.
Package acronym Info: Label `acro:ADC' overridden on input line 81.
Package acronym Info: Label `acro:OVC' overridden on input line 81.
Package acronym Info: Label `acro:PWM' overridden on input line 81.
Package acronym Info: Label `acro:FPGA' overridden on input line 81.

Underfull \vbox (badness 10000) has occurred while \output is active []




Overfull \vbox (2.62502pt too high) has occurred while \output is active []


[30 <./gfx/diagrams/Servo_Drive_ControlBoard_PL_BlockDesign.png>]
Package acronym Info: Label `acro:SPI' overridden on input line 83.
Package acronym Info: Label `acro:ADC' overridden on input line 86.
Package acronym Info: Label `acro:SPI' overridden on input line 86.
Package acronym Info: Label `acro:DUT' overridden on input line 86.
Package acronym Info: Label `acro:SPI' overridden on input line 88.
Package acronym Info: Label `acro:SPI' overridden on input line 88.
Package acronym Info: Label `acro:ADC' overridden on input line 119.
Package acronym Info: Label `acro:SPI' overridden on input line 120.

Overfull \hbox (4.6778pt too wide) in paragraph at lines 150--151
 [][] 
 []


Underfull \vbox (badness 10000) has occurred while \output is active []



Package acronym Info: Label `acro:DUT' overridden on input line 154.

Overfull \vbox (2.62502pt too high) has occurred while \output is active []


[31]
Package acronym Info: Label `acro:OVC' overridden on input line 155.
Package acronym Info: Label `acro:OVC' overridden on input line 158.
Package acronym Info: Label `acro:PWM' overridden on input line 158.
Package acronym Info: Label `acro:AXI' overridden on input line 158.
Package acronym Info: Label `acro:OVC' overridden on input line 158.
Package acronym Info: Label `acro:SPI' overridden on input line 158.
Package acronym Info: Label `acro:OVC' overridden on input line 158.
Package acronym Info: Label `acro:OVC' overridden on input line 158.
Package acronym Info: Label `acro:PWM' overridden on input line 163.
Package acronym Info: Label `acro:SPI' overridden on input line 195.
Package acronym Info: Label `acro:OVC' overridden on input line 196.
Package acronym Info: Label `acro:OVC' overridden on input line 220.
Package acronym Info: Label `acro:OVC' overridden on input line 224.

Underfull \vbox (badness 10000) has occurred while \output is active []




Overfull \vbox (2.62502pt too high) has occurred while \output is active []


[32]
Package acronym Info: Label `acro:PWM' overridden on input line 234.
Package acronym Info: Label `acro:PWM' overridden on input line 237.
Package acronym Info: Label `acro:PWM' overridden on input line 237.
Package acronym Info: Label `acro:PWM' overridden on input line 237.
Package acronym Info: Label `acro:PWM' overridden on input line 237.
Package acronym Info: Label `acro:PWM' overridden on input line 239.
Package acronym Info: Label `acro:PWM' overridden on input line 239.
Package acronym Info: Label `acro:ADC' overridden on input line 239.
Package acronym Info: Label `acro:SPI' overridden on input line 239.
Package acronym Info: Label `acro:FPGA' overridden on input line 239.
Package acronym Info: Label `acro:PWM' overridden on input line 270.
Package acronym Info: Label `acro:PWM' overridden on input line 296.
Package acronym Info: Label `acro:PWM' overridden on input line 296.

Underfull \vbox (badness 10000) has occurred while \output is active []



Package acronym Info: Label `acro:DUT' overridden on input line 299.

Overfull \vbox (2.62502pt too high) has occurred while \output is active []


[33]
Package acronym Info: Label `acro:FPGA' overridden on input line 300.
Package acronym Info: Label `acro:FPGA' overridden on input line 300.
Package acronym Info: Label `acro:PoC' overridden on input line 300.
Package acronym Info: Label `acro:FPGA' overridden on input line 300.
Package acronym Info: Label `acro:DUT' overridden on input line 305.
Package acronym Info: Label `acro:FPGA' overridden on input line 305.
Package acronym Info: Label `acro:DUT' overridden on input line 305.
Package acronym Info: Label `acro:FPGA' overridden on input line 305.
Package acronym Info: Label `acro:SoC' overridden on input line 305.
Package acronym Info: Label `acro:FPGA' overridden on input line 305.

Underfull \vbox (badness 10000) has occurred while \output is active []




Overfull \vbox (2.62502pt too high) has occurred while \output is active []


[34]
Package acronym Info: Label `acro:FPGA' overridden on input line 309.
Package acronym Info: Label `acro:FPGA' overridden on input line 310.
Package acronym Info: Label `acro:FPGA' overridden on input line 315.
Package acronym Info: Label `acro:PoC' overridden on input line 315.
Package acronym Info: Label `acro:MPSoC' overridden on input line 315.
<gfx/diagrams/Mercury_XU5_SOC.png, id=1402, 438.8897pt x 438.8897pt>
File: gfx/diagrams/Mercury_XU5_SOC.png Graphic file (type png)
<use gfx/diagrams/Mercury_XU5_SOC.png>
Package pdftex.def Info: gfx/diagrams/Mercury_XU5_SOC.png  used on input line 3
19.
(pdftex.def)             Requested size: 192.05482pt x 192.06064pt.
Package acronym Info: Label `acro:SoC' overridden on input line 325.
Package acronym Info: Label `acro:MPSoC' overridden on input line 326.
Package acronym Info: Label `acro:PL' overridden on input line 329.
Package acronym Info: Label `acro:LUT' newly defined as it shall be overridden
although it is yet undefined on input line 329.
Package acronym Info: Label `acro:FPGA' overridden on input line 329.

Underfull \vbox (badness 10000) has occurred while \output is active []




Overfull \vbox (2.62502pt too high) has occurred while \output is active []


[35]
Package acronym Info: Label `acro:DDR4 SDRAM' newly defined as it shall be over
ridden
although it is yet undefined on input line 330.
<gfx/diagrams/Mercury_PE1.png, id=1426, 685.05937pt x 518.6878pt>
File: gfx/diagrams/Mercury_PE1.png Graphic file (type png)
<use gfx/diagrams/Mercury_PE1.png>
Package pdftex.def Info: gfx/diagrams/Mercury_PE1.png  used on input line 335.
(pdftex.def)             Requested size: 298.75267pt x 226.20512pt.
Package acronym Info: Label `acro:PoC' overridden on input line 341.

Underfull \vbox (badness 10000) has occurred while \output is active []




Overfull \vbox (2.62502pt too high) has occurred while \output is active []


[36 <./gfx/diagrams/Mercury_XU5_SOC.png> <./gfx/diagrams/Mercury_PE1.png>]
Package acronym Info: Label `acro:DAC' newly defined as it shall be overridden
although it is yet undefined on input line 343.
Package acronym Info: Label `acro:PCIe' newly defined as it shall be overridden

although it is yet undefined on input line 344.
Package acronym Info: Label `acro:PCIe' overridden on input line 345.
Package acronym Info: Label `acro:DAC' overridden on input line 350.
Package acronym Info: Label `acro:FPGA' overridden on input line 350.
Package acronym Info: Label `acro:SPI' overridden on input line 350.
Package acronym Info: Label `acro:OVC' overridden on input line 350.
<gfx/diagrams/DAC80508.png, id=1450, 462.22687pt x 386.94562pt>
File: gfx/diagrams/DAC80508.png Graphic file (type png)
<use gfx/diagrams/DAC80508.png>
Package pdftex.def Info: gfx/diagrams/DAC80508.png  used on input line 353.
(pdftex.def)             Requested size: 256.07744pt x 214.37358pt.
Package acronym Info: Label `acro:DAC' overridden on input line 357.

Underfull \vbox (badness 3219) has occurred while \output is active []




Overfull \vbox (2.62502pt too high) has occurred while \output is active []


[37]
Package acronym Info: Label `acro:SPI' overridden on input line 370.
Package acronym Info: Label `acro:CRC' newly defined as it shall be overridden
although it is yet undefined on input line 372.
Package acronym Info: Label `acro:SPI' overridden on input line 372.

Underfull \vbox (badness 10000) has occurred while \output is active []




Overfull \vbox (2.62502pt too high) has occurred while \output is active []


[38 <./gfx/diagrams/DAC80508.png>]
LaTeX Font Info:    Trying to load font information for OMS+ntxtlf on input lin
e 381.
LaTeX Font Info:    No file OMSntxtlf.fd. on input line 381.


LaTeX Font Warning: Font shape `OMS/ntxtlf/b/n' undefined
(Font)              using `OMS/cmsy/m/n' instead
(Font)              for symbol `textbar' on input line 381.

Package acronym Info: Label `acro:DAC' overridden on input line 382.
Package acronym Info: Label `acro:CRC' overridden on input line 411.

Underfull \hbox (badness 1005) in paragraph at lines 411--411
[]|\OT1/minntx/m/n/12 Configures the SDO/ALARM pin to
 []


Underfull \hbox (badness 1728) in paragraph at lines 411--411
\OT1/minntx/m/n/12 func-tion ei-ther as a stan-dard se-rial
 []


Underfull \hbox (badness 2951) in paragraph at lines 411--411
\OT1/minntx/m/n/12 the FSDO and DSDO sig-nals are
 []

Package acronym Info: Label `acro:CRC' overridden on input line 411.
Package acronym Info: Label `acro:CRC' overridden on input line 411.
Package acronym Info: Label `acro:DAC' overridden on input line 411.

Underfull \hbox (badness 3240) in paragraph at lines 411--411
\OT1/minntx/m/n/12 (DAC0-DAC7). Set-ting a bit to 1
 []


Overfull \hbox (0.79999pt too wide) in paragraph at lines 411--412
 [][] 
 []


Underfull \hbox (badness 3724) in paragraph at lines 435--435
\OT1/minntx/m/n/12 re-spond to CLR pin; when 1,
 []


Underfull \hbox (badness 3724) in paragraph at lines 435--435
\OT1/minntx/m/n/12 re-spond to CLR pin; when 1,
 []


Overfull \hbox (3.79999pt too wide) in paragraph at lines 435--436
 [][] 
 []


Overfull \hbox (3.79999pt too wide) in paragraph at lines 456--457
 [][] 
 []

Package acronym Info: Label `acro:DAC' overridden on input line 459.
Package acronym Info: Label `acro:DAC' overridden on input line 461.
Package acronym Info: Label `acro:DAC' overridden on input line 476.

Overfull \hbox (3.79999pt too wide) in paragraph at lines 476--477
 [][] 
 []

Package acronym Info: Label `acro:DAC' overridden on input line 480.
Package acronym Info: Label `acro:ACS' newly defined as it shall be overridden
although it is yet undefined on input line 480.

Package acronym Warning: Acronym ACS is not defined on input line 480.

Package acronym Info: Label `acro:FPGA' overridden on input line 480.
Package acronym Info: Label `acro:PoC' overridden on input line 480.

Underfull \vbox (badness 3690) has occurred while \output is active []




Overfull \vbox (2.62502pt too high) has occurred while \output is active []


[39]


Overfull \vbox (2.62502pt too high) has occurred while \output is active []


[40]


Overfull \vbox (2.62502pt too high) has occurred while \output is active []


[41]
Package acronym Info: Label `acro:FPGA' overridden on input line 482.
Package acronym Info: Label `acro:MPSoC' overridden on input line 484.
Package acronym Info: Label `acro:DAC' overridden on input line 484.
Package acronym Info: Label `acro:SPI' overridden on input line 484.
Package acronym Info: Label `acro:ADC' overridden on input line 484.
Package acronym Info: Label `acro:SoC' overridden on input line 486.
Package acronym Info: Label `acro:UART' newly defined as it shall be overridden

although it is yet undefined on input line 486.
Package acronym Info: Label `acro:FPGA' overridden on input line 486.
Package acronym Info: Label `acro:FPGA' overridden on input line 486.
Package acronym Info: Label `acro:DUT' overridden on input line 486.
Package acronym Info: Label `acro:SoC' overridden on input line 486.
Package acronym Info: Label `acro:UART' overridden on input line 486.
<gfx/diagrams/BlockDiagram_PoC.png, id=1559, 6223.25pt x 2981.1375pt>
File: gfx/diagrams/BlockDiagram_PoC.png Graphic file (type png)
<use gfx/diagrams/BlockDiagram_PoC.png>
Package pdftex.def Info: gfx/diagrams/BlockDiagram_PoC.png  used on input line 
490.
(pdftex.def)             Requested size: 426.74586pt x 256.05441pt.
Package acronym Info: Label `acro:FPGA' overridden on input line 491.
Package acronym Info: Label `acro:PoC' overridden on input line 491.
Package acronym Info: Label `acro:FPGA' overridden on input line 491.
Package acronym Info: Label `acro:PoC' overridden on input line 491.
Package acronym Info: Label `acro:SoC' overridden on input line 495.
Package acronym Info: Label `acro:DUT' overridden on input line 495.
Package acronym Info: Label `acro:SoC' overridden on input line 495.
Package acronym Info: Label `acro:DUT' overridden on input line 495.
Package acronym Info: Label `acro:FPGA' overridden on input line 495.
Package acronym Info: Label `acro:PoC' overridden on input line 495.
Package acronym Info: Label `acro:FPGA' overridden on input line 495.
Package acronym Info: Label `acro:FPGA' overridden on input line 498.
Package acronym Info: Label `acro:HIL' overridden on input line 498.
Package acronym Info: Label `acro:PoC' overridden on input line 500.
Package acronym Info: Label `acro:FPGA' overridden on input line 500.
Package acronym Info: Label `acro:HIL' overridden on input line 500.
Package acronym Info: Label `acro:FIL' overridden on input line 500.
Package acronym Info: Label `acro:HIL' overridden on input line 500.
Package acronym Info: Label `acro:FPGA' overridden on input line 500.
Package acronym Info: Label `acro:PoC' overridden on input line 500.
Package acronym Info: Label `acro:SPI' overridden on input line 500.

Underfull \vbox (badness 10000) has occurred while \output is active []




Overfull \vbox (2.62502pt too high) has occurred while \output is active []


[42]
Package acronym Info: Label `acro:FPGA' overridden on input line 503.
Package acronym Info: Label `acro:FIL' overridden on input line 505.
Package acronym Info: Label `acro:FIL' overridden on input line 505.
Package acronym Info: Label `acro:FPGA' overridden on input line 505.
Package acronym Info: Label `acro:FIL' overridden on input line 505.

Underfull \vbox (badness 10000) has occurred while \output is active []



Package acronym Info: Label `acro:FPGA' overridden on input line 506.
Package acronym Info: Label `acro:HIL' overridden on input line 506.

Overfull \vbox (2.62502pt too high) has occurred while \output is active []


[43 <./gfx/diagrams/BlockDiagram_PoC.png>]
Package acronym Info: Label `acro:FPGA' overridden on input line 507.
Package acronym Info: Label `acro:HIL' overridden on input line 509.
Package acronym Info: Label `acro:FPGA' overridden on input line 509.
Package acronym Info: Label `acro:HIL' overridden on input line 509.
Package acronym Info: Label `acro:HIL' overridden on input line 509.
Package acronym Info: Label `acro:FPGA' overridden on input line 509.
LaTeX Font Info:    Font shape `OT1/ntxtlf/m/it' will be
(Font)              scaled to size 12.0pt on input line 509.
Package acronym Info: Label `acro:DAC' overridden on input line 509.
Package acronym Info: Label `acro:FPGA' overridden on input line 511.

Underfull \hbox (badness 2310) in paragraph at lines 511--512
[]\OT1/ntxtlf/b/n/12 "[][][][][]-Based Real-Time Sim-u-la-tion of Non-lin-ear P
er-ma-nent Mag-net
 []


Underfull \vbox (badness 10000) has occurred while \output is active []




Overfull \vbox (2.62502pt too high) has occurred while \output is active []


[44]
Package acronym Info: Label `acro:FPGA' overridden on input line 513.
Package acronym Info: Label `acro:HIL' overridden on input line 513.
Package acronym Info: Label `acro:FPGA' overridden on input line 515.
Package acronym Info: Label `acro:DAC' overridden on input line 515.

Underfull \hbox (badness 10000) in paragraph at lines 515--516
[]\OT1/ntxtlf/b/n/12 "[][][][][]-synthesizable Fil-ter Model Based Bit-stream [
][][][][] for
 []

Package acronym Info: Label `acro:FPGA' overridden on input line 517.
Package acronym Info: Label `acro:HIL' overridden on input line 517.
Package acronym Info: Label `acro:FPGA' overridden on input line 517.
Package acronym Info: Label `acro:DAC' overridden on input line 517.
Package acronym Info: Label `acro:FPGA' overridden on input line 517.
Package acronym Info: Label `acro:DAC' overridden on input line 517.
Package acronym Info: Label `acro:DAC' overridden on input line 517.
Package acronym Info: Label `acro:FPGA' overridden on input line 517.
Package acronym Info: Label `acro:DAC' overridden on input line 517.
Package acronym Info: Label `acro:FPGA' overridden on input line 517.
Package acronym Info: Label `acro:DAC' overridden on input line 517.

Underfull \vbox (badness 10000) has occurred while \output is active []



Package acronym Info: Label `acro:FPGA' overridden on input line 518.
Package acronym Info: Label `acro:HIL' overridden on input line 518.

Overfull \vbox (2.62502pt too high) has occurred while \output is active []


[45]
Package acronym Info: Label `acro:PoC' overridden on input line 521.
Package acronym Info: Label `acro:PoC' overridden on input line 528.
Package acronym Info: Label `acro:ADC' overridden on input line 528.
Package acronym Info: Label `acro:DUT' overridden on input line 528.
Package acronym Info: Label `acro:FIL' overridden on input line 530.
Package acronym Info: Label `acro:HIL' overridden on input line 530.
Package acronym Info: Label `acro:FIL' overridden on input line 532.
Package acronym Info: Label `acro:DAC' overridden on input line 532.
Package acronym Info: Label `acro:ADC' overridden on input line 532.
Package acronym Info: Label `acro:SPI' overridden on input line 532.
Package acronym Info: Label `acro:ADC' overridden on input line 532.
Package acronym Info: Label `acro:SPI' overridden on input line 532.
Package acronym Info: Label `acro:PoC' overridden on input line 534.
Package acronym Info: Label `acro:ADC' overridden on input line 534.
Package acronym Info: Label `acro:DAC' overridden on input line 534.
Package acronym Info: Label `acro:DUT' overridden on input line 534.
Package acronym Info: Label `acro:DAC' overridden on input line 534.
Package acronym Info: Label `acro:ADC' overridden on input line 534.
Package acronym Info: Label `acro:SPI' overridden on input line 534.
Package acronym Info: Label `acro:FPGA' overridden on input line 534.
Package acronym Info: Label `acro:FIL' overridden on input line 534.

Underfull \vbox (badness 10000) has occurred while \output is active []




Overfull \vbox (2.62502pt too high) has occurred while \output is active []


[46]
Package acronym Info: Label `acro:FPGA' overridden on input line 536.
Package acronym Info: Label `acro:FPGA' overridden on input line 536.
Package acronym Info: Label `acro:HIL' overridden on input line 538.
Package acronym Info: Label `acro:FIL' overridden on input line 538.
Package acronym Info: Label `acro:FPGA' overridden on input line 538.
Package acronym Info: Label `acro:PoC' overridden on input line 540.
Package acronym Info: Label `acro:SoC' overridden on input line 540.
Package acronym Info: Label `acro:FPGA' overridden on input line 540.
Package acronym Info: Label `acro:DUT' overridden on input line 540.
Package acronym Info: Label `acro:SoC' overridden on input line 540.
Package acronym Info: Label `acro:DUT' overridden on input line 540.
Package acronym Info: Label `acro:FPGA' overridden on input line 540.
Package acronym Info: Label `acro:HIL' overridden on input line 540.
)

Package acronym Info: Label `acro:FPGA' overridden on input line 73.
Package acronym Info: Label `acro:HIL' overridden on input line 73.

Overfull \vbox (2.62502pt too high) has occurred while \output is active []


[47]
\openout2 = `chapters/chapter_Implementation.aux'.

 (chapters/chapter_Implementation.tex
chapter 4.
Package acronym Info: Label `acro:PoC' overridden on input line 5.
Package acronym Info: Label `acro:FPGA' overridden on input line 5.
Package acronym Info: Label `acro:IP' overridden on input line 5.
Package acronym Info: Label `acro:ADC' overridden on input line 10.


[48




]
Package acronym Info: Label `acro:PS' overridden on input line 25.
Package acronym Info: Label `acro:UART' overridden on input line 25.
Package acronym Info: Label `acro:SoC' overridden on input line 25.
Package acronym Info: Label `acro:PL' overridden on input line 25.
Package acronym Info: Label `acro:AXI' overridden on input line 25.
Package acronym Info: Label `acro:GPIO' newly defined as it shall be overridden

although it is yet undefined on input line 25.
Package acronym Info: Label `acro:AXI' overridden on input line 25.
Package acronym Info: Label `acro:GPIO' overridden on input line 25.
Package acronym Info: Label `acro:DAC' overridden on input line 25.
Package acronym Info: Label `acro:DAC' overridden on input line 28.
Package acronym Info: Label `acro:DAC' overridden on input line 29.
Package acronym Info: Label `acro:DAC' overridden on input line 32.
Package acronym Info: Label `acro:DAC' overridden on input line 32.
<gfx/diagrams/Current_Sense_Verification_Block_Design.png, id=1823, 536.0025pt 
x 615.0478pt>
File: gfx/diagrams/Current_Sense_Verification_Block_Design.png Graphic file (ty
pe png)
<use gfx/diagrams/Current_Sense_Verification_Block_Design.png>
Package pdftex.def Info: gfx/diagrams/Current_Sense_Verification_Block_Design.p
ng  used on input line 36.
(pdftex.def)             Requested size: 298.75267pt x 342.81023pt.
Package acronym Info: Label `acro:DDFS' overridden on input line 41.
Package acronym Info: Label `acro:DAC' overridden on input line 41.
Package acronym Info: Label `acro:SPI' overridden on input line 41.
Package acronym Info: Label `acro:ADC' overridden on input line 41.
Package acronym Info: Label `acro:UART' overridden on input line 41.
Package acronym Info: Label `acro:ADC' overridden on input line 43.
Package acronym Info: Label `acro:FIFO' newly defined as it shall be overridden

although it is yet undefined on input line 43.
Package acronym Info: Label `acro:PS' overridden on input line 43.
Package acronym Info: Label `acro:ADC' overridden on input line 46.
Package acronym Info: Label `acro:FFT' overridden on input line 47.
Package acronym Info: Label `acro:FIFO' overridden on input line 47.
Package acronym Info: Label `acro:FFT' overridden on input line 47.
Package acronym Info: Label `acro:DAC' overridden on input line 50.
Package acronym Info: Label `acro:PS' overridden on input line 50.
Package acronym Info: Label `acro:DAC' overridden on input line 50.

Underfull \vbox (badness 3690) has occurred while \output is active []




Overfull \vbox (2.62502pt too high) has occurred while \output is active []


[49]
Package acronym Info: Label `acro:PS' overridden on input line 55.
Package acronym Info: Label `acro:AXI' overridden on input line 55.
Package acronym Info: Label `acro:GPIO' overridden on input line 55.
Package acronym Info: Label `acro:FPGA' overridden on input line 55.
Package acronym Info: Label `acro:DAC' overridden on input line 55.

Underfull \vbox (badness 10000) has occurred while \output is active []




Overfull \vbox (2.62502pt too high) has occurred while \output is active []


[50 <./gfx/diagrams/Current_Sense_Verification_Block_Design.png>]
Package acronym Info: Label `acro:DAC' overridden on input line 59.
Package acronym Info: Label `acro:DAC' overridden on input line 69.
Package acronym Info: Label `acro:DAC' overridden on input line 69.
Package acronym Info: Label `acro:DDFS' overridden on input line 69.
Package acronym Info: Label `acro:LUT' overridden on input line 69.
<gfx/diagrams/Custom_MUX_Algorithmn.png, id=1894, 805.50937pt x 505.89pt>
File: gfx/diagrams/Custom_MUX_Algorithmn.png Graphic file (type png)
<use gfx/diagrams/Custom_MUX_Algorithmn.png>
Package pdftex.def Info: gfx/diagrams/Custom_MUX_Algorithmn.png  used on input 
line 75.
(pdftex.def)             Requested size: 341.43356pt x 234.74237pt.


LaTeX Warning: Unexpected alignment 1 on input line 75.


Overfull \hbox (149.3796pt too wide) in paragraph at lines 73--76
 [][] 
 []

Package acronym Info: Label `acro:DDFS' overridden on input line 80.

Underfull \vbox (badness 10000) has occurred while \output is active []




Overfull \vbox (2.62502pt too high) has occurred while \output is active []


[51 <./gfx/diagrams/Custom_MUX_Algorithmn.png>]
Package acronym Info: Label `acro:DDFS' overridden on input line 85.
Package acronym Info: Label `acro:DDFS' overridden on input line 85.
Package acronym Info: Label `acro:DDFS' overridden on input line 85.
<gfx/diagrams/DDFS.png, id=1910, 3888.126pt x 440.847pt>
File: gfx/diagrams/DDFS.png Graphic file (type png)
<use gfx/diagrams/DDFS.png>
Package pdftex.def Info: gfx/diagrams/DDFS.png  used on input line 89.
(pdftex.def)             Requested size: 341.43442pt x 38.71259pt.
Package acronym Info: Label `acro:DDFS' overridden on input line 95.
LaTeX Font Info:    Trying to load font information for OT1+ntxtt on input line
 97.

(C:\Users\sesa807379\AppData\Local\Programs\MiKTeX\tex/latex/newtx\ot1ntxtt.fd
File: ot1ntxtt.fd 2012/04/20 v3.1
)
LaTeX Font Info:    Font shape `OT1/ntxtt/m/n' will be
(Font)              scaled to size 12.0pt on input line 97.
LaTeX Font Info:    Font shape `OT1/ntxtt/m/n' will be
(Font)              scaled to size 10.95pt on input line 97.
LaTeX Font Info:    Font shape `OT1/ntxtlf/m/n' will be
(Font)              scaled to size 6.0pt on input line 98.

Underfull \vbox (badness 1097) has occurred while \output is active []




Overfull \vbox (2.62502pt too high) has occurred while \output is active []


[52 <./gfx/diagrams/DDFS.png>]
Package acronym Info: Label `acro:LUT' overridden on input line 131.
Package acronym Info: Label `acro:LUT' overridden on input line 131.
Package acronym Info: Label `acro:DDFS' overridden on input line 134.
Package acronym Info: Label `acro:LUT' overridden on input line 134.
Package acronym Info: Label `acro:LUT' overridden on input line 140.
Package acronym Info: Label `acro:LUT' overridden on input line 140.



Overfull \vbox (2.62502pt too high) has occurred while \output is active []


[53]
Package acronym Info: Label `acro:LUT' overridden on input line 142.
Package acronym Info: Label `acro:LUT' overridden on input line 148.
Package acronym Info: Label `acro:LUT' overridden on input line 148.
Package acronym Info: Label `acro:LUT' overridden on input line 150.
Package acronym Info: Label `acro:DAC' overridden on input line 150.
LaTeX Info: Symbol \textmu not provided by
            font family ntxtlf in TS1 encoding.
            Default family used instead on input line 150.
Package acronym Info: Label `acro:SPI' overridden on input line 150.
Package acronym Info: Label `acro:SPI' overridden on input line 150.
Package acronym Info: Label `acro:DAC' overridden on input line 150.
LaTeX Info: Symbol \textmu not provided by
            font family ntxtlf in TS1 encoding.
            Default family used instead on input line 150.
Package acronym Info: Label `acro:LUT' overridden on input line 159.
Package acronym Info: Label `acro:DDFS' overridden on input line 159.
Package acronym Info: Label `acro:LUT' overridden on input line 159.
Package acronym Info: Label `acro:DDFS' overridden on input line 159.

Underfull \vbox (badness 10000) has occurred while \output is active []




Overfull \vbox (2.62502pt too high) has occurred while \output is active []


[54]
<gfx/diagrams/DAC_1_DDFS_input.png, id=2004, 1123.94907pt x 254.45062pt>
File: gfx/diagrams/DAC_1_DDFS_input.png Graphic file (type png)
<use gfx/diagrams/DAC_1_DDFS_input.png>
Package pdftex.def Info: gfx/diagrams/DAC_1_DDFS_input.png  used on input line 
163.
(pdftex.def)             Requested size: 341.42339pt x 170.72174pt.
Package acronym Info: Label `acro:DDFS' overridden on input line 164.
Package acronym Info: Label `acro:DDFS' overridden on input line 164.
Package acronym Info: Label `acro:DDFS' overridden on input line 169.
Package acronym Info: Label `acro:DAC' overridden on input line 169.
Package acronym Info: Label `acro:SPI' overridden on input line 169.
Package acronym Info: Label `acro:SPI' overridden on input line 169.
Package acronym Info: Label `acro:SPI' overridden on input line 169.
Package acronym Info: Label `acro:SPI' overridden on input line 171.
Package acronym Info: Label `acro:SPI' overridden on input line 174.
Package acronym Info: Label `acro:DAC' overridden on input line 174.
Package acronym Info: Label `acro:SPI' overridden on input line 174.
Package acronym Info: Label `acro:SPI' overridden on input line 174.

Underfull \vbox (badness 10000) has occurred while \output is active []




Overfull \vbox (2.62502pt too high) has occurred while \output is active []


[55 <./gfx/diagrams/DAC_1_DDFS_input.png>]
Package acronym Info: Label `acro:SPI' overridden on input line 176.
Package acronym Info: Label `acro:SPI' overridden on input line 178.
Package acronym Info: Label `acro:DDFS' overridden on input line 178.
Package acronym Info: Label `acro:SPI' overridden on input line 178.
Package acronym Info: Label `acro:PWM' overridden on input line 178.
Package acronym Info: Label `acro:PWM' overridden on input line 178.
Package acronym Info: Label `acro:IP' overridden on input line 178.
Package acronym Info: Label `acro:PWM' overridden on input line 180.
Package acronym Info: Label `acro:PWM' overridden on input line 183.
Package acronym Info: Label `acro:PWM' overridden on input line 183.
Package acronym Info: Label `acro:PWM' overridden on input line 183.
Package acronym Info: Label `acro:PWM' overridden on input line 183.
Package acronym Info: Label `acro:PWM' overridden on input line 185.
Package acronym Info: Label `acro:PWM' overridden on input line 188.
Package acronym Info: Label `acro:UART' overridden on input line 188.
Package acronym Info: Label `acro:UART' overridden on input line 188.



Overfull \vbox (2.62502pt too high) has occurred while \output is active []


[56]
Package acronym Info: Label `acro:PWM' overridden on input line 196.
Package acronym Info: Label `acro:PWM' overridden on input line 198.
Package acronym Info: Label `acro:PWM' overridden on input line 201.
Package acronym Info: Label `acro:PWM' overridden on input line 202.
Package acronym Info: Label `acro:PWM' overridden on input line 205.
Package acronym Info: Label `acro:PWM' overridden on input line 211.
Package acronym Info: Label `acro:IP' overridden on input line 211.
Package acronym Info: Label `acro:PWM' overridden on input line 211.
Package acronym Info: Label `acro:PWM' overridden on input line 211.
Package acronym Info: Label `acro:IP' overridden on input line 211.
Package acronym Info: Label `acro:PWM' overridden on input line 215.
Package acronym Info: Label `acro:PWM' overridden on input line 215.
Package acronym Info: Label `acro:PWM' overridden on input line 218.

Underfull \hbox (badness 10000) in paragraph at lines 218--218
[]|[][][][][]
 []

Package acronym Info: Label `acro:PWM' overridden on input line 219.

Underfull \hbox (badness 10000) in paragraph at lines 219--219
[]|[][][][][]
 []


Underfull \hbox (badness 10000) in paragraph at lines 220--220
[]|\OT1/ntxtlf/b/n/12 pwm
 []


Underfull \hbox (badness 10000) in paragraph at lines 220--220
\OT1/ntxtlf/b/n/12 com-pare
 []


Underfull \hbox (badness 10000) in paragraph at lines 221--221
[]|\OT1/ntxtlf/b/n/12 pwm
 []


Underfull \hbox (badness 10000) in paragraph at lines 221--221
\OT1/ntxtlf/b/n/12 com-pare
 []


Underfull \hbox (badness 10000) in paragraph at lines 222--222
[]|\OT1/ntxtlf/b/n/12 Counter Steps
 []

LaTeX Info: Symbol \textmu not provided by
            font family ntxtlf in TS1 encoding.
            Default family used instead on input line 224.
LaTeX Info: Symbol \textmu not provided by
            font family ntxtlf in TS1 encoding.
            Default family used instead on input line 225.
LaTeX Info: Symbol \textmu not provided by
            font family ntxtlf in TS1 encoding.
            Default family used instead on input line 226.
Package acronym Info: Label `acro:PWM' overridden on input line 230.


Package acronym Info: Label `acro:PWM' overridden on input line 232.

Overfull \vbox (2.62502pt too high) has occurred while \output is active []


[57]
Package acronym Info: Label `acro:PWM' overridden on input line 235.
Package acronym Info: Label `acro:PWM' overridden on input line 235.
Package acronym Info: Label `acro:PWM' overridden on input line 237.
Package acronym Info: Label `acro:PWM' overridden on input line 244.
Package acronym Info: Label `acro:FPGA' overridden on input line 244.
Package acronym Info: Label `acro:PWM' overridden on input line 244.
Package acronym Info: Label `acro:PWM' overridden on input line 244.
Package acronym Info: Label `acro:DC' overridden on input line 244.
Package acronym Info: Label `acro:CB' overridden on input line 246.
Package acronym Info: Label `acro:FPGA' overridden on input line 246.
Package acronym Info: Label `acro:PWM' overridden on input line 250.
Package acronym Info: Label `acro:PWM' overridden on input line 250.
Package acronym Info: Label `acro:PWM' overridden on input line 250.
Package acronym Info: Label `acro:PWM' overridden on input line 250.
Package acronym Info: Label `acro:PWM' overridden on input line 252.
Package acronym Info: Label `acro:PWM' overridden on input line 252.
<gfx/diagrams/PWM_Verification_with_diffferent_duty_cycle_waveforms.png, id=214
4, 628.59843pt x 109.1578pt>
File: gfx/diagrams/PWM_Verification_with_diffferent_duty_cycle_waveforms.png Gr
aphic file (type png)
<use gfx/diagrams/PWM_Verification_with_diffferent_duty_cycle_waveforms.png>
Package pdftex.def Info: gfx/diagrams/PWM_Verification_with_diffferent_duty_cyc
le_waveforms.png  used on input line 256.
(pdftex.def)             Requested size: 341.43315pt x 106.69908pt.
Package acronym Info: Label `acro:PWM' overridden on input line 257.
Package acronym Info: Label `acro:CB' overridden on input line 257.
Package acronym Info: Label `acro:PWM' overridden on input line 257.
Package acronym Info: Label `acro:CB' overridden on input line 257.

Underfull \vbox (badness 10000) has occurred while \output is active []




Overfull \vbox (2.62502pt too high) has occurred while \output is active []


[58]
Package acronym Info: Label `acro:PWM' overridden on input line 261.
Package acronym Info: Label `acro:PWM' overridden on input line 264.
Package acronym Info: Label `acro:PWM' overridden on input line 264.
Package acronym Info: Label `acro:PWM' overridden on input line 264.
Package acronym Info: Label `acro:PS' overridden on input line 264.
Package acronym Info: Label `acro:MPSoC' overridden on input line 264.
Package acronym Info: Label `acro:CB' overridden on input line 264.
Package acronym Info: Label `acro:UART' overridden on input line 264.
Package acronym Info: Label `acro:PWM' overridden on input line 264.
Package acronym Info: Label `acro:PWM' overridden on input line 266.
Package acronym Info: Label `acro:FPGA' overridden on input line 266.
Package acronym Info: Label `acro:PL' overridden on input line 266.
<gfx/diagrams/PWM_VErification.png, id=2179, 503.7219pt x 606.8271pt>
File: gfx/diagrams/PWM_VErification.png Graphic file (type png)
<use gfx/diagrams/PWM_VErification.png>
Package pdftex.def Info: gfx/diagrams/PWM_VErification.png  used on input line 
270.
(pdftex.def)             Requested size: 256.07744pt x 308.48697pt.
Package acronym Info: Label `acro:PWM' overridden on input line 271.
Package acronym Info: Label `acro:FPGA' overridden on input line 271.
Package acronym Info: Label `acro:PWM' overridden on input line 271.
Package acronym Info: Label `acro:FPGA' overridden on input line 271.
Package acronym Info: Label `acro:PL' overridden on input line 275.
Package acronym Info: Label `acro:PWM' overridden on input line 275.
Package acronym Info: Label `acro:PWM' overridden on input line 275.
Package acronym Info: Label `acro:PWM' overridden on input line 275.
Package acronym Info: Label `acro:PS' overridden on input line 275.
Package acronym Info: Label `acro:PWM' overridden on input line 275.
Package acronym Info: Label `acro:PL' overridden on input line 277.
Package acronym Info: Label `acro:PWM' overridden on input line 277.
Package acronym Info: Label `acro:PS' overridden on input line 277.
Package acronym Info: Label `acro:PWM' overridden on input line 277.
Package acronym Info: Label `acro:AXI' overridden on input line 277.

Underfull \vbox (badness 10000) has occurred while \output is active []



Package acronym Info: Label `acro:PWM' overridden on input line 279.

Overfull \vbox (2.62502pt too high) has occurred while \output is active []


[59 <./gfx/diagrams/PWM_Verification_with_diffferent_duty_cycle_waveforms.png>]
Package acronym Info: Label `acro:PWM' overridden on input line 279.
Package acronym Info: Label `acro:PWM' overridden on input line 279.
Package acronym Info: Label `acro:IP' overridden on input line 279.
Package acronym Info: Label `acro:PWM' overridden on input line 281.
Package acronym Info: Label `acro:PWM' overridden on input line 284.
Package acronym Info: Label `acro:FPGA' overridden on input line 284.
Package acronym Info: Label `acro:PWM' overridden on input line 284.
Package acronym Info: Label `acro:PWM' overridden on input line 284.
Package acronym Info: Label `acro:AXI' overridden on input line 284.
Package acronym Info: Label `acro:PS' overridden on input line 284.
Package acronym Info: Label `acro:PS' overridden on input line 284.
Package acronym Info: Label `acro:PWM' overridden on input line 284.

Underfull \vbox (badness 10000) has occurred while \output is active []




Overfull \vbox (2.62502pt too high) has occurred while \output is active []


[60 <./gfx/diagrams/PWM_VErification.png>]
LaTeX Font Info:    Font shape `OT1/minntx/m/n' will be
(Font)              scaled to size 10.95pt on input line 299.
LaTeX Font Info:    Font shape `OT1/minntx/m/n' will be
(Font)              scaled to size 8.0pt on input line 299.
LaTeX Font Info:    Font shape `OT1/minntx/m/n' will be
(Font)              scaled to size 6.1pt on input line 299.
LaTeX Font Info:    Font shape `OML/ntxmi/m/it' will be
(Font)              scaled to size 10.95pt on input line 299.
LaTeX Font Info:    Font shape `OML/ntxmi/m/it' will be
(Font)              scaled to size 8.0pt on input line 299.
LaTeX Font Info:    Font shape `OML/ntxmi/m/it' will be
(Font)              scaled to size 6.1pt on input line 299.
LaTeX Font Info:    Font shape `LMS/ntxsy/m/n' will be
(Font)              scaled to size 10.95pt on input line 299.
LaTeX Font Info:    Font shape `LMS/ntxsy/m/n' will be
(Font)              scaled to size 8.0pt on input line 299.
LaTeX Font Info:    Font shape `LMS/ntxsy/m/n' will be
(Font)              scaled to size 6.1pt on input line 299.
LaTeX Font Info:    Font shape `LMX/ntxexx/m/n' will be
(Font)              scaled to size 10.95pt on input line 299.
LaTeX Font Info:    Font shape `LMX/ntxexx/m/n' will be
(Font)              scaled to size 8.0pt on input line 299.
LaTeX Font Info:    Font shape `LMX/ntxexx/m/n' will be
(Font)              scaled to size 6.1pt on input line 299.
LaTeX Font Info:    Font shape `U/ntxmia/m/it' will be
(Font)              scaled to size 10.95pt on input line 299.
LaTeX Font Info:    Font shape `U/ntxmia/m/it' will be
(Font)              scaled to size 8.0pt on input line 299.
LaTeX Font Info:    Font shape `U/ntxmia/m/it' will be
(Font)              scaled to size 6.1pt on input line 299.
LaTeX Font Info:    Font shape `U/ntxsym/m/n' will be
(Font)              scaled to size 10.95pt on input line 299.
LaTeX Font Info:    Font shape `U/ntxsym/m/n' will be
(Font)              scaled to size 8.0pt on input line 299.
LaTeX Font Info:    Font shape `U/ntxsym/m/n' will be
(Font)              scaled to size 6.1pt on input line 299.
LaTeX Font Info:    Font shape `U/ntxsyc/m/n' will be
(Font)              scaled to size 10.95pt on input line 299.
LaTeX Font Info:    Font shape `U/ntxsyc/m/n' will be
(Font)              scaled to size 8.0pt on input line 299.
LaTeX Font Info:    Font shape `U/ntxsyc/m/n' will be
(Font)              scaled to size 6.1pt on input line 299.
LaTeX Font Info:    Font shape `U/ntxexa/m/n' will be
(Font)              scaled to size 10.95pt on input line 299.
LaTeX Font Info:    Font shape `U/ntxexa/m/n' will be
(Font)              scaled to size 8.0pt on input line 299.
LaTeX Font Info:    Font shape `U/ntxexa/m/n' will be
(Font)              scaled to size 6.1pt on input line 299.
LaTeX Font Info:    Font shape `TS1/ntxtlf/m/n' will be
(Font)              scaled to size 10.95pt on input line 299.
LaTeX Font Info:    Font shape `TS1/ntxtlf/m/n' will be
(Font)              scaled to size 8.0pt on input line 299.
LaTeX Font Info:    Font shape `TS1/ntxtlf/m/n' will be
(Font)              scaled to size 6.1pt on input line 299.
Package acronym Info: Label `acro:PWM' overridden on input line 308.
Package acronym Info: Label `acro:PWM' overridden on input line 323.
Package acronym Info: Label `acro:PWM' overridden on input line 323.
Package acronym Info: Label `acro:PWM' overridden on input line 327.
Package acronym Info: Label `acro:PWM' overridden on input line 327.
Package acronym Info: Label `acro:PWM' overridden on input line 329.
Package acronym Info: Label `acro:PWM' overridden on input line 329.
Package acronym Info: Label `acro:PWM' overridden on input line 329.

Underfull \hbox (badness 1112) in paragraph at lines 329--330
\OT1/minntx/m/n/12 clocked reg-is-ters, thereby sig-nif-i-cantly re-duc-ing the
 like-li-hood that metasta-bil-ity
 []


Underfull \vbox (badness 10000) has occurred while \output is active []



Package acronym Info: Label `acro:PWM' overridden on input line 334.

Overfull \vbox (2.62502pt too high) has occurred while \output is active []


[61]
Package acronym Info: Label `acro:PWM' overridden on input line 348.
Package acronym Info: Label `acro:FPGA' overridden on input line 348.
Package acronym Info: Label `acro:PWM' overridden on input line 348.
Package acronym Info: Label `acro:PWM' overridden on input line 348.
Package acronym Info: Label `acro:PWM' overridden on input line 348.
Package acronym Info: Label `acro:PWM' overridden on input line 350.
Package acronym Info: Label `acro:PWM' overridden on input line 350.
Package acronym Info: Label `acro:PWM' overridden on input line 350.
Package acronym Info: Label `acro:PWM' overridden on input line 350.
Package acronym Info: Label `acro:PWM' overridden on input line 350.
Package acronym Info: Label `acro:PWM' overridden on input line 350.

Underfull \vbox (badness 10000) has occurred while \output is active []




Overfull \vbox (2.62502pt too high) has occurred while \output is active []


[62]
Package acronym Info: Label `acro:FPGA' overridden on input line 380.
Package acronym Info: Label `acro:PWM' overridden on input line 380.
Package acronym Info: Label `acro:PS' overridden on input line 382.
Package acronym Info: Label `acro:AXI' overridden on input line 382.
Package acronym Info: Label `acro:PS' overridden on input line 382.
Package acronym Info: Label `acro:PWM' overridden on input line 382.


Package acronym Info: Label `acro:PWM' overridden on input line 383.

Overfull \vbox (2.62502pt too high) has occurred while \output is active []


[63]
Package acronym Info: Label `acro:PWM' overridden on input line 422.
Package acronym Info: Label `acro:PWM' overridden on input line 422.
Package acronym Info: Label `acro:FPGA' overridden on input line 422.
Package acronym Info: Label `acro:PWM' overridden on input line 422.
Package acronym Info: Label `acro:PWM' overridden on input line 422.
Package acronym Info: Label `acro:OVC' overridden on input line 424.
Package acronym Info: Label `acro:PWM' overridden on input line 424.
Package acronym Info: Label `acro:PWM' overridden on input line 424.
Package acronym Info: Label `acro:OVC' overridden on input line 424.
Package acronym Info: Label `acro:OVC' overridden on input line 426.
Package acronym Info: Label `acro:OVC' overridden on input line 429.
Package acronym Info: Label `acro:SPI' overridden on input line 429.
Package acronym Info: Label `acro:PS' overridden on input line 429.
Package acronym Info: Label `acro:OVC' overridden on input line 429.
Package acronym Info: Label `acro:PWM' overridden on input line 429.

Underfull \vbox (badness 10000) has occurred while \output is active []




Overfull \vbox (2.62502pt too high) has occurred while \output is active []


[64]
Package acronym Info: Label `acro:OVC' overridden on input line 431.
Package acronym Info: Label `acro:PWM' overridden on input line 431.
Package acronym Info: Label `acro:PWM' overridden on input line 431.
Package acronym Info: Label `acro:PWM' overridden on input line 431.
Package acronym Info: Label `acro:OVC' overridden on input line 434.
<gfx/diagrams/OverCurrent_PWM_OFF_Control_Board.png, id=2403, 8983.5625pt x 570
1.3pt>
File: gfx/diagrams/OverCurrent_PWM_OFF_Control_Board.png Graphic file (type png
)
<use gfx/diagrams/OverCurrent_PWM_OFF_Control_Board.png>
Package pdftex.def Info: gfx/diagrams/OverCurrent_PWM_OFF_Control_Board.png  us
ed on input line 443.
(pdftex.def)             Requested size: 341.3241pt x 242.54128pt.
Package acronym Info: Label `acro:FPGA' overridden on input line 444.
Package acronym Info: Label `acro:FPGA' overridden on input line 444.

Underfull \vbox (badness 1694) has occurred while \output is active []



Package acronym Info: Label `acro:OVC' overridden on input line 452.

Overfull \vbox (2.62502pt too high) has occurred while \output is active []


[65 <./gfx/diagrams/OverCurrent_PWM_OFF_Control_Board.png>]
Package acronym Info: Label `acro:OVC' overridden on input line 457.
Package acronym Info: Label `acro:OVC' overridden on input line 460.
Package acronym Info: Label `acro:DAC' overridden on input line 460.
Package acronym Info: Label `acro:UART' overridden on input line 460.
Package acronym Info: Label `acro:DAC' overridden on input line 460.
Package acronym Info: Label `acro:OVC' overridden on input line 462.
LaTeX Info: Symbol \textmu not provided by
            font family ntxtlf in TS1 encoding.
            Default family used instead on input line 462.
Package acronym Info: Label `acro:OVC' overridden on input line 464.
Package acronym Info: Label `acro:FSM' overridden on input line 464.
Package acronym Info: Label `acro:MPSoC' overridden on input line 464.
Package acronym Info: Label `acro:DAC' overridden on input line 464.
Package acronym Info: Label `acro:OVC' overridden on input line 464.
Package acronym Info: Label `acro:UART' overridden on input line 464.
Package acronym Info: Label `acro:MPSoC' overridden on input line 464.
Package acronym Info: Label `acro:PS' overridden on input line 464.

Underfull \hbox (badness 10000) in paragraph at lines 467--474

 []


Underfull \vbox (badness 3219) has occurred while \output is active []




Overfull \vbox (2.62502pt too high) has occurred while \output is active []


[66]
<gfx/diagrams/OVC_Verification.png, id=2454, 526.1256pt x 548.7702pt>
File: gfx/diagrams/OVC_Verification.png Graphic file (type png)
<use gfx/diagrams/OVC_Verification.png>
Package pdftex.def Info: gfx/diagrams/OVC_Verification.png  used on input line 
479.
(pdftex.def)             Requested size: 298.75267pt x 311.6216pt.
Package acronym Info: Label `acro:DDFS' overridden on input line 480.
Package acronym Info: Label `acro:OVC' overridden on input line 480.
Package acronym Info: Label `acro:DDFS' overridden on input line 480.
Package acronym Info: Label `acro:OVC' overridden on input line 480.
Package acronym Info: Label `acro:PL' overridden on input line 484.
Package acronym Info: Label `acro:PS' overridden on input line 484.
Package acronym Info: Label `acro:PS' overridden on input line 484.
Package acronym Info: Label `acro:UART' overridden on input line 484.
Package acronym Info: Label `acro:PL' overridden on input line 484.
Package acronym Info: Label `acro:PL' overridden on input line 484.
Package acronym Info: Label `acro:PS' overridden on input line 484.
Package acronym Info: Label `acro:FFT' overridden on input line 484.

Underfull \vbox (badness 10000) has occurred while \output is active []



Package acronym Info: Label `acro:OVC' overridden on input line 485.

Overfull \vbox (2.62502pt too high) has occurred while \output is active []


[67 <./gfx/diagrams/OVC_Verification.png>]
Package acronym Info: Label `acro:FPGA' overridden on input line 489.
Package acronym Info: Label `acro:MPSoC' overridden on input line 489.
Package acronym Info: Label `acro:FSM' overridden on input line 489.
Package acronym Info: Label `acro:PL' overridden on input line 489.
Package acronym Info: Label `acro:UART' overridden on input line 494.
Package acronym Info: Label `acro:MPSoC' overridden on input line 494.
Package acronym Info: Label `acro:PL' overridden on input line 494.
Package acronym Info: Label `acro:MPSoC' overridden on input line 494.
Package acronym Info: Label `acro:FIFO' overridden on input line 496.
Package acronym Info: Label `acro:UART' overridden on input line 496.
Package acronym Info: Label `acro:FSM' overridden on input line 496.



Overfull \vbox (2.62502pt too high) has occurred while \output is active []


[68]
Package acronym Info: Label `acro:UART' overridden on input line 500.
Package acronym Info: Label `acro:PS' overridden on input line 502.
Package acronym Info: Label `acro:PL' overridden on input line 502.
Package acronym Info: Label `acro:PS' overridden on input line 507.
Package acronym Info: Label `acro:FSM' overridden on input line 509.
Package acronym Info: Label `acro:FSM' overridden on input line 509.
Package acronym Info: Label `acro:AXI' overridden on input line 509.
Package acronym Info: Label `acro:FSM' overridden on input line 509.
Package acronym Info: Label `acro:FSM' overridden on input line 509.
Package acronym Info: Label `acro:DAC' overridden on input line 509.
Package acronym Info: Label `acro:DAC' overridden on input line 509.
Package acronym Info: Label `acro:DAC' overridden on input line 509.
Package acronym Info: Label `acro:ADC' overridden on input line 509.
Package acronym Info: Label `acro:MPSoC' overridden on input line 509.


LaTeX Warning: \verb may be unreliable inside tabularx on input line 535.

Package acronym Info: Label `acro:FSM' overridden on input line 535.
Package acronym Info: Label `acro:OVC' overridden on input line 535.
Package acronym Info: Label `acro:OVC' overridden on input line 535.

Overfull \hbox (0.79999pt too wide) in paragraph at lines 535--536
 [][] 
 []


Underfull \vbox (badness 10000) has occurred while \output is active []




Overfull \vbox (2.62502pt too high) has occurred while \output is active []


[69]
<gfx/diagrams/Processing_Subsystem_Statemachine.png, id=2554, 7578.3125pt x 916
4.2375pt>
File: gfx/diagrams/Processing_Subsystem_Statemachine.png Graphic file (type png
)
<use gfx/diagrams/Processing_Subsystem_Statemachine.png>
Package pdftex.def Info: gfx/diagrams/Processing_Subsystem_Statemachine.png  us
ed on input line 540.
(pdftex.def)             Requested size: 426.69533pt x 606.46364pt.
Package acronym Info: Label `acro:FSM' overridden on input line 541.
Package acronym Info: Label `acro:FSM' overridden on input line 541.

Underfull \vbox (badness 10000) has occurred while \output is active []




Overfull \vbox (2.62502pt too high) has occurred while \output is active []


[70]
Overfull \vbox (23.56363pt too high) has occurred while \output is active []




Overfull \vbox (2.62502pt too high) has occurred while \output is active []


[71 <./gfx/diagrams/Processing_Subsystem_Statemachine.png>]
Package acronym Info: Label `acro:FSM' overridden on input line 548.
Package acronym Info: Label `acro:FPGA' overridden on input line 548.
Package acronym Info: Label `acro:PL' overridden on input line 548.
Package acronym Info: Label `acro:DDFS' overridden on input line 548.
Package acronym Info: Label `acro:DDFS' overridden on input line 548.
Package acronym Info: Label `acro:PS' overridden on input line 548.
Package acronym Info: Label `acro:PS' overridden on input line 548.
Package acronym Info: Label `acro:ADC' overridden on input line 550.
Package acronym Info: Label `acro:FPGA' overridden on input line 550.
Package acronym Info: Label `acro:DDFS' overridden on input line 550.
Package acronym Info: Label `acro:UART' overridden on input line 550.
Package acronym Info: Label `acro:UART' overridden on input line 560.
Package acronym Info: Label `acro:ADC' overridden on input line 562.
Package acronym Info: Label `acro:DDFS' overridden on input line 562.
Package acronym Info: Label `acro:ADC' overridden on input line 568.
Package acronym Info: Label `acro:DAC' overridden on input line 568.
Package acronym Info: Label `acro:FPGA' overridden on input line 568.
Package acronym Info: Label `acro:FFT' overridden on input line 570.
Package acronym Info: Label `acro:DDFS' overridden on input line 570.



Overfull \vbox (2.62502pt too high) has occurred while \output is active []


[72]
Package acronym Info: Label `acro:CMSIS-DSP' newly defined as it shall be overr
idden
although it is yet undefined on input line 574.
Package acronym Info: Label `acro:CMSIS-DSP' overridden on input line 574.
Package acronym Info: Label `acro:FFT' overridden on input line 574.
Package acronym Info: Label `acro:CMSIS-DSP' overridden on input line 574.
Package acronym Info: Label `acro:FFT' overridden on input line 574.
Package acronym Info: Label `acro:FFT' overridden on input line 577.
Package acronym Info: Label `acro:DDFS' overridden on input line 579.
Package acronym Info: Label `acro:FFT' overridden on input line 586.
Package acronym Info: Label `acro:DC' overridden on input line 586.
Package acronym Info: Label `acro:DC' overridden on input line 589.



Overfull \vbox (2.62502pt too high) has occurred while \output is active []


[73]
Package acronym Info: Label `acro:FFT' overridden on input line 594.
Package acronym Info: Label `acro:FFT' overridden on input line 596.
Package acronym Info: Label `acro:FFT' overridden on input line 601.



Overfull \vbox (2.62502pt too high) has occurred while \output is active []


[74]
Package acronym Info: Label `acro:ADC' overridden on input line 634.
Package acronym Info: Label `acro:DDFS' overridden on input line 643.



Overfull \vbox (2.62502pt too high) has occurred while \output is active []


[75]
Overfull \hbox (3.35654pt too wide) in paragraph at lines 676--677
[][][][][][][][][][][][][][][][][][][][][][][][][][][][][][][][][][][][][][]  
 []

Package acronym Info: Label `acro:FFT' overridden on input line 691.
Package acronym Info: Label `acro:DDFS' overridden on input line 691.
Package acronym Info: Label `acro:CMSIS-DSP' overridden on input line 691.
Package acronym Info: Label `acro:MPSoC' overridden on input line 691.

Underfull \hbox (badness 2080) in paragraph at lines 691--692
[]\OT1/minntx/m/n/12 The two func-tions de-scribed above are es-sen-tial to the
 dy-namic ver-i-fi-ca-tion
 []


Underfull \hbox (badness 1331) in paragraph at lines 691--692
\OT1/minntx/m/n/12 dy-nam-icTestEr-ror[]calculations() func-tion eval-u-ates fr
e-quency de-vi-a-tion, am-pli-tude
 []

Package acronym Info: Label `acro:PWM' overridden on input line 696.
Package acronym Info: Label `acro:PWM' overridden on input line 696.
Package acronym Info: Label `acro:FPGA' overridden on input line 696.
Package acronym Info: Label `acro:PWM' overridden on input line 696.
Package acronym Info: Label `acro:PWM' overridden on input line 696.
Package acronym Info: Label `acro:PS' overridden on input line 696.
Package acronym Info: Label `acro:PWM' overridden on input line 696.
Package acronym Info: Label `acro:PWM' overridden on input line 696.
Package acronym Info: Label `acro:MPSoC' overridden on input line 696.



Overfull \vbox (2.62502pt too high) has occurred while \output is active []


[76]
Package acronym Info: Label `acro:PWM' overridden on input line 698.
Package acronym Info: Label `acro:PWM' overridden on input line 706.
Package acronym Info: Label `acro:PS' overridden on input line 706.
Package acronym Info: Label `acro:UART' overridden on input line 706.
Package acronym Info: Label `acro:FSM' overridden on input line 711.
Package acronym Info: Label `acro:PWM' overridden on input line 711.
Package acronym Info: Label `acro:PWM' overridden on input line 712.
Package acronym Info: Label `acro:PWM' overridden on input line 715.
Package acronym Info: Label `acro:PS' overridden on input line 715.
Package acronym Info: Label `acro:PWM' overridden on input line 715.
Package acronym Info: Label `acro:FPGA' overridden on input line 715.
Package acronym Info: Label `acro:AXI' overridden on input line 715.
Package acronym Info: Label `acro:PWM' overridden on input line 715.
Package acronym Info: Label `acro:IP' overridden on input line 715.

Underfull \vbox (badness 10000) has occurred while \output is active []




Overfull \vbox (2.62502pt too high) has occurred while \output is active []


[77]
Package acronym Info: Label `acro:PWM' overridden on input line 718.
LaTeX Info: Symbol \textrightarrow not provided by
            font family ntxtlf in TS1 encoding.
            Default family used instead on input line 720.
LaTeX Info: Symbol \textrightarrow not provided by
            font family ntxtlf in TS1 encoding.
            Default family used instead on input line 720.
Package acronym Info: Label `acro:PS' overridden on input line 723.
Package acronym Info: Label `acro:AXI' overridden on input line 723.
Package acronym Info: Label `acro:PS' overridden on input line 730.
Package acronym Info: Label `acro:PWM' overridden on input line 730.
Package acronym Info: Label `acro:PWM' overridden on input line 730.
Package acronym Info: Label `acro:PS' overridden on input line 744.
Package acronym Info: Label `acro:UART' overridden on input line 744.



Overfull \vbox (2.62502pt too high) has occurred while \output is active []


[78]
Package acronym Info: Label `acro:PWM' overridden on input line 747.
LaTeX Info: Symbol \textrightarrow not provided by
            font family ntxtlf in TS1 encoding.
            Default family used instead on input line 749.
LaTeX Info: Symbol \textrightarrow not provided by
            font family ntxtlf in TS1 encoding.
            Default family used instead on input line 749.
Package acronym Info: Label `acro:FSM' overridden on input line 752.
Package acronym Info: Label `acro:FSM' overridden on input line 752.
Package acronym Info: Label `acro:PWM' overridden on input line 754.
Package acronym Info: Label `acro:FPGA' overridden on input line 754.
Package acronym Info: Label `acro:PWM' overridden on input line 754.
Package acronym Info: Label `acro:PS' overridden on input line 754.
Package acronym Info: Label `acro:PWM' overridden on input line 754.
Package acronym Info: Label `acro:OVC' overridden on input line 759.
Package acronym Info: Label `acro:MPSoC' overridden on input line 759.
Package acronym Info: Label `acro:DAC' overridden on input line 759.
Package acronym Info: Label `acro:MPSoC' overridden on input line 759.
Package acronym Info: Label `acro:OVC' overridden on input line 759.
Package acronym Info: Label `acro:FPGA' overridden on input line 759.
Package acronym Info: Label `acro:OVC' overridden on input line 759.
Package acronym Info: Label `acro:FSM' overridden on input line 761.
Package acronym Info: Label `acro:OVC' overridden on input line 761.
Package acronym Info: Label `acro:MPSoC' overridden on input line 761.
Package acronym Info: Label `acro:DAC' overridden on input line 761.
Package acronym Info: Label `acro:OVC' overridden on input line 761.
Package acronym Info: Label `acro:MPSoC' overridden on input line 761.

Underfull \vbox (badness 10000) has occurred while \output is active []




Overfull \vbox (2.62502pt too high) has occurred while \output is active []


[79]
Package acronym Info: Label `acro:FSM' overridden on input line 763.
Package acronym Info: Label `acro:OVC' overridden on input line 763.
Package acronym Info: Label `acro:PS' overridden on input line 763.
Package acronym Info: Label `acro:PS' overridden on input line 773.
Package acronym Info: Label `acro:PS' overridden on input line 782.
Package acronym Info: Label `acro:PL' overridden on input line 782.
Package acronym Info: Label `acro:OVC' overridden on input line 782.
Package acronym Info: Label `acro:OVC' overridden on input line 789.
Package acronym Info: Label `acro:OVC' overridden on input line 791.
Package acronym Info: Label `acro:PS' overridden on input line 791.
Package acronym Info: Label `acro:OVC' overridden on input line 791.
Package acronym Info: Label `acro:OVC' overridden on input line 791.
Package acronym Info: Label `acro:OVC' overridden on input line 791.
Package acronym Info: Label `acro:PS' overridden on input line 791.
Package acronym Info: Label `acro:OVC' overridden on input line 793.
Package acronym Info: Label `acro:MPSoC' overridden on input line 793.



Overfull \vbox (2.62502pt too high) has occurred while \output is active []


[80]
Package acronym Info: Label `acro:MPSoC' overridden on input line 799.
Package acronym Info: Label `acro:OVC' overridden on input line 802.
Package acronym Info: Label `acro:FSM' overridden on input line 802.
Package acronym Info: Label `acro:UART' overridden on input line 802.
)


Overfull \vbox (2.62502pt too high) has occurred while \output is active []


[81]
\openout2 = `chapters/chapter_Results.aux'.

 (chapters/chapter_Results.tex
chapter 5.
Package acronym Info: Label `acro:DAC' overridden on input line 9.
Package acronym Info: Label `acro:CB' overridden on input line 9.
Package acronym Info: Label `acro:CB' overridden on input line 14.
Package acronym Info: Label `acro:DAC' overridden on input line 14.
Package acronym Info: Label `acro:DAC' overridden on input line 16.
Package acronym Info: Label `acro:CB' overridden on input line 16.
<gfx/diagrams/Static_Data_TEST.png, id=2891, 1263.97218pt x 496.85625pt>
File: gfx/diagrams/Static_Data_TEST.png Graphic file (type png)
<use gfx/diagrams/Static_Data_TEST.png>
Package pdftex.def Info: gfx/diagrams/Static_Data_TEST.png  used on input line 
20.
(pdftex.def)             Requested size: 384.09338pt x 181.95374pt.
Package acronym Info: Label `acro:CB' overridden on input line 28.
Package acronym Info: Label `acro:CB' overridden on input line 28.
Package acronym Info: Label `acro:FIFO' overridden on input line 28.

Underfull \vbox (badness 1142) has occurred while \output is active []



[82




]
<gfx/diagrams/Dynamic_Result.png, id=2904, 1310.64656pt x 548.0475pt>
File: gfx/diagrams/Dynamic_Result.png Graphic file (type png)
<use gfx/diagrams/Dynamic_Result.png>
Package pdftex.def Info: gfx/diagrams/Dynamic_Result.png  used on input line 32
.
(pdftex.def)             Requested size: 384.09753pt x 181.95172pt.
Package acronym Info: Label `acro:FFT' overridden on input line 33.
Package acronym Info: Label `acro:FFT' overridden on input line 33.
Package acronym Info: Label `acro:PS' overridden on input line 37.
Package acronym Info: Label `acro:FFT' overridden on input line 37.
Package acronym Info: Label `acro:CB' overridden on input line 37.
Package acronym Info: Label `acro:PS' overridden on input line 37.

Underfull \vbox (badness 10000) has occurred while \output is active []




Overfull \vbox (2.62502pt too high) has occurred while \output is active []


[83 <./gfx/diagrams/Static_Data_TEST.png> <./gfx/diagrams/Dynamic_Result.png>]
Package acronym Info: Label `acro:CB' overridden on input line 41.
Package acronym Info: Label `acro:CB' overridden on input line 41.
<gfx/diagrams/Static_Test_Comparision.png, id=2926, 1240.635pt x 754.31813pt>
File: gfx/diagrams/Static_Test_Comparision.png Graphic file (type png)
<use gfx/diagrams/Static_Test_Comparision.png>
Package pdftex.def Info: gfx/diagrams/Static_Test_Comparision.png  used on inpu
t line 45.
(pdftex.def)             Requested size: 341.43124pt x 181.94934pt.
Package acronym Info: Label `acro:CB' overridden on input line 46.
Package acronym Info: Label `acro:CB' overridden on input line 46.
Package acronym Info: Label `acro:CB' overridden on input line 50.

Underfull \vbox (badness 10000) has occurred while \output is active []




Overfull \vbox (2.62502pt too high) has occurred while \output is active []


[84 <./gfx/diagrams/Static_Test_Comparision.png>]
<gfx/diagrams/Current_Sense_perfect_results.png, id=2945, 690.1785pt x 327.0217
4pt>
File: gfx/diagrams/Current_Sense_perfect_results.png Graphic file (type png)
<use gfx/diagrams/Current_Sense_perfect_results.png>
Package pdftex.def Info: gfx/diagrams/Current_Sense_perfect_results.png  used o
n input line 54.
(pdftex.def)             Requested size: 362.77528pt x 171.89357pt.
<gfx/diagrams/Overlayed_FFT_Dynamic.png, id=2946, 1188.69093pt x 716.6775pt>
File: gfx/diagrams/Overlayed_FFT_Dynamic.png Graphic file (type png)
<use gfx/diagrams/Overlayed_FFT_Dynamic.png>
Package pdftex.def Info: gfx/diagrams/Overlayed_FFT_Dynamic.png  used on input 
line 61.
(pdftex.def)             Requested size: 341.43442pt x 205.8518pt.
Package acronym Info: Label `acro:FFT' overridden on input line 62.
Package acronym Info: Label `acro:FFT' overridden on input line 62.
Package acronym Info: Label `acro:CB' overridden on input line 66.

Underfull \vbox (badness 10000) has occurred while \output is active []




Overfull \vbox (2.62502pt too high) has occurred while \output is active []


[85 <./gfx/diagrams/Current_Sense_perfect_results.png> <./gfx/diagrams/Overlaye
d_FFT_Dynamic.png>]
Package acronym Info: Label `acro:PWM' overridden on input line 68.
Package acronym Info: Label `acro:PWM' overridden on input line 70.
Package acronym Info: Label `acro:PWM' overridden on input line 70.
Package acronym Info: Label `acro:CB' overridden on input line 70.
Package acronym Info: Label `acro:PWM' overridden on input line 70.
Package acronym Info: Label `acro:PS' overridden on input line 70.
Package acronym Info: Label `acro:PWM' overridden on input line 70.
<gfx/diagrams/PWM_Results.png, id=2969, 594.72188pt x 325.215pt>
File: gfx/diagrams/PWM_Results.png Graphic file (type png)
<use gfx/diagrams/PWM_Results.png>
Package pdftex.def Info: gfx/diagrams/PWM_Results.png  used on input line 74.
(pdftex.def)             Requested size: 384.10965pt x 210.04243pt.
Package acronym Info: Label `acro:PWM' overridden on input line 75.
Package acronym Info: Label `acro:PWM' overridden on input line 75.
Package acronym Info: Label `acro:PWM' overridden on input line 79.
Package acronym Info: Label `acro:PWM' overridden on input line 79.
Package acronym Info: Label `acro:PWM' overridden on input line 79.



Overfull \vbox (2.62502pt too high) has occurred while \output is active []


[86 <./gfx/diagrams/PWM_Results.png>]
Package acronym Info: Label `acro:PWM' overridden on input line 81.
Package acronym Info: Label `acro:PWM' overridden on input line 81.
Package acronym Info: Label `acro:OVC' overridden on input line 84.
Package acronym Info: Label `acro:OVC' overridden on input line 86.
Package acronym Info: Label `acro:OVC' overridden on input line 88.
Package acronym Info: Label `acro:OVC' overridden on input line 88.
<gfx/diagrams/OVC_Results.png, id=2995, 1036.62282pt x 268.75406pt>
File: gfx/diagrams/OVC_Results.png Graphic file (type png)
<use gfx/diagrams/OVC_Results.png>
Package pdftex.def Info: gfx/diagrams/OVC_Results.png  used on input line 92.
(pdftex.def)             Requested size: 384.11388pt x 121.29907pt.
)

Package acronym Info: Label `acro:OVC' overridden on input line 75.

Overfull \vbox (2.62502pt too high) has occurred while \output is active []


[87 <./gfx/diagrams/OVC_Results.png>]
\openout2 = `chapters/chapter_Summary.aux'.

 (chapters/chapter_Summary.tex
chapter 6.
Package acronym Info: Label `acro:FPGA' overridden on input line 3.
Package acronym Info: Label `acro:FPGA' overridden on input line 3.
Package acronym Info: Label `acro:FPGA' overridden on input line 7.
Package acronym Info: Label `acro:MPSoC' overridden on input line 7.
Package acronym Info: Label `acro:FPGA' overridden on input line 7.
Package acronym Info: Label `acro:FPGA' overridden on input line 9.
Package acronym Info: Label `acro:MPSoC' overridden on input line 11.
Package acronym Info: Label `acro:AMBA' overridden on input line 11.
Package acronym Info: Label `acro:AXI' overridden on input line 11.
Package acronym Info: Label `acro:FPGA' overridden on input line 11.
Package acronym Info: Label `acro:SPI' overridden on input line 11.
Package acronym Info: Label `acro:PWM' overridden on input line 11.
Package acronym Info: Label `acro:FFT' overridden on input line 13.
Package acronym Info: Label `acro:PWM' overridden on input line 13.
Package acronym Info: Label `acro:OVC' overridden on input line 13.


[88




]
Package acronym Info: Label `acro:MPSoC' overridden on input line 17.
Package acronym Info: Label `acro:FPGA' overridden on input line 17.
Package acronym Info: Label `acro:FPGA' overridden on input line 17.
Package acronym Info: Label `acro:PWM' overridden on input line 17.
Package acronym Info: Label `acro:FFT' overridden on input line 17.
Package acronym Info: Label `acro:FPGA' overridden on input line 17.
Package acronym Info: Label `acro:MPSoC' overridden on input line 19.
Package acronym Info: Label `acro:FPGA' overridden on input line 19.
Package acronym Info: Label `acro:FPGA' overridden on input line 23.

Underfull \vbox (badness 10000) has occurred while \output is active []




Overfull \vbox (2.62502pt too high) has occurred while \output is active []


[89]
Package acronym Info: Label `acro:UART' overridden on input line 25.
Package acronym Info: Label `acro:MPSoC' overridden on input line 25.
Package acronym Info: Label `acro:FPGA' overridden on input line 27.
Package acronym Info: Label `acro:TSN' newly defined as it shall be overridden
although it is yet undefined on input line 27.
Package acronym Info: Label `acro:FPGA' overridden on input line 29.
Package acronym Info: Label `acro:HIL' overridden on input line 29.
Package acronym Info: Label `acro:HIL' overridden on input line 29.
Package acronym Info: Label `acro:FIL' overridden on input line 29.
Package acronym Info: Label `acro:FPGA' overridden on input line 33.

Underfull \hbox (badness 1400) in paragraph at lines 33--34
[]\OT1/minntx/m/n/12 Integrating the ver-i-fi-ca-tion plat-form into con-tin-u-
ous in-te-gra-tion and con-tin-u-ous
 []

Package acronym Info: Label `acro:FPGA' overridden on input line 35.

Underfull \hbox (badness 1264) in paragraph at lines 35--36
[]\OT1/minntx/m/n/12 In con-clu-sion, these en-hance-ments have the po-ten-tial
 to trans-form the cur-rent
 []

)


Overfull \vbox (2.62502pt too high) has occurred while \output is active []


[90]
part II.
Package scrkbase Info: You've told me to use the font selection of the element
(scrkbase)             `partprefix' that is an alias of element `partnumber'
(scrkbase)              on input line 82.


[91



]
\openout2 = `chapters/appendix02.aux'.

 (chapters/appendix02.tex
chapter A.
)

[92


] (MasterThesis_Report.bbl
chapter without number
LaTeX Font Info:    Font shape `OT1/ntxtlf/m/sc' will be
(Font)              scaled to size 12.0pt on input line 11.

Underfull \hbox (badness 10000) in paragraph at lines 11--16
[][]$\OT1/ntxtt/m/n/12 https : / / docs . amd . com / r / en-[]US / ug900-[]viv
ado-[]logic-[]simulation /
 []


Underfull \hbox (badness 7486) in paragraph at lines 54--59
[]\OT1/ntxtlf/m/sc/12 Chhabra\OT1/minntx/m/n/12 , Atin:  Un-der-stand-ing Servo
 Mo-tors And Servo Drives.
 []


Underfull \hbox (badness 10000) in paragraph at lines 54--59
\OT1/minntx/m/n/12 In: \OT1/ntxtlf/m/it/12 Schnei-der Elec-tric Blog \OT1/minnt
x/m/n/12 (2019), March.  [][]$\OT1/ntxtt/m/n/12 https : / / blog . se .
 []


Underfull \hbox (badness 10000) in paragraph at lines 54--59
\OT1/ntxtt/m/n/12 com / industry / machine-[]and-[]process-[]management / 2019 
/ 03 / 07 /
 []


Underfull \vbox (badness 10000) has occurred while \output is active []



[93



{C:/Users/sesa807379/AppData/Local/Programs/MiKTeX/fonts/enc/dvips/newtx/ntx-ot
1-tlf-pc.enc}]
Underfull \hbox (badness 2426) in paragraph at lines 98--103
[]\OT1/ntxtlf/m/sc/12 Electronics\OT1/minntx/m/n/12 , Pop-u-lar:  Pop-u-lar Ele
c-tron-ics, April 1959.  In: \OT1/ntxtlf/m/it/12 Pop-u-lar
 []


Underfull \hbox (badness 2503) in paragraph at lines 105--110
[]\OT1/ntxtlf/m/sc/12 Enclustra\OT1/minntx/m/n/12 :  Mer-cury XU5 SoC Mod-ule U
ser Man-ual.  (2019), jul.
 []


Underfull \hbox (badness 10000) in paragraph at lines 105--110
[][]$\OT1/ntxtt/m/n/12 https : / / mm . digikey . com / Volume0 / opasdata / d2
20001 / medias / docus /
 []


Underfull \hbox (badness 10000) in paragraph at lines 118--124
[]\OT1/ntxtlf/m/sc/12 Gnusin\OT1/minntx/m/n/12 , Alexan-der:  FPGA-based Clock 
Do-main Cross-ing
 []


Underfull \hbox (badness 10000) in paragraph at lines 118--124
\OT1/minntx/m/n/12 Val-i-da-tion for Safety-Critical De-signs.  In: \OT1/ntxtlf
/m/it/12 DV-Con Pro-ceed-ings
 []


Underfull \hbox (badness 10000) in paragraph at lines 118--124
\OT1/minntx/m/n/12 (2022).  [][]$\OT1/ntxtt/m/n/12 https : / / dvcon-[]proceedi
ngs . org / wp-[]content / uploads /
 []


Overfull \hbox (57.17467pt too wide) in paragraph at lines 118--124
\OT1/ntxtt/m/n/12 fpga-[]based-[]clock-[]domain-[]crossing-[]validation-[]for-[
]safety-[]critical-[]designs .
 []


Underfull \hbox (badness 1412) in paragraph at lines 126--131
[]\OT1/ntxtlf/m/sc/12 Gong\OT1/minntx/m/n/12 , Lingkan:  \OT1/ntxtlf/m/it/12 Si
mulation-based Func-tional Ver-i-fi-ca-tion of Dy-nam-i-cally
 []


Underfull \vbox (badness 10000) has occurred while \output is active []




Overfull \vbox (2.62502pt too high) has occurred while \output is active []


[94]
Underfull \hbox (badness 3635) in paragraph at lines 140--145
[]\OT1/ntxtlf/m/sc/12 Inc.\OT1/minntx/m/n/12 , Xil-inx:  Vi-vado AXI Ref-er-enc
e Guide (UG1037).  In: \OT1/ntxtlf/m/it/12 Xil-inx
 []


Underfull \hbox (badness 4569) in paragraph at lines 140--145
\OT1/ntxtlf/m/it/12 Tech-ni-cal Doc-u-men-ta-tion \OT1/minntx/m/n/12 (2017).  [
][]$\OT1/ntxtt/m/n/12 https : / / docs . amd . com / v / u / en-[]US /
 []


Underfull \hbox (badness 2050) in paragraph at lines 147--151
[]\OT1/ntxtlf/m/sc/12 Inc.\OT1/minntx/m/n/12 , Xil-inx:  Sys-tem In-te-grated L
ogic An-a-lyzer (Sys-tem ILA) Prod-uct
 []


Underfull \hbox (badness 1418) in paragraph at lines 178--184
\OT1/ntxtlf/m/it/12 Pro-ceed-ings \OT1/minntx/m/n/12 (2016).  [][]$\OT1/ntxtt/m
/n/12 https : / / www . imeko . org / publications / tc4-[]2016 /
 []


Underfull \vbox (badness 10000) has occurred while \output is active []




Overfull \vbox (2.62502pt too high) has occurred while \output is active []


[95]
Underfull \hbox (badness 1490) in paragraph at lines 207--212
\OT1/minntx/m/n/12 (2022), March.  [][]$\OT1/ntxtt/m/n/12 https : / / download 
. schneider-[]electric . com / files ? p _
 []

)


Overfull \vbox (2.62502pt too high) has occurred while \output is active []


[96] (MasterThesis_Report.aux (chapters/chapter_Introduction.aux)
(chapters/chapter_TechnicalBackground.aux) (chapters/chapter_Modeling.aux)
(chapters/chapter_Implementation.aux) (chapters/chapter_Results.aux)
(chapters/chapter_Summary.aux) (chapters/appendix02.aux))
 ***********
LaTeX2e <2025-06-01> patch level 1
L3 programming layer <2020/03/25>
 ***********


LaTeX Font Warning: Size substitutions with differences
(Font)              up to 1.36998pt have occurred.


LaTeX Font Warning: Some font shapes were not available, defaults substituted.

 ) 
Here is how much of TeX's memory you used:
 42707 strings out of 468134
 851002 string characters out of 5428319
 1536073 words of memory out of 5000000
 69182 multiletter control sequences out of 15000+600000
 719573 words of font info for 218 fonts, out of 8000000 for 9000
 1141 hyphenation exceptions out of 8191
 113i,16n,125p,10960b,2879s stack positions out of 10000i,1000n,20000p,200000b,200000s
 <C:\Users\sesa807379\AppData\Local\MiKTeX\fonts/pk/ljfour/jknappen/ec/dpi600
\tcrm1200.pk><C:/Users/sesa807379/AppData/Local/Programs/MiKTeX/fonts/type1/pub
lic/newtx/NewTXMI.pfb><C:/Users/sesa807379/AppData/Local/Programs/MiKTeX/fonts/
type1/public/amsfonts/cm/cmsy10.pfb><C:/Users/sesa807379/AppData/Local/Programs
/MiKTeX/fonts/type1/public/cbgreek/grmn1200.pfb><C:/Users/sesa807379/AppData/Lo
cal/Programs/MiKTeX/fonts/type1/public/tex-gyre/qhvb.pfb><C:/Users/sesa807379/A
ppData/Local/Programs/MiKTeX/fonts/type1/public/tex-gyre/qtmb.pfb><C:/Users/ses
a807379/AppData/Local/Programs/MiKTeX/fonts/type1/public/tex-gyre/qtmr.pfb><C:/
Users/sesa807379/AppData/Local/Programs/MiKTeX/fonts/type1/public/newtx/txexs.p
fb><C:/Users/sesa807379/AppData/Local/Programs/MiKTeX/fonts/type1/public/newtx/
txmiaX.pfb><C:/Users/sesa807379/AppData/Local/Programs/MiKTeX/fonts/type1/publi
c/newtx/txsym.pfb><C:/Users/sesa807379/AppData/Local/Programs/MiKTeX/fonts/type
1/public/newtx/txsys.pfb><C:/Users/sesa807379/AppData/Local/Programs/MiKTeX/fon
ts/type1/public/txfonts/txtt.pfb><C:/Users/sesa807379/AppData/Local/Programs/Mi
KTeX/fonts/type1/public/newtx/ztmb.pfb><C:/Users/sesa807379/AppData/Local/Progr
ams/MiKTeX/fonts/type1/public/newtx/ztmr.pfb><C:/Users/sesa807379/AppData/Local
/Programs/MiKTeX/fonts/type1/public/newtx/ztmri.pfb>
Output written on MasterThesis_Report.pdf (108 pages, 12127657 bytes).
PDF statistics:
 3701 PDF objects out of 4296 (max. 8388607)
 1330 named destinations out of 1440 (max. 500000)
 715 words of extra memory for PDF output out of 10000 (max. 10000000)

