Loading plugins phase: Elapsed time ==> 0s.124ms
<CYPRESSTAG name="CyDsfit arguments...">
cydsfit arguments: -.fdsnotice -.fdswarpdepfile=warp_dependencies.txt -.fdselabdepfile=elab_dependencies.txt -.fdsbldfile=generated_files.txt -.fdsreffile=referenced_files.txt -p d:\50_HDA\60_Lehre\40_Vorlesungen\10_EOS\20_Lecture_PO2019\work\w04_events.cydsn\w04_events.cyprj -d CY8C5888LTQ-LP097 -s d:\50_HDA\60_Lehre\40_Vorlesungen\10_EOS\20_Lecture_PO2019\work\w04_events.cydsn\Generated_Source\PSoC5 -- -yv2 -q10 -ygs -o2 -v3 -.fftcfgtype=LE
</CYPRESSTAG>
<CYPRESSTAG name="Design elaboration results...">
</CYPRESSTAG>
Elaboration phase: Elapsed time ==> 1s.234ms
<CYPRESSTAG name="HDL generation results...">
</CYPRESSTAG>
HDL generation phase: Elapsed time ==> 0s.031ms
<CYPRESSTAG name="Synthesis results...">

     | | | | | | |
   _________________
  -|               |-
  -|               |-
  -|               |-
  -|    CYPRESS    |-
  -|               |-
  -|               |-   Warp Verilog Synthesis Compiler: Version 6.3 IR 41
  -|               |-   Copyright (C) 1991-2001 Cypress Semiconductor
   |_______________|
     | | | | | | |

======================================================================
Compiling:  w04_events.v
Program  :   C:\tool\Cypress\PSOC_Creator\PSoC Creator\4.2\PSoC Creator\warp\bin\warp.exe
Options  :    -yv2 -q10 -ygs -o2 -v3 -.fftcfgtype=LE -ya -.fftprj=d:\50_HDA\60_Lehre\40_Vorlesungen\10_EOS\20_Lecture_PO2019\work\w04_events.cydsn\w04_events.cyprj -dcpsoc3 w04_events.v -verilog
======================================================================

======================================================================
Compiling:  w04_events.v
Program  :   C:\tool\Cypress\PSOC_Creator\PSoC Creator\4.2\PSoC Creator\warp\bin\warp.exe
Options  :    -yv2 -q10 -ygs -o2 -v3 -.fftcfgtype=LE -ya -.fftprj=d:\50_HDA\60_Lehre\40_Vorlesungen\10_EOS\20_Lecture_PO2019\work\w04_events.cydsn\w04_events.cyprj -dcpsoc3 w04_events.v -verilog
======================================================================

======================================================================
Compiling:  w04_events.v
Program  :   vlogfe
Options  :    -yv2 -q10 -ygs -o2 -v3 -.fftcfgtype=LE -ya -.fftprj=d:\50_HDA\60_Lehre\40_Vorlesungen\10_EOS\20_Lecture_PO2019\work\w04_events.cydsn\w04_events.cyprj -dcpsoc3 -verilog w04_events.v
======================================================================

vlogfe V6.3 IR 41:  Verilog parser
Tue Nov 19 18:36:01 2019


======================================================================
Compiling:  w04_events.v
Program  :   vpp
Options  :    -yv2 -q10 w04_events.v
======================================================================

vpp V6.3 IR 41:  Verilog Pre-Processor
Tue Nov 19 18:36:01 2019

Flattening file 'C:\tool\Cypress\PSOC_Creator\PSoC Creator\4.2\PSoC Creator\psoc\content\CyPrimitives\cyprimitives.cylib\CyControlReg_v1_80\CyControlReg_v1_80.v'
Flattening file 'C:\tool\Cypress\PSOC_Creator\PSoC Creator\4.2\PSoC Creator\warp\lib\common\cypress.v'
Flattening file 'C:\tool\Cypress\PSOC_Creator\PSoC Creator\4.2\PSoC Creator\warp\lib\common\cy_psoc3_inc.v'
Flattening file 'C:\tool\Cypress\PSOC_Creator\PSoC Creator\4.2\PSoC Creator\psoc\content\CyPrimitives\cyprimitives.cylib\or_v1_0\or_v1_0.v'
Flattening file 'C:\tool\Cypress\PSOC_Creator\PSoC Creator\4.2\PSoC Creator\psoc\content\CyPrimitives\cyprimitives.cylib\cy_virtualmux_v1_0\cy_virtualmux_v1_0.v'
Flattening file 'C:\tool\Cypress\PSOC_Creator\PSoC Creator\4.2\PSoC Creator\psoc\content\CyComponentLibrary\CyComponentLibrary.cylib\B_UART_v2_50\B_UART_v2_50.v'
Flattening file 'C:\tool\Cypress\PSOC_Creator\PSoC Creator\4.2\PSoC Creator\warp\lib\common\cypress.v'
Flattening file 'C:\tool\Cypress\PSOC_Creator\PSoC Creator\4.2\PSoC Creator\psoc\content\CyComponentLibrary\CyComponentLibrary.cylib\B_PWM_v3_30\B_PWM_v3_30.v'
Flattening file 'C:\tool\Cypress\PSOC_Creator\PSoC Creator\4.2\PSoC Creator\warp\lib\common\cypress.v'
Flattening file 'C:\tool\Cypress\PSOC_Creator\PSoC Creator\4.2\PSoC Creator\psoc\content\CyPrimitives\cyprimitives.cylib\OneTerminal\OneTerminal.v'
Flattening file 'C:\tool\Cypress\PSOC_Creator\PSoC Creator\4.2\PSoC Creator\psoc\content\CyPrimitives\cyprimitives.cylib\ZeroTerminal\ZeroTerminal.v'

vpp:  No errors.

Library 'work' => directory 'lcpsoc3'
General_symbol_table
General_symbol_table
Linking 'C:\tool\Cypress\PSOC_Creator\PSoC Creator\4.2\PSoC Creator\warp\lib\common\std.vhd'.
Linking 'C:\tool\Cypress\PSOC_Creator\PSoC Creator\4.2\PSoC Creator\warp\lib\common\cypress.vhd'.
Linking 'C:\tool\Cypress\PSOC_Creator\PSoC Creator\4.2\PSoC Creator\warp\lib\common\work\cypress.vif'.
Linking 'C:\tool\Cypress\PSOC_Creator\PSoC Creator\4.2\PSoC Creator\warp\lib\ieee\work\stdlogic.vif'.
Linking 'C:\tool\Cypress\PSOC_Creator\PSoC Creator\4.2\PSoC Creator\warp\lib\common\stdlogic\lpmpkg.vif'.
Linking 'C:\tool\Cypress\PSOC_Creator\PSoC Creator\4.2\PSoC Creator\warp\lib\common\stdlogic\rtlpkg.vif'.
Linking 'C:\tool\Cypress\PSOC_Creator\PSoC Creator\4.2\PSoC Creator\warp\lib\common\stdlogic\mod_cnst.vif'.
Linking 'C:\tool\Cypress\PSOC_Creator\PSoC Creator\4.2\PSoC Creator\warp\lib\common\stdlogic\mod_mthv.vif'.
Linking 'C:\tool\Cypress\PSOC_Creator\PSoC Creator\4.2\PSoC Creator\warp\lib\common\stdlogic\mod_genv.vif'.
Using control file 'w04_events.ctl'.
C:\tool\Cypress\PSOC_Creator\PSoC Creator\4.2\PSoC Creator\psoc\content\CyComponentLibrary\CyComponentLibrary.cylib\B_UART_v2_50\B_UART_v2_50.v (line 1113, col 55):  Note: Substituting module 'add_vv_vv' for '+'.
C:\tool\Cypress\PSOC_Creator\PSoC Creator\4.2\PSoC Creator\psoc\content\CyComponentLibrary\CyComponentLibrary.cylib\B_UART_v2_50\B_UART_v2_50.v (line 1122, col 48):  Note: Substituting module 'cmp_vv_vv' for '<'.
C:\tool\Cypress\PSOC_Creator\PSoC Creator\4.2\PSoC Creator\psoc\content\CyComponentLibrary\CyComponentLibrary.cylib\B_UART_v2_50\B_UART_v2_50.v (line 1122, col 77):  Note: Substituting module 'cmp_vv_vv' for '<'.
C:\tool\Cypress\PSOC_Creator\PSoC Creator\4.2\PSoC Creator\psoc\content\CyComponentLibrary\CyComponentLibrary.cylib\B_UART_v2_50\B_UART_v2_50.v (line 1389, col 59):  Note: Substituting module 'cmp_vv_vv' for '<'.
C:\tool\Cypress\PSOC_Creator\PSoC Creator\4.2\PSoC Creator\psoc\content\CyComponentLibrary\CyComponentLibrary.cylib\B_UART_v2_50\B_UART_v2_50.v (line 1424, col 61):  Note: Substituting module 'cmp_vv_vv' for '/='.
C:\tool\Cypress\PSOC_Creator\PSoC Creator\4.2\PSoC Creator\psoc\content\CyComponentLibrary\CyComponentLibrary.cylib\B_UART_v2_50\B_UART_v2_50.v (line 1547, col 106):  Note: Substituting module 'cmp_vv_vv' for '<'.
C:\tool\Cypress\PSOC_Creator\PSoC Creator\4.2\PSoC Creator\psoc\content\CyComponentLibrary\CyComponentLibrary.cylib\B_UART_v2_50\B_UART_v2_50.v (line 1603, col 68):  Note: Substituting module 'cmp_vv_vv' for '<'.
C:\tool\Cypress\PSOC_Creator\PSoC Creator\4.2\PSoC Creator\psoc\content\CyComponentLibrary\CyComponentLibrary.cylib\B_UART_v2_50\B_UART_v2_50.v (line 1604, col 68):  Note: Substituting module 'cmp_vv_vv' for '<'.
C:\tool\Cypress\PSOC_Creator\PSoC Creator\4.2\PSoC Creator\psoc\content\CyComponentLibrary\CyComponentLibrary.cylib\B_PWM_v3_30\B_PWM_v3_30.v (line 947, col 46):  Note: Substituting module 'sub_vi_vv' for '-'.
C:\tool\Cypress\PSOC_Creator\PSoC Creator\4.2\PSoC Creator\psoc\content\CyComponentLibrary\CyComponentLibrary.cylib\B_PWM_v3_30\B_PWM_v3_30.v (line 977, col 46):  Note: Substituting module 'add_vi_vv' for '+'.
Linking 'C:\tool\Cypress\PSOC_Creator\PSoC Creator\4.2\PSoC Creator\warp\lib\common\stdlogic\cy_psoc3pkg.vif'.
Linking 'C:\tool\Cypress\PSOC_Creator\PSoC Creator\4.2\PSoC Creator\warp\lib\common\stdlogic\cy_psoc3.vif'.

vlogfe:  No errors.


======================================================================
Compiling:  w04_events.v
Program  :   tovif
Options  :    -yv2 -q10 -ygs -o2 -v3 -.fftcfgtype=LE -ya -.fftprj=d:\50_HDA\60_Lehre\40_Vorlesungen\10_EOS\20_Lecture_PO2019\work\w04_events.cydsn\w04_events.cyprj -dcpsoc3 -verilog w04_events.v
======================================================================

tovif V6.3 IR 41:  High-level synthesis
Tue Nov 19 18:36:02 2019

Linking 'C:\tool\Cypress\PSOC_Creator\PSoC Creator\4.2\PSoC Creator\warp\lib\common\std.vhd'.
Linking 'C:\tool\Cypress\PSOC_Creator\PSoC Creator\4.2\PSoC Creator\warp\lib\common\cypress.vhd'.
Linking 'C:\tool\Cypress\PSOC_Creator\PSoC Creator\4.2\PSoC Creator\warp\lib\common\work\cypress.vif'.
Linking 'C:\tool\Cypress\PSOC_Creator\PSoC Creator\4.2\PSoC Creator\warp\lib\ieee\work\stdlogic.vif'.
Linking 'C:\tool\Cypress\PSOC_Creator\PSoC Creator\4.2\PSoC Creator\warp\lib\common\stdlogic\lpmpkg.vif'.
Linking 'C:\tool\Cypress\PSOC_Creator\PSoC Creator\4.2\PSoC Creator\warp\lib\common\stdlogic\rtlpkg.vif'.
Linking 'C:\tool\Cypress\PSOC_Creator\PSoC Creator\4.2\PSoC Creator\warp\lib\common\stdlogic\mod_cnst.vif'.
Linking 'C:\tool\Cypress\PSOC_Creator\PSoC Creator\4.2\PSoC Creator\warp\lib\common\stdlogic\mod_mthv.vif'.
Linking 'C:\tool\Cypress\PSOC_Creator\PSoC Creator\4.2\PSoC Creator\warp\lib\common\stdlogic\mod_genv.vif'.
Linking 'd:\50_HDA\60_Lehre\40_Vorlesungen\10_EOS\20_Lecture_PO2019\work\w04_events.cydsn\codegentemp\w04_events.ctl'.
Linking 'C:\tool\Cypress\PSOC_Creator\PSoC Creator\4.2\PSoC Creator\psoc\content\CyPrimitives\cyprimitives.cylib\CyControlReg_v1_80\CyControlReg_v1_80.v'.
Linking 'C:\tool\Cypress\PSOC_Creator\PSoC Creator\4.2\PSoC Creator\warp\lib\common\cypress.v'.
Linking 'C:\tool\Cypress\PSOC_Creator\PSoC Creator\4.2\PSoC Creator\warp\lib\common\cy_psoc3_inc.v'.
Linking 'd:\50_HDA\60_Lehre\40_Vorlesungen\10_EOS\20_Lecture_PO2019\work\w04_events.cydsn\codegentemp\w04_events.v'.
Linking 'C:\tool\Cypress\PSOC_Creator\PSoC Creator\4.2\PSoC Creator\psoc\content\CyPrimitives\cyprimitives.cylib\or_v1_0\or_v1_0.v'.
Linking 'C:\tool\Cypress\PSOC_Creator\PSoC Creator\4.2\PSoC Creator\psoc\content\CyPrimitives\cyprimitives.cylib\cy_virtualmux_v1_0\cy_virtualmux_v1_0.v'.
Linking 'C:\tool\Cypress\PSOC_Creator\PSoC Creator\4.2\PSoC Creator\psoc\content\CyComponentLibrary\CyComponentLibrary.cylib\B_UART_v2_50\B_UART_v2_50.v'.
Linking 'C:\tool\Cypress\PSOC_Creator\PSoC Creator\4.2\PSoC Creator\psoc\content\CyComponentLibrary\CyComponentLibrary.cylib\B_PWM_v3_30\B_PWM_v3_30.v'.
Linking 'C:\tool\Cypress\PSOC_Creator\PSoC Creator\4.2\PSoC Creator\psoc\content\CyPrimitives\cyprimitives.cylib\OneTerminal\OneTerminal.v'.
Linking 'C:\tool\Cypress\PSOC_Creator\PSoC Creator\4.2\PSoC Creator\psoc\content\CyPrimitives\cyprimitives.cylib\ZeroTerminal\ZeroTerminal.v'.
Linking 'C:\tool\Cypress\PSOC_Creator\PSoC Creator\4.2\PSoC Creator\warp\lib\common\stdlogic\cy_psoc3pkg.vif'.
Linking 'C:\tool\Cypress\PSOC_Creator\PSoC Creator\4.2\PSoC Creator\warp\lib\common\stdlogic\cy_psoc3.vif'.
Linking 'C:\tool\Cypress\PSOC_Creator\PSoC Creator\4.2\PSoC Creator\warp\lib\lcpsoc3\stdlogic\mod_cnst.vif'.
Linking 'C:\tool\Cypress\PSOC_Creator\PSoC Creator\4.2\PSoC Creator\warp\lib\common\stdlogic\mcompare.vif'.

tovif:  No errors.


======================================================================
Compiling:  w04_events.v
Program  :   topld
Options  :    -yv2 -q10 -ygs -o2 -v3 -.fftcfgtype=LE -ya -.fftprj=d:\50_HDA\60_Lehre\40_Vorlesungen\10_EOS\20_Lecture_PO2019\work\w04_events.cydsn\w04_events.cyprj -dcpsoc3 -verilog w04_events.v
======================================================================

topld V6.3 IR 41:  Synthesis and optimization
Tue Nov 19 18:36:02 2019

Linking 'C:\tool\Cypress\PSOC_Creator\PSoC Creator\4.2\PSoC Creator\warp\lib\common\std.vhd'.
Linking 'C:\tool\Cypress\PSOC_Creator\PSoC Creator\4.2\PSoC Creator\warp\lib\common\cypress.vhd'.
Linking 'C:\tool\Cypress\PSOC_Creator\PSoC Creator\4.2\PSoC Creator\warp\lib\common\work\cypress.vif'.
Linking 'C:\tool\Cypress\PSOC_Creator\PSoC Creator\4.2\PSoC Creator\warp\lib\ieee\work\stdlogic.vif'.
Linking 'C:\tool\Cypress\PSOC_Creator\PSoC Creator\4.2\PSoC Creator\warp\lib\common\stdlogic\lpmpkg.vif'.
Linking 'C:\tool\Cypress\PSOC_Creator\PSoC Creator\4.2\PSoC Creator\warp\lib\common\stdlogic\rtlpkg.vif'.
Linking 'C:\tool\Cypress\PSOC_Creator\PSoC Creator\4.2\PSoC Creator\warp\lib\common\stdlogic\mod_cnst.vif'.
Linking 'C:\tool\Cypress\PSOC_Creator\PSoC Creator\4.2\PSoC Creator\warp\lib\common\stdlogic\mod_mthv.vif'.
Linking 'C:\tool\Cypress\PSOC_Creator\PSoC Creator\4.2\PSoC Creator\warp\lib\common\stdlogic\mod_genv.vif'.
Linking 'd:\50_HDA\60_Lehre\40_Vorlesungen\10_EOS\20_Lecture_PO2019\work\w04_events.cydsn\codegentemp\w04_events.ctl'.
Linking 'C:\tool\Cypress\PSOC_Creator\PSoC Creator\4.2\PSoC Creator\psoc\content\CyPrimitives\cyprimitives.cylib\CyControlReg_v1_80\CyControlReg_v1_80.v'.
Linking 'C:\tool\Cypress\PSOC_Creator\PSoC Creator\4.2\PSoC Creator\warp\lib\common\cypress.v'.
Linking 'C:\tool\Cypress\PSOC_Creator\PSoC Creator\4.2\PSoC Creator\warp\lib\common\cy_psoc3_inc.v'.
Linking 'd:\50_HDA\60_Lehre\40_Vorlesungen\10_EOS\20_Lecture_PO2019\work\w04_events.cydsn\codegentemp\w04_events.v'.
Linking 'C:\tool\Cypress\PSOC_Creator\PSoC Creator\4.2\PSoC Creator\psoc\content\CyPrimitives\cyprimitives.cylib\or_v1_0\or_v1_0.v'.
Linking 'C:\tool\Cypress\PSOC_Creator\PSoC Creator\4.2\PSoC Creator\psoc\content\CyPrimitives\cyprimitives.cylib\cy_virtualmux_v1_0\cy_virtualmux_v1_0.v'.
Linking 'C:\tool\Cypress\PSOC_Creator\PSoC Creator\4.2\PSoC Creator\psoc\content\CyComponentLibrary\CyComponentLibrary.cylib\B_UART_v2_50\B_UART_v2_50.v'.
Linking 'C:\tool\Cypress\PSOC_Creator\PSoC Creator\4.2\PSoC Creator\psoc\content\CyComponentLibrary\CyComponentLibrary.cylib\B_PWM_v3_30\B_PWM_v3_30.v'.
Linking 'C:\tool\Cypress\PSOC_Creator\PSoC Creator\4.2\PSoC Creator\psoc\content\CyPrimitives\cyprimitives.cylib\OneTerminal\OneTerminal.v'.
Linking 'C:\tool\Cypress\PSOC_Creator\PSoC Creator\4.2\PSoC Creator\psoc\content\CyPrimitives\cyprimitives.cylib\ZeroTerminal\ZeroTerminal.v'.
Linking 'C:\tool\Cypress\PSOC_Creator\PSoC Creator\4.2\PSoC Creator\warp\lib\common\stdlogic\cy_psoc3pkg.vif'.
Linking 'C:\tool\Cypress\PSOC_Creator\PSoC Creator\4.2\PSoC Creator\warp\lib\common\stdlogic\cy_psoc3.vif'.
Linking 'C:\tool\Cypress\PSOC_Creator\PSoC Creator\4.2\PSoC Creator\warp\lib\lcpsoc3\stdlogic\mod_cnst.vif'.
Linking 'C:\tool\Cypress\PSOC_Creator\PSoC Creator\4.2\PSoC Creator\warp\lib\common\stdlogic\mcompare.vif'.
Linking 'C:\tool\Cypress\PSOC_Creator\PSoC Creator\4.2\PSoC Creator\warp\lib\lcpsoc3\stdlogic\cpsoc3.vif'.

----------------------------------------------------------
Detecting unused logic.
----------------------------------------------------------
    User names
	\UART_LOG:BUART:reset_sr\
	\UART_LOG:BUART:sRX:s23Poll:MODULE_1:g2:a0:b_1\
	\UART_LOG:BUART:sRX:s23Poll:MODULE_1:g2:a0:b_0\
	\UART_LOG:BUART:sRX:s23Poll:MODULE_2:g2:a0:gta_0\
	\UART_LOG:BUART:sRX:s23Poll:MODULE_3:g2:a0:gta_0\
	Net_1252
	\UART_LOG:BUART:sRX:MODULE_4:g2:a0:gta_0\
	\UART_LOG:BUART:sRX:MODULE_5:g1:a0:gx:u0:albi_1\
	\UART_LOG:BUART:sRX:MODULE_5:g1:a0:gx:u0:agbi_1\
	\UART_LOG:BUART:sRX:MODULE_5:g1:a0:gx:u0:lt_0\
	\UART_LOG:BUART:sRX:MODULE_5:g1:a0:gx:u0:gt_0\
	\UART_LOG:BUART:sRX:MODULE_5:g1:a0:gx:u0:lti_0\
	\UART_LOG:BUART:sRX:MODULE_5:g1:a0:gx:u0:gti_0\
	\UART_LOG:BUART:sRX:MODULE_5:g1:a0:gx:u0:albi_0\
	\UART_LOG:BUART:sRX:MODULE_5:g1:a0:gx:u0:agbi_0\
	\UART_LOG:BUART:sRX:MODULE_5:g1:a0:xeq\
	\UART_LOG:BUART:sRX:MODULE_5:g1:a0:xlt\
	\UART_LOG:BUART:sRX:MODULE_5:g1:a0:xlte\
	\UART_LOG:BUART:sRX:MODULE_5:g1:a0:xgt\
	\UART_LOG:BUART:sRX:MODULE_5:g1:a0:xgte\
	\UART_LOG:BUART:sRX:MODULE_5:lt\
	\UART_LOG:BUART:sRX:MODULE_5:eq\
	\UART_LOG:BUART:sRX:MODULE_5:gt\
	\UART_LOG:BUART:sRX:MODULE_5:gte\
	\UART_LOG:BUART:sRX:MODULE_5:lte\
	\RGB_PWM_red:PWMUDB:km_run\
	\RGB_PWM_red:PWMUDB:ctrl_cmpmode2_2\
	\RGB_PWM_red:PWMUDB:ctrl_cmpmode2_1\
	\RGB_PWM_red:PWMUDB:ctrl_cmpmode2_0\
	\RGB_PWM_red:PWMUDB:ctrl_cmpmode1_2\
	\RGB_PWM_red:PWMUDB:ctrl_cmpmode1_1\
	\RGB_PWM_red:PWMUDB:ctrl_cmpmode1_0\
	\RGB_PWM_red:PWMUDB:capt_rising\
	\RGB_PWM_red:PWMUDB:capt_falling\
	\RGB_PWM_red:PWMUDB:trig_rise\
	\RGB_PWM_red:PWMUDB:trig_fall\
	\RGB_PWM_red:PWMUDB:sc_kill\
	\RGB_PWM_red:PWMUDB:min_kill\
	\RGB_PWM_red:PWMUDB:km_tc\
	\RGB_PWM_red:PWMUDB:db_tc\
	\RGB_PWM_red:PWMUDB:dith_sel\
	\RGB_PWM_red:PWMUDB:compare2\
	\RGB_PWM_red:Net_101\
	Net_1264
	Net_1265
	\RGB_PWM_red:PWMUDB:cmp2\
	\RGB_PWM_red:PWMUDB:MODULE_6:b_31\
	\RGB_PWM_red:PWMUDB:MODULE_6:b_30\
	\RGB_PWM_red:PWMUDB:MODULE_6:b_29\
	\RGB_PWM_red:PWMUDB:MODULE_6:b_28\
	\RGB_PWM_red:PWMUDB:MODULE_6:b_27\
	\RGB_PWM_red:PWMUDB:MODULE_6:b_26\
	\RGB_PWM_red:PWMUDB:MODULE_6:b_25\
	\RGB_PWM_red:PWMUDB:MODULE_6:b_24\
	\RGB_PWM_red:PWMUDB:MODULE_6:b_23\
	\RGB_PWM_red:PWMUDB:MODULE_6:b_22\
	\RGB_PWM_red:PWMUDB:MODULE_6:b_21\
	\RGB_PWM_red:PWMUDB:MODULE_6:b_20\
	\RGB_PWM_red:PWMUDB:MODULE_6:b_19\
	\RGB_PWM_red:PWMUDB:MODULE_6:b_18\
	\RGB_PWM_red:PWMUDB:MODULE_6:b_17\
	\RGB_PWM_red:PWMUDB:MODULE_6:b_16\
	\RGB_PWM_red:PWMUDB:MODULE_6:b_15\
	\RGB_PWM_red:PWMUDB:MODULE_6:b_14\
	\RGB_PWM_red:PWMUDB:MODULE_6:b_13\
	\RGB_PWM_red:PWMUDB:MODULE_6:b_12\
	\RGB_PWM_red:PWMUDB:MODULE_6:b_11\
	\RGB_PWM_red:PWMUDB:MODULE_6:b_10\
	\RGB_PWM_red:PWMUDB:MODULE_6:b_9\
	\RGB_PWM_red:PWMUDB:MODULE_6:b_8\
	\RGB_PWM_red:PWMUDB:MODULE_6:b_7\
	\RGB_PWM_red:PWMUDB:MODULE_6:b_6\
	\RGB_PWM_red:PWMUDB:MODULE_6:b_5\
	\RGB_PWM_red:PWMUDB:MODULE_6:b_4\
	\RGB_PWM_red:PWMUDB:MODULE_6:b_3\
	\RGB_PWM_red:PWMUDB:MODULE_6:b_2\
	\RGB_PWM_red:PWMUDB:MODULE_6:b_1\
	\RGB_PWM_red:PWMUDB:MODULE_6:b_0\
	\RGB_PWM_red:PWMUDB:MODULE_6:g2:a0:a_31\
	\RGB_PWM_red:PWMUDB:MODULE_6:g2:a0:a_30\
	\RGB_PWM_red:PWMUDB:MODULE_6:g2:a0:a_29\
	\RGB_PWM_red:PWMUDB:MODULE_6:g2:a0:a_28\
	\RGB_PWM_red:PWMUDB:MODULE_6:g2:a0:a_27\
	\RGB_PWM_red:PWMUDB:MODULE_6:g2:a0:a_26\
	\RGB_PWM_red:PWMUDB:MODULE_6:g2:a0:a_25\
	\RGB_PWM_red:PWMUDB:MODULE_6:g2:a0:a_24\
	\RGB_PWM_red:PWMUDB:MODULE_6:g2:a0:b_31\
	\RGB_PWM_red:PWMUDB:MODULE_6:g2:a0:b_30\
	\RGB_PWM_red:PWMUDB:MODULE_6:g2:a0:b_29\
	\RGB_PWM_red:PWMUDB:MODULE_6:g2:a0:b_28\
	\RGB_PWM_red:PWMUDB:MODULE_6:g2:a0:b_27\
	\RGB_PWM_red:PWMUDB:MODULE_6:g2:a0:b_26\
	\RGB_PWM_red:PWMUDB:MODULE_6:g2:a0:b_25\
	\RGB_PWM_red:PWMUDB:MODULE_6:g2:a0:b_24\
	\RGB_PWM_red:PWMUDB:MODULE_6:g2:a0:b_23\
	\RGB_PWM_red:PWMUDB:MODULE_6:g2:a0:b_22\
	\RGB_PWM_red:PWMUDB:MODULE_6:g2:a0:b_21\
	\RGB_PWM_red:PWMUDB:MODULE_6:g2:a0:b_20\
	\RGB_PWM_red:PWMUDB:MODULE_6:g2:a0:b_19\
	\RGB_PWM_red:PWMUDB:MODULE_6:g2:a0:b_18\
	\RGB_PWM_red:PWMUDB:MODULE_6:g2:a0:b_17\
	\RGB_PWM_red:PWMUDB:MODULE_6:g2:a0:b_16\
	\RGB_PWM_red:PWMUDB:MODULE_6:g2:a0:b_15\
	\RGB_PWM_red:PWMUDB:MODULE_6:g2:a0:b_14\
	\RGB_PWM_red:PWMUDB:MODULE_6:g2:a0:b_13\
	\RGB_PWM_red:PWMUDB:MODULE_6:g2:a0:b_12\
	\RGB_PWM_red:PWMUDB:MODULE_6:g2:a0:b_11\
	\RGB_PWM_red:PWMUDB:MODULE_6:g2:a0:b_10\
	\RGB_PWM_red:PWMUDB:MODULE_6:g2:a0:b_9\
	\RGB_PWM_red:PWMUDB:MODULE_6:g2:a0:b_8\
	\RGB_PWM_red:PWMUDB:MODULE_6:g2:a0:b_7\
	\RGB_PWM_red:PWMUDB:MODULE_6:g2:a0:b_6\
	\RGB_PWM_red:PWMUDB:MODULE_6:g2:a0:b_5\
	\RGB_PWM_red:PWMUDB:MODULE_6:g2:a0:b_4\
	\RGB_PWM_red:PWMUDB:MODULE_6:g2:a0:b_3\
	\RGB_PWM_red:PWMUDB:MODULE_6:g2:a0:b_2\
	\RGB_PWM_red:PWMUDB:MODULE_6:g2:a0:b_1\
	\RGB_PWM_red:PWMUDB:MODULE_6:g2:a0:b_0\
	\RGB_PWM_red:PWMUDB:MODULE_6:g2:a0:s_31\
	\RGB_PWM_red:PWMUDB:MODULE_6:g2:a0:s_30\
	\RGB_PWM_red:PWMUDB:MODULE_6:g2:a0:s_29\
	\RGB_PWM_red:PWMUDB:MODULE_6:g2:a0:s_28\
	\RGB_PWM_red:PWMUDB:MODULE_6:g2:a0:s_27\
	\RGB_PWM_red:PWMUDB:MODULE_6:g2:a0:s_26\
	\RGB_PWM_red:PWMUDB:MODULE_6:g2:a0:s_25\
	\RGB_PWM_red:PWMUDB:MODULE_6:g2:a0:s_24\
	\RGB_PWM_red:PWMUDB:MODULE_6:g2:a0:s_23\
	\RGB_PWM_red:PWMUDB:MODULE_6:g2:a0:s_22\
	\RGB_PWM_red:PWMUDB:MODULE_6:g2:a0:s_21\
	\RGB_PWM_red:PWMUDB:MODULE_6:g2:a0:s_20\
	\RGB_PWM_red:PWMUDB:MODULE_6:g2:a0:s_19\
	\RGB_PWM_red:PWMUDB:MODULE_6:g2:a0:s_18\
	\RGB_PWM_red:PWMUDB:MODULE_6:g2:a0:s_17\
	\RGB_PWM_red:PWMUDB:MODULE_6:g2:a0:s_16\
	\RGB_PWM_red:PWMUDB:MODULE_6:g2:a0:s_15\
	\RGB_PWM_red:PWMUDB:MODULE_6:g2:a0:s_14\
	\RGB_PWM_red:PWMUDB:MODULE_6:g2:a0:s_13\
	\RGB_PWM_red:PWMUDB:MODULE_6:g2:a0:s_12\
	\RGB_PWM_red:PWMUDB:MODULE_6:g2:a0:s_11\
	\RGB_PWM_red:PWMUDB:MODULE_6:g2:a0:s_10\
	\RGB_PWM_red:PWMUDB:MODULE_6:g2:a0:s_9\
	\RGB_PWM_red:PWMUDB:MODULE_6:g2:a0:s_8\
	\RGB_PWM_red:PWMUDB:MODULE_6:g2:a0:s_7\
	\RGB_PWM_red:PWMUDB:MODULE_6:g2:a0:s_6\
	\RGB_PWM_red:PWMUDB:MODULE_6:g2:a0:s_5\
	\RGB_PWM_red:PWMUDB:MODULE_6:g2:a0:s_4\
	\RGB_PWM_red:PWMUDB:MODULE_6:g2:a0:s_3\
	\RGB_PWM_red:PWMUDB:MODULE_6:g2:a0:s_2\
	\RGB_PWM_red:PWMUDB:MODULE_6:g2:a0:g1:z1:s0:g1:u0:c_31\
	\RGB_PWM_red:PWMUDB:MODULE_6:g2:a0:g1:z1:s0:g1:u0:c_30\
	\RGB_PWM_red:PWMUDB:MODULE_6:g2:a0:g1:z1:s0:g1:u0:c_29\
	\RGB_PWM_red:PWMUDB:MODULE_6:g2:a0:g1:z1:s0:g1:u0:c_28\
	\RGB_PWM_red:PWMUDB:MODULE_6:g2:a0:g1:z1:s0:g1:u0:c_27\
	\RGB_PWM_red:PWMUDB:MODULE_6:g2:a0:g1:z1:s0:g1:u0:c_26\
	\RGB_PWM_red:PWMUDB:MODULE_6:g2:a0:g1:z1:s0:g1:u0:c_25\
	Net_1266
	Net_1263
	\RGB_PWM_red:Net_113\
	\RGB_PWM_red:Net_107\
	\RGB_PWM_red:Net_114\
	\RGB_PWM_green:PWMUDB:km_run\
	\RGB_PWM_green:PWMUDB:ctrl_cmpmode2_2\
	\RGB_PWM_green:PWMUDB:ctrl_cmpmode2_1\
	\RGB_PWM_green:PWMUDB:ctrl_cmpmode2_0\
	\RGB_PWM_green:PWMUDB:ctrl_cmpmode1_2\
	\RGB_PWM_green:PWMUDB:ctrl_cmpmode1_1\
	\RGB_PWM_green:PWMUDB:ctrl_cmpmode1_0\
	\RGB_PWM_green:PWMUDB:capt_rising\
	\RGB_PWM_green:PWMUDB:capt_falling\
	\RGB_PWM_green:PWMUDB:trig_rise\
	\RGB_PWM_green:PWMUDB:trig_fall\
	\RGB_PWM_green:PWMUDB:sc_kill\
	\RGB_PWM_green:PWMUDB:min_kill\
	\RGB_PWM_green:PWMUDB:km_tc\
	\RGB_PWM_green:PWMUDB:db_tc\
	\RGB_PWM_green:PWMUDB:dith_sel\
	\RGB_PWM_green:PWMUDB:compare2\
	\RGB_PWM_green:Net_101\
	Net_1277
	Net_1278
	\RGB_PWM_green:PWMUDB:cmp2\
	\RGB_PWM_green:PWMUDB:MODULE_7:b_31\
	\RGB_PWM_green:PWMUDB:MODULE_7:b_30\
	\RGB_PWM_green:PWMUDB:MODULE_7:b_29\
	\RGB_PWM_green:PWMUDB:MODULE_7:b_28\
	\RGB_PWM_green:PWMUDB:MODULE_7:b_27\
	\RGB_PWM_green:PWMUDB:MODULE_7:b_26\
	\RGB_PWM_green:PWMUDB:MODULE_7:b_25\
	\RGB_PWM_green:PWMUDB:MODULE_7:b_24\
	\RGB_PWM_green:PWMUDB:MODULE_7:b_23\
	\RGB_PWM_green:PWMUDB:MODULE_7:b_22\
	\RGB_PWM_green:PWMUDB:MODULE_7:b_21\
	\RGB_PWM_green:PWMUDB:MODULE_7:b_20\
	\RGB_PWM_green:PWMUDB:MODULE_7:b_19\
	\RGB_PWM_green:PWMUDB:MODULE_7:b_18\
	\RGB_PWM_green:PWMUDB:MODULE_7:b_17\
	\RGB_PWM_green:PWMUDB:MODULE_7:b_16\
	\RGB_PWM_green:PWMUDB:MODULE_7:b_15\
	\RGB_PWM_green:PWMUDB:MODULE_7:b_14\
	\RGB_PWM_green:PWMUDB:MODULE_7:b_13\
	\RGB_PWM_green:PWMUDB:MODULE_7:b_12\
	\RGB_PWM_green:PWMUDB:MODULE_7:b_11\
	\RGB_PWM_green:PWMUDB:MODULE_7:b_10\
	\RGB_PWM_green:PWMUDB:MODULE_7:b_9\
	\RGB_PWM_green:PWMUDB:MODULE_7:b_8\
	\RGB_PWM_green:PWMUDB:MODULE_7:b_7\
	\RGB_PWM_green:PWMUDB:MODULE_7:b_6\
	\RGB_PWM_green:PWMUDB:MODULE_7:b_5\
	\RGB_PWM_green:PWMUDB:MODULE_7:b_4\
	\RGB_PWM_green:PWMUDB:MODULE_7:b_3\
	\RGB_PWM_green:PWMUDB:MODULE_7:b_2\
	\RGB_PWM_green:PWMUDB:MODULE_7:b_1\
	\RGB_PWM_green:PWMUDB:MODULE_7:b_0\
	\RGB_PWM_green:PWMUDB:MODULE_7:g2:a0:a_31\
	\RGB_PWM_green:PWMUDB:MODULE_7:g2:a0:a_30\
	\RGB_PWM_green:PWMUDB:MODULE_7:g2:a0:a_29\
	\RGB_PWM_green:PWMUDB:MODULE_7:g2:a0:a_28\
	\RGB_PWM_green:PWMUDB:MODULE_7:g2:a0:a_27\
	\RGB_PWM_green:PWMUDB:MODULE_7:g2:a0:a_26\
	\RGB_PWM_green:PWMUDB:MODULE_7:g2:a0:a_25\
	\RGB_PWM_green:PWMUDB:MODULE_7:g2:a0:a_24\
	\RGB_PWM_green:PWMUDB:MODULE_7:g2:a0:b_31\
	\RGB_PWM_green:PWMUDB:MODULE_7:g2:a0:b_30\
	\RGB_PWM_green:PWMUDB:MODULE_7:g2:a0:b_29\
	\RGB_PWM_green:PWMUDB:MODULE_7:g2:a0:b_28\
	\RGB_PWM_green:PWMUDB:MODULE_7:g2:a0:b_27\
	\RGB_PWM_green:PWMUDB:MODULE_7:g2:a0:b_26\
	\RGB_PWM_green:PWMUDB:MODULE_7:g2:a0:b_25\
	\RGB_PWM_green:PWMUDB:MODULE_7:g2:a0:b_24\
	\RGB_PWM_green:PWMUDB:MODULE_7:g2:a0:b_23\
	\RGB_PWM_green:PWMUDB:MODULE_7:g2:a0:b_22\
	\RGB_PWM_green:PWMUDB:MODULE_7:g2:a0:b_21\
	\RGB_PWM_green:PWMUDB:MODULE_7:g2:a0:b_20\
	\RGB_PWM_green:PWMUDB:MODULE_7:g2:a0:b_19\
	\RGB_PWM_green:PWMUDB:MODULE_7:g2:a0:b_18\
	\RGB_PWM_green:PWMUDB:MODULE_7:g2:a0:b_17\
	\RGB_PWM_green:PWMUDB:MODULE_7:g2:a0:b_16\
	\RGB_PWM_green:PWMUDB:MODULE_7:g2:a0:b_15\
	\RGB_PWM_green:PWMUDB:MODULE_7:g2:a0:b_14\
	\RGB_PWM_green:PWMUDB:MODULE_7:g2:a0:b_13\
	\RGB_PWM_green:PWMUDB:MODULE_7:g2:a0:b_12\
	\RGB_PWM_green:PWMUDB:MODULE_7:g2:a0:b_11\
	\RGB_PWM_green:PWMUDB:MODULE_7:g2:a0:b_10\
	\RGB_PWM_green:PWMUDB:MODULE_7:g2:a0:b_9\
	\RGB_PWM_green:PWMUDB:MODULE_7:g2:a0:b_8\
	\RGB_PWM_green:PWMUDB:MODULE_7:g2:a0:b_7\
	\RGB_PWM_green:PWMUDB:MODULE_7:g2:a0:b_6\
	\RGB_PWM_green:PWMUDB:MODULE_7:g2:a0:b_5\
	\RGB_PWM_green:PWMUDB:MODULE_7:g2:a0:b_4\
	\RGB_PWM_green:PWMUDB:MODULE_7:g2:a0:b_3\
	\RGB_PWM_green:PWMUDB:MODULE_7:g2:a0:b_2\
	\RGB_PWM_green:PWMUDB:MODULE_7:g2:a0:b_1\
	\RGB_PWM_green:PWMUDB:MODULE_7:g2:a0:b_0\
	\RGB_PWM_green:PWMUDB:MODULE_7:g2:a0:s_31\
	\RGB_PWM_green:PWMUDB:MODULE_7:g2:a0:s_30\
	\RGB_PWM_green:PWMUDB:MODULE_7:g2:a0:s_29\
	\RGB_PWM_green:PWMUDB:MODULE_7:g2:a0:s_28\
	\RGB_PWM_green:PWMUDB:MODULE_7:g2:a0:s_27\
	\RGB_PWM_green:PWMUDB:MODULE_7:g2:a0:s_26\
	\RGB_PWM_green:PWMUDB:MODULE_7:g2:a0:s_25\
	\RGB_PWM_green:PWMUDB:MODULE_7:g2:a0:s_24\
	\RGB_PWM_green:PWMUDB:MODULE_7:g2:a0:s_23\
	\RGB_PWM_green:PWMUDB:MODULE_7:g2:a0:s_22\
	\RGB_PWM_green:PWMUDB:MODULE_7:g2:a0:s_21\
	\RGB_PWM_green:PWMUDB:MODULE_7:g2:a0:s_20\
	\RGB_PWM_green:PWMUDB:MODULE_7:g2:a0:s_19\
	\RGB_PWM_green:PWMUDB:MODULE_7:g2:a0:s_18\
	\RGB_PWM_green:PWMUDB:MODULE_7:g2:a0:s_17\
	\RGB_PWM_green:PWMUDB:MODULE_7:g2:a0:s_16\
	\RGB_PWM_green:PWMUDB:MODULE_7:g2:a0:s_15\
	\RGB_PWM_green:PWMUDB:MODULE_7:g2:a0:s_14\
	\RGB_PWM_green:PWMUDB:MODULE_7:g2:a0:s_13\
	\RGB_PWM_green:PWMUDB:MODULE_7:g2:a0:s_12\
	\RGB_PWM_green:PWMUDB:MODULE_7:g2:a0:s_11\
	\RGB_PWM_green:PWMUDB:MODULE_7:g2:a0:s_10\
	\RGB_PWM_green:PWMUDB:MODULE_7:g2:a0:s_9\
	\RGB_PWM_green:PWMUDB:MODULE_7:g2:a0:s_8\
	\RGB_PWM_green:PWMUDB:MODULE_7:g2:a0:s_7\
	\RGB_PWM_green:PWMUDB:MODULE_7:g2:a0:s_6\
	\RGB_PWM_green:PWMUDB:MODULE_7:g2:a0:s_5\
	\RGB_PWM_green:PWMUDB:MODULE_7:g2:a0:s_4\
	\RGB_PWM_green:PWMUDB:MODULE_7:g2:a0:s_3\
	\RGB_PWM_green:PWMUDB:MODULE_7:g2:a0:s_2\
	\RGB_PWM_green:PWMUDB:MODULE_7:g2:a0:g1:z1:s0:g1:u0:c_31\
	\RGB_PWM_green:PWMUDB:MODULE_7:g2:a0:g1:z1:s0:g1:u0:c_30\
	\RGB_PWM_green:PWMUDB:MODULE_7:g2:a0:g1:z1:s0:g1:u0:c_29\
	\RGB_PWM_green:PWMUDB:MODULE_7:g2:a0:g1:z1:s0:g1:u0:c_28\
	\RGB_PWM_green:PWMUDB:MODULE_7:g2:a0:g1:z1:s0:g1:u0:c_27\
	\RGB_PWM_green:PWMUDB:MODULE_7:g2:a0:g1:z1:s0:g1:u0:c_26\
	\RGB_PWM_green:PWMUDB:MODULE_7:g2:a0:g1:z1:s0:g1:u0:c_25\
	Net_1279
	Net_1276
	\RGB_PWM_green:Net_113\
	\RGB_PWM_green:Net_107\
	\RGB_PWM_green:Net_114\
	\RGB_PWM_blue:PWMUDB:km_run\
	\RGB_PWM_blue:PWMUDB:ctrl_cmpmode2_2\
	\RGB_PWM_blue:PWMUDB:ctrl_cmpmode2_1\
	\RGB_PWM_blue:PWMUDB:ctrl_cmpmode2_0\
	\RGB_PWM_blue:PWMUDB:ctrl_cmpmode1_2\
	\RGB_PWM_blue:PWMUDB:ctrl_cmpmode1_1\
	\RGB_PWM_blue:PWMUDB:ctrl_cmpmode1_0\
	\RGB_PWM_blue:PWMUDB:capt_rising\
	\RGB_PWM_blue:PWMUDB:capt_falling\
	\RGB_PWM_blue:PWMUDB:trig_rise\
	\RGB_PWM_blue:PWMUDB:trig_fall\
	\RGB_PWM_blue:PWMUDB:sc_kill\
	\RGB_PWM_blue:PWMUDB:min_kill\
	\RGB_PWM_blue:PWMUDB:km_tc\
	\RGB_PWM_blue:PWMUDB:db_tc\
	\RGB_PWM_blue:PWMUDB:dith_sel\
	\RGB_PWM_blue:PWMUDB:compare2\
	\RGB_PWM_blue:Net_101\
	Net_1289
	Net_1290
	\RGB_PWM_blue:PWMUDB:cmp2\
	\RGB_PWM_blue:PWMUDB:MODULE_8:b_31\
	\RGB_PWM_blue:PWMUDB:MODULE_8:b_30\
	\RGB_PWM_blue:PWMUDB:MODULE_8:b_29\
	\RGB_PWM_blue:PWMUDB:MODULE_8:b_28\
	\RGB_PWM_blue:PWMUDB:MODULE_8:b_27\
	\RGB_PWM_blue:PWMUDB:MODULE_8:b_26\
	\RGB_PWM_blue:PWMUDB:MODULE_8:b_25\
	\RGB_PWM_blue:PWMUDB:MODULE_8:b_24\
	\RGB_PWM_blue:PWMUDB:MODULE_8:b_23\
	\RGB_PWM_blue:PWMUDB:MODULE_8:b_22\
	\RGB_PWM_blue:PWMUDB:MODULE_8:b_21\
	\RGB_PWM_blue:PWMUDB:MODULE_8:b_20\
	\RGB_PWM_blue:PWMUDB:MODULE_8:b_19\
	\RGB_PWM_blue:PWMUDB:MODULE_8:b_18\
	\RGB_PWM_blue:PWMUDB:MODULE_8:b_17\
	\RGB_PWM_blue:PWMUDB:MODULE_8:b_16\
	\RGB_PWM_blue:PWMUDB:MODULE_8:b_15\
	\RGB_PWM_blue:PWMUDB:MODULE_8:b_14\
	\RGB_PWM_blue:PWMUDB:MODULE_8:b_13\
	\RGB_PWM_blue:PWMUDB:MODULE_8:b_12\
	\RGB_PWM_blue:PWMUDB:MODULE_8:b_11\
	\RGB_PWM_blue:PWMUDB:MODULE_8:b_10\
	\RGB_PWM_blue:PWMUDB:MODULE_8:b_9\
	\RGB_PWM_blue:PWMUDB:MODULE_8:b_8\
	\RGB_PWM_blue:PWMUDB:MODULE_8:b_7\
	\RGB_PWM_blue:PWMUDB:MODULE_8:b_6\
	\RGB_PWM_blue:PWMUDB:MODULE_8:b_5\
	\RGB_PWM_blue:PWMUDB:MODULE_8:b_4\
	\RGB_PWM_blue:PWMUDB:MODULE_8:b_3\
	\RGB_PWM_blue:PWMUDB:MODULE_8:b_2\
	\RGB_PWM_blue:PWMUDB:MODULE_8:b_1\
	\RGB_PWM_blue:PWMUDB:MODULE_8:b_0\
	\RGB_PWM_blue:PWMUDB:MODULE_8:g2:a0:a_31\
	\RGB_PWM_blue:PWMUDB:MODULE_8:g2:a0:a_30\
	\RGB_PWM_blue:PWMUDB:MODULE_8:g2:a0:a_29\
	\RGB_PWM_blue:PWMUDB:MODULE_8:g2:a0:a_28\
	\RGB_PWM_blue:PWMUDB:MODULE_8:g2:a0:a_27\
	\RGB_PWM_blue:PWMUDB:MODULE_8:g2:a0:a_26\
	\RGB_PWM_blue:PWMUDB:MODULE_8:g2:a0:a_25\
	\RGB_PWM_blue:PWMUDB:MODULE_8:g2:a0:a_24\
	\RGB_PWM_blue:PWMUDB:MODULE_8:g2:a0:b_31\
	\RGB_PWM_blue:PWMUDB:MODULE_8:g2:a0:b_30\
	\RGB_PWM_blue:PWMUDB:MODULE_8:g2:a0:b_29\
	\RGB_PWM_blue:PWMUDB:MODULE_8:g2:a0:b_28\
	\RGB_PWM_blue:PWMUDB:MODULE_8:g2:a0:b_27\
	\RGB_PWM_blue:PWMUDB:MODULE_8:g2:a0:b_26\
	\RGB_PWM_blue:PWMUDB:MODULE_8:g2:a0:b_25\
	\RGB_PWM_blue:PWMUDB:MODULE_8:g2:a0:b_24\
	\RGB_PWM_blue:PWMUDB:MODULE_8:g2:a0:b_23\
	\RGB_PWM_blue:PWMUDB:MODULE_8:g2:a0:b_22\
	\RGB_PWM_blue:PWMUDB:MODULE_8:g2:a0:b_21\
	\RGB_PWM_blue:PWMUDB:MODULE_8:g2:a0:b_20\
	\RGB_PWM_blue:PWMUDB:MODULE_8:g2:a0:b_19\
	\RGB_PWM_blue:PWMUDB:MODULE_8:g2:a0:b_18\
	\RGB_PWM_blue:PWMUDB:MODULE_8:g2:a0:b_17\
	\RGB_PWM_blue:PWMUDB:MODULE_8:g2:a0:b_16\
	\RGB_PWM_blue:PWMUDB:MODULE_8:g2:a0:b_15\
	\RGB_PWM_blue:PWMUDB:MODULE_8:g2:a0:b_14\
	\RGB_PWM_blue:PWMUDB:MODULE_8:g2:a0:b_13\
	\RGB_PWM_blue:PWMUDB:MODULE_8:g2:a0:b_12\
	\RGB_PWM_blue:PWMUDB:MODULE_8:g2:a0:b_11\
	\RGB_PWM_blue:PWMUDB:MODULE_8:g2:a0:b_10\
	\RGB_PWM_blue:PWMUDB:MODULE_8:g2:a0:b_9\
	\RGB_PWM_blue:PWMUDB:MODULE_8:g2:a0:b_8\
	\RGB_PWM_blue:PWMUDB:MODULE_8:g2:a0:b_7\
	\RGB_PWM_blue:PWMUDB:MODULE_8:g2:a0:b_6\
	\RGB_PWM_blue:PWMUDB:MODULE_8:g2:a0:b_5\
	\RGB_PWM_blue:PWMUDB:MODULE_8:g2:a0:b_4\
	\RGB_PWM_blue:PWMUDB:MODULE_8:g2:a0:b_3\
	\RGB_PWM_blue:PWMUDB:MODULE_8:g2:a0:b_2\
	\RGB_PWM_blue:PWMUDB:MODULE_8:g2:a0:b_1\
	\RGB_PWM_blue:PWMUDB:MODULE_8:g2:a0:b_0\
	\RGB_PWM_blue:PWMUDB:MODULE_8:g2:a0:s_31\
	\RGB_PWM_blue:PWMUDB:MODULE_8:g2:a0:s_30\
	\RGB_PWM_blue:PWMUDB:MODULE_8:g2:a0:s_29\
	\RGB_PWM_blue:PWMUDB:MODULE_8:g2:a0:s_28\
	\RGB_PWM_blue:PWMUDB:MODULE_8:g2:a0:s_27\
	\RGB_PWM_blue:PWMUDB:MODULE_8:g2:a0:s_26\
	\RGB_PWM_blue:PWMUDB:MODULE_8:g2:a0:s_25\
	\RGB_PWM_blue:PWMUDB:MODULE_8:g2:a0:s_24\
	\RGB_PWM_blue:PWMUDB:MODULE_8:g2:a0:s_23\
	\RGB_PWM_blue:PWMUDB:MODULE_8:g2:a0:s_22\
	\RGB_PWM_blue:PWMUDB:MODULE_8:g2:a0:s_21\
	\RGB_PWM_blue:PWMUDB:MODULE_8:g2:a0:s_20\
	\RGB_PWM_blue:PWMUDB:MODULE_8:g2:a0:s_19\
	\RGB_PWM_blue:PWMUDB:MODULE_8:g2:a0:s_18\
	\RGB_PWM_blue:PWMUDB:MODULE_8:g2:a0:s_17\
	\RGB_PWM_blue:PWMUDB:MODULE_8:g2:a0:s_16\
	\RGB_PWM_blue:PWMUDB:MODULE_8:g2:a0:s_15\
	\RGB_PWM_blue:PWMUDB:MODULE_8:g2:a0:s_14\
	\RGB_PWM_blue:PWMUDB:MODULE_8:g2:a0:s_13\
	\RGB_PWM_blue:PWMUDB:MODULE_8:g2:a0:s_12\
	\RGB_PWM_blue:PWMUDB:MODULE_8:g2:a0:s_11\
	\RGB_PWM_blue:PWMUDB:MODULE_8:g2:a0:s_10\
	\RGB_PWM_blue:PWMUDB:MODULE_8:g2:a0:s_9\
	\RGB_PWM_blue:PWMUDB:MODULE_8:g2:a0:s_8\
	\RGB_PWM_blue:PWMUDB:MODULE_8:g2:a0:s_7\
	\RGB_PWM_blue:PWMUDB:MODULE_8:g2:a0:s_6\
	\RGB_PWM_blue:PWMUDB:MODULE_8:g2:a0:s_5\
	\RGB_PWM_blue:PWMUDB:MODULE_8:g2:a0:s_4\
	\RGB_PWM_blue:PWMUDB:MODULE_8:g2:a0:s_3\
	\RGB_PWM_blue:PWMUDB:MODULE_8:g2:a0:s_2\
	\RGB_PWM_blue:PWMUDB:MODULE_8:g2:a0:g1:z1:s0:g1:u0:c_31\
	\RGB_PWM_blue:PWMUDB:MODULE_8:g2:a0:g1:z1:s0:g1:u0:c_30\
	\RGB_PWM_blue:PWMUDB:MODULE_8:g2:a0:g1:z1:s0:g1:u0:c_29\
	\RGB_PWM_blue:PWMUDB:MODULE_8:g2:a0:g1:z1:s0:g1:u0:c_28\
	\RGB_PWM_blue:PWMUDB:MODULE_8:g2:a0:g1:z1:s0:g1:u0:c_27\
	\RGB_PWM_blue:PWMUDB:MODULE_8:g2:a0:g1:z1:s0:g1:u0:c_26\
	\RGB_PWM_blue:PWMUDB:MODULE_8:g2:a0:g1:z1:s0:g1:u0:c_25\
	Net_1291
	Net_1288
	\RGB_PWM_blue:Net_113\
	\RGB_PWM_blue:Net_107\
	\RGB_PWM_blue:Net_114\

    Synthesized names
	\RGB_PWM_red:PWMUDB:add_vi_vv_MODGEN_6_31\
	\RGB_PWM_red:PWMUDB:add_vi_vv_MODGEN_6_30\
	\RGB_PWM_red:PWMUDB:add_vi_vv_MODGEN_6_29\
	\RGB_PWM_red:PWMUDB:add_vi_vv_MODGEN_6_28\
	\RGB_PWM_red:PWMUDB:add_vi_vv_MODGEN_6_27\
	\RGB_PWM_red:PWMUDB:add_vi_vv_MODGEN_6_26\
	\RGB_PWM_red:PWMUDB:add_vi_vv_MODGEN_6_25\
	\RGB_PWM_red:PWMUDB:add_vi_vv_MODGEN_6_24\
	\RGB_PWM_red:PWMUDB:add_vi_vv_MODGEN_6_23\
	\RGB_PWM_red:PWMUDB:add_vi_vv_MODGEN_6_22\
	\RGB_PWM_red:PWMUDB:add_vi_vv_MODGEN_6_21\
	\RGB_PWM_red:PWMUDB:add_vi_vv_MODGEN_6_20\
	\RGB_PWM_red:PWMUDB:add_vi_vv_MODGEN_6_19\
	\RGB_PWM_red:PWMUDB:add_vi_vv_MODGEN_6_18\
	\RGB_PWM_red:PWMUDB:add_vi_vv_MODGEN_6_17\
	\RGB_PWM_red:PWMUDB:add_vi_vv_MODGEN_6_16\
	\RGB_PWM_red:PWMUDB:add_vi_vv_MODGEN_6_15\
	\RGB_PWM_red:PWMUDB:add_vi_vv_MODGEN_6_14\
	\RGB_PWM_red:PWMUDB:add_vi_vv_MODGEN_6_13\
	\RGB_PWM_red:PWMUDB:add_vi_vv_MODGEN_6_12\
	\RGB_PWM_red:PWMUDB:add_vi_vv_MODGEN_6_11\
	\RGB_PWM_red:PWMUDB:add_vi_vv_MODGEN_6_10\
	\RGB_PWM_red:PWMUDB:add_vi_vv_MODGEN_6_9\
	\RGB_PWM_red:PWMUDB:add_vi_vv_MODGEN_6_8\
	\RGB_PWM_red:PWMUDB:add_vi_vv_MODGEN_6_7\
	\RGB_PWM_red:PWMUDB:add_vi_vv_MODGEN_6_6\
	\RGB_PWM_red:PWMUDB:add_vi_vv_MODGEN_6_5\
	\RGB_PWM_red:PWMUDB:add_vi_vv_MODGEN_6_4\
	\RGB_PWM_red:PWMUDB:add_vi_vv_MODGEN_6_3\
	\RGB_PWM_red:PWMUDB:add_vi_vv_MODGEN_6_2\
	\RGB_PWM_green:PWMUDB:add_vi_vv_MODGEN_7_31\
	\RGB_PWM_green:PWMUDB:add_vi_vv_MODGEN_7_30\
	\RGB_PWM_green:PWMUDB:add_vi_vv_MODGEN_7_29\
	\RGB_PWM_green:PWMUDB:add_vi_vv_MODGEN_7_28\
	\RGB_PWM_green:PWMUDB:add_vi_vv_MODGEN_7_27\
	\RGB_PWM_green:PWMUDB:add_vi_vv_MODGEN_7_26\
	\RGB_PWM_green:PWMUDB:add_vi_vv_MODGEN_7_25\
	\RGB_PWM_green:PWMUDB:add_vi_vv_MODGEN_7_24\
	\RGB_PWM_green:PWMUDB:add_vi_vv_MODGEN_7_23\
	\RGB_PWM_green:PWMUDB:add_vi_vv_MODGEN_7_22\
	\RGB_PWM_green:PWMUDB:add_vi_vv_MODGEN_7_21\
	\RGB_PWM_green:PWMUDB:add_vi_vv_MODGEN_7_20\
	\RGB_PWM_green:PWMUDB:add_vi_vv_MODGEN_7_19\
	\RGB_PWM_green:PWMUDB:add_vi_vv_MODGEN_7_18\
	\RGB_PWM_green:PWMUDB:add_vi_vv_MODGEN_7_17\
	\RGB_PWM_green:PWMUDB:add_vi_vv_MODGEN_7_16\
	\RGB_PWM_green:PWMUDB:add_vi_vv_MODGEN_7_15\
	\RGB_PWM_green:PWMUDB:add_vi_vv_MODGEN_7_14\
	\RGB_PWM_green:PWMUDB:add_vi_vv_MODGEN_7_13\
	\RGB_PWM_green:PWMUDB:add_vi_vv_MODGEN_7_12\
	\RGB_PWM_green:PWMUDB:add_vi_vv_MODGEN_7_11\
	\RGB_PWM_green:PWMUDB:add_vi_vv_MODGEN_7_10\
	\RGB_PWM_green:PWMUDB:add_vi_vv_MODGEN_7_9\
	\RGB_PWM_green:PWMUDB:add_vi_vv_MODGEN_7_8\
	\RGB_PWM_green:PWMUDB:add_vi_vv_MODGEN_7_7\
	\RGB_PWM_green:PWMUDB:add_vi_vv_MODGEN_7_6\
	\RGB_PWM_green:PWMUDB:add_vi_vv_MODGEN_7_5\
	\RGB_PWM_green:PWMUDB:add_vi_vv_MODGEN_7_4\
	\RGB_PWM_green:PWMUDB:add_vi_vv_MODGEN_7_3\
	\RGB_PWM_green:PWMUDB:add_vi_vv_MODGEN_7_2\
	\RGB_PWM_blue:PWMUDB:add_vi_vv_MODGEN_8_31\
	\RGB_PWM_blue:PWMUDB:add_vi_vv_MODGEN_8_30\
	\RGB_PWM_blue:PWMUDB:add_vi_vv_MODGEN_8_29\
	\RGB_PWM_blue:PWMUDB:add_vi_vv_MODGEN_8_28\
	\RGB_PWM_blue:PWMUDB:add_vi_vv_MODGEN_8_27\
	\RGB_PWM_blue:PWMUDB:add_vi_vv_MODGEN_8_26\
	\RGB_PWM_blue:PWMUDB:add_vi_vv_MODGEN_8_25\
	\RGB_PWM_blue:PWMUDB:add_vi_vv_MODGEN_8_24\
	\RGB_PWM_blue:PWMUDB:add_vi_vv_MODGEN_8_23\
	\RGB_PWM_blue:PWMUDB:add_vi_vv_MODGEN_8_22\
	\RGB_PWM_blue:PWMUDB:add_vi_vv_MODGEN_8_21\
	\RGB_PWM_blue:PWMUDB:add_vi_vv_MODGEN_8_20\
	\RGB_PWM_blue:PWMUDB:add_vi_vv_MODGEN_8_19\
	\RGB_PWM_blue:PWMUDB:add_vi_vv_MODGEN_8_18\
	\RGB_PWM_blue:PWMUDB:add_vi_vv_MODGEN_8_17\
	\RGB_PWM_blue:PWMUDB:add_vi_vv_MODGEN_8_16\
	\RGB_PWM_blue:PWMUDB:add_vi_vv_MODGEN_8_15\
	\RGB_PWM_blue:PWMUDB:add_vi_vv_MODGEN_8_14\
	\RGB_PWM_blue:PWMUDB:add_vi_vv_MODGEN_8_13\
	\RGB_PWM_blue:PWMUDB:add_vi_vv_MODGEN_8_12\
	\RGB_PWM_blue:PWMUDB:add_vi_vv_MODGEN_8_11\
	\RGB_PWM_blue:PWMUDB:add_vi_vv_MODGEN_8_10\
	\RGB_PWM_blue:PWMUDB:add_vi_vv_MODGEN_8_9\
	\RGB_PWM_blue:PWMUDB:add_vi_vv_MODGEN_8_8\
	\RGB_PWM_blue:PWMUDB:add_vi_vv_MODGEN_8_7\
	\RGB_PWM_blue:PWMUDB:add_vi_vv_MODGEN_8_6\
	\RGB_PWM_blue:PWMUDB:add_vi_vv_MODGEN_8_5\
	\RGB_PWM_blue:PWMUDB:add_vi_vv_MODGEN_8_4\
	\RGB_PWM_blue:PWMUDB:add_vi_vv_MODGEN_8_3\
	\RGB_PWM_blue:PWMUDB:add_vi_vv_MODGEN_8_2\

Deleted 430 User equations/components.
Deleted 90 Synthesized equations/components.

------------------------------------------------------
Alias Detection
------------------------------------------------------
Aliasing one to tmpOE__SEVEN_A_net_0
Aliasing tmpOE__SEVEN_B_net_0 to tmpOE__SEVEN_A_net_0
Aliasing tmpOE__SEVEN_C_net_0 to tmpOE__SEVEN_A_net_0
Aliasing tmpOE__SEVEN_D_net_0 to tmpOE__SEVEN_A_net_0
Aliasing tmpOE__SEVEN_E_net_0 to tmpOE__SEVEN_A_net_0
Aliasing tmpOE__SEVEN_F_net_0 to tmpOE__SEVEN_A_net_0
Aliasing tmpOE__SEVEN_G_net_0 to tmpOE__SEVEN_A_net_0
Aliasing tmpOE__SEVEN_DP_net_0 to tmpOE__SEVEN_A_net_0
Aliasing tmpOE__SEVEN_SELECT_net_0 to tmpOE__SEVEN_A_net_0
Aliasing \SEVEN_reg:clk\ to zero
Aliasing \SEVEN_reg:rst\ to zero
Aliasing tmpOE__BUTTON_1_net_0 to tmpOE__SEVEN_A_net_0
Aliasing tmpOE__BUTTON_2_net_0 to tmpOE__SEVEN_A_net_0
Aliasing tmpOE__BUTTON_3_net_0 to tmpOE__SEVEN_A_net_0
Aliasing tmpOE__BUTTON_4_net_0 to tmpOE__SEVEN_A_net_0
Aliasing tmpOE__LED_red_net_0 to tmpOE__SEVEN_A_net_0
Aliasing tmpOE__LED_yellow_net_0 to tmpOE__SEVEN_A_net_0
Aliasing tmpOE__LED_green_net_0 to tmpOE__SEVEN_A_net_0
Aliasing tmpOE__DEBUG_TX_net_0 to tmpOE__SEVEN_A_net_0
Aliasing tmpOE__DEBUG_RX_net_0 to tmpOE__SEVEN_A_net_0
Aliasing \UART_LOG:BUART:tx_hd_send_break\ to zero
Aliasing \UART_LOG:BUART:HalfDuplexSend\ to zero
Aliasing \UART_LOG:BUART:FinalParityType_1\ to zero
Aliasing \UART_LOG:BUART:FinalParityType_0\ to zero
Aliasing \UART_LOG:BUART:FinalAddrMode_2\ to zero
Aliasing \UART_LOG:BUART:FinalAddrMode_1\ to zero
Aliasing \UART_LOG:BUART:FinalAddrMode_0\ to zero
Aliasing \UART_LOG:BUART:tx_ctrl_mark\ to zero
Aliasing \UART_LOG:BUART:tx_status_6\ to zero
Aliasing \UART_LOG:BUART:tx_status_5\ to zero
Aliasing \UART_LOG:BUART:tx_status_4\ to zero
Aliasing \UART_LOG:BUART:rx_count7_bit8_wire\ to zero
Aliasing \UART_LOG:BUART:sRX:s23Poll:MODULE_1:g2:a0:g1:z1:s0:g1:u0:b_0\ to tmpOE__SEVEN_A_net_0
Aliasing \UART_LOG:BUART:sRX:s23Poll:MODIN2_1\ to \UART_LOG:BUART:sRX:s23Poll:MODIN1_1\
Aliasing \UART_LOG:BUART:sRX:s23Poll:MODIN2_0\ to \UART_LOG:BUART:sRX:s23Poll:MODIN1_0\
Aliasing \UART_LOG:BUART:sRX:s23Poll:MODULE_2:g2:a0:newb_1\ to zero
Aliasing \UART_LOG:BUART:sRX:s23Poll:MODULE_2:g2:a0:newb_0\ to tmpOE__SEVEN_A_net_0
Aliasing \UART_LOG:BUART:sRX:s23Poll:MODIN3_1\ to \UART_LOG:BUART:sRX:s23Poll:MODIN1_1\
Aliasing \UART_LOG:BUART:sRX:s23Poll:MODIN3_0\ to \UART_LOG:BUART:sRX:s23Poll:MODIN1_0\
Aliasing \UART_LOG:BUART:sRX:s23Poll:MODULE_3:g2:a0:newb_1\ to tmpOE__SEVEN_A_net_0
Aliasing \UART_LOG:BUART:sRX:s23Poll:MODULE_3:g2:a0:newb_0\ to zero
Aliasing \UART_LOG:BUART:rx_status_1\ to zero
Aliasing \UART_LOG:BUART:sRX:MODULE_4:g2:a0:newa_6\ to zero
Aliasing \UART_LOG:BUART:sRX:MODULE_4:g2:a0:newa_5\ to zero
Aliasing \UART_LOG:BUART:sRX:MODULE_4:g2:a0:newa_4\ to zero
Aliasing \UART_LOG:BUART:sRX:MODULE_4:g2:a0:newb_6\ to zero
Aliasing \UART_LOG:BUART:sRX:MODULE_4:g2:a0:newb_5\ to zero
Aliasing \UART_LOG:BUART:sRX:MODULE_4:g2:a0:newb_4\ to zero
Aliasing \UART_LOG:BUART:sRX:MODULE_4:g2:a0:newb_3\ to zero
Aliasing \UART_LOG:BUART:sRX:MODULE_4:g2:a0:newb_2\ to tmpOE__SEVEN_A_net_0
Aliasing \UART_LOG:BUART:sRX:MODULE_4:g2:a0:newb_1\ to tmpOE__SEVEN_A_net_0
Aliasing \UART_LOG:BUART:sRX:MODULE_4:g2:a0:newb_0\ to zero
Aliasing \UART_LOG:BUART:sRX:MODULE_5:g1:a0:gx:u0:aeqb_0\ to tmpOE__SEVEN_A_net_0
Aliasing \RGB_PWM_red:PWMUDB:hwCapture\ to zero
Aliasing \RGB_PWM_red:PWMUDB:trig_out\ to tmpOE__SEVEN_A_net_0
Aliasing \RGB_PWM_red:PWMUDB:runmode_enable\\R\ to zero
Aliasing \RGB_PWM_red:PWMUDB:runmode_enable\\S\ to zero
Aliasing \RGB_PWM_red:PWMUDB:ltch_kill_reg\\R\ to zero
Aliasing \RGB_PWM_red:PWMUDB:ltch_kill_reg\\S\ to zero
Aliasing \RGB_PWM_red:PWMUDB:min_kill_reg\\R\ to zero
Aliasing \RGB_PWM_red:PWMUDB:min_kill_reg\\S\ to zero
Aliasing \RGB_PWM_red:PWMUDB:final_kill\ to tmpOE__SEVEN_A_net_0
Aliasing \RGB_PWM_red:PWMUDB:dith_count_1\\R\ to zero
Aliasing \RGB_PWM_red:PWMUDB:dith_count_1\\S\ to zero
Aliasing \RGB_PWM_red:PWMUDB:dith_count_0\\R\ to zero
Aliasing \RGB_PWM_red:PWMUDB:dith_count_0\\S\ to zero
Aliasing \RGB_PWM_red:PWMUDB:cs_addr_0\ to zero
Aliasing \RGB_PWM_red:PWMUDB:pwm1_i\ to zero
Aliasing \RGB_PWM_red:PWMUDB:pwm2_i\ to zero
Aliasing \RGB_PWM_red:PWMUDB:MODULE_6:g2:a0:a_23\ to zero
Aliasing \RGB_PWM_red:PWMUDB:MODULE_6:g2:a0:a_22\ to zero
Aliasing \RGB_PWM_red:PWMUDB:MODULE_6:g2:a0:a_21\ to zero
Aliasing \RGB_PWM_red:PWMUDB:MODULE_6:g2:a0:a_20\ to zero
Aliasing \RGB_PWM_red:PWMUDB:MODULE_6:g2:a0:a_19\ to zero
Aliasing \RGB_PWM_red:PWMUDB:MODULE_6:g2:a0:a_18\ to zero
Aliasing \RGB_PWM_red:PWMUDB:MODULE_6:g2:a0:a_17\ to zero
Aliasing \RGB_PWM_red:PWMUDB:MODULE_6:g2:a0:a_16\ to zero
Aliasing \RGB_PWM_red:PWMUDB:MODULE_6:g2:a0:a_15\ to zero
Aliasing \RGB_PWM_red:PWMUDB:MODULE_6:g2:a0:a_14\ to zero
Aliasing \RGB_PWM_red:PWMUDB:MODULE_6:g2:a0:a_13\ to zero
Aliasing \RGB_PWM_red:PWMUDB:MODULE_6:g2:a0:a_12\ to zero
Aliasing \RGB_PWM_red:PWMUDB:MODULE_6:g2:a0:a_11\ to zero
Aliasing \RGB_PWM_red:PWMUDB:MODULE_6:g2:a0:a_10\ to zero
Aliasing \RGB_PWM_red:PWMUDB:MODULE_6:g2:a0:a_9\ to zero
Aliasing \RGB_PWM_red:PWMUDB:MODULE_6:g2:a0:a_8\ to zero
Aliasing \RGB_PWM_red:PWMUDB:MODULE_6:g2:a0:a_7\ to zero
Aliasing \RGB_PWM_red:PWMUDB:MODULE_6:g2:a0:a_6\ to zero
Aliasing \RGB_PWM_red:PWMUDB:MODULE_6:g2:a0:a_5\ to zero
Aliasing \RGB_PWM_red:PWMUDB:MODULE_6:g2:a0:a_4\ to zero
Aliasing \RGB_PWM_red:PWMUDB:MODULE_6:g2:a0:a_3\ to zero
Aliasing \RGB_PWM_red:PWMUDB:MODULE_6:g2:a0:a_2\ to zero
Aliasing \RGB_PWM_red:PWMUDB:MODULE_6:g2:a0:g1:z1:s0:g1:u0:b_0\ to tmpOE__SEVEN_A_net_0
Aliasing \RGB_PWM_green:PWMUDB:hwCapture\ to zero
Aliasing \RGB_PWM_green:PWMUDB:trig_out\ to tmpOE__SEVEN_A_net_0
Aliasing \RGB_PWM_green:PWMUDB:runmode_enable\\R\ to zero
Aliasing \RGB_PWM_green:PWMUDB:runmode_enable\\S\ to zero
Aliasing \RGB_PWM_green:PWMUDB:ltch_kill_reg\\R\ to zero
Aliasing \RGB_PWM_green:PWMUDB:ltch_kill_reg\\S\ to zero
Aliasing \RGB_PWM_green:PWMUDB:min_kill_reg\\R\ to zero
Aliasing \RGB_PWM_green:PWMUDB:min_kill_reg\\S\ to zero
Aliasing \RGB_PWM_green:PWMUDB:final_kill\ to tmpOE__SEVEN_A_net_0
Aliasing \RGB_PWM_green:PWMUDB:dith_count_1\\R\ to zero
Aliasing \RGB_PWM_green:PWMUDB:dith_count_1\\S\ to zero
Aliasing \RGB_PWM_green:PWMUDB:dith_count_0\\R\ to zero
Aliasing \RGB_PWM_green:PWMUDB:dith_count_0\\S\ to zero
Aliasing \RGB_PWM_green:PWMUDB:cs_addr_0\ to zero
Aliasing \RGB_PWM_green:PWMUDB:pwm1_i\ to zero
Aliasing \RGB_PWM_green:PWMUDB:pwm2_i\ to zero
Aliasing \RGB_PWM_green:PWMUDB:MODULE_7:g2:a0:a_23\ to zero
Aliasing \RGB_PWM_green:PWMUDB:MODULE_7:g2:a0:a_22\ to zero
Aliasing \RGB_PWM_green:PWMUDB:MODULE_7:g2:a0:a_21\ to zero
Aliasing \RGB_PWM_green:PWMUDB:MODULE_7:g2:a0:a_20\ to zero
Aliasing \RGB_PWM_green:PWMUDB:MODULE_7:g2:a0:a_19\ to zero
Aliasing \RGB_PWM_green:PWMUDB:MODULE_7:g2:a0:a_18\ to zero
Aliasing \RGB_PWM_green:PWMUDB:MODULE_7:g2:a0:a_17\ to zero
Aliasing \RGB_PWM_green:PWMUDB:MODULE_7:g2:a0:a_16\ to zero
Aliasing \RGB_PWM_green:PWMUDB:MODULE_7:g2:a0:a_15\ to zero
Aliasing \RGB_PWM_green:PWMUDB:MODULE_7:g2:a0:a_14\ to zero
Aliasing \RGB_PWM_green:PWMUDB:MODULE_7:g2:a0:a_13\ to zero
Aliasing \RGB_PWM_green:PWMUDB:MODULE_7:g2:a0:a_12\ to zero
Aliasing \RGB_PWM_green:PWMUDB:MODULE_7:g2:a0:a_11\ to zero
Aliasing \RGB_PWM_green:PWMUDB:MODULE_7:g2:a0:a_10\ to zero
Aliasing \RGB_PWM_green:PWMUDB:MODULE_7:g2:a0:a_9\ to zero
Aliasing \RGB_PWM_green:PWMUDB:MODULE_7:g2:a0:a_8\ to zero
Aliasing \RGB_PWM_green:PWMUDB:MODULE_7:g2:a0:a_7\ to zero
Aliasing \RGB_PWM_green:PWMUDB:MODULE_7:g2:a0:a_6\ to zero
Aliasing \RGB_PWM_green:PWMUDB:MODULE_7:g2:a0:a_5\ to zero
Aliasing \RGB_PWM_green:PWMUDB:MODULE_7:g2:a0:a_4\ to zero
Aliasing \RGB_PWM_green:PWMUDB:MODULE_7:g2:a0:a_3\ to zero
Aliasing \RGB_PWM_green:PWMUDB:MODULE_7:g2:a0:a_2\ to zero
Aliasing \RGB_PWM_green:PWMUDB:MODULE_7:g2:a0:g1:z1:s0:g1:u0:b_0\ to tmpOE__SEVEN_A_net_0
Aliasing \RGB_PWM_blue:PWMUDB:hwCapture\ to zero
Aliasing \RGB_PWM_blue:PWMUDB:trig_out\ to tmpOE__SEVEN_A_net_0
Aliasing \RGB_PWM_blue:PWMUDB:runmode_enable\\R\ to zero
Aliasing \RGB_PWM_blue:PWMUDB:runmode_enable\\S\ to zero
Aliasing \RGB_PWM_blue:PWMUDB:ltch_kill_reg\\R\ to zero
Aliasing \RGB_PWM_blue:PWMUDB:ltch_kill_reg\\S\ to zero
Aliasing \RGB_PWM_blue:PWMUDB:min_kill_reg\\R\ to zero
Aliasing \RGB_PWM_blue:PWMUDB:min_kill_reg\\S\ to zero
Aliasing \RGB_PWM_blue:PWMUDB:final_kill\ to tmpOE__SEVEN_A_net_0
Aliasing \RGB_PWM_blue:PWMUDB:dith_count_1\\R\ to zero
Aliasing \RGB_PWM_blue:PWMUDB:dith_count_1\\S\ to zero
Aliasing \RGB_PWM_blue:PWMUDB:dith_count_0\\R\ to zero
Aliasing \RGB_PWM_blue:PWMUDB:dith_count_0\\S\ to zero
Aliasing \RGB_PWM_blue:PWMUDB:cs_addr_0\ to zero
Aliasing \RGB_PWM_blue:PWMUDB:pwm1_i\ to zero
Aliasing \RGB_PWM_blue:PWMUDB:pwm2_i\ to zero
Aliasing \RGB_PWM_blue:PWMUDB:MODULE_8:g2:a0:a_23\ to zero
Aliasing \RGB_PWM_blue:PWMUDB:MODULE_8:g2:a0:a_22\ to zero
Aliasing \RGB_PWM_blue:PWMUDB:MODULE_8:g2:a0:a_21\ to zero
Aliasing \RGB_PWM_blue:PWMUDB:MODULE_8:g2:a0:a_20\ to zero
Aliasing \RGB_PWM_blue:PWMUDB:MODULE_8:g2:a0:a_19\ to zero
Aliasing \RGB_PWM_blue:PWMUDB:MODULE_8:g2:a0:a_18\ to zero
Aliasing \RGB_PWM_blue:PWMUDB:MODULE_8:g2:a0:a_17\ to zero
Aliasing \RGB_PWM_blue:PWMUDB:MODULE_8:g2:a0:a_16\ to zero
Aliasing \RGB_PWM_blue:PWMUDB:MODULE_8:g2:a0:a_15\ to zero
Aliasing \RGB_PWM_blue:PWMUDB:MODULE_8:g2:a0:a_14\ to zero
Aliasing \RGB_PWM_blue:PWMUDB:MODULE_8:g2:a0:a_13\ to zero
Aliasing \RGB_PWM_blue:PWMUDB:MODULE_8:g2:a0:a_12\ to zero
Aliasing \RGB_PWM_blue:PWMUDB:MODULE_8:g2:a0:a_11\ to zero
Aliasing \RGB_PWM_blue:PWMUDB:MODULE_8:g2:a0:a_10\ to zero
Aliasing \RGB_PWM_blue:PWMUDB:MODULE_8:g2:a0:a_9\ to zero
Aliasing \RGB_PWM_blue:PWMUDB:MODULE_8:g2:a0:a_8\ to zero
Aliasing \RGB_PWM_blue:PWMUDB:MODULE_8:g2:a0:a_7\ to zero
Aliasing \RGB_PWM_blue:PWMUDB:MODULE_8:g2:a0:a_6\ to zero
Aliasing \RGB_PWM_blue:PWMUDB:MODULE_8:g2:a0:a_5\ to zero
Aliasing \RGB_PWM_blue:PWMUDB:MODULE_8:g2:a0:a_4\ to zero
Aliasing \RGB_PWM_blue:PWMUDB:MODULE_8:g2:a0:a_3\ to zero
Aliasing \RGB_PWM_blue:PWMUDB:MODULE_8:g2:a0:a_2\ to zero
Aliasing \RGB_PWM_blue:PWMUDB:MODULE_8:g2:a0:g1:z1:s0:g1:u0:b_0\ to tmpOE__SEVEN_A_net_0
Aliasing tmpOE__RGB_R_net_0 to tmpOE__SEVEN_A_net_0
Aliasing tmpOE__RGB_G_net_0 to tmpOE__SEVEN_A_net_0
Aliasing tmpOE__RGB_B_net_0 to tmpOE__SEVEN_A_net_0
Aliasing \UART_LOG:BUART:reset_reg\\D\ to zero
Aliasing \UART_LOG:BUART:rx_break_status\\D\ to zero
Aliasing \RGB_PWM_red:PWMUDB:min_kill_reg\\D\ to tmpOE__SEVEN_A_net_0
Aliasing \RGB_PWM_red:PWMUDB:prevCapture\\D\ to zero
Aliasing \RGB_PWM_red:PWMUDB:trig_last\\D\ to zero
Aliasing \RGB_PWM_red:PWMUDB:ltch_kill_reg\\D\ to tmpOE__SEVEN_A_net_0
Aliasing \RGB_PWM_green:PWMUDB:min_kill_reg\\D\ to tmpOE__SEVEN_A_net_0
Aliasing \RGB_PWM_green:PWMUDB:prevCapture\\D\ to zero
Aliasing \RGB_PWM_green:PWMUDB:trig_last\\D\ to zero
Aliasing \RGB_PWM_green:PWMUDB:ltch_kill_reg\\D\ to tmpOE__SEVEN_A_net_0
Aliasing \RGB_PWM_blue:PWMUDB:min_kill_reg\\D\ to tmpOE__SEVEN_A_net_0
Aliasing \RGB_PWM_blue:PWMUDB:prevCapture\\D\ to zero
Aliasing \RGB_PWM_blue:PWMUDB:trig_last\\D\ to zero
Aliasing \RGB_PWM_blue:PWMUDB:ltch_kill_reg\\D\ to tmpOE__SEVEN_A_net_0
Removing Rhs of wire Net_1227[2] = \SEVEN_reg:control_out_7\[82]
Removing Rhs of wire Net_1227[2] = \SEVEN_reg:control_7\[84]
Removing Lhs of wire one[8] = tmpOE__SEVEN_A_net_0[1]
Removing Lhs of wire tmpOE__SEVEN_B_net_0[11] = tmpOE__SEVEN_A_net_0[1]
Removing Rhs of wire Net_1229[12] = \SEVEN_reg:control_out_6\[81]
Removing Rhs of wire Net_1229[12] = \SEVEN_reg:control_6\[85]
Removing Lhs of wire tmpOE__SEVEN_C_net_0[19] = tmpOE__SEVEN_A_net_0[1]
Removing Rhs of wire Net_1231[20] = \SEVEN_reg:control_out_5\[80]
Removing Rhs of wire Net_1231[20] = \SEVEN_reg:control_5\[86]
Removing Lhs of wire tmpOE__SEVEN_D_net_0[27] = tmpOE__SEVEN_A_net_0[1]
Removing Rhs of wire Net_1233[28] = \SEVEN_reg:control_out_4\[79]
Removing Rhs of wire Net_1233[28] = \SEVEN_reg:control_4\[87]
Removing Lhs of wire tmpOE__SEVEN_E_net_0[35] = tmpOE__SEVEN_A_net_0[1]
Removing Rhs of wire Net_1235[36] = \SEVEN_reg:control_out_3\[78]
Removing Rhs of wire Net_1235[36] = \SEVEN_reg:control_3\[88]
Removing Lhs of wire tmpOE__SEVEN_F_net_0[43] = tmpOE__SEVEN_A_net_0[1]
Removing Rhs of wire Net_1237[44] = \SEVEN_reg:control_out_2\[77]
Removing Rhs of wire Net_1237[44] = \SEVEN_reg:control_2\[89]
Removing Lhs of wire tmpOE__SEVEN_G_net_0[51] = tmpOE__SEVEN_A_net_0[1]
Removing Rhs of wire Net_1239[52] = \SEVEN_reg:control_out_1\[76]
Removing Rhs of wire Net_1239[52] = \SEVEN_reg:control_1\[90]
Removing Lhs of wire tmpOE__SEVEN_DP_net_0[59] = tmpOE__SEVEN_A_net_0[1]
Removing Rhs of wire Net_1241[60] = \SEVEN_reg:control_out_0\[75]
Removing Rhs of wire Net_1241[60] = \SEVEN_reg:control_0\[91]
Removing Lhs of wire tmpOE__SEVEN_SELECT_net_0[67] = tmpOE__SEVEN_A_net_0[1]
Removing Lhs of wire \SEVEN_reg:clk\[73] = zero[7]
Removing Lhs of wire \SEVEN_reg:rst\[74] = zero[7]
Removing Lhs of wire tmpOE__BUTTON_1_net_0[93] = tmpOE__SEVEN_A_net_0[1]
Removing Lhs of wire tmpOE__BUTTON_2_net_0[102] = tmpOE__SEVEN_A_net_0[1]
Removing Lhs of wire tmpOE__BUTTON_3_net_0[109] = tmpOE__SEVEN_A_net_0[1]
Removing Lhs of wire tmpOE__BUTTON_4_net_0[116] = tmpOE__SEVEN_A_net_0[1]
Removing Lhs of wire tmpOE__LED_red_net_0[123] = tmpOE__SEVEN_A_net_0[1]
Removing Lhs of wire tmpOE__LED_yellow_net_0[129] = tmpOE__SEVEN_A_net_0[1]
Removing Lhs of wire tmpOE__LED_green_net_0[135] = tmpOE__SEVEN_A_net_0[1]
Removing Lhs of wire tmpOE__DEBUG_TX_net_0[141] = tmpOE__SEVEN_A_net_0[1]
Removing Lhs of wire tmpOE__DEBUG_RX_net_0[148] = tmpOE__SEVEN_A_net_0[1]
Removing Rhs of wire Net_1256[154] = \UART_LOG:BUART:tx_interrupt_out\[174]
Removing Rhs of wire Net_1257[158] = \UART_LOG:BUART:rx_interrupt_out\[175]
Removing Lhs of wire \UART_LOG:Net_61\[159] = \UART_LOG:Net_9\[156]
Removing Lhs of wire \UART_LOG:BUART:tx_hd_send_break\[163] = zero[7]
Removing Lhs of wire \UART_LOG:BUART:HalfDuplexSend\[164] = zero[7]
Removing Lhs of wire \UART_LOG:BUART:FinalParityType_1\[165] = zero[7]
Removing Lhs of wire \UART_LOG:BUART:FinalParityType_0\[166] = zero[7]
Removing Lhs of wire \UART_LOG:BUART:FinalAddrMode_2\[167] = zero[7]
Removing Lhs of wire \UART_LOG:BUART:FinalAddrMode_1\[168] = zero[7]
Removing Lhs of wire \UART_LOG:BUART:FinalAddrMode_0\[169] = zero[7]
Removing Lhs of wire \UART_LOG:BUART:tx_ctrl_mark\[170] = zero[7]
Removing Rhs of wire \UART_LOG:BUART:tx_bitclk_enable_pre\[179] = \UART_LOG:BUART:tx_bitclk_dp\[215]
Removing Lhs of wire \UART_LOG:BUART:tx_counter_tc\[225] = \UART_LOG:BUART:tx_counter_dp\[216]
Removing Lhs of wire \UART_LOG:BUART:tx_status_6\[226] = zero[7]
Removing Lhs of wire \UART_LOG:BUART:tx_status_5\[227] = zero[7]
Removing Lhs of wire \UART_LOG:BUART:tx_status_4\[228] = zero[7]
Removing Lhs of wire \UART_LOG:BUART:tx_status_1\[230] = \UART_LOG:BUART:tx_fifo_empty\[193]
Removing Lhs of wire \UART_LOG:BUART:tx_status_3\[232] = \UART_LOG:BUART:tx_fifo_notfull\[192]
Removing Lhs of wire \UART_LOG:BUART:rx_count7_bit8_wire\[292] = zero[7]
Removing Lhs of wire \UART_LOG:BUART:sRX:s23Poll:add_vv_vv_MODGEN_1_1\[299] = \UART_LOG:BUART:sRX:s23Poll:MODULE_1:g2:a0:s_1\[310]
Removing Lhs of wire \UART_LOG:BUART:sRX:s23Poll:add_vv_vv_MODGEN_1_0\[301] = \UART_LOG:BUART:sRX:s23Poll:MODULE_1:g2:a0:s_0\[311]
Removing Lhs of wire \UART_LOG:BUART:sRX:s23Poll:cmp_vv_vv_MODGEN_2\[302] = \UART_LOG:BUART:sRX:s23Poll:MODULE_2:g2:a0:lta_0\[327]
Removing Lhs of wire \UART_LOG:BUART:sRX:s23Poll:cmp_vv_vv_MODGEN_3\[303] = \UART_LOG:BUART:sRX:s23Poll:MODULE_3:g2:a0:lta_0\[341]
Removing Lhs of wire \UART_LOG:BUART:sRX:s23Poll:MODULE_1:g2:a0:a_1\[304] = \UART_LOG:BUART:sRX:s23Poll:MODIN1_1\[305]
Removing Lhs of wire \UART_LOG:BUART:sRX:s23Poll:MODIN1_1\[305] = \UART_LOG:BUART:pollcount_1\[298]
Removing Lhs of wire \UART_LOG:BUART:sRX:s23Poll:MODULE_1:g2:a0:a_0\[306] = \UART_LOG:BUART:sRX:s23Poll:MODIN1_0\[307]
Removing Lhs of wire \UART_LOG:BUART:sRX:s23Poll:MODIN1_0\[307] = \UART_LOG:BUART:pollcount_0\[300]
Removing Lhs of wire \UART_LOG:BUART:sRX:s23Poll:MODULE_1:g2:a0:g1:z1:s0:g1:u0:c_0\[313] = tmpOE__SEVEN_A_net_0[1]
Removing Lhs of wire \UART_LOG:BUART:sRX:s23Poll:MODULE_1:g2:a0:g1:z1:s0:g1:u0:b_0\[314] = tmpOE__SEVEN_A_net_0[1]
Removing Lhs of wire \UART_LOG:BUART:sRX:s23Poll:MODULE_2:g2:a0:newa_1\[315] = \UART_LOG:BUART:pollcount_1\[298]
Removing Lhs of wire \UART_LOG:BUART:sRX:s23Poll:MODIN2_1\[316] = \UART_LOG:BUART:pollcount_1\[298]
Removing Lhs of wire \UART_LOG:BUART:sRX:s23Poll:MODULE_2:g2:a0:newa_0\[317] = \UART_LOG:BUART:pollcount_0\[300]
Removing Lhs of wire \UART_LOG:BUART:sRX:s23Poll:MODIN2_0\[318] = \UART_LOG:BUART:pollcount_0\[300]
Removing Lhs of wire \UART_LOG:BUART:sRX:s23Poll:MODULE_2:g2:a0:newb_1\[319] = zero[7]
Removing Lhs of wire \UART_LOG:BUART:sRX:s23Poll:MODULE_2:g2:a0:newb_0\[320] = tmpOE__SEVEN_A_net_0[1]
Removing Lhs of wire \UART_LOG:BUART:sRX:s23Poll:MODULE_2:g2:a0:dataa_1\[321] = \UART_LOG:BUART:pollcount_1\[298]
Removing Lhs of wire \UART_LOG:BUART:sRX:s23Poll:MODULE_2:g2:a0:dataa_0\[322] = \UART_LOG:BUART:pollcount_0\[300]
Removing Lhs of wire \UART_LOG:BUART:sRX:s23Poll:MODULE_2:g2:a0:datab_1\[323] = zero[7]
Removing Lhs of wire \UART_LOG:BUART:sRX:s23Poll:MODULE_2:g2:a0:datab_0\[324] = tmpOE__SEVEN_A_net_0[1]
Removing Lhs of wire \UART_LOG:BUART:sRX:s23Poll:MODULE_3:g2:a0:newa_1\[329] = \UART_LOG:BUART:pollcount_1\[298]
Removing Lhs of wire \UART_LOG:BUART:sRX:s23Poll:MODIN3_1\[330] = \UART_LOG:BUART:pollcount_1\[298]
Removing Lhs of wire \UART_LOG:BUART:sRX:s23Poll:MODULE_3:g2:a0:newa_0\[331] = \UART_LOG:BUART:pollcount_0\[300]
Removing Lhs of wire \UART_LOG:BUART:sRX:s23Poll:MODIN3_0\[332] = \UART_LOG:BUART:pollcount_0\[300]
Removing Lhs of wire \UART_LOG:BUART:sRX:s23Poll:MODULE_3:g2:a0:newb_1\[333] = tmpOE__SEVEN_A_net_0[1]
Removing Lhs of wire \UART_LOG:BUART:sRX:s23Poll:MODULE_3:g2:a0:newb_0\[334] = zero[7]
Removing Lhs of wire \UART_LOG:BUART:sRX:s23Poll:MODULE_3:g2:a0:dataa_1\[335] = \UART_LOG:BUART:pollcount_1\[298]
Removing Lhs of wire \UART_LOG:BUART:sRX:s23Poll:MODULE_3:g2:a0:dataa_0\[336] = \UART_LOG:BUART:pollcount_0\[300]
Removing Lhs of wire \UART_LOG:BUART:sRX:s23Poll:MODULE_3:g2:a0:datab_1\[337] = tmpOE__SEVEN_A_net_0[1]
Removing Lhs of wire \UART_LOG:BUART:sRX:s23Poll:MODULE_3:g2:a0:datab_0\[338] = zero[7]
Removing Lhs of wire \UART_LOG:BUART:rx_status_1\[345] = zero[7]
Removing Rhs of wire \UART_LOG:BUART:rx_status_2\[346] = \UART_LOG:BUART:rx_parity_error_status\[347]
Removing Rhs of wire \UART_LOG:BUART:rx_status_3\[348] = \UART_LOG:BUART:rx_stop_bit_error\[349]
Removing Lhs of wire \UART_LOG:BUART:sRX:cmp_vv_vv_MODGEN_4\[359] = \UART_LOG:BUART:sRX:MODULE_4:g2:a0:lta_0\[408]
Removing Lhs of wire \UART_LOG:BUART:sRX:cmp_vv_vv_MODGEN_5\[363] = \UART_LOG:BUART:sRX:MODULE_5:g1:a0:xneq\[430]
Removing Lhs of wire \UART_LOG:BUART:sRX:MODULE_4:g2:a0:newa_6\[364] = zero[7]
Removing Lhs of wire \UART_LOG:BUART:sRX:MODULE_4:g2:a0:newa_5\[365] = zero[7]
Removing Lhs of wire \UART_LOG:BUART:sRX:MODULE_4:g2:a0:newa_4\[366] = zero[7]
Removing Lhs of wire \UART_LOG:BUART:sRX:MODULE_4:g2:a0:newa_3\[367] = \UART_LOG:BUART:sRX:MODIN4_6\[368]
Removing Lhs of wire \UART_LOG:BUART:sRX:MODIN4_6\[368] = \UART_LOG:BUART:rx_count_6\[287]
Removing Lhs of wire \UART_LOG:BUART:sRX:MODULE_4:g2:a0:newa_2\[369] = \UART_LOG:BUART:sRX:MODIN4_5\[370]
Removing Lhs of wire \UART_LOG:BUART:sRX:MODIN4_5\[370] = \UART_LOG:BUART:rx_count_5\[288]
Removing Lhs of wire \UART_LOG:BUART:sRX:MODULE_4:g2:a0:newa_1\[371] = \UART_LOG:BUART:sRX:MODIN4_4\[372]
Removing Lhs of wire \UART_LOG:BUART:sRX:MODIN4_4\[372] = \UART_LOG:BUART:rx_count_4\[289]
Removing Lhs of wire \UART_LOG:BUART:sRX:MODULE_4:g2:a0:newa_0\[373] = \UART_LOG:BUART:sRX:MODIN4_3\[374]
Removing Lhs of wire \UART_LOG:BUART:sRX:MODIN4_3\[374] = \UART_LOG:BUART:rx_count_3\[290]
Removing Lhs of wire \UART_LOG:BUART:sRX:MODULE_4:g2:a0:newb_6\[375] = zero[7]
Removing Lhs of wire \UART_LOG:BUART:sRX:MODULE_4:g2:a0:newb_5\[376] = zero[7]
Removing Lhs of wire \UART_LOG:BUART:sRX:MODULE_4:g2:a0:newb_4\[377] = zero[7]
Removing Lhs of wire \UART_LOG:BUART:sRX:MODULE_4:g2:a0:newb_3\[378] = zero[7]
Removing Lhs of wire \UART_LOG:BUART:sRX:MODULE_4:g2:a0:newb_2\[379] = tmpOE__SEVEN_A_net_0[1]
Removing Lhs of wire \UART_LOG:BUART:sRX:MODULE_4:g2:a0:newb_1\[380] = tmpOE__SEVEN_A_net_0[1]
Removing Lhs of wire \UART_LOG:BUART:sRX:MODULE_4:g2:a0:newb_0\[381] = zero[7]
Removing Lhs of wire \UART_LOG:BUART:sRX:MODULE_4:g2:a0:dataa_6\[382] = zero[7]
Removing Lhs of wire \UART_LOG:BUART:sRX:MODULE_4:g2:a0:dataa_5\[383] = zero[7]
Removing Lhs of wire \UART_LOG:BUART:sRX:MODULE_4:g2:a0:dataa_4\[384] = zero[7]
Removing Lhs of wire \UART_LOG:BUART:sRX:MODULE_4:g2:a0:dataa_3\[385] = \UART_LOG:BUART:rx_count_6\[287]
Removing Lhs of wire \UART_LOG:BUART:sRX:MODULE_4:g2:a0:dataa_2\[386] = \UART_LOG:BUART:rx_count_5\[288]
Removing Lhs of wire \UART_LOG:BUART:sRX:MODULE_4:g2:a0:dataa_1\[387] = \UART_LOG:BUART:rx_count_4\[289]
Removing Lhs of wire \UART_LOG:BUART:sRX:MODULE_4:g2:a0:dataa_0\[388] = \UART_LOG:BUART:rx_count_3\[290]
Removing Lhs of wire \UART_LOG:BUART:sRX:MODULE_4:g2:a0:datab_6\[389] = zero[7]
Removing Lhs of wire \UART_LOG:BUART:sRX:MODULE_4:g2:a0:datab_5\[390] = zero[7]
Removing Lhs of wire \UART_LOG:BUART:sRX:MODULE_4:g2:a0:datab_4\[391] = zero[7]
Removing Lhs of wire \UART_LOG:BUART:sRX:MODULE_4:g2:a0:datab_3\[392] = zero[7]
Removing Lhs of wire \UART_LOG:BUART:sRX:MODULE_4:g2:a0:datab_2\[393] = tmpOE__SEVEN_A_net_0[1]
Removing Lhs of wire \UART_LOG:BUART:sRX:MODULE_4:g2:a0:datab_1\[394] = tmpOE__SEVEN_A_net_0[1]
Removing Lhs of wire \UART_LOG:BUART:sRX:MODULE_4:g2:a0:datab_0\[395] = zero[7]
Removing Lhs of wire \UART_LOG:BUART:sRX:MODULE_5:g1:a0:newa_0\[410] = \UART_LOG:BUART:rx_postpoll\[246]
Removing Lhs of wire \UART_LOG:BUART:sRX:MODULE_5:g1:a0:newb_0\[411] = \UART_LOG:BUART:rx_parity_bit\[362]
Removing Lhs of wire \UART_LOG:BUART:sRX:MODULE_5:g1:a0:dataa_0\[412] = \UART_LOG:BUART:rx_postpoll\[246]
Removing Lhs of wire \UART_LOG:BUART:sRX:MODULE_5:g1:a0:datab_0\[413] = \UART_LOG:BUART:rx_parity_bit\[362]
Removing Lhs of wire \UART_LOG:BUART:sRX:MODULE_5:g1:a0:gx:u0:a_0\[414] = \UART_LOG:BUART:rx_postpoll\[246]
Removing Lhs of wire \UART_LOG:BUART:sRX:MODULE_5:g1:a0:gx:u0:b_0\[415] = \UART_LOG:BUART:rx_parity_bit\[362]
Removing Lhs of wire \UART_LOG:BUART:sRX:MODULE_5:g1:a0:gx:u0:aeqb_0\[417] = tmpOE__SEVEN_A_net_0[1]
Removing Lhs of wire \UART_LOG:BUART:sRX:MODULE_5:g1:a0:gx:u0:eq_0\[418] = \UART_LOG:BUART:sRX:MODULE_5:g1:a0:gx:u0:xnor_array_0\[416]
Removing Lhs of wire \UART_LOG:BUART:sRX:MODULE_5:g1:a0:gx:u0:eqi_0\[419] = \UART_LOG:BUART:sRX:MODULE_5:g1:a0:gx:u0:xnor_array_0\[416]
Removing Lhs of wire \RGB_PWM_red:PWMUDB:ctrl_enable\[454] = \RGB_PWM_red:PWMUDB:control_7\[446]
Removing Lhs of wire \RGB_PWM_red:PWMUDB:hwCapture\[464] = zero[7]
Removing Lhs of wire \RGB_PWM_red:PWMUDB:hwEnable\[465] = \RGB_PWM_red:PWMUDB:control_7\[446]
Removing Lhs of wire \RGB_PWM_red:PWMUDB:trig_out\[469] = tmpOE__SEVEN_A_net_0[1]
Removing Lhs of wire \RGB_PWM_red:PWMUDB:runmode_enable\\R\[471] = zero[7]
Removing Lhs of wire \RGB_PWM_red:PWMUDB:runmode_enable\\S\[472] = zero[7]
Removing Lhs of wire \RGB_PWM_red:PWMUDB:final_enable\[473] = \RGB_PWM_red:PWMUDB:runmode_enable\[470]
Removing Lhs of wire \RGB_PWM_red:PWMUDB:ltch_kill_reg\\R\[477] = zero[7]
Removing Lhs of wire \RGB_PWM_red:PWMUDB:ltch_kill_reg\\S\[478] = zero[7]
Removing Lhs of wire \RGB_PWM_red:PWMUDB:min_kill_reg\\R\[479] = zero[7]
Removing Lhs of wire \RGB_PWM_red:PWMUDB:min_kill_reg\\S\[480] = zero[7]
Removing Lhs of wire \RGB_PWM_red:PWMUDB:final_kill\[483] = tmpOE__SEVEN_A_net_0[1]
Removing Lhs of wire \RGB_PWM_red:PWMUDB:add_vi_vv_MODGEN_6_1\[487] = \RGB_PWM_red:PWMUDB:MODULE_6:g2:a0:s_1\[753]
Removing Lhs of wire \RGB_PWM_red:PWMUDB:add_vi_vv_MODGEN_6_0\[489] = \RGB_PWM_red:PWMUDB:MODULE_6:g2:a0:s_0\[754]
Removing Lhs of wire \RGB_PWM_red:PWMUDB:dith_count_1\\R\[490] = zero[7]
Removing Lhs of wire \RGB_PWM_red:PWMUDB:dith_count_1\\S\[491] = zero[7]
Removing Lhs of wire \RGB_PWM_red:PWMUDB:dith_count_0\\R\[492] = zero[7]
Removing Lhs of wire \RGB_PWM_red:PWMUDB:dith_count_0\\S\[493] = zero[7]
Removing Lhs of wire \RGB_PWM_red:PWMUDB:cs_addr_2\[495] = \RGB_PWM_red:PWMUDB:tc_i\[475]
Removing Lhs of wire \RGB_PWM_red:PWMUDB:cs_addr_1\[496] = \RGB_PWM_red:PWMUDB:runmode_enable\[470]
Removing Lhs of wire \RGB_PWM_red:PWMUDB:cs_addr_0\[497] = zero[7]
Removing Lhs of wire \RGB_PWM_red:PWMUDB:compare1\[579] = \RGB_PWM_red:PWMUDB:cmp1_less\[549]
Removing Lhs of wire \RGB_PWM_red:PWMUDB:pwm1_i\[584] = zero[7]
Removing Lhs of wire \RGB_PWM_red:PWMUDB:pwm2_i\[586] = zero[7]
Removing Rhs of wire \RGB_PWM_red:Net_96\[589] = \RGB_PWM_red:PWMUDB:pwm_i_reg\[581]
Removing Rhs of wire \RGB_PWM_red:PWMUDB:pwm_temp\[592] = \RGB_PWM_red:PWMUDB:cmp1\[593]
Removing Lhs of wire \RGB_PWM_red:PWMUDB:MODULE_6:g2:a0:a_23\[635] = zero[7]
Removing Lhs of wire \RGB_PWM_red:PWMUDB:MODULE_6:g2:a0:a_22\[636] = zero[7]
Removing Lhs of wire \RGB_PWM_red:PWMUDB:MODULE_6:g2:a0:a_21\[637] = zero[7]
Removing Lhs of wire \RGB_PWM_red:PWMUDB:MODULE_6:g2:a0:a_20\[638] = zero[7]
Removing Lhs of wire \RGB_PWM_red:PWMUDB:MODULE_6:g2:a0:a_19\[639] = zero[7]
Removing Lhs of wire \RGB_PWM_red:PWMUDB:MODULE_6:g2:a0:a_18\[640] = zero[7]
Removing Lhs of wire \RGB_PWM_red:PWMUDB:MODULE_6:g2:a0:a_17\[641] = zero[7]
Removing Lhs of wire \RGB_PWM_red:PWMUDB:MODULE_6:g2:a0:a_16\[642] = zero[7]
Removing Lhs of wire \RGB_PWM_red:PWMUDB:MODULE_6:g2:a0:a_15\[643] = zero[7]
Removing Lhs of wire \RGB_PWM_red:PWMUDB:MODULE_6:g2:a0:a_14\[644] = zero[7]
Removing Lhs of wire \RGB_PWM_red:PWMUDB:MODULE_6:g2:a0:a_13\[645] = zero[7]
Removing Lhs of wire \RGB_PWM_red:PWMUDB:MODULE_6:g2:a0:a_12\[646] = zero[7]
Removing Lhs of wire \RGB_PWM_red:PWMUDB:MODULE_6:g2:a0:a_11\[647] = zero[7]
Removing Lhs of wire \RGB_PWM_red:PWMUDB:MODULE_6:g2:a0:a_10\[648] = zero[7]
Removing Lhs of wire \RGB_PWM_red:PWMUDB:MODULE_6:g2:a0:a_9\[649] = zero[7]
Removing Lhs of wire \RGB_PWM_red:PWMUDB:MODULE_6:g2:a0:a_8\[650] = zero[7]
Removing Lhs of wire \RGB_PWM_red:PWMUDB:MODULE_6:g2:a0:a_7\[651] = zero[7]
Removing Lhs of wire \RGB_PWM_red:PWMUDB:MODULE_6:g2:a0:a_6\[652] = zero[7]
Removing Lhs of wire \RGB_PWM_red:PWMUDB:MODULE_6:g2:a0:a_5\[653] = zero[7]
Removing Lhs of wire \RGB_PWM_red:PWMUDB:MODULE_6:g2:a0:a_4\[654] = zero[7]
Removing Lhs of wire \RGB_PWM_red:PWMUDB:MODULE_6:g2:a0:a_3\[655] = zero[7]
Removing Lhs of wire \RGB_PWM_red:PWMUDB:MODULE_6:g2:a0:a_2\[656] = zero[7]
Removing Lhs of wire \RGB_PWM_red:PWMUDB:MODULE_6:g2:a0:a_1\[657] = \RGB_PWM_red:PWMUDB:MODIN5_1\[658]
Removing Lhs of wire \RGB_PWM_red:PWMUDB:MODIN5_1\[658] = \RGB_PWM_red:PWMUDB:dith_count_1\[486]
Removing Lhs of wire \RGB_PWM_red:PWMUDB:MODULE_6:g2:a0:a_0\[659] = \RGB_PWM_red:PWMUDB:MODIN5_0\[660]
Removing Lhs of wire \RGB_PWM_red:PWMUDB:MODIN5_0\[660] = \RGB_PWM_red:PWMUDB:dith_count_0\[488]
Removing Lhs of wire \RGB_PWM_red:PWMUDB:MODULE_6:g2:a0:g1:z1:s0:g1:u0:c_0\[792] = tmpOE__SEVEN_A_net_0[1]
Removing Lhs of wire \RGB_PWM_red:PWMUDB:MODULE_6:g2:a0:g1:z1:s0:g1:u0:b_0\[793] = tmpOE__SEVEN_A_net_0[1]
Removing Rhs of wire Net_403[794] = \RGB_PWM_red:Net_96\[589]
Removing Lhs of wire \RGB_PWM_green:PWMUDB:ctrl_enable\[815] = \RGB_PWM_green:PWMUDB:control_7\[807]
Removing Lhs of wire \RGB_PWM_green:PWMUDB:hwCapture\[825] = zero[7]
Removing Lhs of wire \RGB_PWM_green:PWMUDB:hwEnable\[826] = \RGB_PWM_green:PWMUDB:control_7\[807]
Removing Lhs of wire \RGB_PWM_green:PWMUDB:trig_out\[830] = tmpOE__SEVEN_A_net_0[1]
Removing Lhs of wire \RGB_PWM_green:PWMUDB:runmode_enable\\R\[832] = zero[7]
Removing Lhs of wire \RGB_PWM_green:PWMUDB:runmode_enable\\S\[833] = zero[7]
Removing Lhs of wire \RGB_PWM_green:PWMUDB:final_enable\[834] = \RGB_PWM_green:PWMUDB:runmode_enable\[831]
Removing Lhs of wire \RGB_PWM_green:PWMUDB:ltch_kill_reg\\R\[838] = zero[7]
Removing Lhs of wire \RGB_PWM_green:PWMUDB:ltch_kill_reg\\S\[839] = zero[7]
Removing Lhs of wire \RGB_PWM_green:PWMUDB:min_kill_reg\\R\[840] = zero[7]
Removing Lhs of wire \RGB_PWM_green:PWMUDB:min_kill_reg\\S\[841] = zero[7]
Removing Lhs of wire \RGB_PWM_green:PWMUDB:final_kill\[844] = tmpOE__SEVEN_A_net_0[1]
Removing Lhs of wire \RGB_PWM_green:PWMUDB:add_vi_vv_MODGEN_7_1\[848] = \RGB_PWM_green:PWMUDB:MODULE_7:g2:a0:s_1\[1114]
Removing Lhs of wire \RGB_PWM_green:PWMUDB:add_vi_vv_MODGEN_7_0\[850] = \RGB_PWM_green:PWMUDB:MODULE_7:g2:a0:s_0\[1115]
Removing Lhs of wire \RGB_PWM_green:PWMUDB:dith_count_1\\R\[851] = zero[7]
Removing Lhs of wire \RGB_PWM_green:PWMUDB:dith_count_1\\S\[852] = zero[7]
Removing Lhs of wire \RGB_PWM_green:PWMUDB:dith_count_0\\R\[853] = zero[7]
Removing Lhs of wire \RGB_PWM_green:PWMUDB:dith_count_0\\S\[854] = zero[7]
Removing Lhs of wire \RGB_PWM_green:PWMUDB:cs_addr_2\[856] = \RGB_PWM_green:PWMUDB:tc_i\[836]
Removing Lhs of wire \RGB_PWM_green:PWMUDB:cs_addr_1\[857] = \RGB_PWM_green:PWMUDB:runmode_enable\[831]
Removing Lhs of wire \RGB_PWM_green:PWMUDB:cs_addr_0\[858] = zero[7]
Removing Lhs of wire \RGB_PWM_green:PWMUDB:compare1\[940] = \RGB_PWM_green:PWMUDB:cmp1_less\[910]
Removing Lhs of wire \RGB_PWM_green:PWMUDB:pwm1_i\[945] = zero[7]
Removing Lhs of wire \RGB_PWM_green:PWMUDB:pwm2_i\[947] = zero[7]
Removing Rhs of wire \RGB_PWM_green:Net_96\[950] = \RGB_PWM_green:PWMUDB:pwm_i_reg\[942]
Removing Rhs of wire \RGB_PWM_green:PWMUDB:pwm_temp\[953] = \RGB_PWM_green:PWMUDB:cmp1\[954]
Removing Lhs of wire \RGB_PWM_green:PWMUDB:MODULE_7:g2:a0:a_23\[996] = zero[7]
Removing Lhs of wire \RGB_PWM_green:PWMUDB:MODULE_7:g2:a0:a_22\[997] = zero[7]
Removing Lhs of wire \RGB_PWM_green:PWMUDB:MODULE_7:g2:a0:a_21\[998] = zero[7]
Removing Lhs of wire \RGB_PWM_green:PWMUDB:MODULE_7:g2:a0:a_20\[999] = zero[7]
Removing Lhs of wire \RGB_PWM_green:PWMUDB:MODULE_7:g2:a0:a_19\[1000] = zero[7]
Removing Lhs of wire \RGB_PWM_green:PWMUDB:MODULE_7:g2:a0:a_18\[1001] = zero[7]
Removing Lhs of wire \RGB_PWM_green:PWMUDB:MODULE_7:g2:a0:a_17\[1002] = zero[7]
Removing Lhs of wire \RGB_PWM_green:PWMUDB:MODULE_7:g2:a0:a_16\[1003] = zero[7]
Removing Lhs of wire \RGB_PWM_green:PWMUDB:MODULE_7:g2:a0:a_15\[1004] = zero[7]
Removing Lhs of wire \RGB_PWM_green:PWMUDB:MODULE_7:g2:a0:a_14\[1005] = zero[7]
Removing Lhs of wire \RGB_PWM_green:PWMUDB:MODULE_7:g2:a0:a_13\[1006] = zero[7]
Removing Lhs of wire \RGB_PWM_green:PWMUDB:MODULE_7:g2:a0:a_12\[1007] = zero[7]
Removing Lhs of wire \RGB_PWM_green:PWMUDB:MODULE_7:g2:a0:a_11\[1008] = zero[7]
Removing Lhs of wire \RGB_PWM_green:PWMUDB:MODULE_7:g2:a0:a_10\[1009] = zero[7]
Removing Lhs of wire \RGB_PWM_green:PWMUDB:MODULE_7:g2:a0:a_9\[1010] = zero[7]
Removing Lhs of wire \RGB_PWM_green:PWMUDB:MODULE_7:g2:a0:a_8\[1011] = zero[7]
Removing Lhs of wire \RGB_PWM_green:PWMUDB:MODULE_7:g2:a0:a_7\[1012] = zero[7]
Removing Lhs of wire \RGB_PWM_green:PWMUDB:MODULE_7:g2:a0:a_6\[1013] = zero[7]
Removing Lhs of wire \RGB_PWM_green:PWMUDB:MODULE_7:g2:a0:a_5\[1014] = zero[7]
Removing Lhs of wire \RGB_PWM_green:PWMUDB:MODULE_7:g2:a0:a_4\[1015] = zero[7]
Removing Lhs of wire \RGB_PWM_green:PWMUDB:MODULE_7:g2:a0:a_3\[1016] = zero[7]
Removing Lhs of wire \RGB_PWM_green:PWMUDB:MODULE_7:g2:a0:a_2\[1017] = zero[7]
Removing Lhs of wire \RGB_PWM_green:PWMUDB:MODULE_7:g2:a0:a_1\[1018] = \RGB_PWM_green:PWMUDB:MODIN6_1\[1019]
Removing Lhs of wire \RGB_PWM_green:PWMUDB:MODIN6_1\[1019] = \RGB_PWM_green:PWMUDB:dith_count_1\[847]
Removing Lhs of wire \RGB_PWM_green:PWMUDB:MODULE_7:g2:a0:a_0\[1020] = \RGB_PWM_green:PWMUDB:MODIN6_0\[1021]
Removing Lhs of wire \RGB_PWM_green:PWMUDB:MODIN6_0\[1021] = \RGB_PWM_green:PWMUDB:dith_count_0\[849]
Removing Lhs of wire \RGB_PWM_green:PWMUDB:MODULE_7:g2:a0:g1:z1:s0:g1:u0:c_0\[1153] = tmpOE__SEVEN_A_net_0[1]
Removing Lhs of wire \RGB_PWM_green:PWMUDB:MODULE_7:g2:a0:g1:z1:s0:g1:u0:b_0\[1154] = tmpOE__SEVEN_A_net_0[1]
Removing Rhs of wire Net_481[1155] = \RGB_PWM_green:Net_96\[950]
Removing Lhs of wire \RGB_PWM_blue:PWMUDB:ctrl_enable\[1175] = \RGB_PWM_blue:PWMUDB:control_7\[1167]
Removing Lhs of wire \RGB_PWM_blue:PWMUDB:hwCapture\[1185] = zero[7]
Removing Lhs of wire \RGB_PWM_blue:PWMUDB:hwEnable\[1186] = \RGB_PWM_blue:PWMUDB:control_7\[1167]
Removing Lhs of wire \RGB_PWM_blue:PWMUDB:trig_out\[1190] = tmpOE__SEVEN_A_net_0[1]
Removing Lhs of wire \RGB_PWM_blue:PWMUDB:runmode_enable\\R\[1192] = zero[7]
Removing Lhs of wire \RGB_PWM_blue:PWMUDB:runmode_enable\\S\[1193] = zero[7]
Removing Lhs of wire \RGB_PWM_blue:PWMUDB:final_enable\[1194] = \RGB_PWM_blue:PWMUDB:runmode_enable\[1191]
Removing Lhs of wire \RGB_PWM_blue:PWMUDB:ltch_kill_reg\\R\[1198] = zero[7]
Removing Lhs of wire \RGB_PWM_blue:PWMUDB:ltch_kill_reg\\S\[1199] = zero[7]
Removing Lhs of wire \RGB_PWM_blue:PWMUDB:min_kill_reg\\R\[1200] = zero[7]
Removing Lhs of wire \RGB_PWM_blue:PWMUDB:min_kill_reg\\S\[1201] = zero[7]
Removing Lhs of wire \RGB_PWM_blue:PWMUDB:final_kill\[1204] = tmpOE__SEVEN_A_net_0[1]
Removing Lhs of wire \RGB_PWM_blue:PWMUDB:add_vi_vv_MODGEN_8_1\[1208] = \RGB_PWM_blue:PWMUDB:MODULE_8:g2:a0:s_1\[1474]
Removing Lhs of wire \RGB_PWM_blue:PWMUDB:add_vi_vv_MODGEN_8_0\[1210] = \RGB_PWM_blue:PWMUDB:MODULE_8:g2:a0:s_0\[1475]
Removing Lhs of wire \RGB_PWM_blue:PWMUDB:dith_count_1\\R\[1211] = zero[7]
Removing Lhs of wire \RGB_PWM_blue:PWMUDB:dith_count_1\\S\[1212] = zero[7]
Removing Lhs of wire \RGB_PWM_blue:PWMUDB:dith_count_0\\R\[1213] = zero[7]
Removing Lhs of wire \RGB_PWM_blue:PWMUDB:dith_count_0\\S\[1214] = zero[7]
Removing Lhs of wire \RGB_PWM_blue:PWMUDB:cs_addr_2\[1216] = \RGB_PWM_blue:PWMUDB:tc_i\[1196]
Removing Lhs of wire \RGB_PWM_blue:PWMUDB:cs_addr_1\[1217] = \RGB_PWM_blue:PWMUDB:runmode_enable\[1191]
Removing Lhs of wire \RGB_PWM_blue:PWMUDB:cs_addr_0\[1218] = zero[7]
Removing Lhs of wire \RGB_PWM_blue:PWMUDB:compare1\[1300] = \RGB_PWM_blue:PWMUDB:cmp1_less\[1270]
Removing Lhs of wire \RGB_PWM_blue:PWMUDB:pwm1_i\[1305] = zero[7]
Removing Lhs of wire \RGB_PWM_blue:PWMUDB:pwm2_i\[1307] = zero[7]
Removing Rhs of wire \RGB_PWM_blue:Net_96\[1310] = \RGB_PWM_blue:PWMUDB:pwm_i_reg\[1302]
Removing Rhs of wire \RGB_PWM_blue:PWMUDB:pwm_temp\[1313] = \RGB_PWM_blue:PWMUDB:cmp1\[1314]
Removing Lhs of wire \RGB_PWM_blue:PWMUDB:MODULE_8:g2:a0:a_23\[1356] = zero[7]
Removing Lhs of wire \RGB_PWM_blue:PWMUDB:MODULE_8:g2:a0:a_22\[1357] = zero[7]
Removing Lhs of wire \RGB_PWM_blue:PWMUDB:MODULE_8:g2:a0:a_21\[1358] = zero[7]
Removing Lhs of wire \RGB_PWM_blue:PWMUDB:MODULE_8:g2:a0:a_20\[1359] = zero[7]
Removing Lhs of wire \RGB_PWM_blue:PWMUDB:MODULE_8:g2:a0:a_19\[1360] = zero[7]
Removing Lhs of wire \RGB_PWM_blue:PWMUDB:MODULE_8:g2:a0:a_18\[1361] = zero[7]
Removing Lhs of wire \RGB_PWM_blue:PWMUDB:MODULE_8:g2:a0:a_17\[1362] = zero[7]
Removing Lhs of wire \RGB_PWM_blue:PWMUDB:MODULE_8:g2:a0:a_16\[1363] = zero[7]
Removing Lhs of wire \RGB_PWM_blue:PWMUDB:MODULE_8:g2:a0:a_15\[1364] = zero[7]
Removing Lhs of wire \RGB_PWM_blue:PWMUDB:MODULE_8:g2:a0:a_14\[1365] = zero[7]
Removing Lhs of wire \RGB_PWM_blue:PWMUDB:MODULE_8:g2:a0:a_13\[1366] = zero[7]
Removing Lhs of wire \RGB_PWM_blue:PWMUDB:MODULE_8:g2:a0:a_12\[1367] = zero[7]
Removing Lhs of wire \RGB_PWM_blue:PWMUDB:MODULE_8:g2:a0:a_11\[1368] = zero[7]
Removing Lhs of wire \RGB_PWM_blue:PWMUDB:MODULE_8:g2:a0:a_10\[1369] = zero[7]
Removing Lhs of wire \RGB_PWM_blue:PWMUDB:MODULE_8:g2:a0:a_9\[1370] = zero[7]
Removing Lhs of wire \RGB_PWM_blue:PWMUDB:MODULE_8:g2:a0:a_8\[1371] = zero[7]
Removing Lhs of wire \RGB_PWM_blue:PWMUDB:MODULE_8:g2:a0:a_7\[1372] = zero[7]
Removing Lhs of wire \RGB_PWM_blue:PWMUDB:MODULE_8:g2:a0:a_6\[1373] = zero[7]
Removing Lhs of wire \RGB_PWM_blue:PWMUDB:MODULE_8:g2:a0:a_5\[1374] = zero[7]
Removing Lhs of wire \RGB_PWM_blue:PWMUDB:MODULE_8:g2:a0:a_4\[1375] = zero[7]
Removing Lhs of wire \RGB_PWM_blue:PWMUDB:MODULE_8:g2:a0:a_3\[1376] = zero[7]
Removing Lhs of wire \RGB_PWM_blue:PWMUDB:MODULE_8:g2:a0:a_2\[1377] = zero[7]
Removing Lhs of wire \RGB_PWM_blue:PWMUDB:MODULE_8:g2:a0:a_1\[1378] = \RGB_PWM_blue:PWMUDB:MODIN7_1\[1379]
Removing Lhs of wire \RGB_PWM_blue:PWMUDB:MODIN7_1\[1379] = \RGB_PWM_blue:PWMUDB:dith_count_1\[1207]
Removing Lhs of wire \RGB_PWM_blue:PWMUDB:MODULE_8:g2:a0:a_0\[1380] = \RGB_PWM_blue:PWMUDB:MODIN7_0\[1381]
Removing Lhs of wire \RGB_PWM_blue:PWMUDB:MODIN7_0\[1381] = \RGB_PWM_blue:PWMUDB:dith_count_0\[1209]
Removing Lhs of wire \RGB_PWM_blue:PWMUDB:MODULE_8:g2:a0:g1:z1:s0:g1:u0:c_0\[1513] = tmpOE__SEVEN_A_net_0[1]
Removing Lhs of wire \RGB_PWM_blue:PWMUDB:MODULE_8:g2:a0:g1:z1:s0:g1:u0:b_0\[1514] = tmpOE__SEVEN_A_net_0[1]
Removing Rhs of wire Net_429[1515] = \RGB_PWM_blue:Net_96\[1310]
Removing Lhs of wire tmpOE__RGB_R_net_0[1523] = tmpOE__SEVEN_A_net_0[1]
Removing Lhs of wire tmpOE__RGB_G_net_0[1529] = tmpOE__SEVEN_A_net_0[1]
Removing Lhs of wire tmpOE__RGB_B_net_0[1535] = tmpOE__SEVEN_A_net_0[1]
Removing Lhs of wire \UART_LOG:BUART:reset_reg\\D\[1540] = zero[7]
Removing Lhs of wire \UART_LOG:BUART:rx_bitclk\\D\[1555] = \UART_LOG:BUART:rx_bitclk_pre\[281]
Removing Lhs of wire \UART_LOG:BUART:rx_parity_error_pre\\D\[1564] = \UART_LOG:BUART:rx_parity_error_pre\[357]
Removing Lhs of wire \UART_LOG:BUART:rx_break_status\\D\[1565] = zero[7]
Removing Lhs of wire \RGB_PWM_red:PWMUDB:min_kill_reg\\D\[1569] = tmpOE__SEVEN_A_net_0[1]
Removing Lhs of wire \RGB_PWM_red:PWMUDB:prevCapture\\D\[1570] = zero[7]
Removing Lhs of wire \RGB_PWM_red:PWMUDB:trig_last\\D\[1571] = zero[7]
Removing Lhs of wire \RGB_PWM_red:PWMUDB:ltch_kill_reg\\D\[1574] = tmpOE__SEVEN_A_net_0[1]
Removing Lhs of wire \RGB_PWM_red:PWMUDB:pwm_i_reg\\D\[1577] = \RGB_PWM_red:PWMUDB:pwm_i\[582]
Removing Lhs of wire \RGB_PWM_red:PWMUDB:pwm1_i_reg\\D\[1578] = zero[7]
Removing Lhs of wire \RGB_PWM_red:PWMUDB:pwm2_i_reg\\D\[1579] = zero[7]
Removing Lhs of wire \RGB_PWM_green:PWMUDB:min_kill_reg\\D\[1581] = tmpOE__SEVEN_A_net_0[1]
Removing Lhs of wire \RGB_PWM_green:PWMUDB:prevCapture\\D\[1582] = zero[7]
Removing Lhs of wire \RGB_PWM_green:PWMUDB:trig_last\\D\[1583] = zero[7]
Removing Lhs of wire \RGB_PWM_green:PWMUDB:ltch_kill_reg\\D\[1586] = tmpOE__SEVEN_A_net_0[1]
Removing Lhs of wire \RGB_PWM_green:PWMUDB:pwm_i_reg\\D\[1589] = \RGB_PWM_green:PWMUDB:pwm_i\[943]
Removing Lhs of wire \RGB_PWM_green:PWMUDB:pwm1_i_reg\\D\[1590] = zero[7]
Removing Lhs of wire \RGB_PWM_green:PWMUDB:pwm2_i_reg\\D\[1591] = zero[7]
Removing Lhs of wire \RGB_PWM_blue:PWMUDB:min_kill_reg\\D\[1593] = tmpOE__SEVEN_A_net_0[1]
Removing Lhs of wire \RGB_PWM_blue:PWMUDB:prevCapture\\D\[1594] = zero[7]
Removing Lhs of wire \RGB_PWM_blue:PWMUDB:trig_last\\D\[1595] = zero[7]
Removing Lhs of wire \RGB_PWM_blue:PWMUDB:ltch_kill_reg\\D\[1598] = tmpOE__SEVEN_A_net_0[1]
Removing Lhs of wire \RGB_PWM_blue:PWMUDB:pwm_i_reg\\D\[1601] = \RGB_PWM_blue:PWMUDB:pwm_i\[1303]
Removing Lhs of wire \RGB_PWM_blue:PWMUDB:pwm1_i_reg\\D\[1602] = zero[7]
Removing Lhs of wire \RGB_PWM_blue:PWMUDB:pwm2_i_reg\\D\[1603] = zero[7]

------------------------------------------------------
Aliased 0 equations, 324 wires.
------------------------------------------------------

----------------------------------------------------------
Circuit simplification
----------------------------------------------------------

Substituting virtuals - pass 1:

Note:  Expanding virtual equation for 'tmpOE__SEVEN_A_net_0' (cost = 0):
tmpOE__SEVEN_A_net_0 <=  ('1') ;

Note:  Expanding virtual equation for 'zero' (cost = 0):
zero <=  ('0') ;

Note:  Expanding virtual equation for '\UART_LOG:BUART:rx_addressmatch\' (cost = 0):
\UART_LOG:BUART:rx_addressmatch\ <= (\UART_LOG:BUART:rx_addressmatch2\
	OR \UART_LOG:BUART:rx_addressmatch1\);

Note:  Expanding virtual equation for '\UART_LOG:BUART:rx_bitclk_pre\' (cost = 1):
\UART_LOG:BUART:rx_bitclk_pre\ <= ((not \UART_LOG:BUART:rx_count_2\ and not \UART_LOG:BUART:rx_count_1\ and not \UART_LOG:BUART:rx_count_0\));

Note:  Expanding virtual equation for '\UART_LOG:BUART:rx_bitclk_pre16x\' (cost = 0):
\UART_LOG:BUART:rx_bitclk_pre16x\ <= ((not \UART_LOG:BUART:rx_count_2\ and \UART_LOG:BUART:rx_count_1\ and \UART_LOG:BUART:rx_count_0\));

Note:  Expanding virtual equation for '\UART_LOG:BUART:rx_poll_bit1\' (cost = 1):
\UART_LOG:BUART:rx_poll_bit1\ <= ((not \UART_LOG:BUART:rx_count_2\ and not \UART_LOG:BUART:rx_count_1\ and \UART_LOG:BUART:rx_count_0\));

Note:  Expanding virtual equation for '\UART_LOG:BUART:rx_poll_bit2\' (cost = 1):
\UART_LOG:BUART:rx_poll_bit2\ <= ((not \UART_LOG:BUART:rx_count_2\ and not \UART_LOG:BUART:rx_count_1\ and not \UART_LOG:BUART:rx_count_0\));

Note:  Expanding virtual equation for '\UART_LOG:BUART:pollingrange\' (cost = 4):
\UART_LOG:BUART:pollingrange\ <= ((not \UART_LOG:BUART:rx_count_2\ and not \UART_LOG:BUART:rx_count_1\));

Note:  Expanding virtual equation for '\UART_LOG:BUART:sRX:s23Poll:MODULE_1:g2:a0:g1:z1:s0:g1:u0:c_1\' (cost = 0):
\UART_LOG:BUART:sRX:s23Poll:MODULE_1:g2:a0:g1:z1:s0:g1:u0:c_1\ <= (\UART_LOG:BUART:pollcount_0\);

Note:  Expanding virtual equation for '\UART_LOG:BUART:sRX:s23Poll:MODULE_1:g2:a0:s_0\' (cost = 0):
\UART_LOG:BUART:sRX:s23Poll:MODULE_1:g2:a0:s_0\ <= (not \UART_LOG:BUART:pollcount_0\);

Note:  Expanding virtual equation for '\UART_LOG:BUART:sRX:s23Poll:MODULE_2:g2:a0:lta_1\' (cost = 0):
\UART_LOG:BUART:sRX:s23Poll:MODULE_2:g2:a0:lta_1\ <=  ('0') ;

Note:  Expanding virtual equation for '\UART_LOG:BUART:sRX:s23Poll:MODULE_2:g2:a0:gta_1\' (cost = 0):
\UART_LOG:BUART:sRX:s23Poll:MODULE_2:g2:a0:gta_1\ <= (\UART_LOG:BUART:pollcount_1\);

Note:  Expanding virtual equation for '\UART_LOG:BUART:sRX:s23Poll:MODULE_3:g2:a0:lta_1\' (cost = 0):
\UART_LOG:BUART:sRX:s23Poll:MODULE_3:g2:a0:lta_1\ <= (not \UART_LOG:BUART:pollcount_1\);

Note:  Expanding virtual equation for '\UART_LOG:BUART:sRX:s23Poll:MODULE_3:g2:a0:gta_1\' (cost = 0):
\UART_LOG:BUART:sRX:s23Poll:MODULE_3:g2:a0:gta_1\ <=  ('0') ;

Note:  Expanding virtual equation for '\UART_LOG:BUART:sRX:MODULE_4:g2:a0:lta_6\' (cost = 0):
\UART_LOG:BUART:sRX:MODULE_4:g2:a0:lta_6\ <=  ('0') ;

Note:  Expanding virtual equation for '\UART_LOG:BUART:sRX:MODULE_4:g2:a0:gta_6\' (cost = 0):
\UART_LOG:BUART:sRX:MODULE_4:g2:a0:gta_6\ <=  ('0') ;

Note:  Expanding virtual equation for '\UART_LOG:BUART:sRX:MODULE_4:g2:a0:lta_5\' (cost = 0):
\UART_LOG:BUART:sRX:MODULE_4:g2:a0:lta_5\ <=  ('0') ;

Note:  Expanding virtual equation for '\UART_LOG:BUART:sRX:MODULE_4:g2:a0:gta_5\' (cost = 0):
\UART_LOG:BUART:sRX:MODULE_4:g2:a0:gta_5\ <=  ('0') ;

Note:  Expanding virtual equation for '\UART_LOG:BUART:sRX:MODULE_4:g2:a0:lta_4\' (cost = 0):
\UART_LOG:BUART:sRX:MODULE_4:g2:a0:lta_4\ <=  ('0') ;

Note:  Expanding virtual equation for '\UART_LOG:BUART:sRX:MODULE_4:g2:a0:gta_4\' (cost = 0):
\UART_LOG:BUART:sRX:MODULE_4:g2:a0:gta_4\ <=  ('0') ;

Note:  Expanding virtual equation for '\UART_LOG:BUART:sRX:MODULE_4:g2:a0:lta_3\' (cost = 0):
\UART_LOG:BUART:sRX:MODULE_4:g2:a0:lta_3\ <=  ('0') ;

Note:  Expanding virtual equation for '\UART_LOG:BUART:sRX:MODULE_4:g2:a0:gta_3\' (cost = 0):
\UART_LOG:BUART:sRX:MODULE_4:g2:a0:gta_3\ <= (\UART_LOG:BUART:rx_count_6\);

Note:  Expanding virtual equation for '\UART_LOG:BUART:sRX:MODULE_4:g2:a0:lta_2\' (cost = 1):
\UART_LOG:BUART:sRX:MODULE_4:g2:a0:lta_2\ <= ((not \UART_LOG:BUART:rx_count_6\ and not \UART_LOG:BUART:rx_count_5\));

Note:  Expanding virtual equation for '\UART_LOG:BUART:sRX:MODULE_4:g2:a0:gta_2\' (cost = 0):
\UART_LOG:BUART:sRX:MODULE_4:g2:a0:gta_2\ <= (\UART_LOG:BUART:rx_count_6\);

Note:  Expanding virtual equation for '\UART_LOG:BUART:sRX:MODULE_4:g2:a0:lta_1\' (cost = 2):
\UART_LOG:BUART:sRX:MODULE_4:g2:a0:lta_1\ <= ((not \UART_LOG:BUART:rx_count_6\ and not \UART_LOG:BUART:rx_count_4\)
	OR (not \UART_LOG:BUART:rx_count_6\ and not \UART_LOG:BUART:rx_count_5\));

Note:  Expanding virtual equation for '\UART_LOG:BUART:sRX:MODULE_4:g2:a0:gta_1\' (cost = 0):
\UART_LOG:BUART:sRX:MODULE_4:g2:a0:gta_1\ <= (\UART_LOG:BUART:rx_count_6\);

Note:  Expanding virtual equation for '\UART_LOG:BUART:sRX:MODULE_4:g2:a0:lta_0\' (cost = 8):
\UART_LOG:BUART:sRX:MODULE_4:g2:a0:lta_0\ <= ((not \UART_LOG:BUART:rx_count_6\ and not \UART_LOG:BUART:rx_count_4\)
	OR (not \UART_LOG:BUART:rx_count_6\ and not \UART_LOG:BUART:rx_count_5\));

Note:  Expanding virtual equation for '\RGB_PWM_red:PWMUDB:pwm_temp\' (cost = 0):
\RGB_PWM_red:PWMUDB:pwm_temp\ <= (\RGB_PWM_red:PWMUDB:cmp1_less\);

Note:  Expanding virtual equation for '\RGB_PWM_red:PWMUDB:MODULE_6:g2:a0:g1:z1:s0:g1:u0:c_1\' (cost = 0):
\RGB_PWM_red:PWMUDB:MODULE_6:g2:a0:g1:z1:s0:g1:u0:c_1\ <= (\RGB_PWM_red:PWMUDB:dith_count_0\);

Note:  Expanding virtual equation for '\RGB_PWM_red:PWMUDB:MODULE_6:g2:a0:s_0\' (cost = 0):
\RGB_PWM_red:PWMUDB:MODULE_6:g2:a0:s_0\ <= (not \RGB_PWM_red:PWMUDB:dith_count_0\);

Note:  Expanding virtual equation for '\RGB_PWM_red:PWMUDB:MODULE_6:g2:a0:g1:z1:s0:g1:u0:c_17\' (cost = 0):
\RGB_PWM_red:PWMUDB:MODULE_6:g2:a0:g1:z1:s0:g1:u0:c_17\ <=  ('0') ;

Note:  Expanding virtual equation for '\RGB_PWM_red:PWMUDB:MODULE_6:g2:a0:g1:z1:s0:g1:u0:c_9\' (cost = 0):
\RGB_PWM_red:PWMUDB:MODULE_6:g2:a0:g1:z1:s0:g1:u0:c_9\ <=  ('0') ;

Note:  Expanding virtual equation for '\RGB_PWM_red:PWMUDB:MODULE_6:g2:a0:g1:z1:s0:g1:u0:c_2\' (cost = 0):
\RGB_PWM_red:PWMUDB:MODULE_6:g2:a0:g1:z1:s0:g1:u0:c_2\ <= ((\RGB_PWM_red:PWMUDB:dith_count_1\ and \RGB_PWM_red:PWMUDB:dith_count_0\));

Note:  Expanding virtual equation for '\RGB_PWM_green:PWMUDB:pwm_temp\' (cost = 0):
\RGB_PWM_green:PWMUDB:pwm_temp\ <= (\RGB_PWM_green:PWMUDB:cmp1_less\);

Note:  Expanding virtual equation for '\RGB_PWM_green:PWMUDB:MODULE_7:g2:a0:g1:z1:s0:g1:u0:c_1\' (cost = 0):
\RGB_PWM_green:PWMUDB:MODULE_7:g2:a0:g1:z1:s0:g1:u0:c_1\ <= (\RGB_PWM_green:PWMUDB:dith_count_0\);

Note:  Expanding virtual equation for '\RGB_PWM_green:PWMUDB:MODULE_7:g2:a0:s_0\' (cost = 0):
\RGB_PWM_green:PWMUDB:MODULE_7:g2:a0:s_0\ <= (not \RGB_PWM_green:PWMUDB:dith_count_0\);

Note:  Expanding virtual equation for '\RGB_PWM_green:PWMUDB:MODULE_7:g2:a0:g1:z1:s0:g1:u0:c_17\' (cost = 0):
\RGB_PWM_green:PWMUDB:MODULE_7:g2:a0:g1:z1:s0:g1:u0:c_17\ <=  ('0') ;

Note:  Expanding virtual equation for '\RGB_PWM_green:PWMUDB:MODULE_7:g2:a0:g1:z1:s0:g1:u0:c_9\' (cost = 0):
\RGB_PWM_green:PWMUDB:MODULE_7:g2:a0:g1:z1:s0:g1:u0:c_9\ <=  ('0') ;

Note:  Expanding virtual equation for '\RGB_PWM_green:PWMUDB:MODULE_7:g2:a0:g1:z1:s0:g1:u0:c_2\' (cost = 0):
\RGB_PWM_green:PWMUDB:MODULE_7:g2:a0:g1:z1:s0:g1:u0:c_2\ <= ((\RGB_PWM_green:PWMUDB:dith_count_1\ and \RGB_PWM_green:PWMUDB:dith_count_0\));

Note:  Expanding virtual equation for '\RGB_PWM_blue:PWMUDB:pwm_temp\' (cost = 0):
\RGB_PWM_blue:PWMUDB:pwm_temp\ <= (\RGB_PWM_blue:PWMUDB:cmp1_less\);

Note:  Expanding virtual equation for '\RGB_PWM_blue:PWMUDB:MODULE_8:g2:a0:g1:z1:s0:g1:u0:c_1\' (cost = 0):
\RGB_PWM_blue:PWMUDB:MODULE_8:g2:a0:g1:z1:s0:g1:u0:c_1\ <= (\RGB_PWM_blue:PWMUDB:dith_count_0\);

Note:  Expanding virtual equation for '\RGB_PWM_blue:PWMUDB:MODULE_8:g2:a0:s_0\' (cost = 0):
\RGB_PWM_blue:PWMUDB:MODULE_8:g2:a0:s_0\ <= (not \RGB_PWM_blue:PWMUDB:dith_count_0\);

Note:  Expanding virtual equation for '\RGB_PWM_blue:PWMUDB:MODULE_8:g2:a0:g1:z1:s0:g1:u0:c_17\' (cost = 0):
\RGB_PWM_blue:PWMUDB:MODULE_8:g2:a0:g1:z1:s0:g1:u0:c_17\ <=  ('0') ;

Note:  Expanding virtual equation for '\RGB_PWM_blue:PWMUDB:MODULE_8:g2:a0:g1:z1:s0:g1:u0:c_9\' (cost = 0):
\RGB_PWM_blue:PWMUDB:MODULE_8:g2:a0:g1:z1:s0:g1:u0:c_9\ <=  ('0') ;

Note:  Expanding virtual equation for '\RGB_PWM_blue:PWMUDB:MODULE_8:g2:a0:g1:z1:s0:g1:u0:c_2\' (cost = 0):
\RGB_PWM_blue:PWMUDB:MODULE_8:g2:a0:g1:z1:s0:g1:u0:c_2\ <= ((\RGB_PWM_blue:PWMUDB:dith_count_1\ and \RGB_PWM_blue:PWMUDB:dith_count_0\));


Substituting virtuals - pass 2:

Note:  Expanding virtual equation for '\UART_LOG:BUART:sRX:s23Poll:MODULE_2:g2:a0:lta_0\' (cost = 4):
\UART_LOG:BUART:sRX:s23Poll:MODULE_2:g2:a0:lta_0\ <= ((not \UART_LOG:BUART:pollcount_1\ and not \UART_LOG:BUART:pollcount_0\));

Note:  Expanding virtual equation for '\UART_LOG:BUART:sRX:s23Poll:MODULE_3:g2:a0:lta_0\' (cost = 0):
\UART_LOG:BUART:sRX:s23Poll:MODULE_3:g2:a0:lta_0\ <= (not \UART_LOG:BUART:pollcount_1\);

Note:  Expanding virtual equation for '\UART_LOG:BUART:sRX:s23Poll:MODULE_1:g2:a0:s_1\' (cost = 2):
\UART_LOG:BUART:sRX:s23Poll:MODULE_1:g2:a0:s_1\ <= ((not \UART_LOG:BUART:pollcount_0\ and \UART_LOG:BUART:pollcount_1\)
	OR (not \UART_LOG:BUART:pollcount_1\ and \UART_LOG:BUART:pollcount_0\));

Note:  Expanding virtual equation for '\RGB_PWM_red:PWMUDB:MODULE_6:g2:a0:s_1\' (cost = 2):
\RGB_PWM_red:PWMUDB:MODULE_6:g2:a0:s_1\ <= ((not \RGB_PWM_red:PWMUDB:dith_count_0\ and \RGB_PWM_red:PWMUDB:dith_count_1\)
	OR (not \RGB_PWM_red:PWMUDB:dith_count_1\ and \RGB_PWM_red:PWMUDB:dith_count_0\));

Note:  Expanding virtual equation for '\RGB_PWM_red:PWMUDB:MODULE_6:g2:a0:g1:z1:s0:g1:u0:c_18\' (cost = 0):
\RGB_PWM_red:PWMUDB:MODULE_6:g2:a0:g1:z1:s0:g1:u0:c_18\ <=  ('0') ;

Note:  Expanding virtual equation for '\RGB_PWM_red:PWMUDB:MODULE_6:g2:a0:g1:z1:s0:g1:u0:c_10\' (cost = 0):
\RGB_PWM_red:PWMUDB:MODULE_6:g2:a0:g1:z1:s0:g1:u0:c_10\ <=  ('0') ;

Note:  Expanding virtual equation for '\RGB_PWM_red:PWMUDB:MODULE_6:g2:a0:g1:z1:s0:g1:u0:c_3\' (cost = 0):
\RGB_PWM_red:PWMUDB:MODULE_6:g2:a0:g1:z1:s0:g1:u0:c_3\ <=  ('0') ;

Note:  Expanding virtual equation for '\RGB_PWM_green:PWMUDB:MODULE_7:g2:a0:s_1\' (cost = 2):
\RGB_PWM_green:PWMUDB:MODULE_7:g2:a0:s_1\ <= ((not \RGB_PWM_green:PWMUDB:dith_count_0\ and \RGB_PWM_green:PWMUDB:dith_count_1\)
	OR (not \RGB_PWM_green:PWMUDB:dith_count_1\ and \RGB_PWM_green:PWMUDB:dith_count_0\));

Note:  Expanding virtual equation for '\RGB_PWM_green:PWMUDB:MODULE_7:g2:a0:g1:z1:s0:g1:u0:c_18\' (cost = 0):
\RGB_PWM_green:PWMUDB:MODULE_7:g2:a0:g1:z1:s0:g1:u0:c_18\ <=  ('0') ;

Note:  Expanding virtual equation for '\RGB_PWM_green:PWMUDB:MODULE_7:g2:a0:g1:z1:s0:g1:u0:c_10\' (cost = 0):
\RGB_PWM_green:PWMUDB:MODULE_7:g2:a0:g1:z1:s0:g1:u0:c_10\ <=  ('0') ;

Note:  Expanding virtual equation for '\RGB_PWM_green:PWMUDB:MODULE_7:g2:a0:g1:z1:s0:g1:u0:c_3\' (cost = 0):
\RGB_PWM_green:PWMUDB:MODULE_7:g2:a0:g1:z1:s0:g1:u0:c_3\ <=  ('0') ;

Note:  Expanding virtual equation for '\RGB_PWM_blue:PWMUDB:MODULE_8:g2:a0:s_1\' (cost = 2):
\RGB_PWM_blue:PWMUDB:MODULE_8:g2:a0:s_1\ <= ((not \RGB_PWM_blue:PWMUDB:dith_count_0\ and \RGB_PWM_blue:PWMUDB:dith_count_1\)
	OR (not \RGB_PWM_blue:PWMUDB:dith_count_1\ and \RGB_PWM_blue:PWMUDB:dith_count_0\));

Note:  Expanding virtual equation for '\RGB_PWM_blue:PWMUDB:MODULE_8:g2:a0:g1:z1:s0:g1:u0:c_18\' (cost = 0):
\RGB_PWM_blue:PWMUDB:MODULE_8:g2:a0:g1:z1:s0:g1:u0:c_18\ <=  ('0') ;

Note:  Expanding virtual equation for '\RGB_PWM_blue:PWMUDB:MODULE_8:g2:a0:g1:z1:s0:g1:u0:c_10\' (cost = 0):
\RGB_PWM_blue:PWMUDB:MODULE_8:g2:a0:g1:z1:s0:g1:u0:c_10\ <=  ('0') ;

Note:  Expanding virtual equation for '\RGB_PWM_blue:PWMUDB:MODULE_8:g2:a0:g1:z1:s0:g1:u0:c_3\' (cost = 0):
\RGB_PWM_blue:PWMUDB:MODULE_8:g2:a0:g1:z1:s0:g1:u0:c_3\ <=  ('0') ;


Substituting virtuals - pass 3:

Note:  Expanding virtual equation for '\UART_LOG:BUART:rx_postpoll\' (cost = 72):
\UART_LOG:BUART:rx_postpoll\ <= (\UART_LOG:BUART:pollcount_1\
	OR (Net_1250 and \UART_LOG:BUART:pollcount_0\));

Note:  Expanding virtual equation for '\UART_LOG:BUART:sRX:MODULE_5:g1:a0:gx:u0:xnor_array_0\' (cost = 4):
\UART_LOG:BUART:sRX:MODULE_5:g1:a0:gx:u0:xnor_array_0\ <= ((not Net_1250 and not \UART_LOG:BUART:pollcount_1\ and not \UART_LOG:BUART:rx_parity_bit\)
	OR (not \UART_LOG:BUART:pollcount_1\ and not \UART_LOG:BUART:pollcount_0\ and not \UART_LOG:BUART:rx_parity_bit\)
	OR (\UART_LOG:BUART:pollcount_1\ and \UART_LOG:BUART:rx_parity_bit\)
	OR (Net_1250 and \UART_LOG:BUART:pollcount_0\ and \UART_LOG:BUART:rx_parity_bit\));

Note:  Expanding virtual equation for '\UART_LOG:BUART:sRX:MODULE_5:g1:a0:gx:u0:aeqb_1\' (cost = 4):
\UART_LOG:BUART:sRX:MODULE_5:g1:a0:gx:u0:aeqb_1\ <= ((not Net_1250 and not \UART_LOG:BUART:pollcount_1\ and not \UART_LOG:BUART:rx_parity_bit\)
	OR (not \UART_LOG:BUART:pollcount_1\ and not \UART_LOG:BUART:pollcount_0\ and not \UART_LOG:BUART:rx_parity_bit\)
	OR (\UART_LOG:BUART:pollcount_1\ and \UART_LOG:BUART:rx_parity_bit\)
	OR (Net_1250 and \UART_LOG:BUART:pollcount_0\ and \UART_LOG:BUART:rx_parity_bit\));

Note:  Expanding virtual equation for '\RGB_PWM_red:PWMUDB:MODULE_6:g2:a0:g1:z1:s0:g1:u0:c_19\' (cost = 0):
\RGB_PWM_red:PWMUDB:MODULE_6:g2:a0:g1:z1:s0:g1:u0:c_19\ <=  ('0') ;

Note:  Expanding virtual equation for '\RGB_PWM_red:PWMUDB:MODULE_6:g2:a0:g1:z1:s0:g1:u0:c_11\' (cost = 0):
\RGB_PWM_red:PWMUDB:MODULE_6:g2:a0:g1:z1:s0:g1:u0:c_11\ <=  ('0') ;

Note:  Expanding virtual equation for '\RGB_PWM_red:PWMUDB:MODULE_6:g2:a0:g1:z1:s0:g1:u0:c_4\' (cost = 0):
\RGB_PWM_red:PWMUDB:MODULE_6:g2:a0:g1:z1:s0:g1:u0:c_4\ <=  ('0') ;

Note:  Expanding virtual equation for '\RGB_PWM_green:PWMUDB:MODULE_7:g2:a0:g1:z1:s0:g1:u0:c_19\' (cost = 0):
\RGB_PWM_green:PWMUDB:MODULE_7:g2:a0:g1:z1:s0:g1:u0:c_19\ <=  ('0') ;

Note:  Expanding virtual equation for '\RGB_PWM_green:PWMUDB:MODULE_7:g2:a0:g1:z1:s0:g1:u0:c_11\' (cost = 0):
\RGB_PWM_green:PWMUDB:MODULE_7:g2:a0:g1:z1:s0:g1:u0:c_11\ <=  ('0') ;

Note:  Expanding virtual equation for '\RGB_PWM_green:PWMUDB:MODULE_7:g2:a0:g1:z1:s0:g1:u0:c_4\' (cost = 0):
\RGB_PWM_green:PWMUDB:MODULE_7:g2:a0:g1:z1:s0:g1:u0:c_4\ <=  ('0') ;

Note:  Expanding virtual equation for '\RGB_PWM_blue:PWMUDB:MODULE_8:g2:a0:g1:z1:s0:g1:u0:c_19\' (cost = 0):
\RGB_PWM_blue:PWMUDB:MODULE_8:g2:a0:g1:z1:s0:g1:u0:c_19\ <=  ('0') ;

Note:  Expanding virtual equation for '\RGB_PWM_blue:PWMUDB:MODULE_8:g2:a0:g1:z1:s0:g1:u0:c_11\' (cost = 0):
\RGB_PWM_blue:PWMUDB:MODULE_8:g2:a0:g1:z1:s0:g1:u0:c_11\ <=  ('0') ;

Note:  Expanding virtual equation for '\RGB_PWM_blue:PWMUDB:MODULE_8:g2:a0:g1:z1:s0:g1:u0:c_4\' (cost = 0):
\RGB_PWM_blue:PWMUDB:MODULE_8:g2:a0:g1:z1:s0:g1:u0:c_4\ <=  ('0') ;


Substituting virtuals - pass 4:

Note:  Expanding virtual equation for '\RGB_PWM_red:PWMUDB:MODULE_6:g2:a0:g1:z1:s0:g1:u0:c_20\' (cost = 0):
\RGB_PWM_red:PWMUDB:MODULE_6:g2:a0:g1:z1:s0:g1:u0:c_20\ <=  ('0') ;

Note:  Expanding virtual equation for '\RGB_PWM_red:PWMUDB:MODULE_6:g2:a0:g1:z1:s0:g1:u0:c_12\' (cost = 0):
\RGB_PWM_red:PWMUDB:MODULE_6:g2:a0:g1:z1:s0:g1:u0:c_12\ <=  ('0') ;

Note:  Expanding virtual equation for '\RGB_PWM_red:PWMUDB:MODULE_6:g2:a0:g1:z1:s0:g1:u0:c_5\' (cost = 0):
\RGB_PWM_red:PWMUDB:MODULE_6:g2:a0:g1:z1:s0:g1:u0:c_5\ <=  ('0') ;

Note:  Expanding virtual equation for '\RGB_PWM_green:PWMUDB:MODULE_7:g2:a0:g1:z1:s0:g1:u0:c_20\' (cost = 0):
\RGB_PWM_green:PWMUDB:MODULE_7:g2:a0:g1:z1:s0:g1:u0:c_20\ <=  ('0') ;

Note:  Expanding virtual equation for '\RGB_PWM_green:PWMUDB:MODULE_7:g2:a0:g1:z1:s0:g1:u0:c_12\' (cost = 0):
\RGB_PWM_green:PWMUDB:MODULE_7:g2:a0:g1:z1:s0:g1:u0:c_12\ <=  ('0') ;

Note:  Expanding virtual equation for '\RGB_PWM_green:PWMUDB:MODULE_7:g2:a0:g1:z1:s0:g1:u0:c_5\' (cost = 0):
\RGB_PWM_green:PWMUDB:MODULE_7:g2:a0:g1:z1:s0:g1:u0:c_5\ <=  ('0') ;

Note:  Expanding virtual equation for '\RGB_PWM_blue:PWMUDB:MODULE_8:g2:a0:g1:z1:s0:g1:u0:c_20\' (cost = 0):
\RGB_PWM_blue:PWMUDB:MODULE_8:g2:a0:g1:z1:s0:g1:u0:c_20\ <=  ('0') ;

Note:  Expanding virtual equation for '\RGB_PWM_blue:PWMUDB:MODULE_8:g2:a0:g1:z1:s0:g1:u0:c_12\' (cost = 0):
\RGB_PWM_blue:PWMUDB:MODULE_8:g2:a0:g1:z1:s0:g1:u0:c_12\ <=  ('0') ;

Note:  Expanding virtual equation for '\RGB_PWM_blue:PWMUDB:MODULE_8:g2:a0:g1:z1:s0:g1:u0:c_5\' (cost = 0):
\RGB_PWM_blue:PWMUDB:MODULE_8:g2:a0:g1:z1:s0:g1:u0:c_5\ <=  ('0') ;


Substituting virtuals - pass 5:

Note:  Expanding virtual equation for '\RGB_PWM_red:PWMUDB:MODULE_6:g2:a0:g1:z1:s0:g1:u0:c_21\' (cost = 0):
\RGB_PWM_red:PWMUDB:MODULE_6:g2:a0:g1:z1:s0:g1:u0:c_21\ <=  ('0') ;

Note:  Expanding virtual equation for '\RGB_PWM_red:PWMUDB:MODULE_6:g2:a0:g1:z1:s0:g1:u0:c_13\' (cost = 0):
\RGB_PWM_red:PWMUDB:MODULE_6:g2:a0:g1:z1:s0:g1:u0:c_13\ <=  ('0') ;

Note:  Expanding virtual equation for '\RGB_PWM_red:PWMUDB:MODULE_6:g2:a0:g1:z1:s0:g1:u0:c_6\' (cost = 0):
\RGB_PWM_red:PWMUDB:MODULE_6:g2:a0:g1:z1:s0:g1:u0:c_6\ <=  ('0') ;

Note:  Expanding virtual equation for '\RGB_PWM_green:PWMUDB:MODULE_7:g2:a0:g1:z1:s0:g1:u0:c_21\' (cost = 0):
\RGB_PWM_green:PWMUDB:MODULE_7:g2:a0:g1:z1:s0:g1:u0:c_21\ <=  ('0') ;

Note:  Expanding virtual equation for '\RGB_PWM_green:PWMUDB:MODULE_7:g2:a0:g1:z1:s0:g1:u0:c_13\' (cost = 0):
\RGB_PWM_green:PWMUDB:MODULE_7:g2:a0:g1:z1:s0:g1:u0:c_13\ <=  ('0') ;

Note:  Expanding virtual equation for '\RGB_PWM_green:PWMUDB:MODULE_7:g2:a0:g1:z1:s0:g1:u0:c_6\' (cost = 0):
\RGB_PWM_green:PWMUDB:MODULE_7:g2:a0:g1:z1:s0:g1:u0:c_6\ <=  ('0') ;

Note:  Expanding virtual equation for '\RGB_PWM_blue:PWMUDB:MODULE_8:g2:a0:g1:z1:s0:g1:u0:c_21\' (cost = 0):
\RGB_PWM_blue:PWMUDB:MODULE_8:g2:a0:g1:z1:s0:g1:u0:c_21\ <=  ('0') ;

Note:  Expanding virtual equation for '\RGB_PWM_blue:PWMUDB:MODULE_8:g2:a0:g1:z1:s0:g1:u0:c_13\' (cost = 0):
\RGB_PWM_blue:PWMUDB:MODULE_8:g2:a0:g1:z1:s0:g1:u0:c_13\ <=  ('0') ;

Note:  Expanding virtual equation for '\RGB_PWM_blue:PWMUDB:MODULE_8:g2:a0:g1:z1:s0:g1:u0:c_6\' (cost = 0):
\RGB_PWM_blue:PWMUDB:MODULE_8:g2:a0:g1:z1:s0:g1:u0:c_6\ <=  ('0') ;


Substituting virtuals - pass 6:

Note:  Expanding virtual equation for '\RGB_PWM_red:PWMUDB:MODULE_6:g2:a0:g1:z1:s0:g1:u0:c_22\' (cost = 0):
\RGB_PWM_red:PWMUDB:MODULE_6:g2:a0:g1:z1:s0:g1:u0:c_22\ <=  ('0') ;

Note:  Expanding virtual equation for '\RGB_PWM_red:PWMUDB:MODULE_6:g2:a0:g1:z1:s0:g1:u0:c_14\' (cost = 0):
\RGB_PWM_red:PWMUDB:MODULE_6:g2:a0:g1:z1:s0:g1:u0:c_14\ <=  ('0') ;

Note:  Expanding virtual equation for '\RGB_PWM_red:PWMUDB:MODULE_6:g2:a0:g1:z1:s0:g1:u0:c_7\' (cost = 0):
\RGB_PWM_red:PWMUDB:MODULE_6:g2:a0:g1:z1:s0:g1:u0:c_7\ <=  ('0') ;

Note:  Expanding virtual equation for '\RGB_PWM_green:PWMUDB:MODULE_7:g2:a0:g1:z1:s0:g1:u0:c_22\' (cost = 0):
\RGB_PWM_green:PWMUDB:MODULE_7:g2:a0:g1:z1:s0:g1:u0:c_22\ <=  ('0') ;

Note:  Expanding virtual equation for '\RGB_PWM_green:PWMUDB:MODULE_7:g2:a0:g1:z1:s0:g1:u0:c_14\' (cost = 0):
\RGB_PWM_green:PWMUDB:MODULE_7:g2:a0:g1:z1:s0:g1:u0:c_14\ <=  ('0') ;

Note:  Expanding virtual equation for '\RGB_PWM_green:PWMUDB:MODULE_7:g2:a0:g1:z1:s0:g1:u0:c_7\' (cost = 0):
\RGB_PWM_green:PWMUDB:MODULE_7:g2:a0:g1:z1:s0:g1:u0:c_7\ <=  ('0') ;

Note:  Expanding virtual equation for '\RGB_PWM_blue:PWMUDB:MODULE_8:g2:a0:g1:z1:s0:g1:u0:c_22\' (cost = 0):
\RGB_PWM_blue:PWMUDB:MODULE_8:g2:a0:g1:z1:s0:g1:u0:c_22\ <=  ('0') ;

Note:  Expanding virtual equation for '\RGB_PWM_blue:PWMUDB:MODULE_8:g2:a0:g1:z1:s0:g1:u0:c_14\' (cost = 0):
\RGB_PWM_blue:PWMUDB:MODULE_8:g2:a0:g1:z1:s0:g1:u0:c_14\ <=  ('0') ;

Note:  Expanding virtual equation for '\RGB_PWM_blue:PWMUDB:MODULE_8:g2:a0:g1:z1:s0:g1:u0:c_7\' (cost = 0):
\RGB_PWM_blue:PWMUDB:MODULE_8:g2:a0:g1:z1:s0:g1:u0:c_7\ <=  ('0') ;


Substituting virtuals - pass 7:

Note:  Expanding virtual equation for '\RGB_PWM_red:PWMUDB:MODULE_6:g2:a0:g1:z1:s0:g1:u0:c_23\' (cost = 0):
\RGB_PWM_red:PWMUDB:MODULE_6:g2:a0:g1:z1:s0:g1:u0:c_23\ <=  ('0') ;

Note:  Expanding virtual equation for '\RGB_PWM_red:PWMUDB:MODULE_6:g2:a0:g1:z1:s0:g1:u0:c_15\' (cost = 0):
\RGB_PWM_red:PWMUDB:MODULE_6:g2:a0:g1:z1:s0:g1:u0:c_15\ <=  ('0') ;

Note:  Expanding virtual equation for '\RGB_PWM_green:PWMUDB:MODULE_7:g2:a0:g1:z1:s0:g1:u0:c_23\' (cost = 0):
\RGB_PWM_green:PWMUDB:MODULE_7:g2:a0:g1:z1:s0:g1:u0:c_23\ <=  ('0') ;

Note:  Expanding virtual equation for '\RGB_PWM_green:PWMUDB:MODULE_7:g2:a0:g1:z1:s0:g1:u0:c_15\' (cost = 0):
\RGB_PWM_green:PWMUDB:MODULE_7:g2:a0:g1:z1:s0:g1:u0:c_15\ <=  ('0') ;

Note:  Expanding virtual equation for '\RGB_PWM_blue:PWMUDB:MODULE_8:g2:a0:g1:z1:s0:g1:u0:c_23\' (cost = 0):
\RGB_PWM_blue:PWMUDB:MODULE_8:g2:a0:g1:z1:s0:g1:u0:c_23\ <=  ('0') ;

Note:  Expanding virtual equation for '\RGB_PWM_blue:PWMUDB:MODULE_8:g2:a0:g1:z1:s0:g1:u0:c_15\' (cost = 0):
\RGB_PWM_blue:PWMUDB:MODULE_8:g2:a0:g1:z1:s0:g1:u0:c_15\ <=  ('0') ;


Substituting virtuals - pass 8:


----------------------------------------------------------
Circuit simplification results:

	Expanded 105 signals.
	Turned 0 signals into soft nodes.
	Maximum default expansion cost was set at 3.
----------------------------------------------------------

------------------------------------------------------
Alias Detection
------------------------------------------------------
Aliasing \UART_LOG:BUART:rx_status_0\ to zero
Aliasing \UART_LOG:BUART:rx_status_6\ to zero
Aliasing \RGB_PWM_red:PWMUDB:final_capture\ to zero
Aliasing \RGB_PWM_red:PWMUDB:MODULE_6:g2:a0:g1:z1:s0:g1:u0:b_24\ to zero
Aliasing \RGB_PWM_red:PWMUDB:MODULE_6:g2:a0:g1:z1:s0:g1:u0:b_16\ to zero
Aliasing \RGB_PWM_red:PWMUDB:MODULE_6:g2:a0:g1:z1:s0:g1:u0:b_8\ to zero
Aliasing \RGB_PWM_green:PWMUDB:final_capture\ to zero
Aliasing \RGB_PWM_green:PWMUDB:MODULE_7:g2:a0:g1:z1:s0:g1:u0:b_24\ to zero
Aliasing \RGB_PWM_green:PWMUDB:MODULE_7:g2:a0:g1:z1:s0:g1:u0:b_16\ to zero
Aliasing \RGB_PWM_green:PWMUDB:MODULE_7:g2:a0:g1:z1:s0:g1:u0:b_8\ to zero
Aliasing \RGB_PWM_blue:PWMUDB:final_capture\ to zero
Aliasing \RGB_PWM_blue:PWMUDB:MODULE_8:g2:a0:g1:z1:s0:g1:u0:b_24\ to zero
Aliasing \RGB_PWM_blue:PWMUDB:MODULE_8:g2:a0:g1:z1:s0:g1:u0:b_16\ to zero
Aliasing \RGB_PWM_blue:PWMUDB:MODULE_8:g2:a0:g1:z1:s0:g1:u0:b_8\ to zero
Aliasing \UART_LOG:BUART:rx_markspace_status\\D\ to zero
Aliasing \UART_LOG:BUART:rx_parity_error_status\\D\ to zero
Aliasing \UART_LOG:BUART:rx_addr_match_status\\D\ to zero
Removing Rhs of wire \UART_LOG:BUART:rx_bitclk_enable\[245] = \UART_LOG:BUART:rx_bitclk\[293]
Removing Lhs of wire \UART_LOG:BUART:rx_status_0\[343] = zero[7]
Removing Lhs of wire \UART_LOG:BUART:rx_status_6\[352] = zero[7]
Removing Lhs of wire \RGB_PWM_red:PWMUDB:final_capture\[499] = zero[7]
Removing Lhs of wire \RGB_PWM_red:PWMUDB:MODULE_6:g2:a0:g1:z1:s0:g1:u0:b_24\[763] = zero[7]
Removing Lhs of wire \RGB_PWM_red:PWMUDB:MODULE_6:g2:a0:g1:z1:s0:g1:u0:b_16\[773] = zero[7]
Removing Lhs of wire \RGB_PWM_red:PWMUDB:MODULE_6:g2:a0:g1:z1:s0:g1:u0:b_8\[783] = zero[7]
Removing Lhs of wire \RGB_PWM_green:PWMUDB:final_capture\[860] = zero[7]
Removing Lhs of wire \RGB_PWM_green:PWMUDB:MODULE_7:g2:a0:g1:z1:s0:g1:u0:b_24\[1124] = zero[7]
Removing Lhs of wire \RGB_PWM_green:PWMUDB:MODULE_7:g2:a0:g1:z1:s0:g1:u0:b_16\[1134] = zero[7]
Removing Lhs of wire \RGB_PWM_green:PWMUDB:MODULE_7:g2:a0:g1:z1:s0:g1:u0:b_8\[1144] = zero[7]
Removing Lhs of wire \RGB_PWM_blue:PWMUDB:final_capture\[1220] = zero[7]
Removing Lhs of wire \RGB_PWM_blue:PWMUDB:MODULE_8:g2:a0:g1:z1:s0:g1:u0:b_24\[1484] = zero[7]
Removing Lhs of wire \RGB_PWM_blue:PWMUDB:MODULE_8:g2:a0:g1:z1:s0:g1:u0:b_16\[1494] = zero[7]
Removing Lhs of wire \RGB_PWM_blue:PWMUDB:MODULE_8:g2:a0:g1:z1:s0:g1:u0:b_8\[1504] = zero[7]
Removing Lhs of wire \UART_LOG:BUART:tx_ctrl_mark_last\\D\[1547] = \UART_LOG:BUART:tx_ctrl_mark_last\[236]
Removing Lhs of wire \UART_LOG:BUART:rx_markspace_status\\D\[1559] = zero[7]
Removing Lhs of wire \UART_LOG:BUART:rx_parity_error_status\\D\[1560] = zero[7]
Removing Lhs of wire \UART_LOG:BUART:rx_addr_match_status\\D\[1562] = zero[7]
Removing Lhs of wire \UART_LOG:BUART:rx_markspace_pre\\D\[1563] = \UART_LOG:BUART:rx_markspace_pre\[356]
Removing Lhs of wire \UART_LOG:BUART:rx_parity_bit\\D\[1568] = \UART_LOG:BUART:rx_parity_bit\[362]
Removing Lhs of wire \RGB_PWM_red:PWMUDB:runmode_enable\\D\[1572] = \RGB_PWM_red:PWMUDB:control_7\[446]
Removing Lhs of wire \RGB_PWM_green:PWMUDB:runmode_enable\\D\[1584] = \RGB_PWM_green:PWMUDB:control_7\[807]
Removing Lhs of wire \RGB_PWM_blue:PWMUDB:runmode_enable\\D\[1596] = \RGB_PWM_blue:PWMUDB:control_7\[1167]

------------------------------------------------------
Aliased 0 equations, 24 wires.
------------------------------------------------------

----------------------------------------------------------
Circuit simplification
----------------------------------------------------------

Eliminating unused logic - pass 1:

Note:  Deleted unused equation:
\UART_LOG:BUART:sRX:MODULE_5:g1:a0:xneq\ <= ((not \UART_LOG:BUART:rx_parity_bit\ and Net_1250 and \UART_LOG:BUART:pollcount_0\)
	OR (not \UART_LOG:BUART:pollcount_1\ and not \UART_LOG:BUART:pollcount_0\ and \UART_LOG:BUART:rx_parity_bit\)
	OR (not Net_1250 and not \UART_LOG:BUART:pollcount_1\ and \UART_LOG:BUART:rx_parity_bit\)
	OR (not \UART_LOG:BUART:rx_parity_bit\ and \UART_LOG:BUART:pollcount_1\));


Eliminating unused logic - pass 2:


Substituting virtuals - pass 1:


----------------------------------------------------------
Circuit simplification results:

	Expanded 0 signals.
	Turned 0 signals into soft nodes.
	Maximum default expansion cost was set at 3.
----------------------------------------------------------

topld:  No errors.

CYPRESS_DIR    : C:\tool\Cypress\PSOC_Creator\PSoC Creator\4.2\PSoC Creator\warp
Warp Program   : C:\tool\Cypress\PSOC_Creator\PSoC Creator\4.2\PSoC Creator\warp\bin\warp.exe
Warp Arguments : -yv2 -q10 -ygs -o2 -v3 -.fftcfgtype=LE -ya -.fftprj=d:\50_HDA\60_Lehre\40_Vorlesungen\10_EOS\20_Lecture_PO2019\work\w04_events.cydsn\w04_events.cyprj -dcpsoc3 w04_events.v -verilog
</CYPRESSTAG>
Warp synthesis phase: Elapsed time ==> 1s.297ms
<CYPRESSTAG name="Fitter results...">
<CYPRESSTAG name="Fitter startup details...">
cyp3fit: V4.2.0.641, Family: PSoC3, Started at: Tuesday, 19 November 2019 18:36:03
Options: -yv2 -q10 -ygs -o2 -v3 -.fftcfgtype=LE -ya -.fftprj=d:\50_HDA\60_Lehre\40_Vorlesungen\10_EOS\20_Lecture_PO2019\work\w04_events.cydsn\w04_events.cyprj -d CY8C5888LTQ-LP097 w04_events.v -verilog
</CYPRESSTAG>
<CYPRESSTAG name="Design parsing">
Design parsing phase: Elapsed time ==> 0s.015ms
</CYPRESSTAG>
<CYPRESSTAG name="Tech Mapping">
<CYPRESSTAG name="Initial Mapping" icon="FILE_RPT_TECHM">
    Removed wire end \RGB_PWM_red:PWMUDB:MODULE_6:g2:a0:g1:z1:s0:g1:u0:c_24\ kept zero
    Removed wire end \RGB_PWM_red:PWMUDB:MODULE_6:g2:a0:g1:z1:s0:g1:u0:c_16\ kept zero
    Removed wire end \RGB_PWM_red:PWMUDB:MODULE_6:g2:a0:g1:z1:s0:g1:u0:c_8\ kept zero
    Removed wire end \RGB_PWM_green:PWMUDB:MODULE_7:g2:a0:g1:z1:s0:g1:u0:c_24\ kept zero
    Removed wire end \RGB_PWM_green:PWMUDB:MODULE_7:g2:a0:g1:z1:s0:g1:u0:c_16\ kept zero
    Removed wire end \RGB_PWM_green:PWMUDB:MODULE_7:g2:a0:g1:z1:s0:g1:u0:c_8\ kept zero
    Removed wire end \RGB_PWM_blue:PWMUDB:MODULE_8:g2:a0:g1:z1:s0:g1:u0:c_24\ kept zero
    Removed wire end \RGB_PWM_blue:PWMUDB:MODULE_8:g2:a0:g1:z1:s0:g1:u0:c_16\ kept zero
    Removed wire end \RGB_PWM_blue:PWMUDB:MODULE_8:g2:a0:g1:z1:s0:g1:u0:c_8\ kept zero
    Converted constant MacroCell: \UART_LOG:BUART:reset_reg\ from registered to combinatorial
    Converted constant MacroCell: \UART_LOG:BUART:rx_markspace_status\ from registered to combinatorial
    Converted constant MacroCell: \UART_LOG:BUART:rx_status_2\ from registered to combinatorial
    Converted constant MacroCell: \UART_LOG:BUART:rx_addr_match_status\ from registered to combinatorial
    Converted constant MacroCell: \UART_LOG:BUART:rx_break_status\ from registered to combinatorial
    Converted constant MacroCell: \RGB_PWM_red:PWMUDB:prevCapture\ from registered to combinatorial
    Converted constant MacroCell: \RGB_PWM_red:PWMUDB:trig_last\ from registered to combinatorial
    Converted constant MacroCell: \RGB_PWM_red:PWMUDB:pwm1_i_reg\ from registered to combinatorial
    Converted constant MacroCell: \RGB_PWM_red:PWMUDB:pwm2_i_reg\ from registered to combinatorial
    Converted constant MacroCell: \RGB_PWM_green:PWMUDB:prevCapture\ from registered to combinatorial
    Converted constant MacroCell: \RGB_PWM_green:PWMUDB:trig_last\ from registered to combinatorial
    Converted constant MacroCell: \RGB_PWM_green:PWMUDB:pwm1_i_reg\ from registered to combinatorial
    Converted constant MacroCell: \RGB_PWM_green:PWMUDB:pwm2_i_reg\ from registered to combinatorial
    Converted constant MacroCell: \RGB_PWM_blue:PWMUDB:prevCapture\ from registered to combinatorial
    Converted constant MacroCell: \RGB_PWM_blue:PWMUDB:trig_last\ from registered to combinatorial
    Converted constant MacroCell: \RGB_PWM_blue:PWMUDB:pwm1_i_reg\ from registered to combinatorial
    Converted constant MacroCell: \RGB_PWM_blue:PWMUDB:pwm2_i_reg\ from registered to combinatorial
<CYPRESSTAG name="Global Clock Selection" icon="FILE_RPT_TECHM">
    Digital Clock 0: Automatic-assigning  clock 'PWM_Clock'. Fanout=3, Signal=Net_2605
    Digital Clock 1: Automatic-assigning  clock 'UART_LOG_IntClock'. Fanout=1, Signal=\UART_LOG:Net_9\
</CYPRESSTAG>

Removing unused cells resulting from optimization
Done removing unused cells.
<CYPRESSTAG name="UDB Clock/Enable Remapping Results">
    UDB Clk/Enable \UART_LOG:BUART:ClkSync\: with output requested to be synchronous
        ClockIn: UART_LOG_IntClock was determined to be a global clock that is synchronous to BUS_CLK
        EnableIn: Constant 1 was determined to be synchronous to ClockIn
        ClockOut: UART_LOG_IntClock, EnableOut: Constant 1
    UDB Clk/Enable \RGB_PWM_red:PWMUDB:clock_enable_block\: with output requested to be synchronous
        ClockIn: PWM_Clock was determined to be a global clock that is synchronous to BUS_CLK
        EnableIn: Constant 1 was determined to be synchronous to ClockIn
        ClockOut: PWM_Clock, EnableOut: Constant 1
    UDB Clk/Enable \RGB_PWM_green:PWMUDB:clock_enable_block\: with output requested to be synchronous
        ClockIn: PWM_Clock was determined to be a global clock that is synchronous to BUS_CLK
        EnableIn: Constant 1 was determined to be synchronous to ClockIn
        ClockOut: PWM_Clock, EnableOut: Constant 1
    UDB Clk/Enable \RGB_PWM_blue:PWMUDB:clock_enable_block\: with output requested to be synchronous
        ClockIn: PWM_Clock was determined to be a global clock that is synchronous to BUS_CLK
        EnableIn: Constant 1 was determined to be synchronous to ClockIn
        ClockOut: PWM_Clock, EnableOut: Constant 1
</CYPRESSTAG>

Removing unused cells resulting from optimization
Done removing unused cells.
<CYPRESSTAG name="Duplicate Macrocell detection">
</CYPRESSTAG>
</CYPRESSTAG>
<CYPRESSTAG name="Duplicate Macrocell detection">

Removing duplicate macrocells
    Removing \UART_LOG:BUART:rx_parity_bit\, Duplicate of \UART_LOG:BUART:tx_ctrl_mark_last\ 
    MacroCell: Name=\UART_LOG:BUART:rx_parity_bit\, Mode=(T-Register)
        Total # of inputs        : 0
        Total # of product terms : 0
        List of special equations: 
            Clock  = (\UART_LOG:Net_9\) => Global
            Clock Enable: True
        Main Equation            : 0 pterms
        (
            0
        );
        Output = \UART_LOG:BUART:rx_parity_bit\ (fanout=0)

    Removing \UART_LOG:BUART:rx_address_detected\, Duplicate of \UART_LOG:BUART:tx_ctrl_mark_last\ 
    MacroCell: Name=\UART_LOG:BUART:rx_address_detected\, Mode=(T-Register)
        Total # of inputs        : 0
        Total # of product terms : 0
        List of special equations: 
            Clock  = (\UART_LOG:Net_9\) => Global
            Clock Enable: True
        Main Equation            : 0 pterms
        (
            0
        );
        Output = \UART_LOG:BUART:rx_address_detected\ (fanout=0)

    Removing \UART_LOG:BUART:rx_parity_error_pre\, Duplicate of \UART_LOG:BUART:tx_ctrl_mark_last\ 
    MacroCell: Name=\UART_LOG:BUART:rx_parity_error_pre\, Mode=(T-Register)
        Total # of inputs        : 0
        Total # of product terms : 0
        List of special equations: 
            Clock  = (\UART_LOG:Net_9\) => Global
            Clock Enable: True
        Main Equation            : 0 pterms
        (
            0
        );
        Output = \UART_LOG:BUART:rx_parity_error_pre\ (fanout=0)

    Removing \UART_LOG:BUART:rx_markspace_pre\, Duplicate of \UART_LOG:BUART:tx_ctrl_mark_last\ 
    MacroCell: Name=\UART_LOG:BUART:rx_markspace_pre\, Mode=(T-Register)
        Total # of inputs        : 0
        Total # of product terms : 0
        List of special equations: 
            Clock  = (\UART_LOG:Net_9\) => Global
            Clock Enable: True
        Main Equation            : 0 pterms
        (
            0
        );
        Output = \UART_LOG:BUART:rx_markspace_pre\ (fanout=0)

    Removing \UART_LOG:BUART:rx_state_1\, Duplicate of \UART_LOG:BUART:tx_ctrl_mark_last\ 
    MacroCell: Name=\UART_LOG:BUART:rx_state_1\, Mode=(T-Register)
        Total # of inputs        : 0
        Total # of product terms : 0
        List of special equations: 
            Clock  = (\UART_LOG:Net_9\) => Global
            Clock Enable: True
        Main Equation            : 0 pterms
        (
            0
        );
        Output = \UART_LOG:BUART:rx_state_1\ (fanout=8)

    Removing \UART_LOG:BUART:tx_parity_bit\, Duplicate of \UART_LOG:BUART:tx_ctrl_mark_last\ 
    MacroCell: Name=\UART_LOG:BUART:tx_parity_bit\, Mode=(T-Register)
        Total # of inputs        : 0
        Total # of product terms : 0
        List of special equations: 
            Clock  = (\UART_LOG:Net_9\) => Global
            Clock Enable: True
        Main Equation            : 0 pterms
        (
            0
        );
        Output = \UART_LOG:BUART:tx_parity_bit\ (fanout=0)

    Removing \UART_LOG:BUART:tx_mark\, Duplicate of \UART_LOG:BUART:tx_ctrl_mark_last\ 
    MacroCell: Name=\UART_LOG:BUART:tx_mark\, Mode=(T-Register)
        Total # of inputs        : 0
        Total # of product terms : 0
        List of special equations: 
            Clock  = (\UART_LOG:Net_9\) => Global
            Clock Enable: True
        Main Equation            : 0 pterms
        (
            0
        );
        Output = \UART_LOG:BUART:tx_mark\ (fanout=0)


Removing unused cells resulting from optimization
Done removing unused cells.
End removing duplicate macrocells: used 1 pass
</CYPRESSTAG>
<CYPRESSTAG name="Design Equations" icon="FILE_RPT_EQUATION">

------------------------------------------------------------
Design Equations
------------------------------------------------------------
    <CYPRESSTAG name="Pin listing">

    ------------------------------------------------------------
    Pin listing
    ------------------------------------------------------------

    Pin : Name = SEVEN_A(0)
        Attributes:
            In Group/Port: True
            In Sync Option: AUTO
            Out Sync Option: NOSYNC
            Interrupt generated: False
            Interrupt mode: NONE
            Drive mode: CMOS_OUT
            VTrip: EITHER
            Slew: FAST
            Input Sync needed: False
            Output Sync needed: False
            SC shield enabled: False
            POR State: ANY
            LCD Mode: COMMON
            Register Mode: RegComb
            CaSense Mode: NEITHER
            Treat as pin: True
            Is OE Registered: False
            Uses Analog: False
            Can contain Digital: True
            Is SIO: False
            SIO Output Buf: NONREGULATED
            SIO Input Buf: SINGLE_ENDED
            SIO HiFreq: LOW
            SIO Hyst: DISABLED
            SIO Vtrip: MULTIPLIER_0_5
            SIO Multiplier Index: 0
            SIO RefSel: VCC_IO
            Required Capabilities: DIGITAL, ROUTABLE
            Initial Value: 0
            IO Voltage: 0
        PORT MAP (
            pa_out => SEVEN_A(0)__PA ,
            pin_input => Net_1227 ,
            pad => SEVEN_A(0)_PAD );
        Properties:
        {
        }

    Pin : Name = SEVEN_B(0)
        Attributes:
            In Group/Port: True
            In Sync Option: AUTO
            Out Sync Option: NOSYNC
            Interrupt generated: False
            Interrupt mode: NONE
            Drive mode: CMOS_OUT
            VTrip: EITHER
            Slew: FAST
            Input Sync needed: False
            Output Sync needed: False
            SC shield enabled: False
            POR State: ANY
            LCD Mode: COMMON
            Register Mode: RegComb
            CaSense Mode: NEITHER
            Treat as pin: True
            Is OE Registered: False
            Uses Analog: False
            Can contain Digital: True
            Is SIO: False
            SIO Output Buf: NONREGULATED
            SIO Input Buf: SINGLE_ENDED
            SIO HiFreq: LOW
            SIO Hyst: DISABLED
            SIO Vtrip: MULTIPLIER_0_5
            SIO Multiplier Index: 0
            SIO RefSel: VCC_IO
            Required Capabilities: DIGITAL, ROUTABLE
            Initial Value: 0
            IO Voltage: 0
        PORT MAP (
            pa_out => SEVEN_B(0)__PA ,
            pin_input => Net_1229 ,
            pad => SEVEN_B(0)_PAD );
        Properties:
        {
        }

    Pin : Name = SEVEN_C(0)
        Attributes:
            In Group/Port: True
            In Sync Option: AUTO
            Out Sync Option: NOSYNC
            Interrupt generated: False
            Interrupt mode: NONE
            Drive mode: CMOS_OUT
            VTrip: EITHER
            Slew: FAST
            Input Sync needed: False
            Output Sync needed: False
            SC shield enabled: False
            POR State: ANY
            LCD Mode: COMMON
            Register Mode: RegComb
            CaSense Mode: NEITHER
            Treat as pin: True
            Is OE Registered: False
            Uses Analog: False
            Can contain Digital: True
            Is SIO: False
            SIO Output Buf: NONREGULATED
            SIO Input Buf: SINGLE_ENDED
            SIO HiFreq: LOW
            SIO Hyst: DISABLED
            SIO Vtrip: MULTIPLIER_0_5
            SIO Multiplier Index: 0
            SIO RefSel: VCC_IO
            Required Capabilities: DIGITAL, ROUTABLE
            Initial Value: 0
            IO Voltage: 0
        PORT MAP (
            pa_out => SEVEN_C(0)__PA ,
            pin_input => Net_1231 ,
            pad => SEVEN_C(0)_PAD );
        Properties:
        {
        }

    Pin : Name = SEVEN_D(0)
        Attributes:
            In Group/Port: True
            In Sync Option: AUTO
            Out Sync Option: NOSYNC
            Interrupt generated: False
            Interrupt mode: NONE
            Drive mode: CMOS_OUT
            VTrip: EITHER
            Slew: FAST
            Input Sync needed: False
            Output Sync needed: False
            SC shield enabled: False
            POR State: ANY
            LCD Mode: COMMON
            Register Mode: RegComb
            CaSense Mode: NEITHER
            Treat as pin: True
            Is OE Registered: False
            Uses Analog: False
            Can contain Digital: True
            Is SIO: False
            SIO Output Buf: NONREGULATED
            SIO Input Buf: SINGLE_ENDED
            SIO HiFreq: LOW
            SIO Hyst: DISABLED
            SIO Vtrip: MULTIPLIER_0_5
            SIO Multiplier Index: 0
            SIO RefSel: VCC_IO
            Required Capabilities: DIGITAL, ROUTABLE
            Initial Value: 0
            IO Voltage: 0
        PORT MAP (
            pa_out => SEVEN_D(0)__PA ,
            pin_input => Net_1233 ,
            pad => SEVEN_D(0)_PAD );
        Properties:
        {
        }

    Pin : Name = SEVEN_E(0)
        Attributes:
            In Group/Port: True
            In Sync Option: AUTO
            Out Sync Option: NOSYNC
            Interrupt generated: False
            Interrupt mode: NONE
            Drive mode: CMOS_OUT
            VTrip: EITHER
            Slew: FAST
            Input Sync needed: False
            Output Sync needed: False
            SC shield enabled: False
            POR State: ANY
            LCD Mode: COMMON
            Register Mode: RegComb
            CaSense Mode: NEITHER
            Treat as pin: True
            Is OE Registered: False
            Uses Analog: False
            Can contain Digital: True
            Is SIO: False
            SIO Output Buf: NONREGULATED
            SIO Input Buf: SINGLE_ENDED
            SIO HiFreq: LOW
            SIO Hyst: DISABLED
            SIO Vtrip: MULTIPLIER_0_5
            SIO Multiplier Index: 0
            SIO RefSel: VCC_IO
            Required Capabilities: DIGITAL, ROUTABLE
            Initial Value: 0
            IO Voltage: 0
        PORT MAP (
            pa_out => SEVEN_E(0)__PA ,
            pin_input => Net_1235 ,
            pad => SEVEN_E(0)_PAD );
        Properties:
        {
        }

    Pin : Name = SEVEN_F(0)
        Attributes:
            In Group/Port: True
            In Sync Option: AUTO
            Out Sync Option: NOSYNC
            Interrupt generated: False
            Interrupt mode: NONE
            Drive mode: CMOS_OUT
            VTrip: EITHER
            Slew: FAST
            Input Sync needed: False
            Output Sync needed: False
            SC shield enabled: False
            POR State: ANY
            LCD Mode: COMMON
            Register Mode: RegComb
            CaSense Mode: NEITHER
            Treat as pin: True
            Is OE Registered: False
            Uses Analog: False
            Can contain Digital: True
            Is SIO: False
            SIO Output Buf: NONREGULATED
            SIO Input Buf: SINGLE_ENDED
            SIO HiFreq: LOW
            SIO Hyst: DISABLED
            SIO Vtrip: MULTIPLIER_0_5
            SIO Multiplier Index: 0
            SIO RefSel: VCC_IO
            Required Capabilities: DIGITAL, ROUTABLE
            Initial Value: 0
            IO Voltage: 0
        PORT MAP (
            pa_out => SEVEN_F(0)__PA ,
            pin_input => Net_1237 ,
            pad => SEVEN_F(0)_PAD );
        Properties:
        {
        }

    Pin : Name = SEVEN_G(0)
        Attributes:
            In Group/Port: True
            In Sync Option: AUTO
            Out Sync Option: NOSYNC
            Interrupt generated: False
            Interrupt mode: NONE
            Drive mode: CMOS_OUT
            VTrip: EITHER
            Slew: FAST
            Input Sync needed: False
            Output Sync needed: False
            SC shield enabled: False
            POR State: ANY
            LCD Mode: COMMON
            Register Mode: RegComb
            CaSense Mode: NEITHER
            Treat as pin: True
            Is OE Registered: False
            Uses Analog: False
            Can contain Digital: True
            Is SIO: False
            SIO Output Buf: NONREGULATED
            SIO Input Buf: SINGLE_ENDED
            SIO HiFreq: LOW
            SIO Hyst: DISABLED
            SIO Vtrip: MULTIPLIER_0_5
            SIO Multiplier Index: 0
            SIO RefSel: VCC_IO
            Required Capabilities: DIGITAL, ROUTABLE
            Initial Value: 0
            IO Voltage: 0
        PORT MAP (
            pa_out => SEVEN_G(0)__PA ,
            pin_input => Net_1239 ,
            pad => SEVEN_G(0)_PAD );
        Properties:
        {
        }

    Pin : Name = SEVEN_DP(0)
        Attributes:
            In Group/Port: True
            In Sync Option: AUTO
            Out Sync Option: NOSYNC
            Interrupt generated: False
            Interrupt mode: NONE
            Drive mode: CMOS_OUT
            VTrip: EITHER
            Slew: FAST
            Input Sync needed: False
            Output Sync needed: False
            SC shield enabled: False
            POR State: ANY
            LCD Mode: COMMON
            Register Mode: RegComb
            CaSense Mode: NEITHER
            Treat as pin: True
            Is OE Registered: False
            Uses Analog: False
            Can contain Digital: True
            Is SIO: False
            SIO Output Buf: NONREGULATED
            SIO Input Buf: SINGLE_ENDED
            SIO HiFreq: LOW
            SIO Hyst: DISABLED
            SIO Vtrip: MULTIPLIER_0_5
            SIO Multiplier Index: 0
            SIO RefSel: VCC_IO
            Required Capabilities: DIGITAL, ROUTABLE
            Initial Value: 0
            IO Voltage: 0
        PORT MAP (
            pa_out => SEVEN_DP(0)__PA ,
            pin_input => Net_1241 ,
            pad => SEVEN_DP(0)_PAD );
        Properties:
        {
        }

    Pin : Name = SEVEN_SELECT(0)
        Attributes:
            In Group/Port: True
            In Sync Option: AUTO
            Out Sync Option: NOSYNC
            Interrupt generated: False
            Interrupt mode: NONE
            Drive mode: CMOS_OUT
            VTrip: EITHER
            Slew: FAST
            Input Sync needed: False
            Output Sync needed: False
            SC shield enabled: False
            POR State: ANY
            LCD Mode: COMMON
            Register Mode: RegComb
            CaSense Mode: NEITHER
            Treat as pin: True
            Is OE Registered: False
            Uses Analog: False
            Can contain Digital: True
            Is SIO: False
            SIO Output Buf: NONREGULATED
            SIO Input Buf: SINGLE_ENDED
            SIO HiFreq: LOW
            SIO Hyst: DISABLED
            SIO Vtrip: MULTIPLIER_0_5
            SIO Multiplier Index: 0
            SIO RefSel: VCC_IO
            Required Capabilities: DIGITAL
            Initial Value: 0
            IO Voltage: 0
        PORT MAP (
            pa_out => SEVEN_SELECT(0)__PA ,
            pad => SEVEN_SELECT(0)_PAD );
        Properties:
        {
        }

    Pin : Name = BUTTON_1(0)
        Attributes:
            In Group/Port: True
            In Sync Option: NOSYNC
            Out Sync Option: AUTO
            Interrupt generated: False
            Interrupt mode: NONE
            Drive mode: HI_Z_DIGITAL
            VTrip: CMOS
            Slew: FAST
            Input Sync needed: False
            Output Sync needed: False
            SC shield enabled: False
            POR State: ANY
            LCD Mode: COMMON
            Register Mode: RegComb
            CaSense Mode: NEITHER
            Treat as pin: True
            Is OE Registered: False
            Uses Analog: False
            Can contain Digital: True
            Is SIO: False
            SIO Output Buf: NONREGULATED
            SIO Input Buf: SINGLE_ENDED
            SIO HiFreq: LOW
            SIO Hyst: DISABLED
            SIO Vtrip: MULTIPLIER_0_5
            SIO Multiplier Index: 0
            SIO RefSel: VCC_IO
            Required Capabilities: DIGITAL, ROUTABLE
            Initial Value: 0
            IO Voltage: 0
        PORT MAP (
            pa_out => BUTTON_1(0)__PA ,
            fb => Net_664 ,
            pad => BUTTON_1(0)_PAD );
        Properties:
        {
        }

    Pin : Name = BUTTON_2(0)
        Attributes:
            In Group/Port: True
            In Sync Option: NOSYNC
            Out Sync Option: AUTO
            Interrupt generated: False
            Interrupt mode: NONE
            Drive mode: HI_Z_DIGITAL
            VTrip: CMOS
            Slew: FAST
            Input Sync needed: False
            Output Sync needed: False
            SC shield enabled: False
            POR State: ANY
            LCD Mode: COMMON
            Register Mode: RegComb
            CaSense Mode: NEITHER
            Treat as pin: True
            Is OE Registered: False
            Uses Analog: False
            Can contain Digital: True
            Is SIO: False
            SIO Output Buf: NONREGULATED
            SIO Input Buf: SINGLE_ENDED
            SIO HiFreq: LOW
            SIO Hyst: DISABLED
            SIO Vtrip: MULTIPLIER_0_5
            SIO Multiplier Index: 0
            SIO RefSel: VCC_IO
            Required Capabilities: DIGITAL, ROUTABLE
            Initial Value: 0
            IO Voltage: 0
        PORT MAP (
            pa_out => BUTTON_2(0)__PA ,
            fb => Net_665 ,
            pad => BUTTON_2(0)_PAD );
        Properties:
        {
        }

    Pin : Name = BUTTON_3(0)
        Attributes:
            In Group/Port: True
            In Sync Option: NOSYNC
            Out Sync Option: AUTO
            Interrupt generated: False
            Interrupt mode: NONE
            Drive mode: HI_Z_DIGITAL
            VTrip: CMOS
            Slew: FAST
            Input Sync needed: False
            Output Sync needed: False
            SC shield enabled: False
            POR State: ANY
            LCD Mode: COMMON
            Register Mode: RegComb
            CaSense Mode: NEITHER
            Treat as pin: True
            Is OE Registered: False
            Uses Analog: False
            Can contain Digital: True
            Is SIO: False
            SIO Output Buf: NONREGULATED
            SIO Input Buf: SINGLE_ENDED
            SIO HiFreq: LOW
            SIO Hyst: DISABLED
            SIO Vtrip: MULTIPLIER_0_5
            SIO Multiplier Index: 0
            SIO RefSel: VCC_IO
            Required Capabilities: DIGITAL, ROUTABLE
            Initial Value: 0
            IO Voltage: 0
        PORT MAP (
            pa_out => BUTTON_3(0)__PA ,
            fb => Net_667 ,
            pad => BUTTON_3(0)_PAD );
        Properties:
        {
        }

    Pin : Name = BUTTON_4(0)
        Attributes:
            In Group/Port: True
            In Sync Option: NOSYNC
            Out Sync Option: AUTO
            Interrupt generated: False
            Interrupt mode: NONE
            Drive mode: HI_Z_DIGITAL
            VTrip: CMOS
            Slew: FAST
            Input Sync needed: False
            Output Sync needed: False
            SC shield enabled: False
            POR State: ANY
            LCD Mode: COMMON
            Register Mode: RegComb
            CaSense Mode: NEITHER
            Treat as pin: True
            Is OE Registered: False
            Uses Analog: False
            Can contain Digital: True
            Is SIO: False
            SIO Output Buf: NONREGULATED
            SIO Input Buf: SINGLE_ENDED
            SIO HiFreq: LOW
            SIO Hyst: DISABLED
            SIO Vtrip: MULTIPLIER_0_5
            SIO Multiplier Index: 0
            SIO RefSel: VCC_IO
            Required Capabilities: DIGITAL, ROUTABLE
            Initial Value: 0
            IO Voltage: 0
        PORT MAP (
            pa_out => BUTTON_4(0)__PA ,
            fb => Net_668 ,
            pad => BUTTON_4(0)_PAD );
        Properties:
        {
        }

    Pin : Name = LED_red(0)
        Attributes:
            In Group/Port: True
            In Sync Option: AUTO
            Out Sync Option: NOSYNC
            Interrupt generated: False
            Interrupt mode: NONE
            Drive mode: CMOS_OUT
            VTrip: EITHER
            Slew: FAST
            Input Sync needed: False
            Output Sync needed: False
            SC shield enabled: False
            POR State: ANY
            LCD Mode: COMMON
            Register Mode: RegComb
            CaSense Mode: NEITHER
            Treat as pin: True
            Is OE Registered: False
            Uses Analog: False
            Can contain Digital: True
            Is SIO: False
            SIO Output Buf: NONREGULATED
            SIO Input Buf: SINGLE_ENDED
            SIO HiFreq: LOW
            SIO Hyst: DISABLED
            SIO Vtrip: MULTIPLIER_0_5
            SIO Multiplier Index: 0
            SIO RefSel: VCC_IO
            Required Capabilities: DIGITAL
            Initial Value: 0
            IO Voltage: 0
        PORT MAP (
            pa_out => LED_red(0)__PA ,
            pad => LED_red(0)_PAD );
        Properties:
        {
        }

    Pin : Name = LED_yellow(0)
        Attributes:
            In Group/Port: True
            In Sync Option: AUTO
            Out Sync Option: NOSYNC
            Interrupt generated: False
            Interrupt mode: NONE
            Drive mode: CMOS_OUT
            VTrip: EITHER
            Slew: FAST
            Input Sync needed: False
            Output Sync needed: False
            SC shield enabled: False
            POR State: ANY
            LCD Mode: COMMON
            Register Mode: RegComb
            CaSense Mode: NEITHER
            Treat as pin: True
            Is OE Registered: False
            Uses Analog: False
            Can contain Digital: True
            Is SIO: False
            SIO Output Buf: NONREGULATED
            SIO Input Buf: SINGLE_ENDED
            SIO HiFreq: LOW
            SIO Hyst: DISABLED
            SIO Vtrip: MULTIPLIER_0_5
            SIO Multiplier Index: 0
            SIO RefSel: VCC_IO
            Required Capabilities: DIGITAL
            Initial Value: 0
            IO Voltage: 0
        PORT MAP (
            pa_out => LED_yellow(0)__PA ,
            pad => LED_yellow(0)_PAD );
        Properties:
        {
        }

    Pin : Name = LED_green(0)
        Attributes:
            In Group/Port: True
            In Sync Option: AUTO
            Out Sync Option: NOSYNC
            Interrupt generated: False
            Interrupt mode: NONE
            Drive mode: CMOS_OUT
            VTrip: EITHER
            Slew: FAST
            Input Sync needed: False
            Output Sync needed: False
            SC shield enabled: False
            POR State: ANY
            LCD Mode: COMMON
            Register Mode: RegComb
            CaSense Mode: NEITHER
            Treat as pin: True
            Is OE Registered: False
            Uses Analog: False
            Can contain Digital: True
            Is SIO: False
            SIO Output Buf: NONREGULATED
            SIO Input Buf: SINGLE_ENDED
            SIO HiFreq: LOW
            SIO Hyst: DISABLED
            SIO Vtrip: MULTIPLIER_0_5
            SIO Multiplier Index: 0
            SIO RefSel: VCC_IO
            Required Capabilities: DIGITAL
            Initial Value: 0
            IO Voltage: 0
        PORT MAP (
            pa_out => LED_green(0)__PA ,
            pad => LED_green(0)_PAD );
        Properties:
        {
        }

    Pin : Name = DEBUG_TX(0)
        Attributes:
            In Group/Port: True
            In Sync Option: AUTO
            Out Sync Option: NOSYNC
            Interrupt generated: False
            Interrupt mode: NONE
            Drive mode: CMOS_OUT
            VTrip: EITHER
            Slew: FAST
            Input Sync needed: False
            Output Sync needed: False
            SC shield enabled: False
            POR State: ANY
            LCD Mode: COMMON
            Register Mode: RegComb
            CaSense Mode: NEITHER
            Treat as pin: True
            Is OE Registered: False
            Uses Analog: False
            Can contain Digital: True
            Is SIO: False
            SIO Output Buf: NONREGULATED
            SIO Input Buf: SINGLE_ENDED
            SIO HiFreq: LOW
            SIO Hyst: DISABLED
            SIO Vtrip: MULTIPLIER_0_5
            SIO Multiplier Index: 0
            SIO RefSel: VCC_IO
            Required Capabilities: DIGITAL, ROUTABLE
            Initial Value: 1
            IO Voltage: 0
        PORT MAP (
            pa_out => DEBUG_TX(0)__PA ,
            pin_input => Net_1249 ,
            pad => DEBUG_TX(0)_PAD );
        Properties:
        {
        }

    Pin : Name = DEBUG_RX(0)
        Attributes:
            In Group/Port: True
            In Sync Option: SYNC
            Out Sync Option: AUTO
            Interrupt generated: False
            Interrupt mode: NONE
            Drive mode: HI_Z_DIGITAL
            VTrip: CMOS
            Slew: FAST
            Input Sync needed: True
            Output Sync needed: False
            SC shield enabled: False
            POR State: ANY
            LCD Mode: COMMON
            Register Mode: RegComb
            CaSense Mode: NEITHER
            Treat as pin: True
            Is OE Registered: False
            Uses Analog: False
            Can contain Digital: True
            Is SIO: False
            SIO Output Buf: NONREGULATED
            SIO Input Buf: SINGLE_ENDED
            SIO HiFreq: LOW
            SIO Hyst: DISABLED
            SIO Vtrip: MULTIPLIER_0_5
            SIO Multiplier Index: 0
            SIO RefSel: VCC_IO
            Required Capabilities: DIGITAL, ROUTABLE
            Initial Value: 0
            IO Voltage: 0
        PORT MAP (
            pa_out => DEBUG_RX(0)__PA ,
            fb => Net_1250 ,
            pad => DEBUG_RX(0)_PAD );
        Properties:
        {
        }

    Pin : Name = RGB_R(0)
        Attributes:
            In Group/Port: True
            In Sync Option: AUTO
            Out Sync Option: NOSYNC
            Interrupt generated: False
            Interrupt mode: NONE
            Drive mode: CMOS_OUT
            VTrip: EITHER
            Slew: FAST
            Input Sync needed: False
            Output Sync needed: False
            SC shield enabled: False
            POR State: ANY
            LCD Mode: COMMON
            Register Mode: RegComb
            CaSense Mode: NEITHER
            Treat as pin: True
            Is OE Registered: False
            Uses Analog: False
            Can contain Digital: True
            Is SIO: False
            SIO Output Buf: NONREGULATED
            SIO Input Buf: SINGLE_ENDED
            SIO HiFreq: LOW
            SIO Hyst: DISABLED
            SIO Vtrip: MULTIPLIER_0_5
            SIO Multiplier Index: 0
            SIO RefSel: VCC_IO
            Required Capabilities: DIGITAL, ROUTABLE
            Initial Value: 0
            IO Voltage: 0
        PORT MAP (
            pa_out => RGB_R(0)__PA ,
            pin_input => Net_403 ,
            pad => RGB_R(0)_PAD );
        Properties:
        {
        }

    Pin : Name = RGB_G(0)
        Attributes:
            In Group/Port: True
            In Sync Option: AUTO
            Out Sync Option: NOSYNC
            Interrupt generated: False
            Interrupt mode: NONE
            Drive mode: CMOS_OUT
            VTrip: EITHER
            Slew: FAST
            Input Sync needed: False
            Output Sync needed: False
            SC shield enabled: False
            POR State: ANY
            LCD Mode: COMMON
            Register Mode: RegComb
            CaSense Mode: NEITHER
            Treat as pin: True
            Is OE Registered: False
            Uses Analog: False
            Can contain Digital: True
            Is SIO: False
            SIO Output Buf: NONREGULATED
            SIO Input Buf: SINGLE_ENDED
            SIO HiFreq: LOW
            SIO Hyst: DISABLED
            SIO Vtrip: MULTIPLIER_0_5
            SIO Multiplier Index: 0
            SIO RefSel: VCC_IO
            Required Capabilities: DIGITAL, ROUTABLE
            Initial Value: 0
            IO Voltage: 0
        PORT MAP (
            pa_out => RGB_G(0)__PA ,
            pin_input => Net_481 ,
            pad => RGB_G(0)_PAD );
        Properties:
        {
        }

    Pin : Name = RGB_B(0)
        Attributes:
            In Group/Port: True
            In Sync Option: AUTO
            Out Sync Option: NOSYNC
            Interrupt generated: False
            Interrupt mode: NONE
            Drive mode: CMOS_OUT
            VTrip: EITHER
            Slew: FAST
            Input Sync needed: False
            Output Sync needed: False
            SC shield enabled: False
            POR State: ANY
            LCD Mode: COMMON
            Register Mode: RegComb
            CaSense Mode: NEITHER
            Treat as pin: True
            Is OE Registered: False
            Uses Analog: False
            Can contain Digital: True
            Is SIO: False
            SIO Output Buf: NONREGULATED
            SIO Input Buf: SINGLE_ENDED
            SIO HiFreq: LOW
            SIO Hyst: DISABLED
            SIO Vtrip: MULTIPLIER_0_5
            SIO Multiplier Index: 0
            SIO RefSel: VCC_IO
            Required Capabilities: DIGITAL, ROUTABLE
            Initial Value: 0
            IO Voltage: 0
        PORT MAP (
            pa_out => RGB_B(0)__PA ,
            pin_input => Net_429 ,
            pad => RGB_B(0)_PAD );
        Properties:
        {
        }
    </CYPRESSTAG>
    <CYPRESSTAG name="Macrocell listing" icon="FILE_RPT_EQUATION">

    ------------------------------------------------------------
    Macrocell listing
    ------------------------------------------------------------

    MacroCell: Name=Net_666, Mode=(Combinatorial)
        Total # of inputs        : 4
        Total # of product terms : 1
            Clock Enable: True
        Main Equation            : 1 pterm
        !(
              !Net_664 * !Net_665 * !Net_667 * !Net_668
        );
        Output = Net_666 (fanout=1)

    MacroCell: Name=Net_1249, Mode=(Combinatorial)
        Total # of inputs        : 1
        Total # of product terms : 1
            Clock Enable: True
        Main Equation            : 1 pterm
        (
              !\UART_LOG:BUART:txn\
        );
        Output = Net_1249 (fanout=1)

    MacroCell: Name=\UART_LOG:BUART:counter_load_not\, Mode=(Combinatorial)
        Total # of inputs        : 4
        Total # of product terms : 2
            Clock Enable: True
        Main Equation            : 2 pterms
        !(
              !\UART_LOG:BUART:tx_state_1\ * !\UART_LOG:BUART:tx_state_0\ * 
              \UART_LOG:BUART:tx_bitclk_enable_pre\
            + !\UART_LOG:BUART:tx_state_1\ * !\UART_LOG:BUART:tx_state_0\ * 
              !\UART_LOG:BUART:tx_state_2\
        );
        Output = \UART_LOG:BUART:counter_load_not\ (fanout=1)

    MacroCell: Name=\UART_LOG:BUART:tx_status_0\, Mode=(Combinatorial)
        Total # of inputs        : 5
        Total # of product terms : 1
            Clock Enable: True
        Main Equation            : 1 pterm
        (
              !\UART_LOG:BUART:tx_state_1\ * !\UART_LOG:BUART:tx_state_0\ * 
              \UART_LOG:BUART:tx_bitclk_enable_pre\ * 
              \UART_LOG:BUART:tx_fifo_empty\ * \UART_LOG:BUART:tx_state_2\
        );
        Output = \UART_LOG:BUART:tx_status_0\ (fanout=1)

    MacroCell: Name=\UART_LOG:BUART:tx_status_2\, Mode=(Combinatorial)
        Total # of inputs        : 1
        Total # of product terms : 1
            Clock Enable: True
        Main Equation            : 1 pterm
        (
              !\UART_LOG:BUART:tx_fifo_notfull\
        );
        Output = \UART_LOG:BUART:tx_status_2\ (fanout=1)

    MacroCell: Name=\UART_LOG:BUART:rx_counter_load\, Mode=(Combinatorial)
        Total # of inputs        : 4
        Total # of product terms : 1
            Clock Enable: True
        Main Equation            : 1 pterm
        (
              !\UART_LOG:BUART:tx_ctrl_mark_last\ * 
              !\UART_LOG:BUART:rx_state_0\ * !\UART_LOG:BUART:rx_state_3\ * 
              !\UART_LOG:BUART:rx_state_2\
        );
        Output = \UART_LOG:BUART:rx_counter_load\ (fanout=1)

    MacroCell: Name=\UART_LOG:BUART:rx_postpoll\, Mode=(Combinatorial)
        Total # of inputs        : 3
        Total # of product terms : 2
            Clock Enable: True
        Main Equation            : 2 pterms
        (
              Net_1250 * \UART_LOG:BUART:pollcount_0\
            + \UART_LOG:BUART:pollcount_1\
        );
        Output = \UART_LOG:BUART:rx_postpoll\ (fanout=1)

    MacroCell: Name=\UART_LOG:BUART:rx_status_4\, Mode=(Combinatorial)
        Total # of inputs        : 2
        Total # of product terms : 1
            Clock Enable: True
        Main Equation            : 1 pterm
        (
              \UART_LOG:BUART:rx_load_fifo\ * \UART_LOG:BUART:rx_fifofull\
        );
        Output = \UART_LOG:BUART:rx_status_4\ (fanout=1)

    MacroCell: Name=\UART_LOG:BUART:rx_status_5\, Mode=(Combinatorial)
        Total # of inputs        : 2
        Total # of product terms : 1
            Clock Enable: True
        Main Equation            : 1 pterm
        (
              \UART_LOG:BUART:rx_fifonotempty\ * 
              \UART_LOG:BUART:rx_state_stop1_reg\
        );
        Output = \UART_LOG:BUART:rx_status_5\ (fanout=1)

    MacroCell: Name=\UART_LOG:BUART:txn\, Mode=(D-Register)
        Total # of inputs        : 7
        Total # of product terms : 5
        List of special equations: 
            Clock  = (\UART_LOG:Net_9\) => Global
            Clock Enable: True
        Main Equation            : 5 pterms
        (
              \UART_LOG:BUART:txn\ * \UART_LOG:BUART:tx_state_1\ * 
              !\UART_LOG:BUART:tx_bitclk\
            + \UART_LOG:BUART:txn\ * \UART_LOG:BUART:tx_state_2\
            + !\UART_LOG:BUART:tx_state_1\ * \UART_LOG:BUART:tx_state_0\ * 
              !\UART_LOG:BUART:tx_shift_out\ * !\UART_LOG:BUART:tx_state_2\
            + !\UART_LOG:BUART:tx_state_1\ * \UART_LOG:BUART:tx_state_0\ * 
              !\UART_LOG:BUART:tx_state_2\ * !\UART_LOG:BUART:tx_bitclk\
            + \UART_LOG:BUART:tx_state_1\ * !\UART_LOG:BUART:tx_state_0\ * 
              !\UART_LOG:BUART:tx_shift_out\ * !\UART_LOG:BUART:tx_state_2\ * 
              !\UART_LOG:BUART:tx_counter_dp\ * \UART_LOG:BUART:tx_bitclk\
        );
        Output = \UART_LOG:BUART:txn\ (fanout=2)

    MacroCell: Name=\UART_LOG:BUART:tx_state_1\, Mode=(T-Register)
        Total # of inputs        : 6
        Total # of product terms : 3
        List of special equations: 
            Clock  = (\UART_LOG:Net_9\) => Global
            Clock Enable: True
        Main Equation            : 3 pterms
        (
              \UART_LOG:BUART:tx_state_1\ * \UART_LOG:BUART:tx_state_0\ * 
              \UART_LOG:BUART:tx_bitclk_enable_pre\ * 
              \UART_LOG:BUART:tx_state_2\
            + \UART_LOG:BUART:tx_state_1\ * !\UART_LOG:BUART:tx_state_2\ * 
              \UART_LOG:BUART:tx_counter_dp\ * \UART_LOG:BUART:tx_bitclk\
            + \UART_LOG:BUART:tx_state_0\ * !\UART_LOG:BUART:tx_state_2\ * 
              \UART_LOG:BUART:tx_bitclk\
        );
        Output = \UART_LOG:BUART:tx_state_1\ (fanout=8)

    MacroCell: Name=\UART_LOG:BUART:tx_state_0\, Mode=(T-Register)
        Total # of inputs        : 6
        Total # of product terms : 4
        List of special equations: 
            Clock  = (\UART_LOG:Net_9\) => Global
            Clock Enable: True
        Main Equation            : 4 pterms
        (
              !\UART_LOG:BUART:tx_state_1\ * !\UART_LOG:BUART:tx_state_0\ * 
              \UART_LOG:BUART:tx_bitclk_enable_pre\ * 
              !\UART_LOG:BUART:tx_fifo_empty\
            + !\UART_LOG:BUART:tx_state_1\ * !\UART_LOG:BUART:tx_state_0\ * 
              !\UART_LOG:BUART:tx_fifo_empty\ * !\UART_LOG:BUART:tx_state_2\
            + \UART_LOG:BUART:tx_state_1\ * \UART_LOG:BUART:tx_state_0\ * 
              \UART_LOG:BUART:tx_bitclk_enable_pre\ * 
              \UART_LOG:BUART:tx_fifo_empty\ * \UART_LOG:BUART:tx_state_2\
            + \UART_LOG:BUART:tx_state_0\ * !\UART_LOG:BUART:tx_state_2\ * 
              \UART_LOG:BUART:tx_bitclk\
        );
        Output = \UART_LOG:BUART:tx_state_0\ (fanout=8)

    MacroCell: Name=\UART_LOG:BUART:tx_state_2\, Mode=(T-Register)
        Total # of inputs        : 6
        Total # of product terms : 4
        List of special equations: 
            Clock  = (\UART_LOG:Net_9\) => Global
            Clock Enable: True
        Main Equation            : 4 pterms
        (
              !\UART_LOG:BUART:tx_state_1\ * !\UART_LOG:BUART:tx_state_0\ * 
              \UART_LOG:BUART:tx_bitclk_enable_pre\ * 
              \UART_LOG:BUART:tx_state_2\
            + \UART_LOG:BUART:tx_state_1\ * \UART_LOG:BUART:tx_state_0\ * 
              \UART_LOG:BUART:tx_bitclk_enable_pre\ * 
              \UART_LOG:BUART:tx_state_2\
            + \UART_LOG:BUART:tx_state_1\ * \UART_LOG:BUART:tx_state_0\ * 
              !\UART_LOG:BUART:tx_state_2\ * \UART_LOG:BUART:tx_bitclk\
            + \UART_LOG:BUART:tx_state_1\ * !\UART_LOG:BUART:tx_state_2\ * 
              \UART_LOG:BUART:tx_counter_dp\ * \UART_LOG:BUART:tx_bitclk\
        );
        Output = \UART_LOG:BUART:tx_state_2\ (fanout=7)

    MacroCell: Name=\UART_LOG:BUART:tx_bitclk\, Mode=(D-Register)
        Total # of inputs        : 4
        Total # of product terms : 2
        List of special equations: 
            Clock  = (\UART_LOG:Net_9\) => Global
            Clock Enable: True
        Main Equation            : 2 pterms
        !(
              !\UART_LOG:BUART:tx_state_1\ * !\UART_LOG:BUART:tx_state_0\ * 
              \UART_LOG:BUART:tx_state_2\
            + !\UART_LOG:BUART:tx_bitclk_enable_pre\
        );
        Output = \UART_LOG:BUART:tx_bitclk\ (fanout=4)

    MacroCell: Name=\UART_LOG:BUART:tx_ctrl_mark_last\, Mode=(T-Register)
        Total # of inputs        : 0
        Total # of product terms : 0
        List of special equations: 
            Clock  = (\UART_LOG:Net_9\) => Global
            Clock Enable: True
        Main Equation            : 0 pterms
        (
            0
        );
        Output = \UART_LOG:BUART:tx_ctrl_mark_last\ (fanout=8)

    MacroCell: Name=\UART_LOG:BUART:rx_state_0\, Mode=(T-Register)
        Total # of inputs        : 11
        Total # of product terms : 4
        List of special equations: 
            Clock  = (\UART_LOG:Net_9\) => Global
            Clock Enable: True
        Main Equation            : 4 pterms
        (
              !Net_1250 * !\UART_LOG:BUART:tx_ctrl_mark_last\ * 
              !\UART_LOG:BUART:rx_state_0\ * 
              \UART_LOG:BUART:rx_bitclk_enable\ * 
              !\UART_LOG:BUART:rx_state_3\ * \UART_LOG:BUART:rx_state_2\ * 
              !\UART_LOG:BUART:pollcount_1\
            + !\UART_LOG:BUART:tx_ctrl_mark_last\ * 
              !\UART_LOG:BUART:rx_state_0\ * 
              \UART_LOG:BUART:rx_bitclk_enable\ * 
              !\UART_LOG:BUART:rx_state_3\ * \UART_LOG:BUART:rx_state_2\ * 
              !\UART_LOG:BUART:pollcount_1\ * !\UART_LOG:BUART:pollcount_0\
            + !\UART_LOG:BUART:tx_ctrl_mark_last\ * 
              \UART_LOG:BUART:rx_state_0\ * !\UART_LOG:BUART:rx_state_3\ * 
              !\UART_LOG:BUART:rx_state_2\ * !\UART_LOG:BUART:rx_count_6\ * 
              !\UART_LOG:BUART:rx_count_5\
            + !\UART_LOG:BUART:tx_ctrl_mark_last\ * 
              \UART_LOG:BUART:rx_state_0\ * !\UART_LOG:BUART:rx_state_3\ * 
              !\UART_LOG:BUART:rx_state_2\ * !\UART_LOG:BUART:rx_count_6\ * 
              !\UART_LOG:BUART:rx_count_4\
        );
        Output = \UART_LOG:BUART:rx_state_0\ (fanout=8)

    MacroCell: Name=\UART_LOG:BUART:rx_load_fifo\, Mode=(D-Register)
        Total # of inputs        : 8
        Total # of product terms : 3
        List of special equations: 
            Clock  = (\UART_LOG:Net_9\) => Global
            Clock Enable: True
        Main Equation            : 3 pterms
        (
              !\UART_LOG:BUART:tx_ctrl_mark_last\ * 
              !\UART_LOG:BUART:rx_state_0\ * 
              \UART_LOG:BUART:rx_bitclk_enable\ * \UART_LOG:BUART:rx_state_3\ * 
              !\UART_LOG:BUART:rx_state_2\
            + !\UART_LOG:BUART:tx_ctrl_mark_last\ * 
              \UART_LOG:BUART:rx_state_0\ * !\UART_LOG:BUART:rx_state_3\ * 
              !\UART_LOG:BUART:rx_state_2\ * !\UART_LOG:BUART:rx_count_6\ * 
              !\UART_LOG:BUART:rx_count_5\
            + !\UART_LOG:BUART:tx_ctrl_mark_last\ * 
              \UART_LOG:BUART:rx_state_0\ * !\UART_LOG:BUART:rx_state_3\ * 
              !\UART_LOG:BUART:rx_state_2\ * !\UART_LOG:BUART:rx_count_6\ * 
              !\UART_LOG:BUART:rx_count_4\
        );
        Output = \UART_LOG:BUART:rx_load_fifo\ (fanout=2)

    MacroCell: Name=\UART_LOG:BUART:rx_state_3\, Mode=(T-Register)
        Total # of inputs        : 8
        Total # of product terms : 3
        List of special equations: 
            Clock  = (\UART_LOG:Net_9\) => Global
            Clock Enable: True
        Main Equation            : 3 pterms
        (
              !\UART_LOG:BUART:tx_ctrl_mark_last\ * 
              !\UART_LOG:BUART:rx_state_0\ * 
              \UART_LOG:BUART:rx_bitclk_enable\ * \UART_LOG:BUART:rx_state_3\ * 
              \UART_LOG:BUART:rx_state_2\
            + !\UART_LOG:BUART:tx_ctrl_mark_last\ * 
              \UART_LOG:BUART:rx_state_0\ * !\UART_LOG:BUART:rx_state_3\ * 
              !\UART_LOG:BUART:rx_state_2\ * !\UART_LOG:BUART:rx_count_6\ * 
              !\UART_LOG:BUART:rx_count_5\
            + !\UART_LOG:BUART:tx_ctrl_mark_last\ * 
              \UART_LOG:BUART:rx_state_0\ * !\UART_LOG:BUART:rx_state_3\ * 
              !\UART_LOG:BUART:rx_state_2\ * !\UART_LOG:BUART:rx_count_6\ * 
              !\UART_LOG:BUART:rx_count_4\
        );
        Output = \UART_LOG:BUART:rx_state_3\ (fanout=7)

    MacroCell: Name=\UART_LOG:BUART:rx_state_2\, Mode=(T-Register)
        Total # of inputs        : 10
        Total # of product terms : 5
        List of special equations: 
            Clock  = (\UART_LOG:Net_9\) => Global
            Clock Enable: True
        Main Equation            : 5 pterms
        (
              !Net_1250 * !\UART_LOG:BUART:tx_ctrl_mark_last\ * 
              !\UART_LOG:BUART:rx_state_0\ * !\UART_LOG:BUART:rx_state_3\ * 
              !\UART_LOG:BUART:rx_state_2\ * \UART_LOG:BUART:rx_last\
            + !\UART_LOG:BUART:tx_ctrl_mark_last\ * 
              !\UART_LOG:BUART:rx_state_0\ * 
              \UART_LOG:BUART:rx_bitclk_enable\ * \UART_LOG:BUART:rx_state_3\
            + !\UART_LOG:BUART:tx_ctrl_mark_last\ * 
              !\UART_LOG:BUART:rx_state_0\ * 
              \UART_LOG:BUART:rx_bitclk_enable\ * \UART_LOG:BUART:rx_state_2\
            + !\UART_LOG:BUART:tx_ctrl_mark_last\ * 
              \UART_LOG:BUART:rx_state_0\ * !\UART_LOG:BUART:rx_state_3\ * 
              !\UART_LOG:BUART:rx_state_2\ * !\UART_LOG:BUART:rx_count_6\ * 
              !\UART_LOG:BUART:rx_count_5\
            + !\UART_LOG:BUART:tx_ctrl_mark_last\ * 
              \UART_LOG:BUART:rx_state_0\ * !\UART_LOG:BUART:rx_state_3\ * 
              !\UART_LOG:BUART:rx_state_2\ * !\UART_LOG:BUART:rx_count_6\ * 
              !\UART_LOG:BUART:rx_count_4\
        );
        Output = \UART_LOG:BUART:rx_state_2\ (fanout=7)

    MacroCell: Name=\UART_LOG:BUART:rx_bitclk_enable\, Mode=(D-Register)
        Total # of inputs        : 3
        Total # of product terms : 1
        List of special equations: 
            Clock  = (\UART_LOG:Net_9\) => Global
            Clock Enable: True
        Main Equation            : 1 pterm
        (
              !\UART_LOG:BUART:rx_count_2\ * !\UART_LOG:BUART:rx_count_1\ * 
              !\UART_LOG:BUART:rx_count_0\
        );
        Output = \UART_LOG:BUART:rx_bitclk_enable\ (fanout=6)

    MacroCell: Name=\UART_LOG:BUART:rx_state_stop1_reg\, Mode=(D-Register)
        Total # of inputs        : 4
        Total # of product terms : 1
        List of special equations: 
            Clock  = (\UART_LOG:Net_9\) => Global
            Clock Enable: True
        Main Equation            : 1 pterm
        !(
              !\UART_LOG:BUART:tx_ctrl_mark_last\ * 
              !\UART_LOG:BUART:rx_state_0\ * \UART_LOG:BUART:rx_state_3\ * 
              \UART_LOG:BUART:rx_state_2\
        );
        Output = \UART_LOG:BUART:rx_state_stop1_reg\ (fanout=1)

    MacroCell: Name=\UART_LOG:BUART:pollcount_1\, Mode=(D-Register)
        Total # of inputs        : 5
        Total # of product terms : 3
        List of special equations: 
            Clock  = (\UART_LOG:Net_9\) => Global
            Clock Enable: True
        Main Equation            : 3 pterms
        (
              !Net_1250 * !\UART_LOG:BUART:rx_count_2\ * 
              !\UART_LOG:BUART:rx_count_1\ * \UART_LOG:BUART:pollcount_1\
            + Net_1250 * !\UART_LOG:BUART:rx_count_2\ * 
              !\UART_LOG:BUART:rx_count_1\ * !\UART_LOG:BUART:pollcount_1\ * 
              \UART_LOG:BUART:pollcount_0\
            + !\UART_LOG:BUART:rx_count_2\ * !\UART_LOG:BUART:rx_count_1\ * 
              \UART_LOG:BUART:pollcount_1\ * !\UART_LOG:BUART:pollcount_0\
        );
        Output = \UART_LOG:BUART:pollcount_1\ (fanout=4)

    MacroCell: Name=\UART_LOG:BUART:pollcount_0\, Mode=(D-Register)
        Total # of inputs        : 4
        Total # of product terms : 2
        List of special equations: 
            Clock  = (\UART_LOG:Net_9\) => Global
            Clock Enable: True
        Main Equation            : 2 pterms
        (
              !Net_1250 * !\UART_LOG:BUART:rx_count_2\ * 
              !\UART_LOG:BUART:rx_count_1\ * \UART_LOG:BUART:pollcount_0\
            + Net_1250 * !\UART_LOG:BUART:rx_count_2\ * 
              !\UART_LOG:BUART:rx_count_1\ * !\UART_LOG:BUART:pollcount_0\
        );
        Output = \UART_LOG:BUART:pollcount_0\ (fanout=5)

    MacroCell: Name=\UART_LOG:BUART:rx_status_3\, Mode=(D-Register)
        Total # of inputs        : 8
        Total # of product terms : 2
        List of special equations: 
            Clock  = (\UART_LOG:Net_9\) => Global
            Clock Enable: True
        Main Equation            : 2 pterms
        (
              !Net_1250 * !\UART_LOG:BUART:tx_ctrl_mark_last\ * 
              !\UART_LOG:BUART:rx_state_0\ * 
              \UART_LOG:BUART:rx_bitclk_enable\ * \UART_LOG:BUART:rx_state_3\ * 
              \UART_LOG:BUART:rx_state_2\ * !\UART_LOG:BUART:pollcount_1\
            + !\UART_LOG:BUART:tx_ctrl_mark_last\ * 
              !\UART_LOG:BUART:rx_state_0\ * 
              \UART_LOG:BUART:rx_bitclk_enable\ * \UART_LOG:BUART:rx_state_3\ * 
              \UART_LOG:BUART:rx_state_2\ * !\UART_LOG:BUART:pollcount_1\ * 
              !\UART_LOG:BUART:pollcount_0\
        );
        Output = \UART_LOG:BUART:rx_status_3\ (fanout=1)

    MacroCell: Name=\UART_LOG:BUART:rx_last\, Mode=(D-Register)
        Total # of inputs        : 1
        Total # of product terms : 1
        List of special equations: 
            Clock  = (\UART_LOG:Net_9\) => Global
            Clock Enable: True
        Main Equation            : 1 pterm
        (
              Net_1250
        );
        Output = \UART_LOG:BUART:rx_last\ (fanout=1)

    MacroCell: Name=\RGB_PWM_red:PWMUDB:runmode_enable\, Mode=(D-Register)
        Total # of inputs        : 1
        Total # of product terms : 1
        List of special equations: 
            Clock  = (Net_2605) => Global
            Clock Enable: True
        Main Equation            : 1 pterm
        (
              \RGB_PWM_red:PWMUDB:control_7\
        );
        Output = \RGB_PWM_red:PWMUDB:runmode_enable\ (fanout=3)

    MacroCell: Name=Net_403, Mode=(D-Register)
        Total # of inputs        : 2
        Total # of product terms : 1
        List of special equations: 
            Clock  = (Net_2605) => Global
            Clock Enable: True
        Main Equation            : 1 pterm
        (
              \RGB_PWM_red:PWMUDB:runmode_enable\ * 
              \RGB_PWM_red:PWMUDB:cmp1_less\
        );
        Output = Net_403 (fanout=1)

    MacroCell: Name=\RGB_PWM_green:PWMUDB:runmode_enable\, Mode=(D-Register)
        Total # of inputs        : 1
        Total # of product terms : 1
        List of special equations: 
            Clock  = (Net_2605) => Global
            Clock Enable: True
        Main Equation            : 1 pterm
        (
              \RGB_PWM_green:PWMUDB:control_7\
        );
        Output = \RGB_PWM_green:PWMUDB:runmode_enable\ (fanout=3)

    MacroCell: Name=Net_481, Mode=(D-Register)
        Total # of inputs        : 2
        Total # of product terms : 1
        List of special equations: 
            Clock  = (Net_2605) => Global
            Clock Enable: True
        Main Equation            : 1 pterm
        (
              \RGB_PWM_green:PWMUDB:runmode_enable\ * 
              \RGB_PWM_green:PWMUDB:cmp1_less\
        );
        Output = Net_481 (fanout=1)

    MacroCell: Name=\RGB_PWM_blue:PWMUDB:runmode_enable\, Mode=(D-Register)
        Total # of inputs        : 1
        Total # of product terms : 1
        List of special equations: 
            Clock  = (Net_2605) => Global
            Clock Enable: True
        Main Equation            : 1 pterm
        (
              \RGB_PWM_blue:PWMUDB:control_7\
        );
        Output = \RGB_PWM_blue:PWMUDB:runmode_enable\ (fanout=3)

    MacroCell: Name=Net_429, Mode=(D-Register)
        Total # of inputs        : 2
        Total # of product terms : 1
        List of special equations: 
            Clock  = (Net_2605) => Global
            Clock Enable: True
        Main Equation            : 1 pterm
        (
              \RGB_PWM_blue:PWMUDB:runmode_enable\ * 
              \RGB_PWM_blue:PWMUDB:cmp1_less\
        );
        Output = Net_429 (fanout=1)
    </CYPRESSTAG>
    <CYPRESSTAG name="Datapath listing">

    ------------------------------------------------------------
    Datapath listing
    ------------------------------------------------------------

    datapathcell: Name =\UART_LOG:BUART:sTX:TxShifter:u0\
        PORT MAP (
            clock => \UART_LOG:Net_9\ ,
            cs_addr_2 => \UART_LOG:BUART:tx_state_1\ ,
            cs_addr_1 => \UART_LOG:BUART:tx_state_0\ ,
            cs_addr_0 => \UART_LOG:BUART:tx_bitclk_enable_pre\ ,
            so_comb => \UART_LOG:BUART:tx_shift_out\ ,
            f0_bus_stat_comb => \UART_LOG:BUART:tx_fifo_notfull\ ,
            f0_blk_stat_comb => \UART_LOG:BUART:tx_fifo_empty\ );
        Properties:
        {
            a0_init = "00000000"
            a1_init = "00000000"
            ce0_sync = 1
            ce1_sync = 1
            cl0_sync = 1
            cl1_sync = 1
            cmsb_sync = 1
            co_msb_sync = 1
            cy_dpconfig = "0000000000000000000000000000000000000000000000000000000011000000000000000000000000000010010000000000000000000000000000000000000011111111000000001111111111111111000000000000000001000100111100000000000000001100"
            d0_init = "00000000"
            d1_init = "00000000"
            f0_blk_sync = 1
            f0_bus_sync = 1
            f1_blk_sync = 1
            f1_bus_sync = 1
            ff0_sync = 1
            ff1_sync = 1
            ov_msb_sync = 1
            so_sync = 1
            z0_sync = 1
            z1_sync = 1
        }
        Clock Polarity: Active High
        Clock Enable: True

    datapathcell: Name =\UART_LOG:BUART:sTX:sCLOCK:TxBitClkGen\
        PORT MAP (
            clock => \UART_LOG:Net_9\ ,
            cs_addr_0 => \UART_LOG:BUART:counter_load_not\ ,
            ce0_reg => \UART_LOG:BUART:tx_bitclk_enable_pre\ ,
            ce1_reg => \UART_LOG:BUART:tx_counter_dp\ );
        Properties:
        {
            a0_init = "00000000"
            a1_init = "00000000"
            ce0_sync = 1
            ce1_sync = 1
            cl0_sync = 1
            cl1_sync = 1
            cmsb_sync = 1
            co_msb_sync = 1
            cy_dpconfig = "1010100001000000001000000100000000000000000000000000000000000000000000000000000000000000000000000000000000000000000000000000000011111111000000001111111100000111001000000100000000000101111100000000000000001000"
            d0_init = "00000000"
            d1_init = "00000000"
            f0_blk_sync = 1
            f0_bus_sync = 1
            f1_blk_sync = 1
            f1_bus_sync = 1
            ff0_sync = 1
            ff1_sync = 1
            ov_msb_sync = 1
            so_sync = 1
            z0_sync = 1
            z1_sync = 1
        }
        Clock Polarity: Active High
        Clock Enable: True

    datapathcell: Name =\UART_LOG:BUART:sRX:RxShifter:u0\
        PORT MAP (
            clock => \UART_LOG:Net_9\ ,
            cs_addr_2 => \UART_LOG:BUART:tx_ctrl_mark_last\ ,
            cs_addr_1 => \UART_LOG:BUART:rx_state_0\ ,
            cs_addr_0 => \UART_LOG:BUART:rx_bitclk_enable\ ,
            route_si => \UART_LOG:BUART:rx_postpoll\ ,
            f0_load => \UART_LOG:BUART:rx_load_fifo\ ,
            f0_bus_stat_comb => \UART_LOG:BUART:rx_fifonotempty\ ,
            f0_blk_stat_comb => \UART_LOG:BUART:rx_fifofull\ );
        Properties:
        {
            a0_init = "00000000"
            a1_init = "00000000"
            ce0_sync = 1
            ce1_sync = 1
            cl0_sync = 1
            cl1_sync = 1
            cmsb_sync = 1
            co_msb_sync = 1
            cy_dpconfig = "0000000000000000000000000000000000000000000000000000001001000000000100000000000000010000001100000001000000000000000100100001000011111111000000001111111111111111101000000110001001000001111100000000000000001100"
            d0_init = "00000000"
            d1_init = "00000000"
            f0_blk_sync = 1
            f0_bus_sync = 1
            f1_blk_sync = 1
            f1_bus_sync = 1
            ff0_sync = 1
            ff1_sync = 1
            ov_msb_sync = 1
            so_sync = 1
            z0_sync = 1
            z1_sync = 1
        }
        Clock Polarity: Active High
        Clock Enable: True

    datapathcell: Name =\RGB_PWM_red:PWMUDB:sP16:pwmdp:u0\
        PORT MAP (
            clock => Net_2605 ,
            cs_addr_2 => \RGB_PWM_red:PWMUDB:tc_i\ ,
            cs_addr_1 => \RGB_PWM_red:PWMUDB:runmode_enable\ ,
            chain_out => \RGB_PWM_red:PWMUDB:sP16:pwmdp:carry\ );
        Properties:
        {
            a0_init = "00000000"
            a1_init = "00000000"
            ce0_sync = 1
            ce1_sync = 1
            cl0_sync = 1
            cl1_sync = 1
            cmsb_sync = 1
            co_msb_sync = 1
            cy_dpconfig = "0000000001000000000000001100000001000000010000000000000011000000000000001100000000000000110000000000000011000000000000001100000011111111000000001111111111111111101000000000000000000100000000000000000000011000"
            d0_init = "00000000"
            d1_init = "00000000"
            f0_blk_sync = 1
            f0_bus_sync = 1
            f1_blk_sync = 1
            f1_bus_sync = 1
            ff0_sync = 1
            ff1_sync = 1
            ov_msb_sync = 1
            so_sync = 1
            z0_sync = 1
            z1_sync = 1
        }
        Clock Polarity: Active High
        Clock Enable: True
        Next in chain : \RGB_PWM_red:PWMUDB:sP16:pwmdp:u1\

    datapathcell: Name =\RGB_PWM_red:PWMUDB:sP16:pwmdp:u1\
        PORT MAP (
            clock => Net_2605 ,
            cs_addr_2 => \RGB_PWM_red:PWMUDB:tc_i\ ,
            cs_addr_1 => \RGB_PWM_red:PWMUDB:runmode_enable\ ,
            cl0_comb => \RGB_PWM_red:PWMUDB:cmp1_less\ ,
            z0_comb => \RGB_PWM_red:PWMUDB:tc_i\ ,
            chain_in => \RGB_PWM_red:PWMUDB:sP16:pwmdp:carry\ );
        Properties:
        {
            a0_init = "00000000"
            a1_init = "00000000"
            ce0_sync = 1
            ce1_sync = 1
            cl0_sync = 1
            cl1_sync = 1
            cmsb_sync = 1
            co_msb_sync = 1
            cy_dpconfig = "0000000001000000000000001100000001000000010000000000000011000000000000001100000000000000110000000000000011000000000000001100000011111111000000001111111111111111101011110000000000000100000011110000000000011000"
            d0_init = "00000000"
            d1_init = "00000000"
            f0_blk_sync = 1
            f0_bus_sync = 1
            f1_blk_sync = 1
            f1_bus_sync = 1
            ff0_sync = 1
            ff1_sync = 1
            ov_msb_sync = 1
            so_sync = 1
            z0_sync = 1
            z1_sync = 1
        }
        Clock Polarity: Active High
        Clock Enable: True
        Previous in chain : \RGB_PWM_red:PWMUDB:sP16:pwmdp:u0\

    datapathcell: Name =\RGB_PWM_green:PWMUDB:sP16:pwmdp:u0\
        PORT MAP (
            clock => Net_2605 ,
            cs_addr_2 => \RGB_PWM_green:PWMUDB:tc_i\ ,
            cs_addr_1 => \RGB_PWM_green:PWMUDB:runmode_enable\ ,
            chain_out => \RGB_PWM_green:PWMUDB:sP16:pwmdp:carry\ );
        Properties:
        {
            a0_init = "00000000"
            a1_init = "00000000"
            ce0_sync = 1
            ce1_sync = 1
            cl0_sync = 1
            cl1_sync = 1
            cmsb_sync = 1
            co_msb_sync = 1
            cy_dpconfig = "0000000001000000000000001100000001000000010000000000000011000000000000001100000000000000110000000000000011000000000000001100000011111111000000001111111111111111101000000000000000000100000000000000000000011000"
            d0_init = "00000000"
            d1_init = "00000000"
            f0_blk_sync = 1
            f0_bus_sync = 1
            f1_blk_sync = 1
            f1_bus_sync = 1
            ff0_sync = 1
            ff1_sync = 1
            ov_msb_sync = 1
            so_sync = 1
            z0_sync = 1
            z1_sync = 1
        }
        Clock Polarity: Active High
        Clock Enable: True
        Next in chain : \RGB_PWM_green:PWMUDB:sP16:pwmdp:u1\

    datapathcell: Name =\RGB_PWM_green:PWMUDB:sP16:pwmdp:u1\
        PORT MAP (
            clock => Net_2605 ,
            cs_addr_2 => \RGB_PWM_green:PWMUDB:tc_i\ ,
            cs_addr_1 => \RGB_PWM_green:PWMUDB:runmode_enable\ ,
            cl0_comb => \RGB_PWM_green:PWMUDB:cmp1_less\ ,
            z0_comb => \RGB_PWM_green:PWMUDB:tc_i\ ,
            chain_in => \RGB_PWM_green:PWMUDB:sP16:pwmdp:carry\ );
        Properties:
        {
            a0_init = "00000000"
            a1_init = "00000000"
            ce0_sync = 1
            ce1_sync = 1
            cl0_sync = 1
            cl1_sync = 1
            cmsb_sync = 1
            co_msb_sync = 1
            cy_dpconfig = "0000000001000000000000001100000001000000010000000000000011000000000000001100000000000000110000000000000011000000000000001100000011111111000000001111111111111111101011110000000000000100000011110000000000011000"
            d0_init = "00000000"
            d1_init = "00000000"
            f0_blk_sync = 1
            f0_bus_sync = 1
            f1_blk_sync = 1
            f1_bus_sync = 1
            ff0_sync = 1
            ff1_sync = 1
            ov_msb_sync = 1
            so_sync = 1
            z0_sync = 1
            z1_sync = 1
        }
        Clock Polarity: Active High
        Clock Enable: True
        Previous in chain : \RGB_PWM_green:PWMUDB:sP16:pwmdp:u0\

    datapathcell: Name =\RGB_PWM_blue:PWMUDB:sP16:pwmdp:u0\
        PORT MAP (
            clock => Net_2605 ,
            cs_addr_2 => \RGB_PWM_blue:PWMUDB:tc_i\ ,
            cs_addr_1 => \RGB_PWM_blue:PWMUDB:runmode_enable\ ,
            chain_out => \RGB_PWM_blue:PWMUDB:sP16:pwmdp:carry\ );
        Properties:
        {
            a0_init = "00000000"
            a1_init = "00000000"
            ce0_sync = 1
            ce1_sync = 1
            cl0_sync = 1
            cl1_sync = 1
            cmsb_sync = 1
            co_msb_sync = 1
            cy_dpconfig = "0000000001000000000000001100000001000000010000000000000011000000000000001100000000000000110000000000000011000000000000001100000011111111000000001111111111111111101000000000000000000100000000000000000000011000"
            d0_init = "00000000"
            d1_init = "00000000"
            f0_blk_sync = 1
            f0_bus_sync = 1
            f1_blk_sync = 1
            f1_bus_sync = 1
            ff0_sync = 1
            ff1_sync = 1
            ov_msb_sync = 1
            so_sync = 1
            z0_sync = 1
            z1_sync = 1
        }
        Clock Polarity: Active High
        Clock Enable: True
        Next in chain : \RGB_PWM_blue:PWMUDB:sP16:pwmdp:u1\

    datapathcell: Name =\RGB_PWM_blue:PWMUDB:sP16:pwmdp:u1\
        PORT MAP (
            clock => Net_2605 ,
            cs_addr_2 => \RGB_PWM_blue:PWMUDB:tc_i\ ,
            cs_addr_1 => \RGB_PWM_blue:PWMUDB:runmode_enable\ ,
            cl0_comb => \RGB_PWM_blue:PWMUDB:cmp1_less\ ,
            z0_comb => \RGB_PWM_blue:PWMUDB:tc_i\ ,
            chain_in => \RGB_PWM_blue:PWMUDB:sP16:pwmdp:carry\ );
        Properties:
        {
            a0_init = "00000000"
            a1_init = "00000000"
            ce0_sync = 1
            ce1_sync = 1
            cl0_sync = 1
            cl1_sync = 1
            cmsb_sync = 1
            co_msb_sync = 1
            cy_dpconfig = "0000000001000000000000001100000001000000010000000000000011000000000000001100000000000000110000000000000011000000000000001100000011111111000000001111111111111111101011110000000000000100000011110000000000011000"
            d0_init = "00000000"
            d1_init = "00000000"
            f0_blk_sync = 1
            f0_bus_sync = 1
            f1_blk_sync = 1
            f1_bus_sync = 1
            ff0_sync = 1
            ff1_sync = 1
            ov_msb_sync = 1
            so_sync = 1
            z0_sync = 1
            z1_sync = 1
        }
        Clock Polarity: Active High
        Clock Enable: True
        Previous in chain : \RGB_PWM_blue:PWMUDB:sP16:pwmdp:u0\
    </CYPRESSTAG>
    <CYPRESSTAG name="Status register listing">
    </CYPRESSTAG>
    <CYPRESSTAG name="StatusI register listing">

    ------------------------------------------------------------
    StatusI register listing
    ------------------------------------------------------------

    statusicell: Name =\UART_LOG:BUART:sTX:TxSts\
        PORT MAP (
            clock => \UART_LOG:Net_9\ ,
            status_3 => \UART_LOG:BUART:tx_fifo_notfull\ ,
            status_2 => \UART_LOG:BUART:tx_status_2\ ,
            status_1 => \UART_LOG:BUART:tx_fifo_empty\ ,
            status_0 => \UART_LOG:BUART:tx_status_0\ ,
            interrupt => Net_1256 );
        Properties:
        {
            cy_force_order = 1
            cy_int_mask = "1111111"
            cy_md_select = "0000001"
        }
        Clock Polarity: Active High
        Clock Enable: True

    statusicell: Name =\UART_LOG:BUART:sRX:RxSts\
        PORT MAP (
            clock => \UART_LOG:Net_9\ ,
            status_5 => \UART_LOG:BUART:rx_status_5\ ,
            status_4 => \UART_LOG:BUART:rx_status_4\ ,
            status_3 => \UART_LOG:BUART:rx_status_3\ ,
            interrupt => Net_1257 );
        Properties:
        {
            cy_force_order = 1
            cy_int_mask = "1111111"
            cy_md_select = "1011111"
        }
        Clock Polarity: Active High
        Clock Enable: True
    </CYPRESSTAG>
    <CYPRESSTAG name="Sync listing">
    </CYPRESSTAG>
    <CYPRESSTAG name="Control register listing">

    ------------------------------------------------------------
    Control register listing
    ------------------------------------------------------------

    controlcell: Name =\SEVEN_reg:Sync:ctrl_reg\
        PORT MAP (
            control_7 => Net_1227 ,
            control_6 => Net_1229 ,
            control_5 => Net_1231 ,
            control_4 => Net_1233 ,
            control_3 => Net_1235 ,
            control_2 => Net_1237 ,
            control_1 => Net_1239 ,
            control_0 => Net_1241 );
        Properties:
        {
            cy_ctrl_mode_0 = "00000000"
            cy_ctrl_mode_1 = "00000000"
            cy_ext_reset = 0
            cy_force_order = 1
            cy_init_value = "00000000"
        }
        Clock Enable: True

    controlcell: Name =\RGB_PWM_red:PWMUDB:genblk1:ctrlreg\
        PORT MAP (
            clock => Net_2605 ,
            control_7 => \RGB_PWM_red:PWMUDB:control_7\ ,
            control_6 => \RGB_PWM_red:PWMUDB:control_6\ ,
            control_5 => \RGB_PWM_red:PWMUDB:control_5\ ,
            control_4 => \RGB_PWM_red:PWMUDB:control_4\ ,
            control_3 => \RGB_PWM_red:PWMUDB:control_3\ ,
            control_2 => \RGB_PWM_red:PWMUDB:control_2\ ,
            control_1 => \RGB_PWM_red:PWMUDB:control_1\ ,
            control_0 => \RGB_PWM_red:PWMUDB:control_0\ );
        Properties:
        {
            cy_ctrl_mode_0 = "11111111"
            cy_ctrl_mode_1 = "00000000"
            cy_ext_reset = 0
            cy_force_order = 1
            cy_init_value = "00000000"
        }
        Clock Polarity: Active High
        Clock Enable: True

    controlcell: Name =\RGB_PWM_green:PWMUDB:genblk1:ctrlreg\
        PORT MAP (
            clock => Net_2605 ,
            control_7 => \RGB_PWM_green:PWMUDB:control_7\ ,
            control_6 => \RGB_PWM_green:PWMUDB:control_6\ ,
            control_5 => \RGB_PWM_green:PWMUDB:control_5\ ,
            control_4 => \RGB_PWM_green:PWMUDB:control_4\ ,
            control_3 => \RGB_PWM_green:PWMUDB:control_3\ ,
            control_2 => \RGB_PWM_green:PWMUDB:control_2\ ,
            control_1 => \RGB_PWM_green:PWMUDB:control_1\ ,
            control_0 => \RGB_PWM_green:PWMUDB:control_0\ );
        Properties:
        {
            cy_ctrl_mode_0 = "11111111"
            cy_ctrl_mode_1 = "00000000"
            cy_ext_reset = 0
            cy_force_order = 1
            cy_init_value = "00000000"
        }
        Clock Polarity: Active High
        Clock Enable: True

    controlcell: Name =\RGB_PWM_blue:PWMUDB:genblk1:ctrlreg\
        PORT MAP (
            clock => Net_2605 ,
            control_7 => \RGB_PWM_blue:PWMUDB:control_7\ ,
            control_6 => \RGB_PWM_blue:PWMUDB:control_6\ ,
            control_5 => \RGB_PWM_blue:PWMUDB:control_5\ ,
            control_4 => \RGB_PWM_blue:PWMUDB:control_4\ ,
            control_3 => \RGB_PWM_blue:PWMUDB:control_3\ ,
            control_2 => \RGB_PWM_blue:PWMUDB:control_2\ ,
            control_1 => \RGB_PWM_blue:PWMUDB:control_1\ ,
            control_0 => \RGB_PWM_blue:PWMUDB:control_0\ );
        Properties:
        {
            cy_ctrl_mode_0 = "11111111"
            cy_ctrl_mode_1 = "00000000"
            cy_ext_reset = 0
            cy_force_order = 1
            cy_init_value = "00000000"
        }
        Clock Polarity: Active High
        Clock Enable: True
    </CYPRESSTAG>
    <CYPRESSTAG name="Count7 listing">

    ------------------------------------------------------------
    Count7 listing
    ------------------------------------------------------------

    count7cell: Name =\UART_LOG:BUART:sRX:RxBitCounter\
        PORT MAP (
            clock => \UART_LOG:Net_9\ ,
            load => \UART_LOG:BUART:rx_counter_load\ ,
            count_6 => \UART_LOG:BUART:rx_count_6\ ,
            count_5 => \UART_LOG:BUART:rx_count_5\ ,
            count_4 => \UART_LOG:BUART:rx_count_4\ ,
            count_3 => \UART_LOG:BUART:rx_count_3\ ,
            count_2 => \UART_LOG:BUART:rx_count_2\ ,
            count_1 => \UART_LOG:BUART:rx_count_1\ ,
            count_0 => \UART_LOG:BUART:rx_count_0\ ,
            tc => \UART_LOG:BUART:rx_count7_tc\ );
        Properties:
        {
            cy_alt_mode = 0
            cy_init_value = "0000000"
            cy_period = "1110010"
            cy_route_en = 1
            cy_route_ld = 1
        }
        Clock Polarity: Active High
        Clock Enable: True
    </CYPRESSTAG>
    <CYPRESSTAG name="DRQ listing">
    </CYPRESSTAG>
    <CYPRESSTAG name="Interrupt listing">

    ------------------------------------------------------------
    Interrupt listing
    ------------------------------------------------------------

    interrupt: Name =isr_Button
        PORT MAP (
            interrupt => Net_666 );
        Properties:
        {
            int_type = "00"
            is_nmi = 0
        }

    interrupt: Name =\UART_LOG:TXInternalInterrupt\
        PORT MAP (
            interrupt => Net_1256 );
        Properties:
        {
            int_type = "10"
            is_nmi = 0
        }

    interrupt: Name =\UART_LOG:RXInternalInterrupt\
        PORT MAP (
            interrupt => Net_1257 );
        Properties:
        {
            int_type = "10"
            is_nmi = 0
        }
    </CYPRESSTAG>
</CYPRESSTAG>
<CYPRESSTAG name="Technology mapping summary" expanded>

------------------------------------------------------------
Technology mapping summary
------------------------------------------------------------

Resource Type                 : Used : Free :  Max :  % Used
============================================================
Digital Clocks                :    2 :    6 :    8 : 25.00 %
Analog Clocks                 :    0 :    4 :    4 :  0.00 %
CapSense Buffers              :    0 :    2 :    2 :  0.00 %
Digital Filter Block          :    0 :    1 :    1 :  0.00 %
Interrupts                    :    3 :   29 :   32 :  9.38 %
IO                            :   21 :   27 :   48 : 43.75 %
Segment LCD                   :    0 :    1 :    1 :  0.00 %
CAN 2.0b                      :    0 :    1 :    1 :  0.00 %
I2C                           :    0 :    1 :    1 :  0.00 %
USB                           :    0 :    1 :    1 :  0.00 %
DMA Channels                  :    0 :   24 :   24 :  0.00 %
Timer                         :    0 :    4 :    4 :  0.00 %
UDB                           :      :      :      :        
  Macrocells                  :   31 :  161 :  192 : 16.15 %
  Unique P-terms              :   51 :  333 :  384 : 13.28 %
  Total P-terms               :   60 :      :      :        
  Datapath Cells              :    9 :   15 :   24 : 37.50 %
  Status Cells                :    3 :   21 :   24 : 12.50 %
    StatusI Registers         :    2 :      :      :        
    Routed Count7 Load/Enable :    1 :      :      :        
  Control Cells               :    5 :   19 :   24 : 20.83 %
    Control Registers         :    4 :      :      :        
    Count7 Cells              :    1 :      :      :        
Opamp                         :    0 :    4 :    4 :  0.00 %
Comparator                    :    0 :    4 :    4 :  0.00 %
Delta-Sigma ADC               :    0 :    1 :    1 :  0.00 %
LPF                           :    0 :    2 :    2 :  0.00 %
SAR ADC                       :    0 :    2 :    2 :  0.00 %
Analog (SC/CT) Blocks         :    0 :    4 :    4 :  0.00 %
DAC                           :      :      :      :        
  VIDAC                       :    0 :    4 :    4 :  0.00 %
</CYPRESSTAG>
Technology Mapping: Elapsed time ==> 0s.156ms
Tech Mapping phase: Elapsed time ==> 0s.203ms
</CYPRESSTAG>
<CYPRESSTAG name="Analog Placement">
Initial Analog Placement Results:
IO_3@[IOP=(0)][IoId=(3)] : BUTTON_1(0) (fixed)
IO_4@[IOP=(0)][IoId=(4)] : BUTTON_2(0) (fixed)
IO_5@[IOP=(0)][IoId=(5)] : BUTTON_3(0) (fixed)
IO_2@[IOP=(3)][IoId=(2)] : BUTTON_4(0) (fixed)
IO_6@[IOP=(12)][IoId=(6)] : DEBUG_RX(0) (fixed)
IO_7@[IOP=(12)][IoId=(7)] : DEBUG_TX(0) (fixed)
IO_7@[IOP=(0)][IoId=(7)] : LED_green(0) (fixed)
IO_6@[IOP=(0)][IoId=(6)] : LED_red(0) (fixed)
IO_0@[IOP=(2)][IoId=(0)] : LED_yellow(0) (fixed)
IO_3@[IOP=(2)][IoId=(3)] : RGB_B(0) (fixed)
IO_4@[IOP=(2)][IoId=(4)] : RGB_G(0) (fixed)
IO_5@[IOP=(2)][IoId=(5)] : RGB_R(0) (fixed)
IO_7@[IOP=(1)][IoId=(7)] : SEVEN_A(0) (fixed)
IO_6@[IOP=(1)][IoId=(6)] : SEVEN_B(0) (fixed)
IO_5@[IOP=(1)][IoId=(5)] : SEVEN_C(0) (fixed)
IO_4@[IOP=(1)][IoId=(4)] : SEVEN_D(0) (fixed)
IO_0@[IOP=(1)][IoId=(0)] : SEVEN_DP(0) (fixed)
IO_3@[IOP=(1)][IoId=(3)] : SEVEN_E(0) (fixed)
IO_2@[IOP=(1)][IoId=(2)] : SEVEN_F(0) (fixed)
IO_1@[IOP=(1)][IoId=(1)] : SEVEN_G(0) (fixed)
IO_5@[IOP=(3)][IoId=(5)] : SEVEN_SELECT(0) (fixed)
Analog Placement phase: Elapsed time ==> 0s.015ms
</CYPRESSTAG>
<CYPRESSTAG name="Analog Routing">
Analog Routing phase: Elapsed time ==> 0s.000ms
</CYPRESSTAG>
<CYPRESSTAG name="Analog Code Generation">
============ Analog Final Answer Routes ============
Dump of CyAnalogRoutingResultsDB
Map of net to items {
}
Map of item to net {
}
Mux Info {
}
Dump of CyP35AnalogRoutingResultsDB
IsVddaHalfUsedForComp = False
IsVddaHalfUsedForSar0 = False
IsVddaHalfUsedForSar1 = False
Analog Code Generation phase: Elapsed time ==> 0s.234ms
</CYPRESSTAG>
<CYPRESSTAG name="Digital Placement">
<CYPRESSTAG name="Detailed placement messages">
I2076: Total run-time: 0.8 sec.

</CYPRESSTAG>
<CYPRESSTAG name="PLD Packing">
<CYPRESSTAG name="PLD Packing Summary" expanded>

------------------------------------------------------------
PLD Packing Summary
------------------------------------------------------------
            Resource Type : Used : Free :  Max :  % Used
    ====================================================
                     PLDs :   17 :   31 :   48 :  35.42%

<CYPRESSTAG name="PLD Statistics">

        PLD Resource Type :     Average/LAB
    =======================================
                   Inputs :            6.53
                   Pterms :            3.53
               Macrocells :            1.82
</CYPRESSTAG>
<CYPRESSTAG name="Packed PLD Contents">
Packed PLD Contents not displayed at this verbose level.</CYPRESSTAG>
</CYPRESSTAG>
PLD Packing: Elapsed time ==> 0s.015ms
</CYPRESSTAG>
<CYPRESSTAG name="Partitioning">
<CYPRESSTAG name="Initial Partitioning Summary">
Initial Partitioning Summary not displayed at this verbose level.</CYPRESSTAG>
<CYPRESSTAG name="Final Partitioning Summary">
Final Partitioning Summary not displayed at this verbose level.</CYPRESSTAG>
Partitioning: Elapsed time ==> 0s.031ms
</CYPRESSTAG>
<CYPRESSTAG name="Final Placement Summary">

------------------------------------------------------------
Final Placement Summary
------------------------------------------------------------

       Resource Type :      Count : Avg Inputs : Avg Outputs
    ========================================================
                 UDB :         12 :       6.50 :       2.58
<CYPRESSTAG name="Final Placement Details">
<CYPRESSTAG name="Component Details">

------------------------------------------------------------
Component Placement Details
------------------------------------------------------------
UDB [UDB=(0,0)] is empty.
UDB [UDB=(0,1)] contents:
controlcell: Name =\SEVEN_reg:Sync:ctrl_reg\
    PORT MAP (
        control_7 => Net_1227 ,
        control_6 => Net_1229 ,
        control_5 => Net_1231 ,
        control_4 => Net_1233 ,
        control_3 => Net_1235 ,
        control_2 => Net_1237 ,
        control_1 => Net_1239 ,
        control_0 => Net_1241 );
    Properties:
    {
        cy_ctrl_mode_0 = "00000000"
        cy_ctrl_mode_1 = "00000000"
        cy_ext_reset = 0
        cy_force_order = 1
        cy_init_value = "00000000"
    }
    Clock Enable: True

UDB [UDB=(0,2)] contents:
LAB@[UDB=(0,2)][LB=0] #macrocells=2, #inputs=8, #pterms=3
{
    [McSlotId=0]: (empty)
    [McSlotId=1]:     MacroCell: Name=\UART_LOG:BUART:tx_ctrl_mark_last\, Mode=(T-Register) @ [UDB=(0,2)][LB=0][MC=1]
        Total # of inputs        : 0
        Total # of product terms : 0
        List of special equations: 
            Clock  = (\UART_LOG:Net_9\) => Global
            Clock Enable: True
        Main Equation            : 0 pterms
        (
            0
        );
        Output = \UART_LOG:BUART:tx_ctrl_mark_last\ (fanout=8)
        Properties               : 
        {
        }

    [McSlotId=2]:     MacroCell: Name=\UART_LOG:BUART:rx_state_3\, Mode=(T-Register) @ [UDB=(0,2)][LB=0][MC=2]
        Total # of inputs        : 8
        Total # of product terms : 3
        List of special equations: 
            Clock  = (\UART_LOG:Net_9\) => Global
            Clock Enable: True
        Main Equation            : 3 pterms
        (
              !\UART_LOG:BUART:tx_ctrl_mark_last\ * 
              !\UART_LOG:BUART:rx_state_0\ * 
              \UART_LOG:BUART:rx_bitclk_enable\ * \UART_LOG:BUART:rx_state_3\ * 
              \UART_LOG:BUART:rx_state_2\
            + !\UART_LOG:BUART:tx_ctrl_mark_last\ * 
              \UART_LOG:BUART:rx_state_0\ * !\UART_LOG:BUART:rx_state_3\ * 
              !\UART_LOG:BUART:rx_state_2\ * !\UART_LOG:BUART:rx_count_6\ * 
              !\UART_LOG:BUART:rx_count_5\
            + !\UART_LOG:BUART:tx_ctrl_mark_last\ * 
              \UART_LOG:BUART:rx_state_0\ * !\UART_LOG:BUART:rx_state_3\ * 
              !\UART_LOG:BUART:rx_state_2\ * !\UART_LOG:BUART:rx_count_6\ * 
              !\UART_LOG:BUART:rx_count_4\
        );
        Output = \UART_LOG:BUART:rx_state_3\ (fanout=7)
        Properties               : 
        {
        }

    [McSlotId=3]: (empty)
}

LAB@[UDB=(0,2)][LB=1] #macrocells=1, #inputs=10, #pterms=5
{
    [McSlotId=0]: (empty)
    [McSlotId=1]: (empty)
    [McSlotId=2]:     MacroCell: Name=\UART_LOG:BUART:rx_state_2\, Mode=(T-Register) @ [UDB=(0,2)][LB=1][MC=2]
        Total # of inputs        : 10
        Total # of product terms : 5
        List of special equations: 
            Clock  = (\UART_LOG:Net_9\) => Global
            Clock Enable: True
        Main Equation            : 5 pterms
        (
              !Net_1250 * !\UART_LOG:BUART:tx_ctrl_mark_last\ * 
              !\UART_LOG:BUART:rx_state_0\ * !\UART_LOG:BUART:rx_state_3\ * 
              !\UART_LOG:BUART:rx_state_2\ * \UART_LOG:BUART:rx_last\
            + !\UART_LOG:BUART:tx_ctrl_mark_last\ * 
              !\UART_LOG:BUART:rx_state_0\ * 
              \UART_LOG:BUART:rx_bitclk_enable\ * \UART_LOG:BUART:rx_state_3\
            + !\UART_LOG:BUART:tx_ctrl_mark_last\ * 
              !\UART_LOG:BUART:rx_state_0\ * 
              \UART_LOG:BUART:rx_bitclk_enable\ * \UART_LOG:BUART:rx_state_2\
            + !\UART_LOG:BUART:tx_ctrl_mark_last\ * 
              \UART_LOG:BUART:rx_state_0\ * !\UART_LOG:BUART:rx_state_3\ * 
              !\UART_LOG:BUART:rx_state_2\ * !\UART_LOG:BUART:rx_count_6\ * 
              !\UART_LOG:BUART:rx_count_5\
            + !\UART_LOG:BUART:tx_ctrl_mark_last\ * 
              \UART_LOG:BUART:rx_state_0\ * !\UART_LOG:BUART:rx_state_3\ * 
              !\UART_LOG:BUART:rx_state_2\ * !\UART_LOG:BUART:rx_count_6\ * 
              !\UART_LOG:BUART:rx_count_4\
        );
        Output = \UART_LOG:BUART:rx_state_2\ (fanout=7)
        Properties               : 
        {
        }

    [McSlotId=3]: (empty)
}

datapathcell: Name =\RGB_PWM_red:PWMUDB:sP16:pwmdp:u1\
    PORT MAP (
        clock => Net_2605 ,
        cs_addr_2 => \RGB_PWM_red:PWMUDB:tc_i\ ,
        cs_addr_1 => \RGB_PWM_red:PWMUDB:runmode_enable\ ,
        cl0_comb => \RGB_PWM_red:PWMUDB:cmp1_less\ ,
        z0_comb => \RGB_PWM_red:PWMUDB:tc_i\ ,
        chain_in => \RGB_PWM_red:PWMUDB:sP16:pwmdp:carry\ );
    Properties:
    {
        a0_init = "00000000"
        a1_init = "00000000"
        ce0_sync = 1
        ce1_sync = 1
        cl0_sync = 1
        cl1_sync = 1
        cmsb_sync = 1
        co_msb_sync = 1
        cy_dpconfig = "0000000001000000000000001100000001000000010000000000000011000000000000001100000000000000110000000000000011000000000000001100000011111111000000001111111111111111101011110000000000000100000011110000000000011000"
        d0_init = "00000000"
        d1_init = "00000000"
        f0_blk_sync = 1
        f0_bus_sync = 1
        f1_blk_sync = 1
        f1_bus_sync = 1
        ff0_sync = 1
        ff1_sync = 1
        ov_msb_sync = 1
        so_sync = 1
        z0_sync = 1
        z1_sync = 1
    }
    Clock Polarity: Active High
    Clock Enable: True
    Previous in chain : \RGB_PWM_red:PWMUDB:sP16:pwmdp:u0\

UDB [UDB=(0,3)] contents:
LAB@[UDB=(0,3)][LB=0] #macrocells=2, #inputs=3, #pterms=2
{
    [McSlotId=0]:     MacroCell: Name=\RGB_PWM_blue:PWMUDB:runmode_enable\, Mode=(D-Register) @ [UDB=(0,3)][LB=0][MC=0]
        Total # of inputs        : 1
        Total # of product terms : 1
        List of special equations: 
            Clock  = (Net_2605) => Global
            Clock Enable: True
        Main Equation            : 1 pterm
        (
              \RGB_PWM_blue:PWMUDB:control_7\
        );
        Output = \RGB_PWM_blue:PWMUDB:runmode_enable\ (fanout=3)
        Properties               : 
        {
        }

    [McSlotId=1]:     MacroCell: Name=Net_429, Mode=(D-Register) @ [UDB=(0,3)][LB=0][MC=1]
        Total # of inputs        : 2
        Total # of product terms : 1
        List of special equations: 
            Clock  = (Net_2605) => Global
            Clock Enable: True
        Main Equation            : 1 pterm
        (
              \RGB_PWM_blue:PWMUDB:runmode_enable\ * 
              \RGB_PWM_blue:PWMUDB:cmp1_less\
        );
        Output = Net_429 (fanout=1)
        Properties               : 
        {
        }

    [McSlotId=2]: (empty)
    [McSlotId=3]: (empty)
}

LAB@[UDB=(0,3)][LB=1] #macrocells=1, #inputs=2, #pterms=1
{
    [McSlotId=0]: (empty)
    [McSlotId=1]: (empty)
    [McSlotId=2]:     MacroCell: Name=Net_403, Mode=(D-Register) @ [UDB=(0,3)][LB=1][MC=2]
        Total # of inputs        : 2
        Total # of product terms : 1
        List of special equations: 
            Clock  = (Net_2605) => Global
            Clock Enable: True
        Main Equation            : 1 pterm
        (
              \RGB_PWM_red:PWMUDB:runmode_enable\ * 
              \RGB_PWM_red:PWMUDB:cmp1_less\
        );
        Output = Net_403 (fanout=1)
        Properties               : 
        {
        }

    [McSlotId=3]: (empty)
}

datapathcell: Name =\RGB_PWM_blue:PWMUDB:sP16:pwmdp:u0\
    PORT MAP (
        clock => Net_2605 ,
        cs_addr_2 => \RGB_PWM_blue:PWMUDB:tc_i\ ,
        cs_addr_1 => \RGB_PWM_blue:PWMUDB:runmode_enable\ ,
        chain_out => \RGB_PWM_blue:PWMUDB:sP16:pwmdp:carry\ );
    Properties:
    {
        a0_init = "00000000"
        a1_init = "00000000"
        ce0_sync = 1
        ce1_sync = 1
        cl0_sync = 1
        cl1_sync = 1
        cmsb_sync = 1
        co_msb_sync = 1
        cy_dpconfig = "0000000001000000000000001100000001000000010000000000000011000000000000001100000000000000110000000000000011000000000000001100000011111111000000001111111111111111101000000000000000000100000000000000000000011000"
        d0_init = "00000000"
        d1_init = "00000000"
        f0_blk_sync = 1
        f0_bus_sync = 1
        f1_blk_sync = 1
        f1_bus_sync = 1
        ff0_sync = 1
        ff1_sync = 1
        ov_msb_sync = 1
        so_sync = 1
        z0_sync = 1
        z1_sync = 1
    }
    Clock Polarity: Active High
    Clock Enable: True
    Next in chain : \RGB_PWM_blue:PWMUDB:sP16:pwmdp:u1\

controlcell: Name =\RGB_PWM_blue:PWMUDB:genblk1:ctrlreg\
    PORT MAP (
        clock => Net_2605 ,
        control_7 => \RGB_PWM_blue:PWMUDB:control_7\ ,
        control_6 => \RGB_PWM_blue:PWMUDB:control_6\ ,
        control_5 => \RGB_PWM_blue:PWMUDB:control_5\ ,
        control_4 => \RGB_PWM_blue:PWMUDB:control_4\ ,
        control_3 => \RGB_PWM_blue:PWMUDB:control_3\ ,
        control_2 => \RGB_PWM_blue:PWMUDB:control_2\ ,
        control_1 => \RGB_PWM_blue:PWMUDB:control_1\ ,
        control_0 => \RGB_PWM_blue:PWMUDB:control_0\ );
    Properties:
    {
        cy_ctrl_mode_0 = "11111111"
        cy_ctrl_mode_1 = "00000000"
        cy_ext_reset = 0
        cy_force_order = 1
        cy_init_value = "00000000"
    }
    Clock Polarity: Active High
    Clock Enable: True

UDB [UDB=(0,4)] contents:
LAB@[UDB=(0,4)][LB=0] #macrocells=2, #inputs=3, #pterms=2
{
    [McSlotId=0]:     MacroCell: Name=\RGB_PWM_red:PWMUDB:runmode_enable\, Mode=(D-Register) @ [UDB=(0,4)][LB=0][MC=0]
        Total # of inputs        : 1
        Total # of product terms : 1
        List of special equations: 
            Clock  = (Net_2605) => Global
            Clock Enable: True
        Main Equation            : 1 pterm
        (
              \RGB_PWM_red:PWMUDB:control_7\
        );
        Output = \RGB_PWM_red:PWMUDB:runmode_enable\ (fanout=3)
        Properties               : 
        {
        }

    [McSlotId=1]:     MacroCell: Name=Net_481, Mode=(D-Register) @ [UDB=(0,4)][LB=0][MC=1]
        Total # of inputs        : 2
        Total # of product terms : 1
        List of special equations: 
            Clock  = (Net_2605) => Global
            Clock Enable: True
        Main Equation            : 1 pterm
        (
              \RGB_PWM_green:PWMUDB:runmode_enable\ * 
              \RGB_PWM_green:PWMUDB:cmp1_less\
        );
        Output = Net_481 (fanout=1)
        Properties               : 
        {
        }

    [McSlotId=2]: (empty)
    [McSlotId=3]: (empty)
}

datapathcell: Name =\RGB_PWM_green:PWMUDB:sP16:pwmdp:u1\
    PORT MAP (
        clock => Net_2605 ,
        cs_addr_2 => \RGB_PWM_green:PWMUDB:tc_i\ ,
        cs_addr_1 => \RGB_PWM_green:PWMUDB:runmode_enable\ ,
        cl0_comb => \RGB_PWM_green:PWMUDB:cmp1_less\ ,
        z0_comb => \RGB_PWM_green:PWMUDB:tc_i\ ,
        chain_in => \RGB_PWM_green:PWMUDB:sP16:pwmdp:carry\ );
    Properties:
    {
        a0_init = "00000000"
        a1_init = "00000000"
        ce0_sync = 1
        ce1_sync = 1
        cl0_sync = 1
        cl1_sync = 1
        cmsb_sync = 1
        co_msb_sync = 1
        cy_dpconfig = "0000000001000000000000001100000001000000010000000000000011000000000000001100000000000000110000000000000011000000000000001100000011111111000000001111111111111111101011110000000000000100000011110000000000011000"
        d0_init = "00000000"
        d1_init = "00000000"
        f0_blk_sync = 1
        f0_bus_sync = 1
        f1_blk_sync = 1
        f1_bus_sync = 1
        ff0_sync = 1
        ff1_sync = 1
        ov_msb_sync = 1
        so_sync = 1
        z0_sync = 1
        z1_sync = 1
    }
    Clock Polarity: Active High
    Clock Enable: True
    Previous in chain : \RGB_PWM_green:PWMUDB:sP16:pwmdp:u0\

controlcell: Name =\RGB_PWM_red:PWMUDB:genblk1:ctrlreg\
    PORT MAP (
        clock => Net_2605 ,
        control_7 => \RGB_PWM_red:PWMUDB:control_7\ ,
        control_6 => \RGB_PWM_red:PWMUDB:control_6\ ,
        control_5 => \RGB_PWM_red:PWMUDB:control_5\ ,
        control_4 => \RGB_PWM_red:PWMUDB:control_4\ ,
        control_3 => \RGB_PWM_red:PWMUDB:control_3\ ,
        control_2 => \RGB_PWM_red:PWMUDB:control_2\ ,
        control_1 => \RGB_PWM_red:PWMUDB:control_1\ ,
        control_0 => \RGB_PWM_red:PWMUDB:control_0\ );
    Properties:
    {
        cy_ctrl_mode_0 = "11111111"
        cy_ctrl_mode_1 = "00000000"
        cy_ext_reset = 0
        cy_force_order = 1
        cy_init_value = "00000000"
    }
    Clock Polarity: Active High
    Clock Enable: True

UDB [UDB=(0,5)] is empty.
UDB [UDB=(1,0)] is empty.
UDB [UDB=(1,1)] contents:
LAB@[UDB=(1,1)][LB=0] #macrocells=4, #inputs=10, #pterms=7
{
    [McSlotId=0]:     MacroCell: Name=\UART_LOG:BUART:rx_bitclk_enable\, Mode=(D-Register) @ [UDB=(1,1)][LB=0][MC=0]
        Total # of inputs        : 3
        Total # of product terms : 1
        List of special equations: 
            Clock  = (\UART_LOG:Net_9\) => Global
            Clock Enable: True
        Main Equation            : 1 pterm
        (
              !\UART_LOG:BUART:rx_count_2\ * !\UART_LOG:BUART:rx_count_1\ * 
              !\UART_LOG:BUART:rx_count_0\
        );
        Output = \UART_LOG:BUART:rx_bitclk_enable\ (fanout=6)
        Properties               : 
        {
        }

    [McSlotId=1]:     MacroCell: Name=\UART_LOG:BUART:pollcount_1\, Mode=(D-Register) @ [UDB=(1,1)][LB=0][MC=1]
        Total # of inputs        : 5
        Total # of product terms : 3
        List of special equations: 
            Clock  = (\UART_LOG:Net_9\) => Global
            Clock Enable: True
        Main Equation            : 3 pterms
        (
              !Net_1250 * !\UART_LOG:BUART:rx_count_2\ * 
              !\UART_LOG:BUART:rx_count_1\ * \UART_LOG:BUART:pollcount_1\
            + Net_1250 * !\UART_LOG:BUART:rx_count_2\ * 
              !\UART_LOG:BUART:rx_count_1\ * !\UART_LOG:BUART:pollcount_1\ * 
              \UART_LOG:BUART:pollcount_0\
            + !\UART_LOG:BUART:rx_count_2\ * !\UART_LOG:BUART:rx_count_1\ * 
              \UART_LOG:BUART:pollcount_1\ * !\UART_LOG:BUART:pollcount_0\
        );
        Output = \UART_LOG:BUART:pollcount_1\ (fanout=4)
        Properties               : 
        {
        }

    [McSlotId=2]:     MacroCell: Name=\UART_LOG:BUART:pollcount_0\, Mode=(D-Register) @ [UDB=(1,1)][LB=0][MC=2]
        Total # of inputs        : 4
        Total # of product terms : 2
        List of special equations: 
            Clock  = (\UART_LOG:Net_9\) => Global
            Clock Enable: True
        Main Equation            : 2 pterms
        (
              !Net_1250 * !\UART_LOG:BUART:rx_count_2\ * 
              !\UART_LOG:BUART:rx_count_1\ * \UART_LOG:BUART:pollcount_0\
            + Net_1250 * !\UART_LOG:BUART:rx_count_2\ * 
              !\UART_LOG:BUART:rx_count_1\ * !\UART_LOG:BUART:pollcount_0\
        );
        Output = \UART_LOG:BUART:pollcount_0\ (fanout=5)
        Properties               : 
        {
        }

    [McSlotId=3]:     MacroCell: Name=\UART_LOG:BUART:rx_counter_load\, Mode=(Combinatorial) @ [UDB=(1,1)][LB=0][MC=3]
        Total # of inputs        : 4
        Total # of product terms : 1
            Clock Enable: True
        Main Equation            : 1 pterm
        (
              !\UART_LOG:BUART:tx_ctrl_mark_last\ * 
              !\UART_LOG:BUART:rx_state_0\ * !\UART_LOG:BUART:rx_state_3\ * 
              !\UART_LOG:BUART:rx_state_2\
        );
        Output = \UART_LOG:BUART:rx_counter_load\ (fanout=2)
        Properties               : 
        {
        }
}

LAB@[UDB=(1,1)][LB=1] #macrocells=3, #inputs=11, #pterms=7
{
    [McSlotId=0]:     MacroCell: Name=\UART_LOG:BUART:rx_state_0\, Mode=(T-Register) @ [UDB=(1,1)][LB=1][MC=0]
        Total # of inputs        : 11
        Total # of product terms : 4
        List of special equations: 
            Clock  = (\UART_LOG:Net_9\) => Global
            Clock Enable: True
        Main Equation            : 4 pterms
        (
              !Net_1250 * !\UART_LOG:BUART:tx_ctrl_mark_last\ * 
              !\UART_LOG:BUART:rx_state_0\ * 
              \UART_LOG:BUART:rx_bitclk_enable\ * 
              !\UART_LOG:BUART:rx_state_3\ * \UART_LOG:BUART:rx_state_2\ * 
              !\UART_LOG:BUART:pollcount_1\
            + !\UART_LOG:BUART:tx_ctrl_mark_last\ * 
              !\UART_LOG:BUART:rx_state_0\ * 
              \UART_LOG:BUART:rx_bitclk_enable\ * 
              !\UART_LOG:BUART:rx_state_3\ * \UART_LOG:BUART:rx_state_2\ * 
              !\UART_LOG:BUART:pollcount_1\ * !\UART_LOG:BUART:pollcount_0\
            + !\UART_LOG:BUART:tx_ctrl_mark_last\ * 
              \UART_LOG:BUART:rx_state_0\ * !\UART_LOG:BUART:rx_state_3\ * 
              !\UART_LOG:BUART:rx_state_2\ * !\UART_LOG:BUART:rx_count_6\ * 
              !\UART_LOG:BUART:rx_count_5\
            + !\UART_LOG:BUART:tx_ctrl_mark_last\ * 
              \UART_LOG:BUART:rx_state_0\ * !\UART_LOG:BUART:rx_state_3\ * 
              !\UART_LOG:BUART:rx_state_2\ * !\UART_LOG:BUART:rx_count_6\ * 
              !\UART_LOG:BUART:rx_count_4\
        );
        Output = \UART_LOG:BUART:rx_state_0\ (fanout=8)
        Properties               : 
        {
        }

    [McSlotId=1]: (empty)
    [McSlotId=2]:     MacroCell: Name=\UART_LOG:BUART:rx_last\, Mode=(D-Register) @ [UDB=(1,1)][LB=1][MC=2]
        Total # of inputs        : 1
        Total # of product terms : 1
        List of special equations: 
            Clock  = (\UART_LOG:Net_9\) => Global
            Clock Enable: True
        Main Equation            : 1 pterm
        (
              Net_1250
        );
        Output = \UART_LOG:BUART:rx_last\ (fanout=1)
        Properties               : 
        {
        }

    [McSlotId=3]:     MacroCell: Name=\UART_LOG:BUART:rx_status_3\, Mode=(D-Register) @ [UDB=(1,1)][LB=1][MC=3]
        Total # of inputs        : 8
        Total # of product terms : 2
        List of special equations: 
            Clock  = (\UART_LOG:Net_9\) => Global
            Clock Enable: True
        Main Equation            : 2 pterms
        (
              !Net_1250 * !\UART_LOG:BUART:tx_ctrl_mark_last\ * 
              !\UART_LOG:BUART:rx_state_0\ * 
              \UART_LOG:BUART:rx_bitclk_enable\ * \UART_LOG:BUART:rx_state_3\ * 
              \UART_LOG:BUART:rx_state_2\ * !\UART_LOG:BUART:pollcount_1\
            + !\UART_LOG:BUART:tx_ctrl_mark_last\ * 
              !\UART_LOG:BUART:rx_state_0\ * 
              \UART_LOG:BUART:rx_bitclk_enable\ * \UART_LOG:BUART:rx_state_3\ * 
              \UART_LOG:BUART:rx_state_2\ * !\UART_LOG:BUART:pollcount_1\ * 
              !\UART_LOG:BUART:pollcount_0\
        );
        Output = \UART_LOG:BUART:rx_status_3\ (fanout=1)
        Properties               : 
        {
        }
}

count7cell: Name =\UART_LOG:BUART:sRX:RxBitCounter\
    PORT MAP (
        clock => \UART_LOG:Net_9\ ,
        load => \UART_LOG:BUART:rx_counter_load\ ,
        count_6 => \UART_LOG:BUART:rx_count_6\ ,
        count_5 => \UART_LOG:BUART:rx_count_5\ ,
        count_4 => \UART_LOG:BUART:rx_count_4\ ,
        count_3 => \UART_LOG:BUART:rx_count_3\ ,
        count_2 => \UART_LOG:BUART:rx_count_2\ ,
        count_1 => \UART_LOG:BUART:rx_count_1\ ,
        count_0 => \UART_LOG:BUART:rx_count_0\ ,
        tc => \UART_LOG:BUART:rx_count7_tc\ );
    Properties:
    {
        cy_alt_mode = 0
        cy_init_value = "0000000"
        cy_period = "1110010"
        cy_route_en = 1
        cy_route_ld = 1
    }
    Clock Polarity: Active High
    Clock Enable: True

UDB [UDB=(1,2)] contents:
LAB@[UDB=(1,2)][LB=0] #macrocells=2, #inputs=9, #pterms=4
{
    [McSlotId=0]:     MacroCell: Name=\UART_LOG:BUART:rx_load_fifo\, Mode=(D-Register) @ [UDB=(1,2)][LB=0][MC=0]
        Total # of inputs        : 8
        Total # of product terms : 3
        List of special equations: 
            Clock  = (\UART_LOG:Net_9\) => Global
            Clock Enable: True
        Main Equation            : 3 pterms
        (
              !\UART_LOG:BUART:tx_ctrl_mark_last\ * 
              !\UART_LOG:BUART:rx_state_0\ * 
              \UART_LOG:BUART:rx_bitclk_enable\ * \UART_LOG:BUART:rx_state_3\ * 
              !\UART_LOG:BUART:rx_state_2\
            + !\UART_LOG:BUART:tx_ctrl_mark_last\ * 
              \UART_LOG:BUART:rx_state_0\ * !\UART_LOG:BUART:rx_state_3\ * 
              !\UART_LOG:BUART:rx_state_2\ * !\UART_LOG:BUART:rx_count_6\ * 
              !\UART_LOG:BUART:rx_count_5\
            + !\UART_LOG:BUART:tx_ctrl_mark_last\ * 
              \UART_LOG:BUART:rx_state_0\ * !\UART_LOG:BUART:rx_state_3\ * 
              !\UART_LOG:BUART:rx_state_2\ * !\UART_LOG:BUART:rx_count_6\ * 
              !\UART_LOG:BUART:rx_count_4\
        );
        Output = \UART_LOG:BUART:rx_load_fifo\ (fanout=2)
        Properties               : 
        {
        }

    [McSlotId=1]: (empty)
    [McSlotId=2]: (empty)
    [McSlotId=3]:     MacroCell: Name=Net_1249, Mode=(Combinatorial) @ [UDB=(1,2)][LB=0][MC=3]
        Total # of inputs        : 1
        Total # of product terms : 1
            Clock Enable: True
        Main Equation            : 1 pterm
        (
              !\UART_LOG:BUART:txn\
        );
        Output = Net_1249 (fanout=1)
        Properties               : 
        {
        }
}

LAB@[UDB=(1,2)][LB=1] #macrocells=1, #inputs=4, #pterms=1
{
    [McSlotId=0]: (empty)
    [McSlotId=1]: (empty)
    [McSlotId=2]:     MacroCell: Name=\UART_LOG:BUART:rx_state_stop1_reg\, Mode=(D-Register) @ [UDB=(1,2)][LB=1][MC=2]
        Total # of inputs        : 4
        Total # of product terms : 1
        List of special equations: 
            Clock  = (\UART_LOG:Net_9\) => Global
            Clock Enable: True
        Main Equation            : 1 pterm
        !(
              !\UART_LOG:BUART:tx_ctrl_mark_last\ * 
              !\UART_LOG:BUART:rx_state_0\ * \UART_LOG:BUART:rx_state_3\ * 
              \UART_LOG:BUART:rx_state_2\
        );
        Output = \UART_LOG:BUART:rx_state_stop1_reg\ (fanout=1)
        Properties               : 
        {
        }

    [McSlotId=3]: (empty)
}

datapathcell: Name =\RGB_PWM_red:PWMUDB:sP16:pwmdp:u0\
    PORT MAP (
        clock => Net_2605 ,
        cs_addr_2 => \RGB_PWM_red:PWMUDB:tc_i\ ,
        cs_addr_1 => \RGB_PWM_red:PWMUDB:runmode_enable\ ,
        chain_out => \RGB_PWM_red:PWMUDB:sP16:pwmdp:carry\ );
    Properties:
    {
        a0_init = "00000000"
        a1_init = "00000000"
        ce0_sync = 1
        ce1_sync = 1
        cl0_sync = 1
        cl1_sync = 1
        cmsb_sync = 1
        co_msb_sync = 1
        cy_dpconfig = "0000000001000000000000001100000001000000010000000000000011000000000000001100000000000000110000000000000011000000000000001100000011111111000000001111111111111111101000000000000000000100000000000000000000011000"
        d0_init = "00000000"
        d1_init = "00000000"
        f0_blk_sync = 1
        f0_bus_sync = 1
        f1_blk_sync = 1
        f1_bus_sync = 1
        ff0_sync = 1
        ff1_sync = 1
        ov_msb_sync = 1
        so_sync = 1
        z0_sync = 1
        z1_sync = 1
    }
    Clock Polarity: Active High
    Clock Enable: True
    Next in chain : \RGB_PWM_red:PWMUDB:sP16:pwmdp:u1\

UDB [UDB=(1,3)] contents:
datapathcell: Name =\RGB_PWM_blue:PWMUDB:sP16:pwmdp:u1\
    PORT MAP (
        clock => Net_2605 ,
        cs_addr_2 => \RGB_PWM_blue:PWMUDB:tc_i\ ,
        cs_addr_1 => \RGB_PWM_blue:PWMUDB:runmode_enable\ ,
        cl0_comb => \RGB_PWM_blue:PWMUDB:cmp1_less\ ,
        z0_comb => \RGB_PWM_blue:PWMUDB:tc_i\ ,
        chain_in => \RGB_PWM_blue:PWMUDB:sP16:pwmdp:carry\ );
    Properties:
    {
        a0_init = "00000000"
        a1_init = "00000000"
        ce0_sync = 1
        ce1_sync = 1
        cl0_sync = 1
        cl1_sync = 1
        cmsb_sync = 1
        co_msb_sync = 1
        cy_dpconfig = "0000000001000000000000001100000001000000010000000000000011000000000000001100000000000000110000000000000011000000000000001100000011111111000000001111111111111111101011110000000000000100000011110000000000011000"
        d0_init = "00000000"
        d1_init = "00000000"
        f0_blk_sync = 1
        f0_bus_sync = 1
        f1_blk_sync = 1
        f1_bus_sync = 1
        ff0_sync = 1
        ff1_sync = 1
        ov_msb_sync = 1
        so_sync = 1
        z0_sync = 1
        z1_sync = 1
    }
    Clock Polarity: Active High
    Clock Enable: True
    Previous in chain : \RGB_PWM_blue:PWMUDB:sP16:pwmdp:u0\

UDB [UDB=(1,4)] contents:
LAB@[UDB=(1,4)][LB=1] #macrocells=1, #inputs=1, #pterms=1
{
    [McSlotId=0]:     MacroCell: Name=\RGB_PWM_green:PWMUDB:runmode_enable\, Mode=(D-Register) @ [UDB=(1,4)][LB=1][MC=0]
        Total # of inputs        : 1
        Total # of product terms : 1
        List of special equations: 
            Clock  = (Net_2605) => Global
            Clock Enable: True
        Main Equation            : 1 pterm
        (
              \RGB_PWM_green:PWMUDB:control_7\
        );
        Output = \RGB_PWM_green:PWMUDB:runmode_enable\ (fanout=3)
        Properties               : 
        {
        }

    [McSlotId=1]: (empty)
    [McSlotId=2]: (empty)
    [McSlotId=3]: (empty)
}

datapathcell: Name =\RGB_PWM_green:PWMUDB:sP16:pwmdp:u0\
    PORT MAP (
        clock => Net_2605 ,
        cs_addr_2 => \RGB_PWM_green:PWMUDB:tc_i\ ,
        cs_addr_1 => \RGB_PWM_green:PWMUDB:runmode_enable\ ,
        chain_out => \RGB_PWM_green:PWMUDB:sP16:pwmdp:carry\ );
    Properties:
    {
        a0_init = "00000000"
        a1_init = "00000000"
        ce0_sync = 1
        ce1_sync = 1
        cl0_sync = 1
        cl1_sync = 1
        cmsb_sync = 1
        co_msb_sync = 1
        cy_dpconfig = "0000000001000000000000001100000001000000010000000000000011000000000000001100000000000000110000000000000011000000000000001100000011111111000000001111111111111111101000000000000000000100000000000000000000011000"
        d0_init = "00000000"
        d1_init = "00000000"
        f0_blk_sync = 1
        f0_bus_sync = 1
        f1_blk_sync = 1
        f1_bus_sync = 1
        ff0_sync = 1
        ff1_sync = 1
        ov_msb_sync = 1
        so_sync = 1
        z0_sync = 1
        z1_sync = 1
    }
    Clock Polarity: Active High
    Clock Enable: True
    Next in chain : \RGB_PWM_green:PWMUDB:sP16:pwmdp:u1\

controlcell: Name =\RGB_PWM_green:PWMUDB:genblk1:ctrlreg\
    PORT MAP (
        clock => Net_2605 ,
        control_7 => \RGB_PWM_green:PWMUDB:control_7\ ,
        control_6 => \RGB_PWM_green:PWMUDB:control_6\ ,
        control_5 => \RGB_PWM_green:PWMUDB:control_5\ ,
        control_4 => \RGB_PWM_green:PWMUDB:control_4\ ,
        control_3 => \RGB_PWM_green:PWMUDB:control_3\ ,
        control_2 => \RGB_PWM_green:PWMUDB:control_2\ ,
        control_1 => \RGB_PWM_green:PWMUDB:control_1\ ,
        control_0 => \RGB_PWM_green:PWMUDB:control_0\ );
    Properties:
    {
        cy_ctrl_mode_0 = "11111111"
        cy_ctrl_mode_1 = "00000000"
        cy_ext_reset = 0
        cy_force_order = 1
        cy_init_value = "00000000"
    }
    Clock Polarity: Active High
    Clock Enable: True

UDB [UDB=(1,5)] is empty.
UDB [UDB=(2,0)] is empty.
UDB [UDB=(2,1)] contents:
LAB@[UDB=(2,1)][LB=0] #macrocells=3, #inputs=10, #pterms=5
{
    [McSlotId=0]:     MacroCell: Name=\UART_LOG:BUART:tx_state_1\, Mode=(T-Register) @ [UDB=(2,1)][LB=0][MC=0]
        Total # of inputs        : 6
        Total # of product terms : 3
        List of special equations: 
            Clock  = (\UART_LOG:Net_9\) => Global
            Clock Enable: True
        Main Equation            : 3 pterms
        (
              \UART_LOG:BUART:tx_state_1\ * \UART_LOG:BUART:tx_state_0\ * 
              \UART_LOG:BUART:tx_bitclk_enable_pre\ * 
              \UART_LOG:BUART:tx_state_2\
            + \UART_LOG:BUART:tx_state_1\ * !\UART_LOG:BUART:tx_state_2\ * 
              \UART_LOG:BUART:tx_counter_dp\ * \UART_LOG:BUART:tx_bitclk\
            + \UART_LOG:BUART:tx_state_0\ * !\UART_LOG:BUART:tx_state_2\ * 
              \UART_LOG:BUART:tx_bitclk\
        );
        Output = \UART_LOG:BUART:tx_state_1\ (fanout=8)
        Properties               : 
        {
        }

    [McSlotId=1]:     MacroCell: Name=\UART_LOG:BUART:rx_status_5\, Mode=(Combinatorial) @ [UDB=(2,1)][LB=0][MC=1]
        Total # of inputs        : 2
        Total # of product terms : 1
            Clock Enable: True
        Main Equation            : 1 pterm
        (
              \UART_LOG:BUART:rx_fifonotempty\ * 
              \UART_LOG:BUART:rx_state_stop1_reg\
        );
        Output = \UART_LOG:BUART:rx_status_5\ (fanout=1)
        Properties               : 
        {
        }

    [McSlotId=2]: (empty)
    [McSlotId=3]:     MacroCell: Name=\UART_LOG:BUART:rx_status_4\, Mode=(Combinatorial) @ [UDB=(2,1)][LB=0][MC=3]
        Total # of inputs        : 2
        Total # of product terms : 1
            Clock Enable: True
        Main Equation            : 1 pterm
        (
              \UART_LOG:BUART:rx_load_fifo\ * \UART_LOG:BUART:rx_fifofull\
        );
        Output = \UART_LOG:BUART:rx_status_4\ (fanout=1)
        Properties               : 
        {
        }
}

LAB@[UDB=(2,1)][LB=1] #macrocells=2, #inputs=9, #pterms=6
{
    [McSlotId=0]:     MacroCell: Name=\UART_LOG:BUART:tx_state_2\, Mode=(T-Register) @ [UDB=(2,1)][LB=1][MC=0]
        Total # of inputs        : 6
        Total # of product terms : 4
        List of special equations: 
            Clock  = (\UART_LOG:Net_9\) => Global
            Clock Enable: True
        Main Equation            : 4 pterms
        (
              !\UART_LOG:BUART:tx_state_1\ * !\UART_LOG:BUART:tx_state_0\ * 
              \UART_LOG:BUART:tx_bitclk_enable_pre\ * 
              \UART_LOG:BUART:tx_state_2\
            + \UART_LOG:BUART:tx_state_1\ * \UART_LOG:BUART:tx_state_0\ * 
              \UART_LOG:BUART:tx_bitclk_enable_pre\ * 
              \UART_LOG:BUART:tx_state_2\
            + \UART_LOG:BUART:tx_state_1\ * \UART_LOG:BUART:tx_state_0\ * 
              !\UART_LOG:BUART:tx_state_2\ * \UART_LOG:BUART:tx_bitclk\
            + \UART_LOG:BUART:tx_state_1\ * !\UART_LOG:BUART:tx_state_2\ * 
              \UART_LOG:BUART:tx_counter_dp\ * \UART_LOG:BUART:tx_bitclk\
        );
        Output = \UART_LOG:BUART:tx_state_2\ (fanout=7)
        Properties               : 
        {
        }

    [McSlotId=1]:     MacroCell: Name=\UART_LOG:BUART:rx_postpoll\, Mode=(Combinatorial) @ [UDB=(2,1)][LB=1][MC=1]
        Total # of inputs        : 3
        Total # of product terms : 2
            Clock Enable: True
        Main Equation            : 2 pterms
        (
              Net_1250 * \UART_LOG:BUART:pollcount_0\
            + \UART_LOG:BUART:pollcount_1\
        );
        Output = \UART_LOG:BUART:rx_postpoll\ (fanout=1)
        Properties               : 
        {
        }

    [McSlotId=2]: (empty)
    [McSlotId=3]: (empty)
}

datapathcell: Name =\UART_LOG:BUART:sRX:RxShifter:u0\
    PORT MAP (
        clock => \UART_LOG:Net_9\ ,
        cs_addr_2 => \UART_LOG:BUART:tx_ctrl_mark_last\ ,
        cs_addr_1 => \UART_LOG:BUART:rx_state_0\ ,
        cs_addr_0 => \UART_LOG:BUART:rx_bitclk_enable\ ,
        route_si => \UART_LOG:BUART:rx_postpoll\ ,
        f0_load => \UART_LOG:BUART:rx_load_fifo\ ,
        f0_bus_stat_comb => \UART_LOG:BUART:rx_fifonotempty\ ,
        f0_blk_stat_comb => \UART_LOG:BUART:rx_fifofull\ );
    Properties:
    {
        a0_init = "00000000"
        a1_init = "00000000"
        ce0_sync = 1
        ce1_sync = 1
        cl0_sync = 1
        cl1_sync = 1
        cmsb_sync = 1
        co_msb_sync = 1
        cy_dpconfig = "0000000000000000000000000000000000000000000000000000001001000000000100000000000000010000001100000001000000000000000100100001000011111111000000001111111111111111101000000110001001000001111100000000000000001100"
        d0_init = "00000000"
        d1_init = "00000000"
        f0_blk_sync = 1
        f0_bus_sync = 1
        f1_blk_sync = 1
        f1_bus_sync = 1
        ff0_sync = 1
        ff1_sync = 1
        ov_msb_sync = 1
        so_sync = 1
        z0_sync = 1
        z1_sync = 1
    }
    Clock Polarity: Active High
    Clock Enable: True

statusicell: Name =\UART_LOG:BUART:sRX:RxSts\
    PORT MAP (
        clock => \UART_LOG:Net_9\ ,
        status_5 => \UART_LOG:BUART:rx_status_5\ ,
        status_4 => \UART_LOG:BUART:rx_status_4\ ,
        status_3 => \UART_LOG:BUART:rx_status_3\ ,
        interrupt => Net_1257 );
    Properties:
    {
        cy_force_order = 1
        cy_int_mask = "1111111"
        cy_md_select = "1011111"
    }
    Clock Polarity: Active High
    Clock Enable: True

UDB [UDB=(2,2)] contents:
LAB@[UDB=(2,2)][LB=0] #macrocells=1, #inputs=4, #pterms=2
{
    [McSlotId=0]: (empty)
    [McSlotId=1]:     MacroCell: Name=\UART_LOG:BUART:tx_bitclk\, Mode=(D-Register) @ [UDB=(2,2)][LB=0][MC=1]
        Total # of inputs        : 4
        Total # of product terms : 2
        List of special equations: 
            Clock  = (\UART_LOG:Net_9\) => Global
            Clock Enable: True
        Main Equation            : 2 pterms
        !(
              !\UART_LOG:BUART:tx_state_1\ * !\UART_LOG:BUART:tx_state_0\ * 
              \UART_LOG:BUART:tx_state_2\
            + !\UART_LOG:BUART:tx_bitclk_enable_pre\
        );
        Output = \UART_LOG:BUART:tx_bitclk\ (fanout=4)
        Properties               : 
        {
        }

    [McSlotId=2]: (empty)
    [McSlotId=3]: (empty)
}

LAB@[UDB=(2,2)][LB=1] #macrocells=1, #inputs=7, #pterms=5
{
    [McSlotId=0]:     MacroCell: Name=\UART_LOG:BUART:txn\, Mode=(D-Register) @ [UDB=(2,2)][LB=1][MC=0]
        Total # of inputs        : 7
        Total # of product terms : 5
        List of special equations: 
            Clock  = (\UART_LOG:Net_9\) => Global
            Clock Enable: True
        Main Equation            : 5 pterms
        (
              \UART_LOG:BUART:txn\ * \UART_LOG:BUART:tx_state_1\ * 
              !\UART_LOG:BUART:tx_bitclk\
            + \UART_LOG:BUART:txn\ * \UART_LOG:BUART:tx_state_2\
            + !\UART_LOG:BUART:tx_state_1\ * \UART_LOG:BUART:tx_state_0\ * 
              !\UART_LOG:BUART:tx_shift_out\ * !\UART_LOG:BUART:tx_state_2\
            + !\UART_LOG:BUART:tx_state_1\ * \UART_LOG:BUART:tx_state_0\ * 
              !\UART_LOG:BUART:tx_state_2\ * !\UART_LOG:BUART:tx_bitclk\
            + \UART_LOG:BUART:tx_state_1\ * !\UART_LOG:BUART:tx_state_0\ * 
              !\UART_LOG:BUART:tx_shift_out\ * !\UART_LOG:BUART:tx_state_2\ * 
              !\UART_LOG:BUART:tx_counter_dp\ * \UART_LOG:BUART:tx_bitclk\
        );
        Output = \UART_LOG:BUART:txn\ (fanout=2)
        Properties               : 
        {
        }

    [McSlotId=1]: (empty)
    [McSlotId=2]: (empty)
    [McSlotId=3]: (empty)
}

UDB [UDB=(2,3)] is empty.
UDB [UDB=(2,4)] is empty.
UDB [UDB=(2,5)] is empty.
UDB [UDB=(3,0)] is empty.
UDB [UDB=(3,1)] contents:
LAB@[UDB=(3,1)][LB=0] #macrocells=1, #inputs=4, #pterms=2
{
    [McSlotId=0]: (empty)
    [McSlotId=1]: (empty)
    [McSlotId=2]:     MacroCell: Name=\UART_LOG:BUART:counter_load_not\, Mode=(Combinatorial) @ [UDB=(3,1)][LB=0][MC=2]
        Total # of inputs        : 4
        Total # of product terms : 2
            Clock Enable: True
        Main Equation            : 2 pterms
        !(
              !\UART_LOG:BUART:tx_state_1\ * !\UART_LOG:BUART:tx_state_0\ * 
              \UART_LOG:BUART:tx_bitclk_enable_pre\
            + !\UART_LOG:BUART:tx_state_1\ * !\UART_LOG:BUART:tx_state_0\ * 
              !\UART_LOG:BUART:tx_state_2\
        );
        Output = \UART_LOG:BUART:counter_load_not\ (fanout=1)
        Properties               : 
        {
        }

    [McSlotId=3]: (empty)
}

datapathcell: Name =\UART_LOG:BUART:sTX:sCLOCK:TxBitClkGen\
    PORT MAP (
        clock => \UART_LOG:Net_9\ ,
        cs_addr_0 => \UART_LOG:BUART:counter_load_not\ ,
        ce0_reg => \UART_LOG:BUART:tx_bitclk_enable_pre\ ,
        ce1_reg => \UART_LOG:BUART:tx_counter_dp\ );
    Properties:
    {
        a0_init = "00000000"
        a1_init = "00000000"
        ce0_sync = 1
        ce1_sync = 1
        cl0_sync = 1
        cl1_sync = 1
        cmsb_sync = 1
        co_msb_sync = 1
        cy_dpconfig = "1010100001000000001000000100000000000000000000000000000000000000000000000000000000000000000000000000000000000000000000000000000011111111000000001111111100000111001000000100000000000101111100000000000000001000"
        d0_init = "00000000"
        d1_init = "00000000"
        f0_blk_sync = 1
        f0_bus_sync = 1
        f1_blk_sync = 1
        f1_bus_sync = 1
        ff0_sync = 1
        ff1_sync = 1
        ov_msb_sync = 1
        so_sync = 1
        z0_sync = 1
        z1_sync = 1
    }
    Clock Polarity: Active High
    Clock Enable: True

UDB [UDB=(3,2)] contents:
LAB@[UDB=(3,2)][LB=0] #macrocells=2, #inputs=10, #pterms=5
{
    [McSlotId=0]: (empty)
    [McSlotId=1]:     MacroCell: Name=\UART_LOG:BUART:tx_state_0\, Mode=(T-Register) @ [UDB=(3,2)][LB=0][MC=1]
        Total # of inputs        : 6
        Total # of product terms : 4
        List of special equations: 
            Clock  = (\UART_LOG:Net_9\) => Global
            Clock Enable: True
        Main Equation            : 4 pterms
        (
              !\UART_LOG:BUART:tx_state_1\ * !\UART_LOG:BUART:tx_state_0\ * 
              \UART_LOG:BUART:tx_bitclk_enable_pre\ * 
              !\UART_LOG:BUART:tx_fifo_empty\
            + !\UART_LOG:BUART:tx_state_1\ * !\UART_LOG:BUART:tx_state_0\ * 
              !\UART_LOG:BUART:tx_fifo_empty\ * !\UART_LOG:BUART:tx_state_2\
            + \UART_LOG:BUART:tx_state_1\ * \UART_LOG:BUART:tx_state_0\ * 
              \UART_LOG:BUART:tx_bitclk_enable_pre\ * 
              \UART_LOG:BUART:tx_fifo_empty\ * \UART_LOG:BUART:tx_state_2\
            + \UART_LOG:BUART:tx_state_0\ * !\UART_LOG:BUART:tx_state_2\ * 
              \UART_LOG:BUART:tx_bitclk\
        );
        Output = \UART_LOG:BUART:tx_state_0\ (fanout=8)
        Properties               : 
        {
        }

    [McSlotId=2]:     MacroCell: Name=Net_666, Mode=(Combinatorial) @ [UDB=(3,2)][LB=0][MC=2]
        Total # of inputs        : 4
        Total # of product terms : 1
            Clock Enable: True
        Main Equation            : 1 pterm
        !(
              !Net_664 * !Net_665 * !Net_667 * !Net_668
        );
        Output = Net_666 (fanout=1)
        Properties               : 
        {
        }

    [McSlotId=3]: (empty)
}

LAB@[UDB=(3,2)][LB=1] #macrocells=2, #inputs=6, #pterms=2
{
    [McSlotId=0]:     MacroCell: Name=\UART_LOG:BUART:tx_status_0\, Mode=(Combinatorial) @ [UDB=(3,2)][LB=1][MC=0]
        Total # of inputs        : 5
        Total # of product terms : 1
            Clock Enable: True
        Main Equation            : 1 pterm
        (
              !\UART_LOG:BUART:tx_state_1\ * !\UART_LOG:BUART:tx_state_0\ * 
              \UART_LOG:BUART:tx_bitclk_enable_pre\ * 
              \UART_LOG:BUART:tx_fifo_empty\ * \UART_LOG:BUART:tx_state_2\
        );
        Output = \UART_LOG:BUART:tx_status_0\ (fanout=1)
        Properties               : 
        {
        }

    [McSlotId=1]: (empty)
    [McSlotId=2]: (empty)
    [McSlotId=3]:     MacroCell: Name=\UART_LOG:BUART:tx_status_2\, Mode=(Combinatorial) @ [UDB=(3,2)][LB=1][MC=3]
        Total # of inputs        : 1
        Total # of product terms : 1
            Clock Enable: True
        Main Equation            : 1 pterm
        (
              !\UART_LOG:BUART:tx_fifo_notfull\
        );
        Output = \UART_LOG:BUART:tx_status_2\ (fanout=1)
        Properties               : 
        {
        }
}

datapathcell: Name =\UART_LOG:BUART:sTX:TxShifter:u0\
    PORT MAP (
        clock => \UART_LOG:Net_9\ ,
        cs_addr_2 => \UART_LOG:BUART:tx_state_1\ ,
        cs_addr_1 => \UART_LOG:BUART:tx_state_0\ ,
        cs_addr_0 => \UART_LOG:BUART:tx_bitclk_enable_pre\ ,
        so_comb => \UART_LOG:BUART:tx_shift_out\ ,
        f0_bus_stat_comb => \UART_LOG:BUART:tx_fifo_notfull\ ,
        f0_blk_stat_comb => \UART_LOG:BUART:tx_fifo_empty\ );
    Properties:
    {
        a0_init = "00000000"
        a1_init = "00000000"
        ce0_sync = 1
        ce1_sync = 1
        cl0_sync = 1
        cl1_sync = 1
        cmsb_sync = 1
        co_msb_sync = 1
        cy_dpconfig = "0000000000000000000000000000000000000000000000000000000011000000000000000000000000000010010000000000000000000000000000000000000011111111000000001111111111111111000000000000000001000100111100000000000000001100"
        d0_init = "00000000"
        d1_init = "00000000"
        f0_blk_sync = 1
        f0_bus_sync = 1
        f1_blk_sync = 1
        f1_bus_sync = 1
        ff0_sync = 1
        ff1_sync = 1
        ov_msb_sync = 1
        so_sync = 1
        z0_sync = 1
        z1_sync = 1
    }
    Clock Polarity: Active High
    Clock Enable: True

statusicell: Name =\UART_LOG:BUART:sTX:TxSts\
    PORT MAP (
        clock => \UART_LOG:Net_9\ ,
        status_3 => \UART_LOG:BUART:tx_fifo_notfull\ ,
        status_2 => \UART_LOG:BUART:tx_status_2\ ,
        status_1 => \UART_LOG:BUART:tx_fifo_empty\ ,
        status_0 => \UART_LOG:BUART:tx_status_0\ ,
        interrupt => Net_1256 );
    Properties:
    {
        cy_force_order = 1
        cy_int_mask = "1111111"
        cy_md_select = "0000001"
    }
    Clock Polarity: Active High
    Clock Enable: True

UDB [UDB=(3,3)] is empty.
UDB [UDB=(3,4)] is empty.
UDB [UDB=(3,5)] is empty.
Intr container @ [IntrContainer=(0)]: 
  Intr@ [IntrContainer=(0)][IntrId=(0)] 
    interrupt: Name =\UART_LOG:RXInternalInterrupt\
        PORT MAP (
            interrupt => Net_1257 );
        Properties:
        {
            int_type = "10"
            is_nmi = 0
        }
  Intr@ [IntrContainer=(0)][IntrId=(1)] 
    interrupt: Name =\UART_LOG:TXInternalInterrupt\
        PORT MAP (
            interrupt => Net_1256 );
        Properties:
        {
            int_type = "10"
            is_nmi = 0
        }
  Intr@ [IntrContainer=(0)][IntrId=(2)] 
    interrupt: Name =isr_Button
        PORT MAP (
            interrupt => Net_666 );
        Properties:
        {
            int_type = "00"
            is_nmi = 0
        }
Drq container @ [DrqContainer=(0)]: empty
Port 0 contains the following IO cells:
[IoId=3]: 
Pin : Name = BUTTON_1(0)
    Attributes:
        In Group/Port: True
        In Sync Option: NOSYNC
        Out Sync Option: AUTO
        Interrupt generated: False
        Interrupt mode: NONE
        Drive mode: HI_Z_DIGITAL
        VTrip: CMOS
        Slew: FAST
        Input Sync needed: False
        Output Sync needed: False
        SC shield enabled: False
        POR State: ANY
        LCD Mode: COMMON
        Register Mode: RegComb
        CaSense Mode: NEITHER
        Treat as pin: True
        Is OE Registered: False
        Uses Analog: False
        Can contain Digital: True
        Is SIO: False
        SIO Output Buf: NONREGULATED
        SIO Input Buf: SINGLE_ENDED
        SIO HiFreq: LOW
        SIO Hyst: DISABLED
        SIO Vtrip: MULTIPLIER_0_5
        SIO Multiplier Index: 0
        SIO RefSel: VCC_IO
        Required Capabilities: DIGITAL, ROUTABLE
        Initial Value: 0
        IO Voltage: 0
    PORT MAP (
        pa_out => BUTTON_1(0)__PA ,
        fb => Net_664 ,
        pad => BUTTON_1(0)_PAD );
    Properties:
    {
    }

[IoId=4]: 
Pin : Name = BUTTON_2(0)
    Attributes:
        In Group/Port: True
        In Sync Option: NOSYNC
        Out Sync Option: AUTO
        Interrupt generated: False
        Interrupt mode: NONE
        Drive mode: HI_Z_DIGITAL
        VTrip: CMOS
        Slew: FAST
        Input Sync needed: False
        Output Sync needed: False
        SC shield enabled: False
        POR State: ANY
        LCD Mode: COMMON
        Register Mode: RegComb
        CaSense Mode: NEITHER
        Treat as pin: True
        Is OE Registered: False
        Uses Analog: False
        Can contain Digital: True
        Is SIO: False
        SIO Output Buf: NONREGULATED
        SIO Input Buf: SINGLE_ENDED
        SIO HiFreq: LOW
        SIO Hyst: DISABLED
        SIO Vtrip: MULTIPLIER_0_5
        SIO Multiplier Index: 0
        SIO RefSel: VCC_IO
        Required Capabilities: DIGITAL, ROUTABLE
        Initial Value: 0
        IO Voltage: 0
    PORT MAP (
        pa_out => BUTTON_2(0)__PA ,
        fb => Net_665 ,
        pad => BUTTON_2(0)_PAD );
    Properties:
    {
    }

[IoId=5]: 
Pin : Name = BUTTON_3(0)
    Attributes:
        In Group/Port: True
        In Sync Option: NOSYNC
        Out Sync Option: AUTO
        Interrupt generated: False
        Interrupt mode: NONE
        Drive mode: HI_Z_DIGITAL
        VTrip: CMOS
        Slew: FAST
        Input Sync needed: False
        Output Sync needed: False
        SC shield enabled: False
        POR State: ANY
        LCD Mode: COMMON
        Register Mode: RegComb
        CaSense Mode: NEITHER
        Treat as pin: True
        Is OE Registered: False
        Uses Analog: False
        Can contain Digital: True
        Is SIO: False
        SIO Output Buf: NONREGULATED
        SIO Input Buf: SINGLE_ENDED
        SIO HiFreq: LOW
        SIO Hyst: DISABLED
        SIO Vtrip: MULTIPLIER_0_5
        SIO Multiplier Index: 0
        SIO RefSel: VCC_IO
        Required Capabilities: DIGITAL, ROUTABLE
        Initial Value: 0
        IO Voltage: 0
    PORT MAP (
        pa_out => BUTTON_3(0)__PA ,
        fb => Net_667 ,
        pad => BUTTON_3(0)_PAD );
    Properties:
    {
    }

[IoId=6]: 
Pin : Name = LED_red(0)
    Attributes:
        In Group/Port: True
        In Sync Option: AUTO
        Out Sync Option: NOSYNC
        Interrupt generated: False
        Interrupt mode: NONE
        Drive mode: CMOS_OUT
        VTrip: EITHER
        Slew: FAST
        Input Sync needed: False
        Output Sync needed: False
        SC shield enabled: False
        POR State: ANY
        LCD Mode: COMMON
        Register Mode: RegComb
        CaSense Mode: NEITHER
        Treat as pin: True
        Is OE Registered: False
        Uses Analog: False
        Can contain Digital: True
        Is SIO: False
        SIO Output Buf: NONREGULATED
        SIO Input Buf: SINGLE_ENDED
        SIO HiFreq: LOW
        SIO Hyst: DISABLED
        SIO Vtrip: MULTIPLIER_0_5
        SIO Multiplier Index: 0
        SIO RefSel: VCC_IO
        Required Capabilities: DIGITAL
        Initial Value: 0
        IO Voltage: 0
    PORT MAP (
        pa_out => LED_red(0)__PA ,
        pad => LED_red(0)_PAD );
    Properties:
    {
    }

[IoId=7]: 
Pin : Name = LED_green(0)
    Attributes:
        In Group/Port: True
        In Sync Option: AUTO
        Out Sync Option: NOSYNC
        Interrupt generated: False
        Interrupt mode: NONE
        Drive mode: CMOS_OUT
        VTrip: EITHER
        Slew: FAST
        Input Sync needed: False
        Output Sync needed: False
        SC shield enabled: False
        POR State: ANY
        LCD Mode: COMMON
        Register Mode: RegComb
        CaSense Mode: NEITHER
        Treat as pin: True
        Is OE Registered: False
        Uses Analog: False
        Can contain Digital: True
        Is SIO: False
        SIO Output Buf: NONREGULATED
        SIO Input Buf: SINGLE_ENDED
        SIO HiFreq: LOW
        SIO Hyst: DISABLED
        SIO Vtrip: MULTIPLIER_0_5
        SIO Multiplier Index: 0
        SIO RefSel: VCC_IO
        Required Capabilities: DIGITAL
        Initial Value: 0
        IO Voltage: 0
    PORT MAP (
        pa_out => LED_green(0)__PA ,
        pad => LED_green(0)_PAD );
    Properties:
    {
    }

Port 1 contains the following IO cells:
[IoId=0]: 
Pin : Name = SEVEN_DP(0)
    Attributes:
        In Group/Port: True
        In Sync Option: AUTO
        Out Sync Option: NOSYNC
        Interrupt generated: False
        Interrupt mode: NONE
        Drive mode: CMOS_OUT
        VTrip: EITHER
        Slew: FAST
        Input Sync needed: False
        Output Sync needed: False
        SC shield enabled: False
        POR State: ANY
        LCD Mode: COMMON
        Register Mode: RegComb
        CaSense Mode: NEITHER
        Treat as pin: True
        Is OE Registered: False
        Uses Analog: False
        Can contain Digital: True
        Is SIO: False
        SIO Output Buf: NONREGULATED
        SIO Input Buf: SINGLE_ENDED
        SIO HiFreq: LOW
        SIO Hyst: DISABLED
        SIO Vtrip: MULTIPLIER_0_5
        SIO Multiplier Index: 0
        SIO RefSel: VCC_IO
        Required Capabilities: DIGITAL, ROUTABLE
        Initial Value: 0
        IO Voltage: 0
    PORT MAP (
        pa_out => SEVEN_DP(0)__PA ,
        pin_input => Net_1241 ,
        pad => SEVEN_DP(0)_PAD );
    Properties:
    {
    }

[IoId=1]: 
Pin : Name = SEVEN_G(0)
    Attributes:
        In Group/Port: True
        In Sync Option: AUTO
        Out Sync Option: NOSYNC
        Interrupt generated: False
        Interrupt mode: NONE
        Drive mode: CMOS_OUT
        VTrip: EITHER
        Slew: FAST
        Input Sync needed: False
        Output Sync needed: False
        SC shield enabled: False
        POR State: ANY
        LCD Mode: COMMON
        Register Mode: RegComb
        CaSense Mode: NEITHER
        Treat as pin: True
        Is OE Registered: False
        Uses Analog: False
        Can contain Digital: True
        Is SIO: False
        SIO Output Buf: NONREGULATED
        SIO Input Buf: SINGLE_ENDED
        SIO HiFreq: LOW
        SIO Hyst: DISABLED
        SIO Vtrip: MULTIPLIER_0_5
        SIO Multiplier Index: 0
        SIO RefSel: VCC_IO
        Required Capabilities: DIGITAL, ROUTABLE
        Initial Value: 0
        IO Voltage: 0
    PORT MAP (
        pa_out => SEVEN_G(0)__PA ,
        pin_input => Net_1239 ,
        pad => SEVEN_G(0)_PAD );
    Properties:
    {
    }

[IoId=2]: 
Pin : Name = SEVEN_F(0)
    Attributes:
        In Group/Port: True
        In Sync Option: AUTO
        Out Sync Option: NOSYNC
        Interrupt generated: False
        Interrupt mode: NONE
        Drive mode: CMOS_OUT
        VTrip: EITHER
        Slew: FAST
        Input Sync needed: False
        Output Sync needed: False
        SC shield enabled: False
        POR State: ANY
        LCD Mode: COMMON
        Register Mode: RegComb
        CaSense Mode: NEITHER
        Treat as pin: True
        Is OE Registered: False
        Uses Analog: False
        Can contain Digital: True
        Is SIO: False
        SIO Output Buf: NONREGULATED
        SIO Input Buf: SINGLE_ENDED
        SIO HiFreq: LOW
        SIO Hyst: DISABLED
        SIO Vtrip: MULTIPLIER_0_5
        SIO Multiplier Index: 0
        SIO RefSel: VCC_IO
        Required Capabilities: DIGITAL, ROUTABLE
        Initial Value: 0
        IO Voltage: 0
    PORT MAP (
        pa_out => SEVEN_F(0)__PA ,
        pin_input => Net_1237 ,
        pad => SEVEN_F(0)_PAD );
    Properties:
    {
    }

[IoId=3]: 
Pin : Name = SEVEN_E(0)
    Attributes:
        In Group/Port: True
        In Sync Option: AUTO
        Out Sync Option: NOSYNC
        Interrupt generated: False
        Interrupt mode: NONE
        Drive mode: CMOS_OUT
        VTrip: EITHER
        Slew: FAST
        Input Sync needed: False
        Output Sync needed: False
        SC shield enabled: False
        POR State: ANY
        LCD Mode: COMMON
        Register Mode: RegComb
        CaSense Mode: NEITHER
        Treat as pin: True
        Is OE Registered: False
        Uses Analog: False
        Can contain Digital: True
        Is SIO: False
        SIO Output Buf: NONREGULATED
        SIO Input Buf: SINGLE_ENDED
        SIO HiFreq: LOW
        SIO Hyst: DISABLED
        SIO Vtrip: MULTIPLIER_0_5
        SIO Multiplier Index: 0
        SIO RefSel: VCC_IO
        Required Capabilities: DIGITAL, ROUTABLE
        Initial Value: 0
        IO Voltage: 0
    PORT MAP (
        pa_out => SEVEN_E(0)__PA ,
        pin_input => Net_1235 ,
        pad => SEVEN_E(0)_PAD );
    Properties:
    {
    }

[IoId=4]: 
Pin : Name = SEVEN_D(0)
    Attributes:
        In Group/Port: True
        In Sync Option: AUTO
        Out Sync Option: NOSYNC
        Interrupt generated: False
        Interrupt mode: NONE
        Drive mode: CMOS_OUT
        VTrip: EITHER
        Slew: FAST
        Input Sync needed: False
        Output Sync needed: False
        SC shield enabled: False
        POR State: ANY
        LCD Mode: COMMON
        Register Mode: RegComb
        CaSense Mode: NEITHER
        Treat as pin: True
        Is OE Registered: False
        Uses Analog: False
        Can contain Digital: True
        Is SIO: False
        SIO Output Buf: NONREGULATED
        SIO Input Buf: SINGLE_ENDED
        SIO HiFreq: LOW
        SIO Hyst: DISABLED
        SIO Vtrip: MULTIPLIER_0_5
        SIO Multiplier Index: 0
        SIO RefSel: VCC_IO
        Required Capabilities: DIGITAL, ROUTABLE
        Initial Value: 0
        IO Voltage: 0
    PORT MAP (
        pa_out => SEVEN_D(0)__PA ,
        pin_input => Net_1233 ,
        pad => SEVEN_D(0)_PAD );
    Properties:
    {
    }

[IoId=5]: 
Pin : Name = SEVEN_C(0)
    Attributes:
        In Group/Port: True
        In Sync Option: AUTO
        Out Sync Option: NOSYNC
        Interrupt generated: False
        Interrupt mode: NONE
        Drive mode: CMOS_OUT
        VTrip: EITHER
        Slew: FAST
        Input Sync needed: False
        Output Sync needed: False
        SC shield enabled: False
        POR State: ANY
        LCD Mode: COMMON
        Register Mode: RegComb
        CaSense Mode: NEITHER
        Treat as pin: True
        Is OE Registered: False
        Uses Analog: False
        Can contain Digital: True
        Is SIO: False
        SIO Output Buf: NONREGULATED
        SIO Input Buf: SINGLE_ENDED
        SIO HiFreq: LOW
        SIO Hyst: DISABLED
        SIO Vtrip: MULTIPLIER_0_5
        SIO Multiplier Index: 0
        SIO RefSel: VCC_IO
        Required Capabilities: DIGITAL, ROUTABLE
        Initial Value: 0
        IO Voltage: 0
    PORT MAP (
        pa_out => SEVEN_C(0)__PA ,
        pin_input => Net_1231 ,
        pad => SEVEN_C(0)_PAD );
    Properties:
    {
    }

[IoId=6]: 
Pin : Name = SEVEN_B(0)
    Attributes:
        In Group/Port: True
        In Sync Option: AUTO
        Out Sync Option: NOSYNC
        Interrupt generated: False
        Interrupt mode: NONE
        Drive mode: CMOS_OUT
        VTrip: EITHER
        Slew: FAST
        Input Sync needed: False
        Output Sync needed: False
        SC shield enabled: False
        POR State: ANY
        LCD Mode: COMMON
        Register Mode: RegComb
        CaSense Mode: NEITHER
        Treat as pin: True
        Is OE Registered: False
        Uses Analog: False
        Can contain Digital: True
        Is SIO: False
        SIO Output Buf: NONREGULATED
        SIO Input Buf: SINGLE_ENDED
        SIO HiFreq: LOW
        SIO Hyst: DISABLED
        SIO Vtrip: MULTIPLIER_0_5
        SIO Multiplier Index: 0
        SIO RefSel: VCC_IO
        Required Capabilities: DIGITAL, ROUTABLE
        Initial Value: 0
        IO Voltage: 0
    PORT MAP (
        pa_out => SEVEN_B(0)__PA ,
        pin_input => Net_1229 ,
        pad => SEVEN_B(0)_PAD );
    Properties:
    {
    }

[IoId=7]: 
Pin : Name = SEVEN_A(0)
    Attributes:
        In Group/Port: True
        In Sync Option: AUTO
        Out Sync Option: NOSYNC
        Interrupt generated: False
        Interrupt mode: NONE
        Drive mode: CMOS_OUT
        VTrip: EITHER
        Slew: FAST
        Input Sync needed: False
        Output Sync needed: False
        SC shield enabled: False
        POR State: ANY
        LCD Mode: COMMON
        Register Mode: RegComb
        CaSense Mode: NEITHER
        Treat as pin: True
        Is OE Registered: False
        Uses Analog: False
        Can contain Digital: True
        Is SIO: False
        SIO Output Buf: NONREGULATED
        SIO Input Buf: SINGLE_ENDED
        SIO HiFreq: LOW
        SIO Hyst: DISABLED
        SIO Vtrip: MULTIPLIER_0_5
        SIO Multiplier Index: 0
        SIO RefSel: VCC_IO
        Required Capabilities: DIGITAL, ROUTABLE
        Initial Value: 0
        IO Voltage: 0
    PORT MAP (
        pa_out => SEVEN_A(0)__PA ,
        pin_input => Net_1227 ,
        pad => SEVEN_A(0)_PAD );
    Properties:
    {
    }

Port 2 contains the following IO cells:
[IoId=0]: 
Pin : Name = LED_yellow(0)
    Attributes:
        In Group/Port: True
        In Sync Option: AUTO
        Out Sync Option: NOSYNC
        Interrupt generated: False
        Interrupt mode: NONE
        Drive mode: CMOS_OUT
        VTrip: EITHER
        Slew: FAST
        Input Sync needed: False
        Output Sync needed: False
        SC shield enabled: False
        POR State: ANY
        LCD Mode: COMMON
        Register Mode: RegComb
        CaSense Mode: NEITHER
        Treat as pin: True
        Is OE Registered: False
        Uses Analog: False
        Can contain Digital: True
        Is SIO: False
        SIO Output Buf: NONREGULATED
        SIO Input Buf: SINGLE_ENDED
        SIO HiFreq: LOW
        SIO Hyst: DISABLED
        SIO Vtrip: MULTIPLIER_0_5
        SIO Multiplier Index: 0
        SIO RefSel: VCC_IO
        Required Capabilities: DIGITAL
        Initial Value: 0
        IO Voltage: 0
    PORT MAP (
        pa_out => LED_yellow(0)__PA ,
        pad => LED_yellow(0)_PAD );
    Properties:
    {
    }

[IoId=3]: 
Pin : Name = RGB_B(0)
    Attributes:
        In Group/Port: True
        In Sync Option: AUTO
        Out Sync Option: NOSYNC
        Interrupt generated: False
        Interrupt mode: NONE
        Drive mode: CMOS_OUT
        VTrip: EITHER
        Slew: FAST
        Input Sync needed: False
        Output Sync needed: False
        SC shield enabled: False
        POR State: ANY
        LCD Mode: COMMON
        Register Mode: RegComb
        CaSense Mode: NEITHER
        Treat as pin: True
        Is OE Registered: False
        Uses Analog: False
        Can contain Digital: True
        Is SIO: False
        SIO Output Buf: NONREGULATED
        SIO Input Buf: SINGLE_ENDED
        SIO HiFreq: LOW
        SIO Hyst: DISABLED
        SIO Vtrip: MULTIPLIER_0_5
        SIO Multiplier Index: 0
        SIO RefSel: VCC_IO
        Required Capabilities: DIGITAL, ROUTABLE
        Initial Value: 0
        IO Voltage: 0
    PORT MAP (
        pa_out => RGB_B(0)__PA ,
        pin_input => Net_429 ,
        pad => RGB_B(0)_PAD );
    Properties:
    {
    }

[IoId=4]: 
Pin : Name = RGB_G(0)
    Attributes:
        In Group/Port: True
        In Sync Option: AUTO
        Out Sync Option: NOSYNC
        Interrupt generated: False
        Interrupt mode: NONE
        Drive mode: CMOS_OUT
        VTrip: EITHER
        Slew: FAST
        Input Sync needed: False
        Output Sync needed: False
        SC shield enabled: False
        POR State: ANY
        LCD Mode: COMMON
        Register Mode: RegComb
        CaSense Mode: NEITHER
        Treat as pin: True
        Is OE Registered: False
        Uses Analog: False
        Can contain Digital: True
        Is SIO: False
        SIO Output Buf: NONREGULATED
        SIO Input Buf: SINGLE_ENDED
        SIO HiFreq: LOW
        SIO Hyst: DISABLED
        SIO Vtrip: MULTIPLIER_0_5
        SIO Multiplier Index: 0
        SIO RefSel: VCC_IO
        Required Capabilities: DIGITAL, ROUTABLE
        Initial Value: 0
        IO Voltage: 0
    PORT MAP (
        pa_out => RGB_G(0)__PA ,
        pin_input => Net_481 ,
        pad => RGB_G(0)_PAD );
    Properties:
    {
    }

[IoId=5]: 
Pin : Name = RGB_R(0)
    Attributes:
        In Group/Port: True
        In Sync Option: AUTO
        Out Sync Option: NOSYNC
        Interrupt generated: False
        Interrupt mode: NONE
        Drive mode: CMOS_OUT
        VTrip: EITHER
        Slew: FAST
        Input Sync needed: False
        Output Sync needed: False
        SC shield enabled: False
        POR State: ANY
        LCD Mode: COMMON
        Register Mode: RegComb
        CaSense Mode: NEITHER
        Treat as pin: True
        Is OE Registered: False
        Uses Analog: False
        Can contain Digital: True
        Is SIO: False
        SIO Output Buf: NONREGULATED
        SIO Input Buf: SINGLE_ENDED
        SIO HiFreq: LOW
        SIO Hyst: DISABLED
        SIO Vtrip: MULTIPLIER_0_5
        SIO Multiplier Index: 0
        SIO RefSel: VCC_IO
        Required Capabilities: DIGITAL, ROUTABLE
        Initial Value: 0
        IO Voltage: 0
    PORT MAP (
        pa_out => RGB_R(0)__PA ,
        pin_input => Net_403 ,
        pad => RGB_R(0)_PAD );
    Properties:
    {
    }

Port 3 contains the following IO cells:
[IoId=2]: 
Pin : Name = BUTTON_4(0)
    Attributes:
        In Group/Port: True
        In Sync Option: NOSYNC
        Out Sync Option: AUTO
        Interrupt generated: False
        Interrupt mode: NONE
        Drive mode: HI_Z_DIGITAL
        VTrip: CMOS
        Slew: FAST
        Input Sync needed: False
        Output Sync needed: False
        SC shield enabled: False
        POR State: ANY
        LCD Mode: COMMON
        Register Mode: RegComb
        CaSense Mode: NEITHER
        Treat as pin: True
        Is OE Registered: False
        Uses Analog: False
        Can contain Digital: True
        Is SIO: False
        SIO Output Buf: NONREGULATED
        SIO Input Buf: SINGLE_ENDED
        SIO HiFreq: LOW
        SIO Hyst: DISABLED
        SIO Vtrip: MULTIPLIER_0_5
        SIO Multiplier Index: 0
        SIO RefSel: VCC_IO
        Required Capabilities: DIGITAL, ROUTABLE
        Initial Value: 0
        IO Voltage: 0
    PORT MAP (
        pa_out => BUTTON_4(0)__PA ,
        fb => Net_668 ,
        pad => BUTTON_4(0)_PAD );
    Properties:
    {
    }

[IoId=5]: 
Pin : Name = SEVEN_SELECT(0)
    Attributes:
        In Group/Port: True
        In Sync Option: AUTO
        Out Sync Option: NOSYNC
        Interrupt generated: False
        Interrupt mode: NONE
        Drive mode: CMOS_OUT
        VTrip: EITHER
        Slew: FAST
        Input Sync needed: False
        Output Sync needed: False
        SC shield enabled: False
        POR State: ANY
        LCD Mode: COMMON
        Register Mode: RegComb
        CaSense Mode: NEITHER
        Treat as pin: True
        Is OE Registered: False
        Uses Analog: False
        Can contain Digital: True
        Is SIO: False
        SIO Output Buf: NONREGULATED
        SIO Input Buf: SINGLE_ENDED
        SIO HiFreq: LOW
        SIO Hyst: DISABLED
        SIO Vtrip: MULTIPLIER_0_5
        SIO Multiplier Index: 0
        SIO RefSel: VCC_IO
        Required Capabilities: DIGITAL
        Initial Value: 0
        IO Voltage: 0
    PORT MAP (
        pa_out => SEVEN_SELECT(0)__PA ,
        pad => SEVEN_SELECT(0)_PAD );
    Properties:
    {
    }

Port 12 contains the following IO cells:
[IoId=6]: 
Pin : Name = DEBUG_RX(0)
    Attributes:
        In Group/Port: True
        In Sync Option: SYNC
        Out Sync Option: AUTO
        Interrupt generated: False
        Interrupt mode: NONE
        Drive mode: HI_Z_DIGITAL
        VTrip: CMOS
        Slew: FAST
        Input Sync needed: True
        Output Sync needed: False
        SC shield enabled: False
        POR State: ANY
        LCD Mode: COMMON
        Register Mode: RegComb
        CaSense Mode: NEITHER
        Treat as pin: True
        Is OE Registered: False
        Uses Analog: False
        Can contain Digital: True
        Is SIO: False
        SIO Output Buf: NONREGULATED
        SIO Input Buf: SINGLE_ENDED
        SIO HiFreq: LOW
        SIO Hyst: DISABLED
        SIO Vtrip: MULTIPLIER_0_5
        SIO Multiplier Index: 0
        SIO RefSel: VCC_IO
        Required Capabilities: DIGITAL, ROUTABLE
        Initial Value: 0
        IO Voltage: 0
    PORT MAP (
        pa_out => DEBUG_RX(0)__PA ,
        fb => Net_1250 ,
        pad => DEBUG_RX(0)_PAD );
    Properties:
    {
    }

[IoId=7]: 
Pin : Name = DEBUG_TX(0)
    Attributes:
        In Group/Port: True
        In Sync Option: AUTO
        Out Sync Option: NOSYNC
        Interrupt generated: False
        Interrupt mode: NONE
        Drive mode: CMOS_OUT
        VTrip: EITHER
        Slew: FAST
        Input Sync needed: False
        Output Sync needed: False
        SC shield enabled: False
        POR State: ANY
        LCD Mode: COMMON
        Register Mode: RegComb
        CaSense Mode: NEITHER
        Treat as pin: True
        Is OE Registered: False
        Uses Analog: False
        Can contain Digital: True
        Is SIO: False
        SIO Output Buf: NONREGULATED
        SIO Input Buf: SINGLE_ENDED
        SIO HiFreq: LOW
        SIO Hyst: DISABLED
        SIO Vtrip: MULTIPLIER_0_5
        SIO Multiplier Index: 0
        SIO RefSel: VCC_IO
        Required Capabilities: DIGITAL, ROUTABLE
        Initial Value: 1
        IO Voltage: 0
    PORT MAP (
        pa_out => DEBUG_TX(0)__PA ,
        pin_input => Net_1249 ,
        pad => DEBUG_TX(0)_PAD );
    Properties:
    {
    }

Port 15 contains the following IO cells:
ARM group 0: empty
CAN group 0: empty
Cache group 0: empty
CapSense group 0: empty
Clock group 0: 
    Clock Block @ F(Clock,0): 
    clockblockcell: Name =ClockBlock
        PORT MAP (
            imo => ClockBlock_IMO ,
            pllout => ClockBlock_PLL_OUT ,
            ilo => ClockBlock_ILO ,
            clk_100k => ClockBlock_100k ,
            clk_1k => ClockBlock_1k ,
            clk_32k => ClockBlock_32k ,
            xtal => ClockBlock_XTAL ,
            clk_32k_xtal => ClockBlock_XTAL_32KHZ ,
            clk_sync => ClockBlock_MASTER_CLK ,
            clk_bus_glb => ClockBlock_BUS_CLK ,
            clk_bus => ClockBlock_BUS_CLK_local ,
            dclk_glb_0 => Net_2605 ,
            dclk_0 => Net_2605_local ,
            dclk_glb_1 => \UART_LOG:Net_9\ ,
            dclk_1 => \UART_LOG:Net_9_local\ );
        Properties:
        {
        }
Comparator group 0: empty
DFB group 0: empty
DSM group 0: empty
Decimator group 0: empty
EMIF group 0: empty
I2C group 0: empty
LCD group 0: empty
LVD group 0: empty
PICU group 0: empty
PM group 0: empty
SC group 0: empty
SPC group 0: empty
Timer group 0: empty
USB group 0: empty
VIDAC group 0: empty
OpAmp group 0: empty
CsAbuf group 0: empty
Vref group 0: empty
LPF group 0: empty
SAR group 0: empty
ANAIF group 0: empty
PHUB group 0: empty
</CYPRESSTAG>
<CYPRESSTAG name="Port Configuration Details">

------------------------------------------------------------
Port Configuration report
------------------------------------------------------------
     |     |       | Interrupt |                  |                 | 
Port | Pin | Fixed |      Type |       Drive Mode |            Name | Connections
-----+-----+-------+-----------+------------------+-----------------+-------------
   0 |   3 |     * |      NONE |     HI_Z_DIGITAL |     BUTTON_1(0) | FB(Net_664)
     |   4 |     * |      NONE |     HI_Z_DIGITAL |     BUTTON_2(0) | FB(Net_665)
     |   5 |     * |      NONE |     HI_Z_DIGITAL |     BUTTON_3(0) | FB(Net_667)
     |   6 |     * |      NONE |         CMOS_OUT |      LED_red(0) | 
     |   7 |     * |      NONE |         CMOS_OUT |    LED_green(0) | 
-----+-----+-------+-----------+------------------+-----------------+-------------
   1 |   0 |     * |      NONE |         CMOS_OUT |     SEVEN_DP(0) | In(Net_1241)
     |   1 |     * |      NONE |         CMOS_OUT |      SEVEN_G(0) | In(Net_1239)
     |   2 |     * |      NONE |         CMOS_OUT |      SEVEN_F(0) | In(Net_1237)
     |   3 |     * |      NONE |         CMOS_OUT |      SEVEN_E(0) | In(Net_1235)
     |   4 |     * |      NONE |         CMOS_OUT |      SEVEN_D(0) | In(Net_1233)
     |   5 |     * |      NONE |         CMOS_OUT |      SEVEN_C(0) | In(Net_1231)
     |   6 |     * |      NONE |         CMOS_OUT |      SEVEN_B(0) | In(Net_1229)
     |   7 |     * |      NONE |         CMOS_OUT |      SEVEN_A(0) | In(Net_1227)
-----+-----+-------+-----------+------------------+-----------------+-------------
   2 |   0 |     * |      NONE |         CMOS_OUT |   LED_yellow(0) | 
     |   3 |     * |      NONE |         CMOS_OUT |        RGB_B(0) | In(Net_429)
     |   4 |     * |      NONE |         CMOS_OUT |        RGB_G(0) | In(Net_481)
     |   5 |     * |      NONE |         CMOS_OUT |        RGB_R(0) | In(Net_403)
-----+-----+-------+-----------+------------------+-----------------+-------------
   3 |   2 |     * |      NONE |     HI_Z_DIGITAL |     BUTTON_4(0) | FB(Net_668)
     |   5 |     * |      NONE |         CMOS_OUT | SEVEN_SELECT(0) | 
-----+-----+-------+-----------+------------------+-----------------+-------------
  12 |   6 |     * |      NONE |     HI_Z_DIGITAL |     DEBUG_RX(0) | FB(Net_1250)
     |   7 |     * |      NONE |         CMOS_OUT |     DEBUG_TX(0) | In(Net_1249)
----------------------------------------------------------------------------------
</CYPRESSTAG>
</CYPRESSTAG>
</CYPRESSTAG>
Digital component placer commit/Report: Elapsed time ==> 0s.062ms
Digital Placement phase: Elapsed time ==> 1s.109ms
</CYPRESSTAG>
<CYPRESSTAG name="Digital Routing">
"C:\tool\Cypress\PSOC_Creator\PSoC Creator\4.2\PSoC Creator\bin/sjrouter.exe" --xml-path "C:\tool\Cypress\PSOC_Creator\PSoC Creator\4.2\PSoC Creator\dev\psoc5/psoc5lp/route_arch-rrg.cydata" --vh2-path "w04_events_r.vh2" --pcf-path "w04_events.pco" --des-name "w04_events" --dsf-path "w04_events.dsf" --sdc-path "w04_events.sdc" --lib-path "w04_events_r.lib"
Routing successful.
Digital Routing phase: Elapsed time ==> 1s.359ms
</CYPRESSTAG>
<CYPRESSTAG name="Bitstream Generation">
Bitstream Generation phase: Elapsed time ==> 0s.125ms
</CYPRESSTAG>
<CYPRESSTAG name="Bitstream Verification">
Bitstream Verification phase: Elapsed time ==> 0s.015ms
</CYPRESSTAG>
<CYPRESSTAG name="Static timing analysis">
Timing report is in w04_events_timing.html.
Static timing analysis phase: Elapsed time ==> 0s.281ms
</CYPRESSTAG>
<CYPRESSTAG name="Data reporting">
Data reporting phase: Elapsed time ==> 0s.000ms
</CYPRESSTAG>
<CYPRESSTAG name="Database update...">
Design database save phase: Elapsed time ==> 0s.156ms
</CYPRESSTAG>
cydsfit: Elapsed time ==> 3s.531ms
</CYPRESSTAG>
Fitter phase: Elapsed time ==> 3s.531ms
API generation phase: Elapsed time ==> 1s.547ms
Dependency generation phase: Elapsed time ==> 0s.000ms
Cleanup phase: Elapsed time ==> 0s.000ms
