11:34:59 DEBUG : Logs will be stored at 'D:/Work/Vitis_workspace_FPGAVerification/IDE.log'.
11:35:19 INFO  : Launching XSCT server: xsct.bat -n  -interactive D:\Work\Vitis_workspace_FPGAVerification\temp_xsdb_launch_script.tcl
11:35:19 INFO  : Registering command handlers for Vitis TCF services
11:35:19 INFO  : Platform repository initialization has completed.
11:35:22 INFO  : XSCT server has started successfully.
11:35:22 INFO  : Successfully done setting XSCT server connection channel  
11:35:22 INFO  : plnx-install-location is set to ''
11:35:22 INFO  : Successfully done setting workspace for the tool. 
11:35:22 INFO  : Successfully done query RDI_DATADIR 
11:37:56 INFO  : Result from executing command 'getProjects': Mercury_XU5_PE1
11:37:56 INFO  : Result from executing command 'getPlatforms': xilinx_zcu102_base_202310_1|C:/Xilinx/Vitis/2023.1/base_platforms/xilinx_zcu102_base_202310_1/xilinx_zcu102_base_202310_1.xpfm;xilinx_zcu102_base_dfx_202310_1|C:/Xilinx/Vitis/2023.1/base_platforms/xilinx_zcu102_base_dfx_202310_1/xilinx_zcu102_base_dfx_202310_1.xpfm;xilinx_zcu104_base_202310_1|C:/Xilinx/Vitis/2023.1/base_platforms/xilinx_zcu104_base_202310_1/xilinx_zcu104_base_202310_1.xpfm
11:37:56 WARN  : An unexpected exception occurred in the module 'platform project logging'
11:37:57 INFO  : Platform 'Mercury_XU5_PE1' is added to custom repositories.
11:38:09 INFO  : Platform 'Mercury_XU5_PE1' is added to custom repositories.
11:41:33 INFO  : Result from executing command 'getProjects': Mercury_XU5_PE1
11:41:33 INFO  : Result from executing command 'getPlatforms': Mercury_XU5_PE1|D:/Work/Vitis_workspace_FPGAVerification/Mercury_XU5_PE1/export/Mercury_XU5_PE1/Mercury_XU5_PE1.xpfm;xilinx_zcu102_base_202310_1|C:/Xilinx/Vitis/2023.1/base_platforms/xilinx_zcu102_base_202310_1/xilinx_zcu102_base_202310_1.xpfm;xilinx_zcu102_base_dfx_202310_1|C:/Xilinx/Vitis/2023.1/base_platforms/xilinx_zcu102_base_dfx_202310_1/xilinx_zcu102_base_dfx_202310_1.xpfm;xilinx_zcu104_base_202310_1|C:/Xilinx/Vitis/2023.1/base_platforms/xilinx_zcu104_base_202310_1/xilinx_zcu104_base_202310_1.xpfm
11:41:34 INFO  : Checking for BSP changes to sync application flags for project 'ServoDrive_CB_FPGAVerification'...
11:43:14 INFO  : Checking for BSP changes to sync application flags for project 'ServoDrive_CB_FPGAVerification'...
11:50:25 INFO  : Checking for BSP changes to sync application flags for project 'ServoDrive_CB_FPGAVerification'...
12:03:33 INFO  : Result from executing command 'getProjects': Mercury_XU5_PE1
12:03:33 INFO  : Result from executing command 'getPlatforms': Mercury_XU5_PE1|D:/Work/Vitis_workspace_FPGAVerification/Mercury_XU5_PE1/export/Mercury_XU5_PE1/Mercury_XU5_PE1.xpfm;xilinx_zcu102_base_202310_1|C:/Xilinx/Vitis/2023.1/base_platforms/xilinx_zcu102_base_202310_1/xilinx_zcu102_base_202310_1.xpfm;xilinx_zcu102_base_dfx_202310_1|C:/Xilinx/Vitis/2023.1/base_platforms/xilinx_zcu102_base_dfx_202310_1/xilinx_zcu102_base_dfx_202310_1.xpfm;xilinx_zcu104_base_202310_1|C:/Xilinx/Vitis/2023.1/base_platforms/xilinx_zcu104_base_202310_1/xilinx_zcu104_base_202310_1.xpfm
12:03:34 INFO  : Checking for BSP changes to sync application flags for project 'ServoDrive_CB_FPGAVerification'...
12:04:27 INFO  : No changes in MSS file content so sources will not be generated.
12:06:14 INFO  : Result from executing command 'getProjects': Mercury_XU5_PE1
12:06:14 INFO  : Result from executing command 'getPlatforms': Mercury_XU5_PE1|D:/Work/Vitis_workspace_FPGAVerification/Mercury_XU5_PE1/export/Mercury_XU5_PE1/Mercury_XU5_PE1.xpfm;xilinx_zcu102_base_202310_1|C:/Xilinx/Vitis/2023.1/base_platforms/xilinx_zcu102_base_202310_1/xilinx_zcu102_base_202310_1.xpfm;xilinx_zcu102_base_dfx_202310_1|C:/Xilinx/Vitis/2023.1/base_platforms/xilinx_zcu102_base_dfx_202310_1/xilinx_zcu102_base_dfx_202310_1.xpfm;xilinx_zcu104_base_202310_1|C:/Xilinx/Vitis/2023.1/base_platforms/xilinx_zcu104_base_202310_1/xilinx_zcu104_base_202310_1.xpfm
12:06:15 INFO  : Checking for BSP changes to sync application flags for project 'ServoDrive_CB_FPGAVerification'...
12:06:15 INFO  : Updating application flags with new BSP settings...
12:06:15 INFO  : Successfully updated application flags for project ServoDrive_CB_FPGAVerification.
12:17:52 INFO  : Result from executing command 'removePlatformRepo': 
12:19:29 INFO  : Result from executing command 'getProjects': Mercury_XU5_PE1
12:19:29 INFO  : Result from executing command 'getPlatforms': xilinx_zcu102_base_202310_1|C:/Xilinx/Vitis/2023.1/base_platforms/xilinx_zcu102_base_202310_1/xilinx_zcu102_base_202310_1.xpfm;xilinx_zcu102_base_dfx_202310_1|C:/Xilinx/Vitis/2023.1/base_platforms/xilinx_zcu102_base_dfx_202310_1/xilinx_zcu102_base_dfx_202310_1.xpfm;xilinx_zcu104_base_202310_1|C:/Xilinx/Vitis/2023.1/base_platforms/xilinx_zcu104_base_202310_1/xilinx_zcu104_base_202310_1.xpfm
12:19:30 INFO  : Checking for BSP changes to sync application flags for project 'ServoDrive_CB_FPGAVerification'...
12:22:54 INFO  : Checking for BSP changes to sync application flags for project 'ServoDrive_CB_FPGAVerification'...
12:27:01 INFO  : Checking for BSP changes to sync application flags for project 'ServoDrive_CB_FPGAVerification'...
13:06:19 INFO  : Connected to target on host 'localhost' and port '3122'.
13:06:56 INFO  : Connected through redirection to target on host 'localhost' and port '3122'.
13:06:57 INFO  : Jtag cable 'Enclustra GmbH Module Link enclustraA' is selected.
13:06:57 INFO  : 'jtag frequency' command is executed.
13:06:57 INFO  : Sourcing of 'C:/Xilinx/Vitis/2023.1/scripts/vitis/util/zynqmp_utils.tcl' is done.
13:06:57 INFO  : Context for 'APU' is selected.
13:06:57 INFO  : System reset is completed.
13:07:00 INFO  : 'after 3000' command is executed.
13:07:00 INFO  : Context for 'APU' is selected.
13:07:00 INFO  : Cleared APU and A53 resets
13:07:00 INFO  : Context for 'RPU' is selected.
13:07:03 INFO  : Cleared RPU and R5 resets
13:07:03 INFO  : Split mode is enabled for R5#1
13:07:03 INFO  : 'targets -set -filter {jtag_cable_name =~ "Enclustra GmbH Module Link enclustraA" && level==0 && jtag_device_ctx=="jsn-Module Link-enclustraA-04721093-0"}' command is executed.
13:07:08 INFO  : Device configured successfully with "D:/Work/Vitis_workspace_FPGAVerification/ServoDrive_CB_FPGAVerification/_ide/bitstream/Mercury_XU5_PE1.bit"
13:07:08 INFO  : Context for 'APU' is selected.
13:07:08 INFO  : Hardware design and registers information is loaded from 'D:/Work/Vitis_workspace_FPGAVerification/Mercury_XU5_PE1/export/Mercury_XU5_PE1/hw/Mercury_XU5_PE1.xsa'.
13:07:08 INFO  : 'configparams force-mem-access 1' command is executed.
13:07:08 INFO  : Context for 'APU' is selected.
13:07:08 INFO  : Sourcing of 'D:/Work/Vitis_workspace_FPGAVerification/ServoDrive_CB_FPGAVerification/_ide/psinit/psu_init.tcl' is done.
13:07:09 INFO  : 'psu_init' command is executed.
13:07:09 INFO  : Sourcing of 'C:/Xilinx/Vitis/2023.1/scripts/vitis/util/fsbl.tcl' is done.
13:07:10 INFO  : 'catch {XFsbl_DdrEccInit}' command is executed.
13:07:11 INFO  : 'after 1000' command is executed.
13:07:11 INFO  : 'psu_ps_pl_isolation_removal' command is executed.
13:07:12 INFO  : 'after 1000' command is executed.
13:07:12 INFO  : 'psu_ps_pl_reset_config' command is executed.
13:07:12 INFO  : 'catch {psu_protection}' command is executed.
13:07:12 INFO  : Context for processor 'psu_cortexa53_0' is selected.
13:07:12 INFO  : Processor reset is completed for 'psu_cortexa53_0'.
13:07:17 INFO  : The application 'D:/Work/Vitis_workspace_FPGAVerification/ServoDrive_CB_FPGAVerification/Debug/ServoDrive_CB_FPGAVerification.elf' is downloaded to processor 'psu_cortexa53_0'.
13:07:17 INFO  : 'configparams force-mem-access 0' command is executed.
13:07:17 INFO  : ----------------XSDB Script----------------
connect -path [list tcp::1541 tcp:localhost:3122]
source C:/Xilinx/Vitis/2023.1/scripts/vitis/util/zynqmp_utils.tcl
targets -set -nocase -filter {name =~"APU*"}
rst -system
after 3000
targets -set -nocase -filter {name =~"APU*"}
reset_apu
targets -set -nocase -filter {name =~"RPU*"}
clear_rpu_reset
enable_split_mode
targets -set -filter {jtag_cable_name =~ "Enclustra GmbH Module Link enclustraA" && level==0 && jtag_device_ctx=="jsn-Module Link-enclustraA-04721093-0"}
fpga -file D:/Work/Vitis_workspace_FPGAVerification/ServoDrive_CB_FPGAVerification/_ide/bitstream/Mercury_XU5_PE1.bit
targets -set -nocase -filter {name =~"APU*"}
loadhw -hw D:/Work/Vitis_workspace_FPGAVerification/Mercury_XU5_PE1/export/Mercury_XU5_PE1/hw/Mercury_XU5_PE1.xsa -mem-ranges [list {0x80000000 0xbfffffff} {0x400000000 0x5ffffffff} {0x1000000000 0x7fffffffff}] -regs
configparams force-mem-access 1
targets -set -nocase -filter {name =~"APU*"}
source D:/Work/Vitis_workspace_FPGAVerification/ServoDrive_CB_FPGAVerification/_ide/psinit/psu_init.tcl
psu_init
source C:/Xilinx/Vitis/2023.1/scripts/vitis/util/fsbl.tcl
catch {XFsbl_DdrEccInit}
after 1000
psu_ps_pl_isolation_removal
after 1000
psu_ps_pl_reset_config
catch {psu_protection}
targets -set -nocase -filter {name =~ "*A53*#0"}
rst -processor
dow D:/Work/Vitis_workspace_FPGAVerification/ServoDrive_CB_FPGAVerification/Debug/ServoDrive_CB_FPGAVerification.elf
configparams force-mem-access 0
----------------End of Script----------------

13:07:17 INFO  : Context for processor 'psu_cortexa53_0' is selected.
13:07:17 INFO  : 'con' command is executed.
13:07:17 INFO  : ----------------XSDB Script (After Launch)----------------
targets -set -nocase -filter {name =~ "*A53*#0"}
con
----------------End of Script----------------

13:07:17 INFO  : Launch script is exported to file 'D:\Work\Vitis_workspace_FPGAVerification\ServoDrive_CB_FPGAVerification_system\_ide\scripts\debugger_servodrive_cb_fpgaverification-default.tcl'
13:21:42 INFO  : Hardware specification for platform project 'Mercury_XU5_PE1' is updated.
13:22:08 INFO  : Result from executing command 'getProjects': Mercury_XU5_PE1
13:22:08 INFO  : Result from executing command 'getPlatforms': Mercury_XU5_PE1|D:/Work/Vitis_workspace_FPGAVerification/Mercury_XU5_PE1/export/Mercury_XU5_PE1/Mercury_XU5_PE1.xpfm;xilinx_zcu102_base_202310_1|C:/Xilinx/Vitis/2023.1/base_platforms/xilinx_zcu102_base_202310_1/xilinx_zcu102_base_202310_1.xpfm;xilinx_zcu102_base_dfx_202310_1|C:/Xilinx/Vitis/2023.1/base_platforms/xilinx_zcu102_base_dfx_202310_1/xilinx_zcu102_base_dfx_202310_1.xpfm;xilinx_zcu104_base_202310_1|C:/Xilinx/Vitis/2023.1/base_platforms/xilinx_zcu104_base_202310_1/xilinx_zcu104_base_202310_1.xpfm
13:22:09 INFO  : Checking for BSP changes to sync application flags for project 'ServoDrive_CB_FPGAVerification'...
13:23:48 INFO  : Disconnected from the channel tcfchan#7.
13:23:49 INFO  : Connected through redirection to target on host 'localhost' and port '3122'.
13:23:49 INFO  : Jtag cable 'Enclustra GmbH Module Link enclustraA' is selected.
13:23:49 INFO  : 'jtag frequency' command is executed.
13:23:49 INFO  : Sourcing of 'C:/Xilinx/Vitis/2023.1/scripts/vitis/util/zynqmp_utils.tcl' is done.
13:23:49 INFO  : Context for 'APU' is selected.
13:23:49 INFO  : System reset is completed.
13:23:52 INFO  : 'after 3000' command is executed.
13:23:52 INFO  : Context for 'APU' is selected.
13:23:53 INFO  : Cleared APU and A53 resets
13:23:53 INFO  : Context for 'RPU' is selected.
13:23:56 INFO  : Cleared RPU and R5 resets
13:23:56 INFO  : Split mode is enabled for R5#1
13:23:56 INFO  : 'targets -set -filter {jtag_cable_name =~ "Enclustra GmbH Module Link enclustraA" && level==0 && jtag_device_ctx=="jsn-Module Link-enclustraA-04721093-0"}' command is executed.
13:24:00 INFO  : Device configured successfully with "D:/Work/Vitis_workspace_FPGAVerification/ServoDrive_CB_FPGAVerification/_ide/bitstream/Mercury_XU5_PE1.bit"
13:24:00 INFO  : Context for 'APU' is selected.
13:24:00 INFO  : Hardware design and registers information is loaded from 'D:/Work/Vitis_workspace_FPGAVerification/Mercury_XU5_PE1/export/Mercury_XU5_PE1/hw/Mercury_XU5_PE1.xsa'.
13:24:00 INFO  : 'configparams force-mem-access 1' command is executed.
13:24:00 INFO  : Context for 'APU' is selected.
13:24:00 INFO  : Sourcing of 'D:/Work/Vitis_workspace_FPGAVerification/ServoDrive_CB_FPGAVerification/_ide/psinit/psu_init.tcl' is done.
13:24:01 INFO  : 'psu_init' command is executed.
13:24:01 INFO  : Sourcing of 'C:/Xilinx/Vitis/2023.1/scripts/vitis/util/fsbl.tcl' is done.
13:24:02 INFO  : 'catch {XFsbl_DdrEccInit}' command is executed.
13:24:03 INFO  : 'after 1000' command is executed.
13:24:03 INFO  : 'psu_ps_pl_isolation_removal' command is executed.
13:24:04 INFO  : 'after 1000' command is executed.
13:24:04 INFO  : 'psu_ps_pl_reset_config' command is executed.
13:24:04 INFO  : 'catch {psu_protection}' command is executed.
13:24:04 INFO  : Context for processor 'psu_cortexa53_0' is selected.
13:24:04 INFO  : Processor reset is completed for 'psu_cortexa53_0'.
13:24:09 INFO  : The application 'D:/Work/Vitis_workspace_FPGAVerification/ServoDrive_CB_FPGAVerification/Debug/ServoDrive_CB_FPGAVerification.elf' is downloaded to processor 'psu_cortexa53_0'.
13:24:09 INFO  : 'configparams force-mem-access 0' command is executed.
13:24:09 INFO  : ----------------XSDB Script----------------
connect -path [list tcp::1541 tcp:localhost:3122]
source C:/Xilinx/Vitis/2023.1/scripts/vitis/util/zynqmp_utils.tcl
targets -set -nocase -filter {name =~"APU*"}
rst -system
after 3000
targets -set -nocase -filter {name =~"APU*"}
reset_apu
targets -set -nocase -filter {name =~"RPU*"}
clear_rpu_reset
enable_split_mode
targets -set -filter {jtag_cable_name =~ "Enclustra GmbH Module Link enclustraA" && level==0 && jtag_device_ctx=="jsn-Module Link-enclustraA-04721093-0"}
fpga -file D:/Work/Vitis_workspace_FPGAVerification/ServoDrive_CB_FPGAVerification/_ide/bitstream/Mercury_XU5_PE1.bit
targets -set -nocase -filter {name =~"APU*"}
loadhw -hw D:/Work/Vitis_workspace_FPGAVerification/Mercury_XU5_PE1/export/Mercury_XU5_PE1/hw/Mercury_XU5_PE1.xsa -mem-ranges [list {0x80000000 0xbfffffff} {0x400000000 0x5ffffffff} {0x1000000000 0x7fffffffff}] -regs
configparams force-mem-access 1
targets -set -nocase -filter {name =~"APU*"}
source D:/Work/Vitis_workspace_FPGAVerification/ServoDrive_CB_FPGAVerification/_ide/psinit/psu_init.tcl
psu_init
source C:/Xilinx/Vitis/2023.1/scripts/vitis/util/fsbl.tcl
catch {XFsbl_DdrEccInit}
after 1000
psu_ps_pl_isolation_removal
after 1000
psu_ps_pl_reset_config
catch {psu_protection}
targets -set -nocase -filter {name =~ "*A53*#0"}
rst -processor
dow D:/Work/Vitis_workspace_FPGAVerification/ServoDrive_CB_FPGAVerification/Debug/ServoDrive_CB_FPGAVerification.elf
configparams force-mem-access 0
----------------End of Script----------------

13:24:09 INFO  : Context for processor 'psu_cortexa53_0' is selected.
13:24:09 INFO  : 'con' command is executed.
13:24:09 INFO  : ----------------XSDB Script (After Launch)----------------
targets -set -nocase -filter {name =~ "*A53*#0"}
con
----------------End of Script----------------

13:24:09 INFO  : Launch script is exported to file 'D:\Work\Vitis_workspace_FPGAVerification\ServoDrive_CB_FPGAVerification_system\_ide\scripts\debugger_servodrive_cb_fpgaverification-default.tcl'
14:01:59 INFO  : Checking for BSP changes to sync application flags for project 'ServoDrive_CB_FPGAVerification'...
14:06:04 INFO  : Checking for BSP changes to sync application flags for project 'ServoDrive_CB_FPGAVerification'...
14:06:58 INFO  : Checking for BSP changes to sync application flags for project 'ServoDrive_CB_FPGAVerification'...
14:09:40 INFO  : Checking for BSP changes to sync application flags for project 'ServoDrive_CB_FPGAVerification'...
14:10:31 INFO  : Checking for BSP changes to sync application flags for project 'ServoDrive_CB_FPGAVerification'...
14:10:46 INFO  : Checking for BSP changes to sync application flags for project 'ServoDrive_CB_FPGAVerification'...
14:11:16 INFO  : Disconnected from the channel tcfchan#10.
14:11:17 INFO  : Connected through redirection to target on host 'localhost' and port '3122'.
14:11:18 INFO  : Jtag cable 'Enclustra GmbH Module Link enclustraA' is selected.
14:11:18 INFO  : 'jtag frequency' command is executed.
14:11:18 INFO  : Sourcing of 'C:/Xilinx/Vitis/2023.1/scripts/vitis/util/zynqmp_utils.tcl' is done.
14:11:18 INFO  : Context for 'APU' is selected.
14:11:18 INFO  : System reset is completed.
14:11:21 INFO  : 'after 3000' command is executed.
14:11:21 INFO  : Context for 'APU' is selected.
14:11:21 INFO  : Cleared APU and A53 resets
14:11:21 INFO  : Context for 'RPU' is selected.
14:11:24 INFO  : Cleared RPU and R5 resets
14:11:24 INFO  : Split mode is enabled for R5#1
14:11:24 INFO  : 'targets -set -filter {jtag_cable_name =~ "Enclustra GmbH Module Link enclustraA" && level==0 && jtag_device_ctx=="jsn-Module Link-enclustraA-04721093-0"}' command is executed.
14:11:29 INFO  : Device configured successfully with "D:/Work/Vitis_workspace_FPGAVerification/ServoDrive_CB_FPGAVerification/_ide/bitstream/Mercury_XU5_PE1.bit"
14:11:29 INFO  : Context for 'APU' is selected.
14:11:29 INFO  : Hardware design and registers information is loaded from 'D:/Work/Vitis_workspace_FPGAVerification/Mercury_XU5_PE1/export/Mercury_XU5_PE1/hw/Mercury_XU5_PE1.xsa'.
14:11:29 INFO  : 'configparams force-mem-access 1' command is executed.
14:11:29 INFO  : Context for 'APU' is selected.
14:11:29 INFO  : Sourcing of 'D:/Work/Vitis_workspace_FPGAVerification/ServoDrive_CB_FPGAVerification/_ide/psinit/psu_init.tcl' is done.
14:11:30 INFO  : 'psu_init' command is executed.
14:11:30 INFO  : Sourcing of 'C:/Xilinx/Vitis/2023.1/scripts/vitis/util/fsbl.tcl' is done.
14:11:31 INFO  : 'catch {XFsbl_DdrEccInit}' command is executed.
14:11:32 INFO  : 'after 1000' command is executed.
14:11:32 INFO  : 'psu_ps_pl_isolation_removal' command is executed.
14:11:33 INFO  : 'after 1000' command is executed.
14:11:33 INFO  : 'psu_ps_pl_reset_config' command is executed.
14:11:33 INFO  : 'catch {psu_protection}' command is executed.
14:11:33 INFO  : Context for processor 'psu_cortexa53_0' is selected.
14:11:33 INFO  : Processor reset is completed for 'psu_cortexa53_0'.
14:11:38 INFO  : The application 'D:/Work/Vitis_workspace_FPGAVerification/ServoDrive_CB_FPGAVerification/Debug/ServoDrive_CB_FPGAVerification.elf' is downloaded to processor 'psu_cortexa53_0'.
14:11:38 INFO  : 'configparams force-mem-access 0' command is executed.
14:11:38 INFO  : ----------------XSDB Script----------------
connect -path [list tcp::1541 tcp:localhost:3122]
source C:/Xilinx/Vitis/2023.1/scripts/vitis/util/zynqmp_utils.tcl
targets -set -nocase -filter {name =~"APU*"}
rst -system
after 3000
targets -set -nocase -filter {name =~"APU*"}
reset_apu
targets -set -nocase -filter {name =~"RPU*"}
clear_rpu_reset
enable_split_mode
targets -set -filter {jtag_cable_name =~ "Enclustra GmbH Module Link enclustraA" && level==0 && jtag_device_ctx=="jsn-Module Link-enclustraA-04721093-0"}
fpga -file D:/Work/Vitis_workspace_FPGAVerification/ServoDrive_CB_FPGAVerification/_ide/bitstream/Mercury_XU5_PE1.bit
targets -set -nocase -filter {name =~"APU*"}
loadhw -hw D:/Work/Vitis_workspace_FPGAVerification/Mercury_XU5_PE1/export/Mercury_XU5_PE1/hw/Mercury_XU5_PE1.xsa -mem-ranges [list {0x80000000 0xbfffffff} {0x400000000 0x5ffffffff} {0x1000000000 0x7fffffffff}] -regs
configparams force-mem-access 1
targets -set -nocase -filter {name =~"APU*"}
source D:/Work/Vitis_workspace_FPGAVerification/ServoDrive_CB_FPGAVerification/_ide/psinit/psu_init.tcl
psu_init
source C:/Xilinx/Vitis/2023.1/scripts/vitis/util/fsbl.tcl
catch {XFsbl_DdrEccInit}
after 1000
psu_ps_pl_isolation_removal
after 1000
psu_ps_pl_reset_config
catch {psu_protection}
targets -set -nocase -filter {name =~ "*A53*#0"}
rst -processor
dow D:/Work/Vitis_workspace_FPGAVerification/ServoDrive_CB_FPGAVerification/Debug/ServoDrive_CB_FPGAVerification.elf
configparams force-mem-access 0
----------------End of Script----------------

14:11:38 INFO  : Context for processor 'psu_cortexa53_0' is selected.
14:11:38 INFO  : 'con' command is executed.
14:11:38 INFO  : ----------------XSDB Script (After Launch)----------------
targets -set -nocase -filter {name =~ "*A53*#0"}
con
----------------End of Script----------------

14:11:38 INFO  : Launch script is exported to file 'D:\Work\Vitis_workspace_FPGAVerification\ServoDrive_CB_FPGAVerification_system\_ide\scripts\debugger_servodrive_cb_fpgaverification-default.tcl'
14:13:01 INFO  : Checking for BSP changes to sync application flags for project 'ServoDrive_CB_FPGAVerification'...
14:13:18 INFO  : Disconnected from the channel tcfchan#11.
14:13:19 INFO  : Connected through redirection to target on host 'localhost' and port '3122'.
14:13:19 INFO  : Jtag cable 'Enclustra GmbH Module Link enclustraA' is selected.
14:13:19 INFO  : 'jtag frequency' command is executed.
14:13:19 INFO  : Sourcing of 'C:/Xilinx/Vitis/2023.1/scripts/vitis/util/zynqmp_utils.tcl' is done.
14:13:19 INFO  : Context for 'APU' is selected.
14:13:19 INFO  : System reset is completed.
14:13:22 INFO  : 'after 3000' command is executed.
14:13:22 INFO  : Context for 'APU' is selected.
14:13:22 INFO  : Cleared APU and A53 resets
14:13:22 INFO  : Context for 'RPU' is selected.
14:13:25 INFO  : Cleared RPU and R5 resets
14:13:25 INFO  : Split mode is enabled for R5#1
14:13:26 INFO  : 'targets -set -filter {jtag_cable_name =~ "Enclustra GmbH Module Link enclustraA" && level==0 && jtag_device_ctx=="jsn-Module Link-enclustraA-04721093-0"}' command is executed.
14:13:30 INFO  : Device configured successfully with "D:/Work/Vitis_workspace_FPGAVerification/ServoDrive_CB_FPGAVerification/_ide/bitstream/Mercury_XU5_PE1.bit"
14:13:30 INFO  : Context for 'APU' is selected.
14:13:30 INFO  : Hardware design and registers information is loaded from 'D:/Work/Vitis_workspace_FPGAVerification/Mercury_XU5_PE1/export/Mercury_XU5_PE1/hw/Mercury_XU5_PE1.xsa'.
14:13:30 INFO  : 'configparams force-mem-access 1' command is executed.
14:13:30 INFO  : Context for 'APU' is selected.
14:13:30 INFO  : Sourcing of 'D:/Work/Vitis_workspace_FPGAVerification/ServoDrive_CB_FPGAVerification/_ide/psinit/psu_init.tcl' is done.
14:13:31 INFO  : 'psu_init' command is executed.
14:13:31 INFO  : Sourcing of 'C:/Xilinx/Vitis/2023.1/scripts/vitis/util/fsbl.tcl' is done.
14:13:32 INFO  : 'catch {XFsbl_DdrEccInit}' command is executed.
14:13:33 INFO  : 'after 1000' command is executed.
14:13:33 INFO  : 'psu_ps_pl_isolation_removal' command is executed.
14:13:34 INFO  : 'after 1000' command is executed.
14:13:34 INFO  : 'psu_ps_pl_reset_config' command is executed.
14:13:34 INFO  : 'catch {psu_protection}' command is executed.
14:13:34 INFO  : Context for processor 'psu_cortexa53_0' is selected.
14:13:34 INFO  : Processor reset is completed for 'psu_cortexa53_0'.
14:13:39 INFO  : The application 'D:/Work/Vitis_workspace_FPGAVerification/ServoDrive_CB_FPGAVerification/Debug/ServoDrive_CB_FPGAVerification.elf' is downloaded to processor 'psu_cortexa53_0'.
14:13:39 INFO  : 'configparams force-mem-access 0' command is executed.
14:13:39 INFO  : ----------------XSDB Script----------------
connect -path [list tcp::1541 tcp:localhost:3122]
source C:/Xilinx/Vitis/2023.1/scripts/vitis/util/zynqmp_utils.tcl
targets -set -nocase -filter {name =~"APU*"}
rst -system
after 3000
targets -set -nocase -filter {name =~"APU*"}
reset_apu
targets -set -nocase -filter {name =~"RPU*"}
clear_rpu_reset
enable_split_mode
targets -set -filter {jtag_cable_name =~ "Enclustra GmbH Module Link enclustraA" && level==0 && jtag_device_ctx=="jsn-Module Link-enclustraA-04721093-0"}
fpga -file D:/Work/Vitis_workspace_FPGAVerification/ServoDrive_CB_FPGAVerification/_ide/bitstream/Mercury_XU5_PE1.bit
targets -set -nocase -filter {name =~"APU*"}
loadhw -hw D:/Work/Vitis_workspace_FPGAVerification/Mercury_XU5_PE1/export/Mercury_XU5_PE1/hw/Mercury_XU5_PE1.xsa -mem-ranges [list {0x80000000 0xbfffffff} {0x400000000 0x5ffffffff} {0x1000000000 0x7fffffffff}] -regs
configparams force-mem-access 1
targets -set -nocase -filter {name =~"APU*"}
source D:/Work/Vitis_workspace_FPGAVerification/ServoDrive_CB_FPGAVerification/_ide/psinit/psu_init.tcl
psu_init
source C:/Xilinx/Vitis/2023.1/scripts/vitis/util/fsbl.tcl
catch {XFsbl_DdrEccInit}
after 1000
psu_ps_pl_isolation_removal
after 1000
psu_ps_pl_reset_config
catch {psu_protection}
targets -set -nocase -filter {name =~ "*A53*#0"}
rst -processor
dow D:/Work/Vitis_workspace_FPGAVerification/ServoDrive_CB_FPGAVerification/Debug/ServoDrive_CB_FPGAVerification.elf
configparams force-mem-access 0
----------------End of Script----------------

14:13:39 INFO  : Context for processor 'psu_cortexa53_0' is selected.
14:13:39 INFO  : 'con' command is executed.
14:13:39 INFO  : ----------------XSDB Script (After Launch)----------------
targets -set -nocase -filter {name =~ "*A53*#0"}
con
----------------End of Script----------------

14:13:39 INFO  : Launch script is exported to file 'D:\Work\Vitis_workspace_FPGAVerification\ServoDrive_CB_FPGAVerification_system\_ide\scripts\debugger_servodrive_cb_fpgaverification-default.tcl'
14:14:51 INFO  : Checking for BSP changes to sync application flags for project 'ServoDrive_CB_FPGAVerification'...
14:15:32 INFO  : Disconnected from the channel tcfchan#12.
14:15:33 INFO  : Connected through redirection to target on host 'localhost' and port '3122'.
14:15:33 INFO  : Jtag cable 'Enclustra GmbH Module Link enclustraA' is selected.
14:15:33 INFO  : 'jtag frequency' command is executed.
14:15:33 INFO  : Sourcing of 'C:/Xilinx/Vitis/2023.1/scripts/vitis/util/zynqmp_utils.tcl' is done.
14:15:33 INFO  : Context for 'APU' is selected.
14:15:34 INFO  : System reset is completed.
14:15:37 INFO  : 'after 3000' command is executed.
14:15:37 INFO  : Context for 'APU' is selected.
14:15:37 INFO  : Cleared APU and A53 resets
14:15:37 INFO  : Context for 'RPU' is selected.
14:15:40 INFO  : Cleared RPU and R5 resets
14:15:40 INFO  : Split mode is enabled for R5#1
14:15:40 INFO  : 'targets -set -filter {jtag_cable_name =~ "Enclustra GmbH Module Link enclustraA" && level==0 && jtag_device_ctx=="jsn-Module Link-enclustraA-04721093-0"}' command is executed.
14:15:44 INFO  : Device configured successfully with "D:/Work/Vitis_workspace_FPGAVerification/ServoDrive_CB_FPGAVerification/_ide/bitstream/Mercury_XU5_PE1.bit"
14:15:44 INFO  : Context for 'APU' is selected.
14:15:45 INFO  : Hardware design and registers information is loaded from 'D:/Work/Vitis_workspace_FPGAVerification/Mercury_XU5_PE1/export/Mercury_XU5_PE1/hw/Mercury_XU5_PE1.xsa'.
14:15:45 INFO  : 'configparams force-mem-access 1' command is executed.
14:15:45 INFO  : Context for 'APU' is selected.
14:15:45 INFO  : Sourcing of 'D:/Work/Vitis_workspace_FPGAVerification/ServoDrive_CB_FPGAVerification/_ide/psinit/psu_init.tcl' is done.
14:15:45 INFO  : 'psu_init' command is executed.
14:15:45 INFO  : Sourcing of 'C:/Xilinx/Vitis/2023.1/scripts/vitis/util/fsbl.tcl' is done.
14:15:46 INFO  : 'catch {XFsbl_DdrEccInit}' command is executed.
14:15:47 INFO  : 'after 1000' command is executed.
14:15:47 INFO  : 'psu_ps_pl_isolation_removal' command is executed.
14:15:48 INFO  : 'after 1000' command is executed.
14:15:48 INFO  : 'psu_ps_pl_reset_config' command is executed.
14:15:48 INFO  : 'catch {psu_protection}' command is executed.
14:15:48 INFO  : Context for processor 'psu_cortexa53_0' is selected.
14:15:48 INFO  : Processor reset is completed for 'psu_cortexa53_0'.
14:15:53 INFO  : The application 'D:/Work/Vitis_workspace_FPGAVerification/ServoDrive_CB_FPGAVerification/Debug/ServoDrive_CB_FPGAVerification.elf' is downloaded to processor 'psu_cortexa53_0'.
14:15:53 INFO  : 'configparams force-mem-access 0' command is executed.
14:15:53 INFO  : ----------------XSDB Script----------------
connect -path [list tcp::1541 tcp:localhost:3122]
source C:/Xilinx/Vitis/2023.1/scripts/vitis/util/zynqmp_utils.tcl
targets -set -nocase -filter {name =~"APU*"}
rst -system
after 3000
targets -set -nocase -filter {name =~"APU*"}
reset_apu
targets -set -nocase -filter {name =~"RPU*"}
clear_rpu_reset
enable_split_mode
targets -set -filter {jtag_cable_name =~ "Enclustra GmbH Module Link enclustraA" && level==0 && jtag_device_ctx=="jsn-Module Link-enclustraA-04721093-0"}
fpga -file D:/Work/Vitis_workspace_FPGAVerification/ServoDrive_CB_FPGAVerification/_ide/bitstream/Mercury_XU5_PE1.bit
targets -set -nocase -filter {name =~"APU*"}
loadhw -hw D:/Work/Vitis_workspace_FPGAVerification/Mercury_XU5_PE1/export/Mercury_XU5_PE1/hw/Mercury_XU5_PE1.xsa -mem-ranges [list {0x80000000 0xbfffffff} {0x400000000 0x5ffffffff} {0x1000000000 0x7fffffffff}] -regs
configparams force-mem-access 1
targets -set -nocase -filter {name =~"APU*"}
source D:/Work/Vitis_workspace_FPGAVerification/ServoDrive_CB_FPGAVerification/_ide/psinit/psu_init.tcl
psu_init
source C:/Xilinx/Vitis/2023.1/scripts/vitis/util/fsbl.tcl
catch {XFsbl_DdrEccInit}
after 1000
psu_ps_pl_isolation_removal
after 1000
psu_ps_pl_reset_config
catch {psu_protection}
targets -set -nocase -filter {name =~ "*A53*#0"}
rst -processor
dow D:/Work/Vitis_workspace_FPGAVerification/ServoDrive_CB_FPGAVerification/Debug/ServoDrive_CB_FPGAVerification.elf
configparams force-mem-access 0
----------------End of Script----------------

14:15:53 INFO  : Context for processor 'psu_cortexa53_0' is selected.
14:15:53 INFO  : 'con' command is executed.
14:15:53 INFO  : ----------------XSDB Script (After Launch)----------------
targets -set -nocase -filter {name =~ "*A53*#0"}
con
----------------End of Script----------------

14:15:53 INFO  : Launch script is exported to file 'D:\Work\Vitis_workspace_FPGAVerification\ServoDrive_CB_FPGAVerification_system\_ide\scripts\debugger_servodrive_cb_fpgaverification-default.tcl'
14:18:39 INFO  : Checking for BSP changes to sync application flags for project 'ServoDrive_CB_FPGAVerification'...
14:18:55 INFO  : Disconnected from the channel tcfchan#13.
14:18:56 INFO  : Connected through redirection to target on host 'localhost' and port '3122'.
14:18:56 INFO  : Jtag cable 'Enclustra GmbH Module Link enclustraA' is selected.
14:18:56 INFO  : 'jtag frequency' command is executed.
14:18:56 INFO  : Sourcing of 'C:/Xilinx/Vitis/2023.1/scripts/vitis/util/zynqmp_utils.tcl' is done.
14:18:56 INFO  : Context for 'APU' is selected.
14:18:56 INFO  : System reset is completed.
14:18:59 INFO  : 'after 3000' command is executed.
14:18:59 INFO  : Context for 'APU' is selected.
14:18:59 INFO  : Cleared APU and A53 resets
14:18:59 INFO  : Context for 'RPU' is selected.
14:19:03 INFO  : Cleared RPU and R5 resets
14:19:03 INFO  : Split mode is enabled for R5#1
14:19:03 INFO  : 'targets -set -filter {jtag_cable_name =~ "Enclustra GmbH Module Link enclustraA" && level==0 && jtag_device_ctx=="jsn-Module Link-enclustraA-04721093-0"}' command is executed.
14:19:07 INFO  : Device configured successfully with "D:/Work/Vitis_workspace_FPGAVerification/ServoDrive_CB_FPGAVerification/_ide/bitstream/Mercury_XU5_PE1.bit"
14:19:07 INFO  : Context for 'APU' is selected.
14:19:07 INFO  : Hardware design and registers information is loaded from 'D:/Work/Vitis_workspace_FPGAVerification/Mercury_XU5_PE1/export/Mercury_XU5_PE1/hw/Mercury_XU5_PE1.xsa'.
14:19:07 INFO  : 'configparams force-mem-access 1' command is executed.
14:19:07 INFO  : Context for 'APU' is selected.
14:19:07 INFO  : Sourcing of 'D:/Work/Vitis_workspace_FPGAVerification/ServoDrive_CB_FPGAVerification/_ide/psinit/psu_init.tcl' is done.
14:19:08 INFO  : 'psu_init' command is executed.
14:19:08 INFO  : Sourcing of 'C:/Xilinx/Vitis/2023.1/scripts/vitis/util/fsbl.tcl' is done.
14:19:09 INFO  : 'catch {XFsbl_DdrEccInit}' command is executed.
14:19:10 INFO  : 'after 1000' command is executed.
14:19:10 INFO  : 'psu_ps_pl_isolation_removal' command is executed.
14:19:11 INFO  : 'after 1000' command is executed.
14:19:11 INFO  : 'psu_ps_pl_reset_config' command is executed.
14:19:11 INFO  : 'catch {psu_protection}' command is executed.
14:19:11 INFO  : Context for processor 'psu_cortexa53_0' is selected.
14:19:11 INFO  : Processor reset is completed for 'psu_cortexa53_0'.
14:19:16 INFO  : The application 'D:/Work/Vitis_workspace_FPGAVerification/ServoDrive_CB_FPGAVerification/Debug/ServoDrive_CB_FPGAVerification.elf' is downloaded to processor 'psu_cortexa53_0'.
14:19:16 INFO  : 'configparams force-mem-access 0' command is executed.
14:19:16 INFO  : ----------------XSDB Script----------------
connect -path [list tcp::1541 tcp:localhost:3122]
source C:/Xilinx/Vitis/2023.1/scripts/vitis/util/zynqmp_utils.tcl
targets -set -nocase -filter {name =~"APU*"}
rst -system
after 3000
targets -set -nocase -filter {name =~"APU*"}
reset_apu
targets -set -nocase -filter {name =~"RPU*"}
clear_rpu_reset
enable_split_mode
targets -set -filter {jtag_cable_name =~ "Enclustra GmbH Module Link enclustraA" && level==0 && jtag_device_ctx=="jsn-Module Link-enclustraA-04721093-0"}
fpga -file D:/Work/Vitis_workspace_FPGAVerification/ServoDrive_CB_FPGAVerification/_ide/bitstream/Mercury_XU5_PE1.bit
targets -set -nocase -filter {name =~"APU*"}
loadhw -hw D:/Work/Vitis_workspace_FPGAVerification/Mercury_XU5_PE1/export/Mercury_XU5_PE1/hw/Mercury_XU5_PE1.xsa -mem-ranges [list {0x80000000 0xbfffffff} {0x400000000 0x5ffffffff} {0x1000000000 0x7fffffffff}] -regs
configparams force-mem-access 1
targets -set -nocase -filter {name =~"APU*"}
source D:/Work/Vitis_workspace_FPGAVerification/ServoDrive_CB_FPGAVerification/_ide/psinit/psu_init.tcl
psu_init
source C:/Xilinx/Vitis/2023.1/scripts/vitis/util/fsbl.tcl
catch {XFsbl_DdrEccInit}
after 1000
psu_ps_pl_isolation_removal
after 1000
psu_ps_pl_reset_config
catch {psu_protection}
targets -set -nocase -filter {name =~ "*A53*#0"}
rst -processor
dow D:/Work/Vitis_workspace_FPGAVerification/ServoDrive_CB_FPGAVerification/Debug/ServoDrive_CB_FPGAVerification.elf
configparams force-mem-access 0
----------------End of Script----------------

14:19:16 INFO  : Context for processor 'psu_cortexa53_0' is selected.
14:19:16 INFO  : 'con' command is executed.
14:19:16 INFO  : ----------------XSDB Script (After Launch)----------------
targets -set -nocase -filter {name =~ "*A53*#0"}
con
----------------End of Script----------------

14:19:16 INFO  : Launch script is exported to file 'D:\Work\Vitis_workspace_FPGAVerification\ServoDrive_CB_FPGAVerification_system\_ide\scripts\debugger_servodrive_cb_fpgaverification-default.tcl'
14:24:07 INFO  : Disconnected from the channel tcfchan#14.
14:24:08 INFO  : Connected through redirection to target on host 'localhost' and port '3122'.
14:24:08 INFO  : Jtag cable 'Enclustra GmbH Module Link enclustraA' is selected.
14:24:08 INFO  : 'jtag frequency' command is executed.
14:24:08 INFO  : Sourcing of 'C:/Xilinx/Vitis/2023.1/scripts/vitis/util/zynqmp_utils.tcl' is done.
14:24:08 INFO  : Context for 'APU' is selected.
14:24:09 INFO  : System reset is completed.
14:24:12 INFO  : 'after 3000' command is executed.
14:24:12 INFO  : Context for 'APU' is selected.
14:24:12 INFO  : Cleared APU and A53 resets
14:24:12 INFO  : Context for 'RPU' is selected.
14:24:15 INFO  : Cleared RPU and R5 resets
14:24:15 INFO  : Split mode is enabled for R5#1
14:24:15 INFO  : 'targets -set -filter {jtag_cable_name =~ "Enclustra GmbH Module Link enclustraA" && level==0 && jtag_device_ctx=="jsn-Module Link-enclustraA-04721093-0"}' command is executed.
14:24:19 INFO  : Device configured successfully with "D:/Work/Vitis_workspace_FPGAVerification/ServoDrive_CB_FPGAVerification/_ide/bitstream/Mercury_XU5_PE1.bit"
14:24:19 INFO  : Context for 'APU' is selected.
14:24:20 INFO  : Hardware design and registers information is loaded from 'D:/Work/Vitis_workspace_FPGAVerification/Mercury_XU5_PE1/export/Mercury_XU5_PE1/hw/Mercury_XU5_PE1.xsa'.
14:24:20 INFO  : 'configparams force-mem-access 1' command is executed.
14:24:20 INFO  : Context for 'APU' is selected.
14:24:20 INFO  : Sourcing of 'D:/Work/Vitis_workspace_FPGAVerification/ServoDrive_CB_FPGAVerification/_ide/psinit/psu_init.tcl' is done.
14:24:20 INFO  : 'psu_init' command is executed.
14:24:20 INFO  : Sourcing of 'C:/Xilinx/Vitis/2023.1/scripts/vitis/util/fsbl.tcl' is done.
14:24:21 INFO  : 'catch {XFsbl_DdrEccInit}' command is executed.
14:24:22 INFO  : 'after 1000' command is executed.
14:24:22 INFO  : 'psu_ps_pl_isolation_removal' command is executed.
14:24:23 INFO  : 'after 1000' command is executed.
14:24:23 INFO  : 'psu_ps_pl_reset_config' command is executed.
14:24:23 INFO  : 'catch {psu_protection}' command is executed.
14:24:23 INFO  : Context for processor 'psu_cortexa53_0' is selected.
14:24:23 INFO  : Processor reset is completed for 'psu_cortexa53_0'.
14:24:28 INFO  : The application 'D:/Work/Vitis_workspace_FPGAVerification/ServoDrive_CB_FPGAVerification/Debug/ServoDrive_CB_FPGAVerification.elf' is downloaded to processor 'psu_cortexa53_0'.
14:24:28 INFO  : 'configparams force-mem-access 0' command is executed.
14:24:28 INFO  : ----------------XSDB Script----------------
connect -path [list tcp::1541 tcp:localhost:3122]
source C:/Xilinx/Vitis/2023.1/scripts/vitis/util/zynqmp_utils.tcl
targets -set -nocase -filter {name =~"APU*"}
rst -system
after 3000
targets -set -nocase -filter {name =~"APU*"}
reset_apu
targets -set -nocase -filter {name =~"RPU*"}
clear_rpu_reset
enable_split_mode
targets -set -filter {jtag_cable_name =~ "Enclustra GmbH Module Link enclustraA" && level==0 && jtag_device_ctx=="jsn-Module Link-enclustraA-04721093-0"}
fpga -file D:/Work/Vitis_workspace_FPGAVerification/ServoDrive_CB_FPGAVerification/_ide/bitstream/Mercury_XU5_PE1.bit
targets -set -nocase -filter {name =~"APU*"}
loadhw -hw D:/Work/Vitis_workspace_FPGAVerification/Mercury_XU5_PE1/export/Mercury_XU5_PE1/hw/Mercury_XU5_PE1.xsa -mem-ranges [list {0x80000000 0xbfffffff} {0x400000000 0x5ffffffff} {0x1000000000 0x7fffffffff}] -regs
configparams force-mem-access 1
targets -set -nocase -filter {name =~"APU*"}
source D:/Work/Vitis_workspace_FPGAVerification/ServoDrive_CB_FPGAVerification/_ide/psinit/psu_init.tcl
psu_init
source C:/Xilinx/Vitis/2023.1/scripts/vitis/util/fsbl.tcl
catch {XFsbl_DdrEccInit}
after 1000
psu_ps_pl_isolation_removal
after 1000
psu_ps_pl_reset_config
catch {psu_protection}
targets -set -nocase -filter {name =~ "*A53*#0"}
rst -processor
dow D:/Work/Vitis_workspace_FPGAVerification/ServoDrive_CB_FPGAVerification/Debug/ServoDrive_CB_FPGAVerification.elf
configparams force-mem-access 0
----------------End of Script----------------

14:24:28 INFO  : Context for processor 'psu_cortexa53_0' is selected.
14:24:28 INFO  : 'con' command is executed.
14:24:28 INFO  : ----------------XSDB Script (After Launch)----------------
targets -set -nocase -filter {name =~ "*A53*#0"}
con
----------------End of Script----------------

14:24:28 INFO  : Launch script is exported to file 'D:\Work\Vitis_workspace_FPGAVerification\ServoDrive_CB_FPGAVerification_system\_ide\scripts\debugger_servodrive_cb_fpgaverification-default.tcl'
16:19:39 INFO  : Disconnected from the channel tcfchan#15.
16:19:40 INFO  : Connected through redirection to target on host 'localhost' and port '3122'.
16:19:40 INFO  : Jtag cable 'Enclustra GmbH Module Link enclustraA' is selected.
16:19:40 INFO  : 'jtag frequency' command is executed.
16:19:40 INFO  : Sourcing of 'C:/Xilinx/Vitis/2023.1/scripts/vitis/util/zynqmp_utils.tcl' is done.
16:19:40 INFO  : Context for 'APU' is selected.
16:19:41 INFO  : System reset is completed.
16:19:44 INFO  : 'after 3000' command is executed.
16:19:44 INFO  : Context for 'APU' is selected.
16:19:44 INFO  : Cleared APU and A53 resets
16:19:44 INFO  : Context for 'RPU' is selected.
16:19:47 INFO  : Cleared RPU and R5 resets
16:19:47 INFO  : Split mode is enabled for R5#1
16:19:47 INFO  : 'targets -set -filter {jtag_cable_name =~ "Enclustra GmbH Module Link enclustraA" && level==0 && jtag_device_ctx=="jsn-Module Link-enclustraA-04721093-0"}' command is executed.
16:19:52 INFO  : Device configured successfully with "D:/Work/Vitis_workspace_FPGAVerification/ServoDrive_CB_FPGAVerification/_ide/bitstream/Mercury_XU5_PE1.bit"
16:19:52 INFO  : Context for 'APU' is selected.
16:19:52 INFO  : Hardware design and registers information is loaded from 'D:/Work/Vitis_workspace_FPGAVerification/Mercury_XU5_PE1/export/Mercury_XU5_PE1/hw/Mercury_XU5_PE1.xsa'.
16:19:52 INFO  : 'configparams force-mem-access 1' command is executed.
16:19:52 INFO  : Context for 'APU' is selected.
16:19:52 INFO  : Sourcing of 'D:/Work/Vitis_workspace_FPGAVerification/ServoDrive_CB_FPGAVerification/_ide/psinit/psu_init.tcl' is done.
16:19:53 INFO  : 'psu_init' command is executed.
16:19:53 INFO  : Sourcing of 'C:/Xilinx/Vitis/2023.1/scripts/vitis/util/fsbl.tcl' is done.
16:19:53 INFO  : 'catch {XFsbl_DdrEccInit}' command is executed.
16:19:54 INFO  : 'after 1000' command is executed.
16:19:54 INFO  : 'psu_ps_pl_isolation_removal' command is executed.
16:19:55 INFO  : 'after 1000' command is executed.
16:19:55 INFO  : 'psu_ps_pl_reset_config' command is executed.
16:19:55 INFO  : 'catch {psu_protection}' command is executed.
16:19:55 INFO  : Context for processor 'psu_cortexa53_0' is selected.
16:19:55 INFO  : Processor reset is completed for 'psu_cortexa53_0'.
16:20:00 INFO  : The application 'D:/Work/Vitis_workspace_FPGAVerification/ServoDrive_CB_FPGAVerification/Debug/ServoDrive_CB_FPGAVerification.elf' is downloaded to processor 'psu_cortexa53_0'.
16:20:00 INFO  : 'configparams force-mem-access 0' command is executed.
16:20:00 INFO  : ----------------XSDB Script----------------
connect -path [list tcp::1541 tcp:localhost:3122]
source C:/Xilinx/Vitis/2023.1/scripts/vitis/util/zynqmp_utils.tcl
targets -set -nocase -filter {name =~"APU*"}
rst -system
after 3000
targets -set -nocase -filter {name =~"APU*"}
reset_apu
targets -set -nocase -filter {name =~"RPU*"}
clear_rpu_reset
enable_split_mode
targets -set -filter {jtag_cable_name =~ "Enclustra GmbH Module Link enclustraA" && level==0 && jtag_device_ctx=="jsn-Module Link-enclustraA-04721093-0"}
fpga -file D:/Work/Vitis_workspace_FPGAVerification/ServoDrive_CB_FPGAVerification/_ide/bitstream/Mercury_XU5_PE1.bit
targets -set -nocase -filter {name =~"APU*"}
loadhw -hw D:/Work/Vitis_workspace_FPGAVerification/Mercury_XU5_PE1/export/Mercury_XU5_PE1/hw/Mercury_XU5_PE1.xsa -mem-ranges [list {0x80000000 0xbfffffff} {0x400000000 0x5ffffffff} {0x1000000000 0x7fffffffff}] -regs
configparams force-mem-access 1
targets -set -nocase -filter {name =~"APU*"}
source D:/Work/Vitis_workspace_FPGAVerification/ServoDrive_CB_FPGAVerification/_ide/psinit/psu_init.tcl
psu_init
source C:/Xilinx/Vitis/2023.1/scripts/vitis/util/fsbl.tcl
catch {XFsbl_DdrEccInit}
after 1000
psu_ps_pl_isolation_removal
after 1000
psu_ps_pl_reset_config
catch {psu_protection}
targets -set -nocase -filter {name =~ "*A53*#0"}
rst -processor
dow D:/Work/Vitis_workspace_FPGAVerification/ServoDrive_CB_FPGAVerification/Debug/ServoDrive_CB_FPGAVerification.elf
configparams force-mem-access 0
----------------End of Script----------------

16:20:00 INFO  : Context for processor 'psu_cortexa53_0' is selected.
16:20:00 INFO  : 'con' command is executed.
16:20:00 INFO  : ----------------XSDB Script (After Launch)----------------
targets -set -nocase -filter {name =~ "*A53*#0"}
con
----------------End of Script----------------

16:20:00 INFO  : Launch script is exported to file 'D:\Work\Vitis_workspace_FPGAVerification\ServoDrive_CB_FPGAVerification_system\_ide\scripts\debugger_servodrive_cb_fpgaverification-default.tcl'
09:46:01 INFO  : Disconnected from the channel tcfchan#16.
09:46:02 INFO  : Connected through redirection to target on host 'localhost' and port '3122'.
09:46:02 INFO  : Jtag cable 'Enclustra GmbH Module Link enclustraA' is selected.
09:46:02 INFO  : 'jtag frequency' command is executed.
09:46:02 INFO  : Sourcing of 'C:/Xilinx/Vitis/2023.1/scripts/vitis/util/zynqmp_utils.tcl' is done.
09:46:02 INFO  : Context for 'APU' is selected.
09:46:02 INFO  : System reset is completed.
09:46:05 INFO  : 'after 3000' command is executed.
09:46:05 INFO  : Context for 'APU' is selected.
09:46:06 INFO  : Cleared APU and A53 resets
09:46:06 INFO  : Context for 'RPU' is selected.
09:46:09 INFO  : Cleared RPU and R5 resets
09:46:09 INFO  : Split mode is enabled for R5#1
09:46:09 INFO  : 'targets -set -filter {jtag_cable_name =~ "Enclustra GmbH Module Link enclustraA" && level==0 && jtag_device_ctx=="jsn-Module Link-enclustraA-04721093-0"}' command is executed.
09:46:14 INFO  : Device configured successfully with "D:/Work/Vitis_workspace_FPGAVerification/ServoDrive_CB_FPGAVerification/_ide/bitstream/Mercury_XU5_PE1.bit"
09:46:14 INFO  : Context for 'APU' is selected.
09:46:14 INFO  : Hardware design and registers information is loaded from 'D:/Work/Vitis_workspace_FPGAVerification/Mercury_XU5_PE1/export/Mercury_XU5_PE1/hw/Mercury_XU5_PE1.xsa'.
09:46:14 INFO  : 'configparams force-mem-access 1' command is executed.
09:46:14 INFO  : Context for 'APU' is selected.
09:46:14 INFO  : Sourcing of 'D:/Work/Vitis_workspace_FPGAVerification/ServoDrive_CB_FPGAVerification/_ide/psinit/psu_init.tcl' is done.
09:46:15 INFO  : 'psu_init' command is executed.
09:46:15 INFO  : Sourcing of 'C:/Xilinx/Vitis/2023.1/scripts/vitis/util/fsbl.tcl' is done.
09:46:16 INFO  : 'catch {XFsbl_DdrEccInit}' command is executed.
09:46:17 INFO  : 'after 1000' command is executed.
09:46:17 INFO  : 'psu_ps_pl_isolation_removal' command is executed.
09:46:18 INFO  : 'after 1000' command is executed.
09:46:18 INFO  : 'psu_ps_pl_reset_config' command is executed.
09:46:18 INFO  : 'catch {psu_protection}' command is executed.
09:46:18 INFO  : Context for processor 'psu_cortexa53_0' is selected.
09:46:18 INFO  : Processor reset is completed for 'psu_cortexa53_0'.
09:46:23 INFO  : The application 'D:/Work/Vitis_workspace_FPGAVerification/ServoDrive_CB_FPGAVerification/Debug/ServoDrive_CB_FPGAVerification.elf' is downloaded to processor 'psu_cortexa53_0'.
09:46:23 INFO  : 'configparams force-mem-access 0' command is executed.
09:46:23 INFO  : ----------------XSDB Script----------------
connect -path [list tcp::1541 tcp:localhost:3122]
source C:/Xilinx/Vitis/2023.1/scripts/vitis/util/zynqmp_utils.tcl
targets -set -nocase -filter {name =~"APU*"}
rst -system
after 3000
targets -set -nocase -filter {name =~"APU*"}
reset_apu
targets -set -nocase -filter {name =~"RPU*"}
clear_rpu_reset
enable_split_mode
targets -set -filter {jtag_cable_name =~ "Enclustra GmbH Module Link enclustraA" && level==0 && jtag_device_ctx=="jsn-Module Link-enclustraA-04721093-0"}
fpga -file D:/Work/Vitis_workspace_FPGAVerification/ServoDrive_CB_FPGAVerification/_ide/bitstream/Mercury_XU5_PE1.bit
targets -set -nocase -filter {name =~"APU*"}
loadhw -hw D:/Work/Vitis_workspace_FPGAVerification/Mercury_XU5_PE1/export/Mercury_XU5_PE1/hw/Mercury_XU5_PE1.xsa -mem-ranges [list {0x80000000 0xbfffffff} {0x400000000 0x5ffffffff} {0x1000000000 0x7fffffffff}] -regs
configparams force-mem-access 1
targets -set -nocase -filter {name =~"APU*"}
source D:/Work/Vitis_workspace_FPGAVerification/ServoDrive_CB_FPGAVerification/_ide/psinit/psu_init.tcl
psu_init
source C:/Xilinx/Vitis/2023.1/scripts/vitis/util/fsbl.tcl
catch {XFsbl_DdrEccInit}
after 1000
psu_ps_pl_isolation_removal
after 1000
psu_ps_pl_reset_config
catch {psu_protection}
targets -set -nocase -filter {name =~ "*A53*#0"}
rst -processor
dow D:/Work/Vitis_workspace_FPGAVerification/ServoDrive_CB_FPGAVerification/Debug/ServoDrive_CB_FPGAVerification.elf
configparams force-mem-access 0
----------------End of Script----------------

09:46:23 INFO  : Context for processor 'psu_cortexa53_0' is selected.
09:46:23 INFO  : 'con' command is executed.
09:46:23 INFO  : ----------------XSDB Script (After Launch)----------------
targets -set -nocase -filter {name =~ "*A53*#0"}
con
----------------End of Script----------------

09:46:23 INFO  : Launch script is exported to file 'D:\Work\Vitis_workspace_FPGAVerification\ServoDrive_CB_FPGAVerification_system\_ide\scripts\debugger_servodrive_cb_fpgaverification-default.tcl'
09:54:04 INFO  : Checking for BSP changes to sync application flags for project 'ServoDrive_CB_FPGAVerification'...
09:54:23 INFO  : Disconnected from the channel tcfchan#17.
09:54:24 INFO  : Connected through redirection to target on host 'localhost' and port '3122'.
09:54:24 INFO  : Jtag cable 'Enclustra GmbH Module Link enclustraA' is selected.
09:54:24 INFO  : 'jtag frequency' command is executed.
09:54:24 INFO  : Sourcing of 'C:/Xilinx/Vitis/2023.1/scripts/vitis/util/zynqmp_utils.tcl' is done.
09:54:24 INFO  : Context for 'APU' is selected.
09:54:24 INFO  : System reset is completed.
09:54:27 INFO  : 'after 3000' command is executed.
09:54:27 INFO  : Context for 'APU' is selected.
09:54:28 INFO  : Cleared APU and A53 resets
09:54:28 INFO  : Context for 'RPU' is selected.
09:54:31 INFO  : Cleared RPU and R5 resets
09:54:31 INFO  : Split mode is enabled for R5#1
09:54:31 INFO  : 'targets -set -filter {jtag_cable_name =~ "Enclustra GmbH Module Link enclustraA" && level==0 && jtag_device_ctx=="jsn-Module Link-enclustraA-04721093-0"}' command is executed.
09:54:35 INFO  : Device configured successfully with "D:/Work/Vitis_workspace_FPGAVerification/ServoDrive_CB_FPGAVerification/_ide/bitstream/Mercury_XU5_PE1.bit"
09:54:35 INFO  : Context for 'APU' is selected.
09:54:35 INFO  : Hardware design and registers information is loaded from 'D:/Work/Vitis_workspace_FPGAVerification/Mercury_XU5_PE1/export/Mercury_XU5_PE1/hw/Mercury_XU5_PE1.xsa'.
09:54:35 INFO  : 'configparams force-mem-access 1' command is executed.
09:54:35 INFO  : Context for 'APU' is selected.
09:54:35 INFO  : Sourcing of 'D:/Work/Vitis_workspace_FPGAVerification/ServoDrive_CB_FPGAVerification/_ide/psinit/psu_init.tcl' is done.
09:54:36 INFO  : 'psu_init' command is executed.
09:54:36 INFO  : Sourcing of 'C:/Xilinx/Vitis/2023.1/scripts/vitis/util/fsbl.tcl' is done.
09:54:37 INFO  : 'catch {XFsbl_DdrEccInit}' command is executed.
09:54:38 INFO  : 'after 1000' command is executed.
09:54:38 INFO  : 'psu_ps_pl_isolation_removal' command is executed.
09:54:39 INFO  : 'after 1000' command is executed.
09:54:39 INFO  : 'psu_ps_pl_reset_config' command is executed.
09:54:39 INFO  : 'catch {psu_protection}' command is executed.
09:54:39 INFO  : Context for processor 'psu_cortexa53_0' is selected.
09:54:39 INFO  : Processor reset is completed for 'psu_cortexa53_0'.
09:54:44 INFO  : The application 'D:/Work/Vitis_workspace_FPGAVerification/ServoDrive_CB_FPGAVerification/Debug/ServoDrive_CB_FPGAVerification.elf' is downloaded to processor 'psu_cortexa53_0'.
09:54:44 INFO  : 'configparams force-mem-access 0' command is executed.
09:54:44 INFO  : ----------------XSDB Script----------------
connect -path [list tcp::1541 tcp:localhost:3122]
source C:/Xilinx/Vitis/2023.1/scripts/vitis/util/zynqmp_utils.tcl
targets -set -nocase -filter {name =~"APU*"}
rst -system
after 3000
targets -set -nocase -filter {name =~"APU*"}
reset_apu
targets -set -nocase -filter {name =~"RPU*"}
clear_rpu_reset
enable_split_mode
targets -set -filter {jtag_cable_name =~ "Enclustra GmbH Module Link enclustraA" && level==0 && jtag_device_ctx=="jsn-Module Link-enclustraA-04721093-0"}
fpga -file D:/Work/Vitis_workspace_FPGAVerification/ServoDrive_CB_FPGAVerification/_ide/bitstream/Mercury_XU5_PE1.bit
targets -set -nocase -filter {name =~"APU*"}
loadhw -hw D:/Work/Vitis_workspace_FPGAVerification/Mercury_XU5_PE1/export/Mercury_XU5_PE1/hw/Mercury_XU5_PE1.xsa -mem-ranges [list {0x80000000 0xbfffffff} {0x400000000 0x5ffffffff} {0x1000000000 0x7fffffffff}] -regs
configparams force-mem-access 1
targets -set -nocase -filter {name =~"APU*"}
source D:/Work/Vitis_workspace_FPGAVerification/ServoDrive_CB_FPGAVerification/_ide/psinit/psu_init.tcl
psu_init
source C:/Xilinx/Vitis/2023.1/scripts/vitis/util/fsbl.tcl
catch {XFsbl_DdrEccInit}
after 1000
psu_ps_pl_isolation_removal
after 1000
psu_ps_pl_reset_config
catch {psu_protection}
targets -set -nocase -filter {name =~ "*A53*#0"}
rst -processor
dow D:/Work/Vitis_workspace_FPGAVerification/ServoDrive_CB_FPGAVerification/Debug/ServoDrive_CB_FPGAVerification.elf
configparams force-mem-access 0
----------------End of Script----------------

09:54:44 INFO  : Context for processor 'psu_cortexa53_0' is selected.
09:54:44 INFO  : 'con' command is executed.
09:54:44 INFO  : ----------------XSDB Script (After Launch)----------------
targets -set -nocase -filter {name =~ "*A53*#0"}
con
----------------End of Script----------------

09:54:44 INFO  : Launch script is exported to file 'D:\Work\Vitis_workspace_FPGAVerification\ServoDrive_CB_FPGAVerification_system\_ide\scripts\debugger_servodrive_cb_fpgaverification-default.tcl'
09:56:16 INFO  : Disconnected from the channel tcfchan#18.
09:56:17 INFO  : Connected through redirection to target on host 'localhost' and port '3122'.
09:56:17 INFO  : Jtag cable 'Enclustra GmbH Module Link enclustraA' is selected.
09:56:17 INFO  : 'jtag frequency' command is executed.
09:56:17 INFO  : Sourcing of 'C:/Xilinx/Vitis/2023.1/scripts/vitis/util/zynqmp_utils.tcl' is done.
09:56:17 INFO  : Context for 'APU' is selected.
09:56:18 INFO  : System reset is completed.
09:56:21 INFO  : 'after 3000' command is executed.
09:56:21 INFO  : Context for 'APU' is selected.
09:56:21 INFO  : Cleared APU and A53 resets
09:56:21 INFO  : Context for 'RPU' is selected.
09:56:24 INFO  : Cleared RPU and R5 resets
09:56:24 INFO  : Split mode is enabled for R5#1
09:56:24 INFO  : 'targets -set -filter {jtag_cable_name =~ "Enclustra GmbH Module Link enclustraA" && level==0 && jtag_device_ctx=="jsn-Module Link-enclustraA-04721093-0"}' command is executed.
09:56:29 INFO  : Device configured successfully with "D:/Work/Vitis_workspace_FPGAVerification/ServoDrive_CB_FPGAVerification/_ide/bitstream/Mercury_XU5_PE1.bit"
09:56:29 INFO  : Context for 'APU' is selected.
09:56:29 INFO  : Hardware design and registers information is loaded from 'D:/Work/Vitis_workspace_FPGAVerification/Mercury_XU5_PE1/export/Mercury_XU5_PE1/hw/Mercury_XU5_PE1.xsa'.
09:56:29 INFO  : 'configparams force-mem-access 1' command is executed.
09:56:29 INFO  : Context for 'APU' is selected.
09:56:29 INFO  : Sourcing of 'D:/Work/Vitis_workspace_FPGAVerification/ServoDrive_CB_FPGAVerification/_ide/psinit/psu_init.tcl' is done.
09:56:30 INFO  : 'psu_init' command is executed.
09:56:30 INFO  : Sourcing of 'C:/Xilinx/Vitis/2023.1/scripts/vitis/util/fsbl.tcl' is done.
09:56:30 INFO  : 'catch {XFsbl_DdrEccInit}' command is executed.
09:56:31 INFO  : 'after 1000' command is executed.
09:56:31 INFO  : 'psu_ps_pl_isolation_removal' command is executed.
09:56:32 INFO  : 'after 1000' command is executed.
09:56:33 INFO  : 'psu_ps_pl_reset_config' command is executed.
09:56:33 INFO  : 'catch {psu_protection}' command is executed.
09:56:33 INFO  : Context for processor 'psu_cortexa53_0' is selected.
09:56:33 INFO  : Processor reset is completed for 'psu_cortexa53_0'.
09:56:37 INFO  : The application 'D:/Work/Vitis_workspace_FPGAVerification/ServoDrive_CB_FPGAVerification/Debug/ServoDrive_CB_FPGAVerification.elf' is downloaded to processor 'psu_cortexa53_0'.
09:56:37 INFO  : 'configparams force-mem-access 0' command is executed.
09:56:37 INFO  : ----------------XSDB Script----------------
connect -path [list tcp::1541 tcp:localhost:3122]
source C:/Xilinx/Vitis/2023.1/scripts/vitis/util/zynqmp_utils.tcl
targets -set -nocase -filter {name =~"APU*"}
rst -system
after 3000
targets -set -nocase -filter {name =~"APU*"}
reset_apu
targets -set -nocase -filter {name =~"RPU*"}
clear_rpu_reset
enable_split_mode
targets -set -filter {jtag_cable_name =~ "Enclustra GmbH Module Link enclustraA" && level==0 && jtag_device_ctx=="jsn-Module Link-enclustraA-04721093-0"}
fpga -file D:/Work/Vitis_workspace_FPGAVerification/ServoDrive_CB_FPGAVerification/_ide/bitstream/Mercury_XU5_PE1.bit
targets -set -nocase -filter {name =~"APU*"}
loadhw -hw D:/Work/Vitis_workspace_FPGAVerification/Mercury_XU5_PE1/export/Mercury_XU5_PE1/hw/Mercury_XU5_PE1.xsa -mem-ranges [list {0x80000000 0xbfffffff} {0x400000000 0x5ffffffff} {0x1000000000 0x7fffffffff}] -regs
configparams force-mem-access 1
targets -set -nocase -filter {name =~"APU*"}
source D:/Work/Vitis_workspace_FPGAVerification/ServoDrive_CB_FPGAVerification/_ide/psinit/psu_init.tcl
psu_init
source C:/Xilinx/Vitis/2023.1/scripts/vitis/util/fsbl.tcl
catch {XFsbl_DdrEccInit}
after 1000
psu_ps_pl_isolation_removal
after 1000
psu_ps_pl_reset_config
catch {psu_protection}
targets -set -nocase -filter {name =~ "*A53*#0"}
rst -processor
dow D:/Work/Vitis_workspace_FPGAVerification/ServoDrive_CB_FPGAVerification/Debug/ServoDrive_CB_FPGAVerification.elf
configparams force-mem-access 0
----------------End of Script----------------

09:56:38 INFO  : Context for processor 'psu_cortexa53_0' is selected.
09:56:38 INFO  : 'con' command is executed.
09:56:38 INFO  : ----------------XSDB Script (After Launch)----------------
targets -set -nocase -filter {name =~ "*A53*#0"}
con
----------------End of Script----------------

09:56:38 INFO  : Launch script is exported to file 'D:\Work\Vitis_workspace_FPGAVerification\ServoDrive_CB_FPGAVerification_system\_ide\scripts\debugger_servodrive_cb_fpgaverification-default.tcl'
09:58:27 INFO  : Checking for BSP changes to sync application flags for project 'ServoDrive_CB_FPGAVerification'...
09:59:58 INFO  : Disconnected from the channel tcfchan#19.
09:59:59 INFO  : Connected through redirection to target on host 'localhost' and port '3122'.
09:59:59 INFO  : Jtag cable 'Enclustra GmbH Module Link enclustraA' is selected.
09:59:59 INFO  : 'jtag frequency' command is executed.
09:59:59 INFO  : Sourcing of 'C:/Xilinx/Vitis/2023.1/scripts/vitis/util/zynqmp_utils.tcl' is done.
09:59:59 INFO  : Context for 'APU' is selected.
10:00:00 INFO  : System reset is completed.
10:00:03 INFO  : 'after 3000' command is executed.
10:00:03 INFO  : Context for 'APU' is selected.
10:00:03 INFO  : Cleared APU and A53 resets
10:00:03 INFO  : Context for 'RPU' is selected.
10:00:06 INFO  : Cleared RPU and R5 resets
10:00:06 INFO  : Split mode is enabled for R5#1
10:00:06 INFO  : 'targets -set -filter {jtag_cable_name =~ "Enclustra GmbH Module Link enclustraA" && level==0 && jtag_device_ctx=="jsn-Module Link-enclustraA-04721093-0"}' command is executed.
10:00:10 INFO  : Device configured successfully with "D:/Work/Vitis_workspace_FPGAVerification/ServoDrive_CB_FPGAVerification/_ide/bitstream/Mercury_XU5_PE1.bit"
10:00:10 INFO  : Context for 'APU' is selected.
10:00:11 INFO  : Hardware design and registers information is loaded from 'D:/Work/Vitis_workspace_FPGAVerification/Mercury_XU5_PE1/export/Mercury_XU5_PE1/hw/Mercury_XU5_PE1.xsa'.
10:00:11 INFO  : 'configparams force-mem-access 1' command is executed.
10:00:11 INFO  : Context for 'APU' is selected.
10:00:11 INFO  : Sourcing of 'D:/Work/Vitis_workspace_FPGAVerification/ServoDrive_CB_FPGAVerification/_ide/psinit/psu_init.tcl' is done.
10:00:12 INFO  : 'psu_init' command is executed.
10:00:12 INFO  : Sourcing of 'C:/Xilinx/Vitis/2023.1/scripts/vitis/util/fsbl.tcl' is done.
10:00:12 INFO  : 'catch {XFsbl_DdrEccInit}' command is executed.
10:00:13 INFO  : 'after 1000' command is executed.
10:00:13 INFO  : 'psu_ps_pl_isolation_removal' command is executed.
10:00:14 INFO  : 'after 1000' command is executed.
10:00:14 INFO  : 'psu_ps_pl_reset_config' command is executed.
10:00:14 INFO  : 'catch {psu_protection}' command is executed.
10:00:14 INFO  : Context for processor 'psu_cortexa53_0' is selected.
10:00:14 INFO  : Processor reset is completed for 'psu_cortexa53_0'.
10:00:19 INFO  : The application 'D:/Work/Vitis_workspace_FPGAVerification/ServoDrive_CB_FPGAVerification/Debug/ServoDrive_CB_FPGAVerification.elf' is downloaded to processor 'psu_cortexa53_0'.
10:00:19 INFO  : 'configparams force-mem-access 0' command is executed.
10:00:19 INFO  : ----------------XSDB Script----------------
connect -path [list tcp::1541 tcp:localhost:3122]
source C:/Xilinx/Vitis/2023.1/scripts/vitis/util/zynqmp_utils.tcl
targets -set -nocase -filter {name =~"APU*"}
rst -system
after 3000
targets -set -nocase -filter {name =~"APU*"}
reset_apu
targets -set -nocase -filter {name =~"RPU*"}
clear_rpu_reset
enable_split_mode
targets -set -filter {jtag_cable_name =~ "Enclustra GmbH Module Link enclustraA" && level==0 && jtag_device_ctx=="jsn-Module Link-enclustraA-04721093-0"}
fpga -file D:/Work/Vitis_workspace_FPGAVerification/ServoDrive_CB_FPGAVerification/_ide/bitstream/Mercury_XU5_PE1.bit
targets -set -nocase -filter {name =~"APU*"}
loadhw -hw D:/Work/Vitis_workspace_FPGAVerification/Mercury_XU5_PE1/export/Mercury_XU5_PE1/hw/Mercury_XU5_PE1.xsa -mem-ranges [list {0x80000000 0xbfffffff} {0x400000000 0x5ffffffff} {0x1000000000 0x7fffffffff}] -regs
configparams force-mem-access 1
targets -set -nocase -filter {name =~"APU*"}
source D:/Work/Vitis_workspace_FPGAVerification/ServoDrive_CB_FPGAVerification/_ide/psinit/psu_init.tcl
psu_init
source C:/Xilinx/Vitis/2023.1/scripts/vitis/util/fsbl.tcl
catch {XFsbl_DdrEccInit}
after 1000
psu_ps_pl_isolation_removal
after 1000
psu_ps_pl_reset_config
catch {psu_protection}
targets -set -nocase -filter {name =~ "*A53*#0"}
rst -processor
dow D:/Work/Vitis_workspace_FPGAVerification/ServoDrive_CB_FPGAVerification/Debug/ServoDrive_CB_FPGAVerification.elf
configparams force-mem-access 0
----------------End of Script----------------

10:00:19 INFO  : Context for processor 'psu_cortexa53_0' is selected.
10:00:19 INFO  : 'con' command is executed.
10:00:19 INFO  : ----------------XSDB Script (After Launch)----------------
targets -set -nocase -filter {name =~ "*A53*#0"}
con
----------------End of Script----------------

10:00:19 INFO  : Launch script is exported to file 'D:\Work\Vitis_workspace_FPGAVerification\ServoDrive_CB_FPGAVerification_system\_ide\scripts\debugger_servodrive_cb_fpgaverification-default.tcl'
10:01:20 INFO  : Checking for BSP changes to sync application flags for project 'ServoDrive_CB_FPGAVerification'...
10:01:54 INFO  : Disconnected from the channel tcfchan#20.
10:01:55 INFO  : Connected through redirection to target on host 'localhost' and port '3122'.
10:01:55 INFO  : Jtag cable 'Enclustra GmbH Module Link enclustraA' is selected.
10:01:55 INFO  : 'jtag frequency' command is executed.
10:01:55 INFO  : Sourcing of 'C:/Xilinx/Vitis/2023.1/scripts/vitis/util/zynqmp_utils.tcl' is done.
10:01:55 INFO  : Context for 'APU' is selected.
10:01:56 INFO  : System reset is completed.
10:01:59 INFO  : 'after 3000' command is executed.
10:01:59 INFO  : Context for 'APU' is selected.
10:01:59 INFO  : Cleared APU and A53 resets
10:01:59 INFO  : Context for 'RPU' is selected.
10:02:02 INFO  : Cleared RPU and R5 resets
10:02:02 INFO  : Split mode is enabled for R5#1
10:02:02 INFO  : 'targets -set -filter {jtag_cable_name =~ "Enclustra GmbH Module Link enclustraA" && level==0 && jtag_device_ctx=="jsn-Module Link-enclustraA-04721093-0"}' command is executed.
10:02:06 INFO  : Device configured successfully with "D:/Work/Vitis_workspace_FPGAVerification/ServoDrive_CB_FPGAVerification/_ide/bitstream/Mercury_XU5_PE1.bit"
10:02:06 INFO  : Context for 'APU' is selected.
10:02:06 INFO  : Hardware design and registers information is loaded from 'D:/Work/Vitis_workspace_FPGAVerification/Mercury_XU5_PE1/export/Mercury_XU5_PE1/hw/Mercury_XU5_PE1.xsa'.
10:02:06 INFO  : 'configparams force-mem-access 1' command is executed.
10:02:06 INFO  : Context for 'APU' is selected.
10:02:06 INFO  : Sourcing of 'D:/Work/Vitis_workspace_FPGAVerification/ServoDrive_CB_FPGAVerification/_ide/psinit/psu_init.tcl' is done.
10:02:07 INFO  : 'psu_init' command is executed.
10:02:07 INFO  : Sourcing of 'C:/Xilinx/Vitis/2023.1/scripts/vitis/util/fsbl.tcl' is done.
10:02:08 INFO  : 'catch {XFsbl_DdrEccInit}' command is executed.
10:02:09 INFO  : 'after 1000' command is executed.
10:02:09 INFO  : 'psu_ps_pl_isolation_removal' command is executed.
10:02:10 INFO  : 'after 1000' command is executed.
10:02:10 INFO  : 'psu_ps_pl_reset_config' command is executed.
10:02:10 INFO  : 'catch {psu_protection}' command is executed.
10:02:10 INFO  : Context for processor 'psu_cortexa53_0' is selected.
10:02:10 INFO  : Processor reset is completed for 'psu_cortexa53_0'.
10:02:15 INFO  : The application 'D:/Work/Vitis_workspace_FPGAVerification/ServoDrive_CB_FPGAVerification/Debug/ServoDrive_CB_FPGAVerification.elf' is downloaded to processor 'psu_cortexa53_0'.
10:02:15 INFO  : 'configparams force-mem-access 0' command is executed.
10:02:15 INFO  : ----------------XSDB Script----------------
connect -path [list tcp::1541 tcp:localhost:3122]
source C:/Xilinx/Vitis/2023.1/scripts/vitis/util/zynqmp_utils.tcl
targets -set -nocase -filter {name =~"APU*"}
rst -system
after 3000
targets -set -nocase -filter {name =~"APU*"}
reset_apu
targets -set -nocase -filter {name =~"RPU*"}
clear_rpu_reset
enable_split_mode
targets -set -filter {jtag_cable_name =~ "Enclustra GmbH Module Link enclustraA" && level==0 && jtag_device_ctx=="jsn-Module Link-enclustraA-04721093-0"}
fpga -file D:/Work/Vitis_workspace_FPGAVerification/ServoDrive_CB_FPGAVerification/_ide/bitstream/Mercury_XU5_PE1.bit
targets -set -nocase -filter {name =~"APU*"}
loadhw -hw D:/Work/Vitis_workspace_FPGAVerification/Mercury_XU5_PE1/export/Mercury_XU5_PE1/hw/Mercury_XU5_PE1.xsa -mem-ranges [list {0x80000000 0xbfffffff} {0x400000000 0x5ffffffff} {0x1000000000 0x7fffffffff}] -regs
configparams force-mem-access 1
targets -set -nocase -filter {name =~"APU*"}
source D:/Work/Vitis_workspace_FPGAVerification/ServoDrive_CB_FPGAVerification/_ide/psinit/psu_init.tcl
psu_init
source C:/Xilinx/Vitis/2023.1/scripts/vitis/util/fsbl.tcl
catch {XFsbl_DdrEccInit}
after 1000
psu_ps_pl_isolation_removal
after 1000
psu_ps_pl_reset_config
catch {psu_protection}
targets -set -nocase -filter {name =~ "*A53*#0"}
rst -processor
dow D:/Work/Vitis_workspace_FPGAVerification/ServoDrive_CB_FPGAVerification/Debug/ServoDrive_CB_FPGAVerification.elf
configparams force-mem-access 0
----------------End of Script----------------

10:02:15 INFO  : Context for processor 'psu_cortexa53_0' is selected.
10:02:15 INFO  : 'con' command is executed.
10:02:15 INFO  : ----------------XSDB Script (After Launch)----------------
targets -set -nocase -filter {name =~ "*A53*#0"}
con
----------------End of Script----------------

10:02:15 INFO  : Launch script is exported to file 'D:\Work\Vitis_workspace_FPGAVerification\ServoDrive_CB_FPGAVerification_system\_ide\scripts\debugger_servodrive_cb_fpgaverification-default.tcl'
10:03:09 INFO  : Checking for BSP changes to sync application flags for project 'ServoDrive_CB_FPGAVerification'...
10:07:17 INFO  : Disconnected from the channel tcfchan#21.
10:07:18 INFO  : Connected through redirection to target on host 'localhost' and port '3122'.
10:07:18 INFO  : Jtag cable 'Enclustra GmbH Module Link enclustraA' is selected.
10:07:18 INFO  : 'jtag frequency' command is executed.
10:07:18 INFO  : Sourcing of 'C:/Xilinx/Vitis/2023.1/scripts/vitis/util/zynqmp_utils.tcl' is done.
10:07:18 INFO  : Context for 'APU' is selected.
10:07:18 INFO  : System reset is completed.
10:07:22 INFO  : 'after 3000' command is executed.
10:07:22 INFO  : Context for 'APU' is selected.
10:07:22 INFO  : Cleared APU and A53 resets
10:07:22 INFO  : Context for 'RPU' is selected.
10:07:25 INFO  : Cleared RPU and R5 resets
10:07:25 INFO  : Split mode is enabled for R5#1
10:07:25 INFO  : 'targets -set -filter {jtag_cable_name =~ "Enclustra GmbH Module Link enclustraA" && level==0 && jtag_device_ctx=="jsn-Module Link-enclustraA-04721093-0"}' command is executed.
10:07:29 INFO  : Device configured successfully with "D:/Work/Vitis_workspace_FPGAVerification/ServoDrive_CB_FPGAVerification/_ide/bitstream/Mercury_XU5_PE1.bit"
10:07:29 INFO  : Context for 'APU' is selected.
10:07:29 INFO  : Hardware design and registers information is loaded from 'D:/Work/Vitis_workspace_FPGAVerification/Mercury_XU5_PE1/export/Mercury_XU5_PE1/hw/Mercury_XU5_PE1.xsa'.
10:07:29 INFO  : 'configparams force-mem-access 1' command is executed.
10:07:29 INFO  : Context for 'APU' is selected.
10:07:29 INFO  : Sourcing of 'D:/Work/Vitis_workspace_FPGAVerification/ServoDrive_CB_FPGAVerification/_ide/psinit/psu_init.tcl' is done.
10:07:30 INFO  : 'psu_init' command is executed.
10:07:30 INFO  : Sourcing of 'C:/Xilinx/Vitis/2023.1/scripts/vitis/util/fsbl.tcl' is done.
10:07:31 INFO  : 'catch {XFsbl_DdrEccInit}' command is executed.
10:07:32 INFO  : 'after 1000' command is executed.
10:07:32 INFO  : 'psu_ps_pl_isolation_removal' command is executed.
10:07:33 INFO  : 'after 1000' command is executed.
10:07:33 INFO  : 'psu_ps_pl_reset_config' command is executed.
10:07:33 INFO  : 'catch {psu_protection}' command is executed.
10:07:33 INFO  : Context for processor 'psu_cortexa53_0' is selected.
10:07:33 INFO  : Processor reset is completed for 'psu_cortexa53_0'.
10:07:38 INFO  : The application 'D:/Work/Vitis_workspace_FPGAVerification/ServoDrive_CB_FPGAVerification/Debug/ServoDrive_CB_FPGAVerification.elf' is downloaded to processor 'psu_cortexa53_0'.
10:07:38 INFO  : 'configparams force-mem-access 0' command is executed.
10:07:38 INFO  : ----------------XSDB Script----------------
connect -path [list tcp::1541 tcp:localhost:3122]
source C:/Xilinx/Vitis/2023.1/scripts/vitis/util/zynqmp_utils.tcl
targets -set -nocase -filter {name =~"APU*"}
rst -system
after 3000
targets -set -nocase -filter {name =~"APU*"}
reset_apu
targets -set -nocase -filter {name =~"RPU*"}
clear_rpu_reset
enable_split_mode
targets -set -filter {jtag_cable_name =~ "Enclustra GmbH Module Link enclustraA" && level==0 && jtag_device_ctx=="jsn-Module Link-enclustraA-04721093-0"}
fpga -file D:/Work/Vitis_workspace_FPGAVerification/ServoDrive_CB_FPGAVerification/_ide/bitstream/Mercury_XU5_PE1.bit
targets -set -nocase -filter {name =~"APU*"}
loadhw -hw D:/Work/Vitis_workspace_FPGAVerification/Mercury_XU5_PE1/export/Mercury_XU5_PE1/hw/Mercury_XU5_PE1.xsa -mem-ranges [list {0x80000000 0xbfffffff} {0x400000000 0x5ffffffff} {0x1000000000 0x7fffffffff}] -regs
configparams force-mem-access 1
targets -set -nocase -filter {name =~"APU*"}
source D:/Work/Vitis_workspace_FPGAVerification/ServoDrive_CB_FPGAVerification/_ide/psinit/psu_init.tcl
psu_init
source C:/Xilinx/Vitis/2023.1/scripts/vitis/util/fsbl.tcl
catch {XFsbl_DdrEccInit}
after 1000
psu_ps_pl_isolation_removal
after 1000
psu_ps_pl_reset_config
catch {psu_protection}
targets -set -nocase -filter {name =~ "*A53*#0"}
rst -processor
dow D:/Work/Vitis_workspace_FPGAVerification/ServoDrive_CB_FPGAVerification/Debug/ServoDrive_CB_FPGAVerification.elf
configparams force-mem-access 0
----------------End of Script----------------

10:07:38 INFO  : Context for processor 'psu_cortexa53_0' is selected.
10:07:38 INFO  : 'con' command is executed.
10:07:38 INFO  : ----------------XSDB Script (After Launch)----------------
targets -set -nocase -filter {name =~ "*A53*#0"}
con
----------------End of Script----------------

10:07:38 INFO  : Launch script is exported to file 'D:\Work\Vitis_workspace_FPGAVerification\ServoDrive_CB_FPGAVerification_system\_ide\scripts\debugger_servodrive_cb_fpgaverification-default.tcl'
10:09:00 INFO  : Checking for BSP changes to sync application flags for project 'ServoDrive_CB_FPGAVerification'...
10:09:19 INFO  : Disconnected from the channel tcfchan#22.
10:09:20 INFO  : Connected through redirection to target on host 'localhost' and port '3122'.
10:09:20 INFO  : Jtag cable 'Enclustra GmbH Module Link enclustraA' is selected.
10:09:20 INFO  : 'jtag frequency' command is executed.
10:09:20 INFO  : Sourcing of 'C:/Xilinx/Vitis/2023.1/scripts/vitis/util/zynqmp_utils.tcl' is done.
10:09:20 INFO  : Context for 'APU' is selected.
10:09:21 INFO  : System reset is completed.
10:09:24 INFO  : 'after 3000' command is executed.
10:09:24 INFO  : Context for 'APU' is selected.
10:09:24 INFO  : Cleared APU and A53 resets
10:09:24 INFO  : Context for 'RPU' is selected.
10:09:27 INFO  : Cleared RPU and R5 resets
10:09:27 INFO  : Split mode is enabled for R5#1
10:09:27 INFO  : 'targets -set -filter {jtag_cable_name =~ "Enclustra GmbH Module Link enclustraA" && level==0 && jtag_device_ctx=="jsn-Module Link-enclustraA-04721093-0"}' command is executed.
10:09:32 INFO  : Device configured successfully with "D:/Work/Vitis_workspace_FPGAVerification/ServoDrive_CB_FPGAVerification/_ide/bitstream/Mercury_XU5_PE1.bit"
10:09:32 INFO  : Context for 'APU' is selected.
10:09:32 INFO  : Hardware design and registers information is loaded from 'D:/Work/Vitis_workspace_FPGAVerification/Mercury_XU5_PE1/export/Mercury_XU5_PE1/hw/Mercury_XU5_PE1.xsa'.
10:09:32 INFO  : 'configparams force-mem-access 1' command is executed.
10:09:32 INFO  : Context for 'APU' is selected.
10:09:32 INFO  : Sourcing of 'D:/Work/Vitis_workspace_FPGAVerification/ServoDrive_CB_FPGAVerification/_ide/psinit/psu_init.tcl' is done.
10:09:33 INFO  : 'psu_init' command is executed.
10:09:33 INFO  : Sourcing of 'C:/Xilinx/Vitis/2023.1/scripts/vitis/util/fsbl.tcl' is done.
10:09:34 INFO  : 'catch {XFsbl_DdrEccInit}' command is executed.
10:09:35 INFO  : 'after 1000' command is executed.
10:09:35 INFO  : 'psu_ps_pl_isolation_removal' command is executed.
10:09:36 INFO  : 'after 1000' command is executed.
10:09:36 INFO  : 'psu_ps_pl_reset_config' command is executed.
10:09:36 INFO  : 'catch {psu_protection}' command is executed.
10:09:36 INFO  : Context for processor 'psu_cortexa53_0' is selected.
10:09:36 INFO  : Processor reset is completed for 'psu_cortexa53_0'.
10:09:41 INFO  : The application 'D:/Work/Vitis_workspace_FPGAVerification/ServoDrive_CB_FPGAVerification/Debug/ServoDrive_CB_FPGAVerification.elf' is downloaded to processor 'psu_cortexa53_0'.
10:09:41 INFO  : 'configparams force-mem-access 0' command is executed.
10:09:41 INFO  : ----------------XSDB Script----------------
connect -path [list tcp::1541 tcp:localhost:3122]
source C:/Xilinx/Vitis/2023.1/scripts/vitis/util/zynqmp_utils.tcl
targets -set -nocase -filter {name =~"APU*"}
rst -system
after 3000
targets -set -nocase -filter {name =~"APU*"}
reset_apu
targets -set -nocase -filter {name =~"RPU*"}
clear_rpu_reset
enable_split_mode
targets -set -filter {jtag_cable_name =~ "Enclustra GmbH Module Link enclustraA" && level==0 && jtag_device_ctx=="jsn-Module Link-enclustraA-04721093-0"}
fpga -file D:/Work/Vitis_workspace_FPGAVerification/ServoDrive_CB_FPGAVerification/_ide/bitstream/Mercury_XU5_PE1.bit
targets -set -nocase -filter {name =~"APU*"}
loadhw -hw D:/Work/Vitis_workspace_FPGAVerification/Mercury_XU5_PE1/export/Mercury_XU5_PE1/hw/Mercury_XU5_PE1.xsa -mem-ranges [list {0x80000000 0xbfffffff} {0x400000000 0x5ffffffff} {0x1000000000 0x7fffffffff}] -regs
configparams force-mem-access 1
targets -set -nocase -filter {name =~"APU*"}
source D:/Work/Vitis_workspace_FPGAVerification/ServoDrive_CB_FPGAVerification/_ide/psinit/psu_init.tcl
psu_init
source C:/Xilinx/Vitis/2023.1/scripts/vitis/util/fsbl.tcl
catch {XFsbl_DdrEccInit}
after 1000
psu_ps_pl_isolation_removal
after 1000
psu_ps_pl_reset_config
catch {psu_protection}
targets -set -nocase -filter {name =~ "*A53*#0"}
rst -processor
dow D:/Work/Vitis_workspace_FPGAVerification/ServoDrive_CB_FPGAVerification/Debug/ServoDrive_CB_FPGAVerification.elf
configparams force-mem-access 0
----------------End of Script----------------

10:09:41 INFO  : Context for processor 'psu_cortexa53_0' is selected.
10:09:41 INFO  : 'con' command is executed.
10:09:41 INFO  : ----------------XSDB Script (After Launch)----------------
targets -set -nocase -filter {name =~ "*A53*#0"}
con
----------------End of Script----------------

10:09:41 INFO  : Launch script is exported to file 'D:\Work\Vitis_workspace_FPGAVerification\ServoDrive_CB_FPGAVerification_system\_ide\scripts\debugger_servodrive_cb_fpgaverification-default.tcl'
10:12:49 INFO  : Disconnected from the channel tcfchan#23.
10:12:50 INFO  : Connected through redirection to target on host 'localhost' and port '3122'.
10:12:50 INFO  : Jtag cable 'Enclustra GmbH Module Link enclustraA' is selected.
10:12:50 INFO  : 'jtag frequency' command is executed.
10:12:50 INFO  : Sourcing of 'C:/Xilinx/Vitis/2023.1/scripts/vitis/util/zynqmp_utils.tcl' is done.
10:12:50 INFO  : Context for 'APU' is selected.
10:12:51 INFO  : System reset is completed.
10:12:54 INFO  : 'after 3000' command is executed.
10:12:54 INFO  : Context for 'APU' is selected.
10:12:54 INFO  : Cleared APU and A53 resets
10:12:54 INFO  : Context for 'RPU' is selected.
10:12:57 INFO  : Cleared RPU and R5 resets
10:12:57 INFO  : Split mode is enabled for R5#1
10:12:57 INFO  : 'targets -set -filter {jtag_cable_name =~ "Enclustra GmbH Module Link enclustraA" && level==0 && jtag_device_ctx=="jsn-Module Link-enclustraA-04721093-0"}' command is executed.
10:13:02 INFO  : Device configured successfully with "D:/Work/Vitis_workspace_FPGAVerification/ServoDrive_CB_FPGAVerification/_ide/bitstream/Mercury_XU5_PE1.bit"
10:13:02 INFO  : Context for 'APU' is selected.
10:13:02 INFO  : Hardware design and registers information is loaded from 'D:/Work/Vitis_workspace_FPGAVerification/Mercury_XU5_PE1/export/Mercury_XU5_PE1/hw/Mercury_XU5_PE1.xsa'.
10:13:02 INFO  : 'configparams force-mem-access 1' command is executed.
10:13:02 INFO  : Context for 'APU' is selected.
10:13:02 INFO  : Sourcing of 'D:/Work/Vitis_workspace_FPGAVerification/ServoDrive_CB_FPGAVerification/_ide/psinit/psu_init.tcl' is done.
10:13:03 INFO  : 'psu_init' command is executed.
10:13:03 INFO  : Sourcing of 'C:/Xilinx/Vitis/2023.1/scripts/vitis/util/fsbl.tcl' is done.
10:13:04 INFO  : 'catch {XFsbl_DdrEccInit}' command is executed.
10:13:05 INFO  : 'after 1000' command is executed.
10:13:05 INFO  : 'psu_ps_pl_isolation_removal' command is executed.
10:13:06 INFO  : 'after 1000' command is executed.
10:13:06 INFO  : 'psu_ps_pl_reset_config' command is executed.
10:13:06 INFO  : 'catch {psu_protection}' command is executed.
10:13:06 INFO  : Context for processor 'psu_cortexa53_0' is selected.
10:13:06 INFO  : Processor reset is completed for 'psu_cortexa53_0'.
10:13:11 INFO  : The application 'D:/Work/Vitis_workspace_FPGAVerification/ServoDrive_CB_FPGAVerification/Debug/ServoDrive_CB_FPGAVerification.elf' is downloaded to processor 'psu_cortexa53_0'.
10:13:11 INFO  : 'configparams force-mem-access 0' command is executed.
10:13:11 INFO  : ----------------XSDB Script----------------
connect -path [list tcp::1541 tcp:localhost:3122]
source C:/Xilinx/Vitis/2023.1/scripts/vitis/util/zynqmp_utils.tcl
targets -set -nocase -filter {name =~"APU*"}
rst -system
after 3000
targets -set -nocase -filter {name =~"APU*"}
reset_apu
targets -set -nocase -filter {name =~"RPU*"}
clear_rpu_reset
enable_split_mode
targets -set -filter {jtag_cable_name =~ "Enclustra GmbH Module Link enclustraA" && level==0 && jtag_device_ctx=="jsn-Module Link-enclustraA-04721093-0"}
fpga -file D:/Work/Vitis_workspace_FPGAVerification/ServoDrive_CB_FPGAVerification/_ide/bitstream/Mercury_XU5_PE1.bit
targets -set -nocase -filter {name =~"APU*"}
loadhw -hw D:/Work/Vitis_workspace_FPGAVerification/Mercury_XU5_PE1/export/Mercury_XU5_PE1/hw/Mercury_XU5_PE1.xsa -mem-ranges [list {0x80000000 0xbfffffff} {0x400000000 0x5ffffffff} {0x1000000000 0x7fffffffff}] -regs
configparams force-mem-access 1
targets -set -nocase -filter {name =~"APU*"}
source D:/Work/Vitis_workspace_FPGAVerification/ServoDrive_CB_FPGAVerification/_ide/psinit/psu_init.tcl
psu_init
source C:/Xilinx/Vitis/2023.1/scripts/vitis/util/fsbl.tcl
catch {XFsbl_DdrEccInit}
after 1000
psu_ps_pl_isolation_removal
after 1000
psu_ps_pl_reset_config
catch {psu_protection}
targets -set -nocase -filter {name =~ "*A53*#0"}
rst -processor
dow D:/Work/Vitis_workspace_FPGAVerification/ServoDrive_CB_FPGAVerification/Debug/ServoDrive_CB_FPGAVerification.elf
configparams force-mem-access 0
----------------End of Script----------------

10:13:11 INFO  : Context for processor 'psu_cortexa53_0' is selected.
10:13:11 INFO  : 'con' command is executed.
10:13:11 INFO  : ----------------XSDB Script (After Launch)----------------
targets -set -nocase -filter {name =~ "*A53*#0"}
con
----------------End of Script----------------

10:13:11 INFO  : Launch script is exported to file 'D:\Work\Vitis_workspace_FPGAVerification\ServoDrive_CB_FPGAVerification_system\_ide\scripts\debugger_servodrive_cb_fpgaverification-default.tcl'
10:15:36 INFO  : Disconnected from the channel tcfchan#24.
10:15:37 INFO  : Connected through redirection to target on host 'localhost' and port '3122'.
10:15:37 INFO  : Jtag cable 'Enclustra GmbH Module Link enclustraA' is selected.
10:15:37 INFO  : 'jtag frequency' command is executed.
10:15:37 INFO  : Sourcing of 'C:/Xilinx/Vitis/2023.1/scripts/vitis/util/zynqmp_utils.tcl' is done.
10:15:37 INFO  : Context for 'APU' is selected.
10:15:37 INFO  : System reset is completed.
10:15:40 INFO  : 'after 3000' command is executed.
10:15:40 INFO  : Context for 'APU' is selected.
10:15:40 INFO  : Cleared APU and A53 resets
10:15:40 INFO  : Context for 'RPU' is selected.
10:15:44 INFO  : Cleared RPU and R5 resets
10:15:44 INFO  : Split mode is enabled for R5#1
10:15:44 INFO  : 'targets -set -filter {jtag_cable_name =~ "Enclustra GmbH Module Link enclustraA" && level==0 && jtag_device_ctx=="jsn-Module Link-enclustraA-04721093-0"}' command is executed.
10:15:48 INFO  : Device configured successfully with "D:/Work/Vitis_workspace_FPGAVerification/ServoDrive_CB_FPGAVerification/_ide/bitstream/Mercury_XU5_PE1.bit"
10:15:48 INFO  : Context for 'APU' is selected.
10:15:48 INFO  : Hardware design and registers information is loaded from 'D:/Work/Vitis_workspace_FPGAVerification/Mercury_XU5_PE1/export/Mercury_XU5_PE1/hw/Mercury_XU5_PE1.xsa'.
10:15:48 INFO  : 'configparams force-mem-access 1' command is executed.
10:15:48 INFO  : Context for 'APU' is selected.
10:15:48 INFO  : Sourcing of 'D:/Work/Vitis_workspace_FPGAVerification/ServoDrive_CB_FPGAVerification/_ide/psinit/psu_init.tcl' is done.
10:15:49 INFO  : 'psu_init' command is executed.
10:15:49 INFO  : Sourcing of 'C:/Xilinx/Vitis/2023.1/scripts/vitis/util/fsbl.tcl' is done.
10:15:50 INFO  : 'catch {XFsbl_DdrEccInit}' command is executed.
10:15:51 INFO  : 'after 1000' command is executed.
10:15:51 INFO  : 'psu_ps_pl_isolation_removal' command is executed.
10:15:52 INFO  : 'after 1000' command is executed.
10:15:52 INFO  : 'psu_ps_pl_reset_config' command is executed.
10:15:52 INFO  : 'catch {psu_protection}' command is executed.
10:15:52 INFO  : Context for processor 'psu_cortexa53_0' is selected.
10:15:52 INFO  : Processor reset is completed for 'psu_cortexa53_0'.
10:15:57 INFO  : The application 'D:/Work/Vitis_workspace_FPGAVerification/ServoDrive_CB_FPGAVerification/Debug/ServoDrive_CB_FPGAVerification.elf' is downloaded to processor 'psu_cortexa53_0'.
10:15:57 INFO  : 'configparams force-mem-access 0' command is executed.
10:15:57 INFO  : ----------------XSDB Script----------------
connect -path [list tcp::1541 tcp:localhost:3122]
source C:/Xilinx/Vitis/2023.1/scripts/vitis/util/zynqmp_utils.tcl
targets -set -nocase -filter {name =~"APU*"}
rst -system
after 3000
targets -set -nocase -filter {name =~"APU*"}
reset_apu
targets -set -nocase -filter {name =~"RPU*"}
clear_rpu_reset
enable_split_mode
targets -set -filter {jtag_cable_name =~ "Enclustra GmbH Module Link enclustraA" && level==0 && jtag_device_ctx=="jsn-Module Link-enclustraA-04721093-0"}
fpga -file D:/Work/Vitis_workspace_FPGAVerification/ServoDrive_CB_FPGAVerification/_ide/bitstream/Mercury_XU5_PE1.bit
targets -set -nocase -filter {name =~"APU*"}
loadhw -hw D:/Work/Vitis_workspace_FPGAVerification/Mercury_XU5_PE1/export/Mercury_XU5_PE1/hw/Mercury_XU5_PE1.xsa -mem-ranges [list {0x80000000 0xbfffffff} {0x400000000 0x5ffffffff} {0x1000000000 0x7fffffffff}] -regs
configparams force-mem-access 1
targets -set -nocase -filter {name =~"APU*"}
source D:/Work/Vitis_workspace_FPGAVerification/ServoDrive_CB_FPGAVerification/_ide/psinit/psu_init.tcl
psu_init
source C:/Xilinx/Vitis/2023.1/scripts/vitis/util/fsbl.tcl
catch {XFsbl_DdrEccInit}
after 1000
psu_ps_pl_isolation_removal
after 1000
psu_ps_pl_reset_config
catch {psu_protection}
targets -set -nocase -filter {name =~ "*A53*#0"}
rst -processor
dow D:/Work/Vitis_workspace_FPGAVerification/ServoDrive_CB_FPGAVerification/Debug/ServoDrive_CB_FPGAVerification.elf
configparams force-mem-access 0
----------------End of Script----------------

10:15:57 INFO  : Context for processor 'psu_cortexa53_0' is selected.
10:15:57 INFO  : 'con' command is executed.
10:15:57 INFO  : ----------------XSDB Script (After Launch)----------------
targets -set -nocase -filter {name =~ "*A53*#0"}
con
----------------End of Script----------------

10:15:57 INFO  : Launch script is exported to file 'D:\Work\Vitis_workspace_FPGAVerification\ServoDrive_CB_FPGAVerification_system\_ide\scripts\debugger_servodrive_cb_fpgaverification-default.tcl'
10:16:51 INFO  : Disconnected from the channel tcfchan#25.
10:16:52 INFO  : Connected through redirection to target on host 'localhost' and port '3122'.
10:16:52 INFO  : Jtag cable 'Enclustra GmbH Module Link enclustraA' is selected.
10:16:52 INFO  : 'jtag frequency' command is executed.
10:16:52 INFO  : Sourcing of 'C:/Xilinx/Vitis/2023.1/scripts/vitis/util/zynqmp_utils.tcl' is done.
10:16:52 INFO  : Context for 'APU' is selected.
10:16:53 INFO  : System reset is completed.
10:16:56 INFO  : 'after 3000' command is executed.
10:16:56 INFO  : Context for 'APU' is selected.
10:16:56 INFO  : Cleared APU and A53 resets
10:16:56 INFO  : Context for 'RPU' is selected.
10:16:59 INFO  : Cleared RPU and R5 resets
10:16:59 INFO  : Split mode is enabled for R5#1
10:16:59 INFO  : 'targets -set -filter {jtag_cable_name =~ "Enclustra GmbH Module Link enclustraA" && level==0 && jtag_device_ctx=="jsn-Module Link-enclustraA-04721093-0"}' command is executed.
10:17:04 INFO  : Device configured successfully with "D:/Work/Vitis_workspace_FPGAVerification/ServoDrive_CB_FPGAVerification/_ide/bitstream/Mercury_XU5_PE1.bit"
10:17:04 INFO  : Context for 'APU' is selected.
10:17:04 INFO  : Hardware design and registers information is loaded from 'D:/Work/Vitis_workspace_FPGAVerification/Mercury_XU5_PE1/export/Mercury_XU5_PE1/hw/Mercury_XU5_PE1.xsa'.
10:17:04 INFO  : 'configparams force-mem-access 1' command is executed.
10:17:04 INFO  : Context for 'APU' is selected.
10:17:04 INFO  : Sourcing of 'D:/Work/Vitis_workspace_FPGAVerification/ServoDrive_CB_FPGAVerification/_ide/psinit/psu_init.tcl' is done.
10:17:05 INFO  : 'psu_init' command is executed.
10:17:05 INFO  : Sourcing of 'C:/Xilinx/Vitis/2023.1/scripts/vitis/util/fsbl.tcl' is done.
10:17:05 INFO  : 'catch {XFsbl_DdrEccInit}' command is executed.
10:17:06 INFO  : 'after 1000' command is executed.
10:17:06 INFO  : 'psu_ps_pl_isolation_removal' command is executed.
10:17:07 INFO  : 'after 1000' command is executed.
10:17:07 INFO  : 'psu_ps_pl_reset_config' command is executed.
10:17:07 INFO  : 'catch {psu_protection}' command is executed.
10:17:07 INFO  : Context for processor 'psu_cortexa53_0' is selected.
10:17:08 INFO  : Processor reset is completed for 'psu_cortexa53_0'.
10:17:12 INFO  : The application 'D:/Work/Vitis_workspace_FPGAVerification/ServoDrive_CB_FPGAVerification/Debug/ServoDrive_CB_FPGAVerification.elf' is downloaded to processor 'psu_cortexa53_0'.
10:17:12 INFO  : 'configparams force-mem-access 0' command is executed.
10:17:12 INFO  : ----------------XSDB Script----------------
connect -path [list tcp::1541 tcp:localhost:3122]
source C:/Xilinx/Vitis/2023.1/scripts/vitis/util/zynqmp_utils.tcl
targets -set -nocase -filter {name =~"APU*"}
rst -system
after 3000
targets -set -nocase -filter {name =~"APU*"}
reset_apu
targets -set -nocase -filter {name =~"RPU*"}
clear_rpu_reset
enable_split_mode
targets -set -filter {jtag_cable_name =~ "Enclustra GmbH Module Link enclustraA" && level==0 && jtag_device_ctx=="jsn-Module Link-enclustraA-04721093-0"}
fpga -file D:/Work/Vitis_workspace_FPGAVerification/ServoDrive_CB_FPGAVerification/_ide/bitstream/Mercury_XU5_PE1.bit
targets -set -nocase -filter {name =~"APU*"}
loadhw -hw D:/Work/Vitis_workspace_FPGAVerification/Mercury_XU5_PE1/export/Mercury_XU5_PE1/hw/Mercury_XU5_PE1.xsa -mem-ranges [list {0x80000000 0xbfffffff} {0x400000000 0x5ffffffff} {0x1000000000 0x7fffffffff}] -regs
configparams force-mem-access 1
targets -set -nocase -filter {name =~"APU*"}
source D:/Work/Vitis_workspace_FPGAVerification/ServoDrive_CB_FPGAVerification/_ide/psinit/psu_init.tcl
psu_init
source C:/Xilinx/Vitis/2023.1/scripts/vitis/util/fsbl.tcl
catch {XFsbl_DdrEccInit}
after 1000
psu_ps_pl_isolation_removal
after 1000
psu_ps_pl_reset_config
catch {psu_protection}
targets -set -nocase -filter {name =~ "*A53*#0"}
rst -processor
dow D:/Work/Vitis_workspace_FPGAVerification/ServoDrive_CB_FPGAVerification/Debug/ServoDrive_CB_FPGAVerification.elf
configparams force-mem-access 0
----------------End of Script----------------

10:17:12 INFO  : Context for processor 'psu_cortexa53_0' is selected.
10:17:12 INFO  : 'con' command is executed.
10:17:12 INFO  : ----------------XSDB Script (After Launch)----------------
targets -set -nocase -filter {name =~ "*A53*#0"}
con
----------------End of Script----------------

10:17:12 INFO  : Launch script is exported to file 'D:\Work\Vitis_workspace_FPGAVerification\ServoDrive_CB_FPGAVerification_system\_ide\scripts\debugger_servodrive_cb_fpgaverification-default.tcl'
10:19:06 INFO  : Checking for BSP changes to sync application flags for project 'ServoDrive_CB_FPGAVerification'...
10:22:49 INFO  : Disconnected from the channel tcfchan#26.
10:22:50 INFO  : Connected through redirection to target on host 'localhost' and port '3122'.
10:22:50 INFO  : Jtag cable 'Enclustra GmbH Module Link enclustraA' is selected.
10:22:50 INFO  : 'jtag frequency' command is executed.
10:22:50 INFO  : Sourcing of 'C:/Xilinx/Vitis/2023.1/scripts/vitis/util/zynqmp_utils.tcl' is done.
10:22:50 INFO  : Context for 'APU' is selected.
10:22:51 INFO  : System reset is completed.
10:22:54 INFO  : 'after 3000' command is executed.
10:22:54 INFO  : Context for 'APU' is selected.
10:22:54 INFO  : Cleared APU and A53 resets
10:22:54 INFO  : Context for 'RPU' is selected.
10:22:57 INFO  : Cleared RPU and R5 resets
10:22:57 INFO  : Split mode is enabled for R5#1
10:22:57 INFO  : 'targets -set -filter {jtag_cable_name =~ "Enclustra GmbH Module Link enclustraA" && level==0 && jtag_device_ctx=="jsn-Module Link-enclustraA-04721093-0"}' command is executed.
10:23:02 INFO  : Device configured successfully with "D:/Work/Vitis_workspace_FPGAVerification/ServoDrive_CB_FPGAVerification/_ide/bitstream/Mercury_XU5_PE1.bit"
10:23:02 INFO  : Context for 'APU' is selected.
10:23:02 INFO  : Hardware design and registers information is loaded from 'D:/Work/Vitis_workspace_FPGAVerification/Mercury_XU5_PE1/export/Mercury_XU5_PE1/hw/Mercury_XU5_PE1.xsa'.
10:23:02 INFO  : 'configparams force-mem-access 1' command is executed.
10:23:02 INFO  : Context for 'APU' is selected.
10:23:02 INFO  : Sourcing of 'D:/Work/Vitis_workspace_FPGAVerification/ServoDrive_CB_FPGAVerification/_ide/psinit/psu_init.tcl' is done.
10:23:03 INFO  : 'psu_init' command is executed.
10:23:03 INFO  : Sourcing of 'C:/Xilinx/Vitis/2023.1/scripts/vitis/util/fsbl.tcl' is done.
10:23:03 INFO  : 'catch {XFsbl_DdrEccInit}' command is executed.
10:23:04 INFO  : 'after 1000' command is executed.
10:23:04 INFO  : 'psu_ps_pl_isolation_removal' command is executed.
10:23:05 INFO  : 'after 1000' command is executed.
10:23:05 INFO  : 'psu_ps_pl_reset_config' command is executed.
10:23:05 INFO  : 'catch {psu_protection}' command is executed.
10:23:05 INFO  : Context for processor 'psu_cortexa53_0' is selected.
10:23:05 INFO  : Processor reset is completed for 'psu_cortexa53_0'.
10:23:10 INFO  : The application 'D:/Work/Vitis_workspace_FPGAVerification/ServoDrive_CB_FPGAVerification/Debug/ServoDrive_CB_FPGAVerification.elf' is downloaded to processor 'psu_cortexa53_0'.
10:23:10 INFO  : 'configparams force-mem-access 0' command is executed.
10:23:10 INFO  : ----------------XSDB Script----------------
connect -path [list tcp::1541 tcp:localhost:3122]
source C:/Xilinx/Vitis/2023.1/scripts/vitis/util/zynqmp_utils.tcl
targets -set -nocase -filter {name =~"APU*"}
rst -system
after 3000
targets -set -nocase -filter {name =~"APU*"}
reset_apu
targets -set -nocase -filter {name =~"RPU*"}
clear_rpu_reset
enable_split_mode
targets -set -filter {jtag_cable_name =~ "Enclustra GmbH Module Link enclustraA" && level==0 && jtag_device_ctx=="jsn-Module Link-enclustraA-04721093-0"}
fpga -file D:/Work/Vitis_workspace_FPGAVerification/ServoDrive_CB_FPGAVerification/_ide/bitstream/Mercury_XU5_PE1.bit
targets -set -nocase -filter {name =~"APU*"}
loadhw -hw D:/Work/Vitis_workspace_FPGAVerification/Mercury_XU5_PE1/export/Mercury_XU5_PE1/hw/Mercury_XU5_PE1.xsa -mem-ranges [list {0x80000000 0xbfffffff} {0x400000000 0x5ffffffff} {0x1000000000 0x7fffffffff}] -regs
configparams force-mem-access 1
targets -set -nocase -filter {name =~"APU*"}
source D:/Work/Vitis_workspace_FPGAVerification/ServoDrive_CB_FPGAVerification/_ide/psinit/psu_init.tcl
psu_init
source C:/Xilinx/Vitis/2023.1/scripts/vitis/util/fsbl.tcl
catch {XFsbl_DdrEccInit}
after 1000
psu_ps_pl_isolation_removal
after 1000
psu_ps_pl_reset_config
catch {psu_protection}
targets -set -nocase -filter {name =~ "*A53*#0"}
rst -processor
dow D:/Work/Vitis_workspace_FPGAVerification/ServoDrive_CB_FPGAVerification/Debug/ServoDrive_CB_FPGAVerification.elf
configparams force-mem-access 0
----------------End of Script----------------

10:23:10 INFO  : Context for processor 'psu_cortexa53_0' is selected.
10:23:11 INFO  : 'con' command is executed.
10:23:11 INFO  : ----------------XSDB Script (After Launch)----------------
targets -set -nocase -filter {name =~ "*A53*#0"}
con
----------------End of Script----------------

10:23:11 INFO  : Launch script is exported to file 'D:\Work\Vitis_workspace_FPGAVerification\ServoDrive_CB_FPGAVerification_system\_ide\scripts\debugger_servodrive_cb_fpgaverification-default.tcl'
10:23:58 INFO  : Disconnected from the channel tcfchan#27.
10:23:59 INFO  : Connected through redirection to target on host 'localhost' and port '3122'.
10:23:59 INFO  : Jtag cable 'Enclustra GmbH Module Link enclustraA' is selected.
10:23:59 INFO  : 'jtag frequency' command is executed.
10:24:00 INFO  : Sourcing of 'C:/Xilinx/Vitis/2023.1/scripts/vitis/util/zynqmp_utils.tcl' is done.
10:24:00 INFO  : Context for 'APU' is selected.
10:24:00 INFO  : System reset is completed.
10:24:03 INFO  : 'after 3000' command is executed.
10:24:03 INFO  : Context for 'APU' is selected.
10:24:03 INFO  : Cleared APU and A53 resets
10:24:03 INFO  : Context for 'RPU' is selected.
10:24:06 INFO  : Cleared RPU and R5 resets
10:24:06 INFO  : Split mode is enabled for R5#1
10:24:06 INFO  : 'targets -set -filter {jtag_cable_name =~ "Enclustra GmbH Module Link enclustraA" && level==0 && jtag_device_ctx=="jsn-Module Link-enclustraA-04721093-0"}' command is executed.
10:24:11 INFO  : Device configured successfully with "D:/Work/Vitis_workspace_FPGAVerification/ServoDrive_CB_FPGAVerification/_ide/bitstream/Mercury_XU5_PE1.bit"
10:24:11 INFO  : Context for 'APU' is selected.
10:24:11 INFO  : Hardware design and registers information is loaded from 'D:/Work/Vitis_workspace_FPGAVerification/Mercury_XU5_PE1/export/Mercury_XU5_PE1/hw/Mercury_XU5_PE1.xsa'.
10:24:11 INFO  : 'configparams force-mem-access 1' command is executed.
10:24:11 INFO  : Context for 'APU' is selected.
10:24:11 INFO  : Sourcing of 'D:/Work/Vitis_workspace_FPGAVerification/ServoDrive_CB_FPGAVerification/_ide/psinit/psu_init.tcl' is done.
10:24:12 INFO  : 'psu_init' command is executed.
10:24:12 INFO  : Sourcing of 'C:/Xilinx/Vitis/2023.1/scripts/vitis/util/fsbl.tcl' is done.
10:24:12 INFO  : 'catch {XFsbl_DdrEccInit}' command is executed.
10:24:13 INFO  : 'after 1000' command is executed.
10:24:13 INFO  : 'psu_ps_pl_isolation_removal' command is executed.
10:24:14 INFO  : 'after 1000' command is executed.
10:24:14 INFO  : 'psu_ps_pl_reset_config' command is executed.
10:24:14 INFO  : 'catch {psu_protection}' command is executed.
10:24:14 INFO  : Context for processor 'psu_cortexa53_0' is selected.
10:24:14 INFO  : Processor reset is completed for 'psu_cortexa53_0'.
10:24:19 INFO  : The application 'D:/Work/Vitis_workspace_FPGAVerification/ServoDrive_CB_FPGAVerification/Debug/ServoDrive_CB_FPGAVerification.elf' is downloaded to processor 'psu_cortexa53_0'.
10:24:19 INFO  : 'configparams force-mem-access 0' command is executed.
10:24:19 INFO  : ----------------XSDB Script----------------
connect -path [list tcp::1541 tcp:localhost:3122]
source C:/Xilinx/Vitis/2023.1/scripts/vitis/util/zynqmp_utils.tcl
targets -set -nocase -filter {name =~"APU*"}
rst -system
after 3000
targets -set -nocase -filter {name =~"APU*"}
reset_apu
targets -set -nocase -filter {name =~"RPU*"}
clear_rpu_reset
enable_split_mode
targets -set -filter {jtag_cable_name =~ "Enclustra GmbH Module Link enclustraA" && level==0 && jtag_device_ctx=="jsn-Module Link-enclustraA-04721093-0"}
fpga -file D:/Work/Vitis_workspace_FPGAVerification/ServoDrive_CB_FPGAVerification/_ide/bitstream/Mercury_XU5_PE1.bit
targets -set -nocase -filter {name =~"APU*"}
loadhw -hw D:/Work/Vitis_workspace_FPGAVerification/Mercury_XU5_PE1/export/Mercury_XU5_PE1/hw/Mercury_XU5_PE1.xsa -mem-ranges [list {0x80000000 0xbfffffff} {0x400000000 0x5ffffffff} {0x1000000000 0x7fffffffff}] -regs
configparams force-mem-access 1
targets -set -nocase -filter {name =~"APU*"}
source D:/Work/Vitis_workspace_FPGAVerification/ServoDrive_CB_FPGAVerification/_ide/psinit/psu_init.tcl
psu_init
source C:/Xilinx/Vitis/2023.1/scripts/vitis/util/fsbl.tcl
catch {XFsbl_DdrEccInit}
after 1000
psu_ps_pl_isolation_removal
after 1000
psu_ps_pl_reset_config
catch {psu_protection}
targets -set -nocase -filter {name =~ "*A53*#0"}
rst -processor
dow D:/Work/Vitis_workspace_FPGAVerification/ServoDrive_CB_FPGAVerification/Debug/ServoDrive_CB_FPGAVerification.elf
configparams force-mem-access 0
----------------End of Script----------------

10:24:19 INFO  : Context for processor 'psu_cortexa53_0' is selected.
10:24:19 INFO  : 'con' command is executed.
10:24:19 INFO  : ----------------XSDB Script (After Launch)----------------
targets -set -nocase -filter {name =~ "*A53*#0"}
con
----------------End of Script----------------

10:24:19 INFO  : Launch script is exported to file 'D:\Work\Vitis_workspace_FPGAVerification\ServoDrive_CB_FPGAVerification_system\_ide\scripts\debugger_servodrive_cb_fpgaverification-default.tcl'
10:25:04 INFO  : Checking for BSP changes to sync application flags for project 'ServoDrive_CB_FPGAVerification'...
10:26:07 INFO  : Disconnected from the channel tcfchan#28.
10:26:08 INFO  : Connected through redirection to target on host 'localhost' and port '3122'.
10:26:08 INFO  : Jtag cable 'Enclustra GmbH Module Link enclustraA' is selected.
10:26:08 INFO  : 'jtag frequency' command is executed.
10:26:08 INFO  : Sourcing of 'C:/Xilinx/Vitis/2023.1/scripts/vitis/util/zynqmp_utils.tcl' is done.
10:26:08 INFO  : Context for 'APU' is selected.
10:26:09 INFO  : System reset is completed.
10:26:12 INFO  : 'after 3000' command is executed.
10:26:12 INFO  : Context for 'APU' is selected.
10:26:12 INFO  : Cleared APU and A53 resets
10:26:12 INFO  : Context for 'RPU' is selected.
10:26:15 INFO  : Cleared RPU and R5 resets
10:26:15 INFO  : Split mode is enabled for R5#1
10:26:15 INFO  : 'targets -set -filter {jtag_cable_name =~ "Enclustra GmbH Module Link enclustraA" && level==0 && jtag_device_ctx=="jsn-Module Link-enclustraA-04721093-0"}' command is executed.
10:26:20 INFO  : Device configured successfully with "D:/Work/Vitis_workspace_FPGAVerification/ServoDrive_CB_FPGAVerification/_ide/bitstream/Mercury_XU5_PE1.bit"
10:26:20 INFO  : Context for 'APU' is selected.
10:26:20 INFO  : Hardware design and registers information is loaded from 'D:/Work/Vitis_workspace_FPGAVerification/Mercury_XU5_PE1/export/Mercury_XU5_PE1/hw/Mercury_XU5_PE1.xsa'.
10:26:20 INFO  : 'configparams force-mem-access 1' command is executed.
10:26:20 INFO  : Context for 'APU' is selected.
10:26:20 INFO  : Sourcing of 'D:/Work/Vitis_workspace_FPGAVerification/ServoDrive_CB_FPGAVerification/_ide/psinit/psu_init.tcl' is done.
10:26:21 INFO  : 'psu_init' command is executed.
10:26:21 INFO  : Sourcing of 'C:/Xilinx/Vitis/2023.1/scripts/vitis/util/fsbl.tcl' is done.
10:26:21 INFO  : 'catch {XFsbl_DdrEccInit}' command is executed.
10:26:22 INFO  : 'after 1000' command is executed.
10:26:22 INFO  : 'psu_ps_pl_isolation_removal' command is executed.
10:26:23 INFO  : 'after 1000' command is executed.
10:26:24 INFO  : 'psu_ps_pl_reset_config' command is executed.
10:26:24 INFO  : 'catch {psu_protection}' command is executed.
10:26:24 INFO  : Context for processor 'psu_cortexa53_0' is selected.
10:26:24 INFO  : Processor reset is completed for 'psu_cortexa53_0'.
10:26:28 INFO  : The application 'D:/Work/Vitis_workspace_FPGAVerification/ServoDrive_CB_FPGAVerification/Debug/ServoDrive_CB_FPGAVerification.elf' is downloaded to processor 'psu_cortexa53_0'.
10:26:29 INFO  : 'configparams force-mem-access 0' command is executed.
10:26:29 INFO  : ----------------XSDB Script----------------
connect -path [list tcp::1541 tcp:localhost:3122]
source C:/Xilinx/Vitis/2023.1/scripts/vitis/util/zynqmp_utils.tcl
targets -set -nocase -filter {name =~"APU*"}
rst -system
after 3000
targets -set -nocase -filter {name =~"APU*"}
reset_apu
targets -set -nocase -filter {name =~"RPU*"}
clear_rpu_reset
enable_split_mode
targets -set -filter {jtag_cable_name =~ "Enclustra GmbH Module Link enclustraA" && level==0 && jtag_device_ctx=="jsn-Module Link-enclustraA-04721093-0"}
fpga -file D:/Work/Vitis_workspace_FPGAVerification/ServoDrive_CB_FPGAVerification/_ide/bitstream/Mercury_XU5_PE1.bit
targets -set -nocase -filter {name =~"APU*"}
loadhw -hw D:/Work/Vitis_workspace_FPGAVerification/Mercury_XU5_PE1/export/Mercury_XU5_PE1/hw/Mercury_XU5_PE1.xsa -mem-ranges [list {0x80000000 0xbfffffff} {0x400000000 0x5ffffffff} {0x1000000000 0x7fffffffff}] -regs
configparams force-mem-access 1
targets -set -nocase -filter {name =~"APU*"}
source D:/Work/Vitis_workspace_FPGAVerification/ServoDrive_CB_FPGAVerification/_ide/psinit/psu_init.tcl
psu_init
source C:/Xilinx/Vitis/2023.1/scripts/vitis/util/fsbl.tcl
catch {XFsbl_DdrEccInit}
after 1000
psu_ps_pl_isolation_removal
after 1000
psu_ps_pl_reset_config
catch {psu_protection}
targets -set -nocase -filter {name =~ "*A53*#0"}
rst -processor
dow D:/Work/Vitis_workspace_FPGAVerification/ServoDrive_CB_FPGAVerification/Debug/ServoDrive_CB_FPGAVerification.elf
configparams force-mem-access 0
----------------End of Script----------------

10:26:29 INFO  : Context for processor 'psu_cortexa53_0' is selected.
10:26:29 INFO  : 'con' command is executed.
10:26:29 INFO  : ----------------XSDB Script (After Launch)----------------
targets -set -nocase -filter {name =~ "*A53*#0"}
con
----------------End of Script----------------

10:26:29 INFO  : Launch script is exported to file 'D:\Work\Vitis_workspace_FPGAVerification\ServoDrive_CB_FPGAVerification_system\_ide\scripts\debugger_servodrive_cb_fpgaverification-default.tcl'
10:30:01 INFO  : Checking for BSP changes to sync application flags for project 'ServoDrive_CB_FPGAVerification'...
10:30:09 INFO  : Disconnected from the channel tcfchan#29.
10:30:10 INFO  : Connected through redirection to target on host 'localhost' and port '3122'.
10:30:10 INFO  : Jtag cable 'Enclustra GmbH Module Link enclustraA' is selected.
10:30:10 INFO  : 'jtag frequency' command is executed.
10:30:10 INFO  : Sourcing of 'C:/Xilinx/Vitis/2023.1/scripts/vitis/util/zynqmp_utils.tcl' is done.
10:30:10 INFO  : Context for 'APU' is selected.
10:30:10 INFO  : System reset is completed.
10:30:13 INFO  : 'after 3000' command is executed.
10:30:13 INFO  : Context for 'APU' is selected.
10:30:13 INFO  : Cleared APU and A53 resets
10:30:13 INFO  : Context for 'RPU' is selected.
10:30:16 INFO  : Cleared RPU and R5 resets
10:30:16 INFO  : Split mode is enabled for R5#1
10:30:16 INFO  : 'targets -set -filter {jtag_cable_name =~ "Enclustra GmbH Module Link enclustraA" && level==0 && jtag_device_ctx=="jsn-Module Link-enclustraA-04721093-0"}' command is executed.
10:30:21 INFO  : Device configured successfully with "D:/Work/Vitis_workspace_FPGAVerification/ServoDrive_CB_FPGAVerification/_ide/bitstream/Mercury_XU5_PE1.bit"
10:30:21 INFO  : Context for 'APU' is selected.
10:30:21 INFO  : Hardware design and registers information is loaded from 'D:/Work/Vitis_workspace_FPGAVerification/Mercury_XU5_PE1/export/Mercury_XU5_PE1/hw/Mercury_XU5_PE1.xsa'.
10:30:21 INFO  : 'configparams force-mem-access 1' command is executed.
10:30:21 INFO  : Context for 'APU' is selected.
10:30:21 INFO  : Sourcing of 'D:/Work/Vitis_workspace_FPGAVerification/ServoDrive_CB_FPGAVerification/_ide/psinit/psu_init.tcl' is done.
10:30:22 INFO  : 'psu_init' command is executed.
10:30:22 INFO  : Sourcing of 'C:/Xilinx/Vitis/2023.1/scripts/vitis/util/fsbl.tcl' is done.
10:30:23 INFO  : 'catch {XFsbl_DdrEccInit}' command is executed.
10:30:24 INFO  : 'after 1000' command is executed.
10:30:24 INFO  : 'psu_ps_pl_isolation_removal' command is executed.
10:30:25 INFO  : 'after 1000' command is executed.
10:30:25 INFO  : 'psu_ps_pl_reset_config' command is executed.
10:30:25 INFO  : 'catch {psu_protection}' command is executed.
10:30:25 INFO  : Context for processor 'psu_cortexa53_0' is selected.
10:30:25 INFO  : Processor reset is completed for 'psu_cortexa53_0'.
10:30:30 INFO  : The application 'D:/Work/Vitis_workspace_FPGAVerification/ServoDrive_CB_FPGAVerification/Debug/ServoDrive_CB_FPGAVerification.elf' is downloaded to processor 'psu_cortexa53_0'.
10:30:30 INFO  : 'configparams force-mem-access 0' command is executed.
10:30:30 INFO  : ----------------XSDB Script----------------
connect -path [list tcp::1541 tcp:localhost:3122]
source C:/Xilinx/Vitis/2023.1/scripts/vitis/util/zynqmp_utils.tcl
targets -set -nocase -filter {name =~"APU*"}
rst -system
after 3000
targets -set -nocase -filter {name =~"APU*"}
reset_apu
targets -set -nocase -filter {name =~"RPU*"}
clear_rpu_reset
enable_split_mode
targets -set -filter {jtag_cable_name =~ "Enclustra GmbH Module Link enclustraA" && level==0 && jtag_device_ctx=="jsn-Module Link-enclustraA-04721093-0"}
fpga -file D:/Work/Vitis_workspace_FPGAVerification/ServoDrive_CB_FPGAVerification/_ide/bitstream/Mercury_XU5_PE1.bit
targets -set -nocase -filter {name =~"APU*"}
loadhw -hw D:/Work/Vitis_workspace_FPGAVerification/Mercury_XU5_PE1/export/Mercury_XU5_PE1/hw/Mercury_XU5_PE1.xsa -mem-ranges [list {0x80000000 0xbfffffff} {0x400000000 0x5ffffffff} {0x1000000000 0x7fffffffff}] -regs
configparams force-mem-access 1
targets -set -nocase -filter {name =~"APU*"}
source D:/Work/Vitis_workspace_FPGAVerification/ServoDrive_CB_FPGAVerification/_ide/psinit/psu_init.tcl
psu_init
source C:/Xilinx/Vitis/2023.1/scripts/vitis/util/fsbl.tcl
catch {XFsbl_DdrEccInit}
after 1000
psu_ps_pl_isolation_removal
after 1000
psu_ps_pl_reset_config
catch {psu_protection}
targets -set -nocase -filter {name =~ "*A53*#0"}
rst -processor
dow D:/Work/Vitis_workspace_FPGAVerification/ServoDrive_CB_FPGAVerification/Debug/ServoDrive_CB_FPGAVerification.elf
configparams force-mem-access 0
----------------End of Script----------------

10:30:30 INFO  : Context for processor 'psu_cortexa53_0' is selected.
10:30:30 INFO  : 'con' command is executed.
10:30:30 INFO  : ----------------XSDB Script (After Launch)----------------
targets -set -nocase -filter {name =~ "*A53*#0"}
con
----------------End of Script----------------

10:30:30 INFO  : Launch script is exported to file 'D:\Work\Vitis_workspace_FPGAVerification\ServoDrive_CB_FPGAVerification_system\_ide\scripts\debugger_servodrive_cb_fpgaverification-default.tcl'
14:16:34 INFO  : Checking for BSP changes to sync application flags for project 'ServoDrive_CB_FPGAVerification'...
14:17:14 INFO  : Checking for BSP changes to sync application flags for project 'ServoDrive_CB_FPGAVerification'...
14:17:29 INFO  : Disconnected from the channel tcfchan#30.
14:17:30 INFO  : Connected through redirection to target on host 'localhost' and port '3122'.
14:17:30 INFO  : Jtag cable 'Enclustra GmbH Module Link enclustraA' is selected.
14:17:30 INFO  : 'jtag frequency' command is executed.
14:17:30 INFO  : Sourcing of 'C:/Xilinx/Vitis/2023.1/scripts/vitis/util/zynqmp_utils.tcl' is done.
14:17:30 INFO  : Context for 'APU' is selected.
14:17:30 INFO  : System reset is completed.
14:17:33 INFO  : 'after 3000' command is executed.
14:17:33 INFO  : Context for 'APU' is selected.
14:17:34 INFO  : Cleared APU and A53 resets
14:17:34 INFO  : Context for 'RPU' is selected.
14:17:37 INFO  : Cleared RPU and R5 resets
14:17:37 INFO  : Split mode is enabled for R5#1
14:17:37 INFO  : 'targets -set -filter {jtag_cable_name =~ "Enclustra GmbH Module Link enclustraA" && level==0 && jtag_device_ctx=="jsn-Module Link-enclustraA-04721093-0"}' command is executed.
14:17:41 INFO  : Device configured successfully with "D:/Work/Vitis_workspace_FPGAVerification/ServoDrive_CB_FPGAVerification/_ide/bitstream/Mercury_XU5_PE1.bit"
14:17:41 INFO  : Context for 'APU' is selected.
14:17:41 INFO  : Hardware design and registers information is loaded from 'D:/Work/Vitis_workspace_FPGAVerification/Mercury_XU5_PE1/export/Mercury_XU5_PE1/hw/Mercury_XU5_PE1.xsa'.
14:17:41 INFO  : 'configparams force-mem-access 1' command is executed.
14:17:41 INFO  : Context for 'APU' is selected.
14:17:41 INFO  : Sourcing of 'D:/Work/Vitis_workspace_FPGAVerification/ServoDrive_CB_FPGAVerification/_ide/psinit/psu_init.tcl' is done.
14:17:42 INFO  : 'psu_init' command is executed.
14:17:42 INFO  : Sourcing of 'C:/Xilinx/Vitis/2023.1/scripts/vitis/util/fsbl.tcl' is done.
14:17:43 INFO  : 'catch {XFsbl_DdrEccInit}' command is executed.
14:17:44 INFO  : 'after 1000' command is executed.
14:17:44 INFO  : 'psu_ps_pl_isolation_removal' command is executed.
14:17:45 INFO  : 'after 1000' command is executed.
14:17:45 INFO  : 'psu_ps_pl_reset_config' command is executed.
14:17:45 INFO  : 'catch {psu_protection}' command is executed.
14:17:45 INFO  : Context for processor 'psu_cortexa53_0' is selected.
14:17:45 INFO  : Processor reset is completed for 'psu_cortexa53_0'.
14:17:50 INFO  : The application 'D:/Work/Vitis_workspace_FPGAVerification/ServoDrive_CB_FPGAVerification/Debug/ServoDrive_CB_FPGAVerification.elf' is downloaded to processor 'psu_cortexa53_0'.
14:17:50 INFO  : 'configparams force-mem-access 0' command is executed.
14:17:50 INFO  : ----------------XSDB Script----------------
connect -path [list tcp::1541 tcp:localhost:3122]
source C:/Xilinx/Vitis/2023.1/scripts/vitis/util/zynqmp_utils.tcl
targets -set -nocase -filter {name =~"APU*"}
rst -system
after 3000
targets -set -nocase -filter {name =~"APU*"}
reset_apu
targets -set -nocase -filter {name =~"RPU*"}
clear_rpu_reset
enable_split_mode
targets -set -filter {jtag_cable_name =~ "Enclustra GmbH Module Link enclustraA" && level==0 && jtag_device_ctx=="jsn-Module Link-enclustraA-04721093-0"}
fpga -file D:/Work/Vitis_workspace_FPGAVerification/ServoDrive_CB_FPGAVerification/_ide/bitstream/Mercury_XU5_PE1.bit
targets -set -nocase -filter {name =~"APU*"}
loadhw -hw D:/Work/Vitis_workspace_FPGAVerification/Mercury_XU5_PE1/export/Mercury_XU5_PE1/hw/Mercury_XU5_PE1.xsa -mem-ranges [list {0x80000000 0xbfffffff} {0x400000000 0x5ffffffff} {0x1000000000 0x7fffffffff}] -regs
configparams force-mem-access 1
targets -set -nocase -filter {name =~"APU*"}
source D:/Work/Vitis_workspace_FPGAVerification/ServoDrive_CB_FPGAVerification/_ide/psinit/psu_init.tcl
psu_init
source C:/Xilinx/Vitis/2023.1/scripts/vitis/util/fsbl.tcl
catch {XFsbl_DdrEccInit}
after 1000
psu_ps_pl_isolation_removal
after 1000
psu_ps_pl_reset_config
catch {psu_protection}
targets -set -nocase -filter {name =~ "*A53*#0"}
rst -processor
dow D:/Work/Vitis_workspace_FPGAVerification/ServoDrive_CB_FPGAVerification/Debug/ServoDrive_CB_FPGAVerification.elf
configparams force-mem-access 0
----------------End of Script----------------

14:17:50 INFO  : Context for processor 'psu_cortexa53_0' is selected.
14:17:50 INFO  : 'con' command is executed.
14:17:50 INFO  : ----------------XSDB Script (After Launch)----------------
targets -set -nocase -filter {name =~ "*A53*#0"}
con
----------------End of Script----------------

14:17:50 INFO  : Launch script is exported to file 'D:\Work\Vitis_workspace_FPGAVerification\ServoDrive_CB_FPGAVerification_system\_ide\scripts\debugger_servodrive_cb_fpgaverification-default.tcl'
14:19:31 INFO  : Checking for BSP changes to sync application flags for project 'ServoDrive_CB_FPGAVerification'...
14:20:38 INFO  : Checking for BSP changes to sync application flags for project 'ServoDrive_CB_FPGAVerification'...
14:21:00 INFO  : Disconnected from the channel tcfchan#31.
14:21:01 INFO  : Connected through redirection to target on host 'localhost' and port '3122'.
14:21:01 INFO  : Jtag cable 'Enclustra GmbH Module Link enclustraA' is selected.
14:21:01 INFO  : 'jtag frequency' command is executed.
14:21:01 INFO  : Sourcing of 'C:/Xilinx/Vitis/2023.1/scripts/vitis/util/zynqmp_utils.tcl' is done.
14:21:01 INFO  : Context for 'APU' is selected.
14:21:01 INFO  : System reset is completed.
14:21:04 INFO  : 'after 3000' command is executed.
14:21:04 INFO  : Context for 'APU' is selected.
14:21:04 INFO  : Cleared APU and A53 resets
14:21:04 INFO  : Context for 'RPU' is selected.
14:21:07 INFO  : Cleared RPU and R5 resets
14:21:07 INFO  : Split mode is enabled for R5#1
14:21:07 INFO  : 'targets -set -filter {jtag_cable_name =~ "Enclustra GmbH Module Link enclustraA" && level==0 && jtag_device_ctx=="jsn-Module Link-enclustraA-04721093-0"}' command is executed.
14:21:12 INFO  : Device configured successfully with "D:/Work/Vitis_workspace_FPGAVerification/ServoDrive_CB_FPGAVerification/_ide/bitstream/Mercury_XU5_PE1.bit"
14:21:12 INFO  : Context for 'APU' is selected.
14:21:12 INFO  : Hardware design and registers information is loaded from 'D:/Work/Vitis_workspace_FPGAVerification/Mercury_XU5_PE1/export/Mercury_XU5_PE1/hw/Mercury_XU5_PE1.xsa'.
14:21:12 INFO  : 'configparams force-mem-access 1' command is executed.
14:21:12 INFO  : Context for 'APU' is selected.
14:21:12 INFO  : Sourcing of 'D:/Work/Vitis_workspace_FPGAVerification/ServoDrive_CB_FPGAVerification/_ide/psinit/psu_init.tcl' is done.
14:21:13 INFO  : 'psu_init' command is executed.
14:21:13 INFO  : Sourcing of 'C:/Xilinx/Vitis/2023.1/scripts/vitis/util/fsbl.tcl' is done.
14:21:14 INFO  : 'catch {XFsbl_DdrEccInit}' command is executed.
14:21:15 INFO  : 'after 1000' command is executed.
14:21:15 INFO  : 'psu_ps_pl_isolation_removal' command is executed.
14:21:16 INFO  : 'after 1000' command is executed.
14:21:16 INFO  : 'psu_ps_pl_reset_config' command is executed.
14:21:16 INFO  : 'catch {psu_protection}' command is executed.
14:21:16 INFO  : Context for processor 'psu_cortexa53_0' is selected.
14:21:16 INFO  : Processor reset is completed for 'psu_cortexa53_0'.
14:21:21 INFO  : The application 'D:/Work/Vitis_workspace_FPGAVerification/ServoDrive_CB_FPGAVerification/Debug/ServoDrive_CB_FPGAVerification.elf' is downloaded to processor 'psu_cortexa53_0'.
14:21:21 INFO  : 'configparams force-mem-access 0' command is executed.
14:21:21 INFO  : ----------------XSDB Script----------------
connect -path [list tcp::1541 tcp:localhost:3122]
source C:/Xilinx/Vitis/2023.1/scripts/vitis/util/zynqmp_utils.tcl
targets -set -nocase -filter {name =~"APU*"}
rst -system
after 3000
targets -set -nocase -filter {name =~"APU*"}
reset_apu
targets -set -nocase -filter {name =~"RPU*"}
clear_rpu_reset
enable_split_mode
targets -set -filter {jtag_cable_name =~ "Enclustra GmbH Module Link enclustraA" && level==0 && jtag_device_ctx=="jsn-Module Link-enclustraA-04721093-0"}
fpga -file D:/Work/Vitis_workspace_FPGAVerification/ServoDrive_CB_FPGAVerification/_ide/bitstream/Mercury_XU5_PE1.bit
targets -set -nocase -filter {name =~"APU*"}
loadhw -hw D:/Work/Vitis_workspace_FPGAVerification/Mercury_XU5_PE1/export/Mercury_XU5_PE1/hw/Mercury_XU5_PE1.xsa -mem-ranges [list {0x80000000 0xbfffffff} {0x400000000 0x5ffffffff} {0x1000000000 0x7fffffffff}] -regs
configparams force-mem-access 1
targets -set -nocase -filter {name =~"APU*"}
source D:/Work/Vitis_workspace_FPGAVerification/ServoDrive_CB_FPGAVerification/_ide/psinit/psu_init.tcl
psu_init
source C:/Xilinx/Vitis/2023.1/scripts/vitis/util/fsbl.tcl
catch {XFsbl_DdrEccInit}
after 1000
psu_ps_pl_isolation_removal
after 1000
psu_ps_pl_reset_config
catch {psu_protection}
targets -set -nocase -filter {name =~ "*A53*#0"}
rst -processor
dow D:/Work/Vitis_workspace_FPGAVerification/ServoDrive_CB_FPGAVerification/Debug/ServoDrive_CB_FPGAVerification.elf
configparams force-mem-access 0
----------------End of Script----------------

14:21:21 INFO  : Context for processor 'psu_cortexa53_0' is selected.
14:21:21 INFO  : 'con' command is executed.
14:21:21 INFO  : ----------------XSDB Script (After Launch)----------------
targets -set -nocase -filter {name =~ "*A53*#0"}
con
----------------End of Script----------------

14:21:21 INFO  : Launch script is exported to file 'D:\Work\Vitis_workspace_FPGAVerification\ServoDrive_CB_FPGAVerification_system\_ide\scripts\debugger_servodrive_cb_fpgaverification-default.tcl'
14:21:48 INFO  : Disconnected from the channel tcfchan#32.
14:21:50 INFO  : Connected through redirection to target on host 'localhost' and port '3122'.
14:21:50 INFO  : Jtag cable 'Enclustra GmbH Module Link enclustraA' is selected.
14:21:50 INFO  : 'jtag frequency' command is executed.
14:21:50 INFO  : Sourcing of 'C:/Xilinx/Vitis/2023.1/scripts/vitis/util/zynqmp_utils.tcl' is done.
14:21:50 INFO  : Context for 'APU' is selected.
14:21:50 INFO  : System reset is completed.
14:21:53 INFO  : 'after 3000' command is executed.
14:21:53 INFO  : Context for 'APU' is selected.
14:21:53 INFO  : Cleared APU and A53 resets
14:21:53 INFO  : Context for 'RPU' is selected.
14:21:57 INFO  : Cleared RPU and R5 resets
14:21:57 INFO  : Split mode is enabled for R5#1
14:21:57 INFO  : 'targets -set -filter {jtag_cable_name =~ "Enclustra GmbH Module Link enclustraA" && level==0 && jtag_device_ctx=="jsn-Module Link-enclustraA-04721093-0"}' command is executed.
14:22:01 INFO  : Device configured successfully with "D:/Work/Vitis_workspace_FPGAVerification/ServoDrive_CB_FPGAVerification/_ide/bitstream/Mercury_XU5_PE1.bit"
14:22:01 INFO  : Context for 'APU' is selected.
14:22:01 INFO  : Hardware design and registers information is loaded from 'D:/Work/Vitis_workspace_FPGAVerification/Mercury_XU5_PE1/export/Mercury_XU5_PE1/hw/Mercury_XU5_PE1.xsa'.
14:22:01 INFO  : 'configparams force-mem-access 1' command is executed.
14:22:01 INFO  : Context for 'APU' is selected.
14:22:01 INFO  : Sourcing of 'D:/Work/Vitis_workspace_FPGAVerification/ServoDrive_CB_FPGAVerification/_ide/psinit/psu_init.tcl' is done.
14:22:02 INFO  : 'psu_init' command is executed.
14:22:02 INFO  : Sourcing of 'C:/Xilinx/Vitis/2023.1/scripts/vitis/util/fsbl.tcl' is done.
14:22:03 INFO  : 'catch {XFsbl_DdrEccInit}' command is executed.
14:22:04 INFO  : 'after 1000' command is executed.
14:22:04 INFO  : 'psu_ps_pl_isolation_removal' command is executed.
14:22:05 INFO  : 'after 1000' command is executed.
14:22:05 INFO  : 'psu_ps_pl_reset_config' command is executed.
14:22:05 INFO  : 'catch {psu_protection}' command is executed.
14:22:05 INFO  : Context for processor 'psu_cortexa53_0' is selected.
14:22:05 INFO  : Processor reset is completed for 'psu_cortexa53_0'.
14:22:10 INFO  : The application 'D:/Work/Vitis_workspace_FPGAVerification/ServoDrive_CB_FPGAVerification/Debug/ServoDrive_CB_FPGAVerification.elf' is downloaded to processor 'psu_cortexa53_0'.
14:22:10 INFO  : 'configparams force-mem-access 0' command is executed.
14:22:10 INFO  : ----------------XSDB Script----------------
connect -path [list tcp::1541 tcp:localhost:3122]
source C:/Xilinx/Vitis/2023.1/scripts/vitis/util/zynqmp_utils.tcl
targets -set -nocase -filter {name =~"APU*"}
rst -system
after 3000
targets -set -nocase -filter {name =~"APU*"}
reset_apu
targets -set -nocase -filter {name =~"RPU*"}
clear_rpu_reset
enable_split_mode
targets -set -filter {jtag_cable_name =~ "Enclustra GmbH Module Link enclustraA" && level==0 && jtag_device_ctx=="jsn-Module Link-enclustraA-04721093-0"}
fpga -file D:/Work/Vitis_workspace_FPGAVerification/ServoDrive_CB_FPGAVerification/_ide/bitstream/Mercury_XU5_PE1.bit
targets -set -nocase -filter {name =~"APU*"}
loadhw -hw D:/Work/Vitis_workspace_FPGAVerification/Mercury_XU5_PE1/export/Mercury_XU5_PE1/hw/Mercury_XU5_PE1.xsa -mem-ranges [list {0x80000000 0xbfffffff} {0x400000000 0x5ffffffff} {0x1000000000 0x7fffffffff}] -regs
configparams force-mem-access 1
targets -set -nocase -filter {name =~"APU*"}
source D:/Work/Vitis_workspace_FPGAVerification/ServoDrive_CB_FPGAVerification/_ide/psinit/psu_init.tcl
psu_init
source C:/Xilinx/Vitis/2023.1/scripts/vitis/util/fsbl.tcl
catch {XFsbl_DdrEccInit}
after 1000
psu_ps_pl_isolation_removal
after 1000
psu_ps_pl_reset_config
catch {psu_protection}
targets -set -nocase -filter {name =~ "*A53*#0"}
rst -processor
dow D:/Work/Vitis_workspace_FPGAVerification/ServoDrive_CB_FPGAVerification/Debug/ServoDrive_CB_FPGAVerification.elf
configparams force-mem-access 0
----------------End of Script----------------

14:22:10 INFO  : Context for processor 'psu_cortexa53_0' is selected.
14:22:10 INFO  : 'con' command is executed.
14:22:10 INFO  : ----------------XSDB Script (After Launch)----------------
targets -set -nocase -filter {name =~ "*A53*#0"}
con
----------------End of Script----------------

14:22:10 INFO  : Launch script is exported to file 'D:\Work\Vitis_workspace_FPGAVerification\ServoDrive_CB_FPGAVerification_system\_ide\scripts\debugger_servodrive_cb_fpgaverification-default.tcl'
14:51:17 INFO  : Checking for BSP changes to sync application flags for project 'ServoDrive_CB_FPGAVerification'...
14:51:51 INFO  : Checking for BSP changes to sync application flags for project 'ServoDrive_CB_FPGAVerification'...
14:52:16 INFO  : Checking for BSP changes to sync application flags for project 'ServoDrive_CB_FPGAVerification'...
14:53:57 INFO  : Checking for BSP changes to sync application flags for project 'ServoDrive_CB_FPGAVerification'...
14:54:32 INFO  : Disconnected from the channel tcfchan#33.
14:54:33 INFO  : Connected through redirection to target on host 'localhost' and port '3122'.
14:54:33 INFO  : Jtag cable 'Enclustra GmbH Module Link enclustraA' is selected.
14:54:33 INFO  : 'jtag frequency' command is executed.
14:54:33 INFO  : Sourcing of 'C:/Xilinx/Vitis/2023.1/scripts/vitis/util/zynqmp_utils.tcl' is done.
14:54:33 INFO  : Context for 'APU' is selected.
14:54:33 INFO  : System reset is completed.
14:54:36 INFO  : 'after 3000' command is executed.
14:54:36 INFO  : Context for 'APU' is selected.
14:54:37 INFO  : Cleared APU and A53 resets
14:54:37 INFO  : Context for 'RPU' is selected.
14:54:40 INFO  : Cleared RPU and R5 resets
14:54:40 INFO  : Split mode is enabled for R5#1
14:54:40 INFO  : 'targets -set -filter {jtag_cable_name =~ "Enclustra GmbH Module Link enclustraA" && level==0 && jtag_device_ctx=="jsn-Module Link-enclustraA-04721093-0"}' command is executed.
14:54:44 INFO  : Device configured successfully with "D:/Work/Vitis_workspace_FPGAVerification/ServoDrive_CB_FPGAVerification/_ide/bitstream/Mercury_XU5_PE1.bit"
14:54:44 INFO  : Context for 'APU' is selected.
14:54:44 INFO  : Hardware design and registers information is loaded from 'D:/Work/Vitis_workspace_FPGAVerification/Mercury_XU5_PE1/export/Mercury_XU5_PE1/hw/Mercury_XU5_PE1.xsa'.
14:54:44 INFO  : 'configparams force-mem-access 1' command is executed.
14:54:44 INFO  : Context for 'APU' is selected.
14:54:44 INFO  : Sourcing of 'D:/Work/Vitis_workspace_FPGAVerification/ServoDrive_CB_FPGAVerification/_ide/psinit/psu_init.tcl' is done.
14:54:45 INFO  : 'psu_init' command is executed.
14:54:45 INFO  : Sourcing of 'C:/Xilinx/Vitis/2023.1/scripts/vitis/util/fsbl.tcl' is done.
14:54:46 INFO  : 'catch {XFsbl_DdrEccInit}' command is executed.
14:54:47 INFO  : 'after 1000' command is executed.
14:54:47 INFO  : 'psu_ps_pl_isolation_removal' command is executed.
14:54:48 INFO  : 'after 1000' command is executed.
14:54:48 INFO  : 'psu_ps_pl_reset_config' command is executed.
14:54:48 INFO  : 'catch {psu_protection}' command is executed.
14:54:48 INFO  : Context for processor 'psu_cortexa53_0' is selected.
14:54:48 INFO  : Processor reset is completed for 'psu_cortexa53_0'.
14:54:53 INFO  : The application 'D:/Work/Vitis_workspace_FPGAVerification/ServoDrive_CB_FPGAVerification/Debug/ServoDrive_CB_FPGAVerification.elf' is downloaded to processor 'psu_cortexa53_0'.
14:54:53 INFO  : 'configparams force-mem-access 0' command is executed.
14:54:53 INFO  : ----------------XSDB Script----------------
connect -path [list tcp::1541 tcp:localhost:3122]
source C:/Xilinx/Vitis/2023.1/scripts/vitis/util/zynqmp_utils.tcl
targets -set -nocase -filter {name =~"APU*"}
rst -system
after 3000
targets -set -nocase -filter {name =~"APU*"}
reset_apu
targets -set -nocase -filter {name =~"RPU*"}
clear_rpu_reset
enable_split_mode
targets -set -filter {jtag_cable_name =~ "Enclustra GmbH Module Link enclustraA" && level==0 && jtag_device_ctx=="jsn-Module Link-enclustraA-04721093-0"}
fpga -file D:/Work/Vitis_workspace_FPGAVerification/ServoDrive_CB_FPGAVerification/_ide/bitstream/Mercury_XU5_PE1.bit
targets -set -nocase -filter {name =~"APU*"}
loadhw -hw D:/Work/Vitis_workspace_FPGAVerification/Mercury_XU5_PE1/export/Mercury_XU5_PE1/hw/Mercury_XU5_PE1.xsa -mem-ranges [list {0x80000000 0xbfffffff} {0x400000000 0x5ffffffff} {0x1000000000 0x7fffffffff}] -regs
configparams force-mem-access 1
targets -set -nocase -filter {name =~"APU*"}
source D:/Work/Vitis_workspace_FPGAVerification/ServoDrive_CB_FPGAVerification/_ide/psinit/psu_init.tcl
psu_init
source C:/Xilinx/Vitis/2023.1/scripts/vitis/util/fsbl.tcl
catch {XFsbl_DdrEccInit}
after 1000
psu_ps_pl_isolation_removal
after 1000
psu_ps_pl_reset_config
catch {psu_protection}
targets -set -nocase -filter {name =~ "*A53*#0"}
rst -processor
dow D:/Work/Vitis_workspace_FPGAVerification/ServoDrive_CB_FPGAVerification/Debug/ServoDrive_CB_FPGAVerification.elf
configparams force-mem-access 0
----------------End of Script----------------

14:54:53 INFO  : Context for processor 'psu_cortexa53_0' is selected.
14:54:53 INFO  : 'con' command is executed.
14:54:53 INFO  : ----------------XSDB Script (After Launch)----------------
targets -set -nocase -filter {name =~ "*A53*#0"}
con
----------------End of Script----------------

14:54:53 INFO  : Launch script is exported to file 'D:\Work\Vitis_workspace_FPGAVerification\ServoDrive_CB_FPGAVerification_system\_ide\scripts\debugger_servodrive_cb_fpgaverification-default.tcl'
15:27:06 INFO  : Checking for BSP changes to sync application flags for project 'ServoDrive_CB_FPGAVerification'...
15:27:22 INFO  : Disconnected from the channel tcfchan#34.
15:27:23 INFO  : Connected through redirection to target on host 'localhost' and port '3122'.
15:27:23 INFO  : Jtag cable 'Enclustra GmbH Module Link enclustraA' is selected.
15:27:23 INFO  : 'jtag frequency' command is executed.
15:27:23 INFO  : Sourcing of 'C:/Xilinx/Vitis/2023.1/scripts/vitis/util/zynqmp_utils.tcl' is done.
15:27:23 INFO  : Context for 'APU' is selected.
15:27:23 INFO  : System reset is completed.
15:27:26 INFO  : 'after 3000' command is executed.
15:27:26 INFO  : Context for 'APU' is selected.
15:27:27 INFO  : Cleared APU and A53 resets
15:27:27 INFO  : Context for 'RPU' is selected.
15:27:30 INFO  : Cleared RPU and R5 resets
15:27:30 INFO  : Split mode is enabled for R5#1
15:27:30 INFO  : 'targets -set -filter {jtag_cable_name =~ "Enclustra GmbH Module Link enclustraA" && level==0 && jtag_device_ctx=="jsn-Module Link-enclustraA-04721093-0"}' command is executed.
15:27:35 INFO  : Device configured successfully with "D:/Work/Vitis_workspace_FPGAVerification/ServoDrive_CB_FPGAVerification/_ide/bitstream/Mercury_XU5_PE1.bit"
15:27:35 INFO  : Context for 'APU' is selected.
15:27:35 INFO  : Hardware design and registers information is loaded from 'D:/Work/Vitis_workspace_FPGAVerification/Mercury_XU5_PE1/export/Mercury_XU5_PE1/hw/Mercury_XU5_PE1.xsa'.
15:27:35 INFO  : 'configparams force-mem-access 1' command is executed.
15:27:35 INFO  : Context for 'APU' is selected.
15:27:35 INFO  : Sourcing of 'D:/Work/Vitis_workspace_FPGAVerification/ServoDrive_CB_FPGAVerification/_ide/psinit/psu_init.tcl' is done.
15:27:36 INFO  : 'psu_init' command is executed.
15:27:36 INFO  : Sourcing of 'C:/Xilinx/Vitis/2023.1/scripts/vitis/util/fsbl.tcl' is done.
15:27:36 INFO  : 'catch {XFsbl_DdrEccInit}' command is executed.
15:27:37 INFO  : 'after 1000' command is executed.
15:27:37 INFO  : 'psu_ps_pl_isolation_removal' command is executed.
15:27:38 INFO  : 'after 1000' command is executed.
15:27:39 INFO  : 'psu_ps_pl_reset_config' command is executed.
15:27:39 INFO  : 'catch {psu_protection}' command is executed.
15:27:39 INFO  : Context for processor 'psu_cortexa53_0' is selected.
15:27:39 INFO  : Processor reset is completed for 'psu_cortexa53_0'.
15:27:43 INFO  : The application 'D:/Work/Vitis_workspace_FPGAVerification/ServoDrive_CB_FPGAVerification/Debug/ServoDrive_CB_FPGAVerification.elf' is downloaded to processor 'psu_cortexa53_0'.
15:27:43 INFO  : 'configparams force-mem-access 0' command is executed.
15:27:43 INFO  : ----------------XSDB Script----------------
connect -path [list tcp::1541 tcp:localhost:3122]
source C:/Xilinx/Vitis/2023.1/scripts/vitis/util/zynqmp_utils.tcl
targets -set -nocase -filter {name =~"APU*"}
rst -system
after 3000
targets -set -nocase -filter {name =~"APU*"}
reset_apu
targets -set -nocase -filter {name =~"RPU*"}
clear_rpu_reset
enable_split_mode
targets -set -filter {jtag_cable_name =~ "Enclustra GmbH Module Link enclustraA" && level==0 && jtag_device_ctx=="jsn-Module Link-enclustraA-04721093-0"}
fpga -file D:/Work/Vitis_workspace_FPGAVerification/ServoDrive_CB_FPGAVerification/_ide/bitstream/Mercury_XU5_PE1.bit
targets -set -nocase -filter {name =~"APU*"}
loadhw -hw D:/Work/Vitis_workspace_FPGAVerification/Mercury_XU5_PE1/export/Mercury_XU5_PE1/hw/Mercury_XU5_PE1.xsa -mem-ranges [list {0x80000000 0xbfffffff} {0x400000000 0x5ffffffff} {0x1000000000 0x7fffffffff}] -regs
configparams force-mem-access 1
targets -set -nocase -filter {name =~"APU*"}
source D:/Work/Vitis_workspace_FPGAVerification/ServoDrive_CB_FPGAVerification/_ide/psinit/psu_init.tcl
psu_init
source C:/Xilinx/Vitis/2023.1/scripts/vitis/util/fsbl.tcl
catch {XFsbl_DdrEccInit}
after 1000
psu_ps_pl_isolation_removal
after 1000
psu_ps_pl_reset_config
catch {psu_protection}
targets -set -nocase -filter {name =~ "*A53*#0"}
rst -processor
dow D:/Work/Vitis_workspace_FPGAVerification/ServoDrive_CB_FPGAVerification/Debug/ServoDrive_CB_FPGAVerification.elf
configparams force-mem-access 0
----------------End of Script----------------

15:27:44 INFO  : Context for processor 'psu_cortexa53_0' is selected.
15:27:44 INFO  : 'con' command is executed.
15:27:44 INFO  : ----------------XSDB Script (After Launch)----------------
targets -set -nocase -filter {name =~ "*A53*#0"}
con
----------------End of Script----------------

15:27:44 INFO  : Launch script is exported to file 'D:\Work\Vitis_workspace_FPGAVerification\ServoDrive_CB_FPGAVerification_system\_ide\scripts\debugger_servodrive_cb_fpgaverification-default.tcl'
15:29:36 INFO  : Checking for BSP changes to sync application flags for project 'ServoDrive_CB_FPGAVerification'...
15:29:47 INFO  : Disconnected from the channel tcfchan#35.
15:29:48 INFO  : Connected through redirection to target on host 'localhost' and port '3122'.
15:29:48 INFO  : Jtag cable 'Enclustra GmbH Module Link enclustraA' is selected.
15:29:48 INFO  : 'jtag frequency' command is executed.
15:29:48 INFO  : Sourcing of 'C:/Xilinx/Vitis/2023.1/scripts/vitis/util/zynqmp_utils.tcl' is done.
15:29:48 INFO  : Context for 'APU' is selected.
15:29:48 INFO  : System reset is completed.
15:29:51 INFO  : 'after 3000' command is executed.
15:29:51 INFO  : Context for 'APU' is selected.
15:29:51 INFO  : Cleared APU and A53 resets
15:29:51 INFO  : Context for 'RPU' is selected.
15:29:54 INFO  : Cleared RPU and R5 resets
15:29:54 INFO  : Split mode is enabled for R5#1
15:29:54 INFO  : 'targets -set -filter {jtag_cable_name =~ "Enclustra GmbH Module Link enclustraA" && level==0 && jtag_device_ctx=="jsn-Module Link-enclustraA-04721093-0"}' command is executed.
15:29:59 INFO  : Device configured successfully with "D:/Work/Vitis_workspace_FPGAVerification/ServoDrive_CB_FPGAVerification/_ide/bitstream/Mercury_XU5_PE1.bit"
15:29:59 INFO  : Context for 'APU' is selected.
15:29:59 INFO  : Hardware design and registers information is loaded from 'D:/Work/Vitis_workspace_FPGAVerification/Mercury_XU5_PE1/export/Mercury_XU5_PE1/hw/Mercury_XU5_PE1.xsa'.
15:29:59 INFO  : 'configparams force-mem-access 1' command is executed.
15:29:59 INFO  : Context for 'APU' is selected.
15:29:59 INFO  : Sourcing of 'D:/Work/Vitis_workspace_FPGAVerification/ServoDrive_CB_FPGAVerification/_ide/psinit/psu_init.tcl' is done.
15:30:00 INFO  : 'psu_init' command is executed.
15:30:00 INFO  : Sourcing of 'C:/Xilinx/Vitis/2023.1/scripts/vitis/util/fsbl.tcl' is done.
15:30:01 INFO  : 'catch {XFsbl_DdrEccInit}' command is executed.
15:30:02 INFO  : 'after 1000' command is executed.
15:30:02 INFO  : 'psu_ps_pl_isolation_removal' command is executed.
15:30:03 INFO  : 'after 1000' command is executed.
15:30:03 INFO  : 'psu_ps_pl_reset_config' command is executed.
15:30:03 INFO  : 'catch {psu_protection}' command is executed.
15:30:03 INFO  : Context for processor 'psu_cortexa53_0' is selected.
15:30:03 INFO  : Processor reset is completed for 'psu_cortexa53_0'.
15:30:08 INFO  : The application 'D:/Work/Vitis_workspace_FPGAVerification/ServoDrive_CB_FPGAVerification/Debug/ServoDrive_CB_FPGAVerification.elf' is downloaded to processor 'psu_cortexa53_0'.
15:30:08 INFO  : 'configparams force-mem-access 0' command is executed.
15:30:08 INFO  : ----------------XSDB Script----------------
connect -path [list tcp::1541 tcp:localhost:3122]
source C:/Xilinx/Vitis/2023.1/scripts/vitis/util/zynqmp_utils.tcl
targets -set -nocase -filter {name =~"APU*"}
rst -system
after 3000
targets -set -nocase -filter {name =~"APU*"}
reset_apu
targets -set -nocase -filter {name =~"RPU*"}
clear_rpu_reset
enable_split_mode
targets -set -filter {jtag_cable_name =~ "Enclustra GmbH Module Link enclustraA" && level==0 && jtag_device_ctx=="jsn-Module Link-enclustraA-04721093-0"}
fpga -file D:/Work/Vitis_workspace_FPGAVerification/ServoDrive_CB_FPGAVerification/_ide/bitstream/Mercury_XU5_PE1.bit
targets -set -nocase -filter {name =~"APU*"}
loadhw -hw D:/Work/Vitis_workspace_FPGAVerification/Mercury_XU5_PE1/export/Mercury_XU5_PE1/hw/Mercury_XU5_PE1.xsa -mem-ranges [list {0x80000000 0xbfffffff} {0x400000000 0x5ffffffff} {0x1000000000 0x7fffffffff}] -regs
configparams force-mem-access 1
targets -set -nocase -filter {name =~"APU*"}
source D:/Work/Vitis_workspace_FPGAVerification/ServoDrive_CB_FPGAVerification/_ide/psinit/psu_init.tcl
psu_init
source C:/Xilinx/Vitis/2023.1/scripts/vitis/util/fsbl.tcl
catch {XFsbl_DdrEccInit}
after 1000
psu_ps_pl_isolation_removal
after 1000
psu_ps_pl_reset_config
catch {psu_protection}
targets -set -nocase -filter {name =~ "*A53*#0"}
rst -processor
dow D:/Work/Vitis_workspace_FPGAVerification/ServoDrive_CB_FPGAVerification/Debug/ServoDrive_CB_FPGAVerification.elf
configparams force-mem-access 0
----------------End of Script----------------

15:30:08 INFO  : Context for processor 'psu_cortexa53_0' is selected.
15:30:08 INFO  : 'con' command is executed.
15:30:08 INFO  : ----------------XSDB Script (After Launch)----------------
targets -set -nocase -filter {name =~ "*A53*#0"}
con
----------------End of Script----------------

15:30:08 INFO  : Launch script is exported to file 'D:\Work\Vitis_workspace_FPGAVerification\ServoDrive_CB_FPGAVerification_system\_ide\scripts\debugger_servodrive_cb_fpgaverification-default.tcl'
15:41:26 INFO  : Checking for BSP changes to sync application flags for project 'ServoDrive_CB_FPGAVerification'...
15:42:44 INFO  : Checking for BSP changes to sync application flags for project 'ServoDrive_CB_FPGAVerification'...
15:43:00 INFO  : Disconnected from the channel tcfchan#36.
15:43:01 INFO  : Connected through redirection to target on host 'localhost' and port '3122'.
15:43:02 INFO  : Jtag cable 'Enclustra GmbH Module Link enclustraA' is selected.
15:43:02 INFO  : 'jtag frequency' command is executed.
15:43:02 INFO  : Sourcing of 'C:/Xilinx/Vitis/2023.1/scripts/vitis/util/zynqmp_utils.tcl' is done.
15:43:02 INFO  : Context for 'APU' is selected.
15:43:02 INFO  : System reset is completed.
15:43:05 INFO  : 'after 3000' command is executed.
15:43:05 INFO  : Context for 'APU' is selected.
15:43:05 INFO  : Cleared APU and A53 resets
15:43:05 INFO  : Context for 'RPU' is selected.
15:43:08 INFO  : Cleared RPU and R5 resets
15:43:08 INFO  : Split mode is enabled for R5#1
15:43:09 INFO  : 'targets -set -filter {jtag_cable_name =~ "Enclustra GmbH Module Link enclustraA" && level==0 && jtag_device_ctx=="jsn-Module Link-enclustraA-04721093-0"}' command is executed.
15:43:13 INFO  : Device configured successfully with "D:/Work/Vitis_workspace_FPGAVerification/ServoDrive_CB_FPGAVerification/_ide/bitstream/Mercury_XU5_PE1.bit"
15:43:13 INFO  : Context for 'APU' is selected.
15:43:13 INFO  : Hardware design and registers information is loaded from 'D:/Work/Vitis_workspace_FPGAVerification/Mercury_XU5_PE1/export/Mercury_XU5_PE1/hw/Mercury_XU5_PE1.xsa'.
15:43:13 INFO  : 'configparams force-mem-access 1' command is executed.
15:43:13 INFO  : Context for 'APU' is selected.
15:43:13 INFO  : Sourcing of 'D:/Work/Vitis_workspace_FPGAVerification/ServoDrive_CB_FPGAVerification/_ide/psinit/psu_init.tcl' is done.
15:43:14 INFO  : 'psu_init' command is executed.
15:43:14 INFO  : Sourcing of 'C:/Xilinx/Vitis/2023.1/scripts/vitis/util/fsbl.tcl' is done.
15:43:15 INFO  : 'catch {XFsbl_DdrEccInit}' command is executed.
15:43:16 INFO  : 'after 1000' command is executed.
15:43:16 INFO  : 'psu_ps_pl_isolation_removal' command is executed.
15:43:17 INFO  : 'after 1000' command is executed.
15:43:17 INFO  : 'psu_ps_pl_reset_config' command is executed.
15:43:17 INFO  : 'catch {psu_protection}' command is executed.
15:43:17 INFO  : Context for processor 'psu_cortexa53_0' is selected.
15:43:17 INFO  : Processor reset is completed for 'psu_cortexa53_0'.
15:43:22 INFO  : The application 'D:/Work/Vitis_workspace_FPGAVerification/ServoDrive_CB_FPGAVerification/Debug/ServoDrive_CB_FPGAVerification.elf' is downloaded to processor 'psu_cortexa53_0'.
15:43:22 INFO  : 'configparams force-mem-access 0' command is executed.
15:43:22 INFO  : ----------------XSDB Script----------------
connect -path [list tcp::1541 tcp:localhost:3122]
source C:/Xilinx/Vitis/2023.1/scripts/vitis/util/zynqmp_utils.tcl
targets -set -nocase -filter {name =~"APU*"}
rst -system
after 3000
targets -set -nocase -filter {name =~"APU*"}
reset_apu
targets -set -nocase -filter {name =~"RPU*"}
clear_rpu_reset
enable_split_mode
targets -set -filter {jtag_cable_name =~ "Enclustra GmbH Module Link enclustraA" && level==0 && jtag_device_ctx=="jsn-Module Link-enclustraA-04721093-0"}
fpga -file D:/Work/Vitis_workspace_FPGAVerification/ServoDrive_CB_FPGAVerification/_ide/bitstream/Mercury_XU5_PE1.bit
targets -set -nocase -filter {name =~"APU*"}
loadhw -hw D:/Work/Vitis_workspace_FPGAVerification/Mercury_XU5_PE1/export/Mercury_XU5_PE1/hw/Mercury_XU5_PE1.xsa -mem-ranges [list {0x80000000 0xbfffffff} {0x400000000 0x5ffffffff} {0x1000000000 0x7fffffffff}] -regs
configparams force-mem-access 1
targets -set -nocase -filter {name =~"APU*"}
source D:/Work/Vitis_workspace_FPGAVerification/ServoDrive_CB_FPGAVerification/_ide/psinit/psu_init.tcl
psu_init
source C:/Xilinx/Vitis/2023.1/scripts/vitis/util/fsbl.tcl
catch {XFsbl_DdrEccInit}
after 1000
psu_ps_pl_isolation_removal
after 1000
psu_ps_pl_reset_config
catch {psu_protection}
targets -set -nocase -filter {name =~ "*A53*#0"}
rst -processor
dow D:/Work/Vitis_workspace_FPGAVerification/ServoDrive_CB_FPGAVerification/Debug/ServoDrive_CB_FPGAVerification.elf
configparams force-mem-access 0
----------------End of Script----------------

15:43:22 INFO  : Context for processor 'psu_cortexa53_0' is selected.
15:43:22 INFO  : 'con' command is executed.
15:43:22 INFO  : ----------------XSDB Script (After Launch)----------------
targets -set -nocase -filter {name =~ "*A53*#0"}
con
----------------End of Script----------------

15:43:22 INFO  : Launch script is exported to file 'D:\Work\Vitis_workspace_FPGAVerification\ServoDrive_CB_FPGAVerification_system\_ide\scripts\debugger_servodrive_cb_fpgaverification-default.tcl'
15:54:34 INFO  : Checking for BSP changes to sync application flags for project 'ServoDrive_CB_FPGAVerification'...
15:54:44 INFO  : Checking for BSP changes to sync application flags for project 'ServoDrive_CB_FPGAVerification'...
15:54:57 INFO  : Disconnected from the channel tcfchan#37.
15:54:58 INFO  : Connected through redirection to target on host 'localhost' and port '3122'.
15:54:58 INFO  : Jtag cable 'Enclustra GmbH Module Link enclustraA' is selected.
15:54:58 INFO  : 'jtag frequency' command is executed.
15:54:58 INFO  : Sourcing of 'C:/Xilinx/Vitis/2023.1/scripts/vitis/util/zynqmp_utils.tcl' is done.
15:54:58 INFO  : Context for 'APU' is selected.
15:54:58 INFO  : System reset is completed.
15:55:01 INFO  : 'after 3000' command is executed.
15:55:01 INFO  : Context for 'APU' is selected.
15:55:01 INFO  : Cleared APU and A53 resets
15:55:01 INFO  : Context for 'RPU' is selected.
15:55:04 INFO  : Cleared RPU and R5 resets
15:55:04 INFO  : Split mode is enabled for R5#1
15:55:04 INFO  : 'targets -set -filter {jtag_cable_name =~ "Enclustra GmbH Module Link enclustraA" && level==0 && jtag_device_ctx=="jsn-Module Link-enclustraA-04721093-0"}' command is executed.
15:55:09 INFO  : Device configured successfully with "D:/Work/Vitis_workspace_FPGAVerification/ServoDrive_CB_FPGAVerification/_ide/bitstream/Mercury_XU5_PE1.bit"
15:55:09 INFO  : Context for 'APU' is selected.
15:55:09 INFO  : Hardware design and registers information is loaded from 'D:/Work/Vitis_workspace_FPGAVerification/Mercury_XU5_PE1/export/Mercury_XU5_PE1/hw/Mercury_XU5_PE1.xsa'.
15:55:09 INFO  : 'configparams force-mem-access 1' command is executed.
15:55:09 INFO  : Context for 'APU' is selected.
15:55:09 INFO  : Sourcing of 'D:/Work/Vitis_workspace_FPGAVerification/ServoDrive_CB_FPGAVerification/_ide/psinit/psu_init.tcl' is done.
15:55:10 INFO  : 'psu_init' command is executed.
15:55:10 INFO  : Sourcing of 'C:/Xilinx/Vitis/2023.1/scripts/vitis/util/fsbl.tcl' is done.
15:55:11 INFO  : 'catch {XFsbl_DdrEccInit}' command is executed.
15:55:12 INFO  : 'after 1000' command is executed.
15:55:12 INFO  : 'psu_ps_pl_isolation_removal' command is executed.
15:55:13 INFO  : 'after 1000' command is executed.
15:55:13 INFO  : 'psu_ps_pl_reset_config' command is executed.
15:55:13 INFO  : 'catch {psu_protection}' command is executed.
15:55:13 INFO  : Context for processor 'psu_cortexa53_0' is selected.
15:55:13 INFO  : Processor reset is completed for 'psu_cortexa53_0'.
15:55:18 INFO  : The application 'D:/Work/Vitis_workspace_FPGAVerification/ServoDrive_CB_FPGAVerification/Debug/ServoDrive_CB_FPGAVerification.elf' is downloaded to processor 'psu_cortexa53_0'.
15:55:18 INFO  : 'configparams force-mem-access 0' command is executed.
15:55:18 INFO  : ----------------XSDB Script----------------
connect -path [list tcp::1541 tcp:localhost:3122]
source C:/Xilinx/Vitis/2023.1/scripts/vitis/util/zynqmp_utils.tcl
targets -set -nocase -filter {name =~"APU*"}
rst -system
after 3000
targets -set -nocase -filter {name =~"APU*"}
reset_apu
targets -set -nocase -filter {name =~"RPU*"}
clear_rpu_reset
enable_split_mode
targets -set -filter {jtag_cable_name =~ "Enclustra GmbH Module Link enclustraA" && level==0 && jtag_device_ctx=="jsn-Module Link-enclustraA-04721093-0"}
fpga -file D:/Work/Vitis_workspace_FPGAVerification/ServoDrive_CB_FPGAVerification/_ide/bitstream/Mercury_XU5_PE1.bit
targets -set -nocase -filter {name =~"APU*"}
loadhw -hw D:/Work/Vitis_workspace_FPGAVerification/Mercury_XU5_PE1/export/Mercury_XU5_PE1/hw/Mercury_XU5_PE1.xsa -mem-ranges [list {0x80000000 0xbfffffff} {0x400000000 0x5ffffffff} {0x1000000000 0x7fffffffff}] -regs
configparams force-mem-access 1
targets -set -nocase -filter {name =~"APU*"}
source D:/Work/Vitis_workspace_FPGAVerification/ServoDrive_CB_FPGAVerification/_ide/psinit/psu_init.tcl
psu_init
source C:/Xilinx/Vitis/2023.1/scripts/vitis/util/fsbl.tcl
catch {XFsbl_DdrEccInit}
after 1000
psu_ps_pl_isolation_removal
after 1000
psu_ps_pl_reset_config
catch {psu_protection}
targets -set -nocase -filter {name =~ "*A53*#0"}
rst -processor
dow D:/Work/Vitis_workspace_FPGAVerification/ServoDrive_CB_FPGAVerification/Debug/ServoDrive_CB_FPGAVerification.elf
configparams force-mem-access 0
----------------End of Script----------------

15:55:18 INFO  : Context for processor 'psu_cortexa53_0' is selected.
15:55:18 INFO  : 'con' command is executed.
15:55:18 INFO  : ----------------XSDB Script (After Launch)----------------
targets -set -nocase -filter {name =~ "*A53*#0"}
con
----------------End of Script----------------

15:55:18 INFO  : Launch script is exported to file 'D:\Work\Vitis_workspace_FPGAVerification\ServoDrive_CB_FPGAVerification_system\_ide\scripts\debugger_servodrive_cb_fpgaverification-default.tcl'
16:02:15 INFO  : Checking for BSP changes to sync application flags for project 'ServoDrive_CB_FPGAVerification'...
16:02:35 INFO  : Disconnected from the channel tcfchan#38.
16:02:36 INFO  : Connected through redirection to target on host 'localhost' and port '3122'.
16:02:37 INFO  : Jtag cable 'Enclustra GmbH Module Link enclustraA' is selected.
16:02:37 INFO  : 'jtag frequency' command is executed.
16:02:37 INFO  : Sourcing of 'C:/Xilinx/Vitis/2023.1/scripts/vitis/util/zynqmp_utils.tcl' is done.
16:02:37 INFO  : Context for 'APU' is selected.
16:02:37 INFO  : System reset is completed.
16:02:40 INFO  : 'after 3000' command is executed.
16:02:40 INFO  : Context for 'APU' is selected.
16:02:40 INFO  : Cleared APU and A53 resets
16:02:40 INFO  : Context for 'RPU' is selected.
16:02:43 INFO  : Cleared RPU and R5 resets
16:02:43 INFO  : Split mode is enabled for R5#1
16:02:44 INFO  : 'targets -set -filter {jtag_cable_name =~ "Enclustra GmbH Module Link enclustraA" && level==0 && jtag_device_ctx=="jsn-Module Link-enclustraA-04721093-0"}' command is executed.
16:02:48 INFO  : Device configured successfully with "D:/Work/Vitis_workspace_FPGAVerification/ServoDrive_CB_FPGAVerification/_ide/bitstream/Mercury_XU5_PE1.bit"
16:02:48 INFO  : Context for 'APU' is selected.
16:02:48 INFO  : Hardware design and registers information is loaded from 'D:/Work/Vitis_workspace_FPGAVerification/Mercury_XU5_PE1/export/Mercury_XU5_PE1/hw/Mercury_XU5_PE1.xsa'.
16:02:48 INFO  : 'configparams force-mem-access 1' command is executed.
16:02:48 INFO  : Context for 'APU' is selected.
16:02:48 INFO  : Sourcing of 'D:/Work/Vitis_workspace_FPGAVerification/ServoDrive_CB_FPGAVerification/_ide/psinit/psu_init.tcl' is done.
16:02:49 INFO  : 'psu_init' command is executed.
16:02:49 INFO  : Sourcing of 'C:/Xilinx/Vitis/2023.1/scripts/vitis/util/fsbl.tcl' is done.
16:02:50 INFO  : 'catch {XFsbl_DdrEccInit}' command is executed.
16:02:51 INFO  : 'after 1000' command is executed.
16:02:51 INFO  : 'psu_ps_pl_isolation_removal' command is executed.
16:02:52 INFO  : 'after 1000' command is executed.
16:02:52 INFO  : 'psu_ps_pl_reset_config' command is executed.
16:02:52 INFO  : 'catch {psu_protection}' command is executed.
16:02:52 INFO  : Context for processor 'psu_cortexa53_0' is selected.
16:02:52 INFO  : Processor reset is completed for 'psu_cortexa53_0'.
16:02:57 INFO  : The application 'D:/Work/Vitis_workspace_FPGAVerification/ServoDrive_CB_FPGAVerification/Debug/ServoDrive_CB_FPGAVerification.elf' is downloaded to processor 'psu_cortexa53_0'.
16:02:57 INFO  : 'configparams force-mem-access 0' command is executed.
16:02:57 INFO  : ----------------XSDB Script----------------
connect -path [list tcp::1541 tcp:localhost:3122]
source C:/Xilinx/Vitis/2023.1/scripts/vitis/util/zynqmp_utils.tcl
targets -set -nocase -filter {name =~"APU*"}
rst -system
after 3000
targets -set -nocase -filter {name =~"APU*"}
reset_apu
targets -set -nocase -filter {name =~"RPU*"}
clear_rpu_reset
enable_split_mode
targets -set -filter {jtag_cable_name =~ "Enclustra GmbH Module Link enclustraA" && level==0 && jtag_device_ctx=="jsn-Module Link-enclustraA-04721093-0"}
fpga -file D:/Work/Vitis_workspace_FPGAVerification/ServoDrive_CB_FPGAVerification/_ide/bitstream/Mercury_XU5_PE1.bit
targets -set -nocase -filter {name =~"APU*"}
loadhw -hw D:/Work/Vitis_workspace_FPGAVerification/Mercury_XU5_PE1/export/Mercury_XU5_PE1/hw/Mercury_XU5_PE1.xsa -mem-ranges [list {0x80000000 0xbfffffff} {0x400000000 0x5ffffffff} {0x1000000000 0x7fffffffff}] -regs
configparams force-mem-access 1
targets -set -nocase -filter {name =~"APU*"}
source D:/Work/Vitis_workspace_FPGAVerification/ServoDrive_CB_FPGAVerification/_ide/psinit/psu_init.tcl
psu_init
source C:/Xilinx/Vitis/2023.1/scripts/vitis/util/fsbl.tcl
catch {XFsbl_DdrEccInit}
after 1000
psu_ps_pl_isolation_removal
after 1000
psu_ps_pl_reset_config
catch {psu_protection}
targets -set -nocase -filter {name =~ "*A53*#0"}
rst -processor
dow D:/Work/Vitis_workspace_FPGAVerification/ServoDrive_CB_FPGAVerification/Debug/ServoDrive_CB_FPGAVerification.elf
configparams force-mem-access 0
----------------End of Script----------------

16:02:57 INFO  : Context for processor 'psu_cortexa53_0' is selected.
16:02:57 INFO  : 'con' command is executed.
16:02:57 INFO  : ----------------XSDB Script (After Launch)----------------
targets -set -nocase -filter {name =~ "*A53*#0"}
con
----------------End of Script----------------

16:02:57 INFO  : Launch script is exported to file 'D:\Work\Vitis_workspace_FPGAVerification\ServoDrive_CB_FPGAVerification_system\_ide\scripts\debugger_servodrive_cb_fpgaverification-default.tcl'
16:09:46 INFO  : Checking for BSP changes to sync application flags for project 'ServoDrive_CB_FPGAVerification'...
16:09:59 INFO  : Disconnected from the channel tcfchan#39.
16:10:00 INFO  : Connected through redirection to target on host 'localhost' and port '3122'.
16:10:00 INFO  : Jtag cable 'Enclustra GmbH Module Link enclustraA' is selected.
16:10:00 INFO  : 'jtag frequency' command is executed.
16:10:00 INFO  : Sourcing of 'C:/Xilinx/Vitis/2023.1/scripts/vitis/util/zynqmp_utils.tcl' is done.
16:10:00 INFO  : Context for 'APU' is selected.
16:10:00 INFO  : System reset is completed.
16:10:03 INFO  : 'after 3000' command is executed.
16:10:03 INFO  : Context for 'APU' is selected.
16:10:04 INFO  : Cleared APU and A53 resets
16:10:04 INFO  : Context for 'RPU' is selected.
16:10:07 INFO  : Cleared RPU and R5 resets
16:10:07 INFO  : Split mode is enabled for R5#1
16:10:07 INFO  : 'targets -set -filter {jtag_cable_name =~ "Enclustra GmbH Module Link enclustraA" && level==0 && jtag_device_ctx=="jsn-Module Link-enclustraA-04721093-0"}' command is executed.
16:10:11 INFO  : Device configured successfully with "D:/Work/Vitis_workspace_FPGAVerification/ServoDrive_CB_FPGAVerification/_ide/bitstream/Mercury_XU5_PE1.bit"
16:10:11 INFO  : Context for 'APU' is selected.
16:10:11 INFO  : Hardware design and registers information is loaded from 'D:/Work/Vitis_workspace_FPGAVerification/Mercury_XU5_PE1/export/Mercury_XU5_PE1/hw/Mercury_XU5_PE1.xsa'.
16:10:11 INFO  : 'configparams force-mem-access 1' command is executed.
16:10:11 INFO  : Context for 'APU' is selected.
16:10:11 INFO  : Sourcing of 'D:/Work/Vitis_workspace_FPGAVerification/ServoDrive_CB_FPGAVerification/_ide/psinit/psu_init.tcl' is done.
16:10:12 INFO  : 'psu_init' command is executed.
16:10:12 INFO  : Sourcing of 'C:/Xilinx/Vitis/2023.1/scripts/vitis/util/fsbl.tcl' is done.
16:10:13 INFO  : 'catch {XFsbl_DdrEccInit}' command is executed.
16:10:14 INFO  : 'after 1000' command is executed.
16:10:14 INFO  : 'psu_ps_pl_isolation_removal' command is executed.
16:10:15 INFO  : 'after 1000' command is executed.
16:10:15 INFO  : 'psu_ps_pl_reset_config' command is executed.
16:10:15 INFO  : 'catch {psu_protection}' command is executed.
16:10:15 INFO  : Context for processor 'psu_cortexa53_0' is selected.
16:10:15 INFO  : Processor reset is completed for 'psu_cortexa53_0'.
16:10:20 INFO  : The application 'D:/Work/Vitis_workspace_FPGAVerification/ServoDrive_CB_FPGAVerification/Debug/ServoDrive_CB_FPGAVerification.elf' is downloaded to processor 'psu_cortexa53_0'.
16:10:20 INFO  : 'configparams force-mem-access 0' command is executed.
16:10:20 INFO  : ----------------XSDB Script----------------
connect -path [list tcp::1541 tcp:localhost:3122]
source C:/Xilinx/Vitis/2023.1/scripts/vitis/util/zynqmp_utils.tcl
targets -set -nocase -filter {name =~"APU*"}
rst -system
after 3000
targets -set -nocase -filter {name =~"APU*"}
reset_apu
targets -set -nocase -filter {name =~"RPU*"}
clear_rpu_reset
enable_split_mode
targets -set -filter {jtag_cable_name =~ "Enclustra GmbH Module Link enclustraA" && level==0 && jtag_device_ctx=="jsn-Module Link-enclustraA-04721093-0"}
fpga -file D:/Work/Vitis_workspace_FPGAVerification/ServoDrive_CB_FPGAVerification/_ide/bitstream/Mercury_XU5_PE1.bit
targets -set -nocase -filter {name =~"APU*"}
loadhw -hw D:/Work/Vitis_workspace_FPGAVerification/Mercury_XU5_PE1/export/Mercury_XU5_PE1/hw/Mercury_XU5_PE1.xsa -mem-ranges [list {0x80000000 0xbfffffff} {0x400000000 0x5ffffffff} {0x1000000000 0x7fffffffff}] -regs
configparams force-mem-access 1
targets -set -nocase -filter {name =~"APU*"}
source D:/Work/Vitis_workspace_FPGAVerification/ServoDrive_CB_FPGAVerification/_ide/psinit/psu_init.tcl
psu_init
source C:/Xilinx/Vitis/2023.1/scripts/vitis/util/fsbl.tcl
catch {XFsbl_DdrEccInit}
after 1000
psu_ps_pl_isolation_removal
after 1000
psu_ps_pl_reset_config
catch {psu_protection}
targets -set -nocase -filter {name =~ "*A53*#0"}
rst -processor
dow D:/Work/Vitis_workspace_FPGAVerification/ServoDrive_CB_FPGAVerification/Debug/ServoDrive_CB_FPGAVerification.elf
configparams force-mem-access 0
----------------End of Script----------------

16:10:20 INFO  : Context for processor 'psu_cortexa53_0' is selected.
16:10:20 INFO  : 'con' command is executed.
16:10:20 INFO  : ----------------XSDB Script (After Launch)----------------
targets -set -nocase -filter {name =~ "*A53*#0"}
con
----------------End of Script----------------

16:10:20 INFO  : Launch script is exported to file 'D:\Work\Vitis_workspace_FPGAVerification\ServoDrive_CB_FPGAVerification_system\_ide\scripts\debugger_servodrive_cb_fpgaverification-default.tcl'
16:15:42 INFO  : Checking for BSP changes to sync application flags for project 'ServoDrive_CB_FPGAVerification'...
16:15:55 INFO  : Disconnected from the channel tcfchan#40.
16:15:56 INFO  : Connected through redirection to target on host 'localhost' and port '3122'.
16:15:56 INFO  : Jtag cable 'Enclustra GmbH Module Link enclustraA' is selected.
16:15:56 INFO  : 'jtag frequency' command is executed.
16:15:56 INFO  : Sourcing of 'C:/Xilinx/Vitis/2023.1/scripts/vitis/util/zynqmp_utils.tcl' is done.
16:15:56 INFO  : Context for 'APU' is selected.
16:15:57 INFO  : System reset is completed.
16:16:00 INFO  : 'after 3000' command is executed.
16:16:00 INFO  : Context for 'APU' is selected.
16:16:00 INFO  : Cleared APU and A53 resets
16:16:00 INFO  : Context for 'RPU' is selected.
16:16:03 INFO  : Cleared RPU and R5 resets
16:16:03 INFO  : Split mode is enabled for R5#1
16:16:03 INFO  : 'targets -set -filter {jtag_cable_name =~ "Enclustra GmbH Module Link enclustraA" && level==0 && jtag_device_ctx=="jsn-Module Link-enclustraA-04721093-0"}' command is executed.
16:16:08 INFO  : Device configured successfully with "D:/Work/Vitis_workspace_FPGAVerification/ServoDrive_CB_FPGAVerification/_ide/bitstream/Mercury_XU5_PE1.bit"
16:16:08 INFO  : Context for 'APU' is selected.
16:16:08 INFO  : Hardware design and registers information is loaded from 'D:/Work/Vitis_workspace_FPGAVerification/Mercury_XU5_PE1/export/Mercury_XU5_PE1/hw/Mercury_XU5_PE1.xsa'.
16:16:08 INFO  : 'configparams force-mem-access 1' command is executed.
16:16:08 INFO  : Context for 'APU' is selected.
16:16:08 INFO  : Sourcing of 'D:/Work/Vitis_workspace_FPGAVerification/ServoDrive_CB_FPGAVerification/_ide/psinit/psu_init.tcl' is done.
16:16:09 INFO  : 'psu_init' command is executed.
16:16:09 INFO  : Sourcing of 'C:/Xilinx/Vitis/2023.1/scripts/vitis/util/fsbl.tcl' is done.
16:16:09 INFO  : 'catch {XFsbl_DdrEccInit}' command is executed.
16:16:10 INFO  : 'after 1000' command is executed.
16:16:10 INFO  : 'psu_ps_pl_isolation_removal' command is executed.
16:16:11 INFO  : 'after 1000' command is executed.
16:16:11 INFO  : 'psu_ps_pl_reset_config' command is executed.
16:16:11 INFO  : 'catch {psu_protection}' command is executed.
16:16:11 INFO  : Context for processor 'psu_cortexa53_0' is selected.
16:16:11 INFO  : Processor reset is completed for 'psu_cortexa53_0'.
16:16:16 INFO  : The application 'D:/Work/Vitis_workspace_FPGAVerification/ServoDrive_CB_FPGAVerification/Debug/ServoDrive_CB_FPGAVerification.elf' is downloaded to processor 'psu_cortexa53_0'.
16:16:16 INFO  : 'configparams force-mem-access 0' command is executed.
16:16:16 INFO  : ----------------XSDB Script----------------
connect -path [list tcp::1541 tcp:localhost:3122]
source C:/Xilinx/Vitis/2023.1/scripts/vitis/util/zynqmp_utils.tcl
targets -set -nocase -filter {name =~"APU*"}
rst -system
after 3000
targets -set -nocase -filter {name =~"APU*"}
reset_apu
targets -set -nocase -filter {name =~"RPU*"}
clear_rpu_reset
enable_split_mode
targets -set -filter {jtag_cable_name =~ "Enclustra GmbH Module Link enclustraA" && level==0 && jtag_device_ctx=="jsn-Module Link-enclustraA-04721093-0"}
fpga -file D:/Work/Vitis_workspace_FPGAVerification/ServoDrive_CB_FPGAVerification/_ide/bitstream/Mercury_XU5_PE1.bit
targets -set -nocase -filter {name =~"APU*"}
loadhw -hw D:/Work/Vitis_workspace_FPGAVerification/Mercury_XU5_PE1/export/Mercury_XU5_PE1/hw/Mercury_XU5_PE1.xsa -mem-ranges [list {0x80000000 0xbfffffff} {0x400000000 0x5ffffffff} {0x1000000000 0x7fffffffff}] -regs
configparams force-mem-access 1
targets -set -nocase -filter {name =~"APU*"}
source D:/Work/Vitis_workspace_FPGAVerification/ServoDrive_CB_FPGAVerification/_ide/psinit/psu_init.tcl
psu_init
source C:/Xilinx/Vitis/2023.1/scripts/vitis/util/fsbl.tcl
catch {XFsbl_DdrEccInit}
after 1000
psu_ps_pl_isolation_removal
after 1000
psu_ps_pl_reset_config
catch {psu_protection}
targets -set -nocase -filter {name =~ "*A53*#0"}
rst -processor
dow D:/Work/Vitis_workspace_FPGAVerification/ServoDrive_CB_FPGAVerification/Debug/ServoDrive_CB_FPGAVerification.elf
configparams force-mem-access 0
----------------End of Script----------------

16:16:16 INFO  : Context for processor 'psu_cortexa53_0' is selected.
16:16:16 INFO  : 'con' command is executed.
16:16:16 INFO  : ----------------XSDB Script (After Launch)----------------
targets -set -nocase -filter {name =~ "*A53*#0"}
con
----------------End of Script----------------

16:16:16 INFO  : Launch script is exported to file 'D:\Work\Vitis_workspace_FPGAVerification\ServoDrive_CB_FPGAVerification_system\_ide\scripts\debugger_servodrive_cb_fpgaverification-default.tcl'
16:18:13 INFO  : Disconnected from the channel tcfchan#41.
09:33:12 DEBUG : Logs will be stored at 'D:/Work/Vitis_workspace_FPGAVerification/IDE.log'.
09:33:13 INFO  : Launching XSCT server: xsct.bat -n  -interactive D:\Work\Vitis_workspace_FPGAVerification\temp_xsdb_launch_script.tcl
09:33:18 INFO  : XSCT server has started successfully.
09:33:18 INFO  : Successfully done setting XSCT server connection channel  
09:33:18 INFO  : plnx-install-location is set to ''
09:33:18 INFO  : Successfully done setting workspace for the tool. 
09:33:21 INFO  : Platform repository initialization has completed.
09:34:18 INFO  : Successfully done query RDI_DATADIR 
09:34:19 INFO  : Registering command handlers for Vitis TCF services
09:59:51 INFO  : Checking for BSP changes to sync application flags for project 'ServoDrive_CB_FPGAVerification'...
10:00:41 INFO  : Connected through redirection to target on host 'localhost' and port '3122'.
10:00:55 INFO  : Jtag cable 'Enclustra GmbH Module Link enclustraA' is selected.
10:00:55 INFO  : 'jtag frequency' command is executed.
10:00:55 INFO  : Sourcing of 'C:/Xilinx/Vitis/2023.1/scripts/vitis/util/zynqmp_utils.tcl' is done.
10:00:55 INFO  : Context for 'APU' is selected.
10:00:56 INFO  : System reset is completed.
10:00:59 INFO  : 'after 3000' command is executed.
10:00:59 INFO  : Context for 'APU' is selected.
10:01:00 INFO  : Cleared APU and A53 resets
10:01:00 INFO  : Context for 'RPU' is selected.
10:01:03 INFO  : Cleared RPU and R5 resets
10:01:03 INFO  : Split mode is enabled for R5#1
10:01:03 INFO  : 'targets -set -filter {jtag_cable_name =~ "Enclustra GmbH Module Link enclustraA" && level==0 && jtag_device_ctx=="jsn-Module Link-enclustraA-04721093-0"}' command is executed.
10:01:08 INFO  : Device configured successfully with "D:/Work/Vitis_workspace_FPGAVerification/ServoDrive_CB_FPGAVerification/_ide/bitstream/Mercury_XU5_PE1.bit"
10:01:08 INFO  : Context for 'APU' is selected.
10:01:09 INFO  : Hardware design and registers information is loaded from 'D:/Work/Vitis_workspace_FPGAVerification/Mercury_XU5_PE1/export/Mercury_XU5_PE1/hw/Mercury_XU5_PE1.xsa'.
10:01:09 INFO  : 'configparams force-mem-access 1' command is executed.
10:01:09 INFO  : Context for 'APU' is selected.
10:01:09 INFO  : Sourcing of 'D:/Work/Vitis_workspace_FPGAVerification/ServoDrive_CB_FPGAVerification/_ide/psinit/psu_init.tcl' is done.
10:01:11 INFO  : 'psu_init' command is executed.
10:01:11 INFO  : Sourcing of 'C:/Xilinx/Vitis/2023.1/scripts/vitis/util/fsbl.tcl' is done.
10:01:12 INFO  : 'catch {XFsbl_DdrEccInit}' command is executed.
10:01:13 INFO  : 'after 1000' command is executed.
10:01:13 INFO  : 'psu_ps_pl_isolation_removal' command is executed.
10:01:14 INFO  : 'after 1000' command is executed.
10:01:14 INFO  : 'psu_ps_pl_reset_config' command is executed.
10:01:14 INFO  : 'catch {psu_protection}' command is executed.
10:01:14 INFO  : Context for processor 'psu_cortexa53_0' is selected.
10:01:15 INFO  : Processor reset is completed for 'psu_cortexa53_0'.
10:01:25 INFO  : The application 'D:/Work/Vitis_workspace_FPGAVerification/ServoDrive_CB_FPGAVerification/Debug/ServoDrive_CB_FPGAVerification.elf' is downloaded to processor 'psu_cortexa53_0'.
10:01:25 INFO  : 'configparams force-mem-access 0' command is executed.
10:01:25 INFO  : ----------------XSDB Script----------------
connect -path [list tcp::1534 tcp:localhost:3122]
source C:/Xilinx/Vitis/2023.1/scripts/vitis/util/zynqmp_utils.tcl
targets -set -nocase -filter {name =~"APU*"}
rst -system
after 3000
targets -set -nocase -filter {name =~"APU*"}
reset_apu
targets -set -nocase -filter {name =~"RPU*"}
clear_rpu_reset
enable_split_mode
targets -set -filter {jtag_cable_name =~ "Enclustra GmbH Module Link enclustraA" && level==0 && jtag_device_ctx=="jsn-Module Link-enclustraA-04721093-0"}
fpga -file D:/Work/Vitis_workspace_FPGAVerification/ServoDrive_CB_FPGAVerification/_ide/bitstream/Mercury_XU5_PE1.bit
targets -set -nocase -filter {name =~"APU*"}
loadhw -hw D:/Work/Vitis_workspace_FPGAVerification/Mercury_XU5_PE1/export/Mercury_XU5_PE1/hw/Mercury_XU5_PE1.xsa -mem-ranges [list {0x80000000 0xbfffffff} {0x400000000 0x5ffffffff} {0x1000000000 0x7fffffffff}] -regs
configparams force-mem-access 1
targets -set -nocase -filter {name =~"APU*"}
source D:/Work/Vitis_workspace_FPGAVerification/ServoDrive_CB_FPGAVerification/_ide/psinit/psu_init.tcl
psu_init
source C:/Xilinx/Vitis/2023.1/scripts/vitis/util/fsbl.tcl
catch {XFsbl_DdrEccInit}
after 1000
psu_ps_pl_isolation_removal
after 1000
psu_ps_pl_reset_config
catch {psu_protection}
targets -set -nocase -filter {name =~ "*A53*#0"}
rst -processor
dow D:/Work/Vitis_workspace_FPGAVerification/ServoDrive_CB_FPGAVerification/Debug/ServoDrive_CB_FPGAVerification.elf
configparams force-mem-access 0
----------------End of Script----------------

10:01:25 INFO  : Context for processor 'psu_cortexa53_0' is selected.
10:01:25 INFO  : 'con' command is executed.
10:01:25 INFO  : ----------------XSDB Script (After Launch)----------------
targets -set -nocase -filter {name =~ "*A53*#0"}
con
----------------End of Script----------------

10:01:25 INFO  : Launch script is exported to file 'D:\Work\Vitis_workspace_FPGAVerification\ServoDrive_CB_FPGAVerification_system\_ide\scripts\debugger_servodrive_cb_fpgaverification-default.tcl'
10:05:31 INFO  : Checking for BSP changes to sync application flags for project 'ServoDrive_CB_FPGAVerification'...
10:06:11 INFO  : Disconnected from the channel tcfchan#1.
10:06:12 INFO  : Connected through redirection to target on host 'localhost' and port '3122'.
10:06:21 INFO  : ----------------XSDB Script----------------
connect -path [list tcp::1534 tcp:localhost:3122]
----------------End of Script----------------

10:06:21 ERROR : Could not find ARM device on the board for connection 'enclustra'.
Check if the target is in:
1. Split JTAG - No operations are possible with ARM DAP.
2. Non JTAG bootmode - Bootrom may need time to enable DAP.
Please try again.


Troubleshooting hints:
1. Check whether board is connected to system properly.
2. In case of zynq board, check whether Digilent/Xilinx cable switch settings are correct.
3. If you are using Xilinx Platform Cable USB, ensure that status LED is green.
10:06:29 INFO  : Connected through redirection to target on host 'localhost' and port '3122'.
10:06:29 INFO  : Jtag cable 'Enclustra GmbH Module Link enclustraA' is selected.
10:06:29 INFO  : 'jtag frequency' command is executed.
10:06:29 INFO  : Sourcing of 'C:/Xilinx/Vitis/2023.1/scripts/vitis/util/zynqmp_utils.tcl' is done.
10:06:29 INFO  : Context for 'APU' is selected.
10:06:30 INFO  : System reset is completed.
10:06:33 INFO  : 'after 3000' command is executed.
10:06:33 INFO  : Context for 'APU' is selected.
10:06:33 INFO  : Cleared APU and A53 resets
10:06:33 INFO  : Context for 'RPU' is selected.
10:06:36 INFO  : Cleared RPU and R5 resets
10:06:36 INFO  : Split mode is enabled for R5#1
10:06:36 INFO  : 'targets -set -filter {jtag_cable_name =~ "Enclustra GmbH Module Link enclustraA" && level==0 && jtag_device_ctx=="jsn-Module Link-enclustraA-04721093-0"}' command is executed.
10:06:41 INFO  : Device configured successfully with "D:/Work/Vitis_workspace_FPGAVerification/ServoDrive_CB_FPGAVerification/_ide/bitstream/Mercury_XU5_PE1.bit"
10:06:41 INFO  : Context for 'APU' is selected.
10:06:55 INFO  : Hardware design and registers information is loaded from 'D:/Work/Vitis_workspace_FPGAVerification/Mercury_XU5_PE1/export/Mercury_XU5_PE1/hw/Mercury_XU5_PE1.xsa'.
10:06:55 INFO  : 'configparams force-mem-access 1' command is executed.
10:06:55 INFO  : Context for 'APU' is selected.
10:06:55 INFO  : Sourcing of 'D:/Work/Vitis_workspace_FPGAVerification/ServoDrive_CB_FPGAVerification/_ide/psinit/psu_init.tcl' is done.
10:06:58 INFO  : 'psu_init' command is executed.
10:06:58 INFO  : Sourcing of 'C:/Xilinx/Vitis/2023.1/scripts/vitis/util/fsbl.tcl' is done.
10:06:58 INFO  : 'catch {XFsbl_DdrEccInit}' command is executed.
10:06:59 INFO  : 'after 1000' command is executed.
10:06:59 INFO  : 'psu_ps_pl_isolation_removal' command is executed.
10:07:00 INFO  : 'after 1000' command is executed.
10:07:01 INFO  : 'psu_ps_pl_reset_config' command is executed.
10:07:01 INFO  : 'catch {psu_protection}' command is executed.
10:07:01 INFO  : Context for processor 'psu_cortexa53_0' is selected.
10:07:01 INFO  : Processor reset is completed for 'psu_cortexa53_0'.
10:07:09 INFO  : The application 'D:/Work/Vitis_workspace_FPGAVerification/ServoDrive_CB_FPGAVerification/Debug/ServoDrive_CB_FPGAVerification.elf' is downloaded to processor 'psu_cortexa53_0'.
10:07:09 INFO  : 'configparams force-mem-access 0' command is executed.
10:07:09 INFO  : ----------------XSDB Script----------------
connect -path [list tcp::1534 tcp:localhost:3122]
source C:/Xilinx/Vitis/2023.1/scripts/vitis/util/zynqmp_utils.tcl
targets -set -nocase -filter {name =~"APU*"}
rst -system
after 3000
targets -set -nocase -filter {name =~"APU*"}
reset_apu
targets -set -nocase -filter {name =~"RPU*"}
clear_rpu_reset
enable_split_mode
targets -set -filter {jtag_cable_name =~ "Enclustra GmbH Module Link enclustraA" && level==0 && jtag_device_ctx=="jsn-Module Link-enclustraA-04721093-0"}
fpga -file D:/Work/Vitis_workspace_FPGAVerification/ServoDrive_CB_FPGAVerification/_ide/bitstream/Mercury_XU5_PE1.bit
targets -set -nocase -filter {name =~"APU*"}
loadhw -hw D:/Work/Vitis_workspace_FPGAVerification/Mercury_XU5_PE1/export/Mercury_XU5_PE1/hw/Mercury_XU5_PE1.xsa -mem-ranges [list {0x80000000 0xbfffffff} {0x400000000 0x5ffffffff} {0x1000000000 0x7fffffffff}] -regs
configparams force-mem-access 1
targets -set -nocase -filter {name =~"APU*"}
source D:/Work/Vitis_workspace_FPGAVerification/ServoDrive_CB_FPGAVerification/_ide/psinit/psu_init.tcl
psu_init
source C:/Xilinx/Vitis/2023.1/scripts/vitis/util/fsbl.tcl
catch {XFsbl_DdrEccInit}
after 1000
psu_ps_pl_isolation_removal
after 1000
psu_ps_pl_reset_config
catch {psu_protection}
targets -set -nocase -filter {name =~ "*A53*#0"}
rst -processor
dow D:/Work/Vitis_workspace_FPGAVerification/ServoDrive_CB_FPGAVerification/Debug/ServoDrive_CB_FPGAVerification.elf
configparams force-mem-access 0
----------------End of Script----------------

10:07:10 INFO  : Context for processor 'psu_cortexa53_0' is selected.
10:07:10 INFO  : 'con' command is executed.
10:07:10 INFO  : ----------------XSDB Script (After Launch)----------------
targets -set -nocase -filter {name =~ "*A53*#0"}
con
----------------End of Script----------------

10:07:10 INFO  : Launch script is exported to file 'D:\Work\Vitis_workspace_FPGAVerification\ServoDrive_CB_FPGAVerification_system\_ide\scripts\debugger_servodrive_cb_fpgaverification-default.tcl'
10:07:44 INFO  : Checking for BSP changes to sync application flags for project 'ServoDrive_CB_FPGAVerification'...
10:08:02 INFO  : Disconnected from the channel tcfchan#2.
10:08:03 INFO  : Connected through redirection to target on host 'localhost' and port '3122'.
10:08:04 INFO  : Jtag cable 'Enclustra GmbH Module Link enclustraA' is selected.
10:08:04 INFO  : 'jtag frequency' command is executed.
10:08:04 INFO  : Sourcing of 'C:/Xilinx/Vitis/2023.1/scripts/vitis/util/zynqmp_utils.tcl' is done.
10:08:04 INFO  : Context for 'APU' is selected.
10:08:04 INFO  : System reset is completed.
10:08:07 INFO  : 'after 3000' command is executed.
10:08:07 INFO  : Context for 'APU' is selected.
10:08:08 INFO  : Cleared APU and A53 resets
10:08:08 INFO  : Context for 'RPU' is selected.
10:08:11 INFO  : Cleared RPU and R5 resets
10:08:11 INFO  : Split mode is enabled for R5#1
10:08:11 INFO  : 'targets -set -filter {jtag_cable_name =~ "Enclustra GmbH Module Link enclustraA" && level==0 && jtag_device_ctx=="jsn-Module Link-enclustraA-04721093-0"}' command is executed.
10:08:16 INFO  : Device configured successfully with "D:/Work/Vitis_workspace_FPGAVerification/ServoDrive_CB_FPGAVerification/_ide/bitstream/Mercury_XU5_PE1.bit"
10:08:16 INFO  : Context for 'APU' is selected.
10:08:34 INFO  : Hardware design and registers information is loaded from 'D:/Work/Vitis_workspace_FPGAVerification/Mercury_XU5_PE1/export/Mercury_XU5_PE1/hw/Mercury_XU5_PE1.xsa'.
10:08:34 INFO  : 'configparams force-mem-access 1' command is executed.
10:08:34 INFO  : Context for 'APU' is selected.
10:08:34 INFO  : Sourcing of 'D:/Work/Vitis_workspace_FPGAVerification/ServoDrive_CB_FPGAVerification/_ide/psinit/psu_init.tcl' is done.
10:08:37 INFO  : 'psu_init' command is executed.
10:08:37 INFO  : Sourcing of 'C:/Xilinx/Vitis/2023.1/scripts/vitis/util/fsbl.tcl' is done.
10:08:37 INFO  : 'catch {XFsbl_DdrEccInit}' command is executed.
10:08:39 INFO  : 'after 1000' command is executed.
10:08:39 INFO  : 'psu_ps_pl_isolation_removal' command is executed.
10:08:40 INFO  : 'after 1000' command is executed.
10:08:40 INFO  : 'psu_ps_pl_reset_config' command is executed.
10:08:40 INFO  : 'catch {psu_protection}' command is executed.
10:08:40 INFO  : Context for processor 'psu_cortexa53_0' is selected.
10:08:40 INFO  : Processor reset is completed for 'psu_cortexa53_0'.
10:08:49 INFO  : The application 'D:/Work/Vitis_workspace_FPGAVerification/ServoDrive_CB_FPGAVerification/Debug/ServoDrive_CB_FPGAVerification.elf' is downloaded to processor 'psu_cortexa53_0'.
10:08:49 INFO  : 'configparams force-mem-access 0' command is executed.
10:08:49 INFO  : ----------------XSDB Script----------------
connect -path [list tcp::1534 tcp:localhost:3122]
source C:/Xilinx/Vitis/2023.1/scripts/vitis/util/zynqmp_utils.tcl
targets -set -nocase -filter {name =~"APU*"}
rst -system
after 3000
targets -set -nocase -filter {name =~"APU*"}
reset_apu
targets -set -nocase -filter {name =~"RPU*"}
clear_rpu_reset
enable_split_mode
targets -set -filter {jtag_cable_name =~ "Enclustra GmbH Module Link enclustraA" && level==0 && jtag_device_ctx=="jsn-Module Link-enclustraA-04721093-0"}
fpga -file D:/Work/Vitis_workspace_FPGAVerification/ServoDrive_CB_FPGAVerification/_ide/bitstream/Mercury_XU5_PE1.bit
targets -set -nocase -filter {name =~"APU*"}
loadhw -hw D:/Work/Vitis_workspace_FPGAVerification/Mercury_XU5_PE1/export/Mercury_XU5_PE1/hw/Mercury_XU5_PE1.xsa -mem-ranges [list {0x80000000 0xbfffffff} {0x400000000 0x5ffffffff} {0x1000000000 0x7fffffffff}] -regs
configparams force-mem-access 1
targets -set -nocase -filter {name =~"APU*"}
source D:/Work/Vitis_workspace_FPGAVerification/ServoDrive_CB_FPGAVerification/_ide/psinit/psu_init.tcl
psu_init
source C:/Xilinx/Vitis/2023.1/scripts/vitis/util/fsbl.tcl
catch {XFsbl_DdrEccInit}
after 1000
psu_ps_pl_isolation_removal
after 1000
psu_ps_pl_reset_config
catch {psu_protection}
targets -set -nocase -filter {name =~ "*A53*#0"}
rst -processor
dow D:/Work/Vitis_workspace_FPGAVerification/ServoDrive_CB_FPGAVerification/Debug/ServoDrive_CB_FPGAVerification.elf
configparams force-mem-access 0
----------------End of Script----------------

10:08:49 INFO  : Context for processor 'psu_cortexa53_0' is selected.
10:08:50 INFO  : 'con' command is executed.
10:08:50 INFO  : ----------------XSDB Script (After Launch)----------------
targets -set -nocase -filter {name =~ "*A53*#0"}
con
----------------End of Script----------------

10:08:50 INFO  : Launch script is exported to file 'D:\Work\Vitis_workspace_FPGAVerification\ServoDrive_CB_FPGAVerification_system\_ide\scripts\debugger_servodrive_cb_fpgaverification-default.tcl'
10:18:58 INFO  : Checking for BSP changes to sync application flags for project 'ServoDrive_CB_FPGAVerification'...
10:19:32 INFO  : Disconnected from the channel tcfchan#3.
10:19:33 INFO  : Connected through redirection to target on host 'localhost' and port '3122'.
10:19:42 INFO  : ----------------XSDB Script----------------
connect -path [list tcp::1534 tcp:localhost:3122]
----------------End of Script----------------

10:19:42 ERROR : Could not find ARM device on the board for connection 'enclustra'.
Check if the target is in:
1. Split JTAG - No operations are possible with ARM DAP.
2. Non JTAG bootmode - Bootrom may need time to enable DAP.
Please try again.


Troubleshooting hints:
1. Check whether board is connected to system properly.
2. In case of zynq board, check whether Digilent/Xilinx cable switch settings are correct.
3. If you are using Xilinx Platform Cable USB, ensure that status LED is green.
10:19:51 INFO  : Connected through redirection to target on host 'localhost' and port '3122'.
10:19:51 INFO  : Jtag cable 'Enclustra GmbH Module Link enclustraA' is selected.
10:19:51 INFO  : 'jtag frequency' command is executed.
10:19:51 INFO  : Sourcing of 'C:/Xilinx/Vitis/2023.1/scripts/vitis/util/zynqmp_utils.tcl' is done.
10:19:51 INFO  : Context for 'APU' is selected.
10:19:52 INFO  : System reset is completed.
10:19:55 INFO  : 'after 3000' command is executed.
10:19:55 INFO  : Context for 'APU' is selected.
10:19:55 INFO  : Cleared APU and A53 resets
10:19:55 INFO  : Context for 'RPU' is selected.
10:19:58 INFO  : Cleared RPU and R5 resets
10:19:58 INFO  : Split mode is enabled for R5#1
10:19:58 INFO  : 'targets -set -filter {jtag_cable_name =~ "Enclustra GmbH Module Link enclustraA" && level==0 && jtag_device_ctx=="jsn-Module Link-enclustraA-04721093-0"}' command is executed.
10:20:03 INFO  : Device configured successfully with "D:/Work/Vitis_workspace_FPGAVerification/ServoDrive_CB_FPGAVerification/_ide/bitstream/Mercury_XU5_PE1.bit"
10:20:03 INFO  : Context for 'APU' is selected.
10:20:20 INFO  : Hardware design and registers information is loaded from 'D:/Work/Vitis_workspace_FPGAVerification/Mercury_XU5_PE1/export/Mercury_XU5_PE1/hw/Mercury_XU5_PE1.xsa'.
10:20:20 INFO  : 'configparams force-mem-access 1' command is executed.
10:20:20 INFO  : Context for 'APU' is selected.
10:20:20 INFO  : Sourcing of 'D:/Work/Vitis_workspace_FPGAVerification/ServoDrive_CB_FPGAVerification/_ide/psinit/psu_init.tcl' is done.
10:20:22 INFO  : 'psu_init' command is executed.
10:20:22 INFO  : Sourcing of 'C:/Xilinx/Vitis/2023.1/scripts/vitis/util/fsbl.tcl' is done.
10:20:23 INFO  : 'catch {XFsbl_DdrEccInit}' command is executed.
10:20:24 INFO  : 'after 1000' command is executed.
10:20:24 INFO  : 'psu_ps_pl_isolation_removal' command is executed.
10:20:25 INFO  : 'after 1000' command is executed.
10:20:25 INFO  : 'psu_ps_pl_reset_config' command is executed.
10:20:25 INFO  : 'catch {psu_protection}' command is executed.
10:20:25 INFO  : Context for processor 'psu_cortexa53_0' is selected.
10:20:25 INFO  : Processor reset is completed for 'psu_cortexa53_0'.
10:20:34 INFO  : The application 'D:/Work/Vitis_workspace_FPGAVerification/ServoDrive_CB_FPGAVerification/Debug/ServoDrive_CB_FPGAVerification.elf' is downloaded to processor 'psu_cortexa53_0'.
10:20:34 INFO  : 'configparams force-mem-access 0' command is executed.
10:20:34 INFO  : ----------------XSDB Script----------------
connect -path [list tcp::1534 tcp:localhost:3122]
source C:/Xilinx/Vitis/2023.1/scripts/vitis/util/zynqmp_utils.tcl
targets -set -nocase -filter {name =~"APU*"}
rst -system
after 3000
targets -set -nocase -filter {name =~"APU*"}
reset_apu
targets -set -nocase -filter {name =~"RPU*"}
clear_rpu_reset
enable_split_mode
targets -set -filter {jtag_cable_name =~ "Enclustra GmbH Module Link enclustraA" && level==0 && jtag_device_ctx=="jsn-Module Link-enclustraA-04721093-0"}
fpga -file D:/Work/Vitis_workspace_FPGAVerification/ServoDrive_CB_FPGAVerification/_ide/bitstream/Mercury_XU5_PE1.bit
targets -set -nocase -filter {name =~"APU*"}
loadhw -hw D:/Work/Vitis_workspace_FPGAVerification/Mercury_XU5_PE1/export/Mercury_XU5_PE1/hw/Mercury_XU5_PE1.xsa -mem-ranges [list {0x80000000 0xbfffffff} {0x400000000 0x5ffffffff} {0x1000000000 0x7fffffffff}] -regs
configparams force-mem-access 1
targets -set -nocase -filter {name =~"APU*"}
source D:/Work/Vitis_workspace_FPGAVerification/ServoDrive_CB_FPGAVerification/_ide/psinit/psu_init.tcl
psu_init
source C:/Xilinx/Vitis/2023.1/scripts/vitis/util/fsbl.tcl
catch {XFsbl_DdrEccInit}
after 1000
psu_ps_pl_isolation_removal
after 1000
psu_ps_pl_reset_config
catch {psu_protection}
targets -set -nocase -filter {name =~ "*A53*#0"}
rst -processor
dow D:/Work/Vitis_workspace_FPGAVerification/ServoDrive_CB_FPGAVerification/Debug/ServoDrive_CB_FPGAVerification.elf
configparams force-mem-access 0
----------------End of Script----------------

10:20:34 INFO  : Context for processor 'psu_cortexa53_0' is selected.
10:20:34 INFO  : 'con' command is executed.
10:20:34 INFO  : ----------------XSDB Script (After Launch)----------------
targets -set -nocase -filter {name =~ "*A53*#0"}
con
----------------End of Script----------------

10:20:34 INFO  : Launch script is exported to file 'D:\Work\Vitis_workspace_FPGAVerification\ServoDrive_CB_FPGAVerification_system\_ide\scripts\debugger_servodrive_cb_fpgaverification-default.tcl'
10:31:37 INFO  : Checking for BSP changes to sync application flags for project 'ServoDrive_CB_FPGAVerification'...
10:32:16 INFO  : Checking for BSP changes to sync application flags for project 'ServoDrive_CB_FPGAVerification'...
10:32:39 INFO  : Checking for BSP changes to sync application flags for project 'ServoDrive_CB_FPGAVerification'...
10:46:21 INFO  : Checking for BSP changes to sync application flags for project 'ServoDrive_CB_FPGAVerification'...
10:47:06 INFO  : Disconnected from the channel tcfchan#4.
10:47:07 INFO  : Connected through redirection to target on host 'localhost' and port '3122'.
10:47:16 INFO  : ----------------XSDB Script----------------
connect -path [list tcp::1534 tcp:localhost:3122]
----------------End of Script----------------

10:47:16 ERROR : Could not find ARM device on the board for connection 'enclustra'.
Check if the target is in:
1. Split JTAG - No operations are possible with ARM DAP.
2. Non JTAG bootmode - Bootrom may need time to enable DAP.
Please try again.


Troubleshooting hints:
1. Check whether board is connected to system properly.
2. In case of zynq board, check whether Digilent/Xilinx cable switch settings are correct.
3. If you are using Xilinx Platform Cable USB, ensure that status LED is green.
10:47:31 INFO  : Connected through redirection to target on host 'localhost' and port '3122'.
10:47:31 INFO  : Jtag cable 'Enclustra GmbH Module Link enclustraA' is selected.
10:47:31 INFO  : 'jtag frequency' command is executed.
10:47:31 INFO  : Sourcing of 'C:/Xilinx/Vitis/2023.1/scripts/vitis/util/zynqmp_utils.tcl' is done.
10:47:31 INFO  : Context for 'APU' is selected.
10:47:31 INFO  : System reset is completed.
10:47:34 INFO  : 'after 3000' command is executed.
10:47:34 INFO  : Context for 'APU' is selected.
10:47:35 INFO  : Cleared APU and A53 resets
10:47:35 INFO  : Context for 'RPU' is selected.
10:47:38 INFO  : Cleared RPU and R5 resets
10:47:38 INFO  : Split mode is enabled for R5#1
10:47:38 INFO  : 'targets -set -filter {jtag_cable_name =~ "Enclustra GmbH Module Link enclustraA" && level==0 && jtag_device_ctx=="jsn-Module Link-enclustraA-04721093-0"}' command is executed.
10:47:43 INFO  : Device configured successfully with "D:/Work/Vitis_workspace_FPGAVerification/ServoDrive_CB_FPGAVerification/_ide/bitstream/Mercury_XU5_PE1.bit"
10:47:43 INFO  : Context for 'APU' is selected.
10:48:00 INFO  : Hardware design and registers information is loaded from 'D:/Work/Vitis_workspace_FPGAVerification/Mercury_XU5_PE1/export/Mercury_XU5_PE1/hw/Mercury_XU5_PE1.xsa'.
10:48:00 INFO  : 'configparams force-mem-access 1' command is executed.
10:48:00 INFO  : Context for 'APU' is selected.
10:48:00 INFO  : Sourcing of 'D:/Work/Vitis_workspace_FPGAVerification/ServoDrive_CB_FPGAVerification/_ide/psinit/psu_init.tcl' is done.
10:48:03 INFO  : 'psu_init' command is executed.
10:48:03 INFO  : Sourcing of 'C:/Xilinx/Vitis/2023.1/scripts/vitis/util/fsbl.tcl' is done.
10:48:04 INFO  : 'catch {XFsbl_DdrEccInit}' command is executed.
10:48:05 INFO  : 'after 1000' command is executed.
10:48:05 INFO  : 'psu_ps_pl_isolation_removal' command is executed.
10:48:06 INFO  : 'after 1000' command is executed.
10:48:06 INFO  : 'psu_ps_pl_reset_config' command is executed.
10:48:06 INFO  : 'catch {psu_protection}' command is executed.
10:48:06 INFO  : Context for processor 'psu_cortexa53_0' is selected.
10:48:06 INFO  : Processor reset is completed for 'psu_cortexa53_0'.
10:48:16 INFO  : The application 'D:/Work/Vitis_workspace_FPGAVerification/ServoDrive_CB_FPGAVerification/Debug/ServoDrive_CB_FPGAVerification.elf' is downloaded to processor 'psu_cortexa53_0'.
10:48:16 INFO  : 'configparams force-mem-access 0' command is executed.
10:48:16 INFO  : ----------------XSDB Script----------------
connect -path [list tcp::1534 tcp:localhost:3122]
source C:/Xilinx/Vitis/2023.1/scripts/vitis/util/zynqmp_utils.tcl
targets -set -nocase -filter {name =~"APU*"}
rst -system
after 3000
targets -set -nocase -filter {name =~"APU*"}
reset_apu
targets -set -nocase -filter {name =~"RPU*"}
clear_rpu_reset
enable_split_mode
targets -set -filter {jtag_cable_name =~ "Enclustra GmbH Module Link enclustraA" && level==0 && jtag_device_ctx=="jsn-Module Link-enclustraA-04721093-0"}
fpga -file D:/Work/Vitis_workspace_FPGAVerification/ServoDrive_CB_FPGAVerification/_ide/bitstream/Mercury_XU5_PE1.bit
targets -set -nocase -filter {name =~"APU*"}
loadhw -hw D:/Work/Vitis_workspace_FPGAVerification/Mercury_XU5_PE1/export/Mercury_XU5_PE1/hw/Mercury_XU5_PE1.xsa -mem-ranges [list {0x80000000 0xbfffffff} {0x400000000 0x5ffffffff} {0x1000000000 0x7fffffffff}] -regs
configparams force-mem-access 1
targets -set -nocase -filter {name =~"APU*"}
source D:/Work/Vitis_workspace_FPGAVerification/ServoDrive_CB_FPGAVerification/_ide/psinit/psu_init.tcl
psu_init
source C:/Xilinx/Vitis/2023.1/scripts/vitis/util/fsbl.tcl
catch {XFsbl_DdrEccInit}
after 1000
psu_ps_pl_isolation_removal
after 1000
psu_ps_pl_reset_config
catch {psu_protection}
targets -set -nocase -filter {name =~ "*A53*#0"}
rst -processor
dow D:/Work/Vitis_workspace_FPGAVerification/ServoDrive_CB_FPGAVerification/Debug/ServoDrive_CB_FPGAVerification.elf
configparams force-mem-access 0
----------------End of Script----------------

10:48:16 INFO  : Context for processor 'psu_cortexa53_0' is selected.
10:48:16 INFO  : 'con' command is executed.
10:48:16 INFO  : ----------------XSDB Script (After Launch)----------------
targets -set -nocase -filter {name =~ "*A53*#0"}
con
----------------End of Script----------------

10:48:16 INFO  : Launch script is exported to file 'D:\Work\Vitis_workspace_FPGAVerification\ServoDrive_CB_FPGAVerification_system\_ide\scripts\debugger_servodrive_cb_fpgaverification-default.tcl'
10:55:16 INFO  : Checking for BSP changes to sync application flags for project 'ServoDrive_CB_FPGAVerification'...
10:55:38 INFO  : Disconnected from the channel tcfchan#5.
10:55:39 INFO  : Connected through redirection to target on host 'localhost' and port '3122'.
10:55:48 INFO  : ----------------XSDB Script----------------
connect -path [list tcp::1534 tcp:localhost:3122]
----------------End of Script----------------

10:55:48 ERROR : Could not find ARM device on the board for connection 'enclustra'.
Check if the target is in:
1. Split JTAG - No operations are possible with ARM DAP.
2. Non JTAG bootmode - Bootrom may need time to enable DAP.
Please try again.


Troubleshooting hints:
1. Check whether board is connected to system properly.
2. In case of zynq board, check whether Digilent/Xilinx cable switch settings are correct.
3. If you are using Xilinx Platform Cable USB, ensure that status LED is green.
10:55:59 INFO  : Connected through redirection to target on host 'localhost' and port '3122'.
10:55:59 INFO  : Jtag cable 'Enclustra GmbH Module Link enclustraA' is selected.
10:55:59 INFO  : 'jtag frequency' command is executed.
10:55:59 INFO  : Sourcing of 'C:/Xilinx/Vitis/2023.1/scripts/vitis/util/zynqmp_utils.tcl' is done.
10:55:59 INFO  : Context for 'APU' is selected.
10:56:00 INFO  : System reset is completed.
10:56:03 INFO  : 'after 3000' command is executed.
10:56:03 INFO  : Context for 'APU' is selected.
10:56:03 INFO  : Cleared APU and A53 resets
10:56:03 INFO  : Context for 'RPU' is selected.
10:56:06 INFO  : Cleared RPU and R5 resets
10:56:06 INFO  : Split mode is enabled for R5#1
10:56:07 INFO  : 'targets -set -filter {jtag_cable_name =~ "Enclustra GmbH Module Link enclustraA" && level==0 && jtag_device_ctx=="jsn-Module Link-enclustraA-04721093-0"}' command is executed.
10:56:11 INFO  : Device configured successfully with "D:/Work/Vitis_workspace_FPGAVerification/ServoDrive_CB_FPGAVerification/_ide/bitstream/Mercury_XU5_PE1.bit"
10:56:11 INFO  : Context for 'APU' is selected.
10:56:27 INFO  : Hardware design and registers information is loaded from 'D:/Work/Vitis_workspace_FPGAVerification/Mercury_XU5_PE1/export/Mercury_XU5_PE1/hw/Mercury_XU5_PE1.xsa'.
10:56:27 INFO  : 'configparams force-mem-access 1' command is executed.
10:56:27 INFO  : Context for 'APU' is selected.
10:56:27 INFO  : Sourcing of 'D:/Work/Vitis_workspace_FPGAVerification/ServoDrive_CB_FPGAVerification/_ide/psinit/psu_init.tcl' is done.
10:56:29 INFO  : 'psu_init' command is executed.
10:56:29 INFO  : Sourcing of 'C:/Xilinx/Vitis/2023.1/scripts/vitis/util/fsbl.tcl' is done.
10:56:30 INFO  : 'catch {XFsbl_DdrEccInit}' command is executed.
10:56:31 INFO  : 'after 1000' command is executed.
10:56:31 INFO  : 'psu_ps_pl_isolation_removal' command is executed.
10:56:32 INFO  : 'after 1000' command is executed.
10:56:32 INFO  : 'psu_ps_pl_reset_config' command is executed.
10:56:32 INFO  : 'catch {psu_protection}' command is executed.
10:56:32 INFO  : Context for processor 'psu_cortexa53_0' is selected.
10:56:32 INFO  : Processor reset is completed for 'psu_cortexa53_0'.
10:56:42 INFO  : The application 'D:/Work/Vitis_workspace_FPGAVerification/ServoDrive_CB_FPGAVerification/Debug/ServoDrive_CB_FPGAVerification.elf' is downloaded to processor 'psu_cortexa53_0'.
10:56:42 INFO  : 'configparams force-mem-access 0' command is executed.
10:56:42 INFO  : ----------------XSDB Script----------------
connect -path [list tcp::1534 tcp:localhost:3122]
source C:/Xilinx/Vitis/2023.1/scripts/vitis/util/zynqmp_utils.tcl
targets -set -nocase -filter {name =~"APU*"}
rst -system
after 3000
targets -set -nocase -filter {name =~"APU*"}
reset_apu
targets -set -nocase -filter {name =~"RPU*"}
clear_rpu_reset
enable_split_mode
targets -set -filter {jtag_cable_name =~ "Enclustra GmbH Module Link enclustraA" && level==0 && jtag_device_ctx=="jsn-Module Link-enclustraA-04721093-0"}
fpga -file D:/Work/Vitis_workspace_FPGAVerification/ServoDrive_CB_FPGAVerification/_ide/bitstream/Mercury_XU5_PE1.bit
targets -set -nocase -filter {name =~"APU*"}
loadhw -hw D:/Work/Vitis_workspace_FPGAVerification/Mercury_XU5_PE1/export/Mercury_XU5_PE1/hw/Mercury_XU5_PE1.xsa -mem-ranges [list {0x80000000 0xbfffffff} {0x400000000 0x5ffffffff} {0x1000000000 0x7fffffffff}] -regs
configparams force-mem-access 1
targets -set -nocase -filter {name =~"APU*"}
source D:/Work/Vitis_workspace_FPGAVerification/ServoDrive_CB_FPGAVerification/_ide/psinit/psu_init.tcl
psu_init
source C:/Xilinx/Vitis/2023.1/scripts/vitis/util/fsbl.tcl
catch {XFsbl_DdrEccInit}
after 1000
psu_ps_pl_isolation_removal
after 1000
psu_ps_pl_reset_config
catch {psu_protection}
targets -set -nocase -filter {name =~ "*A53*#0"}
rst -processor
dow D:/Work/Vitis_workspace_FPGAVerification/ServoDrive_CB_FPGAVerification/Debug/ServoDrive_CB_FPGAVerification.elf
configparams force-mem-access 0
----------------End of Script----------------

10:56:42 INFO  : Context for processor 'psu_cortexa53_0' is selected.
10:56:42 INFO  : 'con' command is executed.
10:56:42 INFO  : ----------------XSDB Script (After Launch)----------------
targets -set -nocase -filter {name =~ "*A53*#0"}
con
----------------End of Script----------------

10:56:42 INFO  : Launch script is exported to file 'D:\Work\Vitis_workspace_FPGAVerification\ServoDrive_CB_FPGAVerification_system\_ide\scripts\debugger_servodrive_cb_fpgaverification-default.tcl'
11:02:23 INFO  : Checking for BSP changes to sync application flags for project 'ServoDrive_CB_FPGAVerification'...
11:02:45 INFO  : Disconnected from the channel tcfchan#6.
11:02:46 INFO  : Connected through redirection to target on host 'localhost' and port '3122'.
11:02:56 INFO  : ----------------XSDB Script----------------
connect -path [list tcp::1534 tcp:localhost:3122]
----------------End of Script----------------

11:02:56 ERROR : Could not find ARM device on the board for connection 'enclustra'.
Check if the target is in:
1. Split JTAG - No operations are possible with ARM DAP.
2. Non JTAG bootmode - Bootrom may need time to enable DAP.
Please try again.


Troubleshooting hints:
1. Check whether board is connected to system properly.
2. In case of zynq board, check whether Digilent/Xilinx cable switch settings are correct.
3. If you are using Xilinx Platform Cable USB, ensure that status LED is green.
11:03:04 INFO  : Connected through redirection to target on host 'localhost' and port '3122'.
11:03:04 INFO  : Jtag cable 'Enclustra GmbH Module Link enclustraA' is selected.
11:03:04 INFO  : 'jtag frequency' command is executed.
11:03:04 INFO  : Sourcing of 'C:/Xilinx/Vitis/2023.1/scripts/vitis/util/zynqmp_utils.tcl' is done.
11:03:04 INFO  : Context for 'APU' is selected.
11:03:04 INFO  : System reset is completed.
11:03:07 INFO  : 'after 3000' command is executed.
11:03:07 INFO  : Context for 'APU' is selected.
11:03:08 INFO  : Cleared APU and A53 resets
11:03:08 INFO  : Context for 'RPU' is selected.
11:03:11 INFO  : Cleared RPU and R5 resets
11:03:11 INFO  : Split mode is enabled for R5#1
11:03:11 INFO  : 'targets -set -filter {jtag_cable_name =~ "Enclustra GmbH Module Link enclustraA" && level==0 && jtag_device_ctx=="jsn-Module Link-enclustraA-04721093-0"}' command is executed.
11:03:16 INFO  : Device configured successfully with "D:/Work/Vitis_workspace_FPGAVerification/ServoDrive_CB_FPGAVerification/_ide/bitstream/Mercury_XU5_PE1.bit"
11:03:16 INFO  : Context for 'APU' is selected.
11:03:34 INFO  : Hardware design and registers information is loaded from 'D:/Work/Vitis_workspace_FPGAVerification/Mercury_XU5_PE1/export/Mercury_XU5_PE1/hw/Mercury_XU5_PE1.xsa'.
11:03:34 INFO  : 'configparams force-mem-access 1' command is executed.
11:03:34 INFO  : Context for 'APU' is selected.
11:03:34 INFO  : Sourcing of 'D:/Work/Vitis_workspace_FPGAVerification/ServoDrive_CB_FPGAVerification/_ide/psinit/psu_init.tcl' is done.
11:03:37 INFO  : 'psu_init' command is executed.
11:03:37 INFO  : Sourcing of 'C:/Xilinx/Vitis/2023.1/scripts/vitis/util/fsbl.tcl' is done.
11:03:38 INFO  : 'catch {XFsbl_DdrEccInit}' command is executed.
11:03:39 INFO  : 'after 1000' command is executed.
11:03:39 INFO  : 'psu_ps_pl_isolation_removal' command is executed.
11:03:40 INFO  : 'after 1000' command is executed.
11:03:40 INFO  : 'psu_ps_pl_reset_config' command is executed.
11:03:40 INFO  : 'catch {psu_protection}' command is executed.
11:03:40 INFO  : Context for processor 'psu_cortexa53_0' is selected.
11:03:40 INFO  : Processor reset is completed for 'psu_cortexa53_0'.
11:03:50 INFO  : The application 'D:/Work/Vitis_workspace_FPGAVerification/ServoDrive_CB_FPGAVerification/Debug/ServoDrive_CB_FPGAVerification.elf' is downloaded to processor 'psu_cortexa53_0'.
11:03:50 INFO  : 'configparams force-mem-access 0' command is executed.
11:03:50 INFO  : ----------------XSDB Script----------------
connect -path [list tcp::1534 tcp:localhost:3122]
source C:/Xilinx/Vitis/2023.1/scripts/vitis/util/zynqmp_utils.tcl
targets -set -nocase -filter {name =~"APU*"}
rst -system
after 3000
targets -set -nocase -filter {name =~"APU*"}
reset_apu
targets -set -nocase -filter {name =~"RPU*"}
clear_rpu_reset
enable_split_mode
targets -set -filter {jtag_cable_name =~ "Enclustra GmbH Module Link enclustraA" && level==0 && jtag_device_ctx=="jsn-Module Link-enclustraA-04721093-0"}
fpga -file D:/Work/Vitis_workspace_FPGAVerification/ServoDrive_CB_FPGAVerification/_ide/bitstream/Mercury_XU5_PE1.bit
targets -set -nocase -filter {name =~"APU*"}
loadhw -hw D:/Work/Vitis_workspace_FPGAVerification/Mercury_XU5_PE1/export/Mercury_XU5_PE1/hw/Mercury_XU5_PE1.xsa -mem-ranges [list {0x80000000 0xbfffffff} {0x400000000 0x5ffffffff} {0x1000000000 0x7fffffffff}] -regs
configparams force-mem-access 1
targets -set -nocase -filter {name =~"APU*"}
source D:/Work/Vitis_workspace_FPGAVerification/ServoDrive_CB_FPGAVerification/_ide/psinit/psu_init.tcl
psu_init
source C:/Xilinx/Vitis/2023.1/scripts/vitis/util/fsbl.tcl
catch {XFsbl_DdrEccInit}
after 1000
psu_ps_pl_isolation_removal
after 1000
psu_ps_pl_reset_config
catch {psu_protection}
targets -set -nocase -filter {name =~ "*A53*#0"}
rst -processor
dow D:/Work/Vitis_workspace_FPGAVerification/ServoDrive_CB_FPGAVerification/Debug/ServoDrive_CB_FPGAVerification.elf
configparams force-mem-access 0
----------------End of Script----------------

11:03:50 INFO  : Context for processor 'psu_cortexa53_0' is selected.
11:03:50 INFO  : 'con' command is executed.
11:03:50 INFO  : ----------------XSDB Script (After Launch)----------------
targets -set -nocase -filter {name =~ "*A53*#0"}
con
----------------End of Script----------------

11:03:50 INFO  : Launch script is exported to file 'D:\Work\Vitis_workspace_FPGAVerification\ServoDrive_CB_FPGAVerification_system\_ide\scripts\debugger_servodrive_cb_fpgaverification-default.tcl'
11:13:07 INFO  : Checking for BSP changes to sync application flags for project 'ServoDrive_CB_FPGAVerification'...
11:13:25 INFO  : Disconnected from the channel tcfchan#7.
11:13:26 INFO  : Connected through redirection to target on host 'localhost' and port '3122'.
11:13:27 INFO  : Jtag cable 'Enclustra GmbH Module Link enclustraA' is selected.
11:13:27 INFO  : 'jtag frequency' command is executed.
11:13:27 INFO  : Sourcing of 'C:/Xilinx/Vitis/2023.1/scripts/vitis/util/zynqmp_utils.tcl' is done.
11:13:27 INFO  : Context for 'APU' is selected.
11:13:27 INFO  : System reset is completed.
11:13:30 INFO  : 'after 3000' command is executed.
11:13:31 INFO  : Context for 'APU' is selected.
11:13:31 INFO  : Cleared APU and A53 resets
11:13:31 INFO  : Context for 'RPU' is selected.
11:13:34 INFO  : Cleared RPU and R5 resets
11:13:34 INFO  : Split mode is enabled for R5#1
11:13:34 INFO  : 'targets -set -filter {jtag_cable_name =~ "Enclustra GmbH Module Link enclustraA" && level==0 && jtag_device_ctx=="jsn-Module Link-enclustraA-04721093-0"}' command is executed.
11:13:39 INFO  : Device configured successfully with "D:/Work/Vitis_workspace_FPGAVerification/ServoDrive_CB_FPGAVerification/_ide/bitstream/Mercury_XU5_PE1.bit"
11:13:39 INFO  : Context for 'APU' is selected.
11:13:53 INFO  : Hardware design and registers information is loaded from 'D:/Work/Vitis_workspace_FPGAVerification/Mercury_XU5_PE1/export/Mercury_XU5_PE1/hw/Mercury_XU5_PE1.xsa'.
11:13:53 INFO  : 'configparams force-mem-access 1' command is executed.
11:13:53 INFO  : Context for 'APU' is selected.
11:13:53 INFO  : Sourcing of 'D:/Work/Vitis_workspace_FPGAVerification/ServoDrive_CB_FPGAVerification/_ide/psinit/psu_init.tcl' is done.
11:13:55 INFO  : 'psu_init' command is executed.
11:13:55 INFO  : Sourcing of 'C:/Xilinx/Vitis/2023.1/scripts/vitis/util/fsbl.tcl' is done.
11:13:56 INFO  : 'catch {XFsbl_DdrEccInit}' command is executed.
11:13:57 INFO  : 'after 1000' command is executed.
11:13:57 INFO  : 'psu_ps_pl_isolation_removal' command is executed.
11:13:58 INFO  : 'after 1000' command is executed.
11:13:58 INFO  : 'psu_ps_pl_reset_config' command is executed.
11:13:58 INFO  : 'catch {psu_protection}' command is executed.
11:13:58 INFO  : Context for processor 'psu_cortexa53_0' is selected.
11:13:58 INFO  : Processor reset is completed for 'psu_cortexa53_0'.
11:14:08 INFO  : The application 'D:/Work/Vitis_workspace_FPGAVerification/ServoDrive_CB_FPGAVerification/Debug/ServoDrive_CB_FPGAVerification.elf' is downloaded to processor 'psu_cortexa53_0'.
11:14:08 INFO  : 'configparams force-mem-access 0' command is executed.
11:14:08 INFO  : ----------------XSDB Script----------------
connect -path [list tcp::1534 tcp:localhost:3122]
source C:/Xilinx/Vitis/2023.1/scripts/vitis/util/zynqmp_utils.tcl
targets -set -nocase -filter {name =~"APU*"}
rst -system
after 3000
targets -set -nocase -filter {name =~"APU*"}
reset_apu
targets -set -nocase -filter {name =~"RPU*"}
clear_rpu_reset
enable_split_mode
targets -set -filter {jtag_cable_name =~ "Enclustra GmbH Module Link enclustraA" && level==0 && jtag_device_ctx=="jsn-Module Link-enclustraA-04721093-0"}
fpga -file D:/Work/Vitis_workspace_FPGAVerification/ServoDrive_CB_FPGAVerification/_ide/bitstream/Mercury_XU5_PE1.bit
targets -set -nocase -filter {name =~"APU*"}
loadhw -hw D:/Work/Vitis_workspace_FPGAVerification/Mercury_XU5_PE1/export/Mercury_XU5_PE1/hw/Mercury_XU5_PE1.xsa -mem-ranges [list {0x80000000 0xbfffffff} {0x400000000 0x5ffffffff} {0x1000000000 0x7fffffffff}] -regs
configparams force-mem-access 1
targets -set -nocase -filter {name =~"APU*"}
source D:/Work/Vitis_workspace_FPGAVerification/ServoDrive_CB_FPGAVerification/_ide/psinit/psu_init.tcl
psu_init
source C:/Xilinx/Vitis/2023.1/scripts/vitis/util/fsbl.tcl
catch {XFsbl_DdrEccInit}
after 1000
psu_ps_pl_isolation_removal
after 1000
psu_ps_pl_reset_config
catch {psu_protection}
targets -set -nocase -filter {name =~ "*A53*#0"}
rst -processor
dow D:/Work/Vitis_workspace_FPGAVerification/ServoDrive_CB_FPGAVerification/Debug/ServoDrive_CB_FPGAVerification.elf
configparams force-mem-access 0
----------------End of Script----------------

11:14:08 INFO  : Context for processor 'psu_cortexa53_0' is selected.
11:14:08 INFO  : 'con' command is executed.
11:14:08 INFO  : ----------------XSDB Script (After Launch)----------------
targets -set -nocase -filter {name =~ "*A53*#0"}
con
----------------End of Script----------------

11:14:08 INFO  : Launch script is exported to file 'D:\Work\Vitis_workspace_FPGAVerification\ServoDrive_CB_FPGAVerification_system\_ide\scripts\debugger_servodrive_cb_fpgaverification-default.tcl'
11:19:03 INFO  : Checking for BSP changes to sync application flags for project 'ServoDrive_CB_FPGAVerification'...
11:19:23 INFO  : Disconnected from the channel tcfchan#8.
11:19:24 INFO  : Connected through redirection to target on host 'localhost' and port '3122'.
11:19:33 INFO  : ----------------XSDB Script----------------
connect -path [list tcp::1534 tcp:localhost:3122]
----------------End of Script----------------

11:19:33 ERROR : Could not find ARM device on the board for connection 'enclustra'.
Check if the target is in:
1. Split JTAG - No operations are possible with ARM DAP.
2. Non JTAG bootmode - Bootrom may need time to enable DAP.
Please try again.


Troubleshooting hints:
1. Check whether board is connected to system properly.
2. In case of zynq board, check whether Digilent/Xilinx cable switch settings are correct.
3. If you are using Xilinx Platform Cable USB, ensure that status LED is green.
11:19:40 INFO  : Connected through redirection to target on host 'localhost' and port '3122'.
11:19:40 INFO  : Jtag cable 'Enclustra GmbH Module Link enclustraA' is selected.
11:19:40 INFO  : 'jtag frequency' command is executed.
11:19:40 INFO  : Sourcing of 'C:/Xilinx/Vitis/2023.1/scripts/vitis/util/zynqmp_utils.tcl' is done.
11:19:40 INFO  : Context for 'APU' is selected.
11:19:41 INFO  : System reset is completed.
11:19:44 INFO  : 'after 3000' command is executed.
11:19:44 INFO  : Context for 'APU' is selected.
11:19:44 INFO  : Cleared APU and A53 resets
11:19:44 INFO  : Context for 'RPU' is selected.
11:19:47 INFO  : Cleared RPU and R5 resets
11:19:48 INFO  : Split mode is enabled for R5#1
11:19:48 INFO  : 'targets -set -filter {jtag_cable_name =~ "Enclustra GmbH Module Link enclustraA" && level==0 && jtag_device_ctx=="jsn-Module Link-enclustraA-04721093-0"}' command is executed.
11:19:52 INFO  : Device configured successfully with "D:/Work/Vitis_workspace_FPGAVerification/ServoDrive_CB_FPGAVerification/_ide/bitstream/Mercury_XU5_PE1.bit"
11:19:52 INFO  : Context for 'APU' is selected.
11:20:08 INFO  : Hardware design and registers information is loaded from 'D:/Work/Vitis_workspace_FPGAVerification/Mercury_XU5_PE1/export/Mercury_XU5_PE1/hw/Mercury_XU5_PE1.xsa'.
11:20:08 INFO  : 'configparams force-mem-access 1' command is executed.
11:20:08 INFO  : Context for 'APU' is selected.
11:20:08 INFO  : Sourcing of 'D:/Work/Vitis_workspace_FPGAVerification/ServoDrive_CB_FPGAVerification/_ide/psinit/psu_init.tcl' is done.
11:20:10 INFO  : 'psu_init' command is executed.
11:20:10 INFO  : Sourcing of 'C:/Xilinx/Vitis/2023.1/scripts/vitis/util/fsbl.tcl' is done.
11:20:11 INFO  : 'catch {XFsbl_DdrEccInit}' command is executed.
11:20:12 INFO  : 'after 1000' command is executed.
11:20:12 INFO  : 'psu_ps_pl_isolation_removal' command is executed.
11:20:13 INFO  : 'after 1000' command is executed.
11:20:13 INFO  : 'psu_ps_pl_reset_config' command is executed.
11:20:13 INFO  : 'catch {psu_protection}' command is executed.
11:20:13 INFO  : Context for processor 'psu_cortexa53_0' is selected.
11:20:13 INFO  : Processor reset is completed for 'psu_cortexa53_0'.
11:20:22 INFO  : The application 'D:/Work/Vitis_workspace_FPGAVerification/ServoDrive_CB_FPGAVerification/Debug/ServoDrive_CB_FPGAVerification.elf' is downloaded to processor 'psu_cortexa53_0'.
11:20:22 INFO  : 'configparams force-mem-access 0' command is executed.
11:20:22 INFO  : ----------------XSDB Script----------------
connect -path [list tcp::1534 tcp:localhost:3122]
source C:/Xilinx/Vitis/2023.1/scripts/vitis/util/zynqmp_utils.tcl
targets -set -nocase -filter {name =~"APU*"}
rst -system
after 3000
targets -set -nocase -filter {name =~"APU*"}
reset_apu
targets -set -nocase -filter {name =~"RPU*"}
clear_rpu_reset
enable_split_mode
targets -set -filter {jtag_cable_name =~ "Enclustra GmbH Module Link enclustraA" && level==0 && jtag_device_ctx=="jsn-Module Link-enclustraA-04721093-0"}
fpga -file D:/Work/Vitis_workspace_FPGAVerification/ServoDrive_CB_FPGAVerification/_ide/bitstream/Mercury_XU5_PE1.bit
targets -set -nocase -filter {name =~"APU*"}
loadhw -hw D:/Work/Vitis_workspace_FPGAVerification/Mercury_XU5_PE1/export/Mercury_XU5_PE1/hw/Mercury_XU5_PE1.xsa -mem-ranges [list {0x80000000 0xbfffffff} {0x400000000 0x5ffffffff} {0x1000000000 0x7fffffffff}] -regs
configparams force-mem-access 1
targets -set -nocase -filter {name =~"APU*"}
source D:/Work/Vitis_workspace_FPGAVerification/ServoDrive_CB_FPGAVerification/_ide/psinit/psu_init.tcl
psu_init
source C:/Xilinx/Vitis/2023.1/scripts/vitis/util/fsbl.tcl
catch {XFsbl_DdrEccInit}
after 1000
psu_ps_pl_isolation_removal
after 1000
psu_ps_pl_reset_config
catch {psu_protection}
targets -set -nocase -filter {name =~ "*A53*#0"}
rst -processor
dow D:/Work/Vitis_workspace_FPGAVerification/ServoDrive_CB_FPGAVerification/Debug/ServoDrive_CB_FPGAVerification.elf
configparams force-mem-access 0
----------------End of Script----------------

11:20:22 INFO  : Context for processor 'psu_cortexa53_0' is selected.
11:20:22 INFO  : 'con' command is executed.
11:20:22 INFO  : ----------------XSDB Script (After Launch)----------------
targets -set -nocase -filter {name =~ "*A53*#0"}
con
----------------End of Script----------------

11:20:22 INFO  : Launch script is exported to file 'D:\Work\Vitis_workspace_FPGAVerification\ServoDrive_CB_FPGAVerification_system\_ide\scripts\debugger_servodrive_cb_fpgaverification-default.tcl'
11:20:47 INFO  : Checking for BSP changes to sync application flags for project 'ServoDrive_CB_FPGAVerification'...
11:21:03 INFO  : Disconnected from the channel tcfchan#9.
11:21:04 INFO  : Connected through redirection to target on host 'localhost' and port '3122'.
11:21:04 INFO  : Jtag cable 'Enclustra GmbH Module Link enclustraA' is selected.
11:21:04 INFO  : 'jtag frequency' command is executed.
11:21:04 INFO  : Sourcing of 'C:/Xilinx/Vitis/2023.1/scripts/vitis/util/zynqmp_utils.tcl' is done.
11:21:04 INFO  : Context for 'APU' is selected.
11:21:05 INFO  : System reset is completed.
11:21:08 INFO  : 'after 3000' command is executed.
11:21:08 INFO  : Context for 'APU' is selected.
11:21:08 INFO  : Cleared APU and A53 resets
11:21:08 INFO  : Context for 'RPU' is selected.
11:21:11 INFO  : Cleared RPU and R5 resets
11:21:11 INFO  : Split mode is enabled for R5#1
11:21:11 INFO  : 'targets -set -filter {jtag_cable_name =~ "Enclustra GmbH Module Link enclustraA" && level==0 && jtag_device_ctx=="jsn-Module Link-enclustraA-04721093-0"}' command is executed.
11:21:16 INFO  : Device configured successfully with "D:/Work/Vitis_workspace_FPGAVerification/ServoDrive_CB_FPGAVerification/_ide/bitstream/Mercury_XU5_PE1.bit"
11:21:16 INFO  : Context for 'APU' is selected.
11:21:32 INFO  : Hardware design and registers information is loaded from 'D:/Work/Vitis_workspace_FPGAVerification/Mercury_XU5_PE1/export/Mercury_XU5_PE1/hw/Mercury_XU5_PE1.xsa'.
11:21:32 INFO  : 'configparams force-mem-access 1' command is executed.
11:21:32 INFO  : Context for 'APU' is selected.
11:21:32 INFO  : Sourcing of 'D:/Work/Vitis_workspace_FPGAVerification/ServoDrive_CB_FPGAVerification/_ide/psinit/psu_init.tcl' is done.
11:21:35 INFO  : 'psu_init' command is executed.
11:21:35 INFO  : Sourcing of 'C:/Xilinx/Vitis/2023.1/scripts/vitis/util/fsbl.tcl' is done.
11:21:36 INFO  : 'catch {XFsbl_DdrEccInit}' command is executed.
11:21:37 INFO  : 'after 1000' command is executed.
11:21:37 INFO  : 'psu_ps_pl_isolation_removal' command is executed.
11:21:38 INFO  : 'after 1000' command is executed.
11:21:38 INFO  : 'psu_ps_pl_reset_config' command is executed.
11:21:38 INFO  : 'catch {psu_protection}' command is executed.
11:21:38 INFO  : Context for processor 'psu_cortexa53_0' is selected.
11:21:38 INFO  : Processor reset is completed for 'psu_cortexa53_0'.
11:21:48 INFO  : The application 'D:/Work/Vitis_workspace_FPGAVerification/ServoDrive_CB_FPGAVerification/Debug/ServoDrive_CB_FPGAVerification.elf' is downloaded to processor 'psu_cortexa53_0'.
11:21:48 INFO  : 'configparams force-mem-access 0' command is executed.
11:21:48 INFO  : ----------------XSDB Script----------------
connect -path [list tcp::1534 tcp:localhost:3122]
source C:/Xilinx/Vitis/2023.1/scripts/vitis/util/zynqmp_utils.tcl
targets -set -nocase -filter {name =~"APU*"}
rst -system
after 3000
targets -set -nocase -filter {name =~"APU*"}
reset_apu
targets -set -nocase -filter {name =~"RPU*"}
clear_rpu_reset
enable_split_mode
targets -set -filter {jtag_cable_name =~ "Enclustra GmbH Module Link enclustraA" && level==0 && jtag_device_ctx=="jsn-Module Link-enclustraA-04721093-0"}
fpga -file D:/Work/Vitis_workspace_FPGAVerification/ServoDrive_CB_FPGAVerification/_ide/bitstream/Mercury_XU5_PE1.bit
targets -set -nocase -filter {name =~"APU*"}
loadhw -hw D:/Work/Vitis_workspace_FPGAVerification/Mercury_XU5_PE1/export/Mercury_XU5_PE1/hw/Mercury_XU5_PE1.xsa -mem-ranges [list {0x80000000 0xbfffffff} {0x400000000 0x5ffffffff} {0x1000000000 0x7fffffffff}] -regs
configparams force-mem-access 1
targets -set -nocase -filter {name =~"APU*"}
source D:/Work/Vitis_workspace_FPGAVerification/ServoDrive_CB_FPGAVerification/_ide/psinit/psu_init.tcl
psu_init
source C:/Xilinx/Vitis/2023.1/scripts/vitis/util/fsbl.tcl
catch {XFsbl_DdrEccInit}
after 1000
psu_ps_pl_isolation_removal
after 1000
psu_ps_pl_reset_config
catch {psu_protection}
targets -set -nocase -filter {name =~ "*A53*#0"}
rst -processor
dow D:/Work/Vitis_workspace_FPGAVerification/ServoDrive_CB_FPGAVerification/Debug/ServoDrive_CB_FPGAVerification.elf
configparams force-mem-access 0
----------------End of Script----------------

11:21:48 INFO  : Context for processor 'psu_cortexa53_0' is selected.
11:21:48 INFO  : 'con' command is executed.
11:21:48 INFO  : ----------------XSDB Script (After Launch)----------------
targets -set -nocase -filter {name =~ "*A53*#0"}
con
----------------End of Script----------------

11:21:48 INFO  : Launch script is exported to file 'D:\Work\Vitis_workspace_FPGAVerification\ServoDrive_CB_FPGAVerification_system\_ide\scripts\debugger_servodrive_cb_fpgaverification-default.tcl'
11:23:22 INFO  : Checking for BSP changes to sync application flags for project 'ServoDrive_CB_FPGAVerification'...
11:23:42 INFO  : Disconnected from the channel tcfchan#10.
11:23:43 INFO  : Connected through redirection to target on host 'localhost' and port '3122'.
11:23:52 INFO  : ----------------XSDB Script----------------
connect -path [list tcp::1534 tcp:localhost:3122]
----------------End of Script----------------

11:23:52 ERROR : Could not find ARM device on the board for connection 'enclustra'.
Check if the target is in:
1. Split JTAG - No operations are possible with ARM DAP.
2. Non JTAG bootmode - Bootrom may need time to enable DAP.
Please try again.


Troubleshooting hints:
1. Check whether board is connected to system properly.
2. In case of zynq board, check whether Digilent/Xilinx cable switch settings are correct.
3. If you are using Xilinx Platform Cable USB, ensure that status LED is green.
11:24:15 INFO  : Connected through redirection to target on host 'localhost' and port '3122'.
11:24:15 INFO  : Jtag cable 'Enclustra GmbH Module Link enclustraA' is selected.
11:24:15 INFO  : 'jtag frequency' command is executed.
11:24:15 INFO  : Sourcing of 'C:/Xilinx/Vitis/2023.1/scripts/vitis/util/zynqmp_utils.tcl' is done.
11:24:15 INFO  : Context for 'APU' is selected.
11:24:16 INFO  : System reset is completed.
11:24:19 INFO  : 'after 3000' command is executed.
11:24:19 INFO  : Context for 'APU' is selected.
11:24:19 INFO  : Cleared APU and A53 resets
11:24:19 INFO  : Context for 'RPU' is selected.
11:24:22 INFO  : Cleared RPU and R5 resets
11:24:22 INFO  : Split mode is enabled for R5#1
11:24:22 INFO  : 'targets -set -filter {jtag_cable_name =~ "Enclustra GmbH Module Link enclustraA" && level==0 && jtag_device_ctx=="jsn-Module Link-enclustraA-04721093-0"}' command is executed.
11:24:27 INFO  : Device configured successfully with "D:/Work/Vitis_workspace_FPGAVerification/ServoDrive_CB_FPGAVerification/_ide/bitstream/Mercury_XU5_PE1.bit"
11:24:27 INFO  : Context for 'APU' is selected.
11:24:44 INFO  : Hardware design and registers information is loaded from 'D:/Work/Vitis_workspace_FPGAVerification/Mercury_XU5_PE1/export/Mercury_XU5_PE1/hw/Mercury_XU5_PE1.xsa'.
11:24:44 INFO  : 'configparams force-mem-access 1' command is executed.
11:24:44 INFO  : Context for 'APU' is selected.
11:24:45 INFO  : Sourcing of 'D:/Work/Vitis_workspace_FPGAVerification/ServoDrive_CB_FPGAVerification/_ide/psinit/psu_init.tcl' is done.
11:24:47 INFO  : 'psu_init' command is executed.
11:24:47 INFO  : Sourcing of 'C:/Xilinx/Vitis/2023.1/scripts/vitis/util/fsbl.tcl' is done.
11:24:47 INFO  : 'catch {XFsbl_DdrEccInit}' command is executed.
11:24:48 INFO  : 'after 1000' command is executed.
11:24:48 INFO  : 'psu_ps_pl_isolation_removal' command is executed.
11:24:49 INFO  : 'after 1000' command is executed.
11:24:49 INFO  : 'psu_ps_pl_reset_config' command is executed.
11:24:50 INFO  : 'catch {psu_protection}' command is executed.
11:24:50 INFO  : Context for processor 'psu_cortexa53_0' is selected.
11:24:50 INFO  : Processor reset is completed for 'psu_cortexa53_0'.
11:24:59 INFO  : The application 'D:/Work/Vitis_workspace_FPGAVerification/ServoDrive_CB_FPGAVerification/Debug/ServoDrive_CB_FPGAVerification.elf' is downloaded to processor 'psu_cortexa53_0'.
11:24:59 INFO  : 'configparams force-mem-access 0' command is executed.
11:24:59 INFO  : ----------------XSDB Script----------------
connect -path [list tcp::1534 tcp:localhost:3122]
source C:/Xilinx/Vitis/2023.1/scripts/vitis/util/zynqmp_utils.tcl
targets -set -nocase -filter {name =~"APU*"}
rst -system
after 3000
targets -set -nocase -filter {name =~"APU*"}
reset_apu
targets -set -nocase -filter {name =~"RPU*"}
clear_rpu_reset
enable_split_mode
targets -set -filter {jtag_cable_name =~ "Enclustra GmbH Module Link enclustraA" && level==0 && jtag_device_ctx=="jsn-Module Link-enclustraA-04721093-0"}
fpga -file D:/Work/Vitis_workspace_FPGAVerification/ServoDrive_CB_FPGAVerification/_ide/bitstream/Mercury_XU5_PE1.bit
targets -set -nocase -filter {name =~"APU*"}
loadhw -hw D:/Work/Vitis_workspace_FPGAVerification/Mercury_XU5_PE1/export/Mercury_XU5_PE1/hw/Mercury_XU5_PE1.xsa -mem-ranges [list {0x80000000 0xbfffffff} {0x400000000 0x5ffffffff} {0x1000000000 0x7fffffffff}] -regs
configparams force-mem-access 1
targets -set -nocase -filter {name =~"APU*"}
source D:/Work/Vitis_workspace_FPGAVerification/ServoDrive_CB_FPGAVerification/_ide/psinit/psu_init.tcl
psu_init
source C:/Xilinx/Vitis/2023.1/scripts/vitis/util/fsbl.tcl
catch {XFsbl_DdrEccInit}
after 1000
psu_ps_pl_isolation_removal
after 1000
psu_ps_pl_reset_config
catch {psu_protection}
targets -set -nocase -filter {name =~ "*A53*#0"}
rst -processor
dow D:/Work/Vitis_workspace_FPGAVerification/ServoDrive_CB_FPGAVerification/Debug/ServoDrive_CB_FPGAVerification.elf
configparams force-mem-access 0
----------------End of Script----------------

11:24:59 INFO  : Context for processor 'psu_cortexa53_0' is selected.
11:24:59 INFO  : 'con' command is executed.
11:24:59 INFO  : ----------------XSDB Script (After Launch)----------------
targets -set -nocase -filter {name =~ "*A53*#0"}
con
----------------End of Script----------------

11:24:59 INFO  : Launch script is exported to file 'D:\Work\Vitis_workspace_FPGAVerification\ServoDrive_CB_FPGAVerification_system\_ide\scripts\debugger_servodrive_cb_fpgaverification-default.tcl'
11:32:15 INFO  : Disconnected from the channel tcfchan#11.
11:32:16 INFO  : Connected through redirection to target on host 'localhost' and port '3122'.
11:32:25 INFO  : ----------------XSDB Script----------------
connect -path [list tcp::1534 tcp:localhost:3122]
----------------End of Script----------------

11:32:25 ERROR : Could not find ARM device on the board for connection 'enclustra'.
Check if the target is in:
1. Split JTAG - No operations are possible with ARM DAP.
2. Non JTAG bootmode - Bootrom may need time to enable DAP.
Please try again.


Troubleshooting hints:
1. Check whether board is connected to system properly.
2. In case of zynq board, check whether Digilent/Xilinx cable switch settings are correct.
3. If you are using Xilinx Platform Cable USB, ensure that status LED is green.
11:32:33 INFO  : Connected through redirection to target on host 'localhost' and port '3122'.
11:32:33 INFO  : Jtag cable 'Enclustra GmbH Module Link enclustraA' is selected.
11:32:33 INFO  : 'jtag frequency' command is executed.
11:32:33 INFO  : Sourcing of 'C:/Xilinx/Vitis/2023.1/scripts/vitis/util/zynqmp_utils.tcl' is done.
11:32:33 INFO  : Context for 'APU' is selected.
11:32:34 INFO  : System reset is completed.
11:32:37 INFO  : 'after 3000' command is executed.
11:32:37 INFO  : Context for 'APU' is selected.
11:32:37 INFO  : Cleared APU and A53 resets
11:32:37 INFO  : Context for 'RPU' is selected.
11:32:40 INFO  : Cleared RPU and R5 resets
11:32:40 INFO  : Split mode is enabled for R5#1
11:32:40 INFO  : 'targets -set -filter {jtag_cable_name =~ "Enclustra GmbH Module Link enclustraA" && level==0 && jtag_device_ctx=="jsn-Module Link-enclustraA-04721093-0"}' command is executed.
11:32:45 INFO  : Device configured successfully with "D:/Work/Vitis_workspace_FPGAVerification/ServoDrive_CB_FPGAVerification/_ide/bitstream/Mercury_XU5_PE1.bit"
11:32:45 INFO  : Context for 'APU' is selected.
11:32:58 INFO  : Hardware design and registers information is loaded from 'D:/Work/Vitis_workspace_FPGAVerification/Mercury_XU5_PE1/export/Mercury_XU5_PE1/hw/Mercury_XU5_PE1.xsa'.
11:32:58 INFO  : 'configparams force-mem-access 1' command is executed.
11:32:58 INFO  : Context for 'APU' is selected.
11:32:58 INFO  : Sourcing of 'D:/Work/Vitis_workspace_FPGAVerification/ServoDrive_CB_FPGAVerification/_ide/psinit/psu_init.tcl' is done.
11:33:00 INFO  : 'psu_init' command is executed.
11:33:00 INFO  : Sourcing of 'C:/Xilinx/Vitis/2023.1/scripts/vitis/util/fsbl.tcl' is done.
11:33:01 INFO  : 'catch {XFsbl_DdrEccInit}' command is executed.
11:33:02 INFO  : 'after 1000' command is executed.
11:33:02 INFO  : 'psu_ps_pl_isolation_removal' command is executed.
11:33:03 INFO  : 'after 1000' command is executed.
11:33:03 INFO  : 'psu_ps_pl_reset_config' command is executed.
11:33:03 INFO  : 'catch {psu_protection}' command is executed.
11:33:03 INFO  : Context for processor 'psu_cortexa53_0' is selected.
11:33:03 INFO  : Processor reset is completed for 'psu_cortexa53_0'.
11:33:13 INFO  : The application 'D:/Work/Vitis_workspace_FPGAVerification/ServoDrive_CB_FPGAVerification/Debug/ServoDrive_CB_FPGAVerification.elf' is downloaded to processor 'psu_cortexa53_0'.
11:33:13 INFO  : 'configparams force-mem-access 0' command is executed.
11:33:13 INFO  : ----------------XSDB Script----------------
connect -path [list tcp::1534 tcp:localhost:3122]
source C:/Xilinx/Vitis/2023.1/scripts/vitis/util/zynqmp_utils.tcl
targets -set -nocase -filter {name =~"APU*"}
rst -system
after 3000
targets -set -nocase -filter {name =~"APU*"}
reset_apu
targets -set -nocase -filter {name =~"RPU*"}
clear_rpu_reset
enable_split_mode
targets -set -filter {jtag_cable_name =~ "Enclustra GmbH Module Link enclustraA" && level==0 && jtag_device_ctx=="jsn-Module Link-enclustraA-04721093-0"}
fpga -file D:/Work/Vitis_workspace_FPGAVerification/ServoDrive_CB_FPGAVerification/_ide/bitstream/Mercury_XU5_PE1.bit
targets -set -nocase -filter {name =~"APU*"}
loadhw -hw D:/Work/Vitis_workspace_FPGAVerification/Mercury_XU5_PE1/export/Mercury_XU5_PE1/hw/Mercury_XU5_PE1.xsa -mem-ranges [list {0x80000000 0xbfffffff} {0x400000000 0x5ffffffff} {0x1000000000 0x7fffffffff}] -regs
configparams force-mem-access 1
targets -set -nocase -filter {name =~"APU*"}
source D:/Work/Vitis_workspace_FPGAVerification/ServoDrive_CB_FPGAVerification/_ide/psinit/psu_init.tcl
psu_init
source C:/Xilinx/Vitis/2023.1/scripts/vitis/util/fsbl.tcl
catch {XFsbl_DdrEccInit}
after 1000
psu_ps_pl_isolation_removal
after 1000
psu_ps_pl_reset_config
catch {psu_protection}
targets -set -nocase -filter {name =~ "*A53*#0"}
rst -processor
dow D:/Work/Vitis_workspace_FPGAVerification/ServoDrive_CB_FPGAVerification/Debug/ServoDrive_CB_FPGAVerification.elf
configparams force-mem-access 0
----------------End of Script----------------

11:33:13 INFO  : Context for processor 'psu_cortexa53_0' is selected.
11:33:13 INFO  : 'con' command is executed.
11:33:13 INFO  : ----------------XSDB Script (After Launch)----------------
targets -set -nocase -filter {name =~ "*A53*#0"}
con
----------------End of Script----------------

11:33:13 INFO  : Launch script is exported to file 'D:\Work\Vitis_workspace_FPGAVerification\ServoDrive_CB_FPGAVerification_system\_ide\scripts\debugger_servodrive_cb_fpgaverification-default.tcl'
11:33:29 INFO  : Disconnected from the channel tcfchan#12.
11:33:30 INFO  : Connected through redirection to target on host 'localhost' and port '3122'.
11:33:30 INFO  : Jtag cable 'Enclustra GmbH Module Link enclustraA' is selected.
11:33:30 INFO  : 'jtag frequency' command is executed.
11:33:30 INFO  : Sourcing of 'C:/Xilinx/Vitis/2023.1/scripts/vitis/util/zynqmp_utils.tcl' is done.
11:33:30 INFO  : Context for 'APU' is selected.
11:33:31 INFO  : System reset is completed.
11:33:34 INFO  : 'after 3000' command is executed.
11:33:34 INFO  : Context for 'APU' is selected.
11:33:34 INFO  : Cleared APU and A53 resets
11:33:34 INFO  : Context for 'RPU' is selected.
11:33:37 INFO  : Cleared RPU and R5 resets
11:33:37 INFO  : Split mode is enabled for R5#1
11:33:38 INFO  : 'targets -set -filter {jtag_cable_name =~ "Enclustra GmbH Module Link enclustraA" && level==0 && jtag_device_ctx=="jsn-Module Link-enclustraA-04721093-0"}' command is executed.
11:33:42 INFO  : Device configured successfully with "D:/Work/Vitis_workspace_FPGAVerification/ServoDrive_CB_FPGAVerification/_ide/bitstream/Mercury_XU5_PE1.bit"
11:33:42 INFO  : Context for 'APU' is selected.
11:33:57 INFO  : Hardware design and registers information is loaded from 'D:/Work/Vitis_workspace_FPGAVerification/Mercury_XU5_PE1/export/Mercury_XU5_PE1/hw/Mercury_XU5_PE1.xsa'.
11:33:57 INFO  : 'configparams force-mem-access 1' command is executed.
11:33:57 INFO  : Context for 'APU' is selected.
11:33:57 INFO  : Sourcing of 'D:/Work/Vitis_workspace_FPGAVerification/ServoDrive_CB_FPGAVerification/_ide/psinit/psu_init.tcl' is done.
11:34:00 INFO  : 'psu_init' command is executed.
11:34:00 INFO  : Sourcing of 'C:/Xilinx/Vitis/2023.1/scripts/vitis/util/fsbl.tcl' is done.
11:34:01 INFO  : 'catch {XFsbl_DdrEccInit}' command is executed.
11:34:02 INFO  : 'after 1000' command is executed.
11:34:02 INFO  : 'psu_ps_pl_isolation_removal' command is executed.
11:34:03 INFO  : 'after 1000' command is executed.
11:34:03 INFO  : 'psu_ps_pl_reset_config' command is executed.
11:34:03 INFO  : 'catch {psu_protection}' command is executed.
11:34:03 INFO  : Context for processor 'psu_cortexa53_0' is selected.
11:34:03 INFO  : Processor reset is completed for 'psu_cortexa53_0'.
11:34:12 INFO  : The application 'D:/Work/Vitis_workspace_FPGAVerification/ServoDrive_CB_FPGAVerification/Debug/ServoDrive_CB_FPGAVerification.elf' is downloaded to processor 'psu_cortexa53_0'.
11:34:12 INFO  : 'configparams force-mem-access 0' command is executed.
11:34:12 INFO  : ----------------XSDB Script----------------
connect -path [list tcp::1534 tcp:localhost:3122]
source C:/Xilinx/Vitis/2023.1/scripts/vitis/util/zynqmp_utils.tcl
targets -set -nocase -filter {name =~"APU*"}
rst -system
after 3000
targets -set -nocase -filter {name =~"APU*"}
reset_apu
targets -set -nocase -filter {name =~"RPU*"}
clear_rpu_reset
enable_split_mode
targets -set -filter {jtag_cable_name =~ "Enclustra GmbH Module Link enclustraA" && level==0 && jtag_device_ctx=="jsn-Module Link-enclustraA-04721093-0"}
fpga -file D:/Work/Vitis_workspace_FPGAVerification/ServoDrive_CB_FPGAVerification/_ide/bitstream/Mercury_XU5_PE1.bit
targets -set -nocase -filter {name =~"APU*"}
loadhw -hw D:/Work/Vitis_workspace_FPGAVerification/Mercury_XU5_PE1/export/Mercury_XU5_PE1/hw/Mercury_XU5_PE1.xsa -mem-ranges [list {0x80000000 0xbfffffff} {0x400000000 0x5ffffffff} {0x1000000000 0x7fffffffff}] -regs
configparams force-mem-access 1
targets -set -nocase -filter {name =~"APU*"}
source D:/Work/Vitis_workspace_FPGAVerification/ServoDrive_CB_FPGAVerification/_ide/psinit/psu_init.tcl
psu_init
source C:/Xilinx/Vitis/2023.1/scripts/vitis/util/fsbl.tcl
catch {XFsbl_DdrEccInit}
after 1000
psu_ps_pl_isolation_removal
after 1000
psu_ps_pl_reset_config
catch {psu_protection}
targets -set -nocase -filter {name =~ "*A53*#0"}
rst -processor
dow D:/Work/Vitis_workspace_FPGAVerification/ServoDrive_CB_FPGAVerification/Debug/ServoDrive_CB_FPGAVerification.elf
configparams force-mem-access 0
----------------End of Script----------------

11:34:12 INFO  : Context for processor 'psu_cortexa53_0' is selected.
11:34:13 INFO  : 'con' command is executed.
11:34:13 INFO  : ----------------XSDB Script (After Launch)----------------
targets -set -nocase -filter {name =~ "*A53*#0"}
con
----------------End of Script----------------

11:34:13 INFO  : Launch script is exported to file 'D:\Work\Vitis_workspace_FPGAVerification\ServoDrive_CB_FPGAVerification_system\_ide\scripts\debugger_servodrive_cb_fpgaverification-default.tcl'
12:07:25 INFO  : Checking for BSP changes to sync application flags for project 'ServoDrive_CB_FPGAVerification'...
12:07:36 INFO  : Disconnected from the channel tcfchan#13.
12:07:37 INFO  : Connected through redirection to target on host 'localhost' and port '3122'.
12:07:46 INFO  : ----------------XSDB Script----------------
connect -path [list tcp::1534 tcp:localhost:3122]
----------------End of Script----------------

12:07:46 ERROR : Could not find ARM device on the board for connection 'enclustra'.
Check if the target is in:
1. Split JTAG - No operations are possible with ARM DAP.
2. Non JTAG bootmode - Bootrom may need time to enable DAP.
Please try again.


Troubleshooting hints:
1. Check whether board is connected to system properly.
2. In case of zynq board, check whether Digilent/Xilinx cable switch settings are correct.
3. If you are using Xilinx Platform Cable USB, ensure that status LED is green.
12:07:52 INFO  : Connected through redirection to target on host 'localhost' and port '3122'.
12:07:52 INFO  : Jtag cable 'Enclustra GmbH Module Link enclustraA' is selected.
12:07:52 INFO  : 'jtag frequency' command is executed.
12:07:52 INFO  : Sourcing of 'C:/Xilinx/Vitis/2023.1/scripts/vitis/util/zynqmp_utils.tcl' is done.
12:07:53 INFO  : Context for 'APU' is selected.
12:07:53 INFO  : System reset is completed.
12:07:56 INFO  : 'after 3000' command is executed.
12:07:56 INFO  : Context for 'APU' is selected.
12:07:56 INFO  : Cleared APU and A53 resets
12:07:56 INFO  : Context for 'RPU' is selected.
12:07:59 INFO  : Cleared RPU and R5 resets
12:07:59 INFO  : Split mode is enabled for R5#1
12:07:59 INFO  : 'targets -set -filter {jtag_cable_name =~ "Enclustra GmbH Module Link enclustraA" && level==0 && jtag_device_ctx=="jsn-Module Link-enclustraA-04721093-0"}' command is executed.
12:08:04 INFO  : Device configured successfully with "D:/Work/Vitis_workspace_FPGAVerification/ServoDrive_CB_FPGAVerification/_ide/bitstream/Mercury_XU5_PE1.bit"
12:08:04 INFO  : Context for 'APU' is selected.
12:08:13 INFO  : Hardware design and registers information is loaded from 'D:/Work/Vitis_workspace_FPGAVerification/Mercury_XU5_PE1/export/Mercury_XU5_PE1/hw/Mercury_XU5_PE1.xsa'.
12:08:13 INFO  : 'configparams force-mem-access 1' command is executed.
12:08:13 INFO  : Context for 'APU' is selected.
12:08:13 INFO  : Sourcing of 'D:/Work/Vitis_workspace_FPGAVerification/ServoDrive_CB_FPGAVerification/_ide/psinit/psu_init.tcl' is done.
12:08:14 INFO  : 'psu_init' command is executed.
12:08:14 INFO  : Sourcing of 'C:/Xilinx/Vitis/2023.1/scripts/vitis/util/fsbl.tcl' is done.
12:08:14 INFO  : 'catch {XFsbl_DdrEccInit}' command is executed.
12:08:15 INFO  : 'after 1000' command is executed.
12:08:15 INFO  : 'psu_ps_pl_isolation_removal' command is executed.
12:08:16 INFO  : 'after 1000' command is executed.
12:08:16 INFO  : 'psu_ps_pl_reset_config' command is executed.
12:08:16 INFO  : 'catch {psu_protection}' command is executed.
12:08:16 INFO  : Context for processor 'psu_cortexa53_0' is selected.
12:08:16 INFO  : Processor reset is completed for 'psu_cortexa53_0'.
12:08:21 INFO  : The application 'D:/Work/Vitis_workspace_FPGAVerification/ServoDrive_CB_FPGAVerification/Debug/ServoDrive_CB_FPGAVerification.elf' is downloaded to processor 'psu_cortexa53_0'.
12:08:21 INFO  : 'configparams force-mem-access 0' command is executed.
12:08:21 INFO  : ----------------XSDB Script----------------
connect -path [list tcp::1534 tcp:localhost:3122]
source C:/Xilinx/Vitis/2023.1/scripts/vitis/util/zynqmp_utils.tcl
targets -set -nocase -filter {name =~"APU*"}
rst -system
after 3000
targets -set -nocase -filter {name =~"APU*"}
reset_apu
targets -set -nocase -filter {name =~"RPU*"}
clear_rpu_reset
enable_split_mode
targets -set -filter {jtag_cable_name =~ "Enclustra GmbH Module Link enclustraA" && level==0 && jtag_device_ctx=="jsn-Module Link-enclustraA-04721093-0"}
fpga -file D:/Work/Vitis_workspace_FPGAVerification/ServoDrive_CB_FPGAVerification/_ide/bitstream/Mercury_XU5_PE1.bit
targets -set -nocase -filter {name =~"APU*"}
loadhw -hw D:/Work/Vitis_workspace_FPGAVerification/Mercury_XU5_PE1/export/Mercury_XU5_PE1/hw/Mercury_XU5_PE1.xsa -mem-ranges [list {0x80000000 0xbfffffff} {0x400000000 0x5ffffffff} {0x1000000000 0x7fffffffff}] -regs
configparams force-mem-access 1
targets -set -nocase -filter {name =~"APU*"}
source D:/Work/Vitis_workspace_FPGAVerification/ServoDrive_CB_FPGAVerification/_ide/psinit/psu_init.tcl
psu_init
source C:/Xilinx/Vitis/2023.1/scripts/vitis/util/fsbl.tcl
catch {XFsbl_DdrEccInit}
after 1000
psu_ps_pl_isolation_removal
after 1000
psu_ps_pl_reset_config
catch {psu_protection}
targets -set -nocase -filter {name =~ "*A53*#0"}
rst -processor
dow D:/Work/Vitis_workspace_FPGAVerification/ServoDrive_CB_FPGAVerification/Debug/ServoDrive_CB_FPGAVerification.elf
configparams force-mem-access 0
----------------End of Script----------------

12:08:21 INFO  : Context for processor 'psu_cortexa53_0' is selected.
12:08:21 INFO  : 'con' command is executed.
12:08:21 INFO  : ----------------XSDB Script (After Launch)----------------
targets -set -nocase -filter {name =~ "*A53*#0"}
con
----------------End of Script----------------

12:08:21 INFO  : Launch script is exported to file 'D:\Work\Vitis_workspace_FPGAVerification\ServoDrive_CB_FPGAVerification_system\_ide\scripts\debugger_servodrive_cb_fpgaverification-default.tcl'
12:15:36 INFO  : Checking for BSP changes to sync application flags for project 'ServoDrive_CB_FPGAVerification'...
12:15:51 INFO  : Disconnected from the channel tcfchan#14.
12:15:52 INFO  : Connected through redirection to target on host 'localhost' and port '3122'.
12:16:01 INFO  : ----------------XSDB Script----------------
connect -path [list tcp::1534 tcp:localhost:3122]
----------------End of Script----------------

12:16:01 ERROR : Could not find ARM device on the board for connection 'enclustra'.
Check if the target is in:
1. Split JTAG - No operations are possible with ARM DAP.
2. Non JTAG bootmode - Bootrom may need time to enable DAP.
Please try again.


Troubleshooting hints:
1. Check whether board is connected to system properly.
2. In case of zynq board, check whether Digilent/Xilinx cable switch settings are correct.
3. If you are using Xilinx Platform Cable USB, ensure that status LED is green.
12:16:11 INFO  : Connected through redirection to target on host 'localhost' and port '3122'.
12:16:11 INFO  : Jtag cable 'Enclustra GmbH Module Link enclustraA' is selected.
12:16:11 INFO  : 'jtag frequency' command is executed.
12:16:11 INFO  : Sourcing of 'C:/Xilinx/Vitis/2023.1/scripts/vitis/util/zynqmp_utils.tcl' is done.
12:16:11 INFO  : Context for 'APU' is selected.
12:16:11 INFO  : System reset is completed.
12:16:14 INFO  : 'after 3000' command is executed.
12:16:14 INFO  : Context for 'APU' is selected.
12:16:15 INFO  : Cleared APU and A53 resets
12:16:15 INFO  : Context for 'RPU' is selected.
12:16:18 INFO  : Cleared RPU and R5 resets
12:16:18 INFO  : Split mode is enabled for R5#1
12:16:18 INFO  : 'targets -set -filter {jtag_cable_name =~ "Enclustra GmbH Module Link enclustraA" && level==0 && jtag_device_ctx=="jsn-Module Link-enclustraA-04721093-0"}' command is executed.
12:16:22 INFO  : Device configured successfully with "D:/Work/Vitis_workspace_FPGAVerification/ServoDrive_CB_FPGAVerification/_ide/bitstream/Mercury_XU5_PE1.bit"
12:16:22 INFO  : Context for 'APU' is selected.
12:16:31 INFO  : Hardware design and registers information is loaded from 'D:/Work/Vitis_workspace_FPGAVerification/Mercury_XU5_PE1/export/Mercury_XU5_PE1/hw/Mercury_XU5_PE1.xsa'.
12:16:31 INFO  : 'configparams force-mem-access 1' command is executed.
12:16:31 INFO  : Context for 'APU' is selected.
12:16:31 INFO  : Sourcing of 'D:/Work/Vitis_workspace_FPGAVerification/ServoDrive_CB_FPGAVerification/_ide/psinit/psu_init.tcl' is done.
12:16:32 INFO  : 'psu_init' command is executed.
12:16:32 INFO  : Sourcing of 'C:/Xilinx/Vitis/2023.1/scripts/vitis/util/fsbl.tcl' is done.
12:16:32 INFO  : 'catch {XFsbl_DdrEccInit}' command is executed.
12:16:33 INFO  : 'after 1000' command is executed.
12:16:33 INFO  : 'psu_ps_pl_isolation_removal' command is executed.
12:16:34 INFO  : 'after 1000' command is executed.
12:16:34 INFO  : 'psu_ps_pl_reset_config' command is executed.
12:16:34 INFO  : 'catch {psu_protection}' command is executed.
12:16:34 INFO  : Context for processor 'psu_cortexa53_0' is selected.
12:16:34 INFO  : Processor reset is completed for 'psu_cortexa53_0'.
12:16:39 INFO  : The application 'D:/Work/Vitis_workspace_FPGAVerification/ServoDrive_CB_FPGAVerification/Debug/ServoDrive_CB_FPGAVerification.elf' is downloaded to processor 'psu_cortexa53_0'.
12:16:39 INFO  : 'configparams force-mem-access 0' command is executed.
12:16:39 INFO  : ----------------XSDB Script----------------
connect -path [list tcp::1534 tcp:localhost:3122]
source C:/Xilinx/Vitis/2023.1/scripts/vitis/util/zynqmp_utils.tcl
targets -set -nocase -filter {name =~"APU*"}
rst -system
after 3000
targets -set -nocase -filter {name =~"APU*"}
reset_apu
targets -set -nocase -filter {name =~"RPU*"}
clear_rpu_reset
enable_split_mode
targets -set -filter {jtag_cable_name =~ "Enclustra GmbH Module Link enclustraA" && level==0 && jtag_device_ctx=="jsn-Module Link-enclustraA-04721093-0"}
fpga -file D:/Work/Vitis_workspace_FPGAVerification/ServoDrive_CB_FPGAVerification/_ide/bitstream/Mercury_XU5_PE1.bit
targets -set -nocase -filter {name =~"APU*"}
loadhw -hw D:/Work/Vitis_workspace_FPGAVerification/Mercury_XU5_PE1/export/Mercury_XU5_PE1/hw/Mercury_XU5_PE1.xsa -mem-ranges [list {0x80000000 0xbfffffff} {0x400000000 0x5ffffffff} {0x1000000000 0x7fffffffff}] -regs
configparams force-mem-access 1
targets -set -nocase -filter {name =~"APU*"}
source D:/Work/Vitis_workspace_FPGAVerification/ServoDrive_CB_FPGAVerification/_ide/psinit/psu_init.tcl
psu_init
source C:/Xilinx/Vitis/2023.1/scripts/vitis/util/fsbl.tcl
catch {XFsbl_DdrEccInit}
after 1000
psu_ps_pl_isolation_removal
after 1000
psu_ps_pl_reset_config
catch {psu_protection}
targets -set -nocase -filter {name =~ "*A53*#0"}
rst -processor
dow D:/Work/Vitis_workspace_FPGAVerification/ServoDrive_CB_FPGAVerification/Debug/ServoDrive_CB_FPGAVerification.elf
configparams force-mem-access 0
----------------End of Script----------------

12:16:39 INFO  : Context for processor 'psu_cortexa53_0' is selected.
12:16:39 INFO  : 'con' command is executed.
12:16:39 INFO  : ----------------XSDB Script (After Launch)----------------
targets -set -nocase -filter {name =~ "*A53*#0"}
con
----------------End of Script----------------

12:16:39 INFO  : Launch script is exported to file 'D:\Work\Vitis_workspace_FPGAVerification\ServoDrive_CB_FPGAVerification_system\_ide\scripts\debugger_servodrive_cb_fpgaverification-default.tcl'
12:17:49 INFO  : Checking for BSP changes to sync application flags for project 'ServoDrive_CB_FPGAVerification'...
12:18:00 INFO  : Disconnected from the channel tcfchan#15.
12:18:01 INFO  : Connected through redirection to target on host 'localhost' and port '3122'.
12:18:01 INFO  : Jtag cable 'Enclustra GmbH Module Link enclustraA' is selected.
12:18:01 INFO  : 'jtag frequency' command is executed.
12:18:01 INFO  : Sourcing of 'C:/Xilinx/Vitis/2023.1/scripts/vitis/util/zynqmp_utils.tcl' is done.
12:18:02 INFO  : Context for 'APU' is selected.
12:18:02 INFO  : System reset is completed.
12:18:05 INFO  : 'after 3000' command is executed.
12:18:05 INFO  : Context for 'APU' is selected.
12:18:05 INFO  : Cleared APU and A53 resets
12:18:05 INFO  : Context for 'RPU' is selected.
12:18:08 INFO  : Cleared RPU and R5 resets
12:18:08 INFO  : Split mode is enabled for R5#1
12:18:08 INFO  : 'targets -set -filter {jtag_cable_name =~ "Enclustra GmbH Module Link enclustraA" && level==0 && jtag_device_ctx=="jsn-Module Link-enclustraA-04721093-0"}' command is executed.
12:18:13 INFO  : Device configured successfully with "D:/Work/Vitis_workspace_FPGAVerification/ServoDrive_CB_FPGAVerification/_ide/bitstream/Mercury_XU5_PE1.bit"
12:18:13 INFO  : Context for 'APU' is selected.
12:18:22 INFO  : Hardware design and registers information is loaded from 'D:/Work/Vitis_workspace_FPGAVerification/Mercury_XU5_PE1/export/Mercury_XU5_PE1/hw/Mercury_XU5_PE1.xsa'.
12:18:22 INFO  : 'configparams force-mem-access 1' command is executed.
12:18:22 INFO  : Context for 'APU' is selected.
12:18:22 INFO  : Sourcing of 'D:/Work/Vitis_workspace_FPGAVerification/ServoDrive_CB_FPGAVerification/_ide/psinit/psu_init.tcl' is done.
12:18:23 INFO  : 'psu_init' command is executed.
12:18:23 INFO  : Sourcing of 'C:/Xilinx/Vitis/2023.1/scripts/vitis/util/fsbl.tcl' is done.
12:18:24 INFO  : 'catch {XFsbl_DdrEccInit}' command is executed.
12:18:25 INFO  : 'after 1000' command is executed.
12:18:25 INFO  : 'psu_ps_pl_isolation_removal' command is executed.
12:18:26 INFO  : 'after 1000' command is executed.
12:18:26 INFO  : 'psu_ps_pl_reset_config' command is executed.
12:18:26 INFO  : 'catch {psu_protection}' command is executed.
12:18:26 INFO  : Context for processor 'psu_cortexa53_0' is selected.
12:18:26 INFO  : Processor reset is completed for 'psu_cortexa53_0'.
12:18:31 INFO  : The application 'D:/Work/Vitis_workspace_FPGAVerification/ServoDrive_CB_FPGAVerification/Debug/ServoDrive_CB_FPGAVerification.elf' is downloaded to processor 'psu_cortexa53_0'.
12:18:31 INFO  : 'configparams force-mem-access 0' command is executed.
12:18:31 INFO  : ----------------XSDB Script----------------
connect -path [list tcp::1534 tcp:localhost:3122]
source C:/Xilinx/Vitis/2023.1/scripts/vitis/util/zynqmp_utils.tcl
targets -set -nocase -filter {name =~"APU*"}
rst -system
after 3000
targets -set -nocase -filter {name =~"APU*"}
reset_apu
targets -set -nocase -filter {name =~"RPU*"}
clear_rpu_reset
enable_split_mode
targets -set -filter {jtag_cable_name =~ "Enclustra GmbH Module Link enclustraA" && level==0 && jtag_device_ctx=="jsn-Module Link-enclustraA-04721093-0"}
fpga -file D:/Work/Vitis_workspace_FPGAVerification/ServoDrive_CB_FPGAVerification/_ide/bitstream/Mercury_XU5_PE1.bit
targets -set -nocase -filter {name =~"APU*"}
loadhw -hw D:/Work/Vitis_workspace_FPGAVerification/Mercury_XU5_PE1/export/Mercury_XU5_PE1/hw/Mercury_XU5_PE1.xsa -mem-ranges [list {0x80000000 0xbfffffff} {0x400000000 0x5ffffffff} {0x1000000000 0x7fffffffff}] -regs
configparams force-mem-access 1
targets -set -nocase -filter {name =~"APU*"}
source D:/Work/Vitis_workspace_FPGAVerification/ServoDrive_CB_FPGAVerification/_ide/psinit/psu_init.tcl
psu_init
source C:/Xilinx/Vitis/2023.1/scripts/vitis/util/fsbl.tcl
catch {XFsbl_DdrEccInit}
after 1000
psu_ps_pl_isolation_removal
after 1000
psu_ps_pl_reset_config
catch {psu_protection}
targets -set -nocase -filter {name =~ "*A53*#0"}
rst -processor
dow D:/Work/Vitis_workspace_FPGAVerification/ServoDrive_CB_FPGAVerification/Debug/ServoDrive_CB_FPGAVerification.elf
configparams force-mem-access 0
----------------End of Script----------------

12:18:31 INFO  : Context for processor 'psu_cortexa53_0' is selected.
12:18:31 INFO  : 'con' command is executed.
12:18:31 INFO  : ----------------XSDB Script (After Launch)----------------
targets -set -nocase -filter {name =~ "*A53*#0"}
con
----------------End of Script----------------

12:18:31 INFO  : Launch script is exported to file 'D:\Work\Vitis_workspace_FPGAVerification\ServoDrive_CB_FPGAVerification_system\_ide\scripts\debugger_servodrive_cb_fpgaverification-default.tcl'
12:19:21 INFO  : Checking for BSP changes to sync application flags for project 'ServoDrive_CB_FPGAVerification'...
12:19:31 INFO  : Disconnected from the channel tcfchan#16.
12:19:32 INFO  : Connected through redirection to target on host 'localhost' and port '3122'.
12:19:41 INFO  : ----------------XSDB Script----------------
connect -path [list tcp::1534 tcp:localhost:3122]
----------------End of Script----------------

12:19:41 ERROR : Could not find ARM device on the board for connection 'enclustra'.
Check if the target is in:
1. Split JTAG - No operations are possible with ARM DAP.
2. Non JTAG bootmode - Bootrom may need time to enable DAP.
Please try again.


Troubleshooting hints:
1. Check whether board is connected to system properly.
2. In case of zynq board, check whether Digilent/Xilinx cable switch settings are correct.
3. If you are using Xilinx Platform Cable USB, ensure that status LED is green.
12:19:48 INFO  : Connected through redirection to target on host 'localhost' and port '3122'.
12:19:49 INFO  : Jtag cable 'Enclustra GmbH Module Link enclustraA' is selected.
12:19:49 INFO  : 'jtag frequency' command is executed.
12:19:49 INFO  : Sourcing of 'C:/Xilinx/Vitis/2023.1/scripts/vitis/util/zynqmp_utils.tcl' is done.
12:19:49 INFO  : Context for 'APU' is selected.
12:19:49 INFO  : System reset is completed.
12:19:52 INFO  : 'after 3000' command is executed.
12:19:52 INFO  : Context for 'APU' is selected.
12:19:52 INFO  : Cleared APU and A53 resets
12:19:52 INFO  : Context for 'RPU' is selected.
12:19:55 INFO  : Cleared RPU and R5 resets
12:19:55 INFO  : Split mode is enabled for R5#1
12:19:55 INFO  : 'targets -set -filter {jtag_cable_name =~ "Enclustra GmbH Module Link enclustraA" && level==0 && jtag_device_ctx=="jsn-Module Link-enclustraA-04721093-0"}' command is executed.
12:20:00 INFO  : Device configured successfully with "D:/Work/Vitis_workspace_FPGAVerification/ServoDrive_CB_FPGAVerification/_ide/bitstream/Mercury_XU5_PE1.bit"
12:20:00 INFO  : Context for 'APU' is selected.
12:20:10 INFO  : Hardware design and registers information is loaded from 'D:/Work/Vitis_workspace_FPGAVerification/Mercury_XU5_PE1/export/Mercury_XU5_PE1/hw/Mercury_XU5_PE1.xsa'.
12:20:10 INFO  : 'configparams force-mem-access 1' command is executed.
12:20:10 INFO  : Context for 'APU' is selected.
12:20:10 INFO  : Sourcing of 'D:/Work/Vitis_workspace_FPGAVerification/ServoDrive_CB_FPGAVerification/_ide/psinit/psu_init.tcl' is done.
12:20:11 INFO  : 'psu_init' command is executed.
12:20:11 INFO  : Sourcing of 'C:/Xilinx/Vitis/2023.1/scripts/vitis/util/fsbl.tcl' is done.
12:20:11 INFO  : 'catch {XFsbl_DdrEccInit}' command is executed.
12:20:12 INFO  : 'after 1000' command is executed.
12:20:12 INFO  : 'psu_ps_pl_isolation_removal' command is executed.
12:20:13 INFO  : 'after 1000' command is executed.
12:20:13 INFO  : 'psu_ps_pl_reset_config' command is executed.
12:20:13 INFO  : 'catch {psu_protection}' command is executed.
12:20:13 INFO  : Context for processor 'psu_cortexa53_0' is selected.
12:20:13 INFO  : Processor reset is completed for 'psu_cortexa53_0'.
12:20:18 INFO  : The application 'D:/Work/Vitis_workspace_FPGAVerification/ServoDrive_CB_FPGAVerification/Debug/ServoDrive_CB_FPGAVerification.elf' is downloaded to processor 'psu_cortexa53_0'.
12:20:18 INFO  : 'configparams force-mem-access 0' command is executed.
12:20:18 INFO  : ----------------XSDB Script----------------
connect -path [list tcp::1534 tcp:localhost:3122]
source C:/Xilinx/Vitis/2023.1/scripts/vitis/util/zynqmp_utils.tcl
targets -set -nocase -filter {name =~"APU*"}
rst -system
after 3000
targets -set -nocase -filter {name =~"APU*"}
reset_apu
targets -set -nocase -filter {name =~"RPU*"}
clear_rpu_reset
enable_split_mode
targets -set -filter {jtag_cable_name =~ "Enclustra GmbH Module Link enclustraA" && level==0 && jtag_device_ctx=="jsn-Module Link-enclustraA-04721093-0"}
fpga -file D:/Work/Vitis_workspace_FPGAVerification/ServoDrive_CB_FPGAVerification/_ide/bitstream/Mercury_XU5_PE1.bit
targets -set -nocase -filter {name =~"APU*"}
loadhw -hw D:/Work/Vitis_workspace_FPGAVerification/Mercury_XU5_PE1/export/Mercury_XU5_PE1/hw/Mercury_XU5_PE1.xsa -mem-ranges [list {0x80000000 0xbfffffff} {0x400000000 0x5ffffffff} {0x1000000000 0x7fffffffff}] -regs
configparams force-mem-access 1
targets -set -nocase -filter {name =~"APU*"}
source D:/Work/Vitis_workspace_FPGAVerification/ServoDrive_CB_FPGAVerification/_ide/psinit/psu_init.tcl
psu_init
source C:/Xilinx/Vitis/2023.1/scripts/vitis/util/fsbl.tcl
catch {XFsbl_DdrEccInit}
after 1000
psu_ps_pl_isolation_removal
after 1000
psu_ps_pl_reset_config
catch {psu_protection}
targets -set -nocase -filter {name =~ "*A53*#0"}
rst -processor
dow D:/Work/Vitis_workspace_FPGAVerification/ServoDrive_CB_FPGAVerification/Debug/ServoDrive_CB_FPGAVerification.elf
configparams force-mem-access 0
----------------End of Script----------------

12:20:18 INFO  : Context for processor 'psu_cortexa53_0' is selected.
12:20:18 INFO  : 'con' command is executed.
12:20:18 INFO  : ----------------XSDB Script (After Launch)----------------
targets -set -nocase -filter {name =~ "*A53*#0"}
con
----------------End of Script----------------

12:20:18 INFO  : Launch script is exported to file 'D:\Work\Vitis_workspace_FPGAVerification\ServoDrive_CB_FPGAVerification_system\_ide\scripts\debugger_servodrive_cb_fpgaverification-default.tcl'
13:01:51 INFO  : Connected to target on host '127.0.0.1' and port '3121'.
13:02:09 INFO  : Connected to target on host 'localhost' and port '3122'.
13:02:13 INFO  : Connected to target on host '127.0.0.1' and port '3121'.
13:02:42 INFO  : Connected to target on host '127.0.0.1' and port '3121'.
13:02:48 INFO  : Connected to target on host 'localhost' and port '3122'.
13:03:06 INFO  : Connected to target on host 'localhost' and port '3122'.
13:03:18 INFO  : Connected to target on host '127.0.0.1' and port '3121'.
13:03:24 WARN  : channel "tcfchan#17" closed
13:04:41 DEBUG : Logs will be stored at 'D:/Work/Vitis_workspace_FPGAVerification/IDE.log'.
13:04:42 INFO  : Launching XSCT server: xsct.bat -n  -interactive D:\Work\Vitis_workspace_FPGAVerification\temp_xsdb_launch_script.tcl
13:04:44 INFO  : XSCT server has started successfully.
13:04:44 INFO  : Successfully done setting XSCT server connection channel  
13:04:44 INFO  : plnx-install-location is set to ''
13:04:44 INFO  : Successfully done setting workspace for the tool. 
13:04:45 INFO  : Platform repository initialization has completed.
13:04:52 INFO  : Successfully done query RDI_DATADIR 
13:04:52 INFO  : Registering command handlers for Vitis TCF services
13:04:58 INFO  : Connected to target on host '127.0.0.1' and port '3121'.
13:05:04 INFO  : Connected to target on host 'localhost' and port '3122'.
13:09:19 INFO  : Connected through redirection to target on host 'localhost' and port '3122'.
13:09:19 INFO  : Jtag cable 'Enclustra GmbH Module Link enclustraA' is selected.
13:09:19 INFO  : 'jtag frequency' command is executed.
13:09:19 INFO  : Sourcing of 'C:/Xilinx/Vitis/2023.1/scripts/vitis/util/zynqmp_utils.tcl' is done.
13:09:19 INFO  : Context for 'APU' is selected.
13:09:19 INFO  : System reset is completed.
13:09:22 INFO  : 'after 3000' command is executed.
13:09:22 INFO  : Context for 'APU' is selected.
13:09:23 INFO  : Cleared APU and A53 resets
13:09:23 INFO  : Context for 'RPU' is selected.
13:09:26 INFO  : Cleared RPU and R5 resets
13:09:26 INFO  : Split mode is enabled for R5#1
13:09:26 INFO  : 'targets -set -filter {jtag_cable_name =~ "Enclustra GmbH Module Link enclustraA" && level==0 && jtag_device_ctx=="jsn-Module Link-enclustraA-04721093-0"}' command is executed.
13:09:30 INFO  : Device configured successfully with "D:/Work/Vitis_workspace_FPGAVerification/ServoDrive_CB_FPGAVerification/_ide/bitstream/Mercury_XU5_PE1.bit"
13:09:30 INFO  : Context for 'APU' is selected.
13:09:30 INFO  : Hardware design and registers information is loaded from 'D:/Work/Vitis_workspace_FPGAVerification/Mercury_XU5_PE1/export/Mercury_XU5_PE1/hw/Mercury_XU5_PE1.xsa'.
13:09:30 INFO  : 'configparams force-mem-access 1' command is executed.
13:09:30 INFO  : Context for 'APU' is selected.
13:09:30 INFO  : Sourcing of 'D:/Work/Vitis_workspace_FPGAVerification/ServoDrive_CB_FPGAVerification/_ide/psinit/psu_init.tcl' is done.
13:09:31 INFO  : 'psu_init' command is executed.
13:09:31 INFO  : Sourcing of 'C:/Xilinx/Vitis/2023.1/scripts/vitis/util/fsbl.tcl' is done.
13:09:32 INFO  : 'catch {XFsbl_DdrEccInit}' command is executed.
13:09:33 INFO  : 'after 1000' command is executed.
13:09:33 INFO  : 'psu_ps_pl_isolation_removal' command is executed.
13:09:34 INFO  : 'after 1000' command is executed.
13:09:34 INFO  : 'psu_ps_pl_reset_config' command is executed.
13:09:34 INFO  : 'catch {psu_protection}' command is executed.
13:09:34 INFO  : Context for processor 'psu_cortexa53_0' is selected.
13:09:34 INFO  : Processor reset is completed for 'psu_cortexa53_0'.
13:09:39 INFO  : The application 'D:/Work/Vitis_workspace_FPGAVerification/ServoDrive_CB_FPGAVerification/Debug/ServoDrive_CB_FPGAVerification.elf' is downloaded to processor 'psu_cortexa53_0'.
13:09:39 INFO  : 'configparams force-mem-access 0' command is executed.
13:09:39 INFO  : ----------------XSDB Script----------------
connect -path [list tcp::1534 tcp:localhost:3122]
source C:/Xilinx/Vitis/2023.1/scripts/vitis/util/zynqmp_utils.tcl
targets -set -nocase -filter {name =~"APU*"}
rst -system
after 3000
targets -set -nocase -filter {name =~"APU*"}
reset_apu
targets -set -nocase -filter {name =~"RPU*"}
clear_rpu_reset
enable_split_mode
targets -set -filter {jtag_cable_name =~ "Enclustra GmbH Module Link enclustraA" && level==0 && jtag_device_ctx=="jsn-Module Link-enclustraA-04721093-0"}
fpga -file D:/Work/Vitis_workspace_FPGAVerification/ServoDrive_CB_FPGAVerification/_ide/bitstream/Mercury_XU5_PE1.bit
targets -set -nocase -filter {name =~"APU*"}
loadhw -hw D:/Work/Vitis_workspace_FPGAVerification/Mercury_XU5_PE1/export/Mercury_XU5_PE1/hw/Mercury_XU5_PE1.xsa -mem-ranges [list {0x80000000 0xbfffffff} {0x400000000 0x5ffffffff} {0x1000000000 0x7fffffffff}] -regs
configparams force-mem-access 1
targets -set -nocase -filter {name =~"APU*"}
source D:/Work/Vitis_workspace_FPGAVerification/ServoDrive_CB_FPGAVerification/_ide/psinit/psu_init.tcl
psu_init
source C:/Xilinx/Vitis/2023.1/scripts/vitis/util/fsbl.tcl
catch {XFsbl_DdrEccInit}
after 1000
psu_ps_pl_isolation_removal
after 1000
psu_ps_pl_reset_config
catch {psu_protection}
targets -set -nocase -filter {name =~ "*A53*#0"}
rst -processor
dow D:/Work/Vitis_workspace_FPGAVerification/ServoDrive_CB_FPGAVerification/Debug/ServoDrive_CB_FPGAVerification.elf
configparams force-mem-access 0
----------------End of Script----------------

13:09:39 INFO  : Context for processor 'psu_cortexa53_0' is selected.
13:09:39 INFO  : 'con' command is executed.
13:09:39 INFO  : ----------------XSDB Script (After Launch)----------------
targets -set -nocase -filter {name =~ "*A53*#0"}
con
----------------End of Script----------------

13:09:39 INFO  : Launch script is exported to file 'D:\Work\Vitis_workspace_FPGAVerification\ServoDrive_CB_FPGAVerification_system\_ide\scripts\systemdebugger_servodrive_cb_fpgaverification_system_standalone.tcl'
13:10:23 INFO  : Disconnected from the channel tcfchan#3.
13:10:24 INFO  : Connected through redirection to target on host 'localhost' and port '3122'.
13:10:24 INFO  : Jtag cable 'Enclustra GmbH Module Link enclustraA' is selected.
13:10:24 INFO  : 'jtag frequency' command is executed.
13:10:24 INFO  : Sourcing of 'C:/Xilinx/Vitis/2023.1/scripts/vitis/util/zynqmp_utils.tcl' is done.
13:10:24 INFO  : Context for 'APU' is selected.
13:10:24 INFO  : System reset is completed.
13:10:27 INFO  : 'after 3000' command is executed.
13:10:27 INFO  : Context for 'APU' is selected.
13:10:27 INFO  : Cleared APU and A53 resets
13:10:27 INFO  : Context for 'RPU' is selected.
13:10:30 INFO  : Cleared RPU and R5 resets
13:10:30 INFO  : Split mode is enabled for R5#1
13:10:31 INFO  : 'targets -set -filter {jtag_cable_name =~ "Enclustra GmbH Module Link enclustraA" && level==0 && jtag_device_ctx=="jsn-Module Link-enclustraA-04721093-0"}' command is executed.
13:10:35 INFO  : Device configured successfully with "D:/Work/Vitis_workspace_FPGAVerification/ServoDrive_CB_FPGAVerification/_ide/bitstream/Mercury_XU5_PE1.bit"
13:10:35 INFO  : Context for 'APU' is selected.
13:10:44 INFO  : Hardware design and registers information is loaded from 'D:/Work/Vitis_workspace_FPGAVerification/Mercury_XU5_PE1/export/Mercury_XU5_PE1/hw/Mercury_XU5_PE1.xsa'.
13:10:44 INFO  : 'configparams force-mem-access 1' command is executed.
13:10:44 INFO  : Context for 'APU' is selected.
13:10:44 INFO  : Sourcing of 'D:/Work/Vitis_workspace_FPGAVerification/ServoDrive_CB_FPGAVerification/_ide/psinit/psu_init.tcl' is done.
13:10:45 INFO  : 'psu_init' command is executed.
13:10:45 INFO  : Sourcing of 'C:/Xilinx/Vitis/2023.1/scripts/vitis/util/fsbl.tcl' is done.
13:10:45 INFO  : 'catch {XFsbl_DdrEccInit}' command is executed.
13:10:46 INFO  : 'after 1000' command is executed.
13:10:46 INFO  : 'psu_ps_pl_isolation_removal' command is executed.
13:10:47 INFO  : 'after 1000' command is executed.
13:10:47 INFO  : 'psu_ps_pl_reset_config' command is executed.
13:10:48 INFO  : 'catch {psu_protection}' command is executed.
13:10:48 INFO  : Context for processor 'psu_cortexa53_0' is selected.
13:10:48 INFO  : Processor reset is completed for 'psu_cortexa53_0'.
13:10:52 INFO  : The application 'D:/Work/Vitis_workspace_FPGAVerification/ServoDrive_CB_FPGAVerification/Debug/ServoDrive_CB_FPGAVerification.elf' is downloaded to processor 'psu_cortexa53_0'.
13:10:52 INFO  : 'configparams force-mem-access 0' command is executed.
13:10:52 INFO  : ----------------XSDB Script----------------
connect -path [list tcp::1534 tcp:localhost:3122]
source C:/Xilinx/Vitis/2023.1/scripts/vitis/util/zynqmp_utils.tcl
targets -set -nocase -filter {name =~"APU*"}
rst -system
after 3000
targets -set -nocase -filter {name =~"APU*"}
reset_apu
targets -set -nocase -filter {name =~"RPU*"}
clear_rpu_reset
enable_split_mode
targets -set -filter {jtag_cable_name =~ "Enclustra GmbH Module Link enclustraA" && level==0 && jtag_device_ctx=="jsn-Module Link-enclustraA-04721093-0"}
fpga -file D:/Work/Vitis_workspace_FPGAVerification/ServoDrive_CB_FPGAVerification/_ide/bitstream/Mercury_XU5_PE1.bit
targets -set -nocase -filter {name =~"APU*"}
loadhw -hw D:/Work/Vitis_workspace_FPGAVerification/Mercury_XU5_PE1/export/Mercury_XU5_PE1/hw/Mercury_XU5_PE1.xsa -mem-ranges [list {0x80000000 0xbfffffff} {0x400000000 0x5ffffffff} {0x1000000000 0x7fffffffff}] -regs
configparams force-mem-access 1
targets -set -nocase -filter {name =~"APU*"}
source D:/Work/Vitis_workspace_FPGAVerification/ServoDrive_CB_FPGAVerification/_ide/psinit/psu_init.tcl
psu_init
source C:/Xilinx/Vitis/2023.1/scripts/vitis/util/fsbl.tcl
catch {XFsbl_DdrEccInit}
after 1000
psu_ps_pl_isolation_removal
after 1000
psu_ps_pl_reset_config
catch {psu_protection}
targets -set -nocase -filter {name =~ "*A53*#0"}
rst -processor
dow D:/Work/Vitis_workspace_FPGAVerification/ServoDrive_CB_FPGAVerification/Debug/ServoDrive_CB_FPGAVerification.elf
configparams force-mem-access 0
----------------End of Script----------------

13:10:52 INFO  : Context for processor 'psu_cortexa53_0' is selected.
13:10:53 INFO  : 'con' command is executed.
13:10:53 INFO  : ----------------XSDB Script (After Launch)----------------
targets -set -nocase -filter {name =~ "*A53*#0"}
con
----------------End of Script----------------

13:10:53 INFO  : Launch script is exported to file 'D:\Work\Vitis_workspace_FPGAVerification\ServoDrive_CB_FPGAVerification_system\_ide\scripts\systemdebugger_servodrive_cb_fpgaverification_system_standalone.tcl'
13:14:30 INFO  : Checking for BSP changes to sync application flags for project 'ServoDrive_CB_FPGAVerification'...
13:14:38 ERROR : (XSDB Server)ERROR: [Hsi 55-1571] The design file D:/Work/Vitis_workspace_FPGAVerification/Mercury_XU5_PE1/export/Mercury_XU5_PE1/hw/Mercury_XU5_PE1.xsa is already opened

13:14:55 INFO  : Disconnected from the channel tcfchan#4.
13:14:56 INFO  : Connected through redirection to target on host 'localhost' and port '3122'.
13:14:56 INFO  : Jtag cable 'Enclustra GmbH Module Link enclustraA' is selected.
13:14:56 INFO  : 'jtag frequency' command is executed.
13:14:56 INFO  : Sourcing of 'C:/Xilinx/Vitis/2023.1/scripts/vitis/util/zynqmp_utils.tcl' is done.
13:14:56 INFO  : Context for 'APU' is selected.
13:14:56 INFO  : System reset is completed.
13:14:59 INFO  : 'after 3000' command is executed.
13:14:59 INFO  : Context for 'APU' is selected.
13:14:59 INFO  : Cleared APU and A53 resets
13:14:59 INFO  : Context for 'RPU' is selected.
13:15:02 INFO  : Cleared RPU and R5 resets
13:15:02 INFO  : Split mode is enabled for R5#1
13:15:02 INFO  : 'targets -set -filter {jtag_cable_name =~ "Enclustra GmbH Module Link enclustraA" && level==0 && jtag_device_ctx=="jsn-Module Link-enclustraA-04721093-0"}' command is executed.
13:15:07 INFO  : Device configured successfully with "D:/Work/Vitis_workspace_FPGAVerification/ServoDrive_CB_FPGAVerification/_ide/bitstream/Mercury_XU5_PE1.bit"
13:15:07 INFO  : Context for 'APU' is selected.
13:15:17 INFO  : Hardware design and registers information is loaded from 'D:/Work/Vitis_workspace_FPGAVerification/Mercury_XU5_PE1/export/Mercury_XU5_PE1/hw/Mercury_XU5_PE1.xsa'.
13:15:17 INFO  : 'configparams force-mem-access 1' command is executed.
13:15:17 INFO  : Context for 'APU' is selected.
13:15:17 INFO  : Sourcing of 'D:/Work/Vitis_workspace_FPGAVerification/ServoDrive_CB_FPGAVerification/_ide/psinit/psu_init.tcl' is done.
13:15:18 INFO  : 'psu_init' command is executed.
13:15:18 INFO  : Sourcing of 'C:/Xilinx/Vitis/2023.1/scripts/vitis/util/fsbl.tcl' is done.
13:15:19 INFO  : 'catch {XFsbl_DdrEccInit}' command is executed.
13:15:20 INFO  : 'after 1000' command is executed.
13:15:20 INFO  : 'psu_ps_pl_isolation_removal' command is executed.
13:15:21 INFO  : 'after 1000' command is executed.
13:15:21 INFO  : 'psu_ps_pl_reset_config' command is executed.
13:15:21 INFO  : 'catch {psu_protection}' command is executed.
13:15:21 INFO  : Context for processor 'psu_cortexa53_0' is selected.
13:15:21 INFO  : Processor reset is completed for 'psu_cortexa53_0'.
13:15:27 INFO  : The application 'D:/Work/Vitis_workspace_FPGAVerification/ServoDrive_CB_FPGAVerification/Debug/ServoDrive_CB_FPGAVerification.elf' is downloaded to processor 'psu_cortexa53_0'.
13:15:27 INFO  : 'configparams force-mem-access 0' command is executed.
13:15:27 INFO  : ----------------XSDB Script----------------
connect -path [list tcp::1534 tcp:localhost:3122]
source C:/Xilinx/Vitis/2023.1/scripts/vitis/util/zynqmp_utils.tcl
targets -set -nocase -filter {name =~"APU*"}
rst -system
after 3000
targets -set -nocase -filter {name =~"APU*"}
reset_apu
targets -set -nocase -filter {name =~"RPU*"}
clear_rpu_reset
enable_split_mode
targets -set -filter {jtag_cable_name =~ "Enclustra GmbH Module Link enclustraA" && level==0 && jtag_device_ctx=="jsn-Module Link-enclustraA-04721093-0"}
fpga -file D:/Work/Vitis_workspace_FPGAVerification/ServoDrive_CB_FPGAVerification/_ide/bitstream/Mercury_XU5_PE1.bit
targets -set -nocase -filter {name =~"APU*"}
loadhw -hw D:/Work/Vitis_workspace_FPGAVerification/Mercury_XU5_PE1/export/Mercury_XU5_PE1/hw/Mercury_XU5_PE1.xsa -mem-ranges [list {0x80000000 0xbfffffff} {0x400000000 0x5ffffffff} {0x1000000000 0x7fffffffff}] -regs
configparams force-mem-access 1
targets -set -nocase -filter {name =~"APU*"}
source D:/Work/Vitis_workspace_FPGAVerification/ServoDrive_CB_FPGAVerification/_ide/psinit/psu_init.tcl
psu_init
source C:/Xilinx/Vitis/2023.1/scripts/vitis/util/fsbl.tcl
catch {XFsbl_DdrEccInit}
after 1000
psu_ps_pl_isolation_removal
after 1000
psu_ps_pl_reset_config
catch {psu_protection}
targets -set -nocase -filter {name =~ "*A53*#0"}
rst -processor
dow D:/Work/Vitis_workspace_FPGAVerification/ServoDrive_CB_FPGAVerification/Debug/ServoDrive_CB_FPGAVerification.elf
configparams force-mem-access 0
----------------End of Script----------------

13:15:27 INFO  : Context for processor 'psu_cortexa53_0' is selected.
13:15:27 INFO  : 'con' command is executed.
13:15:27 INFO  : ----------------XSDB Script (After Launch)----------------
targets -set -nocase -filter {name =~ "*A53*#0"}
con
----------------End of Script----------------

13:15:27 INFO  : Launch script is exported to file 'D:\Work\Vitis_workspace_FPGAVerification\ServoDrive_CB_FPGAVerification_system\_ide\scripts\systemdebugger_servodrive_cb_fpgaverification_system_standalone.tcl'
13:17:52 INFO  : Disconnected from the channel tcfchan#6.
13:17:52 INFO  : Connected through redirection to target on host 'localhost' and port '3122'.
13:17:52 INFO  : Jtag cable 'Enclustra GmbH Module Link enclustraA' is selected.
13:17:52 INFO  : 'jtag frequency' command is executed.
13:17:52 INFO  : Sourcing of 'C:/Xilinx/Vitis/2023.1/scripts/vitis/util/zynqmp_utils.tcl' is done.
13:17:52 INFO  : Context for 'APU' is selected.
13:17:53 INFO  : System reset is completed.
13:17:56 INFO  : 'after 3000' command is executed.
13:17:56 INFO  : Context for 'APU' is selected.
13:17:56 INFO  : Cleared APU and A53 resets
13:17:56 INFO  : Context for 'RPU' is selected.
13:17:59 INFO  : Cleared RPU and R5 resets
13:17:59 INFO  : Split mode is enabled for R5#1
13:17:59 INFO  : 'targets -set -filter {jtag_cable_name =~ "Enclustra GmbH Module Link enclustraA" && level==0 && jtag_device_ctx=="jsn-Module Link-enclustraA-04721093-0"}' command is executed.
13:18:04 INFO  : Device configured successfully with "D:/Work/Vitis_workspace_FPGAVerification/ServoDrive_CB_FPGAVerification/_ide/bitstream/Mercury_XU5_PE1.bit"
13:18:04 INFO  : Context for 'APU' is selected.
13:18:13 INFO  : Hardware design and registers information is loaded from 'D:/Work/Vitis_workspace_FPGAVerification/Mercury_XU5_PE1/export/Mercury_XU5_PE1/hw/Mercury_XU5_PE1.xsa'.
13:18:13 INFO  : 'configparams force-mem-access 1' command is executed.
13:18:13 INFO  : Context for 'APU' is selected.
13:18:13 INFO  : Sourcing of 'D:/Work/Vitis_workspace_FPGAVerification/ServoDrive_CB_FPGAVerification/_ide/psinit/psu_init.tcl' is done.
13:18:15 INFO  : 'psu_init' command is executed.
13:18:15 INFO  : Sourcing of 'C:/Xilinx/Vitis/2023.1/scripts/vitis/util/fsbl.tcl' is done.
13:18:15 INFO  : 'catch {XFsbl_DdrEccInit}' command is executed.
13:18:16 INFO  : 'after 1000' command is executed.
13:18:16 INFO  : 'psu_ps_pl_isolation_removal' command is executed.
13:18:17 INFO  : 'after 1000' command is executed.
13:18:17 INFO  : 'psu_ps_pl_reset_config' command is executed.
13:18:17 INFO  : 'catch {psu_protection}' command is executed.
13:18:17 INFO  : Context for processor 'psu_cortexa53_0' is selected.
13:18:17 INFO  : Processor reset is completed for 'psu_cortexa53_0'.
13:18:23 INFO  : The application 'D:/Work/Vitis_workspace_FPGAVerification/ServoDrive_CB_FPGAVerification/Debug/ServoDrive_CB_FPGAVerification.elf' is downloaded to processor 'psu_cortexa53_0'.
13:18:23 INFO  : 'configparams force-mem-access 0' command is executed.
13:18:23 INFO  : ----------------XSDB Script----------------
connect -path [list tcp::1534 tcp:localhost:3122]
source C:/Xilinx/Vitis/2023.1/scripts/vitis/util/zynqmp_utils.tcl
targets -set -nocase -filter {name =~"APU*"}
rst -system
after 3000
targets -set -nocase -filter {name =~"APU*"}
reset_apu
targets -set -nocase -filter {name =~"RPU*"}
clear_rpu_reset
enable_split_mode
targets -set -filter {jtag_cable_name =~ "Enclustra GmbH Module Link enclustraA" && level==0 && jtag_device_ctx=="jsn-Module Link-enclustraA-04721093-0"}
fpga -file D:/Work/Vitis_workspace_FPGAVerification/ServoDrive_CB_FPGAVerification/_ide/bitstream/Mercury_XU5_PE1.bit
targets -set -nocase -filter {name =~"APU*"}
loadhw -hw D:/Work/Vitis_workspace_FPGAVerification/Mercury_XU5_PE1/export/Mercury_XU5_PE1/hw/Mercury_XU5_PE1.xsa -mem-ranges [list {0x80000000 0xbfffffff} {0x400000000 0x5ffffffff} {0x1000000000 0x7fffffffff}] -regs
configparams force-mem-access 1
targets -set -nocase -filter {name =~"APU*"}
source D:/Work/Vitis_workspace_FPGAVerification/ServoDrive_CB_FPGAVerification/_ide/psinit/psu_init.tcl
psu_init
source C:/Xilinx/Vitis/2023.1/scripts/vitis/util/fsbl.tcl
catch {XFsbl_DdrEccInit}
after 1000
psu_ps_pl_isolation_removal
after 1000
psu_ps_pl_reset_config
catch {psu_protection}
targets -set -nocase -filter {name =~ "*A53*#0"}
rst -processor
dow D:/Work/Vitis_workspace_FPGAVerification/ServoDrive_CB_FPGAVerification/Debug/ServoDrive_CB_FPGAVerification.elf
configparams force-mem-access 0
----------------End of Script----------------

13:18:23 INFO  : Context for processor 'psu_cortexa53_0' is selected.
13:18:24 INFO  : 'con' command is executed.
13:18:24 INFO  : ----------------XSDB Script (After Launch)----------------
targets -set -nocase -filter {name =~ "*A53*#0"}
con
----------------End of Script----------------

13:18:24 INFO  : Launch script is exported to file 'D:\Work\Vitis_workspace_FPGAVerification\ServoDrive_CB_FPGAVerification_system\_ide\scripts\systemdebugger_servodrive_cb_fpgaverification_system_standalone.tcl'
13:19:56 INFO  : Checking for BSP changes to sync application flags for project 'ServoDrive_CB_FPGAVerification'...
13:20:03 ERROR : (XSDB Server)ERROR: [Hsi 55-1571] The design file D:/Work/Vitis_workspace_FPGAVerification/Mercury_XU5_PE1/export/Mercury_XU5_PE1/hw/Mercury_XU5_PE1.xsa is already opened

13:20:23 INFO  : Disconnected from the channel tcfchan#7.
13:20:23 INFO  : Connected through redirection to target on host 'localhost' and port '3122'.
13:20:23 INFO  : Jtag cable 'Enclustra GmbH Module Link enclustraA' is selected.
13:20:23 INFO  : 'jtag frequency' command is executed.
13:20:23 INFO  : Sourcing of 'C:/Xilinx/Vitis/2023.1/scripts/vitis/util/zynqmp_utils.tcl' is done.
13:20:23 INFO  : Context for 'APU' is selected.
13:20:23 INFO  : System reset is completed.
13:20:26 INFO  : 'after 3000' command is executed.
13:20:26 INFO  : Context for 'APU' is selected.
13:20:26 INFO  : Cleared APU and A53 resets
13:20:26 INFO  : Context for 'RPU' is selected.
13:20:30 INFO  : Cleared RPU and R5 resets
13:20:30 INFO  : Split mode is enabled for R5#1
13:20:30 INFO  : 'targets -set -filter {jtag_cable_name =~ "Enclustra GmbH Module Link enclustraA" && level==0 && jtag_device_ctx=="jsn-Module Link-enclustraA-04721093-0"}' command is executed.
13:20:34 INFO  : Device configured successfully with "D:/Work/Vitis_workspace_FPGAVerification/ServoDrive_CB_FPGAVerification/_ide/bitstream/Mercury_XU5_PE1.bit"
13:20:34 INFO  : Context for 'APU' is selected.
13:20:44 INFO  : Hardware design and registers information is loaded from 'D:/Work/Vitis_workspace_FPGAVerification/Mercury_XU5_PE1/export/Mercury_XU5_PE1/hw/Mercury_XU5_PE1.xsa'.
13:20:44 INFO  : 'configparams force-mem-access 1' command is executed.
13:20:44 INFO  : Context for 'APU' is selected.
13:20:44 INFO  : Sourcing of 'D:/Work/Vitis_workspace_FPGAVerification/ServoDrive_CB_FPGAVerification/_ide/psinit/psu_init.tcl' is done.
13:20:45 INFO  : 'psu_init' command is executed.
13:20:45 INFO  : Sourcing of 'C:/Xilinx/Vitis/2023.1/scripts/vitis/util/fsbl.tcl' is done.
13:20:46 INFO  : 'catch {XFsbl_DdrEccInit}' command is executed.
13:20:47 INFO  : 'after 1000' command is executed.
13:20:47 INFO  : 'psu_ps_pl_isolation_removal' command is executed.
13:20:48 INFO  : 'after 1000' command is executed.
13:20:48 INFO  : 'psu_ps_pl_reset_config' command is executed.
13:20:48 INFO  : 'catch {psu_protection}' command is executed.
13:20:48 INFO  : Context for processor 'psu_cortexa53_0' is selected.
13:20:48 INFO  : Processor reset is completed for 'psu_cortexa53_0'.
13:20:54 INFO  : The application 'D:/Work/Vitis_workspace_FPGAVerification/ServoDrive_CB_FPGAVerification/Debug/ServoDrive_CB_FPGAVerification.elf' is downloaded to processor 'psu_cortexa53_0'.
13:20:54 INFO  : 'configparams force-mem-access 0' command is executed.
13:20:54 INFO  : ----------------XSDB Script----------------
connect -path [list tcp::1534 tcp:localhost:3122]
source C:/Xilinx/Vitis/2023.1/scripts/vitis/util/zynqmp_utils.tcl
targets -set -nocase -filter {name =~"APU*"}
rst -system
after 3000
targets -set -nocase -filter {name =~"APU*"}
reset_apu
targets -set -nocase -filter {name =~"RPU*"}
clear_rpu_reset
enable_split_mode
targets -set -filter {jtag_cable_name =~ "Enclustra GmbH Module Link enclustraA" && level==0 && jtag_device_ctx=="jsn-Module Link-enclustraA-04721093-0"}
fpga -file D:/Work/Vitis_workspace_FPGAVerification/ServoDrive_CB_FPGAVerification/_ide/bitstream/Mercury_XU5_PE1.bit
targets -set -nocase -filter {name =~"APU*"}
loadhw -hw D:/Work/Vitis_workspace_FPGAVerification/Mercury_XU5_PE1/export/Mercury_XU5_PE1/hw/Mercury_XU5_PE1.xsa -mem-ranges [list {0x80000000 0xbfffffff} {0x400000000 0x5ffffffff} {0x1000000000 0x7fffffffff}] -regs
configparams force-mem-access 1
targets -set -nocase -filter {name =~"APU*"}
source D:/Work/Vitis_workspace_FPGAVerification/ServoDrive_CB_FPGAVerification/_ide/psinit/psu_init.tcl
psu_init
source C:/Xilinx/Vitis/2023.1/scripts/vitis/util/fsbl.tcl
catch {XFsbl_DdrEccInit}
after 1000
psu_ps_pl_isolation_removal
after 1000
psu_ps_pl_reset_config
catch {psu_protection}
targets -set -nocase -filter {name =~ "*A53*#0"}
rst -processor
dow D:/Work/Vitis_workspace_FPGAVerification/ServoDrive_CB_FPGAVerification/Debug/ServoDrive_CB_FPGAVerification.elf
configparams force-mem-access 0
----------------End of Script----------------

13:20:54 INFO  : Context for processor 'psu_cortexa53_0' is selected.
13:20:55 INFO  : 'con' command is executed.
13:20:55 INFO  : ----------------XSDB Script (After Launch)----------------
targets -set -nocase -filter {name =~ "*A53*#0"}
con
----------------End of Script----------------

13:20:55 INFO  : Launch script is exported to file 'D:\Work\Vitis_workspace_FPGAVerification\ServoDrive_CB_FPGAVerification_system\_ide\scripts\systemdebugger_servodrive_cb_fpgaverification_system_standalone.tcl'
13:29:13 INFO  : Checking for BSP changes to sync application flags for project 'ServoDrive_CB_FPGAVerification'...
13:29:37 INFO  : Connected through redirection to target on host 'localhost' and port '3122'.
13:29:37 INFO  : Jtag cable 'Enclustra GmbH Module Link enclustraA' is selected.
13:29:37 INFO  : 'jtag frequency' command is executed.
13:29:37 INFO  : Sourcing of 'C:/Xilinx/Vitis/2023.1/scripts/vitis/util/zynqmp_utils.tcl' is done.
13:29:37 INFO  : Context for 'APU' is selected.
13:29:37 INFO  : System reset is completed.
13:29:40 INFO  : 'after 3000' command is executed.
13:29:40 INFO  : Context for 'APU' is selected.
13:29:41 INFO  : Cleared APU and A53 resets
13:29:41 INFO  : Context for 'RPU' is selected.
13:29:44 INFO  : Cleared RPU and R5 resets
13:29:44 INFO  : Disconnected from the channel tcfchan#9.
13:29:44 ERROR : Invalid target. Use "connect" command to connect to hw_server/TCF agent
13:29:44 INFO  : ----------------XSDB Script----------------
connect -path [list tcp::1534 tcp:localhost:3122]
source C:/Xilinx/Vitis/2023.1/scripts/vitis/util/zynqmp_utils.tcl
targets -set -nocase -filter {name =~"APU*"}
rst -system
after 3000
targets -set -nocase -filter {name =~"APU*"}
reset_apu
targets -set -nocase -filter {name =~"RPU*"}
clear_rpu_reset
enable_split_mode
----------------End of Script----------------

13:29:44 ERROR : Invalid target. Use "connect" command to connect to hw_server/TCF agent
13:29:47 INFO  : Connected through redirection to target on host 'localhost' and port '3122'.
13:29:47 INFO  : Jtag cable 'Enclustra GmbH Module Link enclustraA' is selected.
13:29:47 INFO  : 'jtag frequency' command is executed.
13:29:47 INFO  : Sourcing of 'C:/Xilinx/Vitis/2023.1/scripts/vitis/util/zynqmp_utils.tcl' is done.
13:29:47 INFO  : Context for 'APU' is selected.
13:29:48 INFO  : System reset is completed.
13:29:51 INFO  : 'after 3000' command is executed.
13:29:51 INFO  : Context for 'APU' is selected.
13:29:51 INFO  : Cleared APU and A53 resets
13:29:51 INFO  : Context for 'RPU' is selected.
13:29:54 INFO  : Cleared RPU and R5 resets
13:29:54 INFO  : Split mode is enabled for R5#1
13:29:54 INFO  : 'targets -set -filter {jtag_cable_name =~ "Enclustra GmbH Module Link enclustraA" && level==0 && jtag_device_ctx=="jsn-Module Link-enclustraA-04721093-0"}' command is executed.
13:29:59 INFO  : Device configured successfully with "D:/Work/Vitis_workspace_FPGAVerification/ServoDrive_CB_FPGAVerification/_ide/bitstream/Mercury_XU5_PE1.bit"
13:29:59 INFO  : Context for 'APU' is selected.
13:30:08 INFO  : Hardware design and registers information is loaded from 'D:/Work/Vitis_workspace_FPGAVerification/Mercury_XU5_PE1/export/Mercury_XU5_PE1/hw/Mercury_XU5_PE1.xsa'.
13:30:08 INFO  : 'configparams force-mem-access 1' command is executed.
13:30:08 INFO  : Context for 'APU' is selected.
13:30:08 INFO  : Sourcing of 'D:/Work/Vitis_workspace_FPGAVerification/ServoDrive_CB_FPGAVerification/_ide/psinit/psu_init.tcl' is done.
13:30:09 INFO  : 'psu_init' command is executed.
13:30:09 INFO  : Sourcing of 'C:/Xilinx/Vitis/2023.1/scripts/vitis/util/fsbl.tcl' is done.
13:30:10 INFO  : 'catch {XFsbl_DdrEccInit}' command is executed.
13:30:11 INFO  : 'after 1000' command is executed.
13:30:11 INFO  : 'psu_ps_pl_isolation_removal' command is executed.
13:30:12 INFO  : 'after 1000' command is executed.
13:30:12 INFO  : 'psu_ps_pl_reset_config' command is executed.
13:30:12 INFO  : 'catch {psu_protection}' command is executed.
13:30:12 INFO  : Context for processor 'psu_cortexa53_0' is selected.
13:30:12 INFO  : Processor reset is completed for 'psu_cortexa53_0'.
13:30:17 INFO  : The application 'D:/Work/Vitis_workspace_FPGAVerification/ServoDrive_CB_FPGAVerification/Debug/ServoDrive_CB_FPGAVerification.elf' is downloaded to processor 'psu_cortexa53_0'.
13:30:17 INFO  : 'configparams force-mem-access 0' command is executed.
13:30:17 INFO  : ----------------XSDB Script----------------
connect -path [list tcp::1534 tcp:localhost:3122]
source C:/Xilinx/Vitis/2023.1/scripts/vitis/util/zynqmp_utils.tcl
targets -set -nocase -filter {name =~"APU*"}
rst -system
after 3000
targets -set -nocase -filter {name =~"APU*"}
reset_apu
targets -set -nocase -filter {name =~"RPU*"}
clear_rpu_reset
enable_split_mode
targets -set -filter {jtag_cable_name =~ "Enclustra GmbH Module Link enclustraA" && level==0 && jtag_device_ctx=="jsn-Module Link-enclustraA-04721093-0"}
fpga -file D:/Work/Vitis_workspace_FPGAVerification/ServoDrive_CB_FPGAVerification/_ide/bitstream/Mercury_XU5_PE1.bit
targets -set -nocase -filter {name =~"APU*"}
loadhw -hw D:/Work/Vitis_workspace_FPGAVerification/Mercury_XU5_PE1/export/Mercury_XU5_PE1/hw/Mercury_XU5_PE1.xsa -mem-ranges [list {0x80000000 0xbfffffff} {0x400000000 0x5ffffffff} {0x1000000000 0x7fffffffff}] -regs
configparams force-mem-access 1
targets -set -nocase -filter {name =~"APU*"}
source D:/Work/Vitis_workspace_FPGAVerification/ServoDrive_CB_FPGAVerification/_ide/psinit/psu_init.tcl
psu_init
source C:/Xilinx/Vitis/2023.1/scripts/vitis/util/fsbl.tcl
catch {XFsbl_DdrEccInit}
after 1000
psu_ps_pl_isolation_removal
after 1000
psu_ps_pl_reset_config
catch {psu_protection}
targets -set -nocase -filter {name =~ "*A53*#0"}
rst -processor
dow D:/Work/Vitis_workspace_FPGAVerification/ServoDrive_CB_FPGAVerification/Debug/ServoDrive_CB_FPGAVerification.elf
configparams force-mem-access 0
----------------End of Script----------------

13:30:17 INFO  : Context for processor 'psu_cortexa53_0' is selected.
13:30:17 INFO  : 'con' command is executed.
13:30:17 INFO  : ----------------XSDB Script (After Launch)----------------
targets -set -nocase -filter {name =~ "*A53*#0"}
con
----------------End of Script----------------

13:30:17 INFO  : Launch script is exported to file 'D:\Work\Vitis_workspace_FPGAVerification\ServoDrive_CB_FPGAVerification_system\_ide\scripts\systemdebugger_servodrive_cb_fpgaverification_system_standalone.tcl'
13:31:00 INFO  : Disconnected from the channel tcfchan#10.
13:31:00 INFO  : Connected through redirection to target on host 'localhost' and port '3122'.
13:31:00 INFO  : Jtag cable 'Enclustra GmbH Module Link enclustraA' is selected.
13:31:00 INFO  : 'jtag frequency' command is executed.
13:31:00 INFO  : Sourcing of 'C:/Xilinx/Vitis/2023.1/scripts/vitis/util/zynqmp_utils.tcl' is done.
13:31:00 INFO  : Context for 'APU' is selected.
13:31:01 INFO  : System reset is completed.
13:31:04 INFO  : 'after 3000' command is executed.
13:31:04 INFO  : Context for 'APU' is selected.
13:31:04 INFO  : Cleared APU and A53 resets
13:31:04 INFO  : Context for 'RPU' is selected.
13:31:07 INFO  : Cleared RPU and R5 resets
13:31:07 INFO  : Split mode is enabled for R5#1
13:31:07 INFO  : 'targets -set -filter {jtag_cable_name =~ "Enclustra GmbH Module Link enclustraA" && level==0 && jtag_device_ctx=="jsn-Module Link-enclustraA-04721093-0"}' command is executed.
13:31:12 INFO  : Device configured successfully with "D:/Work/Vitis_workspace_FPGAVerification/ServoDrive_CB_FPGAVerification/_ide/bitstream/Mercury_XU5_PE1.bit"
13:31:12 INFO  : Context for 'APU' is selected.
13:31:22 INFO  : Hardware design and registers information is loaded from 'D:/Work/Vitis_workspace_FPGAVerification/Mercury_XU5_PE1/export/Mercury_XU5_PE1/hw/Mercury_XU5_PE1.xsa'.
13:31:22 INFO  : 'configparams force-mem-access 1' command is executed.
13:31:22 INFO  : Context for 'APU' is selected.
13:31:22 INFO  : Sourcing of 'D:/Work/Vitis_workspace_FPGAVerification/ServoDrive_CB_FPGAVerification/_ide/psinit/psu_init.tcl' is done.
13:31:23 INFO  : 'psu_init' command is executed.
13:31:23 INFO  : Sourcing of 'C:/Xilinx/Vitis/2023.1/scripts/vitis/util/fsbl.tcl' is done.
13:31:23 INFO  : 'catch {XFsbl_DdrEccInit}' command is executed.
13:31:24 INFO  : 'after 1000' command is executed.
13:31:24 INFO  : 'psu_ps_pl_isolation_removal' command is executed.
13:31:25 INFO  : 'after 1000' command is executed.
13:31:25 INFO  : 'psu_ps_pl_reset_config' command is executed.
13:31:25 INFO  : 'catch {psu_protection}' command is executed.
13:31:25 INFO  : Context for processor 'psu_cortexa53_0' is selected.
13:31:25 INFO  : Processor reset is completed for 'psu_cortexa53_0'.
13:31:30 INFO  : The application 'D:/Work/Vitis_workspace_FPGAVerification/ServoDrive_CB_FPGAVerification/Debug/ServoDrive_CB_FPGAVerification.elf' is downloaded to processor 'psu_cortexa53_0'.
13:31:30 INFO  : 'configparams force-mem-access 0' command is executed.
13:31:30 INFO  : ----------------XSDB Script----------------
connect -path [list tcp::1534 tcp:localhost:3122]
source C:/Xilinx/Vitis/2023.1/scripts/vitis/util/zynqmp_utils.tcl
targets -set -nocase -filter {name =~"APU*"}
rst -system
after 3000
targets -set -nocase -filter {name =~"APU*"}
reset_apu
targets -set -nocase -filter {name =~"RPU*"}
clear_rpu_reset
enable_split_mode
targets -set -filter {jtag_cable_name =~ "Enclustra GmbH Module Link enclustraA" && level==0 && jtag_device_ctx=="jsn-Module Link-enclustraA-04721093-0"}
fpga -file D:/Work/Vitis_workspace_FPGAVerification/ServoDrive_CB_FPGAVerification/_ide/bitstream/Mercury_XU5_PE1.bit
targets -set -nocase -filter {name =~"APU*"}
loadhw -hw D:/Work/Vitis_workspace_FPGAVerification/Mercury_XU5_PE1/export/Mercury_XU5_PE1/hw/Mercury_XU5_PE1.xsa -mem-ranges [list {0x80000000 0xbfffffff} {0x400000000 0x5ffffffff} {0x1000000000 0x7fffffffff}] -regs
configparams force-mem-access 1
targets -set -nocase -filter {name =~"APU*"}
source D:/Work/Vitis_workspace_FPGAVerification/ServoDrive_CB_FPGAVerification/_ide/psinit/psu_init.tcl
psu_init
source C:/Xilinx/Vitis/2023.1/scripts/vitis/util/fsbl.tcl
catch {XFsbl_DdrEccInit}
after 1000
psu_ps_pl_isolation_removal
after 1000
psu_ps_pl_reset_config
catch {psu_protection}
targets -set -nocase -filter {name =~ "*A53*#0"}
rst -processor
dow D:/Work/Vitis_workspace_FPGAVerification/ServoDrive_CB_FPGAVerification/Debug/ServoDrive_CB_FPGAVerification.elf
configparams force-mem-access 0
----------------End of Script----------------

13:31:30 INFO  : Context for processor 'psu_cortexa53_0' is selected.
13:31:30 INFO  : 'con' command is executed.
13:31:30 INFO  : ----------------XSDB Script (After Launch)----------------
targets -set -nocase -filter {name =~ "*A53*#0"}
con
----------------End of Script----------------

13:31:30 INFO  : Launch script is exported to file 'D:\Work\Vitis_workspace_FPGAVerification\ServoDrive_CB_FPGAVerification_system\_ide\scripts\systemdebugger_servodrive_cb_fpgaverification_system_standalone.tcl'
13:32:39 INFO  : Checking for BSP changes to sync application flags for project 'ServoDrive_CB_FPGAVerification'...
13:32:48 INFO  : Disconnected from the channel tcfchan#11.
13:32:49 INFO  : Connected through redirection to target on host 'localhost' and port '3122'.
13:32:49 INFO  : Jtag cable 'Enclustra GmbH Module Link enclustraA' is selected.
13:32:49 INFO  : 'jtag frequency' command is executed.
13:32:49 INFO  : Sourcing of 'C:/Xilinx/Vitis/2023.1/scripts/vitis/util/zynqmp_utils.tcl' is done.
13:32:49 INFO  : Context for 'APU' is selected.
13:32:49 INFO  : System reset is completed.
13:32:52 INFO  : 'after 3000' command is executed.
13:32:52 INFO  : Context for 'APU' is selected.
13:32:52 INFO  : Cleared APU and A53 resets
13:32:52 INFO  : Context for 'RPU' is selected.
13:32:55 INFO  : Cleared RPU and R5 resets
13:32:55 INFO  : Split mode is enabled for R5#1
13:32:55 INFO  : 'targets -set -filter {jtag_cable_name =~ "Enclustra GmbH Module Link enclustraA" && level==0 && jtag_device_ctx=="jsn-Module Link-enclustraA-04721093-0"}' command is executed.
13:33:00 INFO  : Device configured successfully with "D:/Work/Vitis_workspace_FPGAVerification/ServoDrive_CB_FPGAVerification/_ide/bitstream/Mercury_XU5_PE1.bit"
13:33:00 INFO  : Context for 'APU' is selected.
13:33:09 INFO  : Hardware design and registers information is loaded from 'D:/Work/Vitis_workspace_FPGAVerification/Mercury_XU5_PE1/export/Mercury_XU5_PE1/hw/Mercury_XU5_PE1.xsa'.
13:33:09 INFO  : 'configparams force-mem-access 1' command is executed.
13:33:09 INFO  : Context for 'APU' is selected.
13:33:09 INFO  : Sourcing of 'D:/Work/Vitis_workspace_FPGAVerification/ServoDrive_CB_FPGAVerification/_ide/psinit/psu_init.tcl' is done.
13:33:10 INFO  : 'psu_init' command is executed.
13:33:10 INFO  : Sourcing of 'C:/Xilinx/Vitis/2023.1/scripts/vitis/util/fsbl.tcl' is done.
13:33:11 INFO  : 'catch {XFsbl_DdrEccInit}' command is executed.
13:33:12 INFO  : 'after 1000' command is executed.
13:33:12 INFO  : 'psu_ps_pl_isolation_removal' command is executed.
13:33:13 INFO  : 'after 1000' command is executed.
13:33:13 INFO  : 'psu_ps_pl_reset_config' command is executed.
13:33:13 INFO  : 'catch {psu_protection}' command is executed.
13:33:13 INFO  : Context for processor 'psu_cortexa53_0' is selected.
13:33:13 INFO  : Processor reset is completed for 'psu_cortexa53_0'.
13:33:19 INFO  : The application 'D:/Work/Vitis_workspace_FPGAVerification/ServoDrive_CB_FPGAVerification/Debug/ServoDrive_CB_FPGAVerification.elf' is downloaded to processor 'psu_cortexa53_0'.
13:33:19 INFO  : 'configparams force-mem-access 0' command is executed.
13:33:19 INFO  : ----------------XSDB Script----------------
connect -path [list tcp::1534 tcp:localhost:3122]
source C:/Xilinx/Vitis/2023.1/scripts/vitis/util/zynqmp_utils.tcl
targets -set -nocase -filter {name =~"APU*"}
rst -system
after 3000
targets -set -nocase -filter {name =~"APU*"}
reset_apu
targets -set -nocase -filter {name =~"RPU*"}
clear_rpu_reset
enable_split_mode
targets -set -filter {jtag_cable_name =~ "Enclustra GmbH Module Link enclustraA" && level==0 && jtag_device_ctx=="jsn-Module Link-enclustraA-04721093-0"}
fpga -file D:/Work/Vitis_workspace_FPGAVerification/ServoDrive_CB_FPGAVerification/_ide/bitstream/Mercury_XU5_PE1.bit
targets -set -nocase -filter {name =~"APU*"}
loadhw -hw D:/Work/Vitis_workspace_FPGAVerification/Mercury_XU5_PE1/export/Mercury_XU5_PE1/hw/Mercury_XU5_PE1.xsa -mem-ranges [list {0x80000000 0xbfffffff} {0x400000000 0x5ffffffff} {0x1000000000 0x7fffffffff}] -regs
configparams force-mem-access 1
targets -set -nocase -filter {name =~"APU*"}
source D:/Work/Vitis_workspace_FPGAVerification/ServoDrive_CB_FPGAVerification/_ide/psinit/psu_init.tcl
psu_init
source C:/Xilinx/Vitis/2023.1/scripts/vitis/util/fsbl.tcl
catch {XFsbl_DdrEccInit}
after 1000
psu_ps_pl_isolation_removal
after 1000
psu_ps_pl_reset_config
catch {psu_protection}
targets -set -nocase -filter {name =~ "*A53*#0"}
rst -processor
dow D:/Work/Vitis_workspace_FPGAVerification/ServoDrive_CB_FPGAVerification/Debug/ServoDrive_CB_FPGAVerification.elf
configparams force-mem-access 0
----------------End of Script----------------

13:33:19 INFO  : Context for processor 'psu_cortexa53_0' is selected.
13:33:19 INFO  : 'con' command is executed.
13:33:19 INFO  : ----------------XSDB Script (After Launch)----------------
targets -set -nocase -filter {name =~ "*A53*#0"}
con
----------------End of Script----------------

13:33:19 INFO  : Launch script is exported to file 'D:\Work\Vitis_workspace_FPGAVerification\ServoDrive_CB_FPGAVerification_system\_ide\scripts\systemdebugger_servodrive_cb_fpgaverification_system_standalone.tcl'
13:37:03 INFO  : Checking for BSP changes to sync application flags for project 'ServoDrive_CB_FPGAVerification'...
13:37:15 INFO  : Disconnected from the channel tcfchan#12.
13:37:16 INFO  : Connected through redirection to target on host 'localhost' and port '3122'.
13:37:16 INFO  : Jtag cable 'Enclustra GmbH Module Link enclustraA' is selected.
13:37:16 INFO  : 'jtag frequency' command is executed.
13:37:16 INFO  : Sourcing of 'C:/Xilinx/Vitis/2023.1/scripts/vitis/util/zynqmp_utils.tcl' is done.
13:37:16 INFO  : Context for 'APU' is selected.
13:37:16 INFO  : System reset is completed.
13:37:19 INFO  : 'after 3000' command is executed.
13:37:19 INFO  : Context for 'APU' is selected.
13:37:19 INFO  : Cleared APU and A53 resets
13:37:19 INFO  : Context for 'RPU' is selected.
13:37:22 INFO  : Cleared RPU and R5 resets
13:37:22 INFO  : Split mode is enabled for R5#1
13:37:23 INFO  : 'targets -set -filter {jtag_cable_name =~ "Enclustra GmbH Module Link enclustraA" && level==0 && jtag_device_ctx=="jsn-Module Link-enclustraA-04721093-0"}' command is executed.
13:37:27 INFO  : Device configured successfully with "D:/Work/Vitis_workspace_FPGAVerification/ServoDrive_CB_FPGAVerification/_ide/bitstream/Mercury_XU5_PE1.bit"
13:37:27 INFO  : Context for 'APU' is selected.
13:37:36 INFO  : Hardware design and registers information is loaded from 'D:/Work/Vitis_workspace_FPGAVerification/Mercury_XU5_PE1/export/Mercury_XU5_PE1/hw/Mercury_XU5_PE1.xsa'.
13:37:36 INFO  : 'configparams force-mem-access 1' command is executed.
13:37:36 INFO  : Context for 'APU' is selected.
13:37:36 INFO  : Sourcing of 'D:/Work/Vitis_workspace_FPGAVerification/ServoDrive_CB_FPGAVerification/_ide/psinit/psu_init.tcl' is done.
13:37:37 INFO  : 'psu_init' command is executed.
13:37:37 INFO  : Sourcing of 'C:/Xilinx/Vitis/2023.1/scripts/vitis/util/fsbl.tcl' is done.
13:37:38 INFO  : 'catch {XFsbl_DdrEccInit}' command is executed.
13:37:39 INFO  : 'after 1000' command is executed.
13:37:39 INFO  : 'psu_ps_pl_isolation_removal' command is executed.
13:37:40 INFO  : 'after 1000' command is executed.
13:37:40 INFO  : 'psu_ps_pl_reset_config' command is executed.
13:37:40 INFO  : 'catch {psu_protection}' command is executed.
13:37:40 INFO  : Context for processor 'psu_cortexa53_0' is selected.
13:37:40 INFO  : Processor reset is completed for 'psu_cortexa53_0'.
13:37:45 INFO  : The application 'D:/Work/Vitis_workspace_FPGAVerification/ServoDrive_CB_FPGAVerification/Debug/ServoDrive_CB_FPGAVerification.elf' is downloaded to processor 'psu_cortexa53_0'.
13:37:45 INFO  : 'configparams force-mem-access 0' command is executed.
13:37:45 INFO  : ----------------XSDB Script----------------
connect -path [list tcp::1534 tcp:localhost:3122]
source C:/Xilinx/Vitis/2023.1/scripts/vitis/util/zynqmp_utils.tcl
targets -set -nocase -filter {name =~"APU*"}
rst -system
after 3000
targets -set -nocase -filter {name =~"APU*"}
reset_apu
targets -set -nocase -filter {name =~"RPU*"}
clear_rpu_reset
enable_split_mode
targets -set -filter {jtag_cable_name =~ "Enclustra GmbH Module Link enclustraA" && level==0 && jtag_device_ctx=="jsn-Module Link-enclustraA-04721093-0"}
fpga -file D:/Work/Vitis_workspace_FPGAVerification/ServoDrive_CB_FPGAVerification/_ide/bitstream/Mercury_XU5_PE1.bit
targets -set -nocase -filter {name =~"APU*"}
loadhw -hw D:/Work/Vitis_workspace_FPGAVerification/Mercury_XU5_PE1/export/Mercury_XU5_PE1/hw/Mercury_XU5_PE1.xsa -mem-ranges [list {0x80000000 0xbfffffff} {0x400000000 0x5ffffffff} {0x1000000000 0x7fffffffff}] -regs
configparams force-mem-access 1
targets -set -nocase -filter {name =~"APU*"}
source D:/Work/Vitis_workspace_FPGAVerification/ServoDrive_CB_FPGAVerification/_ide/psinit/psu_init.tcl
psu_init
source C:/Xilinx/Vitis/2023.1/scripts/vitis/util/fsbl.tcl
catch {XFsbl_DdrEccInit}
after 1000
psu_ps_pl_isolation_removal
after 1000
psu_ps_pl_reset_config
catch {psu_protection}
targets -set -nocase -filter {name =~ "*A53*#0"}
rst -processor
dow D:/Work/Vitis_workspace_FPGAVerification/ServoDrive_CB_FPGAVerification/Debug/ServoDrive_CB_FPGAVerification.elf
configparams force-mem-access 0
----------------End of Script----------------

13:37:45 INFO  : Context for processor 'psu_cortexa53_0' is selected.
13:37:45 INFO  : 'con' command is executed.
13:37:45 INFO  : ----------------XSDB Script (After Launch)----------------
targets -set -nocase -filter {name =~ "*A53*#0"}
con
----------------End of Script----------------

13:37:45 INFO  : Launch script is exported to file 'D:\Work\Vitis_workspace_FPGAVerification\ServoDrive_CB_FPGAVerification_system\_ide\scripts\systemdebugger_servodrive_cb_fpgaverification_system_standalone.tcl'
13:41:57 INFO  : Disconnected from the channel tcfchan#13.
13:41:58 INFO  : Connected through redirection to target on host 'localhost' and port '3122'.
13:41:58 INFO  : Jtag cable 'Enclustra GmbH Module Link enclustraA' is selected.
13:41:58 INFO  : 'jtag frequency' command is executed.
13:41:58 INFO  : Sourcing of 'C:/Xilinx/Vitis/2023.1/scripts/vitis/util/zynqmp_utils.tcl' is done.
13:41:58 INFO  : Context for 'APU' is selected.
13:41:58 INFO  : System reset is completed.
13:42:01 INFO  : 'after 3000' command is executed.
13:42:01 INFO  : Context for 'APU' is selected.
13:42:01 INFO  : Cleared APU and A53 resets
13:42:01 INFO  : Context for 'RPU' is selected.
13:42:04 INFO  : Cleared RPU and R5 resets
13:42:04 INFO  : Split mode is enabled for R5#1
13:42:05 INFO  : 'targets -set -filter {jtag_cable_name =~ "Enclustra GmbH Module Link enclustraA" && level==0 && jtag_device_ctx=="jsn-Module Link-enclustraA-04721093-0"}' command is executed.
13:42:09 INFO  : Device configured successfully with "D:/Work/Vitis_workspace_FPGAVerification/ServoDrive_CB_FPGAVerification/_ide/bitstream/Mercury_XU5_PE1.bit"
13:42:09 INFO  : Context for 'APU' is selected.
13:42:18 INFO  : Hardware design and registers information is loaded from 'D:/Work/Vitis_workspace_FPGAVerification/Mercury_XU5_PE1/export/Mercury_XU5_PE1/hw/Mercury_XU5_PE1.xsa'.
13:42:18 INFO  : 'configparams force-mem-access 1' command is executed.
13:42:18 INFO  : Context for 'APU' is selected.
13:42:18 INFO  : Sourcing of 'D:/Work/Vitis_workspace_FPGAVerification/ServoDrive_CB_FPGAVerification/_ide/psinit/psu_init.tcl' is done.
13:42:19 INFO  : 'psu_init' command is executed.
13:42:19 INFO  : Sourcing of 'C:/Xilinx/Vitis/2023.1/scripts/vitis/util/fsbl.tcl' is done.
13:42:20 INFO  : 'catch {XFsbl_DdrEccInit}' command is executed.
13:42:21 INFO  : 'after 1000' command is executed.
13:42:21 INFO  : 'psu_ps_pl_isolation_removal' command is executed.
13:42:22 INFO  : 'after 1000' command is executed.
13:42:22 INFO  : 'psu_ps_pl_reset_config' command is executed.
13:42:22 INFO  : 'catch {psu_protection}' command is executed.
13:42:22 INFO  : Context for processor 'psu_cortexa53_0' is selected.
13:42:22 INFO  : Processor reset is completed for 'psu_cortexa53_0'.
13:42:28 INFO  : The application 'D:/Work/Vitis_workspace_FPGAVerification/ServoDrive_CB_FPGAVerification/Debug/ServoDrive_CB_FPGAVerification.elf' is downloaded to processor 'psu_cortexa53_0'.
13:42:28 INFO  : 'configparams force-mem-access 0' command is executed.
13:42:28 INFO  : ----------------XSDB Script----------------
connect -path [list tcp::1534 tcp:localhost:3122]
source C:/Xilinx/Vitis/2023.1/scripts/vitis/util/zynqmp_utils.tcl
targets -set -nocase -filter {name =~"APU*"}
rst -system
after 3000
targets -set -nocase -filter {name =~"APU*"}
reset_apu
targets -set -nocase -filter {name =~"RPU*"}
clear_rpu_reset
enable_split_mode
targets -set -filter {jtag_cable_name =~ "Enclustra GmbH Module Link enclustraA" && level==0 && jtag_device_ctx=="jsn-Module Link-enclustraA-04721093-0"}
fpga -file D:/Work/Vitis_workspace_FPGAVerification/ServoDrive_CB_FPGAVerification/_ide/bitstream/Mercury_XU5_PE1.bit
targets -set -nocase -filter {name =~"APU*"}
loadhw -hw D:/Work/Vitis_workspace_FPGAVerification/Mercury_XU5_PE1/export/Mercury_XU5_PE1/hw/Mercury_XU5_PE1.xsa -mem-ranges [list {0x80000000 0xbfffffff} {0x400000000 0x5ffffffff} {0x1000000000 0x7fffffffff}] -regs
configparams force-mem-access 1
targets -set -nocase -filter {name =~"APU*"}
source D:/Work/Vitis_workspace_FPGAVerification/ServoDrive_CB_FPGAVerification/_ide/psinit/psu_init.tcl
psu_init
source C:/Xilinx/Vitis/2023.1/scripts/vitis/util/fsbl.tcl
catch {XFsbl_DdrEccInit}
after 1000
psu_ps_pl_isolation_removal
after 1000
psu_ps_pl_reset_config
catch {psu_protection}
targets -set -nocase -filter {name =~ "*A53*#0"}
rst -processor
dow D:/Work/Vitis_workspace_FPGAVerification/ServoDrive_CB_FPGAVerification/Debug/ServoDrive_CB_FPGAVerification.elf
configparams force-mem-access 0
----------------End of Script----------------

13:42:29 INFO  : Context for processor 'psu_cortexa53_0' is selected.
13:42:29 INFO  : 'con' command is executed.
13:42:29 INFO  : ----------------XSDB Script (After Launch)----------------
targets -set -nocase -filter {name =~ "*A53*#0"}
con
----------------End of Script----------------

13:42:29 INFO  : Launch script is exported to file 'D:\Work\Vitis_workspace_FPGAVerification\ServoDrive_CB_FPGAVerification_system\_ide\scripts\debugger_servodrive_cb_fpgaverification-default.tcl'
13:46:30 INFO  : Checking for BSP changes to sync application flags for project 'ServoDrive_CB_FPGAVerification'...
13:46:45 INFO  : Disconnected from the channel tcfchan#14.
13:46:46 INFO  : Connected through redirection to target on host 'localhost' and port '3122'.
13:46:46 INFO  : Jtag cable 'Enclustra GmbH Module Link enclustraA' is selected.
13:46:46 INFO  : 'jtag frequency' command is executed.
13:46:46 INFO  : Sourcing of 'C:/Xilinx/Vitis/2023.1/scripts/vitis/util/zynqmp_utils.tcl' is done.
13:46:47 INFO  : Context for 'APU' is selected.
13:46:47 INFO  : System reset is completed.
13:46:50 INFO  : 'after 3000' command is executed.
13:46:50 INFO  : Context for 'APU' is selected.
13:46:50 INFO  : Cleared APU and A53 resets
13:46:50 INFO  : Context for 'RPU' is selected.
13:46:53 INFO  : Cleared RPU and R5 resets
13:46:53 INFO  : Split mode is enabled for R5#1
13:46:53 INFO  : 'targets -set -filter {jtag_cable_name =~ "Enclustra GmbH Module Link enclustraA" && level==0 && jtag_device_ctx=="jsn-Module Link-enclustraA-04721093-0"}' command is executed.
13:46:58 INFO  : Device configured successfully with "D:/Work/Vitis_workspace_FPGAVerification/ServoDrive_CB_FPGAVerification/_ide/bitstream/Mercury_XU5_PE1.bit"
13:46:58 INFO  : Context for 'APU' is selected.
13:47:07 INFO  : Hardware design and registers information is loaded from 'D:/Work/Vitis_workspace_FPGAVerification/Mercury_XU5_PE1/export/Mercury_XU5_PE1/hw/Mercury_XU5_PE1.xsa'.
13:47:07 INFO  : 'configparams force-mem-access 1' command is executed.
13:47:07 INFO  : Context for 'APU' is selected.
13:47:07 INFO  : Sourcing of 'D:/Work/Vitis_workspace_FPGAVerification/ServoDrive_CB_FPGAVerification/_ide/psinit/psu_init.tcl' is done.
13:47:08 INFO  : 'psu_init' command is executed.
13:47:08 INFO  : Sourcing of 'C:/Xilinx/Vitis/2023.1/scripts/vitis/util/fsbl.tcl' is done.
13:47:09 INFO  : 'catch {XFsbl_DdrEccInit}' command is executed.
13:47:10 INFO  : 'after 1000' command is executed.
13:47:10 INFO  : 'psu_ps_pl_isolation_removal' command is executed.
13:47:11 INFO  : 'after 1000' command is executed.
13:47:11 INFO  : 'psu_ps_pl_reset_config' command is executed.
13:47:11 INFO  : 'catch {psu_protection}' command is executed.
13:47:11 INFO  : Context for processor 'psu_cortexa53_0' is selected.
13:47:11 INFO  : Processor reset is completed for 'psu_cortexa53_0'.
13:47:16 INFO  : The application 'D:/Work/Vitis_workspace_FPGAVerification/ServoDrive_CB_FPGAVerification/Debug/ServoDrive_CB_FPGAVerification.elf' is downloaded to processor 'psu_cortexa53_0'.
13:47:16 INFO  : 'configparams force-mem-access 0' command is executed.
13:47:16 INFO  : ----------------XSDB Script----------------
connect -path [list tcp::1534 tcp:localhost:3122]
source C:/Xilinx/Vitis/2023.1/scripts/vitis/util/zynqmp_utils.tcl
targets -set -nocase -filter {name =~"APU*"}
rst -system
after 3000
targets -set -nocase -filter {name =~"APU*"}
reset_apu
targets -set -nocase -filter {name =~"RPU*"}
clear_rpu_reset
enable_split_mode
targets -set -filter {jtag_cable_name =~ "Enclustra GmbH Module Link enclustraA" && level==0 && jtag_device_ctx=="jsn-Module Link-enclustraA-04721093-0"}
fpga -file D:/Work/Vitis_workspace_FPGAVerification/ServoDrive_CB_FPGAVerification/_ide/bitstream/Mercury_XU5_PE1.bit
targets -set -nocase -filter {name =~"APU*"}
loadhw -hw D:/Work/Vitis_workspace_FPGAVerification/Mercury_XU5_PE1/export/Mercury_XU5_PE1/hw/Mercury_XU5_PE1.xsa -mem-ranges [list {0x80000000 0xbfffffff} {0x400000000 0x5ffffffff} {0x1000000000 0x7fffffffff}] -regs
configparams force-mem-access 1
targets -set -nocase -filter {name =~"APU*"}
source D:/Work/Vitis_workspace_FPGAVerification/ServoDrive_CB_FPGAVerification/_ide/psinit/psu_init.tcl
psu_init
source C:/Xilinx/Vitis/2023.1/scripts/vitis/util/fsbl.tcl
catch {XFsbl_DdrEccInit}
after 1000
psu_ps_pl_isolation_removal
after 1000
psu_ps_pl_reset_config
catch {psu_protection}
targets -set -nocase -filter {name =~ "*A53*#0"}
rst -processor
dow D:/Work/Vitis_workspace_FPGAVerification/ServoDrive_CB_FPGAVerification/Debug/ServoDrive_CB_FPGAVerification.elf
configparams force-mem-access 0
----------------End of Script----------------

13:47:16 INFO  : Context for processor 'psu_cortexa53_0' is selected.
13:47:16 INFO  : 'con' command is executed.
13:47:16 INFO  : ----------------XSDB Script (After Launch)----------------
targets -set -nocase -filter {name =~ "*A53*#0"}
con
----------------End of Script----------------

13:47:16 INFO  : Launch script is exported to file 'D:\Work\Vitis_workspace_FPGAVerification\ServoDrive_CB_FPGAVerification_system\_ide\scripts\debugger_servodrive_cb_fpgaverification-default.tcl'
13:48:36 INFO  : Checking for BSP changes to sync application flags for project 'ServoDrive_CB_FPGAVerification'...
13:49:18 INFO  : Disconnected from the channel tcfchan#15.
13:49:19 INFO  : Connected through redirection to target on host 'localhost' and port '3122'.
13:49:19 INFO  : Jtag cable 'Enclustra GmbH Module Link enclustraA' is selected.
13:49:19 INFO  : 'jtag frequency' command is executed.
13:49:19 INFO  : Sourcing of 'C:/Xilinx/Vitis/2023.1/scripts/vitis/util/zynqmp_utils.tcl' is done.
13:49:19 INFO  : Context for 'APU' is selected.
13:49:19 INFO  : System reset is completed.
13:49:22 INFO  : 'after 3000' command is executed.
13:49:22 INFO  : Context for 'APU' is selected.
13:49:23 INFO  : Cleared APU and A53 resets
13:49:23 INFO  : Context for 'RPU' is selected.
13:49:26 INFO  : Cleared RPU and R5 resets
13:49:26 INFO  : Split mode is enabled for R5#1
13:49:26 INFO  : 'targets -set -filter {jtag_cable_name =~ "Enclustra GmbH Module Link enclustraA" && level==0 && jtag_device_ctx=="jsn-Module Link-enclustraA-04721093-0"}' command is executed.
13:49:30 INFO  : Device configured successfully with "D:/Work/Vitis_workspace_FPGAVerification/ServoDrive_CB_FPGAVerification/_ide/bitstream/Mercury_XU5_PE1.bit"
13:49:30 INFO  : Context for 'APU' is selected.
13:49:39 INFO  : Hardware design and registers information is loaded from 'D:/Work/Vitis_workspace_FPGAVerification/Mercury_XU5_PE1/export/Mercury_XU5_PE1/hw/Mercury_XU5_PE1.xsa'.
13:49:39 INFO  : 'configparams force-mem-access 1' command is executed.
13:49:39 INFO  : Context for 'APU' is selected.
13:49:39 INFO  : Sourcing of 'D:/Work/Vitis_workspace_FPGAVerification/ServoDrive_CB_FPGAVerification/_ide/psinit/psu_init.tcl' is done.
13:49:40 INFO  : 'psu_init' command is executed.
13:49:40 INFO  : Sourcing of 'C:/Xilinx/Vitis/2023.1/scripts/vitis/util/fsbl.tcl' is done.
13:49:41 INFO  : 'catch {XFsbl_DdrEccInit}' command is executed.
13:49:42 INFO  : 'after 1000' command is executed.
13:49:42 INFO  : 'psu_ps_pl_isolation_removal' command is executed.
13:49:43 INFO  : 'after 1000' command is executed.
13:49:43 INFO  : 'psu_ps_pl_reset_config' command is executed.
13:49:43 INFO  : 'catch {psu_protection}' command is executed.
13:49:43 INFO  : Context for processor 'psu_cortexa53_0' is selected.
13:49:43 INFO  : Processor reset is completed for 'psu_cortexa53_0'.
13:49:48 INFO  : The application 'D:/Work/Vitis_workspace_FPGAVerification/ServoDrive_CB_FPGAVerification/Debug/ServoDrive_CB_FPGAVerification.elf' is downloaded to processor 'psu_cortexa53_0'.
13:49:48 INFO  : 'configparams force-mem-access 0' command is executed.
13:49:48 INFO  : ----------------XSDB Script----------------
connect -path [list tcp::1534 tcp:localhost:3122]
source C:/Xilinx/Vitis/2023.1/scripts/vitis/util/zynqmp_utils.tcl
targets -set -nocase -filter {name =~"APU*"}
rst -system
after 3000
targets -set -nocase -filter {name =~"APU*"}
reset_apu
targets -set -nocase -filter {name =~"RPU*"}
clear_rpu_reset
enable_split_mode
targets -set -filter {jtag_cable_name =~ "Enclustra GmbH Module Link enclustraA" && level==0 && jtag_device_ctx=="jsn-Module Link-enclustraA-04721093-0"}
fpga -file D:/Work/Vitis_workspace_FPGAVerification/ServoDrive_CB_FPGAVerification/_ide/bitstream/Mercury_XU5_PE1.bit
targets -set -nocase -filter {name =~"APU*"}
loadhw -hw D:/Work/Vitis_workspace_FPGAVerification/Mercury_XU5_PE1/export/Mercury_XU5_PE1/hw/Mercury_XU5_PE1.xsa -mem-ranges [list {0x80000000 0xbfffffff} {0x400000000 0x5ffffffff} {0x1000000000 0x7fffffffff}] -regs
configparams force-mem-access 1
targets -set -nocase -filter {name =~"APU*"}
source D:/Work/Vitis_workspace_FPGAVerification/ServoDrive_CB_FPGAVerification/_ide/psinit/psu_init.tcl
psu_init
source C:/Xilinx/Vitis/2023.1/scripts/vitis/util/fsbl.tcl
catch {XFsbl_DdrEccInit}
after 1000
psu_ps_pl_isolation_removal
after 1000
psu_ps_pl_reset_config
catch {psu_protection}
targets -set -nocase -filter {name =~ "*A53*#0"}
rst -processor
dow D:/Work/Vitis_workspace_FPGAVerification/ServoDrive_CB_FPGAVerification/Debug/ServoDrive_CB_FPGAVerification.elf
configparams force-mem-access 0
----------------End of Script----------------

13:49:48 INFO  : Context for processor 'psu_cortexa53_0' is selected.
13:49:48 INFO  : 'con' command is executed.
13:49:48 INFO  : ----------------XSDB Script (After Launch)----------------
targets -set -nocase -filter {name =~ "*A53*#0"}
con
----------------End of Script----------------

13:49:48 INFO  : Launch script is exported to file 'D:\Work\Vitis_workspace_FPGAVerification\ServoDrive_CB_FPGAVerification_system\_ide\scripts\debugger_servodrive_cb_fpgaverification-default.tcl'
16:13:15 DEBUG : Logs will be stored at 'D:/Work/Vitis_workspace_FPGAVerification/IDE.log'.
16:13:17 INFO  : Launching XSCT server: xsct.bat -n  -interactive D:\Work\Vitis_workspace_FPGAVerification\temp_xsdb_launch_script.tcl
16:13:19 INFO  : XSCT server has started successfully.
16:13:19 INFO  : plnx-install-location is set to ''
16:13:19 INFO  : Successfully done setting XSCT server connection channel  
16:13:19 INFO  : Successfully done setting workspace for the tool. 
16:13:23 INFO  : Platform repository initialization has completed.
16:13:52 INFO  : Registering command handlers for Vitis TCF services
16:13:53 INFO  : Successfully done query RDI_DATADIR 
16:15:02 INFO  : Hardware specification for platform project 'Mercury_XU5_PE1' is updated.
16:15:30 INFO  : Result from executing command 'getProjects': Mercury_XU5_PE1
16:15:30 INFO  : Result from executing command 'getPlatforms': Mercury_XU5_PE1|D:/Work/Vitis_workspace_FPGAVerification/Mercury_XU5_PE1/export/Mercury_XU5_PE1/Mercury_XU5_PE1.xpfm;xilinx_zcu102_base_202310_1|C:/Xilinx/Vitis/2023.1/base_platforms/xilinx_zcu102_base_202310_1/xilinx_zcu102_base_202310_1.xpfm;xilinx_zcu102_base_dfx_202310_1|C:/Xilinx/Vitis/2023.1/base_platforms/xilinx_zcu102_base_dfx_202310_1/xilinx_zcu102_base_dfx_202310_1.xpfm;xilinx_zcu104_base_202310_1|C:/Xilinx/Vitis/2023.1/base_platforms/xilinx_zcu104_base_202310_1/xilinx_zcu104_base_202310_1.xpfm
16:15:31 INFO  : Checking for BSP changes to sync application flags for project 'ServoDrive_CB_FPGAVerification'...
16:15:50 INFO  : The hardware specification used by project 'ServoDrive_CB_FPGAVerification' is out of sync with the platform. Resource files extracted from the hardware specification will be updated.
16:15:50 INFO  : The file 'D:\Work\Vitis_workspace_FPGAVerification\ServoDrive_CB_FPGAVerification\_ide\bitstream\Mercury_XU5_PE1.bit' stored in project is removed.
16:15:50 INFO  : The updated bitstream files are copied from platform to folder 'D:\Work\Vitis_workspace_FPGAVerification\ServoDrive_CB_FPGAVerification\_ide\bitstream' in project 'ServoDrive_CB_FPGAVerification'.
16:15:50 INFO  : The file 'D:\Work\Vitis_workspace_FPGAVerification\ServoDrive_CB_FPGAVerification\_ide\psinit\psu_init.tcl' stored in project is removed.
16:15:50 INFO  : The updated ps init files are copied from platform to folder 'D:\Work\Vitis_workspace_FPGAVerification\ServoDrive_CB_FPGAVerification\_ide\psinit' in project 'ServoDrive_CB_FPGAVerification'.
16:16:16 INFO  : Checking for BSP changes to sync application flags for project 'ServoDrive_CB_FPGAVerification'...
16:16:31 INFO  : Connected through redirection to target on host 'localhost' and port '3122'.
16:16:32 INFO  : Jtag cable 'Enclustra GmbH Module Link enclustraA' is selected.
16:16:32 INFO  : 'jtag frequency' command is executed.
16:16:32 INFO  : Sourcing of 'C:/Xilinx/Vitis/2023.1/scripts/vitis/util/zynqmp_utils.tcl' is done.
16:16:33 INFO  : Context for 'APU' is selected.
16:16:33 INFO  : System reset is completed.
16:16:36 INFO  : 'after 3000' command is executed.
16:16:37 INFO  : Context for 'APU' is selected.
16:16:37 INFO  : Cleared APU and A53 resets
16:16:37 INFO  : Context for 'RPU' is selected.
16:16:40 INFO  : Cleared RPU and R5 resets
16:16:40 INFO  : Split mode is enabled for R5#1
16:16:40 INFO  : 'targets -set -filter {jtag_cable_name =~ "Enclustra GmbH Module Link enclustraA" && level==0 && jtag_device_ctx=="jsn-Module Link-enclustraA-04721093-0"}' command is executed.
16:16:45 INFO  : Device configured successfully with "D:/Work/Vitis_workspace_FPGAVerification/ServoDrive_CB_FPGAVerification/_ide/bitstream/Mercury_XU5_PE1.bit"
16:16:45 INFO  : Context for 'APU' is selected.
16:16:46 INFO  : Hardware design and registers information is loaded from 'D:/Work/Vitis_workspace_FPGAVerification/Mercury_XU5_PE1/export/Mercury_XU5_PE1/hw/Mercury_XU5_PE1.xsa'.
16:16:46 INFO  : 'configparams force-mem-access 1' command is executed.
16:16:46 INFO  : Context for 'APU' is selected.
16:16:46 INFO  : Sourcing of 'D:/Work/Vitis_workspace_FPGAVerification/ServoDrive_CB_FPGAVerification/_ide/psinit/psu_init.tcl' is done.
16:16:46 INFO  : 'psu_init' command is executed.
16:16:46 INFO  : Sourcing of 'C:/Xilinx/Vitis/2023.1/scripts/vitis/util/fsbl.tcl' is done.
16:16:47 INFO  : 'catch {XFsbl_DdrEccInit}' command is executed.
16:16:48 INFO  : 'after 1000' command is executed.
16:16:48 INFO  : 'psu_ps_pl_isolation_removal' command is executed.
16:16:49 INFO  : 'after 1000' command is executed.
16:16:49 INFO  : 'psu_ps_pl_reset_config' command is executed.
16:16:49 INFO  : 'catch {psu_protection}' command is executed.
16:16:49 INFO  : Context for processor 'psu_cortexa53_0' is selected.
16:16:49 INFO  : Processor reset is completed for 'psu_cortexa53_0'.
16:16:54 INFO  : The application 'D:/Work/Vitis_workspace_FPGAVerification/ServoDrive_CB_FPGAVerification/Debug/ServoDrive_CB_FPGAVerification.elf' is downloaded to processor 'psu_cortexa53_0'.
16:16:54 INFO  : 'configparams force-mem-access 0' command is executed.
16:16:54 INFO  : ----------------XSDB Script----------------
connect -path [list tcp::1534 tcp:localhost:3122]
source C:/Xilinx/Vitis/2023.1/scripts/vitis/util/zynqmp_utils.tcl
targets -set -nocase -filter {name =~"APU*"}
rst -system
after 3000
targets -set -nocase -filter {name =~"APU*"}
reset_apu
targets -set -nocase -filter {name =~"RPU*"}
clear_rpu_reset
enable_split_mode
targets -set -filter {jtag_cable_name =~ "Enclustra GmbH Module Link enclustraA" && level==0 && jtag_device_ctx=="jsn-Module Link-enclustraA-04721093-0"}
fpga -file D:/Work/Vitis_workspace_FPGAVerification/ServoDrive_CB_FPGAVerification/_ide/bitstream/Mercury_XU5_PE1.bit
targets -set -nocase -filter {name =~"APU*"}
loadhw -hw D:/Work/Vitis_workspace_FPGAVerification/Mercury_XU5_PE1/export/Mercury_XU5_PE1/hw/Mercury_XU5_PE1.xsa -mem-ranges [list {0x80000000 0xbfffffff} {0x400000000 0x5ffffffff} {0x1000000000 0x7fffffffff}] -regs
configparams force-mem-access 1
targets -set -nocase -filter {name =~"APU*"}
source D:/Work/Vitis_workspace_FPGAVerification/ServoDrive_CB_FPGAVerification/_ide/psinit/psu_init.tcl
psu_init
source C:/Xilinx/Vitis/2023.1/scripts/vitis/util/fsbl.tcl
catch {XFsbl_DdrEccInit}
after 1000
psu_ps_pl_isolation_removal
after 1000
psu_ps_pl_reset_config
catch {psu_protection}
targets -set -nocase -filter {name =~ "*A53*#0"}
rst -processor
dow D:/Work/Vitis_workspace_FPGAVerification/ServoDrive_CB_FPGAVerification/Debug/ServoDrive_CB_FPGAVerification.elf
configparams force-mem-access 0
----------------End of Script----------------

16:16:54 INFO  : Context for processor 'psu_cortexa53_0' is selected.
16:16:54 INFO  : 'con' command is executed.
16:16:54 INFO  : ----------------XSDB Script (After Launch)----------------
targets -set -nocase -filter {name =~ "*A53*#0"}
con
----------------End of Script----------------

16:16:54 INFO  : Launch script is exported to file 'D:\Work\Vitis_workspace_FPGAVerification\ServoDrive_CB_FPGAVerification_system\_ide\scripts\debugger_servodrive_cb_fpgaverification-default.tcl'
16:18:01 INFO  : Checking for BSP changes to sync application flags for project 'ServoDrive_CB_FPGAVerification'...
16:18:14 INFO  : Disconnected from the channel tcfchan#3.
16:18:15 INFO  : Connected through redirection to target on host 'localhost' and port '3122'.
16:18:24 INFO  : ----------------XSDB Script----------------
connect -path [list tcp::1534 tcp:localhost:3122]
----------------End of Script----------------

16:18:24 ERROR : Could not find ARM device on the board for connection 'enclustra'.
Check if the target is in:
1. Split JTAG - No operations are possible with ARM DAP.
2. Non JTAG bootmode - Bootrom may need time to enable DAP.
Please try again.


Troubleshooting hints:
1. Check whether board is connected to system properly.
2. In case of zynq board, check whether Digilent/Xilinx cable switch settings are correct.
3. If you are using Xilinx Platform Cable USB, ensure that status LED is green.
16:18:29 INFO  : Checking for BSP changes to sync application flags for project 'ServoDrive_CB_FPGAVerification'...
16:18:36 INFO  : Connected through redirection to target on host 'localhost' and port '3122'.
16:18:36 INFO  : Jtag cable 'Enclustra GmbH Module Link enclustraA' is selected.
16:18:36 INFO  : 'jtag frequency' command is executed.
16:18:36 INFO  : Sourcing of 'C:/Xilinx/Vitis/2023.1/scripts/vitis/util/zynqmp_utils.tcl' is done.
16:18:36 INFO  : Context for 'APU' is selected.
16:18:36 INFO  : System reset is completed.
16:18:39 INFO  : 'after 3000' command is executed.
16:18:39 INFO  : Context for 'APU' is selected.
16:18:39 INFO  : Cleared APU and A53 resets
16:18:39 INFO  : Context for 'RPU' is selected.
16:18:43 INFO  : Cleared RPU and R5 resets
16:18:43 INFO  : Split mode is enabled for R5#1
16:18:43 INFO  : 'targets -set -filter {jtag_cable_name =~ "Enclustra GmbH Module Link enclustraA" && level==0 && jtag_device_ctx=="jsn-Module Link-enclustraA-04721093-0"}' command is executed.
16:18:47 INFO  : Device configured successfully with "D:/Work/Vitis_workspace_FPGAVerification/ServoDrive_CB_FPGAVerification/_ide/bitstream/Mercury_XU5_PE1.bit"
16:18:47 INFO  : Context for 'APU' is selected.
16:18:47 INFO  : Hardware design and registers information is loaded from 'D:/Work/Vitis_workspace_FPGAVerification/Mercury_XU5_PE1/export/Mercury_XU5_PE1/hw/Mercury_XU5_PE1.xsa'.
16:18:47 INFO  : 'configparams force-mem-access 1' command is executed.
16:18:47 INFO  : Context for 'APU' is selected.
16:18:47 INFO  : Sourcing of 'D:/Work/Vitis_workspace_FPGAVerification/ServoDrive_CB_FPGAVerification/_ide/psinit/psu_init.tcl' is done.
16:18:48 INFO  : 'psu_init' command is executed.
16:18:48 INFO  : Sourcing of 'C:/Xilinx/Vitis/2023.1/scripts/vitis/util/fsbl.tcl' is done.
16:18:49 INFO  : 'catch {XFsbl_DdrEccInit}' command is executed.
16:18:50 INFO  : 'after 1000' command is executed.
16:18:50 INFO  : 'psu_ps_pl_isolation_removal' command is executed.
16:18:51 INFO  : 'after 1000' command is executed.
16:18:51 INFO  : 'psu_ps_pl_reset_config' command is executed.
16:18:51 INFO  : 'catch {psu_protection}' command is executed.
16:18:51 INFO  : Context for processor 'psu_cortexa53_0' is selected.
16:18:51 INFO  : Processor reset is completed for 'psu_cortexa53_0'.
16:18:55 INFO  : The application 'D:/Work/Vitis_workspace_FPGAVerification/ServoDrive_CB_FPGAVerification/Debug/ServoDrive_CB_FPGAVerification.elf' is downloaded to processor 'psu_cortexa53_0'.
16:18:55 INFO  : 'configparams force-mem-access 0' command is executed.
16:18:55 INFO  : ----------------XSDB Script----------------
connect -path [list tcp::1534 tcp:localhost:3122]
source C:/Xilinx/Vitis/2023.1/scripts/vitis/util/zynqmp_utils.tcl
targets -set -nocase -filter {name =~"APU*"}
rst -system
after 3000
targets -set -nocase -filter {name =~"APU*"}
reset_apu
targets -set -nocase -filter {name =~"RPU*"}
clear_rpu_reset
enable_split_mode
targets -set -filter {jtag_cable_name =~ "Enclustra GmbH Module Link enclustraA" && level==0 && jtag_device_ctx=="jsn-Module Link-enclustraA-04721093-0"}
fpga -file D:/Work/Vitis_workspace_FPGAVerification/ServoDrive_CB_FPGAVerification/_ide/bitstream/Mercury_XU5_PE1.bit
targets -set -nocase -filter {name =~"APU*"}
loadhw -hw D:/Work/Vitis_workspace_FPGAVerification/Mercury_XU5_PE1/export/Mercury_XU5_PE1/hw/Mercury_XU5_PE1.xsa -mem-ranges [list {0x80000000 0xbfffffff} {0x400000000 0x5ffffffff} {0x1000000000 0x7fffffffff}] -regs
configparams force-mem-access 1
targets -set -nocase -filter {name =~"APU*"}
source D:/Work/Vitis_workspace_FPGAVerification/ServoDrive_CB_FPGAVerification/_ide/psinit/psu_init.tcl
psu_init
source C:/Xilinx/Vitis/2023.1/scripts/vitis/util/fsbl.tcl
catch {XFsbl_DdrEccInit}
after 1000
psu_ps_pl_isolation_removal
after 1000
psu_ps_pl_reset_config
catch {psu_protection}
targets -set -nocase -filter {name =~ "*A53*#0"}
rst -processor
dow D:/Work/Vitis_workspace_FPGAVerification/ServoDrive_CB_FPGAVerification/Debug/ServoDrive_CB_FPGAVerification.elf
configparams force-mem-access 0
----------------End of Script----------------

16:18:55 INFO  : Context for processor 'psu_cortexa53_0' is selected.
16:18:55 INFO  : 'con' command is executed.
16:18:55 INFO  : ----------------XSDB Script (After Launch)----------------
targets -set -nocase -filter {name =~ "*A53*#0"}
con
----------------End of Script----------------

16:18:55 INFO  : Launch script is exported to file 'D:\Work\Vitis_workspace_FPGAVerification\ServoDrive_CB_FPGAVerification_system\_ide\scripts\debugger_servodrive_cb_fpgaverification-default.tcl'
10:03:30 INFO  : Hardware specification for platform project 'Mercury_XU5_PE1' is updated.
10:04:02 INFO  : Result from executing command 'getProjects': Mercury_XU5_PE1
10:04:02 INFO  : Result from executing command 'getPlatforms': Mercury_XU5_PE1|D:/Work/Vitis_workspace_FPGAVerification/Mercury_XU5_PE1/export/Mercury_XU5_PE1/Mercury_XU5_PE1.xpfm;xilinx_zcu102_base_202310_1|C:/Xilinx/Vitis/2023.1/base_platforms/xilinx_zcu102_base_202310_1/xilinx_zcu102_base_202310_1.xpfm;xilinx_zcu102_base_dfx_202310_1|C:/Xilinx/Vitis/2023.1/base_platforms/xilinx_zcu102_base_dfx_202310_1/xilinx_zcu102_base_dfx_202310_1.xpfm;xilinx_zcu104_base_202310_1|C:/Xilinx/Vitis/2023.1/base_platforms/xilinx_zcu104_base_202310_1/xilinx_zcu104_base_202310_1.xpfm
10:04:03 INFO  : Checking for BSP changes to sync application flags for project 'ServoDrive_CB_FPGAVerification'...
10:04:21 INFO  : The hardware specification used by project 'ServoDrive_CB_FPGAVerification' is out of sync with the platform. Resource files extracted from the hardware specification will be updated.
10:04:21 INFO  : The file 'D:\Work\Vitis_workspace_FPGAVerification\ServoDrive_CB_FPGAVerification\_ide\bitstream\Mercury_XU5_PE1.bit' stored in project is removed.
10:04:21 INFO  : The updated bitstream files are copied from platform to folder 'D:\Work\Vitis_workspace_FPGAVerification\ServoDrive_CB_FPGAVerification\_ide\bitstream' in project 'ServoDrive_CB_FPGAVerification'.
10:04:21 INFO  : The file 'D:\Work\Vitis_workspace_FPGAVerification\ServoDrive_CB_FPGAVerification\_ide\psinit\psu_init.tcl' stored in project is removed.
10:04:22 INFO  : The updated ps init files are copied from platform to folder 'D:\Work\Vitis_workspace_FPGAVerification\ServoDrive_CB_FPGAVerification\_ide\psinit' in project 'ServoDrive_CB_FPGAVerification'.
10:05:05 INFO  : Checking for BSP changes to sync application flags for project 'ServoDrive_CB_FPGAVerification'...
10:05:57 INFO  : Checking for BSP changes to sync application flags for project 'ServoDrive_CB_FPGAVerification'...
10:06:16 INFO  : Disconnected from the channel tcfchan#4.
10:06:17 INFO  : Connected through redirection to target on host 'localhost' and port '3122'.
10:06:18 INFO  : Jtag cable 'Enclustra GmbH Module Link enclustraA' is selected.
10:06:18 INFO  : 'jtag frequency' command is executed.
10:06:18 INFO  : Sourcing of 'C:/Xilinx/Vitis/2023.1/scripts/vitis/util/zynqmp_utils.tcl' is done.
10:06:18 INFO  : Context for 'APU' is selected.
10:06:18 INFO  : System reset is completed.
10:06:21 INFO  : 'after 3000' command is executed.
10:06:21 INFO  : Context for 'APU' is selected.
10:06:21 INFO  : Cleared APU and A53 resets
10:06:21 INFO  : Context for 'RPU' is selected.
10:06:25 INFO  : Cleared RPU and R5 resets
10:06:25 INFO  : Split mode is enabled for R5#1
10:06:25 INFO  : 'targets -set -filter {jtag_cable_name =~ "Enclustra GmbH Module Link enclustraA" && level==0 && jtag_device_ctx=="jsn-Module Link-enclustraA-04721093-0"}' command is executed.
10:06:29 INFO  : Device configured successfully with "D:/Work/Vitis_workspace_FPGAVerification/ServoDrive_CB_FPGAVerification/_ide/bitstream/Mercury_XU5_PE1.bit"
10:06:29 INFO  : Context for 'APU' is selected.
10:06:29 INFO  : Hardware design and registers information is loaded from 'D:/Work/Vitis_workspace_FPGAVerification/Mercury_XU5_PE1/export/Mercury_XU5_PE1/hw/Mercury_XU5_PE1.xsa'.
10:06:29 INFO  : 'configparams force-mem-access 1' command is executed.
10:06:29 INFO  : Context for 'APU' is selected.
10:06:29 INFO  : Sourcing of 'D:/Work/Vitis_workspace_FPGAVerification/ServoDrive_CB_FPGAVerification/_ide/psinit/psu_init.tcl' is done.
10:06:30 INFO  : 'psu_init' command is executed.
10:06:30 INFO  : Sourcing of 'C:/Xilinx/Vitis/2023.1/scripts/vitis/util/fsbl.tcl' is done.
10:06:31 INFO  : 'catch {XFsbl_DdrEccInit}' command is executed.
10:06:32 INFO  : 'after 1000' command is executed.
10:06:32 INFO  : 'psu_ps_pl_isolation_removal' command is executed.
10:06:33 INFO  : 'after 1000' command is executed.
10:06:33 INFO  : 'psu_ps_pl_reset_config' command is executed.
10:06:33 INFO  : 'catch {psu_protection}' command is executed.
10:06:33 INFO  : Context for processor 'psu_cortexa53_0' is selected.
10:06:33 INFO  : Processor reset is completed for 'psu_cortexa53_0'.
10:06:38 INFO  : The application 'D:/Work/Vitis_workspace_FPGAVerification/ServoDrive_CB_FPGAVerification/Debug/ServoDrive_CB_FPGAVerification.elf' is downloaded to processor 'psu_cortexa53_0'.
10:06:38 INFO  : 'configparams force-mem-access 0' command is executed.
10:06:38 INFO  : ----------------XSDB Script----------------
connect -path [list tcp::1534 tcp:localhost:3122]
source C:/Xilinx/Vitis/2023.1/scripts/vitis/util/zynqmp_utils.tcl
targets -set -nocase -filter {name =~"APU*"}
rst -system
after 3000
targets -set -nocase -filter {name =~"APU*"}
reset_apu
targets -set -nocase -filter {name =~"RPU*"}
clear_rpu_reset
enable_split_mode
targets -set -filter {jtag_cable_name =~ "Enclustra GmbH Module Link enclustraA" && level==0 && jtag_device_ctx=="jsn-Module Link-enclustraA-04721093-0"}
fpga -file D:/Work/Vitis_workspace_FPGAVerification/ServoDrive_CB_FPGAVerification/_ide/bitstream/Mercury_XU5_PE1.bit
targets -set -nocase -filter {name =~"APU*"}
loadhw -hw D:/Work/Vitis_workspace_FPGAVerification/Mercury_XU5_PE1/export/Mercury_XU5_PE1/hw/Mercury_XU5_PE1.xsa -mem-ranges [list {0x80000000 0xbfffffff} {0x400000000 0x5ffffffff} {0x1000000000 0x7fffffffff}] -regs
configparams force-mem-access 1
targets -set -nocase -filter {name =~"APU*"}
source D:/Work/Vitis_workspace_FPGAVerification/ServoDrive_CB_FPGAVerification/_ide/psinit/psu_init.tcl
psu_init
source C:/Xilinx/Vitis/2023.1/scripts/vitis/util/fsbl.tcl
catch {XFsbl_DdrEccInit}
after 1000
psu_ps_pl_isolation_removal
after 1000
psu_ps_pl_reset_config
catch {psu_protection}
targets -set -nocase -filter {name =~ "*A53*#0"}
rst -processor
dow D:/Work/Vitis_workspace_FPGAVerification/ServoDrive_CB_FPGAVerification/Debug/ServoDrive_CB_FPGAVerification.elf
configparams force-mem-access 0
----------------End of Script----------------

10:06:38 INFO  : Context for processor 'psu_cortexa53_0' is selected.
10:06:38 INFO  : 'con' command is executed.
10:06:38 INFO  : ----------------XSDB Script (After Launch)----------------
targets -set -nocase -filter {name =~ "*A53*#0"}
con
----------------End of Script----------------

10:06:38 INFO  : Launch script is exported to file 'D:\Work\Vitis_workspace_FPGAVerification\ServoDrive_CB_FPGAVerification_system\_ide\scripts\debugger_servodrive_cb_fpgaverification-default.tcl'
10:13:39 INFO  : Checking for BSP changes to sync application flags for project 'ServoDrive_CB_FPGAVerification'...
10:13:53 INFO  : Disconnected from the channel tcfchan#7.
10:13:54 INFO  : Connected through redirection to target on host 'localhost' and port '3122'.
10:14:03 INFO  : ----------------XSDB Script----------------
connect -path [list tcp::1534 tcp:localhost:3122]
----------------End of Script----------------

10:14:03 ERROR : Could not find ARM device on the board for connection 'enclustra'.
Check if the target is in:
1. Split JTAG - No operations are possible with ARM DAP.
2. Non JTAG bootmode - Bootrom may need time to enable DAP.
Please try again.


Troubleshooting hints:
1. Check whether board is connected to system properly.
2. In case of zynq board, check whether Digilent/Xilinx cable switch settings are correct.
3. If you are using Xilinx Platform Cable USB, ensure that status LED is green.
10:14:17 INFO  : Connected through redirection to target on host 'localhost' and port '3122'.
10:14:17 INFO  : Jtag cable 'Enclustra GmbH Module Link enclustraA' is selected.
10:14:17 INFO  : 'jtag frequency' command is executed.
10:14:17 INFO  : Sourcing of 'C:/Xilinx/Vitis/2023.1/scripts/vitis/util/zynqmp_utils.tcl' is done.
10:14:17 INFO  : Context for 'APU' is selected.
10:14:18 INFO  : System reset is completed.
10:14:21 INFO  : 'after 3000' command is executed.
10:14:21 INFO  : Context for 'APU' is selected.
10:14:21 INFO  : Cleared APU and A53 resets
10:14:21 INFO  : Context for 'RPU' is selected.
10:14:24 INFO  : Cleared RPU and R5 resets
10:14:24 INFO  : Split mode is enabled for R5#1
10:14:24 INFO  : 'targets -set -filter {jtag_cable_name =~ "Enclustra GmbH Module Link enclustraA" && level==0 && jtag_device_ctx=="jsn-Module Link-enclustraA-04721093-0"}' command is executed.
10:14:29 INFO  : Device configured successfully with "D:/Work/Vitis_workspace_FPGAVerification/ServoDrive_CB_FPGAVerification/_ide/bitstream/Mercury_XU5_PE1.bit"
10:14:29 INFO  : Context for 'APU' is selected.
10:14:29 INFO  : Hardware design and registers information is loaded from 'D:/Work/Vitis_workspace_FPGAVerification/Mercury_XU5_PE1/export/Mercury_XU5_PE1/hw/Mercury_XU5_PE1.xsa'.
10:14:29 INFO  : 'configparams force-mem-access 1' command is executed.
10:14:29 INFO  : Context for 'APU' is selected.
10:14:29 INFO  : Sourcing of 'D:/Work/Vitis_workspace_FPGAVerification/ServoDrive_CB_FPGAVerification/_ide/psinit/psu_init.tcl' is done.
10:14:30 INFO  : 'psu_init' command is executed.
10:14:30 INFO  : Sourcing of 'C:/Xilinx/Vitis/2023.1/scripts/vitis/util/fsbl.tcl' is done.
10:14:30 INFO  : 'catch {XFsbl_DdrEccInit}' command is executed.
10:14:31 INFO  : 'after 1000' command is executed.
10:14:31 INFO  : 'psu_ps_pl_isolation_removal' command is executed.
10:14:32 INFO  : 'after 1000' command is executed.
10:14:32 INFO  : 'psu_ps_pl_reset_config' command is executed.
10:14:32 INFO  : 'catch {psu_protection}' command is executed.
10:14:33 INFO  : Context for processor 'psu_cortexa53_0' is selected.
10:14:33 INFO  : Processor reset is completed for 'psu_cortexa53_0'.
10:14:37 INFO  : The application 'D:/Work/Vitis_workspace_FPGAVerification/ServoDrive_CB_FPGAVerification/Debug/ServoDrive_CB_FPGAVerification.elf' is downloaded to processor 'psu_cortexa53_0'.
10:14:37 INFO  : 'configparams force-mem-access 0' command is executed.
10:14:37 INFO  : ----------------XSDB Script----------------
connect -path [list tcp::1534 tcp:localhost:3122]
source C:/Xilinx/Vitis/2023.1/scripts/vitis/util/zynqmp_utils.tcl
targets -set -nocase -filter {name =~"APU*"}
rst -system
after 3000
targets -set -nocase -filter {name =~"APU*"}
reset_apu
targets -set -nocase -filter {name =~"RPU*"}
clear_rpu_reset
enable_split_mode
targets -set -filter {jtag_cable_name =~ "Enclustra GmbH Module Link enclustraA" && level==0 && jtag_device_ctx=="jsn-Module Link-enclustraA-04721093-0"}
fpga -file D:/Work/Vitis_workspace_FPGAVerification/ServoDrive_CB_FPGAVerification/_ide/bitstream/Mercury_XU5_PE1.bit
targets -set -nocase -filter {name =~"APU*"}
loadhw -hw D:/Work/Vitis_workspace_FPGAVerification/Mercury_XU5_PE1/export/Mercury_XU5_PE1/hw/Mercury_XU5_PE1.xsa -mem-ranges [list {0x80000000 0xbfffffff} {0x400000000 0x5ffffffff} {0x1000000000 0x7fffffffff}] -regs
configparams force-mem-access 1
targets -set -nocase -filter {name =~"APU*"}
source D:/Work/Vitis_workspace_FPGAVerification/ServoDrive_CB_FPGAVerification/_ide/psinit/psu_init.tcl
psu_init
source C:/Xilinx/Vitis/2023.1/scripts/vitis/util/fsbl.tcl
catch {XFsbl_DdrEccInit}
after 1000
psu_ps_pl_isolation_removal
after 1000
psu_ps_pl_reset_config
catch {psu_protection}
targets -set -nocase -filter {name =~ "*A53*#0"}
rst -processor
dow D:/Work/Vitis_workspace_FPGAVerification/ServoDrive_CB_FPGAVerification/Debug/ServoDrive_CB_FPGAVerification.elf
configparams force-mem-access 0
----------------End of Script----------------

10:14:37 INFO  : Context for processor 'psu_cortexa53_0' is selected.
10:14:37 INFO  : 'con' command is executed.
10:14:37 INFO  : ----------------XSDB Script (After Launch)----------------
targets -set -nocase -filter {name =~ "*A53*#0"}
con
----------------End of Script----------------

10:14:37 INFO  : Launch script is exported to file 'D:\Work\Vitis_workspace_FPGAVerification\ServoDrive_CB_FPGAVerification_system\_ide\scripts\debugger_servodrive_cb_fpgaverification-default.tcl'
10:52:48 INFO  : Hardware specification for platform project 'Mercury_XU5_PE1' is updated.
10:53:16 INFO  : Result from executing command 'getProjects': Mercury_XU5_PE1
10:53:16 INFO  : Result from executing command 'getPlatforms': Mercury_XU5_PE1|D:/Work/Vitis_workspace_FPGAVerification/Mercury_XU5_PE1/export/Mercury_XU5_PE1/Mercury_XU5_PE1.xpfm;xilinx_zcu102_base_202310_1|C:/Xilinx/Vitis/2023.1/base_platforms/xilinx_zcu102_base_202310_1/xilinx_zcu102_base_202310_1.xpfm;xilinx_zcu102_base_dfx_202310_1|C:/Xilinx/Vitis/2023.1/base_platforms/xilinx_zcu102_base_dfx_202310_1/xilinx_zcu102_base_dfx_202310_1.xpfm;xilinx_zcu104_base_202310_1|C:/Xilinx/Vitis/2023.1/base_platforms/xilinx_zcu104_base_202310_1/xilinx_zcu104_base_202310_1.xpfm
10:53:17 INFO  : Checking for BSP changes to sync application flags for project 'ServoDrive_CB_FPGAVerification'...
10:53:40 INFO  : The hardware specification used by project 'ServoDrive_CB_FPGAVerification' is out of sync with the platform. Resource files extracted from the hardware specification will be updated.
10:53:40 INFO  : The file 'D:\Work\Vitis_workspace_FPGAVerification\ServoDrive_CB_FPGAVerification\_ide\bitstream\Mercury_XU5_PE1.bit' stored in project is removed.
10:53:40 INFO  : The updated bitstream files are copied from platform to folder 'D:\Work\Vitis_workspace_FPGAVerification\ServoDrive_CB_FPGAVerification\_ide\bitstream' in project 'ServoDrive_CB_FPGAVerification'.
10:53:40 INFO  : The file 'D:\Work\Vitis_workspace_FPGAVerification\ServoDrive_CB_FPGAVerification\_ide\psinit\psu_init.tcl' stored in project is removed.
10:53:41 INFO  : The updated ps init files are copied from platform to folder 'D:\Work\Vitis_workspace_FPGAVerification\ServoDrive_CB_FPGAVerification\_ide\psinit' in project 'ServoDrive_CB_FPGAVerification'.
10:55:34 INFO  : Checking for BSP changes to sync application flags for project 'ServoDrive_CB_FPGAVerification'...
10:55:57 INFO  : Disconnected from the channel tcfchan#8.
10:55:58 INFO  : Connected through redirection to target on host 'localhost' and port '3122'.
10:56:00 INFO  : Jtag cable 'Enclustra GmbH Module Link enclustraA' is selected.
10:56:00 INFO  : 'jtag frequency' command is executed.
10:56:00 INFO  : Sourcing of 'C:/Xilinx/Vitis/2023.1/scripts/vitis/util/zynqmp_utils.tcl' is done.
10:56:00 INFO  : Context for 'APU' is selected.
10:56:00 INFO  : System reset is completed.
10:56:03 INFO  : 'after 3000' command is executed.
10:56:03 INFO  : Context for 'APU' is selected.
10:56:03 INFO  : Cleared APU and A53 resets
10:56:03 INFO  : Context for 'RPU' is selected.
10:56:06 INFO  : Cleared RPU and R5 resets
10:56:06 INFO  : Split mode is enabled for R5#1
10:56:07 INFO  : 'targets -set -filter {jtag_cable_name =~ "Enclustra GmbH Module Link enclustraA" && level==0 && jtag_device_ctx=="jsn-Module Link-enclustraA-04721093-0"}' command is executed.
10:56:11 INFO  : Device configured successfully with "D:/Work/Vitis_workspace_FPGAVerification/ServoDrive_CB_FPGAVerification/_ide/bitstream/Mercury_XU5_PE1.bit"
10:56:11 INFO  : Context for 'APU' is selected.
10:56:11 INFO  : Hardware design and registers information is loaded from 'D:/Work/Vitis_workspace_FPGAVerification/Mercury_XU5_PE1/export/Mercury_XU5_PE1/hw/Mercury_XU5_PE1.xsa'.
10:56:11 INFO  : 'configparams force-mem-access 1' command is executed.
10:56:11 INFO  : Context for 'APU' is selected.
10:56:11 INFO  : Sourcing of 'D:/Work/Vitis_workspace_FPGAVerification/ServoDrive_CB_FPGAVerification/_ide/psinit/psu_init.tcl' is done.
10:56:12 INFO  : 'psu_init' command is executed.
10:56:12 INFO  : Sourcing of 'C:/Xilinx/Vitis/2023.1/scripts/vitis/util/fsbl.tcl' is done.
10:56:13 INFO  : 'catch {XFsbl_DdrEccInit}' command is executed.
10:56:14 INFO  : 'after 1000' command is executed.
10:56:14 INFO  : 'psu_ps_pl_isolation_removal' command is executed.
10:56:15 INFO  : 'after 1000' command is executed.
10:56:15 INFO  : 'psu_ps_pl_reset_config' command is executed.
10:56:15 INFO  : 'catch {psu_protection}' command is executed.
10:56:15 INFO  : Context for processor 'psu_cortexa53_0' is selected.
10:56:15 INFO  : Processor reset is completed for 'psu_cortexa53_0'.
10:56:20 INFO  : The application 'D:/Work/Vitis_workspace_FPGAVerification/ServoDrive_CB_FPGAVerification/Debug/ServoDrive_CB_FPGAVerification.elf' is downloaded to processor 'psu_cortexa53_0'.
10:56:20 INFO  : 'configparams force-mem-access 0' command is executed.
10:56:20 INFO  : ----------------XSDB Script----------------
connect -path [list tcp::1534 tcp:localhost:3122]
source C:/Xilinx/Vitis/2023.1/scripts/vitis/util/zynqmp_utils.tcl
targets -set -nocase -filter {name =~"APU*"}
rst -system
after 3000
targets -set -nocase -filter {name =~"APU*"}
reset_apu
targets -set -nocase -filter {name =~"RPU*"}
clear_rpu_reset
enable_split_mode
targets -set -filter {jtag_cable_name =~ "Enclustra GmbH Module Link enclustraA" && level==0 && jtag_device_ctx=="jsn-Module Link-enclustraA-04721093-0"}
fpga -file D:/Work/Vitis_workspace_FPGAVerification/ServoDrive_CB_FPGAVerification/_ide/bitstream/Mercury_XU5_PE1.bit
targets -set -nocase -filter {name =~"APU*"}
loadhw -hw D:/Work/Vitis_workspace_FPGAVerification/Mercury_XU5_PE1/export/Mercury_XU5_PE1/hw/Mercury_XU5_PE1.xsa -mem-ranges [list {0x80000000 0xbfffffff} {0x400000000 0x5ffffffff} {0x1000000000 0x7fffffffff}] -regs
configparams force-mem-access 1
targets -set -nocase -filter {name =~"APU*"}
source D:/Work/Vitis_workspace_FPGAVerification/ServoDrive_CB_FPGAVerification/_ide/psinit/psu_init.tcl
psu_init
source C:/Xilinx/Vitis/2023.1/scripts/vitis/util/fsbl.tcl
catch {XFsbl_DdrEccInit}
after 1000
psu_ps_pl_isolation_removal
after 1000
psu_ps_pl_reset_config
catch {psu_protection}
targets -set -nocase -filter {name =~ "*A53*#0"}
rst -processor
dow D:/Work/Vitis_workspace_FPGAVerification/ServoDrive_CB_FPGAVerification/Debug/ServoDrive_CB_FPGAVerification.elf
configparams force-mem-access 0
----------------End of Script----------------

10:56:20 INFO  : Context for processor 'psu_cortexa53_0' is selected.
10:56:20 INFO  : 'con' command is executed.
10:56:20 INFO  : ----------------XSDB Script (After Launch)----------------
targets -set -nocase -filter {name =~ "*A53*#0"}
con
----------------End of Script----------------

10:56:20 INFO  : Launch script is exported to file 'D:\Work\Vitis_workspace_FPGAVerification\ServoDrive_CB_FPGAVerification_system\_ide\scripts\debugger_servodrive_cb_fpgaverification-default.tcl'
10:59:42 INFO  : Checking for BSP changes to sync application flags for project 'ServoDrive_CB_FPGAVerification'...
10:59:56 INFO  : Disconnected from the channel tcfchan#11.
10:59:57 INFO  : Connected through redirection to target on host 'localhost' and port '3122'.
10:59:57 INFO  : Jtag cable 'Enclustra GmbH Module Link enclustraA' is selected.
10:59:57 INFO  : 'jtag frequency' command is executed.
10:59:57 INFO  : Sourcing of 'C:/Xilinx/Vitis/2023.1/scripts/vitis/util/zynqmp_utils.tcl' is done.
10:59:57 INFO  : Context for 'APU' is selected.
10:59:58 INFO  : System reset is completed.
11:00:01 INFO  : 'after 3000' command is executed.
11:00:01 INFO  : Context for 'APU' is selected.
11:00:01 INFO  : Cleared APU and A53 resets
11:00:01 INFO  : Context for 'RPU' is selected.
11:00:04 INFO  : Cleared RPU and R5 resets
11:00:04 INFO  : Split mode is enabled for R5#1
11:00:04 INFO  : 'targets -set -filter {jtag_cable_name =~ "Enclustra GmbH Module Link enclustraA" && level==0 && jtag_device_ctx=="jsn-Module Link-enclustraA-04721093-0"}' command is executed.
11:00:09 INFO  : Device configured successfully with "D:/Work/Vitis_workspace_FPGAVerification/ServoDrive_CB_FPGAVerification/_ide/bitstream/Mercury_XU5_PE1.bit"
11:00:09 INFO  : Context for 'APU' is selected.
11:00:09 INFO  : Hardware design and registers information is loaded from 'D:/Work/Vitis_workspace_FPGAVerification/Mercury_XU5_PE1/export/Mercury_XU5_PE1/hw/Mercury_XU5_PE1.xsa'.
11:00:09 INFO  : 'configparams force-mem-access 1' command is executed.
11:00:09 INFO  : Context for 'APU' is selected.
11:00:09 INFO  : Sourcing of 'D:/Work/Vitis_workspace_FPGAVerification/ServoDrive_CB_FPGAVerification/_ide/psinit/psu_init.tcl' is done.
11:00:10 INFO  : 'psu_init' command is executed.
11:00:10 INFO  : Sourcing of 'C:/Xilinx/Vitis/2023.1/scripts/vitis/util/fsbl.tcl' is done.
11:00:11 INFO  : 'catch {XFsbl_DdrEccInit}' command is executed.
11:00:12 INFO  : 'after 1000' command is executed.
11:00:12 INFO  : 'psu_ps_pl_isolation_removal' command is executed.
11:00:13 INFO  : 'after 1000' command is executed.
11:00:13 INFO  : 'psu_ps_pl_reset_config' command is executed.
11:00:13 INFO  : 'catch {psu_protection}' command is executed.
11:00:13 INFO  : Context for processor 'psu_cortexa53_0' is selected.
11:00:13 INFO  : Processor reset is completed for 'psu_cortexa53_0'.
11:00:18 INFO  : The application 'D:/Work/Vitis_workspace_FPGAVerification/ServoDrive_CB_FPGAVerification/Debug/ServoDrive_CB_FPGAVerification.elf' is downloaded to processor 'psu_cortexa53_0'.
11:00:18 INFO  : 'configparams force-mem-access 0' command is executed.
11:00:18 INFO  : ----------------XSDB Script----------------
connect -path [list tcp::1534 tcp:localhost:3122]
source C:/Xilinx/Vitis/2023.1/scripts/vitis/util/zynqmp_utils.tcl
targets -set -nocase -filter {name =~"APU*"}
rst -system
after 3000
targets -set -nocase -filter {name =~"APU*"}
reset_apu
targets -set -nocase -filter {name =~"RPU*"}
clear_rpu_reset
enable_split_mode
targets -set -filter {jtag_cable_name =~ "Enclustra GmbH Module Link enclustraA" && level==0 && jtag_device_ctx=="jsn-Module Link-enclustraA-04721093-0"}
fpga -file D:/Work/Vitis_workspace_FPGAVerification/ServoDrive_CB_FPGAVerification/_ide/bitstream/Mercury_XU5_PE1.bit
targets -set -nocase -filter {name =~"APU*"}
loadhw -hw D:/Work/Vitis_workspace_FPGAVerification/Mercury_XU5_PE1/export/Mercury_XU5_PE1/hw/Mercury_XU5_PE1.xsa -mem-ranges [list {0x80000000 0xbfffffff} {0x400000000 0x5ffffffff} {0x1000000000 0x7fffffffff}] -regs
configparams force-mem-access 1
targets -set -nocase -filter {name =~"APU*"}
source D:/Work/Vitis_workspace_FPGAVerification/ServoDrive_CB_FPGAVerification/_ide/psinit/psu_init.tcl
psu_init
source C:/Xilinx/Vitis/2023.1/scripts/vitis/util/fsbl.tcl
catch {XFsbl_DdrEccInit}
after 1000
psu_ps_pl_isolation_removal
after 1000
psu_ps_pl_reset_config
catch {psu_protection}
targets -set -nocase -filter {name =~ "*A53*#0"}
rst -processor
dow D:/Work/Vitis_workspace_FPGAVerification/ServoDrive_CB_FPGAVerification/Debug/ServoDrive_CB_FPGAVerification.elf
configparams force-mem-access 0
----------------End of Script----------------

11:00:19 INFO  : Context for processor 'psu_cortexa53_0' is selected.
11:00:19 INFO  : 'con' command is executed.
11:00:19 INFO  : ----------------XSDB Script (After Launch)----------------
targets -set -nocase -filter {name =~ "*A53*#0"}
con
----------------End of Script----------------

11:00:19 INFO  : Launch script is exported to file 'D:\Work\Vitis_workspace_FPGAVerification\ServoDrive_CB_FPGAVerification_system\_ide\scripts\debugger_servodrive_cb_fpgaverification-default.tcl'
11:02:14 INFO  : Checking for BSP changes to sync application flags for project 'ServoDrive_CB_FPGAVerification'...
11:02:24 INFO  : Disconnected from the channel tcfchan#12.
11:02:25 INFO  : Connected through redirection to target on host 'localhost' and port '3122'.
11:02:26 INFO  : Jtag cable 'Enclustra GmbH Module Link enclustraA' is selected.
11:02:26 INFO  : 'jtag frequency' command is executed.
11:02:26 INFO  : Sourcing of 'C:/Xilinx/Vitis/2023.1/scripts/vitis/util/zynqmp_utils.tcl' is done.
11:02:26 INFO  : Context for 'APU' is selected.
11:02:26 INFO  : System reset is completed.
11:02:29 INFO  : 'after 3000' command is executed.
11:02:29 INFO  : Context for 'APU' is selected.
11:02:29 INFO  : Cleared APU and A53 resets
11:02:29 INFO  : Context for 'RPU' is selected.
11:02:32 INFO  : Cleared RPU and R5 resets
11:02:32 INFO  : Split mode is enabled for R5#1
11:02:32 INFO  : 'targets -set -filter {jtag_cable_name =~ "Enclustra GmbH Module Link enclustraA" && level==0 && jtag_device_ctx=="jsn-Module Link-enclustraA-04721093-0"}' command is executed.
11:02:37 INFO  : Device configured successfully with "D:/Work/Vitis_workspace_FPGAVerification/ServoDrive_CB_FPGAVerification/_ide/bitstream/Mercury_XU5_PE1.bit"
11:02:37 INFO  : Context for 'APU' is selected.
11:02:37 INFO  : Hardware design and registers information is loaded from 'D:/Work/Vitis_workspace_FPGAVerification/Mercury_XU5_PE1/export/Mercury_XU5_PE1/hw/Mercury_XU5_PE1.xsa'.
11:02:37 INFO  : 'configparams force-mem-access 1' command is executed.
11:02:37 INFO  : Context for 'APU' is selected.
11:02:37 INFO  : Sourcing of 'D:/Work/Vitis_workspace_FPGAVerification/ServoDrive_CB_FPGAVerification/_ide/psinit/psu_init.tcl' is done.
11:02:38 INFO  : 'psu_init' command is executed.
11:02:38 INFO  : Sourcing of 'C:/Xilinx/Vitis/2023.1/scripts/vitis/util/fsbl.tcl' is done.
11:02:39 INFO  : 'catch {XFsbl_DdrEccInit}' command is executed.
11:02:40 INFO  : 'after 1000' command is executed.
11:02:40 INFO  : 'psu_ps_pl_isolation_removal' command is executed.
11:02:41 INFO  : 'after 1000' command is executed.
11:02:41 INFO  : 'psu_ps_pl_reset_config' command is executed.
11:02:41 INFO  : 'catch {psu_protection}' command is executed.
11:02:41 INFO  : Context for processor 'psu_cortexa53_0' is selected.
11:02:41 INFO  : Processor reset is completed for 'psu_cortexa53_0'.
11:02:46 INFO  : The application 'D:/Work/Vitis_workspace_FPGAVerification/ServoDrive_CB_FPGAVerification/Debug/ServoDrive_CB_FPGAVerification.elf' is downloaded to processor 'psu_cortexa53_0'.
11:02:46 INFO  : 'configparams force-mem-access 0' command is executed.
11:02:46 INFO  : ----------------XSDB Script----------------
connect -path [list tcp::1534 tcp:localhost:3122]
source C:/Xilinx/Vitis/2023.1/scripts/vitis/util/zynqmp_utils.tcl
targets -set -nocase -filter {name =~"APU*"}
rst -system
after 3000
targets -set -nocase -filter {name =~"APU*"}
reset_apu
targets -set -nocase -filter {name =~"RPU*"}
clear_rpu_reset
enable_split_mode
targets -set -filter {jtag_cable_name =~ "Enclustra GmbH Module Link enclustraA" && level==0 && jtag_device_ctx=="jsn-Module Link-enclustraA-04721093-0"}
fpga -file D:/Work/Vitis_workspace_FPGAVerification/ServoDrive_CB_FPGAVerification/_ide/bitstream/Mercury_XU5_PE1.bit
targets -set -nocase -filter {name =~"APU*"}
loadhw -hw D:/Work/Vitis_workspace_FPGAVerification/Mercury_XU5_PE1/export/Mercury_XU5_PE1/hw/Mercury_XU5_PE1.xsa -mem-ranges [list {0x80000000 0xbfffffff} {0x400000000 0x5ffffffff} {0x1000000000 0x7fffffffff}] -regs
configparams force-mem-access 1
targets -set -nocase -filter {name =~"APU*"}
source D:/Work/Vitis_workspace_FPGAVerification/ServoDrive_CB_FPGAVerification/_ide/psinit/psu_init.tcl
psu_init
source C:/Xilinx/Vitis/2023.1/scripts/vitis/util/fsbl.tcl
catch {XFsbl_DdrEccInit}
after 1000
psu_ps_pl_isolation_removal
after 1000
psu_ps_pl_reset_config
catch {psu_protection}
targets -set -nocase -filter {name =~ "*A53*#0"}
rst -processor
dow D:/Work/Vitis_workspace_FPGAVerification/ServoDrive_CB_FPGAVerification/Debug/ServoDrive_CB_FPGAVerification.elf
configparams force-mem-access 0
----------------End of Script----------------

11:02:47 INFO  : Context for processor 'psu_cortexa53_0' is selected.
11:02:47 INFO  : 'con' command is executed.
11:02:47 INFO  : ----------------XSDB Script (After Launch)----------------
targets -set -nocase -filter {name =~ "*A53*#0"}
con
----------------End of Script----------------

11:02:47 INFO  : Launch script is exported to file 'D:\Work\Vitis_workspace_FPGAVerification\ServoDrive_CB_FPGAVerification_system\_ide\scripts\debugger_servodrive_cb_fpgaverification-default.tcl'
11:35:16 INFO  : Hardware specification for platform project 'Mercury_XU5_PE1' is updated.
11:35:53 INFO  : Result from executing command 'getProjects': Mercury_XU5_PE1
11:35:53 INFO  : Result from executing command 'getPlatforms': Mercury_XU5_PE1|D:/Work/Vitis_workspace_FPGAVerification/Mercury_XU5_PE1/export/Mercury_XU5_PE1/Mercury_XU5_PE1.xpfm;xilinx_zcu102_base_202310_1|C:/Xilinx/Vitis/2023.1/base_platforms/xilinx_zcu102_base_202310_1/xilinx_zcu102_base_202310_1.xpfm;xilinx_zcu102_base_dfx_202310_1|C:/Xilinx/Vitis/2023.1/base_platforms/xilinx_zcu102_base_dfx_202310_1/xilinx_zcu102_base_dfx_202310_1.xpfm;xilinx_zcu104_base_202310_1|C:/Xilinx/Vitis/2023.1/base_platforms/xilinx_zcu104_base_202310_1/xilinx_zcu104_base_202310_1.xpfm
11:35:54 INFO  : Checking for BSP changes to sync application flags for project 'ServoDrive_CB_FPGAVerification'...
11:36:16 INFO  : The hardware specification used by project 'ServoDrive_CB_FPGAVerification' is out of sync with the platform. Resource files extracted from the hardware specification will be updated.
11:36:16 INFO  : The file 'D:\Work\Vitis_workspace_FPGAVerification\ServoDrive_CB_FPGAVerification\_ide\bitstream\Mercury_XU5_PE1.bit' stored in project is removed.
11:36:16 INFO  : The updated bitstream files are copied from platform to folder 'D:\Work\Vitis_workspace_FPGAVerification\ServoDrive_CB_FPGAVerification\_ide\bitstream' in project 'ServoDrive_CB_FPGAVerification'.
11:36:16 INFO  : The file 'D:\Work\Vitis_workspace_FPGAVerification\ServoDrive_CB_FPGAVerification\_ide\psinit\psu_init.tcl' stored in project is removed.
11:36:17 INFO  : The updated ps init files are copied from platform to folder 'D:\Work\Vitis_workspace_FPGAVerification\ServoDrive_CB_FPGAVerification\_ide\psinit' in project 'ServoDrive_CB_FPGAVerification'.
11:37:23 INFO  : Disconnected from the channel tcfchan#13.
11:37:24 INFO  : Connected through redirection to target on host 'localhost' and port '3122'.
11:37:25 INFO  : Jtag cable 'Enclustra GmbH Module Link enclustraA' is selected.
11:37:25 INFO  : 'jtag frequency' command is executed.
11:37:25 INFO  : Sourcing of 'C:/Xilinx/Vitis/2023.1/scripts/vitis/util/zynqmp_utils.tcl' is done.
11:37:25 INFO  : Context for 'APU' is selected.
11:37:25 INFO  : System reset is completed.
11:37:28 INFO  : 'after 3000' command is executed.
11:37:28 INFO  : Context for 'APU' is selected.
11:37:28 INFO  : Cleared APU and A53 resets
11:37:28 INFO  : Context for 'RPU' is selected.
11:37:31 INFO  : Cleared RPU and R5 resets
11:37:31 INFO  : Split mode is enabled for R5#1
11:37:31 INFO  : 'targets -set -filter {jtag_cable_name =~ "Enclustra GmbH Module Link enclustraA" && level==0 && jtag_device_ctx=="jsn-Module Link-enclustraA-04721093-0"}' command is executed.
11:37:36 INFO  : Device configured successfully with "D:/Work/Vitis_workspace_FPGAVerification/ServoDrive_CB_FPGAVerification/_ide/bitstream/Mercury_XU5_PE1.bit"
11:37:36 INFO  : Context for 'APU' is selected.
11:37:36 INFO  : Hardware design and registers information is loaded from 'D:/Work/Vitis_workspace_FPGAVerification/Mercury_XU5_PE1/export/Mercury_XU5_PE1/hw/Mercury_XU5_PE1.xsa'.
11:37:36 INFO  : 'configparams force-mem-access 1' command is executed.
11:37:36 INFO  : Context for 'APU' is selected.
11:37:36 INFO  : Sourcing of 'D:/Work/Vitis_workspace_FPGAVerification/ServoDrive_CB_FPGAVerification/_ide/psinit/psu_init.tcl' is done.
11:37:37 INFO  : 'psu_init' command is executed.
11:37:37 INFO  : Sourcing of 'C:/Xilinx/Vitis/2023.1/scripts/vitis/util/fsbl.tcl' is done.
11:37:38 INFO  : 'catch {XFsbl_DdrEccInit}' command is executed.
11:37:39 INFO  : 'after 1000' command is executed.
11:37:39 INFO  : 'psu_ps_pl_isolation_removal' command is executed.
11:37:40 INFO  : 'after 1000' command is executed.
11:37:40 INFO  : 'psu_ps_pl_reset_config' command is executed.
11:37:40 INFO  : 'catch {psu_protection}' command is executed.
11:37:40 INFO  : Context for processor 'psu_cortexa53_0' is selected.
11:37:40 INFO  : Processor reset is completed for 'psu_cortexa53_0'.
11:37:45 INFO  : The application 'D:/Work/Vitis_workspace_FPGAVerification/ServoDrive_CB_FPGAVerification/Debug/ServoDrive_CB_FPGAVerification.elf' is downloaded to processor 'psu_cortexa53_0'.
11:37:45 INFO  : 'configparams force-mem-access 0' command is executed.
11:37:45 INFO  : ----------------XSDB Script----------------
connect -path [list tcp::1534 tcp:localhost:3122]
source C:/Xilinx/Vitis/2023.1/scripts/vitis/util/zynqmp_utils.tcl
targets -set -nocase -filter {name =~"APU*"}
rst -system
after 3000
targets -set -nocase -filter {name =~"APU*"}
reset_apu
targets -set -nocase -filter {name =~"RPU*"}
clear_rpu_reset
enable_split_mode
targets -set -filter {jtag_cable_name =~ "Enclustra GmbH Module Link enclustraA" && level==0 && jtag_device_ctx=="jsn-Module Link-enclustraA-04721093-0"}
fpga -file D:/Work/Vitis_workspace_FPGAVerification/ServoDrive_CB_FPGAVerification/_ide/bitstream/Mercury_XU5_PE1.bit
targets -set -nocase -filter {name =~"APU*"}
loadhw -hw D:/Work/Vitis_workspace_FPGAVerification/Mercury_XU5_PE1/export/Mercury_XU5_PE1/hw/Mercury_XU5_PE1.xsa -mem-ranges [list {0x80000000 0xbfffffff} {0x400000000 0x5ffffffff} {0x1000000000 0x7fffffffff}] -regs
configparams force-mem-access 1
targets -set -nocase -filter {name =~"APU*"}
source D:/Work/Vitis_workspace_FPGAVerification/ServoDrive_CB_FPGAVerification/_ide/psinit/psu_init.tcl
psu_init
source C:/Xilinx/Vitis/2023.1/scripts/vitis/util/fsbl.tcl
catch {XFsbl_DdrEccInit}
after 1000
psu_ps_pl_isolation_removal
after 1000
psu_ps_pl_reset_config
catch {psu_protection}
targets -set -nocase -filter {name =~ "*A53*#0"}
rst -processor
dow D:/Work/Vitis_workspace_FPGAVerification/ServoDrive_CB_FPGAVerification/Debug/ServoDrive_CB_FPGAVerification.elf
configparams force-mem-access 0
----------------End of Script----------------

11:37:45 INFO  : Context for processor 'psu_cortexa53_0' is selected.
11:37:45 INFO  : 'con' command is executed.
11:37:45 INFO  : ----------------XSDB Script (After Launch)----------------
targets -set -nocase -filter {name =~ "*A53*#0"}
con
----------------End of Script----------------

11:37:45 INFO  : Launch script is exported to file 'D:\Work\Vitis_workspace_FPGAVerification\ServoDrive_CB_FPGAVerification_system\_ide\scripts\debugger_servodrive_cb_fpgaverification-default.tcl'
11:40:40 INFO  : Checking for BSP changes to sync application flags for project 'ServoDrive_CB_FPGAVerification'...
11:40:54 INFO  : Disconnected from the channel tcfchan#16.
11:40:55 INFO  : Connected through redirection to target on host 'localhost' and port '3122'.
11:40:55 INFO  : Jtag cable 'Enclustra GmbH Module Link enclustraA' is selected.
11:40:55 INFO  : 'jtag frequency' command is executed.
11:40:55 INFO  : Sourcing of 'C:/Xilinx/Vitis/2023.1/scripts/vitis/util/zynqmp_utils.tcl' is done.
11:40:55 INFO  : Context for 'APU' is selected.
11:40:55 INFO  : System reset is completed.
11:40:58 INFO  : 'after 3000' command is executed.
11:40:58 INFO  : Context for 'APU' is selected.
11:40:59 INFO  : Cleared APU and A53 resets
11:40:59 INFO  : Context for 'RPU' is selected.
11:41:02 INFO  : Cleared RPU and R5 resets
11:41:02 INFO  : Split mode is enabled for R5#1
11:41:02 INFO  : 'targets -set -filter {jtag_cable_name =~ "Enclustra GmbH Module Link enclustraA" && level==0 && jtag_device_ctx=="jsn-Module Link-enclustraA-04721093-0"}' command is executed.
11:41:06 INFO  : Device configured successfully with "D:/Work/Vitis_workspace_FPGAVerification/ServoDrive_CB_FPGAVerification/_ide/bitstream/Mercury_XU5_PE1.bit"
11:41:06 INFO  : Context for 'APU' is selected.
11:41:06 INFO  : Hardware design and registers information is loaded from 'D:/Work/Vitis_workspace_FPGAVerification/Mercury_XU5_PE1/export/Mercury_XU5_PE1/hw/Mercury_XU5_PE1.xsa'.
11:41:06 INFO  : 'configparams force-mem-access 1' command is executed.
11:41:06 INFO  : Context for 'APU' is selected.
11:41:06 INFO  : Sourcing of 'D:/Work/Vitis_workspace_FPGAVerification/ServoDrive_CB_FPGAVerification/_ide/psinit/psu_init.tcl' is done.
11:41:09 INFO  : 'psu_init' command is executed.
11:41:09 INFO  : Sourcing of 'C:/Xilinx/Vitis/2023.1/scripts/vitis/util/fsbl.tcl' is done.
11:41:09 INFO  : 'catch {XFsbl_DdrEccInit}' command is executed.
11:41:10 INFO  : 'after 1000' command is executed.
11:41:10 INFO  : 'psu_ps_pl_isolation_removal' command is executed.
11:41:11 INFO  : 'after 1000' command is executed.
11:41:11 INFO  : 'psu_ps_pl_reset_config' command is executed.
11:41:11 INFO  : 'catch {psu_protection}' command is executed.
11:41:11 INFO  : Context for processor 'psu_cortexa53_0' is selected.
11:41:12 INFO  : Processor reset is completed for 'psu_cortexa53_0'.
11:41:18 INFO  : The application 'D:/Work/Vitis_workspace_FPGAVerification/ServoDrive_CB_FPGAVerification/Debug/ServoDrive_CB_FPGAVerification.elf' is downloaded to processor 'psu_cortexa53_0'.
11:41:18 INFO  : 'configparams force-mem-access 0' command is executed.
11:41:18 INFO  : ----------------XSDB Script----------------
connect -path [list tcp::1534 tcp:localhost:3122]
source C:/Xilinx/Vitis/2023.1/scripts/vitis/util/zynqmp_utils.tcl
targets -set -nocase -filter {name =~"APU*"}
rst -system
after 3000
targets -set -nocase -filter {name =~"APU*"}
reset_apu
targets -set -nocase -filter {name =~"RPU*"}
clear_rpu_reset
enable_split_mode
targets -set -filter {jtag_cable_name =~ "Enclustra GmbH Module Link enclustraA" && level==0 && jtag_device_ctx=="jsn-Module Link-enclustraA-04721093-0"}
fpga -file D:/Work/Vitis_workspace_FPGAVerification/ServoDrive_CB_FPGAVerification/_ide/bitstream/Mercury_XU5_PE1.bit
targets -set -nocase -filter {name =~"APU*"}
loadhw -hw D:/Work/Vitis_workspace_FPGAVerification/Mercury_XU5_PE1/export/Mercury_XU5_PE1/hw/Mercury_XU5_PE1.xsa -mem-ranges [list {0x80000000 0xbfffffff} {0x400000000 0x5ffffffff} {0x1000000000 0x7fffffffff}] -regs
configparams force-mem-access 1
targets -set -nocase -filter {name =~"APU*"}
source D:/Work/Vitis_workspace_FPGAVerification/ServoDrive_CB_FPGAVerification/_ide/psinit/psu_init.tcl
psu_init
source C:/Xilinx/Vitis/2023.1/scripts/vitis/util/fsbl.tcl
catch {XFsbl_DdrEccInit}
after 1000
psu_ps_pl_isolation_removal
after 1000
psu_ps_pl_reset_config
catch {psu_protection}
targets -set -nocase -filter {name =~ "*A53*#0"}
rst -processor
dow D:/Work/Vitis_workspace_FPGAVerification/ServoDrive_CB_FPGAVerification/Debug/ServoDrive_CB_FPGAVerification.elf
configparams force-mem-access 0
----------------End of Script----------------

11:41:18 INFO  : Context for processor 'psu_cortexa53_0' is selected.
11:41:18 INFO  : 'con' command is executed.
11:41:18 INFO  : ----------------XSDB Script (After Launch)----------------
targets -set -nocase -filter {name =~ "*A53*#0"}
con
----------------End of Script----------------

11:41:18 INFO  : Launch script is exported to file 'D:\Work\Vitis_workspace_FPGAVerification\ServoDrive_CB_FPGAVerification_system\_ide\scripts\debugger_servodrive_cb_fpgaverification-default.tcl'
11:44:28 INFO  : Checking for BSP changes to sync application flags for project 'ServoDrive_CB_FPGAVerification'...
11:44:47 INFO  : Disconnected from the channel tcfchan#17.
11:44:48 INFO  : Connected through redirection to target on host 'localhost' and port '3122'.
11:44:48 INFO  : Jtag cable 'Enclustra GmbH Module Link enclustraA' is selected.
11:44:48 INFO  : 'jtag frequency' command is executed.
11:44:48 INFO  : Sourcing of 'C:/Xilinx/Vitis/2023.1/scripts/vitis/util/zynqmp_utils.tcl' is done.
11:44:48 INFO  : Context for 'APU' is selected.
11:44:49 INFO  : System reset is completed.
11:44:52 INFO  : 'after 3000' command is executed.
11:44:52 INFO  : Context for 'APU' is selected.
11:44:52 INFO  : Cleared APU and A53 resets
11:44:52 INFO  : Context for 'RPU' is selected.
11:44:55 INFO  : Cleared RPU and R5 resets
11:44:55 INFO  : Split mode is enabled for R5#1
11:44:55 INFO  : 'targets -set -filter {jtag_cable_name =~ "Enclustra GmbH Module Link enclustraA" && level==0 && jtag_device_ctx=="jsn-Module Link-enclustraA-04721093-0"}' command is executed.
11:45:00 INFO  : Device configured successfully with "D:/Work/Vitis_workspace_FPGAVerification/ServoDrive_CB_FPGAVerification/_ide/bitstream/Mercury_XU5_PE1.bit"
11:45:00 INFO  : Context for 'APU' is selected.
11:45:00 INFO  : Hardware design and registers information is loaded from 'D:/Work/Vitis_workspace_FPGAVerification/Mercury_XU5_PE1/export/Mercury_XU5_PE1/hw/Mercury_XU5_PE1.xsa'.
11:45:00 INFO  : 'configparams force-mem-access 1' command is executed.
11:45:00 INFO  : Context for 'APU' is selected.
11:45:00 INFO  : Sourcing of 'D:/Work/Vitis_workspace_FPGAVerification/ServoDrive_CB_FPGAVerification/_ide/psinit/psu_init.tcl' is done.
11:45:01 INFO  : 'psu_init' command is executed.
11:45:01 INFO  : Sourcing of 'C:/Xilinx/Vitis/2023.1/scripts/vitis/util/fsbl.tcl' is done.
11:45:01 INFO  : 'catch {XFsbl_DdrEccInit}' command is executed.
11:45:02 INFO  : 'after 1000' command is executed.
11:45:02 INFO  : 'psu_ps_pl_isolation_removal' command is executed.
11:45:03 INFO  : 'after 1000' command is executed.
11:45:03 INFO  : 'psu_ps_pl_reset_config' command is executed.
11:45:04 INFO  : 'catch {psu_protection}' command is executed.
11:45:04 INFO  : Context for processor 'psu_cortexa53_0' is selected.
11:45:04 INFO  : Processor reset is completed for 'psu_cortexa53_0'.
11:45:09 INFO  : The application 'D:/Work/Vitis_workspace_FPGAVerification/ServoDrive_CB_FPGAVerification/Debug/ServoDrive_CB_FPGAVerification.elf' is downloaded to processor 'psu_cortexa53_0'.
11:45:09 INFO  : 'configparams force-mem-access 0' command is executed.
11:45:09 INFO  : ----------------XSDB Script----------------
connect -path [list tcp::1534 tcp:localhost:3122]
source C:/Xilinx/Vitis/2023.1/scripts/vitis/util/zynqmp_utils.tcl
targets -set -nocase -filter {name =~"APU*"}
rst -system
after 3000
targets -set -nocase -filter {name =~"APU*"}
reset_apu
targets -set -nocase -filter {name =~"RPU*"}
clear_rpu_reset
enable_split_mode
targets -set -filter {jtag_cable_name =~ "Enclustra GmbH Module Link enclustraA" && level==0 && jtag_device_ctx=="jsn-Module Link-enclustraA-04721093-0"}
fpga -file D:/Work/Vitis_workspace_FPGAVerification/ServoDrive_CB_FPGAVerification/_ide/bitstream/Mercury_XU5_PE1.bit
targets -set -nocase -filter {name =~"APU*"}
loadhw -hw D:/Work/Vitis_workspace_FPGAVerification/Mercury_XU5_PE1/export/Mercury_XU5_PE1/hw/Mercury_XU5_PE1.xsa -mem-ranges [list {0x80000000 0xbfffffff} {0x400000000 0x5ffffffff} {0x1000000000 0x7fffffffff}] -regs
configparams force-mem-access 1
targets -set -nocase -filter {name =~"APU*"}
source D:/Work/Vitis_workspace_FPGAVerification/ServoDrive_CB_FPGAVerification/_ide/psinit/psu_init.tcl
psu_init
source C:/Xilinx/Vitis/2023.1/scripts/vitis/util/fsbl.tcl
catch {XFsbl_DdrEccInit}
after 1000
psu_ps_pl_isolation_removal
after 1000
psu_ps_pl_reset_config
catch {psu_protection}
targets -set -nocase -filter {name =~ "*A53*#0"}
rst -processor
dow D:/Work/Vitis_workspace_FPGAVerification/ServoDrive_CB_FPGAVerification/Debug/ServoDrive_CB_FPGAVerification.elf
configparams force-mem-access 0
----------------End of Script----------------

11:45:09 INFO  : Context for processor 'psu_cortexa53_0' is selected.
11:45:09 INFO  : 'con' command is executed.
11:45:09 INFO  : ----------------XSDB Script (After Launch)----------------
targets -set -nocase -filter {name =~ "*A53*#0"}
con
----------------End of Script----------------

11:45:09 INFO  : Launch script is exported to file 'D:\Work\Vitis_workspace_FPGAVerification\ServoDrive_CB_FPGAVerification_system\_ide\scripts\debugger_servodrive_cb_fpgaverification-default.tcl'
13:28:15 INFO  : Hardware specification for platform project 'Mercury_XU5_PE1' is updated.
13:29:41 INFO  : Result from executing command 'getProjects': Mercury_XU5_PE1
13:29:42 INFO  : Result from executing command 'getPlatforms': Mercury_XU5_PE1|D:/Work/Vitis_workspace_FPGAVerification/Mercury_XU5_PE1/export/Mercury_XU5_PE1/Mercury_XU5_PE1.xpfm;xilinx_zcu102_base_202310_1|C:/Xilinx/Vitis/2023.1/base_platforms/xilinx_zcu102_base_202310_1/xilinx_zcu102_base_202310_1.xpfm;xilinx_zcu102_base_dfx_202310_1|C:/Xilinx/Vitis/2023.1/base_platforms/xilinx_zcu102_base_dfx_202310_1/xilinx_zcu102_base_dfx_202310_1.xpfm;xilinx_zcu104_base_202310_1|C:/Xilinx/Vitis/2023.1/base_platforms/xilinx_zcu104_base_202310_1/xilinx_zcu104_base_202310_1.xpfm
13:29:42 INFO  : Checking for BSP changes to sync application flags for project 'ServoDrive_CB_FPGAVerification'...
13:30:00 INFO  : The hardware specification used by project 'ServoDrive_CB_FPGAVerification' is out of sync with the platform. Resource files extracted from the hardware specification will be updated.
13:30:01 INFO  : The file 'D:\Work\Vitis_workspace_FPGAVerification\ServoDrive_CB_FPGAVerification\_ide\bitstream\Mercury_XU5_PE1.bit' stored in project is removed.
13:30:01 INFO  : The updated bitstream files are copied from platform to folder 'D:\Work\Vitis_workspace_FPGAVerification\ServoDrive_CB_FPGAVerification\_ide\bitstream' in project 'ServoDrive_CB_FPGAVerification'.
13:30:01 INFO  : The file 'D:\Work\Vitis_workspace_FPGAVerification\ServoDrive_CB_FPGAVerification\_ide\psinit\psu_init.tcl' stored in project is removed.
13:30:01 INFO  : The updated ps init files are copied from platform to folder 'D:\Work\Vitis_workspace_FPGAVerification\ServoDrive_CB_FPGAVerification\_ide\psinit' in project 'ServoDrive_CB_FPGAVerification'.
13:30:55 INFO  : Disconnected from the channel tcfchan#18.
13:30:56 INFO  : Connected through redirection to target on host 'localhost' and port '3122'.
13:30:56 INFO  : Jtag cable 'Enclustra GmbH Module Link enclustraA' is selected.
13:30:56 INFO  : 'jtag frequency' command is executed.
13:30:56 INFO  : Sourcing of 'C:/Xilinx/Vitis/2023.1/scripts/vitis/util/zynqmp_utils.tcl' is done.
13:30:56 INFO  : Context for 'APU' is selected.
13:30:57 INFO  : System reset is completed.
13:31:00 INFO  : 'after 3000' command is executed.
13:31:00 INFO  : Context for 'APU' is selected.
13:31:00 INFO  : Cleared APU and A53 resets
13:31:00 INFO  : Context for 'RPU' is selected.
13:31:03 INFO  : Cleared RPU and R5 resets
13:31:03 INFO  : Split mode is enabled for R5#1
13:31:03 INFO  : 'targets -set -filter {jtag_cable_name =~ "Enclustra GmbH Module Link enclustraA" && level==0 && jtag_device_ctx=="jsn-Module Link-enclustraA-04721093-0"}' command is executed.
13:31:07 INFO  : Device configured successfully with "D:/Work/Vitis_workspace_FPGAVerification/ServoDrive_CB_FPGAVerification/_ide/bitstream/Mercury_XU5_PE1.bit"
13:31:08 INFO  : Context for 'APU' is selected.
13:31:08 INFO  : Hardware design and registers information is loaded from 'D:/Work/Vitis_workspace_FPGAVerification/Mercury_XU5_PE1/export/Mercury_XU5_PE1/hw/Mercury_XU5_PE1.xsa'.
13:31:08 INFO  : 'configparams force-mem-access 1' command is executed.
13:31:08 INFO  : Context for 'APU' is selected.
13:31:08 INFO  : Sourcing of 'D:/Work/Vitis_workspace_FPGAVerification/ServoDrive_CB_FPGAVerification/_ide/psinit/psu_init.tcl' is done.
13:31:09 INFO  : 'psu_init' command is executed.
13:31:09 INFO  : Sourcing of 'C:/Xilinx/Vitis/2023.1/scripts/vitis/util/fsbl.tcl' is done.
13:31:09 INFO  : 'catch {XFsbl_DdrEccInit}' command is executed.
13:31:10 INFO  : 'after 1000' command is executed.
13:31:10 INFO  : 'psu_ps_pl_isolation_removal' command is executed.
13:31:11 INFO  : 'after 1000' command is executed.
13:31:12 INFO  : 'psu_ps_pl_reset_config' command is executed.
13:31:12 INFO  : 'catch {psu_protection}' command is executed.
13:31:12 INFO  : Context for processor 'psu_cortexa53_0' is selected.
13:31:12 INFO  : Processor reset is completed for 'psu_cortexa53_0'.
13:31:16 INFO  : The application 'D:/Work/Vitis_workspace_FPGAVerification/ServoDrive_CB_FPGAVerification/Debug/ServoDrive_CB_FPGAVerification.elf' is downloaded to processor 'psu_cortexa53_0'.
13:31:16 INFO  : 'configparams force-mem-access 0' command is executed.
13:31:16 INFO  : ----------------XSDB Script----------------
connect -path [list tcp::1534 tcp:localhost:3122]
source C:/Xilinx/Vitis/2023.1/scripts/vitis/util/zynqmp_utils.tcl
targets -set -nocase -filter {name =~"APU*"}
rst -system
after 3000
targets -set -nocase -filter {name =~"APU*"}
reset_apu
targets -set -nocase -filter {name =~"RPU*"}
clear_rpu_reset
enable_split_mode
targets -set -filter {jtag_cable_name =~ "Enclustra GmbH Module Link enclustraA" && level==0 && jtag_device_ctx=="jsn-Module Link-enclustraA-04721093-0"}
fpga -file D:/Work/Vitis_workspace_FPGAVerification/ServoDrive_CB_FPGAVerification/_ide/bitstream/Mercury_XU5_PE1.bit
targets -set -nocase -filter {name =~"APU*"}
loadhw -hw D:/Work/Vitis_workspace_FPGAVerification/Mercury_XU5_PE1/export/Mercury_XU5_PE1/hw/Mercury_XU5_PE1.xsa -mem-ranges [list {0x80000000 0xbfffffff} {0x400000000 0x5ffffffff} {0x1000000000 0x7fffffffff}] -regs
configparams force-mem-access 1
targets -set -nocase -filter {name =~"APU*"}
source D:/Work/Vitis_workspace_FPGAVerification/ServoDrive_CB_FPGAVerification/_ide/psinit/psu_init.tcl
psu_init
source C:/Xilinx/Vitis/2023.1/scripts/vitis/util/fsbl.tcl
catch {XFsbl_DdrEccInit}
after 1000
psu_ps_pl_isolation_removal
after 1000
psu_ps_pl_reset_config
catch {psu_protection}
targets -set -nocase -filter {name =~ "*A53*#0"}
rst -processor
dow D:/Work/Vitis_workspace_FPGAVerification/ServoDrive_CB_FPGAVerification/Debug/ServoDrive_CB_FPGAVerification.elf
configparams force-mem-access 0
----------------End of Script----------------

13:31:16 INFO  : Context for processor 'psu_cortexa53_0' is selected.
13:31:16 INFO  : 'con' command is executed.
13:31:16 INFO  : ----------------XSDB Script (After Launch)----------------
targets -set -nocase -filter {name =~ "*A53*#0"}
con
----------------End of Script----------------

13:31:16 INFO  : Launch script is exported to file 'D:\Work\Vitis_workspace_FPGAVerification\ServoDrive_CB_FPGAVerification_system\_ide\scripts\debugger_servodrive_cb_fpgaverification-default.tcl'
13:36:12 INFO  : Checking for BSP changes to sync application flags for project 'ServoDrive_CB_FPGAVerification'...
13:42:56 INFO  : Disconnected from the channel tcfchan#21.
13:42:57 INFO  : Connected through redirection to target on host 'localhost' and port '3122'.
13:42:57 INFO  : Jtag cable 'Enclustra GmbH Module Link enclustraA' is selected.
13:42:57 INFO  : 'jtag frequency' command is executed.
13:42:57 INFO  : Sourcing of 'C:/Xilinx/Vitis/2023.1/scripts/vitis/util/zynqmp_utils.tcl' is done.
13:42:58 INFO  : Context for 'APU' is selected.
13:42:58 INFO  : System reset is completed.
13:43:01 INFO  : 'after 3000' command is executed.
13:43:01 INFO  : Context for 'APU' is selected.
13:43:01 INFO  : Cleared APU and A53 resets
13:43:01 INFO  : Context for 'RPU' is selected.
13:43:04 INFO  : Cleared RPU and R5 resets
13:43:04 INFO  : Split mode is enabled for R5#1
13:43:04 INFO  : 'targets -set -filter {jtag_cable_name =~ "Enclustra GmbH Module Link enclustraA" && level==0 && jtag_device_ctx=="jsn-Module Link-enclustraA-04721093-0"}' command is executed.
13:43:09 INFO  : Device configured successfully with "D:/Work/Vitis_workspace_FPGAVerification/ServoDrive_CB_FPGAVerification/_ide/bitstream/Mercury_XU5_PE1.bit"
13:43:09 INFO  : Context for 'APU' is selected.
13:43:09 INFO  : Hardware design and registers information is loaded from 'D:/Work/Vitis_workspace_FPGAVerification/Mercury_XU5_PE1/export/Mercury_XU5_PE1/hw/Mercury_XU5_PE1.xsa'.
13:43:09 INFO  : 'configparams force-mem-access 1' command is executed.
13:43:09 INFO  : Context for 'APU' is selected.
13:43:09 INFO  : Sourcing of 'D:/Work/Vitis_workspace_FPGAVerification/ServoDrive_CB_FPGAVerification/_ide/psinit/psu_init.tcl' is done.
13:43:10 INFO  : 'psu_init' command is executed.
13:43:10 INFO  : Sourcing of 'C:/Xilinx/Vitis/2023.1/scripts/vitis/util/fsbl.tcl' is done.
13:43:11 INFO  : 'catch {XFsbl_DdrEccInit}' command is executed.
13:43:12 INFO  : 'after 1000' command is executed.
13:43:12 INFO  : 'psu_ps_pl_isolation_removal' command is executed.
13:43:13 INFO  : 'after 1000' command is executed.
13:43:13 INFO  : 'psu_ps_pl_reset_config' command is executed.
13:43:13 INFO  : 'catch {psu_protection}' command is executed.
13:43:13 INFO  : Context for processor 'psu_cortexa53_0' is selected.
13:43:13 INFO  : Processor reset is completed for 'psu_cortexa53_0'.
13:43:17 INFO  : The application 'D:/Work/Vitis_workspace_FPGAVerification/ServoDrive_CB_FPGAVerification/Debug/ServoDrive_CB_FPGAVerification.elf' is downloaded to processor 'psu_cortexa53_0'.
13:43:17 INFO  : 'configparams force-mem-access 0' command is executed.
13:43:17 INFO  : ----------------XSDB Script----------------
connect -path [list tcp::1534 tcp:localhost:3122]
source C:/Xilinx/Vitis/2023.1/scripts/vitis/util/zynqmp_utils.tcl
targets -set -nocase -filter {name =~"APU*"}
rst -system
after 3000
targets -set -nocase -filter {name =~"APU*"}
reset_apu
targets -set -nocase -filter {name =~"RPU*"}
clear_rpu_reset
enable_split_mode
targets -set -filter {jtag_cable_name =~ "Enclustra GmbH Module Link enclustraA" && level==0 && jtag_device_ctx=="jsn-Module Link-enclustraA-04721093-0"}
fpga -file D:/Work/Vitis_workspace_FPGAVerification/ServoDrive_CB_FPGAVerification/_ide/bitstream/Mercury_XU5_PE1.bit
targets -set -nocase -filter {name =~"APU*"}
loadhw -hw D:/Work/Vitis_workspace_FPGAVerification/Mercury_XU5_PE1/export/Mercury_XU5_PE1/hw/Mercury_XU5_PE1.xsa -mem-ranges [list {0x80000000 0xbfffffff} {0x400000000 0x5ffffffff} {0x1000000000 0x7fffffffff}] -regs
configparams force-mem-access 1
targets -set -nocase -filter {name =~"APU*"}
source D:/Work/Vitis_workspace_FPGAVerification/ServoDrive_CB_FPGAVerification/_ide/psinit/psu_init.tcl
psu_init
source C:/Xilinx/Vitis/2023.1/scripts/vitis/util/fsbl.tcl
catch {XFsbl_DdrEccInit}
after 1000
psu_ps_pl_isolation_removal
after 1000
psu_ps_pl_reset_config
catch {psu_protection}
targets -set -nocase -filter {name =~ "*A53*#0"}
rst -processor
dow D:/Work/Vitis_workspace_FPGAVerification/ServoDrive_CB_FPGAVerification/Debug/ServoDrive_CB_FPGAVerification.elf
configparams force-mem-access 0
----------------End of Script----------------

13:43:17 INFO  : Context for processor 'psu_cortexa53_0' is selected.
13:43:17 INFO  : 'con' command is executed.
13:43:17 INFO  : ----------------XSDB Script (After Launch)----------------
targets -set -nocase -filter {name =~ "*A53*#0"}
con
----------------End of Script----------------

13:43:17 INFO  : Launch script is exported to file 'D:\Work\Vitis_workspace_FPGAVerification\ServoDrive_CB_FPGAVerification_system\_ide\scripts\debugger_servodrive_cb_fpgaverification-default.tcl'
14:33:59 INFO  : Hardware specification for platform project 'Mercury_XU5_PE1' is updated.
14:34:25 INFO  : Result from executing command 'getProjects': Mercury_XU5_PE1
14:34:25 INFO  : Result from executing command 'getPlatforms': Mercury_XU5_PE1|D:/Work/Vitis_workspace_FPGAVerification/Mercury_XU5_PE1/export/Mercury_XU5_PE1/Mercury_XU5_PE1.xpfm;xilinx_zcu102_base_202310_1|C:/Xilinx/Vitis/2023.1/base_platforms/xilinx_zcu102_base_202310_1/xilinx_zcu102_base_202310_1.xpfm;xilinx_zcu102_base_dfx_202310_1|C:/Xilinx/Vitis/2023.1/base_platforms/xilinx_zcu102_base_dfx_202310_1/xilinx_zcu102_base_dfx_202310_1.xpfm;xilinx_zcu104_base_202310_1|C:/Xilinx/Vitis/2023.1/base_platforms/xilinx_zcu104_base_202310_1/xilinx_zcu104_base_202310_1.xpfm
14:34:26 INFO  : Checking for BSP changes to sync application flags for project 'ServoDrive_CB_FPGAVerification'...
14:36:10 INFO  : Disconnected from the channel tcfchan#22.
14:36:11 INFO  : Connected through redirection to target on host 'localhost' and port '3122'.
14:36:20 INFO  : ----------------XSDB Script----------------
connect -path [list tcp::1534 tcp:localhost:3122]
----------------End of Script----------------

14:36:20 ERROR : Could not find ARM device on the board for connection 'enclustra'.
Check if the target is in:
1. Split JTAG - No operations are possible with ARM DAP.
2. Non JTAG bootmode - Bootrom may need time to enable DAP.
Please try again.


Troubleshooting hints:
1. Check whether board is connected to system properly.
2. In case of zynq board, check whether Digilent/Xilinx cable switch settings are correct.
3. If you are using Xilinx Platform Cable USB, ensure that status LED is green.
14:36:27 INFO  : Connected through redirection to target on host 'localhost' and port '3122'.
14:36:27 INFO  : Jtag cable 'Enclustra GmbH Module Link enclustraA' is selected.
14:36:27 INFO  : 'jtag frequency' command is executed.
14:36:27 INFO  : Sourcing of 'C:/Xilinx/Vitis/2023.1/scripts/vitis/util/zynqmp_utils.tcl' is done.
14:36:27 INFO  : Context for 'APU' is selected.
14:36:28 INFO  : System reset is completed.
14:36:31 INFO  : 'after 3000' command is executed.
14:36:31 INFO  : Context for 'APU' is selected.
14:36:31 INFO  : Cleared APU and A53 resets
14:36:31 INFO  : Context for 'RPU' is selected.
14:36:34 INFO  : Cleared RPU and R5 resets
14:36:34 INFO  : Split mode is enabled for R5#1
14:36:34 INFO  : 'targets -set -filter {jtag_cable_name =~ "Enclustra GmbH Module Link enclustraA" && level==0 && jtag_device_ctx=="jsn-Module Link-enclustraA-04721093-0"}' command is executed.
14:36:39 INFO  : Device configured successfully with "D:/Work/Vitis_workspace_FPGAVerification/ServoDrive_CB_FPGAVerification/_ide/bitstream/Mercury_XU5_PE1.bit"
14:36:39 INFO  : Context for 'APU' is selected.
14:36:39 INFO  : Hardware design and registers information is loaded from 'D:/Work/Vitis_workspace_FPGAVerification/Mercury_XU5_PE1/export/Mercury_XU5_PE1/hw/Mercury_XU5_PE1.xsa'.
14:36:39 INFO  : 'configparams force-mem-access 1' command is executed.
14:36:39 INFO  : Context for 'APU' is selected.
14:36:39 INFO  : Sourcing of 'D:/Work/Vitis_workspace_FPGAVerification/ServoDrive_CB_FPGAVerification/_ide/psinit/psu_init.tcl' is done.
14:36:40 INFO  : 'psu_init' command is executed.
14:36:40 INFO  : Sourcing of 'C:/Xilinx/Vitis/2023.1/scripts/vitis/util/fsbl.tcl' is done.
14:36:41 INFO  : 'catch {XFsbl_DdrEccInit}' command is executed.
14:36:42 INFO  : 'after 1000' command is executed.
14:36:42 INFO  : 'psu_ps_pl_isolation_removal' command is executed.
14:36:43 INFO  : 'after 1000' command is executed.
14:36:43 INFO  : 'psu_ps_pl_reset_config' command is executed.
14:36:43 INFO  : 'catch {psu_protection}' command is executed.
14:36:43 INFO  : Context for processor 'psu_cortexa53_0' is selected.
14:36:43 INFO  : Processor reset is completed for 'psu_cortexa53_0'.
14:36:47 INFO  : The application 'D:/Work/Vitis_workspace_FPGAVerification/ServoDrive_CB_FPGAVerification/Debug/ServoDrive_CB_FPGAVerification.elf' is downloaded to processor 'psu_cortexa53_0'.
14:36:47 INFO  : 'configparams force-mem-access 0' command is executed.
14:36:47 INFO  : ----------------XSDB Script----------------
connect -path [list tcp::1534 tcp:localhost:3122]
source C:/Xilinx/Vitis/2023.1/scripts/vitis/util/zynqmp_utils.tcl
targets -set -nocase -filter {name =~"APU*"}
rst -system
after 3000
targets -set -nocase -filter {name =~"APU*"}
reset_apu
targets -set -nocase -filter {name =~"RPU*"}
clear_rpu_reset
enable_split_mode
targets -set -filter {jtag_cable_name =~ "Enclustra GmbH Module Link enclustraA" && level==0 && jtag_device_ctx=="jsn-Module Link-enclustraA-04721093-0"}
fpga -file D:/Work/Vitis_workspace_FPGAVerification/ServoDrive_CB_FPGAVerification/_ide/bitstream/Mercury_XU5_PE1.bit
targets -set -nocase -filter {name =~"APU*"}
loadhw -hw D:/Work/Vitis_workspace_FPGAVerification/Mercury_XU5_PE1/export/Mercury_XU5_PE1/hw/Mercury_XU5_PE1.xsa -mem-ranges [list {0x80000000 0xbfffffff} {0x400000000 0x5ffffffff} {0x1000000000 0x7fffffffff}] -regs
configparams force-mem-access 1
targets -set -nocase -filter {name =~"APU*"}
source D:/Work/Vitis_workspace_FPGAVerification/ServoDrive_CB_FPGAVerification/_ide/psinit/psu_init.tcl
psu_init
source C:/Xilinx/Vitis/2023.1/scripts/vitis/util/fsbl.tcl
catch {XFsbl_DdrEccInit}
after 1000
psu_ps_pl_isolation_removal
after 1000
psu_ps_pl_reset_config
catch {psu_protection}
targets -set -nocase -filter {name =~ "*A53*#0"}
rst -processor
dow D:/Work/Vitis_workspace_FPGAVerification/ServoDrive_CB_FPGAVerification/Debug/ServoDrive_CB_FPGAVerification.elf
configparams force-mem-access 0
----------------End of Script----------------

14:36:47 INFO  : Context for processor 'psu_cortexa53_0' is selected.
14:36:47 INFO  : 'con' command is executed.
14:36:47 INFO  : ----------------XSDB Script (After Launch)----------------
targets -set -nocase -filter {name =~ "*A53*#0"}
con
----------------End of Script----------------

14:36:47 INFO  : Launch script is exported to file 'D:\Work\Vitis_workspace_FPGAVerification\ServoDrive_CB_FPGAVerification_system\_ide\scripts\debugger_servodrive_cb_fpgaverification-default.tcl'
14:39:58 INFO  : Checking for BSP changes to sync application flags for project 'ServoDrive_CB_FPGAVerification'...
14:40:20 INFO  : Disconnected from the channel tcfchan#25.
14:40:21 INFO  : Connected through redirection to target on host 'localhost' and port '3122'.
14:40:21 INFO  : Jtag cable 'Enclustra GmbH Module Link enclustraA' is selected.
14:40:21 INFO  : 'jtag frequency' command is executed.
14:40:21 INFO  : Sourcing of 'C:/Xilinx/Vitis/2023.1/scripts/vitis/util/zynqmp_utils.tcl' is done.
14:40:21 INFO  : Context for 'APU' is selected.
14:40:21 INFO  : System reset is completed.
14:40:24 INFO  : 'after 3000' command is executed.
14:40:24 INFO  : Context for 'APU' is selected.
14:40:24 INFO  : Cleared APU and A53 resets
14:40:24 INFO  : Context for 'RPU' is selected.
14:40:27 INFO  : Cleared RPU and R5 resets
14:40:27 INFO  : Split mode is enabled for R5#1
14:40:27 INFO  : 'targets -set -filter {jtag_cable_name =~ "Enclustra GmbH Module Link enclustraA" && level==0 && jtag_device_ctx=="jsn-Module Link-enclustraA-04721093-0"}' command is executed.
14:40:32 INFO  : Device configured successfully with "D:/Work/Vitis_workspace_FPGAVerification/ServoDrive_CB_FPGAVerification/_ide/bitstream/Mercury_XU5_PE1.bit"
14:40:32 INFO  : Context for 'APU' is selected.
14:40:32 INFO  : Hardware design and registers information is loaded from 'D:/Work/Vitis_workspace_FPGAVerification/Mercury_XU5_PE1/export/Mercury_XU5_PE1/hw/Mercury_XU5_PE1.xsa'.
14:40:32 INFO  : 'configparams force-mem-access 1' command is executed.
14:40:32 INFO  : Context for 'APU' is selected.
14:40:32 INFO  : Sourcing of 'D:/Work/Vitis_workspace_FPGAVerification/ServoDrive_CB_FPGAVerification/_ide/psinit/psu_init.tcl' is done.
14:40:33 INFO  : 'psu_init' command is executed.
14:40:33 INFO  : Sourcing of 'C:/Xilinx/Vitis/2023.1/scripts/vitis/util/fsbl.tcl' is done.
14:40:34 INFO  : 'catch {XFsbl_DdrEccInit}' command is executed.
14:40:35 INFO  : 'after 1000' command is executed.
14:40:35 INFO  : 'psu_ps_pl_isolation_removal' command is executed.
14:40:36 INFO  : 'after 1000' command is executed.
14:40:36 INFO  : 'psu_ps_pl_reset_config' command is executed.
14:40:36 INFO  : 'catch {psu_protection}' command is executed.
14:40:36 INFO  : Context for processor 'psu_cortexa53_0' is selected.
14:40:36 INFO  : Processor reset is completed for 'psu_cortexa53_0'.
14:40:39 INFO  : Checking for BSP changes to sync application flags for project 'ServoDrive_CB_FPGAVerification'...
14:40:40 INFO  : The application 'D:/Work/Vitis_workspace_FPGAVerification/ServoDrive_CB_FPGAVerification/Debug/ServoDrive_CB_FPGAVerification.elf' is downloaded to processor 'psu_cortexa53_0'.
14:40:40 INFO  : 'configparams force-mem-access 0' command is executed.
14:40:40 INFO  : ----------------XSDB Script----------------
connect -path [list tcp::1534 tcp:localhost:3122]
source C:/Xilinx/Vitis/2023.1/scripts/vitis/util/zynqmp_utils.tcl
targets -set -nocase -filter {name =~"APU*"}
rst -system
after 3000
targets -set -nocase -filter {name =~"APU*"}
reset_apu
targets -set -nocase -filter {name =~"RPU*"}
clear_rpu_reset
enable_split_mode
targets -set -filter {jtag_cable_name =~ "Enclustra GmbH Module Link enclustraA" && level==0 && jtag_device_ctx=="jsn-Module Link-enclustraA-04721093-0"}
fpga -file D:/Work/Vitis_workspace_FPGAVerification/ServoDrive_CB_FPGAVerification/_ide/bitstream/Mercury_XU5_PE1.bit
targets -set -nocase -filter {name =~"APU*"}
loadhw -hw D:/Work/Vitis_workspace_FPGAVerification/Mercury_XU5_PE1/export/Mercury_XU5_PE1/hw/Mercury_XU5_PE1.xsa -mem-ranges [list {0x80000000 0xbfffffff} {0x400000000 0x5ffffffff} {0x1000000000 0x7fffffffff}] -regs
configparams force-mem-access 1
targets -set -nocase -filter {name =~"APU*"}
source D:/Work/Vitis_workspace_FPGAVerification/ServoDrive_CB_FPGAVerification/_ide/psinit/psu_init.tcl
psu_init
source C:/Xilinx/Vitis/2023.1/scripts/vitis/util/fsbl.tcl
catch {XFsbl_DdrEccInit}
after 1000
psu_ps_pl_isolation_removal
after 1000
psu_ps_pl_reset_config
catch {psu_protection}
targets -set -nocase -filter {name =~ "*A53*#0"}
rst -processor
dow D:/Work/Vitis_workspace_FPGAVerification/ServoDrive_CB_FPGAVerification/Debug/ServoDrive_CB_FPGAVerification.elf
configparams force-mem-access 0
----------------End of Script----------------

14:40:40 INFO  : Context for processor 'psu_cortexa53_0' is selected.
14:40:40 INFO  : 'con' command is executed.
14:40:40 INFO  : ----------------XSDB Script (After Launch)----------------
targets -set -nocase -filter {name =~ "*A53*#0"}
con
----------------End of Script----------------

14:40:40 INFO  : Launch script is exported to file 'D:\Work\Vitis_workspace_FPGAVerification\ServoDrive_CB_FPGAVerification_system\_ide\scripts\debugger_servodrive_cb_fpgaverification-default.tcl'
14:40:53 INFO  : Disconnected from the channel tcfchan#26.
14:40:54 INFO  : Connected through redirection to target on host 'localhost' and port '3122'.
14:40:54 INFO  : Jtag cable 'Enclustra GmbH Module Link enclustraA' is selected.
14:40:54 INFO  : 'jtag frequency' command is executed.
14:40:54 INFO  : Sourcing of 'C:/Xilinx/Vitis/2023.1/scripts/vitis/util/zynqmp_utils.tcl' is done.
14:40:54 INFO  : Context for 'APU' is selected.
14:40:54 INFO  : System reset is completed.
14:40:57 INFO  : 'after 3000' command is executed.
14:40:57 INFO  : Context for 'APU' is selected.
14:40:58 INFO  : Cleared APU and A53 resets
14:40:58 INFO  : Context for 'RPU' is selected.
14:41:01 INFO  : Cleared RPU and R5 resets
14:41:01 INFO  : Split mode is enabled for R5#1
14:41:01 INFO  : 'targets -set -filter {jtag_cable_name =~ "Enclustra GmbH Module Link enclustraA" && level==0 && jtag_device_ctx=="jsn-Module Link-enclustraA-04721093-0"}' command is executed.
14:41:05 INFO  : Device configured successfully with "D:/Work/Vitis_workspace_FPGAVerification/ServoDrive_CB_FPGAVerification/_ide/bitstream/Mercury_XU5_PE1.bit"
14:41:05 INFO  : Context for 'APU' is selected.
14:41:05 INFO  : Hardware design and registers information is loaded from 'D:/Work/Vitis_workspace_FPGAVerification/Mercury_XU5_PE1/export/Mercury_XU5_PE1/hw/Mercury_XU5_PE1.xsa'.
14:41:05 INFO  : 'configparams force-mem-access 1' command is executed.
14:41:05 INFO  : Context for 'APU' is selected.
14:41:05 INFO  : Sourcing of 'D:/Work/Vitis_workspace_FPGAVerification/ServoDrive_CB_FPGAVerification/_ide/psinit/psu_init.tcl' is done.
14:41:06 INFO  : 'psu_init' command is executed.
14:41:06 INFO  : Sourcing of 'C:/Xilinx/Vitis/2023.1/scripts/vitis/util/fsbl.tcl' is done.
14:41:07 INFO  : 'catch {XFsbl_DdrEccInit}' command is executed.
14:41:08 INFO  : 'after 1000' command is executed.
14:41:08 INFO  : 'psu_ps_pl_isolation_removal' command is executed.
14:41:09 INFO  : 'after 1000' command is executed.
14:41:09 INFO  : 'psu_ps_pl_reset_config' command is executed.
14:41:09 INFO  : 'catch {psu_protection}' command is executed.
14:41:09 INFO  : Context for processor 'psu_cortexa53_0' is selected.
14:41:09 INFO  : Processor reset is completed for 'psu_cortexa53_0'.
14:41:14 INFO  : The application 'D:/Work/Vitis_workspace_FPGAVerification/ServoDrive_CB_FPGAVerification/Debug/ServoDrive_CB_FPGAVerification.elf' is downloaded to processor 'psu_cortexa53_0'.
14:41:14 INFO  : 'configparams force-mem-access 0' command is executed.
14:41:14 INFO  : ----------------XSDB Script----------------
connect -path [list tcp::1534 tcp:localhost:3122]
source C:/Xilinx/Vitis/2023.1/scripts/vitis/util/zynqmp_utils.tcl
targets -set -nocase -filter {name =~"APU*"}
rst -system
after 3000
targets -set -nocase -filter {name =~"APU*"}
reset_apu
targets -set -nocase -filter {name =~"RPU*"}
clear_rpu_reset
enable_split_mode
targets -set -filter {jtag_cable_name =~ "Enclustra GmbH Module Link enclustraA" && level==0 && jtag_device_ctx=="jsn-Module Link-enclustraA-04721093-0"}
fpga -file D:/Work/Vitis_workspace_FPGAVerification/ServoDrive_CB_FPGAVerification/_ide/bitstream/Mercury_XU5_PE1.bit
targets -set -nocase -filter {name =~"APU*"}
loadhw -hw D:/Work/Vitis_workspace_FPGAVerification/Mercury_XU5_PE1/export/Mercury_XU5_PE1/hw/Mercury_XU5_PE1.xsa -mem-ranges [list {0x80000000 0xbfffffff} {0x400000000 0x5ffffffff} {0x1000000000 0x7fffffffff}] -regs
configparams force-mem-access 1
targets -set -nocase -filter {name =~"APU*"}
source D:/Work/Vitis_workspace_FPGAVerification/ServoDrive_CB_FPGAVerification/_ide/psinit/psu_init.tcl
psu_init
source C:/Xilinx/Vitis/2023.1/scripts/vitis/util/fsbl.tcl
catch {XFsbl_DdrEccInit}
after 1000
psu_ps_pl_isolation_removal
after 1000
psu_ps_pl_reset_config
catch {psu_protection}
targets -set -nocase -filter {name =~ "*A53*#0"}
rst -processor
dow D:/Work/Vitis_workspace_FPGAVerification/ServoDrive_CB_FPGAVerification/Debug/ServoDrive_CB_FPGAVerification.elf
configparams force-mem-access 0
----------------End of Script----------------

14:41:14 INFO  : Context for processor 'psu_cortexa53_0' is selected.
14:41:14 INFO  : 'con' command is executed.
14:41:14 INFO  : ----------------XSDB Script (After Launch)----------------
targets -set -nocase -filter {name =~ "*A53*#0"}
con
----------------End of Script----------------

14:41:14 INFO  : Launch script is exported to file 'D:\Work\Vitis_workspace_FPGAVerification\ServoDrive_CB_FPGAVerification_system\_ide\scripts\debugger_servodrive_cb_fpgaverification-default.tcl'
09:18:35 INFO  : Checking for BSP changes to sync application flags for project 'ServoDrive_CB_FPGAVerification'...
09:20:09 INFO  : Checking for BSP changes to sync application flags for project 'ServoDrive_CB_FPGAVerification'...
09:20:51 INFO  : Checking for BSP changes to sync application flags for project 'ServoDrive_CB_FPGAVerification'...
09:21:21 INFO  : Checking for BSP changes to sync application flags for project 'ServoDrive_CB_FPGAVerification'...
09:44:27 INFO  : Checking for BSP changes to sync application flags for project 'ServoDrive_CB_FPGAVerification'...
09:46:41 INFO  : Checking for BSP changes to sync application flags for project 'ServoDrive_CB_FPGAVerification'...
09:48:33 INFO  : Checking for BSP changes to sync application flags for project 'ServoDrive_CB_FPGAVerification'...
09:49:20 INFO  : Checking for BSP changes to sync application flags for project 'ServoDrive_CB_FPGAVerification'...
09:49:48 INFO  : Checking for BSP changes to sync application flags for project 'ServoDrive_CB_FPGAVerification'...
09:58:14 INFO  : Checking for BSP changes to sync application flags for project 'ServoDrive_CB_FPGAVerification'...
09:58:44 INFO  : Checking for BSP changes to sync application flags for project 'ServoDrive_CB_FPGAVerification'...
09:58:55 INFO  : Disconnected from the channel tcfchan#27.
09:58:56 INFO  : Connected through redirection to target on host 'localhost' and port '3122'.
09:59:05 INFO  : ----------------XSDB Script----------------
connect -path [list tcp::1534 tcp:localhost:3122]
----------------End of Script----------------

09:59:05 ERROR : Could not find ARM device on the board for connection 'enclustra'.
Check if the target is in:
1. Split JTAG - No operations are possible with ARM DAP.
2. Non JTAG bootmode - Bootrom may need time to enable DAP.
Please try again.


Troubleshooting hints:
1. Check whether board is connected to system properly.
2. In case of zynq board, check whether Digilent/Xilinx cable switch settings are correct.
3. If you are using Xilinx Platform Cable USB, ensure that status LED is green.
09:59:12 INFO  : Connected through redirection to target on host 'localhost' and port '3122'.
09:59:12 INFO  : Jtag cable 'Enclustra GmbH Module Link enclustraA' is selected.
09:59:12 INFO  : 'jtag frequency' command is executed.
09:59:12 INFO  : Sourcing of 'C:/Xilinx/Vitis/2023.1/scripts/vitis/util/zynqmp_utils.tcl' is done.
09:59:12 INFO  : Context for 'APU' is selected.
09:59:13 INFO  : System reset is completed.
09:59:16 INFO  : 'after 3000' command is executed.
09:59:16 INFO  : Context for 'APU' is selected.
09:59:16 INFO  : Cleared APU and A53 resets
09:59:16 INFO  : Context for 'RPU' is selected.
09:59:19 INFO  : Cleared RPU and R5 resets
09:59:19 INFO  : Split mode is enabled for R5#1
09:59:19 INFO  : 'targets -set -filter {jtag_cable_name =~ "Enclustra GmbH Module Link enclustraA" && level==0 && jtag_device_ctx=="jsn-Module Link-enclustraA-04721093-0"}' command is executed.
09:59:23 INFO  : Device configured successfully with "D:/Work/Vitis_workspace_FPGAVerification/ServoDrive_CB_FPGAVerification/_ide/bitstream/Mercury_XU5_PE1.bit"
09:59:23 INFO  : Context for 'APU' is selected.
09:59:24 INFO  : Hardware design and registers information is loaded from 'D:/Work/Vitis_workspace_FPGAVerification/Mercury_XU5_PE1/export/Mercury_XU5_PE1/hw/Mercury_XU5_PE1.xsa'.
09:59:24 INFO  : 'configparams force-mem-access 1' command is executed.
09:59:24 INFO  : Context for 'APU' is selected.
09:59:24 INFO  : Sourcing of 'D:/Work/Vitis_workspace_FPGAVerification/ServoDrive_CB_FPGAVerification/_ide/psinit/psu_init.tcl' is done.
09:59:24 INFO  : 'psu_init' command is executed.
09:59:24 INFO  : Sourcing of 'C:/Xilinx/Vitis/2023.1/scripts/vitis/util/fsbl.tcl' is done.
09:59:25 INFO  : 'catch {XFsbl_DdrEccInit}' command is executed.
09:59:26 INFO  : 'after 1000' command is executed.
09:59:26 INFO  : 'psu_ps_pl_isolation_removal' command is executed.
09:59:27 INFO  : 'after 1000' command is executed.
09:59:27 INFO  : 'psu_ps_pl_reset_config' command is executed.
09:59:27 INFO  : 'catch {psu_protection}' command is executed.
09:59:27 INFO  : Context for processor 'psu_cortexa53_0' is selected.
09:59:27 INFO  : Processor reset is completed for 'psu_cortexa53_0'.
09:59:32 INFO  : The application 'D:/Work/Vitis_workspace_FPGAVerification/ServoDrive_CB_FPGAVerification/Debug/ServoDrive_CB_FPGAVerification.elf' is downloaded to processor 'psu_cortexa53_0'.
09:59:32 INFO  : 'configparams force-mem-access 0' command is executed.
09:59:32 INFO  : ----------------XSDB Script----------------
connect -path [list tcp::1534 tcp:localhost:3122]
source C:/Xilinx/Vitis/2023.1/scripts/vitis/util/zynqmp_utils.tcl
targets -set -nocase -filter {name =~"APU*"}
rst -system
after 3000
targets -set -nocase -filter {name =~"APU*"}
reset_apu
targets -set -nocase -filter {name =~"RPU*"}
clear_rpu_reset
enable_split_mode
targets -set -filter {jtag_cable_name =~ "Enclustra GmbH Module Link enclustraA" && level==0 && jtag_device_ctx=="jsn-Module Link-enclustraA-04721093-0"}
fpga -file D:/Work/Vitis_workspace_FPGAVerification/ServoDrive_CB_FPGAVerification/_ide/bitstream/Mercury_XU5_PE1.bit
targets -set -nocase -filter {name =~"APU*"}
loadhw -hw D:/Work/Vitis_workspace_FPGAVerification/Mercury_XU5_PE1/export/Mercury_XU5_PE1/hw/Mercury_XU5_PE1.xsa -mem-ranges [list {0x80000000 0xbfffffff} {0x400000000 0x5ffffffff} {0x1000000000 0x7fffffffff}] -regs
configparams force-mem-access 1
targets -set -nocase -filter {name =~"APU*"}
source D:/Work/Vitis_workspace_FPGAVerification/ServoDrive_CB_FPGAVerification/_ide/psinit/psu_init.tcl
psu_init
source C:/Xilinx/Vitis/2023.1/scripts/vitis/util/fsbl.tcl
catch {XFsbl_DdrEccInit}
after 1000
psu_ps_pl_isolation_removal
after 1000
psu_ps_pl_reset_config
catch {psu_protection}
targets -set -nocase -filter {name =~ "*A53*#0"}
rst -processor
dow D:/Work/Vitis_workspace_FPGAVerification/ServoDrive_CB_FPGAVerification/Debug/ServoDrive_CB_FPGAVerification.elf
configparams force-mem-access 0
----------------End of Script----------------

09:59:32 INFO  : Context for processor 'psu_cortexa53_0' is selected.
09:59:32 INFO  : 'con' command is executed.
09:59:32 INFO  : ----------------XSDB Script (After Launch)----------------
targets -set -nocase -filter {name =~ "*A53*#0"}
con
----------------End of Script----------------

09:59:32 INFO  : Launch script is exported to file 'D:\Work\Vitis_workspace_FPGAVerification\ServoDrive_CB_FPGAVerification_system\_ide\scripts\debugger_servodrive_cb_fpgaverification-default.tcl'
10:00:48 INFO  : Checking for BSP changes to sync application flags for project 'ServoDrive_CB_FPGAVerification'...
10:01:03 INFO  : Disconnected from the channel tcfchan#28.
10:01:04 INFO  : Connected through redirection to target on host 'localhost' and port '3122'.
10:01:13 INFO  : ----------------XSDB Script----------------
connect -path [list tcp::1534 tcp:localhost:3122]
----------------End of Script----------------

10:01:13 ERROR : Could not find ARM device on the board for connection 'enclustra'.
Check if the target is in:
1. Split JTAG - No operations are possible with ARM DAP.
2. Non JTAG bootmode - Bootrom may need time to enable DAP.
Please try again.


Troubleshooting hints:
1. Check whether board is connected to system properly.
2. In case of zynq board, check whether Digilent/Xilinx cable switch settings are correct.
3. If you are using Xilinx Platform Cable USB, ensure that status LED is green.
10:01:19 INFO  : Connected through redirection to target on host 'localhost' and port '3122'.
10:01:20 INFO  : Jtag cable 'Enclustra GmbH Module Link enclustraA' is selected.
10:01:20 INFO  : 'jtag frequency' command is executed.
10:01:20 INFO  : Sourcing of 'C:/Xilinx/Vitis/2023.1/scripts/vitis/util/zynqmp_utils.tcl' is done.
10:01:20 INFO  : Context for 'APU' is selected.
10:01:20 INFO  : System reset is completed.
10:01:23 INFO  : 'after 3000' command is executed.
10:01:23 INFO  : Context for 'APU' is selected.
10:01:23 INFO  : Cleared APU and A53 resets
10:01:23 INFO  : Context for 'RPU' is selected.
10:01:26 INFO  : Cleared RPU and R5 resets
10:01:26 INFO  : Split mode is enabled for R5#1
10:01:26 INFO  : 'targets -set -filter {jtag_cable_name =~ "Enclustra GmbH Module Link enclustraA" && level==0 && jtag_device_ctx=="jsn-Module Link-enclustraA-04721093-0"}' command is executed.
10:01:31 INFO  : Device configured successfully with "D:/Work/Vitis_workspace_FPGAVerification/ServoDrive_CB_FPGAVerification/_ide/bitstream/Mercury_XU5_PE1.bit"
10:01:31 INFO  : Context for 'APU' is selected.
10:01:31 INFO  : Hardware design and registers information is loaded from 'D:/Work/Vitis_workspace_FPGAVerification/Mercury_XU5_PE1/export/Mercury_XU5_PE1/hw/Mercury_XU5_PE1.xsa'.
10:01:31 INFO  : 'configparams force-mem-access 1' command is executed.
10:01:31 INFO  : Context for 'APU' is selected.
10:01:31 INFO  : Sourcing of 'D:/Work/Vitis_workspace_FPGAVerification/ServoDrive_CB_FPGAVerification/_ide/psinit/psu_init.tcl' is done.
10:01:32 INFO  : 'psu_init' command is executed.
10:01:32 INFO  : Sourcing of 'C:/Xilinx/Vitis/2023.1/scripts/vitis/util/fsbl.tcl' is done.
10:01:33 INFO  : 'catch {XFsbl_DdrEccInit}' command is executed.
10:01:34 INFO  : 'after 1000' command is executed.
10:01:34 INFO  : 'psu_ps_pl_isolation_removal' command is executed.
10:01:35 INFO  : 'after 1000' command is executed.
10:01:35 INFO  : 'psu_ps_pl_reset_config' command is executed.
10:01:35 INFO  : 'catch {psu_protection}' command is executed.
10:01:35 INFO  : Context for processor 'psu_cortexa53_0' is selected.
10:01:35 INFO  : Processor reset is completed for 'psu_cortexa53_0'.
10:01:39 INFO  : The application 'D:/Work/Vitis_workspace_FPGAVerification/ServoDrive_CB_FPGAVerification/Debug/ServoDrive_CB_FPGAVerification.elf' is downloaded to processor 'psu_cortexa53_0'.
10:01:39 INFO  : 'configparams force-mem-access 0' command is executed.
10:01:39 INFO  : ----------------XSDB Script----------------
connect -path [list tcp::1534 tcp:localhost:3122]
source C:/Xilinx/Vitis/2023.1/scripts/vitis/util/zynqmp_utils.tcl
targets -set -nocase -filter {name =~"APU*"}
rst -system
after 3000
targets -set -nocase -filter {name =~"APU*"}
reset_apu
targets -set -nocase -filter {name =~"RPU*"}
clear_rpu_reset
enable_split_mode
targets -set -filter {jtag_cable_name =~ "Enclustra GmbH Module Link enclustraA" && level==0 && jtag_device_ctx=="jsn-Module Link-enclustraA-04721093-0"}
fpga -file D:/Work/Vitis_workspace_FPGAVerification/ServoDrive_CB_FPGAVerification/_ide/bitstream/Mercury_XU5_PE1.bit
targets -set -nocase -filter {name =~"APU*"}
loadhw -hw D:/Work/Vitis_workspace_FPGAVerification/Mercury_XU5_PE1/export/Mercury_XU5_PE1/hw/Mercury_XU5_PE1.xsa -mem-ranges [list {0x80000000 0xbfffffff} {0x400000000 0x5ffffffff} {0x1000000000 0x7fffffffff}] -regs
configparams force-mem-access 1
targets -set -nocase -filter {name =~"APU*"}
source D:/Work/Vitis_workspace_FPGAVerification/ServoDrive_CB_FPGAVerification/_ide/psinit/psu_init.tcl
psu_init
source C:/Xilinx/Vitis/2023.1/scripts/vitis/util/fsbl.tcl
catch {XFsbl_DdrEccInit}
after 1000
psu_ps_pl_isolation_removal
after 1000
psu_ps_pl_reset_config
catch {psu_protection}
targets -set -nocase -filter {name =~ "*A53*#0"}
rst -processor
dow D:/Work/Vitis_workspace_FPGAVerification/ServoDrive_CB_FPGAVerification/Debug/ServoDrive_CB_FPGAVerification.elf
configparams force-mem-access 0
----------------End of Script----------------

10:01:39 INFO  : Context for processor 'psu_cortexa53_0' is selected.
10:01:39 INFO  : 'con' command is executed.
10:01:39 INFO  : ----------------XSDB Script (After Launch)----------------
targets -set -nocase -filter {name =~ "*A53*#0"}
con
----------------End of Script----------------

10:01:39 INFO  : Launch script is exported to file 'D:\Work\Vitis_workspace_FPGAVerification\ServoDrive_CB_FPGAVerification_system\_ide\scripts\debugger_servodrive_cb_fpgaverification-default.tcl'
10:03:15 INFO  : Checking for BSP changes to sync application flags for project 'ServoDrive_CB_FPGAVerification'...
10:03:34 INFO  : Disconnected from the channel tcfchan#29.
10:03:35 INFO  : Connected through redirection to target on host 'localhost' and port '3122'.
10:03:35 INFO  : Jtag cable 'Enclustra GmbH Module Link enclustraA' is selected.
10:03:35 INFO  : 'jtag frequency' command is executed.
10:03:35 INFO  : Sourcing of 'C:/Xilinx/Vitis/2023.1/scripts/vitis/util/zynqmp_utils.tcl' is done.
10:03:35 INFO  : Context for 'APU' is selected.
10:03:35 INFO  : System reset is completed.
10:03:38 INFO  : 'after 3000' command is executed.
10:03:38 INFO  : Context for 'APU' is selected.
10:03:38 INFO  : Cleared APU and A53 resets
10:03:38 INFO  : Context for 'RPU' is selected.
10:03:41 INFO  : Cleared RPU and R5 resets
10:03:41 INFO  : Split mode is enabled for R5#1
10:03:41 INFO  : 'targets -set -filter {jtag_cable_name =~ "Enclustra GmbH Module Link enclustraA" && level==0 && jtag_device_ctx=="jsn-Module Link-enclustraA-04721093-0"}' command is executed.
10:03:46 INFO  : Device configured successfully with "D:/Work/Vitis_workspace_FPGAVerification/ServoDrive_CB_FPGAVerification/_ide/bitstream/Mercury_XU5_PE1.bit"
10:03:46 INFO  : Context for 'APU' is selected.
10:03:46 INFO  : Hardware design and registers information is loaded from 'D:/Work/Vitis_workspace_FPGAVerification/Mercury_XU5_PE1/export/Mercury_XU5_PE1/hw/Mercury_XU5_PE1.xsa'.
10:03:46 INFO  : 'configparams force-mem-access 1' command is executed.
10:03:46 INFO  : Context for 'APU' is selected.
10:03:46 INFO  : Sourcing of 'D:/Work/Vitis_workspace_FPGAVerification/ServoDrive_CB_FPGAVerification/_ide/psinit/psu_init.tcl' is done.
10:03:47 INFO  : 'psu_init' command is executed.
10:03:47 INFO  : Sourcing of 'C:/Xilinx/Vitis/2023.1/scripts/vitis/util/fsbl.tcl' is done.
10:03:47 INFO  : 'catch {XFsbl_DdrEccInit}' command is executed.
10:03:48 INFO  : 'after 1000' command is executed.
10:03:49 INFO  : 'psu_ps_pl_isolation_removal' command is executed.
10:03:50 INFO  : 'after 1000' command is executed.
10:03:50 INFO  : 'psu_ps_pl_reset_config' command is executed.
10:03:50 INFO  : 'catch {psu_protection}' command is executed.
10:03:50 INFO  : Context for processor 'psu_cortexa53_0' is selected.
10:03:50 INFO  : Processor reset is completed for 'psu_cortexa53_0'.
10:03:54 INFO  : The application 'D:/Work/Vitis_workspace_FPGAVerification/ServoDrive_CB_FPGAVerification/Debug/ServoDrive_CB_FPGAVerification.elf' is downloaded to processor 'psu_cortexa53_0'.
10:03:54 INFO  : 'configparams force-mem-access 0' command is executed.
10:03:54 INFO  : ----------------XSDB Script----------------
connect -path [list tcp::1534 tcp:localhost:3122]
source C:/Xilinx/Vitis/2023.1/scripts/vitis/util/zynqmp_utils.tcl
targets -set -nocase -filter {name =~"APU*"}
rst -system
after 3000
targets -set -nocase -filter {name =~"APU*"}
reset_apu
targets -set -nocase -filter {name =~"RPU*"}
clear_rpu_reset
enable_split_mode
targets -set -filter {jtag_cable_name =~ "Enclustra GmbH Module Link enclustraA" && level==0 && jtag_device_ctx=="jsn-Module Link-enclustraA-04721093-0"}
fpga -file D:/Work/Vitis_workspace_FPGAVerification/ServoDrive_CB_FPGAVerification/_ide/bitstream/Mercury_XU5_PE1.bit
targets -set -nocase -filter {name =~"APU*"}
loadhw -hw D:/Work/Vitis_workspace_FPGAVerification/Mercury_XU5_PE1/export/Mercury_XU5_PE1/hw/Mercury_XU5_PE1.xsa -mem-ranges [list {0x80000000 0xbfffffff} {0x400000000 0x5ffffffff} {0x1000000000 0x7fffffffff}] -regs
configparams force-mem-access 1
targets -set -nocase -filter {name =~"APU*"}
source D:/Work/Vitis_workspace_FPGAVerification/ServoDrive_CB_FPGAVerification/_ide/psinit/psu_init.tcl
psu_init
source C:/Xilinx/Vitis/2023.1/scripts/vitis/util/fsbl.tcl
catch {XFsbl_DdrEccInit}
after 1000
psu_ps_pl_isolation_removal
after 1000
psu_ps_pl_reset_config
catch {psu_protection}
targets -set -nocase -filter {name =~ "*A53*#0"}
rst -processor
dow D:/Work/Vitis_workspace_FPGAVerification/ServoDrive_CB_FPGAVerification/Debug/ServoDrive_CB_FPGAVerification.elf
configparams force-mem-access 0
----------------End of Script----------------

10:03:54 INFO  : Context for processor 'psu_cortexa53_0' is selected.
10:03:54 INFO  : 'con' command is executed.
10:03:54 INFO  : ----------------XSDB Script (After Launch)----------------
targets -set -nocase -filter {name =~ "*A53*#0"}
con
----------------End of Script----------------

10:03:54 INFO  : Launch script is exported to file 'D:\Work\Vitis_workspace_FPGAVerification\ServoDrive_CB_FPGAVerification_system\_ide\scripts\debugger_servodrive_cb_fpgaverification-default.tcl'
11:40:14 INFO  : Checking for BSP changes to sync application flags for project 'ServoDrive_CB_FPGAVerification'...
11:43:03 INFO  : Checking for BSP changes to sync application flags for project 'ServoDrive_CB_FPGAVerification'...
11:43:16 INFO  : Disconnected from the channel tcfchan#30.
11:43:17 INFO  : Connected through redirection to target on host 'localhost' and port '3122'.
11:43:26 INFO  : ----------------XSDB Script----------------
connect -path [list tcp::1534 tcp:localhost:3122]
----------------End of Script----------------

11:43:26 ERROR : Could not find ARM device on the board for connection 'enclustra'.
Check if the target is in:
1. Split JTAG - No operations are possible with ARM DAP.
2. Non JTAG bootmode - Bootrom may need time to enable DAP.
Please try again.


Troubleshooting hints:
1. Check whether board is connected to system properly.
2. In case of zynq board, check whether Digilent/Xilinx cable switch settings are correct.
3. If you are using Xilinx Platform Cable USB, ensure that status LED is green.
11:43:35 INFO  : Connected through redirection to target on host 'localhost' and port '3122'.
11:43:36 INFO  : Jtag cable 'Enclustra GmbH Module Link enclustraA' is selected.
11:43:36 INFO  : 'jtag frequency' command is executed.
11:43:36 INFO  : Sourcing of 'C:/Xilinx/Vitis/2023.1/scripts/vitis/util/zynqmp_utils.tcl' is done.
11:43:36 INFO  : Context for 'APU' is selected.
11:43:36 INFO  : System reset is completed.
11:43:39 INFO  : 'after 3000' command is executed.
11:43:39 INFO  : Context for 'APU' is selected.
11:43:39 INFO  : Cleared APU and A53 resets
11:43:39 INFO  : Context for 'RPU' is selected.
11:43:42 INFO  : Cleared RPU and R5 resets
11:43:42 INFO  : Split mode is enabled for R5#1
11:43:43 INFO  : 'targets -set -filter {jtag_cable_name =~ "Enclustra GmbH Module Link enclustraA" && level==0 && jtag_device_ctx=="jsn-Module Link-enclustraA-04721093-0"}' command is executed.
11:43:47 INFO  : Device configured successfully with "D:/Work/Vitis_workspace_FPGAVerification/ServoDrive_CB_FPGAVerification/_ide/bitstream/Mercury_XU5_PE1.bit"
11:43:47 INFO  : Context for 'APU' is selected.
11:43:47 INFO  : Hardware design and registers information is loaded from 'D:/Work/Vitis_workspace_FPGAVerification/Mercury_XU5_PE1/export/Mercury_XU5_PE1/hw/Mercury_XU5_PE1.xsa'.
11:43:47 INFO  : 'configparams force-mem-access 1' command is executed.
11:43:47 INFO  : Context for 'APU' is selected.
11:43:47 INFO  : Sourcing of 'D:/Work/Vitis_workspace_FPGAVerification/ServoDrive_CB_FPGAVerification/_ide/psinit/psu_init.tcl' is done.
11:43:48 INFO  : 'psu_init' command is executed.
11:43:48 INFO  : Sourcing of 'C:/Xilinx/Vitis/2023.1/scripts/vitis/util/fsbl.tcl' is done.
11:43:49 INFO  : 'catch {XFsbl_DdrEccInit}' command is executed.
11:43:50 INFO  : 'after 1000' command is executed.
11:43:50 INFO  : 'psu_ps_pl_isolation_removal' command is executed.
11:43:51 INFO  : 'after 1000' command is executed.
11:43:51 INFO  : 'psu_ps_pl_reset_config' command is executed.
11:43:51 INFO  : 'catch {psu_protection}' command is executed.
11:43:51 INFO  : Context for processor 'psu_cortexa53_0' is selected.
11:43:51 INFO  : Processor reset is completed for 'psu_cortexa53_0'.
11:43:55 INFO  : The application 'D:/Work/Vitis_workspace_FPGAVerification/ServoDrive_CB_FPGAVerification/Debug/ServoDrive_CB_FPGAVerification.elf' is downloaded to processor 'psu_cortexa53_0'.
11:43:55 INFO  : 'configparams force-mem-access 0' command is executed.
11:43:55 INFO  : ----------------XSDB Script----------------
connect -path [list tcp::1534 tcp:localhost:3122]
source C:/Xilinx/Vitis/2023.1/scripts/vitis/util/zynqmp_utils.tcl
targets -set -nocase -filter {name =~"APU*"}
rst -system
after 3000
targets -set -nocase -filter {name =~"APU*"}
reset_apu
targets -set -nocase -filter {name =~"RPU*"}
clear_rpu_reset
enable_split_mode
targets -set -filter {jtag_cable_name =~ "Enclustra GmbH Module Link enclustraA" && level==0 && jtag_device_ctx=="jsn-Module Link-enclustraA-04721093-0"}
fpga -file D:/Work/Vitis_workspace_FPGAVerification/ServoDrive_CB_FPGAVerification/_ide/bitstream/Mercury_XU5_PE1.bit
targets -set -nocase -filter {name =~"APU*"}
loadhw -hw D:/Work/Vitis_workspace_FPGAVerification/Mercury_XU5_PE1/export/Mercury_XU5_PE1/hw/Mercury_XU5_PE1.xsa -mem-ranges [list {0x80000000 0xbfffffff} {0x400000000 0x5ffffffff} {0x1000000000 0x7fffffffff}] -regs
configparams force-mem-access 1
targets -set -nocase -filter {name =~"APU*"}
source D:/Work/Vitis_workspace_FPGAVerification/ServoDrive_CB_FPGAVerification/_ide/psinit/psu_init.tcl
psu_init
source C:/Xilinx/Vitis/2023.1/scripts/vitis/util/fsbl.tcl
catch {XFsbl_DdrEccInit}
after 1000
psu_ps_pl_isolation_removal
after 1000
psu_ps_pl_reset_config
catch {psu_protection}
targets -set -nocase -filter {name =~ "*A53*#0"}
rst -processor
dow D:/Work/Vitis_workspace_FPGAVerification/ServoDrive_CB_FPGAVerification/Debug/ServoDrive_CB_FPGAVerification.elf
configparams force-mem-access 0
----------------End of Script----------------

11:43:55 INFO  : Context for processor 'psu_cortexa53_0' is selected.
11:43:55 INFO  : 'con' command is executed.
11:43:55 INFO  : ----------------XSDB Script (After Launch)----------------
targets -set -nocase -filter {name =~ "*A53*#0"}
con
----------------End of Script----------------

11:43:55 INFO  : Launch script is exported to file 'D:\Work\Vitis_workspace_FPGAVerification\ServoDrive_CB_FPGAVerification_system\_ide\scripts\debugger_servodrive_cb_fpgaverification-default.tcl'
12:00:04 INFO  : Checking for BSP changes to sync application flags for project 'ServoDrive_CB_FPGAVerification'...
12:00:22 INFO  : Disconnected from the channel tcfchan#31.
12:00:23 INFO  : Connected through redirection to target on host 'localhost' and port '3122'.
12:00:23 INFO  : Jtag cable 'Enclustra GmbH Module Link enclustraA' is selected.
12:00:23 INFO  : 'jtag frequency' command is executed.
12:00:23 INFO  : Sourcing of 'C:/Xilinx/Vitis/2023.1/scripts/vitis/util/zynqmp_utils.tcl' is done.
12:00:23 INFO  : Context for 'APU' is selected.
12:00:24 INFO  : System reset is completed.
12:00:27 INFO  : 'after 3000' command is executed.
12:00:27 INFO  : Context for 'APU' is selected.
12:00:27 INFO  : Cleared APU and A53 resets
12:00:27 INFO  : Context for 'RPU' is selected.
12:00:30 INFO  : Cleared RPU and R5 resets
12:00:30 INFO  : Split mode is enabled for R5#1
12:00:30 INFO  : 'targets -set -filter {jtag_cable_name =~ "Enclustra GmbH Module Link enclustraA" && level==0 && jtag_device_ctx=="jsn-Module Link-enclustraA-04721093-0"}' command is executed.
12:00:35 INFO  : Device configured successfully with "D:/Work/Vitis_workspace_FPGAVerification/ServoDrive_CB_FPGAVerification/_ide/bitstream/Mercury_XU5_PE1.bit"
12:00:35 INFO  : Context for 'APU' is selected.
12:00:35 INFO  : Hardware design and registers information is loaded from 'D:/Work/Vitis_workspace_FPGAVerification/Mercury_XU5_PE1/export/Mercury_XU5_PE1/hw/Mercury_XU5_PE1.xsa'.
12:00:35 INFO  : 'configparams force-mem-access 1' command is executed.
12:00:35 INFO  : Context for 'APU' is selected.
12:00:35 INFO  : Sourcing of 'D:/Work/Vitis_workspace_FPGAVerification/ServoDrive_CB_FPGAVerification/_ide/psinit/psu_init.tcl' is done.
12:00:36 INFO  : 'psu_init' command is executed.
12:00:36 INFO  : Sourcing of 'C:/Xilinx/Vitis/2023.1/scripts/vitis/util/fsbl.tcl' is done.
12:00:37 INFO  : 'catch {XFsbl_DdrEccInit}' command is executed.
12:00:38 INFO  : 'after 1000' command is executed.
12:00:38 INFO  : 'psu_ps_pl_isolation_removal' command is executed.
12:00:39 INFO  : 'after 1000' command is executed.
12:00:39 INFO  : 'psu_ps_pl_reset_config' command is executed.
12:00:39 INFO  : 'catch {psu_protection}' command is executed.
12:00:39 INFO  : Context for processor 'psu_cortexa53_0' is selected.
12:00:39 INFO  : Processor reset is completed for 'psu_cortexa53_0'.
12:00:45 INFO  : The application 'D:/Work/Vitis_workspace_FPGAVerification/ServoDrive_CB_FPGAVerification/Debug/ServoDrive_CB_FPGAVerification.elf' is downloaded to processor 'psu_cortexa53_0'.
12:00:45 INFO  : 'configparams force-mem-access 0' command is executed.
12:00:45 INFO  : ----------------XSDB Script----------------
connect -path [list tcp::1534 tcp:localhost:3122]
source C:/Xilinx/Vitis/2023.1/scripts/vitis/util/zynqmp_utils.tcl
targets -set -nocase -filter {name =~"APU*"}
rst -system
after 3000
targets -set -nocase -filter {name =~"APU*"}
reset_apu
targets -set -nocase -filter {name =~"RPU*"}
clear_rpu_reset
enable_split_mode
targets -set -filter {jtag_cable_name =~ "Enclustra GmbH Module Link enclustraA" && level==0 && jtag_device_ctx=="jsn-Module Link-enclustraA-04721093-0"}
fpga -file D:/Work/Vitis_workspace_FPGAVerification/ServoDrive_CB_FPGAVerification/_ide/bitstream/Mercury_XU5_PE1.bit
targets -set -nocase -filter {name =~"APU*"}
loadhw -hw D:/Work/Vitis_workspace_FPGAVerification/Mercury_XU5_PE1/export/Mercury_XU5_PE1/hw/Mercury_XU5_PE1.xsa -mem-ranges [list {0x80000000 0xbfffffff} {0x400000000 0x5ffffffff} {0x1000000000 0x7fffffffff}] -regs
configparams force-mem-access 1
targets -set -nocase -filter {name =~"APU*"}
source D:/Work/Vitis_workspace_FPGAVerification/ServoDrive_CB_FPGAVerification/_ide/psinit/psu_init.tcl
psu_init
source C:/Xilinx/Vitis/2023.1/scripts/vitis/util/fsbl.tcl
catch {XFsbl_DdrEccInit}
after 1000
psu_ps_pl_isolation_removal
after 1000
psu_ps_pl_reset_config
catch {psu_protection}
targets -set -nocase -filter {name =~ "*A53*#0"}
rst -processor
dow D:/Work/Vitis_workspace_FPGAVerification/ServoDrive_CB_FPGAVerification/Debug/ServoDrive_CB_FPGAVerification.elf
configparams force-mem-access 0
----------------End of Script----------------

12:00:45 INFO  : Context for processor 'psu_cortexa53_0' is selected.
12:00:45 INFO  : 'con' command is executed.
12:00:45 INFO  : ----------------XSDB Script (After Launch)----------------
targets -set -nocase -filter {name =~ "*A53*#0"}
con
----------------End of Script----------------

12:00:45 INFO  : Launch script is exported to file 'D:\Work\Vitis_workspace_FPGAVerification\ServoDrive_CB_FPGAVerification_system\_ide\scripts\debugger_servodrive_cb_fpgaverification-default.tcl'
12:04:32 INFO  : Checking for BSP changes to sync application flags for project 'ServoDrive_CB_FPGAVerification'...
12:04:47 INFO  : Disconnected from the channel tcfchan#32.
12:04:48 INFO  : Connected through redirection to target on host 'localhost' and port '3122'.
12:04:58 INFO  : ----------------XSDB Script----------------
connect -path [list tcp::1534 tcp:localhost:3122]
----------------End of Script----------------

12:04:58 ERROR : Could not find ARM device on the board for connection 'enclustra'.
Check if the target is in:
1. Split JTAG - No operations are possible with ARM DAP.
2. Non JTAG bootmode - Bootrom may need time to enable DAP.
Please try again.


Troubleshooting hints:
1. Check whether board is connected to system properly.
2. In case of zynq board, check whether Digilent/Xilinx cable switch settings are correct.
3. If you are using Xilinx Platform Cable USB, ensure that status LED is green.
12:05:11 INFO  : Connected through redirection to target on host 'localhost' and port '3122'.
12:05:11 INFO  : Jtag cable 'Enclustra GmbH Module Link enclustraA' is selected.
12:05:11 INFO  : 'jtag frequency' command is executed.
12:05:11 INFO  : Sourcing of 'C:/Xilinx/Vitis/2023.1/scripts/vitis/util/zynqmp_utils.tcl' is done.
12:05:11 INFO  : Context for 'APU' is selected.
12:05:11 INFO  : System reset is completed.
12:05:14 INFO  : 'after 3000' command is executed.
12:05:14 INFO  : Context for 'APU' is selected.
12:05:14 INFO  : Cleared APU and A53 resets
12:05:14 INFO  : Context for 'RPU' is selected.
12:05:17 INFO  : Cleared RPU and R5 resets
12:05:17 INFO  : Split mode is enabled for R5#1
12:05:18 INFO  : 'targets -set -filter {jtag_cable_name =~ "Enclustra GmbH Module Link enclustraA" && level==0 && jtag_device_ctx=="jsn-Module Link-enclustraA-04721093-0"}' command is executed.
12:05:22 INFO  : Device configured successfully with "D:/Work/Vitis_workspace_FPGAVerification/ServoDrive_CB_FPGAVerification/_ide/bitstream/Mercury_XU5_PE1.bit"
12:05:22 INFO  : Context for 'APU' is selected.
12:05:22 INFO  : Hardware design and registers information is loaded from 'D:/Work/Vitis_workspace_FPGAVerification/Mercury_XU5_PE1/export/Mercury_XU5_PE1/hw/Mercury_XU5_PE1.xsa'.
12:05:22 INFO  : 'configparams force-mem-access 1' command is executed.
12:05:22 INFO  : Context for 'APU' is selected.
12:05:22 INFO  : Sourcing of 'D:/Work/Vitis_workspace_FPGAVerification/ServoDrive_CB_FPGAVerification/_ide/psinit/psu_init.tcl' is done.
12:05:24 INFO  : 'psu_init' command is executed.
12:05:24 INFO  : Sourcing of 'C:/Xilinx/Vitis/2023.1/scripts/vitis/util/fsbl.tcl' is done.
12:05:25 INFO  : 'catch {XFsbl_DdrEccInit}' command is executed.
12:05:26 INFO  : 'after 1000' command is executed.
12:05:26 INFO  : 'psu_ps_pl_isolation_removal' command is executed.
12:05:27 INFO  : 'after 1000' command is executed.
12:05:27 INFO  : 'psu_ps_pl_reset_config' command is executed.
12:05:27 INFO  : 'catch {psu_protection}' command is executed.
12:05:27 INFO  : Context for processor 'psu_cortexa53_0' is selected.
12:05:27 INFO  : Processor reset is completed for 'psu_cortexa53_0'.
12:05:32 INFO  : The application 'D:/Work/Vitis_workspace_FPGAVerification/ServoDrive_CB_FPGAVerification/Debug/ServoDrive_CB_FPGAVerification.elf' is downloaded to processor 'psu_cortexa53_0'.
12:05:32 INFO  : 'configparams force-mem-access 0' command is executed.
12:05:32 INFO  : ----------------XSDB Script----------------
connect -path [list tcp::1534 tcp:localhost:3122]
source C:/Xilinx/Vitis/2023.1/scripts/vitis/util/zynqmp_utils.tcl
targets -set -nocase -filter {name =~"APU*"}
rst -system
after 3000
targets -set -nocase -filter {name =~"APU*"}
reset_apu
targets -set -nocase -filter {name =~"RPU*"}
clear_rpu_reset
enable_split_mode
targets -set -filter {jtag_cable_name =~ "Enclustra GmbH Module Link enclustraA" && level==0 && jtag_device_ctx=="jsn-Module Link-enclustraA-04721093-0"}
fpga -file D:/Work/Vitis_workspace_FPGAVerification/ServoDrive_CB_FPGAVerification/_ide/bitstream/Mercury_XU5_PE1.bit
targets -set -nocase -filter {name =~"APU*"}
loadhw -hw D:/Work/Vitis_workspace_FPGAVerification/Mercury_XU5_PE1/export/Mercury_XU5_PE1/hw/Mercury_XU5_PE1.xsa -mem-ranges [list {0x80000000 0xbfffffff} {0x400000000 0x5ffffffff} {0x1000000000 0x7fffffffff}] -regs
configparams force-mem-access 1
targets -set -nocase -filter {name =~"APU*"}
source D:/Work/Vitis_workspace_FPGAVerification/ServoDrive_CB_FPGAVerification/_ide/psinit/psu_init.tcl
psu_init
source C:/Xilinx/Vitis/2023.1/scripts/vitis/util/fsbl.tcl
catch {XFsbl_DdrEccInit}
after 1000
psu_ps_pl_isolation_removal
after 1000
psu_ps_pl_reset_config
catch {psu_protection}
targets -set -nocase -filter {name =~ "*A53*#0"}
rst -processor
dow D:/Work/Vitis_workspace_FPGAVerification/ServoDrive_CB_FPGAVerification/Debug/ServoDrive_CB_FPGAVerification.elf
configparams force-mem-access 0
----------------End of Script----------------

12:05:32 INFO  : Context for processor 'psu_cortexa53_0' is selected.
12:05:32 INFO  : 'con' command is executed.
12:05:32 INFO  : ----------------XSDB Script (After Launch)----------------
targets -set -nocase -filter {name =~ "*A53*#0"}
con
----------------End of Script----------------

12:05:32 INFO  : Launch script is exported to file 'D:\Work\Vitis_workspace_FPGAVerification\ServoDrive_CB_FPGAVerification_system\_ide\scripts\debugger_servodrive_cb_fpgaverification-default.tcl'
14:12:17 INFO  : Checking for BSP changes to sync application flags for project 'ServoDrive_CB_FPGAVerification'...
14:12:57 INFO  : Checking for BSP changes to sync application flags for project 'ServoDrive_CB_FPGAVerification'...
14:13:08 INFO  : Disconnected from the channel tcfchan#33.
14:13:09 INFO  : Connected through redirection to target on host 'localhost' and port '3122'.
14:13:18 INFO  : ----------------XSDB Script----------------
connect -path [list tcp::1534 tcp:localhost:3122]
----------------End of Script----------------

14:13:18 ERROR : Could not find ARM device on the board for connection 'enclustra'.
Check if the target is in:
1. Split JTAG - No operations are possible with ARM DAP.
2. Non JTAG bootmode - Bootrom may need time to enable DAP.
Please try again.


Troubleshooting hints:
1. Check whether board is connected to system properly.
2. In case of zynq board, check whether Digilent/Xilinx cable switch settings are correct.
3. If you are using Xilinx Platform Cable USB, ensure that status LED is green.
14:13:25 INFO  : Connected through redirection to target on host 'localhost' and port '3122'.
14:13:26 INFO  : Jtag cable 'Enclustra GmbH Module Link enclustraA' is selected.
14:13:26 INFO  : 'jtag frequency' command is executed.
14:13:26 INFO  : Sourcing of 'C:/Xilinx/Vitis/2023.1/scripts/vitis/util/zynqmp_utils.tcl' is done.
14:13:26 INFO  : Context for 'APU' is selected.
14:13:26 INFO  : System reset is completed.
14:13:29 INFO  : 'after 3000' command is executed.
14:13:29 INFO  : Context for 'APU' is selected.
14:13:29 INFO  : Cleared APU and A53 resets
14:13:29 INFO  : Context for 'RPU' is selected.
14:13:32 INFO  : Cleared RPU and R5 resets
14:13:32 INFO  : Split mode is enabled for R5#1
14:13:32 INFO  : 'targets -set -filter {jtag_cable_name =~ "Enclustra GmbH Module Link enclustraA" && level==0 && jtag_device_ctx=="jsn-Module Link-enclustraA-04721093-0"}' command is executed.
14:13:37 INFO  : Device configured successfully with "D:/Work/Vitis_workspace_FPGAVerification/ServoDrive_CB_FPGAVerification/_ide/bitstream/Mercury_XU5_PE1.bit"
14:13:37 INFO  : Context for 'APU' is selected.
14:13:37 INFO  : Hardware design and registers information is loaded from 'D:/Work/Vitis_workspace_FPGAVerification/Mercury_XU5_PE1/export/Mercury_XU5_PE1/hw/Mercury_XU5_PE1.xsa'.
14:13:37 INFO  : 'configparams force-mem-access 1' command is executed.
14:13:37 INFO  : Context for 'APU' is selected.
14:13:37 INFO  : Sourcing of 'D:/Work/Vitis_workspace_FPGAVerification/ServoDrive_CB_FPGAVerification/_ide/psinit/psu_init.tcl' is done.
14:13:38 INFO  : 'psu_init' command is executed.
14:13:38 INFO  : Sourcing of 'C:/Xilinx/Vitis/2023.1/scripts/vitis/util/fsbl.tcl' is done.
14:13:38 INFO  : 'catch {XFsbl_DdrEccInit}' command is executed.
14:13:39 INFO  : 'after 1000' command is executed.
14:13:39 INFO  : 'psu_ps_pl_isolation_removal' command is executed.
14:13:40 INFO  : 'after 1000' command is executed.
14:13:40 INFO  : 'psu_ps_pl_reset_config' command is executed.
14:13:40 INFO  : 'catch {psu_protection}' command is executed.
14:13:40 INFO  : Context for processor 'psu_cortexa53_0' is selected.
14:13:40 INFO  : Processor reset is completed for 'psu_cortexa53_0'.
14:13:45 INFO  : The application 'D:/Work/Vitis_workspace_FPGAVerification/ServoDrive_CB_FPGAVerification/Debug/ServoDrive_CB_FPGAVerification.elf' is downloaded to processor 'psu_cortexa53_0'.
14:13:45 INFO  : 'configparams force-mem-access 0' command is executed.
14:13:45 INFO  : ----------------XSDB Script----------------
connect -path [list tcp::1534 tcp:localhost:3122]
source C:/Xilinx/Vitis/2023.1/scripts/vitis/util/zynqmp_utils.tcl
targets -set -nocase -filter {name =~"APU*"}
rst -system
after 3000
targets -set -nocase -filter {name =~"APU*"}
reset_apu
targets -set -nocase -filter {name =~"RPU*"}
clear_rpu_reset
enable_split_mode
targets -set -filter {jtag_cable_name =~ "Enclustra GmbH Module Link enclustraA" && level==0 && jtag_device_ctx=="jsn-Module Link-enclustraA-04721093-0"}
fpga -file D:/Work/Vitis_workspace_FPGAVerification/ServoDrive_CB_FPGAVerification/_ide/bitstream/Mercury_XU5_PE1.bit
targets -set -nocase -filter {name =~"APU*"}
loadhw -hw D:/Work/Vitis_workspace_FPGAVerification/Mercury_XU5_PE1/export/Mercury_XU5_PE1/hw/Mercury_XU5_PE1.xsa -mem-ranges [list {0x80000000 0xbfffffff} {0x400000000 0x5ffffffff} {0x1000000000 0x7fffffffff}] -regs
configparams force-mem-access 1
targets -set -nocase -filter {name =~"APU*"}
source D:/Work/Vitis_workspace_FPGAVerification/ServoDrive_CB_FPGAVerification/_ide/psinit/psu_init.tcl
psu_init
source C:/Xilinx/Vitis/2023.1/scripts/vitis/util/fsbl.tcl
catch {XFsbl_DdrEccInit}
after 1000
psu_ps_pl_isolation_removal
after 1000
psu_ps_pl_reset_config
catch {psu_protection}
targets -set -nocase -filter {name =~ "*A53*#0"}
rst -processor
dow D:/Work/Vitis_workspace_FPGAVerification/ServoDrive_CB_FPGAVerification/Debug/ServoDrive_CB_FPGAVerification.elf
configparams force-mem-access 0
----------------End of Script----------------

14:13:45 INFO  : Context for processor 'psu_cortexa53_0' is selected.
14:13:45 INFO  : 'con' command is executed.
14:13:45 INFO  : ----------------XSDB Script (After Launch)----------------
targets -set -nocase -filter {name =~ "*A53*#0"}
con
----------------End of Script----------------

14:13:45 INFO  : Launch script is exported to file 'D:\Work\Vitis_workspace_FPGAVerification\ServoDrive_CB_FPGAVerification_system\_ide\scripts\debugger_servodrive_cb_fpgaverification-default.tcl'
14:15:33 INFO  : Connected to target on host '127.0.0.1' and port '3121'.
14:16:21 DEBUG : Logs will be stored at 'D:/Work/Vitis_workspace_FPGAVerification/IDE.log'.
14:16:21 INFO  : Launching XSCT server: xsct.bat -n  -interactive D:\Work\Vitis_workspace_FPGAVerification\temp_xsdb_launch_script.tcl
14:16:25 INFO  : XSCT server has started successfully.
14:16:25 INFO  : Successfully done setting XSCT server connection channel  
14:16:25 INFO  : plnx-install-location is set to ''
14:16:25 INFO  : Successfully done setting workspace for the tool. 
14:16:25 INFO  : Platform repository initialization has completed.
14:16:44 INFO  : Registering command handlers for Vitis TCF services
14:16:44 INFO  : Successfully done query RDI_DATADIR 
14:16:50 INFO  : Connected to target on host '127.0.0.1' and port '3121'.
09:29:12 DEBUG : Logs will be stored at 'D:/Work/Vitis_workspace_FPGAVerification/IDE.log'.
09:29:14 INFO  : Launching XSCT server: xsct.bat -n  -interactive D:\Work\Vitis_workspace_FPGAVerification\temp_xsdb_launch_script.tcl
09:29:18 INFO  : XSCT server has started successfully.
09:29:18 INFO  : plnx-install-location is set to ''
09:29:18 INFO  : Successfully done setting XSCT server connection channel  
09:29:18 INFO  : Successfully done setting workspace for the tool. 
09:29:25 INFO  : Platform repository initialization has completed.
09:29:48 INFO  : Registering command handlers for Vitis TCF services
09:29:48 INFO  : Successfully done query RDI_DATADIR 
10:59:45 INFO  : Connected to target on host '127.0.0.1' and port '3121'.
11:00:02 INFO  : Connected to target on host '127.0.0.1' and port '3121'.
11:00:06 INFO  : Connected to target on host 'localhost' and port '3122'.
11:17:22 INFO  : Connected to target on host '127.0.0.1' and port '3121'.
11:18:20 INFO  : Connected to target on host 'localhost' and port '3122'.
11:18:24 INFO  : Connected to target on host '127.0.0.1' and port '3121'.
11:23:50 INFO  : Connected to target on host '127.0.0.1' and port '3121'.
11:24:57 DEBUG : Logs will be stored at 'D:/Work/Vitis_workspace_FPGAVerification/IDE.log'.
11:24:57 INFO  : Launching XSCT server: xsct.bat -n  -interactive D:\Work\Vitis_workspace_FPGAVerification\temp_xsdb_launch_script.tcl
11:25:01 INFO  : XSCT server has started successfully.
11:25:01 INFO  : Successfully done setting XSCT server connection channel  
11:25:01 INFO  : plnx-install-location is set to ''
11:25:01 INFO  : Successfully done setting workspace for the tool. 
11:25:02 INFO  : Registering command handlers for Vitis TCF services
11:25:02 INFO  : Platform repository initialization has completed.
11:25:02 INFO  : Successfully done query RDI_DATADIR 
11:25:36 INFO  : Connected to target on host '127.0.0.1' and port '3121'.
11:25:50 INFO  : Connected to target on host 'localhost' and port '3122'.
11:26:21 INFO  : Connected to target on host '127.0.0.1' and port '3121'.
11:27:25 INFO  : Connected to target on host '127.0.0.1' and port '3121'.
11:27:48 DEBUG : Logs will be stored at 'D:/Work/Vitis_workspace_FPGAVerification/IDE.log'.
11:27:49 INFO  : Launching XSCT server: xsct.bat -n  -interactive D:\Work\Vitis_workspace_FPGAVerification\temp_xsdb_launch_script.tcl
11:27:51 INFO  : XSCT server has started successfully.
11:27:51 INFO  : plnx-install-location is set to ''
11:27:51 INFO  : Successfully done setting XSCT server connection channel  
11:27:51 INFO  : Successfully done setting workspace for the tool. 
11:27:53 INFO  : Platform repository initialization has completed.
11:27:53 INFO  : Registering command handlers for Vitis TCF services
11:27:53 INFO  : Successfully done query RDI_DATADIR 
11:28:03 INFO  : Connected to target on host '127.0.0.1' and port '3121'.
11:28:09 INFO  : Connected to target on host 'localhost' and port '3122'.
11:30:40 INFO  : Result from executing command 'getProjects': Mercury_XU5_PE1
11:30:40 INFO  : Result from executing command 'getPlatforms': Mercury_XU5_PE1|D:/Work/Vitis_workspace_FPGAVerification/Mercury_XU5_PE1/export/Mercury_XU5_PE1/Mercury_XU5_PE1.xpfm;xilinx_zcu102_base_202310_1|C:/Xilinx/Vitis/2023.1/base_platforms/xilinx_zcu102_base_202310_1/xilinx_zcu102_base_202310_1.xpfm;xilinx_zcu102_base_dfx_202310_1|C:/Xilinx/Vitis/2023.1/base_platforms/xilinx_zcu102_base_dfx_202310_1/xilinx_zcu102_base_dfx_202310_1.xpfm;xilinx_zcu104_base_202310_1|C:/Xilinx/Vitis/2023.1/base_platforms/xilinx_zcu104_base_202310_1/xilinx_zcu104_base_202310_1.xpfm
11:30:41 INFO  : Checking for BSP changes to sync application flags for project 'ServoDrive_CB_FPGAVerification'...
11:32:18 INFO  : Connected through redirection to target on host 'localhost' and port '3122'.
11:32:18 INFO  : Jtag cable 'Enclustra GmbH Module Link enclustraA' is selected.
11:32:18 INFO  : 'jtag frequency' command is executed.
11:32:18 INFO  : Sourcing of 'C:/Xilinx/Vitis/2023.1/scripts/vitis/util/zynqmp_utils.tcl' is done.
11:32:18 INFO  : Context for 'APU' is selected.
11:32:19 INFO  : System reset is completed.
11:32:22 INFO  : 'after 3000' command is executed.
11:32:22 INFO  : Context for 'APU' is selected.
11:32:22 INFO  : Cleared APU and A53 resets
11:32:22 INFO  : Context for 'RPU' is selected.
11:32:25 INFO  : Cleared RPU and R5 resets
11:32:25 INFO  : Split mode is enabled for R5#1
11:32:25 INFO  : 'targets -set -filter {jtag_cable_name =~ "Enclustra GmbH Module Link enclustraA" && level==0 && jtag_device_ctx=="jsn-Module Link-enclustraA-04721093-0"}' command is executed.
11:32:30 INFO  : Device configured successfully with "D:/Work/Vitis_workspace_FPGAVerification/ServoDrive_CB_FPGAVerification/_ide/bitstream/Mercury_XU5_PE1.bit"
11:32:30 INFO  : Context for 'APU' is selected.
11:32:30 INFO  : Hardware design and registers information is loaded from 'D:/Work/Vitis_workspace_FPGAVerification/Mercury_XU5_PE1/export/Mercury_XU5_PE1/hw/Mercury_XU5_PE1.xsa'.
11:32:30 INFO  : 'configparams force-mem-access 1' command is executed.
11:32:30 INFO  : Context for 'APU' is selected.
11:32:30 INFO  : Sourcing of 'D:/Work/Vitis_workspace_FPGAVerification/ServoDrive_CB_FPGAVerification/_ide/psinit/psu_init.tcl' is done.
11:32:31 INFO  : 'psu_init' command is executed.
11:32:31 INFO  : Sourcing of 'C:/Xilinx/Vitis/2023.1/scripts/vitis/util/fsbl.tcl' is done.
11:32:31 INFO  : 'catch {XFsbl_DdrEccInit}' command is executed.
11:32:32 INFO  : 'after 1000' command is executed.
11:32:32 INFO  : 'psu_ps_pl_isolation_removal' command is executed.
11:32:33 INFO  : 'after 1000' command is executed.
11:32:33 INFO  : 'psu_ps_pl_reset_config' command is executed.
11:32:34 INFO  : 'catch {psu_protection}' command is executed.
11:32:34 INFO  : Context for processor 'psu_cortexa53_0' is selected.
11:32:34 INFO  : Processor reset is completed for 'psu_cortexa53_0'.
11:32:38 INFO  : The application 'D:/Work/Vitis_workspace_FPGAVerification/ServoDrive_CB_FPGAVerification/Debug/ServoDrive_CB_FPGAVerification.elf' is downloaded to processor 'psu_cortexa53_0'.
11:32:38 INFO  : 'configparams force-mem-access 0' command is executed.
11:32:38 INFO  : ----------------XSDB Script----------------
connect -path [list tcp::1534 tcp:localhost:3122]
source C:/Xilinx/Vitis/2023.1/scripts/vitis/util/zynqmp_utils.tcl
targets -set -nocase -filter {name =~"APU*"}
rst -system
after 3000
targets -set -nocase -filter {name =~"APU*"}
reset_apu
targets -set -nocase -filter {name =~"RPU*"}
clear_rpu_reset
enable_split_mode
targets -set -filter {jtag_cable_name =~ "Enclustra GmbH Module Link enclustraA" && level==0 && jtag_device_ctx=="jsn-Module Link-enclustraA-04721093-0"}
fpga -file D:/Work/Vitis_workspace_FPGAVerification/ServoDrive_CB_FPGAVerification/_ide/bitstream/Mercury_XU5_PE1.bit
targets -set -nocase -filter {name =~"APU*"}
loadhw -hw D:/Work/Vitis_workspace_FPGAVerification/Mercury_XU5_PE1/export/Mercury_XU5_PE1/hw/Mercury_XU5_PE1.xsa -mem-ranges [list {0x80000000 0xbfffffff} {0x400000000 0x5ffffffff} {0x1000000000 0x7fffffffff}] -regs
configparams force-mem-access 1
targets -set -nocase -filter {name =~"APU*"}
source D:/Work/Vitis_workspace_FPGAVerification/ServoDrive_CB_FPGAVerification/_ide/psinit/psu_init.tcl
psu_init
source C:/Xilinx/Vitis/2023.1/scripts/vitis/util/fsbl.tcl
catch {XFsbl_DdrEccInit}
after 1000
psu_ps_pl_isolation_removal
after 1000
psu_ps_pl_reset_config
catch {psu_protection}
targets -set -nocase -filter {name =~ "*A53*#0"}
rst -processor
dow D:/Work/Vitis_workspace_FPGAVerification/ServoDrive_CB_FPGAVerification/Debug/ServoDrive_CB_FPGAVerification.elf
configparams force-mem-access 0
----------------End of Script----------------

11:32:38 INFO  : Context for processor 'psu_cortexa53_0' is selected.
11:32:38 INFO  : 'con' command is executed.
11:32:38 INFO  : ----------------XSDB Script (After Launch)----------------
targets -set -nocase -filter {name =~ "*A53*#0"}
con
----------------End of Script----------------

11:32:38 INFO  : Launch script is exported to file 'D:\Work\Vitis_workspace_FPGAVerification\ServoDrive_CB_FPGAVerification_system\_ide\scripts\debugger_servodrive_cb_fpgaverification-default.tcl'
11:39:24 INFO  : Checking for BSP changes to sync application flags for project 'ServoDrive_CB_FPGAVerification'...
11:39:48 INFO  : Disconnected from the channel tcfchan#4.
11:39:49 INFO  : Connected through redirection to target on host 'localhost' and port '3122'.
11:39:49 INFO  : Jtag cable 'Enclustra GmbH Module Link enclustraA' is selected.
11:39:49 INFO  : 'jtag frequency' command is executed.
11:39:49 INFO  : Sourcing of 'C:/Xilinx/Vitis/2023.1/scripts/vitis/util/zynqmp_utils.tcl' is done.
11:39:49 INFO  : Context for 'APU' is selected.
11:39:49 INFO  : System reset is completed.
11:39:52 INFO  : 'after 3000' command is executed.
11:39:52 INFO  : Context for 'APU' is selected.
11:39:53 INFO  : Cleared APU and A53 resets
11:39:53 INFO  : Context for 'RPU' is selected.
11:39:56 INFO  : Cleared RPU and R5 resets
11:39:56 INFO  : Split mode is enabled for R5#1
11:39:56 INFO  : 'targets -set -filter {jtag_cable_name =~ "Enclustra GmbH Module Link enclustraA" && level==0 && jtag_device_ctx=="jsn-Module Link-enclustraA-04721093-0"}' command is executed.
11:40:00 INFO  : Device configured successfully with "D:/Work/Vitis_workspace_FPGAVerification/ServoDrive_CB_FPGAVerification/_ide/bitstream/Mercury_XU5_PE1.bit"
11:40:00 INFO  : Context for 'APU' is selected.
11:40:00 INFO  : Hardware design and registers information is loaded from 'D:/Work/Vitis_workspace_FPGAVerification/Mercury_XU5_PE1/export/Mercury_XU5_PE1/hw/Mercury_XU5_PE1.xsa'.
11:40:00 INFO  : 'configparams force-mem-access 1' command is executed.
11:40:00 INFO  : Context for 'APU' is selected.
11:40:00 INFO  : Sourcing of 'D:/Work/Vitis_workspace_FPGAVerification/ServoDrive_CB_FPGAVerification/_ide/psinit/psu_init.tcl' is done.
11:40:01 INFO  : 'psu_init' command is executed.
11:40:01 INFO  : Sourcing of 'C:/Xilinx/Vitis/2023.1/scripts/vitis/util/fsbl.tcl' is done.
11:40:02 INFO  : 'catch {XFsbl_DdrEccInit}' command is executed.
11:40:03 INFO  : 'after 1000' command is executed.
11:40:03 INFO  : 'psu_ps_pl_isolation_removal' command is executed.
11:40:04 INFO  : 'after 1000' command is executed.
11:40:04 INFO  : 'psu_ps_pl_reset_config' command is executed.
11:40:04 INFO  : 'catch {psu_protection}' command is executed.
11:40:04 INFO  : Context for processor 'psu_cortexa53_0' is selected.
11:40:04 INFO  : Processor reset is completed for 'psu_cortexa53_0'.
11:40:09 INFO  : The application 'D:/Work/Vitis_workspace_FPGAVerification/ServoDrive_CB_FPGAVerification/Debug/ServoDrive_CB_FPGAVerification.elf' is downloaded to processor 'psu_cortexa53_0'.
11:40:09 INFO  : 'configparams force-mem-access 0' command is executed.
11:40:09 INFO  : ----------------XSDB Script----------------
connect -path [list tcp::1534 tcp:localhost:3122]
source C:/Xilinx/Vitis/2023.1/scripts/vitis/util/zynqmp_utils.tcl
targets -set -nocase -filter {name =~"APU*"}
rst -system
after 3000
targets -set -nocase -filter {name =~"APU*"}
reset_apu
targets -set -nocase -filter {name =~"RPU*"}
clear_rpu_reset
enable_split_mode
targets -set -filter {jtag_cable_name =~ "Enclustra GmbH Module Link enclustraA" && level==0 && jtag_device_ctx=="jsn-Module Link-enclustraA-04721093-0"}
fpga -file D:/Work/Vitis_workspace_FPGAVerification/ServoDrive_CB_FPGAVerification/_ide/bitstream/Mercury_XU5_PE1.bit
targets -set -nocase -filter {name =~"APU*"}
loadhw -hw D:/Work/Vitis_workspace_FPGAVerification/Mercury_XU5_PE1/export/Mercury_XU5_PE1/hw/Mercury_XU5_PE1.xsa -mem-ranges [list {0x80000000 0xbfffffff} {0x400000000 0x5ffffffff} {0x1000000000 0x7fffffffff}] -regs
configparams force-mem-access 1
targets -set -nocase -filter {name =~"APU*"}
source D:/Work/Vitis_workspace_FPGAVerification/ServoDrive_CB_FPGAVerification/_ide/psinit/psu_init.tcl
psu_init
source C:/Xilinx/Vitis/2023.1/scripts/vitis/util/fsbl.tcl
catch {XFsbl_DdrEccInit}
after 1000
psu_ps_pl_isolation_removal
after 1000
psu_ps_pl_reset_config
catch {psu_protection}
targets -set -nocase -filter {name =~ "*A53*#0"}
rst -processor
dow D:/Work/Vitis_workspace_FPGAVerification/ServoDrive_CB_FPGAVerification/Debug/ServoDrive_CB_FPGAVerification.elf
configparams force-mem-access 0
----------------End of Script----------------

11:40:09 INFO  : Context for processor 'psu_cortexa53_0' is selected.
11:40:09 INFO  : 'con' command is executed.
11:40:09 INFO  : ----------------XSDB Script (After Launch)----------------
targets -set -nocase -filter {name =~ "*A53*#0"}
con
----------------End of Script----------------

11:40:09 INFO  : Launch script is exported to file 'D:\Work\Vitis_workspace_FPGAVerification\ServoDrive_CB_FPGAVerification_system\_ide\scripts\debugger_servodrive_cb_fpgaverification-default.tcl'
11:42:13 INFO  : Disconnected from the channel tcfchan#5.
11:42:14 INFO  : Connected through redirection to target on host 'localhost' and port '3122'.
11:42:14 INFO  : Jtag cable 'Enclustra GmbH Module Link enclustraA' is selected.
11:42:14 INFO  : 'jtag frequency' command is executed.
11:42:14 INFO  : Sourcing of 'C:/Xilinx/Vitis/2023.1/scripts/vitis/util/zynqmp_utils.tcl' is done.
11:42:14 INFO  : Context for 'APU' is selected.
11:42:14 INFO  : System reset is completed.
11:42:17 INFO  : 'after 3000' command is executed.
11:42:17 INFO  : Context for 'APU' is selected.
11:42:18 INFO  : Cleared APU and A53 resets
11:42:18 INFO  : Context for 'RPU' is selected.
11:42:21 INFO  : Cleared RPU and R5 resets
11:42:21 INFO  : Split mode is enabled for R5#1
11:42:21 INFO  : 'targets -set -filter {jtag_cable_name =~ "Enclustra GmbH Module Link enclustraA" && level==0 && jtag_device_ctx=="jsn-Module Link-enclustraA-04721093-0"}' command is executed.
11:42:25 INFO  : Device configured successfully with "D:/Work/Vitis_workspace_FPGAVerification/ServoDrive_CB_FPGAVerification/_ide/bitstream/Mercury_XU5_PE1.bit"
11:42:25 INFO  : Context for 'APU' is selected.
11:42:25 INFO  : Hardware design and registers information is loaded from 'D:/Work/Vitis_workspace_FPGAVerification/Mercury_XU5_PE1/export/Mercury_XU5_PE1/hw/Mercury_XU5_PE1.xsa'.
11:42:25 INFO  : 'configparams force-mem-access 1' command is executed.
11:42:25 INFO  : Context for 'APU' is selected.
11:42:25 INFO  : Sourcing of 'D:/Work/Vitis_workspace_FPGAVerification/ServoDrive_CB_FPGAVerification/_ide/psinit/psu_init.tcl' is done.
11:42:26 INFO  : 'psu_init' command is executed.
11:42:26 INFO  : Sourcing of 'C:/Xilinx/Vitis/2023.1/scripts/vitis/util/fsbl.tcl' is done.
11:42:27 INFO  : 'catch {XFsbl_DdrEccInit}' command is executed.
11:42:28 INFO  : 'after 1000' command is executed.
11:42:28 INFO  : 'psu_ps_pl_isolation_removal' command is executed.
11:42:29 INFO  : 'after 1000' command is executed.
11:42:29 INFO  : 'psu_ps_pl_reset_config' command is executed.
11:42:29 INFO  : 'catch {psu_protection}' command is executed.
11:42:29 INFO  : Context for processor 'psu_cortexa53_0' is selected.
11:42:29 INFO  : Processor reset is completed for 'psu_cortexa53_0'.
11:42:34 INFO  : The application 'D:/Work/Vitis_workspace_FPGAVerification/ServoDrive_CB_FPGAVerification/Debug/ServoDrive_CB_FPGAVerification.elf' is downloaded to processor 'psu_cortexa53_0'.
11:42:34 INFO  : 'configparams force-mem-access 0' command is executed.
11:42:34 INFO  : ----------------XSDB Script----------------
connect -path [list tcp::1534 tcp:localhost:3122]
source C:/Xilinx/Vitis/2023.1/scripts/vitis/util/zynqmp_utils.tcl
targets -set -nocase -filter {name =~"APU*"}
rst -system
after 3000
targets -set -nocase -filter {name =~"APU*"}
reset_apu
targets -set -nocase -filter {name =~"RPU*"}
clear_rpu_reset
enable_split_mode
targets -set -filter {jtag_cable_name =~ "Enclustra GmbH Module Link enclustraA" && level==0 && jtag_device_ctx=="jsn-Module Link-enclustraA-04721093-0"}
fpga -file D:/Work/Vitis_workspace_FPGAVerification/ServoDrive_CB_FPGAVerification/_ide/bitstream/Mercury_XU5_PE1.bit
targets -set -nocase -filter {name =~"APU*"}
loadhw -hw D:/Work/Vitis_workspace_FPGAVerification/Mercury_XU5_PE1/export/Mercury_XU5_PE1/hw/Mercury_XU5_PE1.xsa -mem-ranges [list {0x80000000 0xbfffffff} {0x400000000 0x5ffffffff} {0x1000000000 0x7fffffffff}] -regs
configparams force-mem-access 1
targets -set -nocase -filter {name =~"APU*"}
source D:/Work/Vitis_workspace_FPGAVerification/ServoDrive_CB_FPGAVerification/_ide/psinit/psu_init.tcl
psu_init
source C:/Xilinx/Vitis/2023.1/scripts/vitis/util/fsbl.tcl
catch {XFsbl_DdrEccInit}
after 1000
psu_ps_pl_isolation_removal
after 1000
psu_ps_pl_reset_config
catch {psu_protection}
targets -set -nocase -filter {name =~ "*A53*#0"}
rst -processor
dow D:/Work/Vitis_workspace_FPGAVerification/ServoDrive_CB_FPGAVerification/Debug/ServoDrive_CB_FPGAVerification.elf
configparams force-mem-access 0
----------------End of Script----------------

11:42:34 INFO  : Context for processor 'psu_cortexa53_0' is selected.
11:42:34 INFO  : 'con' command is executed.
11:42:34 INFO  : ----------------XSDB Script (After Launch)----------------
targets -set -nocase -filter {name =~ "*A53*#0"}
con
----------------End of Script----------------

11:42:34 INFO  : Launch script is exported to file 'D:\Work\Vitis_workspace_FPGAVerification\ServoDrive_CB_FPGAVerification_system\_ide\scripts\debugger_servodrive_cb_fpgaverification-default.tcl'
12:11:02 INFO  : Connected to target on host '127.0.0.1' and port '3121'.
12:11:07 INFO  : Connected to target on host 'localhost' and port '3122'.
12:11:27 INFO  : Disconnected from the channel tcfchan#6.
12:11:28 INFO  : Connected through redirection to target on host 'localhost' and port '3122'.
12:11:28 INFO  : Jtag cable 'Enclustra GmbH Module Link enclustraA' is selected.
12:11:28 INFO  : 'jtag frequency' command is executed.
12:11:28 INFO  : Sourcing of 'C:/Xilinx/Vitis/2023.1/scripts/vitis/util/zynqmp_utils.tcl' is done.
12:11:28 INFO  : Context for 'APU' is selected.
12:11:28 INFO  : System reset is completed.
12:11:31 INFO  : 'after 3000' command is executed.
12:11:31 INFO  : Context for 'APU' is selected.
12:11:31 INFO  : Cleared APU and A53 resets
12:11:31 INFO  : Context for 'RPU' is selected.
12:11:34 INFO  : Cleared RPU and R5 resets
12:11:34 INFO  : Split mode is enabled for R5#1
12:11:35 INFO  : 'targets -set -filter {jtag_cable_name =~ "Enclustra GmbH Module Link enclustraA" && level==0 && jtag_device_ctx=="jsn-Module Link-enclustraA-04721093-0"}' command is executed.
12:11:39 INFO  : Device configured successfully with "D:/Work/Vitis_workspace_FPGAVerification/ServoDrive_CB_FPGAVerification/_ide/bitstream/Mercury_XU5_PE1.bit"
12:11:39 INFO  : Context for 'APU' is selected.
12:11:39 INFO  : Hardware design and registers information is loaded from 'D:/Work/Vitis_workspace_FPGAVerification/Mercury_XU5_PE1/export/Mercury_XU5_PE1/hw/Mercury_XU5_PE1.xsa'.
12:11:39 INFO  : 'configparams force-mem-access 1' command is executed.
12:11:39 INFO  : Context for 'APU' is selected.
12:11:39 INFO  : Sourcing of 'D:/Work/Vitis_workspace_FPGAVerification/ServoDrive_CB_FPGAVerification/_ide/psinit/psu_init.tcl' is done.
12:11:40 INFO  : 'psu_init' command is executed.
12:11:40 INFO  : Sourcing of 'C:/Xilinx/Vitis/2023.1/scripts/vitis/util/fsbl.tcl' is done.
12:11:41 INFO  : 'catch {XFsbl_DdrEccInit}' command is executed.
12:11:42 INFO  : 'after 1000' command is executed.
12:11:42 INFO  : 'psu_ps_pl_isolation_removal' command is executed.
12:11:43 INFO  : 'after 1000' command is executed.
12:11:43 INFO  : 'psu_ps_pl_reset_config' command is executed.
12:11:43 INFO  : 'catch {psu_protection}' command is executed.
12:11:43 INFO  : Context for processor 'psu_cortexa53_0' is selected.
12:11:43 INFO  : Processor reset is completed for 'psu_cortexa53_0'.
12:11:47 INFO  : The application 'D:/Work/Vitis_workspace_FPGAVerification/ServoDrive_CB_FPGAVerification/Debug/ServoDrive_CB_FPGAVerification.elf' is downloaded to processor 'psu_cortexa53_0'.
12:11:47 INFO  : 'configparams force-mem-access 0' command is executed.
12:11:47 INFO  : ----------------XSDB Script----------------
connect -path [list tcp::1534 tcp:localhost:3122]
source C:/Xilinx/Vitis/2023.1/scripts/vitis/util/zynqmp_utils.tcl
targets -set -nocase -filter {name =~"APU*"}
rst -system
after 3000
targets -set -nocase -filter {name =~"APU*"}
reset_apu
targets -set -nocase -filter {name =~"RPU*"}
clear_rpu_reset
enable_split_mode
targets -set -filter {jtag_cable_name =~ "Enclustra GmbH Module Link enclustraA" && level==0 && jtag_device_ctx=="jsn-Module Link-enclustraA-04721093-0"}
fpga -file D:/Work/Vitis_workspace_FPGAVerification/ServoDrive_CB_FPGAVerification/_ide/bitstream/Mercury_XU5_PE1.bit
targets -set -nocase -filter {name =~"APU*"}
loadhw -hw D:/Work/Vitis_workspace_FPGAVerification/Mercury_XU5_PE1/export/Mercury_XU5_PE1/hw/Mercury_XU5_PE1.xsa -mem-ranges [list {0x80000000 0xbfffffff} {0x400000000 0x5ffffffff} {0x1000000000 0x7fffffffff}] -regs
configparams force-mem-access 1
targets -set -nocase -filter {name =~"APU*"}
source D:/Work/Vitis_workspace_FPGAVerification/ServoDrive_CB_FPGAVerification/_ide/psinit/psu_init.tcl
psu_init
source C:/Xilinx/Vitis/2023.1/scripts/vitis/util/fsbl.tcl
catch {XFsbl_DdrEccInit}
after 1000
psu_ps_pl_isolation_removal
after 1000
psu_ps_pl_reset_config
catch {psu_protection}
targets -set -nocase -filter {name =~ "*A53*#0"}
rst -processor
dow D:/Work/Vitis_workspace_FPGAVerification/ServoDrive_CB_FPGAVerification/Debug/ServoDrive_CB_FPGAVerification.elf
configparams force-mem-access 0
----------------End of Script----------------

12:11:47 INFO  : Context for processor 'psu_cortexa53_0' is selected.
12:11:47 INFO  : 'con' command is executed.
12:11:47 INFO  : ----------------XSDB Script (After Launch)----------------
targets -set -nocase -filter {name =~ "*A53*#0"}
con
----------------End of Script----------------

12:11:47 INFO  : Launch script is exported to file 'D:\Work\Vitis_workspace_FPGAVerification\ServoDrive_CB_FPGAVerification_system\_ide\scripts\debugger_servodrive_cb_fpgaverification-default.tcl'
12:12:44 INFO  : Checking for BSP changes to sync application flags for project 'ServoDrive_CB_FPGAVerification'...
12:12:56 INFO  : Disconnected from the channel tcfchan#7.
12:12:57 INFO  : Connected through redirection to target on host 'localhost' and port '3122'.
12:12:57 INFO  : Jtag cable 'Enclustra GmbH Module Link enclustraA' is selected.
12:12:57 INFO  : 'jtag frequency' command is executed.
12:12:57 INFO  : Sourcing of 'C:/Xilinx/Vitis/2023.1/scripts/vitis/util/zynqmp_utils.tcl' is done.
12:12:57 INFO  : Context for 'APU' is selected.
12:12:57 INFO  : System reset is completed.
12:13:00 INFO  : 'after 3000' command is executed.
12:13:00 INFO  : Context for 'APU' is selected.
12:13:00 INFO  : Cleared APU and A53 resets
12:13:00 INFO  : Context for 'RPU' is selected.
12:13:03 INFO  : Cleared RPU and R5 resets
12:13:03 INFO  : Split mode is enabled for R5#1
12:13:03 INFO  : 'targets -set -filter {jtag_cable_name =~ "Enclustra GmbH Module Link enclustraA" && level==0 && jtag_device_ctx=="jsn-Module Link-enclustraA-04721093-0"}' command is executed.
12:13:08 INFO  : Device configured successfully with "D:/Work/Vitis_workspace_FPGAVerification/ServoDrive_CB_FPGAVerification/_ide/bitstream/Mercury_XU5_PE1.bit"
12:13:08 INFO  : Context for 'APU' is selected.
12:13:08 INFO  : Hardware design and registers information is loaded from 'D:/Work/Vitis_workspace_FPGAVerification/Mercury_XU5_PE1/export/Mercury_XU5_PE1/hw/Mercury_XU5_PE1.xsa'.
12:13:08 INFO  : 'configparams force-mem-access 1' command is executed.
12:13:08 INFO  : Context for 'APU' is selected.
12:13:08 INFO  : Sourcing of 'D:/Work/Vitis_workspace_FPGAVerification/ServoDrive_CB_FPGAVerification/_ide/psinit/psu_init.tcl' is done.
12:13:09 INFO  : 'psu_init' command is executed.
12:13:09 INFO  : Sourcing of 'C:/Xilinx/Vitis/2023.1/scripts/vitis/util/fsbl.tcl' is done.
12:13:10 INFO  : 'catch {XFsbl_DdrEccInit}' command is executed.
12:13:11 INFO  : 'after 1000' command is executed.
12:13:11 INFO  : 'psu_ps_pl_isolation_removal' command is executed.
12:13:12 INFO  : 'after 1000' command is executed.
12:13:12 INFO  : 'psu_ps_pl_reset_config' command is executed.
12:13:12 INFO  : 'catch {psu_protection}' command is executed.
12:13:12 INFO  : Context for processor 'psu_cortexa53_0' is selected.
12:13:12 INFO  : Processor reset is completed for 'psu_cortexa53_0'.
12:13:16 INFO  : The application 'D:/Work/Vitis_workspace_FPGAVerification/ServoDrive_CB_FPGAVerification/Debug/ServoDrive_CB_FPGAVerification.elf' is downloaded to processor 'psu_cortexa53_0'.
12:13:16 INFO  : 'configparams force-mem-access 0' command is executed.
12:13:16 INFO  : ----------------XSDB Script----------------
connect -path [list tcp::1534 tcp:localhost:3122]
source C:/Xilinx/Vitis/2023.1/scripts/vitis/util/zynqmp_utils.tcl
targets -set -nocase -filter {name =~"APU*"}
rst -system
after 3000
targets -set -nocase -filter {name =~"APU*"}
reset_apu
targets -set -nocase -filter {name =~"RPU*"}
clear_rpu_reset
enable_split_mode
targets -set -filter {jtag_cable_name =~ "Enclustra GmbH Module Link enclustraA" && level==0 && jtag_device_ctx=="jsn-Module Link-enclustraA-04721093-0"}
fpga -file D:/Work/Vitis_workspace_FPGAVerification/ServoDrive_CB_FPGAVerification/_ide/bitstream/Mercury_XU5_PE1.bit
targets -set -nocase -filter {name =~"APU*"}
loadhw -hw D:/Work/Vitis_workspace_FPGAVerification/Mercury_XU5_PE1/export/Mercury_XU5_PE1/hw/Mercury_XU5_PE1.xsa -mem-ranges [list {0x80000000 0xbfffffff} {0x400000000 0x5ffffffff} {0x1000000000 0x7fffffffff}] -regs
configparams force-mem-access 1
targets -set -nocase -filter {name =~"APU*"}
source D:/Work/Vitis_workspace_FPGAVerification/ServoDrive_CB_FPGAVerification/_ide/psinit/psu_init.tcl
psu_init
source C:/Xilinx/Vitis/2023.1/scripts/vitis/util/fsbl.tcl
catch {XFsbl_DdrEccInit}
after 1000
psu_ps_pl_isolation_removal
after 1000
psu_ps_pl_reset_config
catch {psu_protection}
targets -set -nocase -filter {name =~ "*A53*#0"}
rst -processor
dow D:/Work/Vitis_workspace_FPGAVerification/ServoDrive_CB_FPGAVerification/Debug/ServoDrive_CB_FPGAVerification.elf
configparams force-mem-access 0
----------------End of Script----------------

12:13:16 INFO  : Context for processor 'psu_cortexa53_0' is selected.
12:13:16 INFO  : 'con' command is executed.
12:13:16 INFO  : ----------------XSDB Script (After Launch)----------------
targets -set -nocase -filter {name =~ "*A53*#0"}
con
----------------End of Script----------------

12:13:16 INFO  : Launch script is exported to file 'D:\Work\Vitis_workspace_FPGAVerification\ServoDrive_CB_FPGAVerification_system\_ide\scripts\debugger_servodrive_cb_fpgaverification-default.tcl'
13:05:47 INFO  : Disconnected from the channel tcfchan#8.
13:05:48 INFO  : Connected through redirection to target on host 'localhost' and port '3122'.
13:05:57 INFO  : ----------------XSDB Script----------------
connect -path [list tcp::1534 tcp:localhost:3122]
----------------End of Script----------------

13:05:57 ERROR : Could not find ARM device on the board for connection 'enclustra'.
Check if the target is in:
1. Split JTAG - No operations are possible with ARM DAP.
2. Non JTAG bootmode - Bootrom may need time to enable DAP.
Please try again.


Troubleshooting hints:
1. Check whether board is connected to system properly.
2. In case of zynq board, check whether Digilent/Xilinx cable switch settings are correct.
3. If you are using Xilinx Platform Cable USB, ensure that status LED is green.
13:06:09 INFO  : Connected to target on host 'localhost' and port '3122'.
13:06:20 INFO  : Connected to target on host '127.0.0.1' and port '3121'.
13:06:29 INFO  : Connected to target on host 'localhost' and port '3122'.
13:06:38 INFO  : Connected through redirection to target on host 'localhost' and port '3122'.
13:06:38 INFO  : Jtag cable 'Enclustra GmbH Module Link enclustraA' is selected.
13:06:38 INFO  : 'jtag frequency' command is executed.
13:06:38 INFO  : Sourcing of 'C:/Xilinx/Vitis/2023.1/scripts/vitis/util/zynqmp_utils.tcl' is done.
13:06:38 INFO  : Context for 'APU' is selected.
13:06:39 INFO  : System reset is completed.
13:06:42 INFO  : 'after 3000' command is executed.
13:06:42 INFO  : Context for 'APU' is selected.
13:06:42 INFO  : Cleared APU and A53 resets
13:06:42 INFO  : Context for 'RPU' is selected.
13:06:45 INFO  : Cleared RPU and R5 resets
13:06:45 INFO  : Split mode is enabled for R5#1
13:06:45 INFO  : 'targets -set -filter {jtag_cable_name =~ "Enclustra GmbH Module Link enclustraA" && level==0 && jtag_device_ctx=="jsn-Module Link-enclustraA-04721093-0"}' command is executed.
13:06:50 INFO  : Device configured successfully with "D:/Work/Vitis_workspace_FPGAVerification/ServoDrive_CB_FPGAVerification/_ide/bitstream/Mercury_XU5_PE1.bit"
13:06:50 INFO  : Context for 'APU' is selected.
13:06:50 INFO  : Hardware design and registers information is loaded from 'D:/Work/Vitis_workspace_FPGAVerification/Mercury_XU5_PE1/export/Mercury_XU5_PE1/hw/Mercury_XU5_PE1.xsa'.
13:06:50 INFO  : 'configparams force-mem-access 1' command is executed.
13:06:50 INFO  : Context for 'APU' is selected.
13:06:50 INFO  : Sourcing of 'D:/Work/Vitis_workspace_FPGAVerification/ServoDrive_CB_FPGAVerification/_ide/psinit/psu_init.tcl' is done.
13:06:51 INFO  : 'psu_init' command is executed.
13:06:51 INFO  : Sourcing of 'C:/Xilinx/Vitis/2023.1/scripts/vitis/util/fsbl.tcl' is done.
13:06:51 INFO  : 'catch {XFsbl_DdrEccInit}' command is executed.
13:06:52 INFO  : 'after 1000' command is executed.
13:06:52 INFO  : 'psu_ps_pl_isolation_removal' command is executed.
13:06:53 INFO  : 'after 1000' command is executed.
13:06:53 INFO  : 'psu_ps_pl_reset_config' command is executed.
13:06:53 INFO  : 'catch {psu_protection}' command is executed.
13:06:53 INFO  : Context for processor 'psu_cortexa53_0' is selected.
13:06:53 INFO  : Processor reset is completed for 'psu_cortexa53_0'.
13:06:58 INFO  : The application 'D:/Work/Vitis_workspace_FPGAVerification/ServoDrive_CB_FPGAVerification/Debug/ServoDrive_CB_FPGAVerification.elf' is downloaded to processor 'psu_cortexa53_0'.
13:06:58 INFO  : 'configparams force-mem-access 0' command is executed.
13:06:58 INFO  : ----------------XSDB Script----------------
connect -path [list tcp::1534 tcp:localhost:3122]
source C:/Xilinx/Vitis/2023.1/scripts/vitis/util/zynqmp_utils.tcl
targets -set -nocase -filter {name =~"APU*"}
rst -system
after 3000
targets -set -nocase -filter {name =~"APU*"}
reset_apu
targets -set -nocase -filter {name =~"RPU*"}
clear_rpu_reset
enable_split_mode
targets -set -filter {jtag_cable_name =~ "Enclustra GmbH Module Link enclustraA" && level==0 && jtag_device_ctx=="jsn-Module Link-enclustraA-04721093-0"}
fpga -file D:/Work/Vitis_workspace_FPGAVerification/ServoDrive_CB_FPGAVerification/_ide/bitstream/Mercury_XU5_PE1.bit
targets -set -nocase -filter {name =~"APU*"}
loadhw -hw D:/Work/Vitis_workspace_FPGAVerification/Mercury_XU5_PE1/export/Mercury_XU5_PE1/hw/Mercury_XU5_PE1.xsa -mem-ranges [list {0x80000000 0xbfffffff} {0x400000000 0x5ffffffff} {0x1000000000 0x7fffffffff}] -regs
configparams force-mem-access 1
targets -set -nocase -filter {name =~"APU*"}
source D:/Work/Vitis_workspace_FPGAVerification/ServoDrive_CB_FPGAVerification/_ide/psinit/psu_init.tcl
psu_init
source C:/Xilinx/Vitis/2023.1/scripts/vitis/util/fsbl.tcl
catch {XFsbl_DdrEccInit}
after 1000
psu_ps_pl_isolation_removal
after 1000
psu_ps_pl_reset_config
catch {psu_protection}
targets -set -nocase -filter {name =~ "*A53*#0"}
rst -processor
dow D:/Work/Vitis_workspace_FPGAVerification/ServoDrive_CB_FPGAVerification/Debug/ServoDrive_CB_FPGAVerification.elf
configparams force-mem-access 0
----------------End of Script----------------

13:06:58 INFO  : Context for processor 'psu_cortexa53_0' is selected.
13:06:58 INFO  : 'con' command is executed.
13:06:58 INFO  : ----------------XSDB Script (After Launch)----------------
targets -set -nocase -filter {name =~ "*A53*#0"}
con
----------------End of Script----------------

13:06:58 INFO  : Launch script is exported to file 'D:\Work\Vitis_workspace_FPGAVerification\ServoDrive_CB_FPGAVerification_system\_ide\scripts\debugger_servodrive_cb_fpgaverification-default.tcl'
13:08:21 INFO  : Disconnected from the channel tcfchan#9.
13:08:22 INFO  : Connected through redirection to target on host 'localhost' and port '3122'.
13:08:22 INFO  : Jtag cable 'Enclustra GmbH Module Link enclustraA' is selected.
13:08:22 INFO  : 'jtag frequency' command is executed.
13:08:22 INFO  : Sourcing of 'C:/Xilinx/Vitis/2023.1/scripts/vitis/util/zynqmp_utils.tcl' is done.
13:08:22 INFO  : Context for 'APU' is selected.
13:08:22 INFO  : System reset is completed.
13:08:25 INFO  : 'after 3000' command is executed.
13:08:25 INFO  : Context for 'APU' is selected.
13:08:25 INFO  : Cleared APU and A53 resets
13:08:25 INFO  : Context for 'RPU' is selected.
13:08:28 INFO  : Cleared RPU and R5 resets
13:08:28 INFO  : Split mode is enabled for R5#1
13:08:29 INFO  : 'targets -set -filter {jtag_cable_name =~ "Enclustra GmbH Module Link enclustraA" && level==0 && jtag_device_ctx=="jsn-Module Link-enclustraA-04721093-0"}' command is executed.
13:08:33 INFO  : Device configured successfully with "D:/Work/Vitis_workspace_FPGAVerification/ServoDrive_CB_FPGAVerification/_ide/bitstream/Mercury_XU5_PE1.bit"
13:08:33 INFO  : Context for 'APU' is selected.
13:08:33 INFO  : Hardware design and registers information is loaded from 'D:/Work/Vitis_workspace_FPGAVerification/Mercury_XU5_PE1/export/Mercury_XU5_PE1/hw/Mercury_XU5_PE1.xsa'.
13:08:33 INFO  : 'configparams force-mem-access 1' command is executed.
13:08:33 INFO  : Context for 'APU' is selected.
13:08:33 INFO  : Sourcing of 'D:/Work/Vitis_workspace_FPGAVerification/ServoDrive_CB_FPGAVerification/_ide/psinit/psu_init.tcl' is done.
13:08:34 INFO  : 'psu_init' command is executed.
13:08:34 INFO  : Sourcing of 'C:/Xilinx/Vitis/2023.1/scripts/vitis/util/fsbl.tcl' is done.
13:08:35 INFO  : 'catch {XFsbl_DdrEccInit}' command is executed.
13:08:36 INFO  : 'after 1000' command is executed.
13:08:36 INFO  : 'psu_ps_pl_isolation_removal' command is executed.
13:08:37 INFO  : 'after 1000' command is executed.
13:08:37 INFO  : 'psu_ps_pl_reset_config' command is executed.
13:08:37 INFO  : 'catch {psu_protection}' command is executed.
13:08:37 INFO  : Context for processor 'psu_cortexa53_0' is selected.
13:08:37 INFO  : Processor reset is completed for 'psu_cortexa53_0'.
13:08:41 INFO  : The application 'D:/Work/Vitis_workspace_FPGAVerification/ServoDrive_CB_FPGAVerification/Debug/ServoDrive_CB_FPGAVerification.elf' is downloaded to processor 'psu_cortexa53_0'.
13:08:41 INFO  : 'configparams force-mem-access 0' command is executed.
13:08:41 INFO  : ----------------XSDB Script----------------
connect -path [list tcp::1534 tcp:localhost:3122]
source C:/Xilinx/Vitis/2023.1/scripts/vitis/util/zynqmp_utils.tcl
targets -set -nocase -filter {name =~"APU*"}
rst -system
after 3000
targets -set -nocase -filter {name =~"APU*"}
reset_apu
targets -set -nocase -filter {name =~"RPU*"}
clear_rpu_reset
enable_split_mode
targets -set -filter {jtag_cable_name =~ "Enclustra GmbH Module Link enclustraA" && level==0 && jtag_device_ctx=="jsn-Module Link-enclustraA-04721093-0"}
fpga -file D:/Work/Vitis_workspace_FPGAVerification/ServoDrive_CB_FPGAVerification/_ide/bitstream/Mercury_XU5_PE1.bit
targets -set -nocase -filter {name =~"APU*"}
loadhw -hw D:/Work/Vitis_workspace_FPGAVerification/Mercury_XU5_PE1/export/Mercury_XU5_PE1/hw/Mercury_XU5_PE1.xsa -mem-ranges [list {0x80000000 0xbfffffff} {0x400000000 0x5ffffffff} {0x1000000000 0x7fffffffff}] -regs
configparams force-mem-access 1
targets -set -nocase -filter {name =~"APU*"}
source D:/Work/Vitis_workspace_FPGAVerification/ServoDrive_CB_FPGAVerification/_ide/psinit/psu_init.tcl
psu_init
source C:/Xilinx/Vitis/2023.1/scripts/vitis/util/fsbl.tcl
catch {XFsbl_DdrEccInit}
after 1000
psu_ps_pl_isolation_removal
after 1000
psu_ps_pl_reset_config
catch {psu_protection}
targets -set -nocase -filter {name =~ "*A53*#0"}
rst -processor
dow D:/Work/Vitis_workspace_FPGAVerification/ServoDrive_CB_FPGAVerification/Debug/ServoDrive_CB_FPGAVerification.elf
configparams force-mem-access 0
----------------End of Script----------------

13:08:42 INFO  : Context for processor 'psu_cortexa53_0' is selected.
13:08:42 INFO  : 'con' command is executed.
13:08:42 INFO  : ----------------XSDB Script (After Launch)----------------
targets -set -nocase -filter {name =~ "*A53*#0"}
con
----------------End of Script----------------

13:08:42 INFO  : Launch script is exported to file 'D:\Work\Vitis_workspace_FPGAVerification\ServoDrive_CB_FPGAVerification_system\_ide\scripts\debugger_servodrive_cb_fpgaverification-default.tcl'
13:11:57 INFO  : Disconnected from the channel tcfchan#10.
13:11:58 INFO  : Connected through redirection to target on host 'localhost' and port '3122'.
13:11:58 INFO  : Jtag cable 'Enclustra GmbH Module Link enclustraA' is selected.
13:11:58 INFO  : 'jtag frequency' command is executed.
13:11:58 INFO  : Sourcing of 'C:/Xilinx/Vitis/2023.1/scripts/vitis/util/zynqmp_utils.tcl' is done.
13:11:58 INFO  : Context for 'APU' is selected.
13:11:59 INFO  : System reset is completed.
13:12:02 INFO  : 'after 3000' command is executed.
13:12:02 INFO  : Context for 'APU' is selected.
13:12:02 INFO  : Cleared APU and A53 resets
13:12:02 INFO  : Context for 'RPU' is selected.
13:12:05 INFO  : Cleared RPU and R5 resets
13:12:05 INFO  : Split mode is enabled for R5#1
13:12:05 INFO  : 'targets -set -filter {jtag_cable_name =~ "Enclustra GmbH Module Link enclustraA" && level==0 && jtag_device_ctx=="jsn-Module Link-enclustraA-04721093-0"}' command is executed.
13:12:09 INFO  : Device configured successfully with "D:/Work/Vitis_workspace_FPGAVerification/ServoDrive_CB_FPGAVerification/_ide/bitstream/Mercury_XU5_PE1.bit"
13:12:09 INFO  : Context for 'APU' is selected.
13:12:10 INFO  : Hardware design and registers information is loaded from 'D:/Work/Vitis_workspace_FPGAVerification/Mercury_XU5_PE1/export/Mercury_XU5_PE1/hw/Mercury_XU5_PE1.xsa'.
13:12:10 INFO  : 'configparams force-mem-access 1' command is executed.
13:12:10 INFO  : Context for 'APU' is selected.
13:12:10 INFO  : Sourcing of 'D:/Work/Vitis_workspace_FPGAVerification/ServoDrive_CB_FPGAVerification/_ide/psinit/psu_init.tcl' is done.
13:12:10 INFO  : 'psu_init' command is executed.
13:12:10 INFO  : Sourcing of 'C:/Xilinx/Vitis/2023.1/scripts/vitis/util/fsbl.tcl' is done.
13:12:11 INFO  : 'catch {XFsbl_DdrEccInit}' command is executed.
13:12:12 INFO  : 'after 1000' command is executed.
13:12:12 INFO  : 'psu_ps_pl_isolation_removal' command is executed.
13:12:13 INFO  : 'after 1000' command is executed.
13:12:13 INFO  : 'psu_ps_pl_reset_config' command is executed.
13:12:13 INFO  : 'catch {psu_protection}' command is executed.
13:12:13 INFO  : Context for processor 'psu_cortexa53_0' is selected.
13:12:13 INFO  : Processor reset is completed for 'psu_cortexa53_0'.
13:12:18 INFO  : The application 'D:/Work/Vitis_workspace_FPGAVerification/ServoDrive_CB_FPGAVerification/Debug/ServoDrive_CB_FPGAVerification.elf' is downloaded to processor 'psu_cortexa53_0'.
13:12:18 INFO  : 'configparams force-mem-access 0' command is executed.
13:12:18 INFO  : ----------------XSDB Script----------------
connect -path [list tcp::1534 tcp:localhost:3122]
source C:/Xilinx/Vitis/2023.1/scripts/vitis/util/zynqmp_utils.tcl
targets -set -nocase -filter {name =~"APU*"}
rst -system
after 3000
targets -set -nocase -filter {name =~"APU*"}
reset_apu
targets -set -nocase -filter {name =~"RPU*"}
clear_rpu_reset
enable_split_mode
targets -set -filter {jtag_cable_name =~ "Enclustra GmbH Module Link enclustraA" && level==0 && jtag_device_ctx=="jsn-Module Link-enclustraA-04721093-0"}
fpga -file D:/Work/Vitis_workspace_FPGAVerification/ServoDrive_CB_FPGAVerification/_ide/bitstream/Mercury_XU5_PE1.bit
targets -set -nocase -filter {name =~"APU*"}
loadhw -hw D:/Work/Vitis_workspace_FPGAVerification/Mercury_XU5_PE1/export/Mercury_XU5_PE1/hw/Mercury_XU5_PE1.xsa -mem-ranges [list {0x80000000 0xbfffffff} {0x400000000 0x5ffffffff} {0x1000000000 0x7fffffffff}] -regs
configparams force-mem-access 1
targets -set -nocase -filter {name =~"APU*"}
source D:/Work/Vitis_workspace_FPGAVerification/ServoDrive_CB_FPGAVerification/_ide/psinit/psu_init.tcl
psu_init
source C:/Xilinx/Vitis/2023.1/scripts/vitis/util/fsbl.tcl
catch {XFsbl_DdrEccInit}
after 1000
psu_ps_pl_isolation_removal
after 1000
psu_ps_pl_reset_config
catch {psu_protection}
targets -set -nocase -filter {name =~ "*A53*#0"}
rst -processor
dow D:/Work/Vitis_workspace_FPGAVerification/ServoDrive_CB_FPGAVerification/Debug/ServoDrive_CB_FPGAVerification.elf
configparams force-mem-access 0
----------------End of Script----------------

13:12:18 INFO  : Context for processor 'psu_cortexa53_0' is selected.
13:12:18 INFO  : 'con' command is executed.
13:12:18 INFO  : ----------------XSDB Script (After Launch)----------------
targets -set -nocase -filter {name =~ "*A53*#0"}
con
----------------End of Script----------------

13:12:18 INFO  : Launch script is exported to file 'D:\Work\Vitis_workspace_FPGAVerification\ServoDrive_CB_FPGAVerification_system\_ide\scripts\debugger_servodrive_cb_fpgaverification-default.tcl'
13:16:52 INFO  : Disconnected from the channel tcfchan#11.
13:16:53 INFO  : Connected through redirection to target on host 'localhost' and port '3122'.
13:16:53 INFO  : Jtag cable 'Enclustra GmbH Module Link enclustraA' is selected.
13:16:53 INFO  : 'jtag frequency' command is executed.
13:16:53 INFO  : Sourcing of 'C:/Xilinx/Vitis/2023.1/scripts/vitis/util/zynqmp_utils.tcl' is done.
13:16:53 INFO  : Context for 'APU' is selected.
13:16:54 INFO  : System reset is completed.
13:16:57 INFO  : 'after 3000' command is executed.
13:16:57 INFO  : Context for 'APU' is selected.
13:16:57 INFO  : Cleared APU and A53 resets
13:16:57 INFO  : Context for 'RPU' is selected.
13:17:00 INFO  : Cleared RPU and R5 resets
13:17:00 INFO  : Split mode is enabled for R5#1
13:17:00 INFO  : 'targets -set -filter {jtag_cable_name =~ "Enclustra GmbH Module Link enclustraA" && level==0 && jtag_device_ctx=="jsn-Module Link-enclustraA-04721093-0"}' command is executed.
13:17:04 INFO  : Device configured successfully with "D:/Work/Vitis_workspace_FPGAVerification/ServoDrive_CB_FPGAVerification/_ide/bitstream/Mercury_XU5_PE1.bit"
13:17:05 INFO  : Context for 'APU' is selected.
13:17:05 INFO  : Hardware design and registers information is loaded from 'D:/Work/Vitis_workspace_FPGAVerification/Mercury_XU5_PE1/export/Mercury_XU5_PE1/hw/Mercury_XU5_PE1.xsa'.
13:17:05 INFO  : 'configparams force-mem-access 1' command is executed.
13:17:05 INFO  : Context for 'APU' is selected.
13:17:05 INFO  : Sourcing of 'D:/Work/Vitis_workspace_FPGAVerification/ServoDrive_CB_FPGAVerification/_ide/psinit/psu_init.tcl' is done.
13:17:05 INFO  : 'psu_init' command is executed.
13:17:05 INFO  : Sourcing of 'C:/Xilinx/Vitis/2023.1/scripts/vitis/util/fsbl.tcl' is done.
13:17:06 INFO  : 'catch {XFsbl_DdrEccInit}' command is executed.
13:17:07 INFO  : 'after 1000' command is executed.
13:17:07 INFO  : 'psu_ps_pl_isolation_removal' command is executed.
13:17:08 INFO  : 'after 1000' command is executed.
13:17:08 INFO  : 'psu_ps_pl_reset_config' command is executed.
13:17:08 INFO  : 'catch {psu_protection}' command is executed.
13:17:08 INFO  : Context for processor 'psu_cortexa53_0' is selected.
13:17:08 INFO  : Processor reset is completed for 'psu_cortexa53_0'.
13:17:13 INFO  : The application 'D:/Work/Vitis_workspace_FPGAVerification/ServoDrive_CB_FPGAVerification/Debug/ServoDrive_CB_FPGAVerification.elf' is downloaded to processor 'psu_cortexa53_0'.
13:17:13 INFO  : 'configparams force-mem-access 0' command is executed.
13:17:13 INFO  : ----------------XSDB Script----------------
connect -path [list tcp::1534 tcp:localhost:3122]
source C:/Xilinx/Vitis/2023.1/scripts/vitis/util/zynqmp_utils.tcl
targets -set -nocase -filter {name =~"APU*"}
rst -system
after 3000
targets -set -nocase -filter {name =~"APU*"}
reset_apu
targets -set -nocase -filter {name =~"RPU*"}
clear_rpu_reset
enable_split_mode
targets -set -filter {jtag_cable_name =~ "Enclustra GmbH Module Link enclustraA" && level==0 && jtag_device_ctx=="jsn-Module Link-enclustraA-04721093-0"}
fpga -file D:/Work/Vitis_workspace_FPGAVerification/ServoDrive_CB_FPGAVerification/_ide/bitstream/Mercury_XU5_PE1.bit
targets -set -nocase -filter {name =~"APU*"}
loadhw -hw D:/Work/Vitis_workspace_FPGAVerification/Mercury_XU5_PE1/export/Mercury_XU5_PE1/hw/Mercury_XU5_PE1.xsa -mem-ranges [list {0x80000000 0xbfffffff} {0x400000000 0x5ffffffff} {0x1000000000 0x7fffffffff}] -regs
configparams force-mem-access 1
targets -set -nocase -filter {name =~"APU*"}
source D:/Work/Vitis_workspace_FPGAVerification/ServoDrive_CB_FPGAVerification/_ide/psinit/psu_init.tcl
psu_init
source C:/Xilinx/Vitis/2023.1/scripts/vitis/util/fsbl.tcl
catch {XFsbl_DdrEccInit}
after 1000
psu_ps_pl_isolation_removal
after 1000
psu_ps_pl_reset_config
catch {psu_protection}
targets -set -nocase -filter {name =~ "*A53*#0"}
rst -processor
dow D:/Work/Vitis_workspace_FPGAVerification/ServoDrive_CB_FPGAVerification/Debug/ServoDrive_CB_FPGAVerification.elf
configparams force-mem-access 0
----------------End of Script----------------

13:17:13 INFO  : Context for processor 'psu_cortexa53_0' is selected.
13:17:13 INFO  : 'con' command is executed.
13:17:13 INFO  : ----------------XSDB Script (After Launch)----------------
targets -set -nocase -filter {name =~ "*A53*#0"}
con
----------------End of Script----------------

13:17:13 INFO  : Launch script is exported to file 'D:\Work\Vitis_workspace_FPGAVerification\ServoDrive_CB_FPGAVerification_system\_ide\scripts\debugger_servodrive_cb_fpgaverification-default.tcl'
13:19:58 INFO  : Disconnected from the channel tcfchan#12.
13:19:59 INFO  : Connected through redirection to target on host 'localhost' and port '3122'.
13:20:00 INFO  : Jtag cable 'Enclustra GmbH Module Link enclustraA' is selected.
13:20:00 INFO  : 'jtag frequency' command is executed.
13:20:00 INFO  : Sourcing of 'C:/Xilinx/Vitis/2023.1/scripts/vitis/util/zynqmp_utils.tcl' is done.
13:20:00 INFO  : Context for 'APU' is selected.
13:20:00 INFO  : System reset is completed.
13:20:03 INFO  : 'after 3000' command is executed.
13:20:03 INFO  : Context for 'APU' is selected.
13:20:03 INFO  : Cleared APU and A53 resets
13:20:03 INFO  : Context for 'RPU' is selected.
13:20:06 INFO  : Cleared RPU and R5 resets
13:20:06 INFO  : Split mode is enabled for R5#1
13:20:06 INFO  : 'targets -set -filter {jtag_cable_name =~ "Enclustra GmbH Module Link enclustraA" && level==0 && jtag_device_ctx=="jsn-Module Link-enclustraA-04721093-0"}' command is executed.
13:20:11 INFO  : Device configured successfully with "D:/Work/Vitis_workspace_FPGAVerification/ServoDrive_CB_FPGAVerification/_ide/bitstream/Mercury_XU5_PE1.bit"
13:20:11 INFO  : Context for 'APU' is selected.
13:20:11 INFO  : Hardware design and registers information is loaded from 'D:/Work/Vitis_workspace_FPGAVerification/Mercury_XU5_PE1/export/Mercury_XU5_PE1/hw/Mercury_XU5_PE1.xsa'.
13:20:11 INFO  : 'configparams force-mem-access 1' command is executed.
13:20:11 INFO  : Context for 'APU' is selected.
13:20:11 INFO  : Sourcing of 'D:/Work/Vitis_workspace_FPGAVerification/ServoDrive_CB_FPGAVerification/_ide/psinit/psu_init.tcl' is done.
13:20:12 INFO  : 'psu_init' command is executed.
13:20:12 INFO  : Sourcing of 'C:/Xilinx/Vitis/2023.1/scripts/vitis/util/fsbl.tcl' is done.
13:20:13 INFO  : 'catch {XFsbl_DdrEccInit}' command is executed.
13:20:14 INFO  : 'after 1000' command is executed.
13:20:14 INFO  : 'psu_ps_pl_isolation_removal' command is executed.
13:20:15 INFO  : 'after 1000' command is executed.
13:20:15 INFO  : 'psu_ps_pl_reset_config' command is executed.
13:20:15 INFO  : 'catch {psu_protection}' command is executed.
13:20:15 INFO  : Context for processor 'psu_cortexa53_0' is selected.
13:20:15 INFO  : Processor reset is completed for 'psu_cortexa53_0'.
13:20:19 INFO  : The application 'D:/Work/Vitis_workspace_FPGAVerification/ServoDrive_CB_FPGAVerification/Debug/ServoDrive_CB_FPGAVerification.elf' is downloaded to processor 'psu_cortexa53_0'.
13:20:19 INFO  : 'configparams force-mem-access 0' command is executed.
13:20:19 INFO  : ----------------XSDB Script----------------
connect -path [list tcp::1534 tcp:localhost:3122]
source C:/Xilinx/Vitis/2023.1/scripts/vitis/util/zynqmp_utils.tcl
targets -set -nocase -filter {name =~"APU*"}
rst -system
after 3000
targets -set -nocase -filter {name =~"APU*"}
reset_apu
targets -set -nocase -filter {name =~"RPU*"}
clear_rpu_reset
enable_split_mode
targets -set -filter {jtag_cable_name =~ "Enclustra GmbH Module Link enclustraA" && level==0 && jtag_device_ctx=="jsn-Module Link-enclustraA-04721093-0"}
fpga -file D:/Work/Vitis_workspace_FPGAVerification/ServoDrive_CB_FPGAVerification/_ide/bitstream/Mercury_XU5_PE1.bit
targets -set -nocase -filter {name =~"APU*"}
loadhw -hw D:/Work/Vitis_workspace_FPGAVerification/Mercury_XU5_PE1/export/Mercury_XU5_PE1/hw/Mercury_XU5_PE1.xsa -mem-ranges [list {0x80000000 0xbfffffff} {0x400000000 0x5ffffffff} {0x1000000000 0x7fffffffff}] -regs
configparams force-mem-access 1
targets -set -nocase -filter {name =~"APU*"}
source D:/Work/Vitis_workspace_FPGAVerification/ServoDrive_CB_FPGAVerification/_ide/psinit/psu_init.tcl
psu_init
source C:/Xilinx/Vitis/2023.1/scripts/vitis/util/fsbl.tcl
catch {XFsbl_DdrEccInit}
after 1000
psu_ps_pl_isolation_removal
after 1000
psu_ps_pl_reset_config
catch {psu_protection}
targets -set -nocase -filter {name =~ "*A53*#0"}
rst -processor
dow D:/Work/Vitis_workspace_FPGAVerification/ServoDrive_CB_FPGAVerification/Debug/ServoDrive_CB_FPGAVerification.elf
configparams force-mem-access 0
----------------End of Script----------------

13:20:20 INFO  : Context for processor 'psu_cortexa53_0' is selected.
13:20:20 INFO  : 'con' command is executed.
13:20:20 INFO  : ----------------XSDB Script (After Launch)----------------
targets -set -nocase -filter {name =~ "*A53*#0"}
con
----------------End of Script----------------

13:20:20 INFO  : Launch script is exported to file 'D:\Work\Vitis_workspace_FPGAVerification\ServoDrive_CB_FPGAVerification_system\_ide\scripts\debugger_servodrive_cb_fpgaverification-default.tcl'
13:26:37 INFO  : Disconnected from the channel tcfchan#13.
13:26:38 INFO  : Connected through redirection to target on host 'localhost' and port '3122'.
13:26:39 INFO  : Jtag cable 'Enclustra GmbH Module Link enclustraA' is selected.
13:26:39 INFO  : 'jtag frequency' command is executed.
13:26:39 INFO  : Sourcing of 'C:/Xilinx/Vitis/2023.1/scripts/vitis/util/zynqmp_utils.tcl' is done.
13:26:39 INFO  : Context for 'APU' is selected.
13:26:39 INFO  : System reset is completed.
13:26:42 INFO  : 'after 3000' command is executed.
13:26:42 INFO  : Context for 'APU' is selected.
13:26:42 INFO  : Cleared APU and A53 resets
13:26:42 INFO  : Context for 'RPU' is selected.
13:26:45 INFO  : Cleared RPU and R5 resets
13:26:45 INFO  : Split mode is enabled for R5#1
13:26:45 INFO  : 'targets -set -filter {jtag_cable_name =~ "Enclustra GmbH Module Link enclustraA" && level==0 && jtag_device_ctx=="jsn-Module Link-enclustraA-04721093-0"}' command is executed.
13:26:50 INFO  : Device configured successfully with "D:/Work/Vitis_workspace_FPGAVerification/ServoDrive_CB_FPGAVerification/_ide/bitstream/Mercury_XU5_PE1.bit"
13:26:50 INFO  : Context for 'APU' is selected.
13:26:50 INFO  : Hardware design and registers information is loaded from 'D:/Work/Vitis_workspace_FPGAVerification/Mercury_XU5_PE1/export/Mercury_XU5_PE1/hw/Mercury_XU5_PE1.xsa'.
13:26:50 INFO  : 'configparams force-mem-access 1' command is executed.
13:26:50 INFO  : Context for 'APU' is selected.
13:26:50 INFO  : Sourcing of 'D:/Work/Vitis_workspace_FPGAVerification/ServoDrive_CB_FPGAVerification/_ide/psinit/psu_init.tcl' is done.
13:26:51 INFO  : 'psu_init' command is executed.
13:26:51 INFO  : Sourcing of 'C:/Xilinx/Vitis/2023.1/scripts/vitis/util/fsbl.tcl' is done.
13:26:51 INFO  : 'catch {XFsbl_DdrEccInit}' command is executed.
13:26:52 INFO  : 'after 1000' command is executed.
13:26:52 INFO  : 'psu_ps_pl_isolation_removal' command is executed.
13:26:53 INFO  : 'after 1000' command is executed.
13:26:53 INFO  : 'psu_ps_pl_reset_config' command is executed.
13:26:53 INFO  : 'catch {psu_protection}' command is executed.
13:26:53 INFO  : Context for processor 'psu_cortexa53_0' is selected.
13:26:53 INFO  : Processor reset is completed for 'psu_cortexa53_0'.
13:26:58 INFO  : The application 'D:/Work/Vitis_workspace_FPGAVerification/ServoDrive_CB_FPGAVerification/Debug/ServoDrive_CB_FPGAVerification.elf' is downloaded to processor 'psu_cortexa53_0'.
13:26:58 INFO  : 'configparams force-mem-access 0' command is executed.
13:26:58 INFO  : ----------------XSDB Script----------------
connect -path [list tcp::1534 tcp:localhost:3122]
source C:/Xilinx/Vitis/2023.1/scripts/vitis/util/zynqmp_utils.tcl
targets -set -nocase -filter {name =~"APU*"}
rst -system
after 3000
targets -set -nocase -filter {name =~"APU*"}
reset_apu
targets -set -nocase -filter {name =~"RPU*"}
clear_rpu_reset
enable_split_mode
targets -set -filter {jtag_cable_name =~ "Enclustra GmbH Module Link enclustraA" && level==0 && jtag_device_ctx=="jsn-Module Link-enclustraA-04721093-0"}
fpga -file D:/Work/Vitis_workspace_FPGAVerification/ServoDrive_CB_FPGAVerification/_ide/bitstream/Mercury_XU5_PE1.bit
targets -set -nocase -filter {name =~"APU*"}
loadhw -hw D:/Work/Vitis_workspace_FPGAVerification/Mercury_XU5_PE1/export/Mercury_XU5_PE1/hw/Mercury_XU5_PE1.xsa -mem-ranges [list {0x80000000 0xbfffffff} {0x400000000 0x5ffffffff} {0x1000000000 0x7fffffffff}] -regs
configparams force-mem-access 1
targets -set -nocase -filter {name =~"APU*"}
source D:/Work/Vitis_workspace_FPGAVerification/ServoDrive_CB_FPGAVerification/_ide/psinit/psu_init.tcl
psu_init
source C:/Xilinx/Vitis/2023.1/scripts/vitis/util/fsbl.tcl
catch {XFsbl_DdrEccInit}
after 1000
psu_ps_pl_isolation_removal
after 1000
psu_ps_pl_reset_config
catch {psu_protection}
targets -set -nocase -filter {name =~ "*A53*#0"}
rst -processor
dow D:/Work/Vitis_workspace_FPGAVerification/ServoDrive_CB_FPGAVerification/Debug/ServoDrive_CB_FPGAVerification.elf
configparams force-mem-access 0
----------------End of Script----------------

13:26:58 INFO  : Context for processor 'psu_cortexa53_0' is selected.
13:26:58 INFO  : 'con' command is executed.
13:26:58 INFO  : ----------------XSDB Script (After Launch)----------------
targets -set -nocase -filter {name =~ "*A53*#0"}
con
----------------End of Script----------------

13:26:58 INFO  : Launch script is exported to file 'D:\Work\Vitis_workspace_FPGAVerification\ServoDrive_CB_FPGAVerification_system\_ide\scripts\debugger_servodrive_cb_fpgaverification-default.tcl'
13:29:12 INFO  : Disconnected from the channel tcfchan#14.
13:29:13 INFO  : Connected through redirection to target on host 'localhost' and port '3122'.
13:29:13 INFO  : Jtag cable 'Enclustra GmbH Module Link enclustraA' is selected.
13:29:13 INFO  : 'jtag frequency' command is executed.
13:29:13 INFO  : Sourcing of 'C:/Xilinx/Vitis/2023.1/scripts/vitis/util/zynqmp_utils.tcl' is done.
13:29:13 INFO  : Context for 'APU' is selected.
13:29:13 INFO  : System reset is completed.
13:29:16 INFO  : 'after 3000' command is executed.
13:29:16 INFO  : Context for 'APU' is selected.
13:29:17 INFO  : Cleared APU and A53 resets
13:29:17 INFO  : Context for 'RPU' is selected.
13:29:20 INFO  : Cleared RPU and R5 resets
13:29:20 INFO  : Split mode is enabled for R5#1
13:29:20 INFO  : 'targets -set -filter {jtag_cable_name =~ "Enclustra GmbH Module Link enclustraA" && level==0 && jtag_device_ctx=="jsn-Module Link-enclustraA-04721093-0"}' command is executed.
13:29:24 INFO  : Device configured successfully with "D:/Work/Vitis_workspace_FPGAVerification/ServoDrive_CB_FPGAVerification/_ide/bitstream/Mercury_XU5_PE1.bit"
13:29:24 INFO  : Context for 'APU' is selected.
13:29:24 INFO  : Hardware design and registers information is loaded from 'D:/Work/Vitis_workspace_FPGAVerification/Mercury_XU5_PE1/export/Mercury_XU5_PE1/hw/Mercury_XU5_PE1.xsa'.
13:29:24 INFO  : 'configparams force-mem-access 1' command is executed.
13:29:24 INFO  : Context for 'APU' is selected.
13:29:24 INFO  : Sourcing of 'D:/Work/Vitis_workspace_FPGAVerification/ServoDrive_CB_FPGAVerification/_ide/psinit/psu_init.tcl' is done.
13:29:25 INFO  : 'psu_init' command is executed.
13:29:25 INFO  : Sourcing of 'C:/Xilinx/Vitis/2023.1/scripts/vitis/util/fsbl.tcl' is done.
13:29:26 INFO  : 'catch {XFsbl_DdrEccInit}' command is executed.
13:29:27 INFO  : 'after 1000' command is executed.
13:29:27 INFO  : 'psu_ps_pl_isolation_removal' command is executed.
13:29:28 INFO  : 'after 1000' command is executed.
13:29:28 INFO  : 'psu_ps_pl_reset_config' command is executed.
13:29:28 INFO  : 'catch {psu_protection}' command is executed.
13:29:28 INFO  : Context for processor 'psu_cortexa53_0' is selected.
13:29:28 INFO  : Processor reset is completed for 'psu_cortexa53_0'.
13:29:33 INFO  : The application 'D:/Work/Vitis_workspace_FPGAVerification/ServoDrive_CB_FPGAVerification/Debug/ServoDrive_CB_FPGAVerification.elf' is downloaded to processor 'psu_cortexa53_0'.
13:29:33 INFO  : 'configparams force-mem-access 0' command is executed.
13:29:33 INFO  : ----------------XSDB Script----------------
connect -path [list tcp::1534 tcp:localhost:3122]
source C:/Xilinx/Vitis/2023.1/scripts/vitis/util/zynqmp_utils.tcl
targets -set -nocase -filter {name =~"APU*"}
rst -system
after 3000
targets -set -nocase -filter {name =~"APU*"}
reset_apu
targets -set -nocase -filter {name =~"RPU*"}
clear_rpu_reset
enable_split_mode
targets -set -filter {jtag_cable_name =~ "Enclustra GmbH Module Link enclustraA" && level==0 && jtag_device_ctx=="jsn-Module Link-enclustraA-04721093-0"}
fpga -file D:/Work/Vitis_workspace_FPGAVerification/ServoDrive_CB_FPGAVerification/_ide/bitstream/Mercury_XU5_PE1.bit
targets -set -nocase -filter {name =~"APU*"}
loadhw -hw D:/Work/Vitis_workspace_FPGAVerification/Mercury_XU5_PE1/export/Mercury_XU5_PE1/hw/Mercury_XU5_PE1.xsa -mem-ranges [list {0x80000000 0xbfffffff} {0x400000000 0x5ffffffff} {0x1000000000 0x7fffffffff}] -regs
configparams force-mem-access 1
targets -set -nocase -filter {name =~"APU*"}
source D:/Work/Vitis_workspace_FPGAVerification/ServoDrive_CB_FPGAVerification/_ide/psinit/psu_init.tcl
psu_init
source C:/Xilinx/Vitis/2023.1/scripts/vitis/util/fsbl.tcl
catch {XFsbl_DdrEccInit}
after 1000
psu_ps_pl_isolation_removal
after 1000
psu_ps_pl_reset_config
catch {psu_protection}
targets -set -nocase -filter {name =~ "*A53*#0"}
rst -processor
dow D:/Work/Vitis_workspace_FPGAVerification/ServoDrive_CB_FPGAVerification/Debug/ServoDrive_CB_FPGAVerification.elf
configparams force-mem-access 0
----------------End of Script----------------

13:29:33 INFO  : Context for processor 'psu_cortexa53_0' is selected.
13:29:33 INFO  : 'con' command is executed.
13:29:33 INFO  : ----------------XSDB Script (After Launch)----------------
targets -set -nocase -filter {name =~ "*A53*#0"}
con
----------------End of Script----------------

13:29:33 INFO  : Launch script is exported to file 'D:\Work\Vitis_workspace_FPGAVerification\ServoDrive_CB_FPGAVerification_system\_ide\scripts\debugger_servodrive_cb_fpgaverification-default.tcl'
13:31:27 INFO  : Disconnected from the channel tcfchan#15.
13:31:28 INFO  : Connected through redirection to target on host 'localhost' and port '3122'.
13:31:28 INFO  : Jtag cable 'Enclustra GmbH Module Link enclustraA' is selected.
13:31:28 INFO  : 'jtag frequency' command is executed.
13:31:28 INFO  : Sourcing of 'C:/Xilinx/Vitis/2023.1/scripts/vitis/util/zynqmp_utils.tcl' is done.
13:31:28 INFO  : Context for 'APU' is selected.
13:31:28 INFO  : System reset is completed.
13:31:31 INFO  : 'after 3000' command is executed.
13:31:32 INFO  : Context for 'APU' is selected.
13:31:32 INFO  : Cleared APU and A53 resets
13:31:32 INFO  : Context for 'RPU' is selected.
13:31:35 INFO  : Cleared RPU and R5 resets
13:31:35 INFO  : Split mode is enabled for R5#1
13:31:35 INFO  : 'targets -set -filter {jtag_cable_name =~ "Enclustra GmbH Module Link enclustraA" && level==0 && jtag_device_ctx=="jsn-Module Link-enclustraA-04721093-0"}' command is executed.
13:31:39 INFO  : Device configured successfully with "D:/Work/Vitis_workspace_FPGAVerification/ServoDrive_CB_FPGAVerification/_ide/bitstream/Mercury_XU5_PE1.bit"
13:31:39 INFO  : Context for 'APU' is selected.
13:31:40 INFO  : Hardware design and registers information is loaded from 'D:/Work/Vitis_workspace_FPGAVerification/Mercury_XU5_PE1/export/Mercury_XU5_PE1/hw/Mercury_XU5_PE1.xsa'.
13:31:40 INFO  : 'configparams force-mem-access 1' command is executed.
13:31:40 INFO  : Context for 'APU' is selected.
13:31:40 INFO  : Sourcing of 'D:/Work/Vitis_workspace_FPGAVerification/ServoDrive_CB_FPGAVerification/_ide/psinit/psu_init.tcl' is done.
13:31:40 INFO  : 'psu_init' command is executed.
13:31:40 INFO  : Sourcing of 'C:/Xilinx/Vitis/2023.1/scripts/vitis/util/fsbl.tcl' is done.
13:31:41 INFO  : 'catch {XFsbl_DdrEccInit}' command is executed.
13:31:42 INFO  : 'after 1000' command is executed.
13:31:42 INFO  : 'psu_ps_pl_isolation_removal' command is executed.
13:31:43 INFO  : 'after 1000' command is executed.
13:31:43 INFO  : 'psu_ps_pl_reset_config' command is executed.
13:31:43 INFO  : 'catch {psu_protection}' command is executed.
13:31:43 INFO  : Context for processor 'psu_cortexa53_0' is selected.
13:31:43 INFO  : Processor reset is completed for 'psu_cortexa53_0'.
13:31:48 INFO  : The application 'D:/Work/Vitis_workspace_FPGAVerification/ServoDrive_CB_FPGAVerification/Debug/ServoDrive_CB_FPGAVerification.elf' is downloaded to processor 'psu_cortexa53_0'.
13:31:48 INFO  : 'configparams force-mem-access 0' command is executed.
13:31:48 INFO  : ----------------XSDB Script----------------
connect -path [list tcp::1534 tcp:localhost:3122]
source C:/Xilinx/Vitis/2023.1/scripts/vitis/util/zynqmp_utils.tcl
targets -set -nocase -filter {name =~"APU*"}
rst -system
after 3000
targets -set -nocase -filter {name =~"APU*"}
reset_apu
targets -set -nocase -filter {name =~"RPU*"}
clear_rpu_reset
enable_split_mode
targets -set -filter {jtag_cable_name =~ "Enclustra GmbH Module Link enclustraA" && level==0 && jtag_device_ctx=="jsn-Module Link-enclustraA-04721093-0"}
fpga -file D:/Work/Vitis_workspace_FPGAVerification/ServoDrive_CB_FPGAVerification/_ide/bitstream/Mercury_XU5_PE1.bit
targets -set -nocase -filter {name =~"APU*"}
loadhw -hw D:/Work/Vitis_workspace_FPGAVerification/Mercury_XU5_PE1/export/Mercury_XU5_PE1/hw/Mercury_XU5_PE1.xsa -mem-ranges [list {0x80000000 0xbfffffff} {0x400000000 0x5ffffffff} {0x1000000000 0x7fffffffff}] -regs
configparams force-mem-access 1
targets -set -nocase -filter {name =~"APU*"}
source D:/Work/Vitis_workspace_FPGAVerification/ServoDrive_CB_FPGAVerification/_ide/psinit/psu_init.tcl
psu_init
source C:/Xilinx/Vitis/2023.1/scripts/vitis/util/fsbl.tcl
catch {XFsbl_DdrEccInit}
after 1000
psu_ps_pl_isolation_removal
after 1000
psu_ps_pl_reset_config
catch {psu_protection}
targets -set -nocase -filter {name =~ "*A53*#0"}
rst -processor
dow D:/Work/Vitis_workspace_FPGAVerification/ServoDrive_CB_FPGAVerification/Debug/ServoDrive_CB_FPGAVerification.elf
configparams force-mem-access 0
----------------End of Script----------------

13:31:48 INFO  : Context for processor 'psu_cortexa53_0' is selected.
13:31:48 INFO  : 'con' command is executed.
13:31:48 INFO  : ----------------XSDB Script (After Launch)----------------
targets -set -nocase -filter {name =~ "*A53*#0"}
con
----------------End of Script----------------

13:31:48 INFO  : Launch script is exported to file 'D:\Work\Vitis_workspace_FPGAVerification\ServoDrive_CB_FPGAVerification_system\_ide\scripts\debugger_servodrive_cb_fpgaverification-default.tcl'
13:51:02 INFO  : Disconnected from the channel tcfchan#16.
13:51:03 INFO  : Connected through redirection to target on host 'localhost' and port '3122'.
13:51:03 INFO  : Jtag cable 'Enclustra GmbH Module Link enclustraA' is selected.
13:51:03 INFO  : 'jtag frequency' command is executed.
13:51:03 INFO  : Sourcing of 'C:/Xilinx/Vitis/2023.1/scripts/vitis/util/zynqmp_utils.tcl' is done.
13:51:03 INFO  : Context for 'APU' is selected.
13:51:04 INFO  : System reset is completed.
13:51:07 INFO  : 'after 3000' command is executed.
13:51:07 INFO  : Context for 'APU' is selected.
13:51:07 INFO  : Cleared APU and A53 resets
13:51:07 INFO  : Context for 'RPU' is selected.
13:51:10 INFO  : Cleared RPU and R5 resets
13:51:10 INFO  : Split mode is enabled for R5#1
13:51:10 INFO  : 'targets -set -filter {jtag_cable_name =~ "Enclustra GmbH Module Link enclustraA" && level==0 && jtag_device_ctx=="jsn-Module Link-enclustraA-04721093-0"}' command is executed.
13:51:15 INFO  : Device configured successfully with "D:/Work/Vitis_workspace_FPGAVerification/ServoDrive_CB_FPGAVerification/_ide/bitstream/Mercury_XU5_PE1.bit"
13:51:15 INFO  : Context for 'APU' is selected.
13:51:15 INFO  : Hardware design and registers information is loaded from 'D:/Work/Vitis_workspace_FPGAVerification/Mercury_XU5_PE1/export/Mercury_XU5_PE1/hw/Mercury_XU5_PE1.xsa'.
13:51:15 INFO  : 'configparams force-mem-access 1' command is executed.
13:51:15 INFO  : Context for 'APU' is selected.
13:51:15 INFO  : Sourcing of 'D:/Work/Vitis_workspace_FPGAVerification/ServoDrive_CB_FPGAVerification/_ide/psinit/psu_init.tcl' is done.
13:51:16 INFO  : 'psu_init' command is executed.
13:51:16 INFO  : Sourcing of 'C:/Xilinx/Vitis/2023.1/scripts/vitis/util/fsbl.tcl' is done.
13:51:16 INFO  : 'catch {XFsbl_DdrEccInit}' command is executed.
13:51:17 INFO  : 'after 1000' command is executed.
13:51:17 INFO  : 'psu_ps_pl_isolation_removal' command is executed.
13:51:18 INFO  : 'after 1000' command is executed.
13:51:18 INFO  : 'psu_ps_pl_reset_config' command is executed.
13:51:18 INFO  : 'catch {psu_protection}' command is executed.
13:51:18 INFO  : Context for processor 'psu_cortexa53_0' is selected.
13:51:18 INFO  : Processor reset is completed for 'psu_cortexa53_0'.
13:51:23 INFO  : The application 'D:/Work/Vitis_workspace_FPGAVerification/ServoDrive_CB_FPGAVerification/Debug/ServoDrive_CB_FPGAVerification.elf' is downloaded to processor 'psu_cortexa53_0'.
13:51:23 INFO  : 'configparams force-mem-access 0' command is executed.
13:51:23 INFO  : ----------------XSDB Script----------------
connect -path [list tcp::1534 tcp:localhost:3122]
source C:/Xilinx/Vitis/2023.1/scripts/vitis/util/zynqmp_utils.tcl
targets -set -nocase -filter {name =~"APU*"}
rst -system
after 3000
targets -set -nocase -filter {name =~"APU*"}
reset_apu
targets -set -nocase -filter {name =~"RPU*"}
clear_rpu_reset
enable_split_mode
targets -set -filter {jtag_cable_name =~ "Enclustra GmbH Module Link enclustraA" && level==0 && jtag_device_ctx=="jsn-Module Link-enclustraA-04721093-0"}
fpga -file D:/Work/Vitis_workspace_FPGAVerification/ServoDrive_CB_FPGAVerification/_ide/bitstream/Mercury_XU5_PE1.bit
targets -set -nocase -filter {name =~"APU*"}
loadhw -hw D:/Work/Vitis_workspace_FPGAVerification/Mercury_XU5_PE1/export/Mercury_XU5_PE1/hw/Mercury_XU5_PE1.xsa -mem-ranges [list {0x80000000 0xbfffffff} {0x400000000 0x5ffffffff} {0x1000000000 0x7fffffffff}] -regs
configparams force-mem-access 1
targets -set -nocase -filter {name =~"APU*"}
source D:/Work/Vitis_workspace_FPGAVerification/ServoDrive_CB_FPGAVerification/_ide/psinit/psu_init.tcl
psu_init
source C:/Xilinx/Vitis/2023.1/scripts/vitis/util/fsbl.tcl
catch {XFsbl_DdrEccInit}
after 1000
psu_ps_pl_isolation_removal
after 1000
psu_ps_pl_reset_config
catch {psu_protection}
targets -set -nocase -filter {name =~ "*A53*#0"}
rst -processor
dow D:/Work/Vitis_workspace_FPGAVerification/ServoDrive_CB_FPGAVerification/Debug/ServoDrive_CB_FPGAVerification.elf
configparams force-mem-access 0
----------------End of Script----------------

13:51:23 INFO  : Context for processor 'psu_cortexa53_0' is selected.
13:51:23 INFO  : 'con' command is executed.
13:51:23 INFO  : ----------------XSDB Script (After Launch)----------------
targets -set -nocase -filter {name =~ "*A53*#0"}
con
----------------End of Script----------------

13:51:23 INFO  : Launch script is exported to file 'D:\Work\Vitis_workspace_FPGAVerification\ServoDrive_CB_FPGAVerification_system\_ide\scripts\debugger_servodrive_cb_fpgaverification-default.tcl'
13:56:50 INFO  : Disconnected from the channel tcfchan#17.
13:56:51 INFO  : Connected through redirection to target on host 'localhost' and port '3122'.
13:56:51 INFO  : Jtag cable 'Enclustra GmbH Module Link enclustraA' is selected.
13:56:51 INFO  : 'jtag frequency' command is executed.
13:56:51 INFO  : Sourcing of 'C:/Xilinx/Vitis/2023.1/scripts/vitis/util/zynqmp_utils.tcl' is done.
13:56:51 INFO  : Context for 'APU' is selected.
13:56:52 INFO  : System reset is completed.
13:56:55 INFO  : 'after 3000' command is executed.
13:56:55 INFO  : Context for 'APU' is selected.
13:56:55 INFO  : Cleared APU and A53 resets
13:56:55 INFO  : Context for 'RPU' is selected.
13:56:58 INFO  : Cleared RPU and R5 resets
13:56:58 INFO  : Split mode is enabled for R5#1
13:56:58 INFO  : 'targets -set -filter {jtag_cable_name =~ "Enclustra GmbH Module Link enclustraA" && level==0 && jtag_device_ctx=="jsn-Module Link-enclustraA-04721093-0"}' command is executed.
13:57:02 INFO  : Device configured successfully with "D:/Work/Vitis_workspace_FPGAVerification/ServoDrive_CB_FPGAVerification/_ide/bitstream/Mercury_XU5_PE1.bit"
13:57:02 INFO  : Context for 'APU' is selected.
13:57:02 INFO  : Hardware design and registers information is loaded from 'D:/Work/Vitis_workspace_FPGAVerification/Mercury_XU5_PE1/export/Mercury_XU5_PE1/hw/Mercury_XU5_PE1.xsa'.
13:57:02 INFO  : 'configparams force-mem-access 1' command is executed.
13:57:02 INFO  : Context for 'APU' is selected.
13:57:02 INFO  : Sourcing of 'D:/Work/Vitis_workspace_FPGAVerification/ServoDrive_CB_FPGAVerification/_ide/psinit/psu_init.tcl' is done.
13:57:03 INFO  : 'psu_init' command is executed.
13:57:03 INFO  : Sourcing of 'C:/Xilinx/Vitis/2023.1/scripts/vitis/util/fsbl.tcl' is done.
13:57:04 INFO  : 'catch {XFsbl_DdrEccInit}' command is executed.
13:57:05 INFO  : 'after 1000' command is executed.
13:57:05 INFO  : 'psu_ps_pl_isolation_removal' command is executed.
13:57:06 INFO  : 'after 1000' command is executed.
13:57:06 INFO  : 'psu_ps_pl_reset_config' command is executed.
13:57:06 INFO  : 'catch {psu_protection}' command is executed.
13:57:06 INFO  : Context for processor 'psu_cortexa53_0' is selected.
13:57:06 INFO  : Processor reset is completed for 'psu_cortexa53_0'.
13:57:11 INFO  : The application 'D:/Work/Vitis_workspace_FPGAVerification/ServoDrive_CB_FPGAVerification/Debug/ServoDrive_CB_FPGAVerification.elf' is downloaded to processor 'psu_cortexa53_0'.
13:57:11 INFO  : 'configparams force-mem-access 0' command is executed.
13:57:11 INFO  : ----------------XSDB Script----------------
connect -path [list tcp::1534 tcp:localhost:3122]
source C:/Xilinx/Vitis/2023.1/scripts/vitis/util/zynqmp_utils.tcl
targets -set -nocase -filter {name =~"APU*"}
rst -system
after 3000
targets -set -nocase -filter {name =~"APU*"}
reset_apu
targets -set -nocase -filter {name =~"RPU*"}
clear_rpu_reset
enable_split_mode
targets -set -filter {jtag_cable_name =~ "Enclustra GmbH Module Link enclustraA" && level==0 && jtag_device_ctx=="jsn-Module Link-enclustraA-04721093-0"}
fpga -file D:/Work/Vitis_workspace_FPGAVerification/ServoDrive_CB_FPGAVerification/_ide/bitstream/Mercury_XU5_PE1.bit
targets -set -nocase -filter {name =~"APU*"}
loadhw -hw D:/Work/Vitis_workspace_FPGAVerification/Mercury_XU5_PE1/export/Mercury_XU5_PE1/hw/Mercury_XU5_PE1.xsa -mem-ranges [list {0x80000000 0xbfffffff} {0x400000000 0x5ffffffff} {0x1000000000 0x7fffffffff}] -regs
configparams force-mem-access 1
targets -set -nocase -filter {name =~"APU*"}
source D:/Work/Vitis_workspace_FPGAVerification/ServoDrive_CB_FPGAVerification/_ide/psinit/psu_init.tcl
psu_init
source C:/Xilinx/Vitis/2023.1/scripts/vitis/util/fsbl.tcl
catch {XFsbl_DdrEccInit}
after 1000
psu_ps_pl_isolation_removal
after 1000
psu_ps_pl_reset_config
catch {psu_protection}
targets -set -nocase -filter {name =~ "*A53*#0"}
rst -processor
dow D:/Work/Vitis_workspace_FPGAVerification/ServoDrive_CB_FPGAVerification/Debug/ServoDrive_CB_FPGAVerification.elf
configparams force-mem-access 0
----------------End of Script----------------

13:57:11 INFO  : Context for processor 'psu_cortexa53_0' is selected.
13:57:11 INFO  : 'con' command is executed.
13:57:11 INFO  : ----------------XSDB Script (After Launch)----------------
targets -set -nocase -filter {name =~ "*A53*#0"}
con
----------------End of Script----------------

13:57:11 INFO  : Launch script is exported to file 'D:\Work\Vitis_workspace_FPGAVerification\ServoDrive_CB_FPGAVerification_system\_ide\scripts\debugger_servodrive_cb_fpgaverification-default.tcl'
14:10:57 INFO  : Disconnected from the channel tcfchan#18.
13:49:42 DEBUG : Logs will be stored at 'D:/Work/Vitis_workspace_FPGAVerification/IDE.log'.
13:49:43 INFO  : Launching XSCT server: xsct.bat -n  -interactive D:\Work\Vitis_workspace_FPGAVerification\temp_xsdb_launch_script.tcl
13:49:47 INFO  : XSCT server has started successfully.
13:49:47 INFO  : Successfully done setting XSCT server connection channel  
13:49:47 INFO  : plnx-install-location is set to ''
13:49:47 INFO  : Successfully done setting workspace for the tool. 
13:49:47 INFO  : Registering command handlers for Vitis TCF services
13:49:48 INFO  : Successfully done query RDI_DATADIR 
13:49:48 INFO  : Platform repository initialization has completed.
15:27:35 INFO  : No changes in MSS file content so sources will not be generated.
15:27:44 INFO  : No changes in MSS file content so sources will not be generated.
15:28:06 INFO  : No changes in MSS file content so sources will not be generated.
15:28:20 INFO  : No changes in MSS file content so sources will not be generated.
15:32:27 INFO  : No changes in MSS file content so sources will not be generated.
14:01:52 DEBUG : Logs will be stored at 'D:/Work/Vitis_workspace_FPGAVerification/IDE.log'.
14:01:53 INFO  : Launching XSCT server: xsct.bat -n  -interactive D:\Work\Vitis_workspace_FPGAVerification\temp_xsdb_launch_script.tcl
14:01:55 INFO  : XSCT server has started successfully.
14:01:55 INFO  : Successfully done setting XSCT server connection channel  
14:01:55 INFO  : plnx-install-location is set to ''
14:01:55 INFO  : Successfully done setting workspace for the tool. 
14:01:55 INFO  : Successfully done query RDI_DATADIR 
14:01:59 INFO  : Registering command handlers for Vitis TCF services
14:01:59 INFO  : Platform repository initialization has completed.
14:03:47 INFO  : Hardware specification for platform project 'Mercury_XU5_PE1' is updated.
14:06:50 INFO  : Result from executing command 'getProjects': Mercury_XU5_PE1
14:06:50 INFO  : Result from executing command 'getPlatforms': Mercury_XU5_PE1|D:/Work/Vitis_workspace_FPGAVerification/Mercury_XU5_PE1/export/Mercury_XU5_PE1/Mercury_XU5_PE1.xpfm;xilinx_zcu102_base_202310_1|C:/Xilinx/Vitis/2023.1/base_platforms/xilinx_zcu102_base_202310_1/xilinx_zcu102_base_202310_1.xpfm;xilinx_zcu102_base_dfx_202310_1|C:/Xilinx/Vitis/2023.1/base_platforms/xilinx_zcu102_base_dfx_202310_1/xilinx_zcu102_base_dfx_202310_1.xpfm;xilinx_zcu104_base_202310_1|C:/Xilinx/Vitis/2023.1/base_platforms/xilinx_zcu104_base_202310_1/xilinx_zcu104_base_202310_1.xpfm
14:06:51 INFO  : Checking for BSP changes to sync application flags for project 'ServoDrive_CB_FPGAVerification'...
14:07:12 INFO  : The hardware specification used by project 'ServoDrive_CB_FPGAVerification' is out of sync with the platform. Resource files extracted from the hardware specification will be updated.
14:07:12 INFO  : The file 'D:\Work\Vitis_workspace_FPGAVerification\ServoDrive_CB_FPGAVerification\_ide\bitstream\Mercury_XU5_PE1.bit' stored in project is removed.
14:07:13 INFO  : The updated bitstream files are copied from platform to folder 'D:\Work\Vitis_workspace_FPGAVerification\ServoDrive_CB_FPGAVerification\_ide\bitstream' in project 'ServoDrive_CB_FPGAVerification'.
14:07:13 INFO  : The file 'D:\Work\Vitis_workspace_FPGAVerification\ServoDrive_CB_FPGAVerification\_ide\psinit\psu_init.tcl' stored in project is removed.
14:07:13 INFO  : The updated ps init files are copied from platform to folder 'D:\Work\Vitis_workspace_FPGAVerification\ServoDrive_CB_FPGAVerification\_ide\psinit' in project 'ServoDrive_CB_FPGAVerification'.
14:08:48 INFO  : Connected to target on host '127.0.0.1' and port '3121'.
14:09:03 INFO  : Connected to target on host '127.0.0.1' and port '3121'.
14:11:50 INFO  : Connected to target on host '127.0.0.1' and port '3121'.
14:11:50 INFO  : Jtag cable 'Platform Cable USB II 00001f136b9601' is selected.
14:11:50 INFO  : 'jtag frequency' command is executed.
14:11:50 INFO  : Sourcing of 'C:/Xilinx/Vitis/2023.1/scripts/vitis/util/zynqmp_utils.tcl' is done.
14:11:50 INFO  : Context for 'APU' is selected.
14:11:51 INFO  : System reset is completed.
14:11:54 INFO  : 'after 3000' command is executed.
14:11:54 INFO  : Context for 'APU' is selected.
14:11:54 INFO  : Cleared APU and A53 resets
14:11:54 INFO  : Context for 'RPU' is selected.
14:11:57 INFO  : Cleared RPU and R5 resets
14:11:58 INFO  : Split mode is enabled for R5#1
14:11:58 INFO  : 'targets -set -filter {jtag_cable_name =~ "Platform Cable USB II 00001f136b9601" && level==0 && jtag_device_ctx=="jsn-DLC10-00001f136b9601-04721093-0"}' command is executed.
14:12:20 INFO  : Device configured successfully with "C:/Users/sesa807379/Downloads/MEXU5_U200_FPGACI.bit"
14:12:20 INFO  : Context for 'APU' is selected.
14:12:20 INFO  : Hardware design and registers information is loaded from 'D:/Work/Vitis_workspace_FPGAVerification/Mercury_XU5_PE1/export/Mercury_XU5_PE1/hw/MEXU5_U200_FPGACI.xsa'.
14:12:20 INFO  : 'configparams force-mem-access 1' command is executed.
14:12:20 INFO  : Context for 'APU' is selected.
14:12:20 INFO  : Sourcing of 'D:/Work/Vitis_workspace_FPGAVerification/ServoDrive_CB_FPGAVerification/_ide/psinit/psu_init.tcl' is done.
14:12:22 ERROR : Memory read error at 0xFF5E023C. Invalid DAP IDCODE 00000000. Invalid DAP ACK value: 0
14:12:22 INFO  : ----------------XSDB Script----------------
connect -url tcp:127.0.0.1:3121
source C:/Xilinx/Vitis/2023.1/scripts/vitis/util/zynqmp_utils.tcl
targets -set -nocase -filter {name =~"APU*"}
rst -system
after 3000
targets -set -nocase -filter {name =~"APU*"}
reset_apu
targets -set -nocase -filter {name =~"RPU*"}
clear_rpu_reset
enable_split_mode
targets -set -filter {jtag_cable_name =~ "Platform Cable USB II 00001f136b9601" && level==0 && jtag_device_ctx=="jsn-DLC10-00001f136b9601-04721093-0"}
fpga -file C:/Users/sesa807379/Downloads/MEXU5_U200_FPGACI.bit
targets -set -nocase -filter {name =~"APU*"}
loadhw -hw D:/Work/Vitis_workspace_FPGAVerification/Mercury_XU5_PE1/export/Mercury_XU5_PE1/hw/MEXU5_U200_FPGACI.xsa -mem-ranges [list {0x80000000 0xbfffffff} {0x400000000 0x5ffffffff} {0x1000000000 0x7fffffffff}] -regs
configparams force-mem-access 1
targets -set -nocase -filter {name =~"APU*"}
source D:/Work/Vitis_workspace_FPGAVerification/ServoDrive_CB_FPGAVerification/_ide/psinit/psu_init.tcl
psu_init
----------------End of Script----------------

14:12:22 ERROR : Memory read error at 0xFF5E023C. Invalid DAP IDCODE 00000000. Invalid DAP ACK value: 0
14:12:46 INFO  : Connected to target on host '127.0.0.1' and port '3121'.
14:12:46 INFO  : Jtag cable 'Platform Cable USB II 00001f136b9601' is selected.
14:12:46 INFO  : 'jtag frequency' command is executed.
14:12:46 INFO  : Sourcing of 'C:/Xilinx/Vitis/2023.1/scripts/vitis/util/zynqmp_utils.tcl' is done.
14:12:46 INFO  : Context for 'APU' is selected.
14:12:47 INFO  : System reset is completed.
14:12:50 INFO  : 'after 3000' command is executed.
14:12:50 INFO  : Context for 'APU' is selected.
14:12:51 INFO  : Cleared APU and A53 resets
14:12:51 INFO  : Context for 'RPU' is selected.
14:12:54 INFO  : Cleared RPU and R5 resets
14:12:54 INFO  : Split mode is enabled for R5#1
14:12:54 INFO  : 'targets -set -filter {jtag_cable_name =~ "Platform Cable USB II 00001f136b9601" && level==0 && jtag_device_ctx=="jsn-DLC10-00001f136b9601-04721093-0"}' command is executed.
14:13:16 INFO  : Device configured successfully with "C:/Users/sesa807379/Downloads/MEXU5_U200_FPGACI.bit"
14:13:16 INFO  : Context for 'APU' is selected.
14:13:17 INFO  : Hardware design and registers information is loaded from 'D:/Work/Vitis_workspace_FPGAVerification/Mercury_XU5_PE1/export/Mercury_XU5_PE1/hw/MEXU5_U200_FPGACI.xsa'.
14:13:17 INFO  : 'configparams force-mem-access 1' command is executed.
14:13:17 INFO  : Context for 'APU' is selected.
14:13:17 INFO  : Sourcing of 'D:/Work/Vitis_workspace_FPGAVerification/ServoDrive_CB_FPGAVerification/_ide/psinit/psu_init.tcl' is done.
14:13:18 ERROR : Memory write error at 0xFF5E0238. Invalid DAP IDCODE 00000000. Invalid DAP ACK value: 4
14:13:18 INFO  : ----------------XSDB Script----------------
connect -url tcp:127.0.0.1:3121
source C:/Xilinx/Vitis/2023.1/scripts/vitis/util/zynqmp_utils.tcl
targets -set -nocase -filter {name =~"APU*"}
rst -system
after 3000
targets -set -nocase -filter {name =~"APU*"}
reset_apu
targets -set -nocase -filter {name =~"RPU*"}
clear_rpu_reset
enable_split_mode
targets -set -filter {jtag_cable_name =~ "Platform Cable USB II 00001f136b9601" && level==0 && jtag_device_ctx=="jsn-DLC10-00001f136b9601-04721093-0"}
fpga -file C:/Users/sesa807379/Downloads/MEXU5_U200_FPGACI.bit
targets -set -nocase -filter {name =~"APU*"}
loadhw -hw D:/Work/Vitis_workspace_FPGAVerification/Mercury_XU5_PE1/export/Mercury_XU5_PE1/hw/MEXU5_U200_FPGACI.xsa -mem-ranges [list {0x80000000 0xbfffffff} {0x400000000 0x5ffffffff} {0x1000000000 0x7fffffffff}] -regs
configparams force-mem-access 1
targets -set -nocase -filter {name =~"APU*"}
source D:/Work/Vitis_workspace_FPGAVerification/ServoDrive_CB_FPGAVerification/_ide/psinit/psu_init.tcl
psu_init
----------------End of Script----------------

14:13:18 ERROR : Memory write error at 0xFF5E0238. Invalid DAP IDCODE 00000000. Invalid DAP ACK value: 4
14:14:02 INFO  : Connected to target on host '127.0.0.1' and port '3121'.
14:14:02 INFO  : Jtag cable 'Platform Cable USB II 00001f136b9601' is selected.
14:14:02 INFO  : 'jtag frequency' command is executed.
14:14:02 INFO  : Sourcing of 'C:/Xilinx/Vitis/2023.1/scripts/vitis/util/zynqmp_utils.tcl' is done.
14:14:02 INFO  : Context for 'APU' is selected.
14:14:04 INFO  : System reset is completed.
14:14:07 INFO  : 'after 3000' command is executed.
14:14:07 INFO  : Context for 'APU' is selected.
14:14:07 INFO  : Cleared APU and A53 resets
14:14:07 INFO  : Context for 'RPU' is selected.
14:14:10 INFO  : Cleared RPU and R5 resets
14:14:10 INFO  : Split mode is enabled for R5#1
14:14:11 INFO  : 'targets -set -filter {jtag_cable_name =~ "Platform Cable USB II 00001f136b9601" && level==0 && jtag_device_ctx=="jsn-DLC10-00001f136b9601-04721093-0"}' command is executed.
14:14:33 INFO  : Device configured successfully with "C:/Users/sesa807379/Downloads/MEXU5_U200_FPGACI.bit"
14:14:33 INFO  : Context for 'APU' is selected.
14:14:33 INFO  : Hardware design and registers information is loaded from 'D:/Work/Vitis_workspace_FPGAVerification/Mercury_XU5_PE1/export/Mercury_XU5_PE1/hw/MEXU5_U200_FPGACI.xsa'.
14:14:33 INFO  : 'configparams force-mem-access 1' command is executed.
14:14:33 INFO  : Context for 'APU' is selected.
14:14:33 INFO  : Sourcing of 'D:/Work/Vitis_workspace_FPGAVerification/ServoDrive_CB_FPGAVerification/_ide/psinit/psu_init.tcl' is done.
14:14:34 ERROR : Memory write error at 0xFF5E0238. Invalid DAP IDCODE 00000000. Invalid DAP ACK value: 4
14:14:34 INFO  : ----------------XSDB Script----------------
connect -url tcp:127.0.0.1:3121
source C:/Xilinx/Vitis/2023.1/scripts/vitis/util/zynqmp_utils.tcl
targets -set -nocase -filter {name =~"APU*"}
rst -system
after 3000
targets -set -nocase -filter {name =~"APU*"}
reset_apu
targets -set -nocase -filter {name =~"RPU*"}
clear_rpu_reset
enable_split_mode
targets -set -filter {jtag_cable_name =~ "Platform Cable USB II 00001f136b9601" && level==0 && jtag_device_ctx=="jsn-DLC10-00001f136b9601-04721093-0"}
fpga -file C:/Users/sesa807379/Downloads/MEXU5_U200_FPGACI.bit
targets -set -nocase -filter {name =~"APU*"}
loadhw -hw D:/Work/Vitis_workspace_FPGAVerification/Mercury_XU5_PE1/export/Mercury_XU5_PE1/hw/MEXU5_U200_FPGACI.xsa -mem-ranges [list {0x80000000 0xbfffffff} {0x400000000 0x5ffffffff} {0x1000000000 0x7fffffffff}] -regs
configparams force-mem-access 1
targets -set -nocase -filter {name =~"APU*"}
source D:/Work/Vitis_workspace_FPGAVerification/ServoDrive_CB_FPGAVerification/_ide/psinit/psu_init.tcl
psu_init
----------------End of Script----------------

14:14:34 ERROR : Memory write error at 0xFF5E0238. Invalid DAP IDCODE 00000000. Invalid DAP ACK value: 4
14:18:52 INFO  : Connected to target on host '127.0.0.1' and port '3121'.
14:18:52 INFO  : Jtag cable 'Platform Cable USB II 00001f136b9601' is selected.
14:18:52 INFO  : 'jtag frequency' command is executed.
14:18:52 INFO  : Sourcing of 'C:/Xilinx/Vitis/2023.1/scripts/vitis/util/zynqmp_utils.tcl' is done.
14:18:52 INFO  : Context for 'APU' is selected.
14:18:53 INFO  : System reset is completed.
14:18:56 INFO  : 'after 3000' command is executed.
14:18:56 INFO  : Context for 'APU' is selected.
14:18:56 INFO  : Cleared APU and A53 resets
14:18:56 INFO  : Context for 'RPU' is selected.
14:18:59 INFO  : Cleared RPU and R5 resets
14:18:59 INFO  : Split mode is enabled for R5#1
14:18:59 INFO  : 'targets -set -filter {jtag_cable_name =~ "Platform Cable USB II 00001f136b9601" && level==0 && jtag_device_ctx=="jsn-DLC10-00001f136b9601-04721093-0"}' command is executed.
14:19:22 INFO  : Device configured successfully with "C:/Users/sesa807379/Downloads/MEXU5_U200_FPGACI.bit"
14:19:22 INFO  : Context for 'APU' is selected.
14:19:22 INFO  : Hardware design and registers information is loaded from 'D:/Work/Vitis_workspace_FPGAVerification/Mercury_XU5_PE1/export/Mercury_XU5_PE1/hw/MEXU5_U200_FPGACI.xsa'.
14:19:22 INFO  : 'configparams force-mem-access 1' command is executed.
14:19:22 INFO  : Context for 'APU' is selected.
14:19:22 INFO  : Sourcing of 'D:/Work/Vitis_workspace_FPGAVerification/ServoDrive_CB_FPGAVerification/_ide/psinit/psu_init.tcl' is done.
14:19:23 ERROR : Memory write error at 0xFF5E023C. Invalid DAP IDCODE 00000000. Invalid DAP ACK value: 4
14:19:23 INFO  : ----------------XSDB Script----------------
connect -url tcp:127.0.0.1:3121
source C:/Xilinx/Vitis/2023.1/scripts/vitis/util/zynqmp_utils.tcl
targets -set -nocase -filter {name =~"APU*"}
rst -system
after 3000
targets -set -nocase -filter {name =~"APU*"}
reset_apu
targets -set -nocase -filter {name =~"RPU*"}
clear_rpu_reset
enable_split_mode
targets -set -filter {jtag_cable_name =~ "Platform Cable USB II 00001f136b9601" && level==0 && jtag_device_ctx=="jsn-DLC10-00001f136b9601-04721093-0"}
fpga -file C:/Users/sesa807379/Downloads/MEXU5_U200_FPGACI.bit
targets -set -nocase -filter {name =~"APU*"}
loadhw -hw D:/Work/Vitis_workspace_FPGAVerification/Mercury_XU5_PE1/export/Mercury_XU5_PE1/hw/MEXU5_U200_FPGACI.xsa -mem-ranges [list {0x80000000 0xbfffffff} {0x400000000 0x5ffffffff} {0x1000000000 0x7fffffffff}] -regs
configparams force-mem-access 1
targets -set -nocase -filter {name =~"APU*"}
source D:/Work/Vitis_workspace_FPGAVerification/ServoDrive_CB_FPGAVerification/_ide/psinit/psu_init.tcl
psu_init
----------------End of Script----------------

14:19:23 ERROR : Memory write error at 0xFF5E023C. Invalid DAP IDCODE 00000000. Invalid DAP ACK value: 4
14:22:25 INFO  : Connected to target on host '127.0.0.1' and port '3121'.
14:22:25 INFO  : Jtag cable 'Platform Cable USB II 00001f136b9601' is selected.
14:22:25 INFO  : 'jtag frequency' command is executed.
14:22:25 INFO  : Sourcing of 'C:/Xilinx/Vitis/2023.1/scripts/vitis/util/zynqmp_utils.tcl' is done.
14:22:25 INFO  : Context for 'APU' is selected.
14:22:26 INFO  : System reset is completed.
14:22:29 INFO  : 'after 3000' command is executed.
14:22:29 INFO  : Context for 'APU' is selected.
14:22:30 INFO  : Cleared APU and A53 resets
14:22:30 INFO  : Context for 'RPU' is selected.
14:22:33 INFO  : Cleared RPU and R5 resets
14:22:33 INFO  : Split mode is enabled for R5#1
14:22:33 INFO  : 'targets -set -filter {jtag_cable_name =~ "Platform Cable USB II 00001f136b9601" && level==0 && jtag_device_ctx=="jsn-DLC10-00001f136b9601-04721093-0"}' command is executed.
14:22:55 INFO  : Device configured successfully with "C:/Users/sesa807379/Downloads/MEXU5_U200_FPGACI.bit"
14:22:55 INFO  : Context for 'APU' is selected.
14:22:55 INFO  : Hardware design and registers information is loaded from 'D:/Work/Vitis_workspace_FPGAVerification/Mercury_XU5_PE1/export/Mercury_XU5_PE1/hw/MEXU5_U200_FPGACI.xsa'.
14:22:55 INFO  : 'configparams force-mem-access 1' command is executed.
14:22:55 INFO  : Context for 'APU' is selected.
14:22:55 INFO  : Sourcing of 'D:/Work/Vitis_workspace_FPGAVerification/ServoDrive_CB_FPGAVerification/_ide/psinit/psu_init.tcl' is done.
14:22:57 ERROR : Memory read error at 0xFF5E0238. Invalid DAP IDCODE ffffffff. Invalid DAP ACK value: 7
14:22:57 INFO  : ----------------XSDB Script----------------
connect -url tcp:127.0.0.1:3121
source C:/Xilinx/Vitis/2023.1/scripts/vitis/util/zynqmp_utils.tcl
targets -set -nocase -filter {name =~"APU*"}
rst -system
after 3000
targets -set -nocase -filter {name =~"APU*"}
reset_apu
targets -set -nocase -filter {name =~"RPU*"}
clear_rpu_reset
enable_split_mode
targets -set -filter {jtag_cable_name =~ "Platform Cable USB II 00001f136b9601" && level==0 && jtag_device_ctx=="jsn-DLC10-00001f136b9601-04721093-0"}
fpga -file C:/Users/sesa807379/Downloads/MEXU5_U200_FPGACI.bit
targets -set -nocase -filter {name =~"APU*"}
loadhw -hw D:/Work/Vitis_workspace_FPGAVerification/Mercury_XU5_PE1/export/Mercury_XU5_PE1/hw/MEXU5_U200_FPGACI.xsa -mem-ranges [list {0x80000000 0xbfffffff} {0x400000000 0x5ffffffff} {0x1000000000 0x7fffffffff}] -regs
configparams force-mem-access 1
targets -set -nocase -filter {name =~"APU*"}
source D:/Work/Vitis_workspace_FPGAVerification/ServoDrive_CB_FPGAVerification/_ide/psinit/psu_init.tcl
psu_init
----------------End of Script----------------

14:22:57 ERROR : Memory read error at 0xFF5E0238. Invalid DAP IDCODE ffffffff. Invalid DAP ACK value: 7
14:23:28 INFO  : Connected to target on host '127.0.0.1' and port '3121'.
14:24:39 INFO  : Connected to target on host '127.0.0.1' and port '3121'.
14:24:58 INFO  : ----------------XSDB Script----------------
connect -url tcp:127.0.0.1:3121
----------------End of Script----------------

14:24:58 ERROR : Could not find ARM device on the board for connection 'Local'.
Check if the target is in:
1. Split JTAG - No operations are possible with ARM DAP.
2. Non JTAG bootmode - Bootrom may need time to enable DAP.
Please try again.


Troubleshooting hints:
1. Check whether board is connected to system properly.
2. In case of zynq board, check whether Digilent/Xilinx cable switch settings are correct.
3. If you are using Xilinx Platform Cable USB, ensure that status LED is green.
14:25:05 INFO  : Connected to target on host '127.0.0.1' and port '3121'.
14:25:20 INFO  : Connected to target on host '127.0.0.1' and port '3121'.
14:25:43 INFO  : Connected to target on host '127.0.0.1' and port '3121'.
14:26:40 INFO  : Connected to target on host '127.0.0.1' and port '3121'.
14:27:20 DEBUG : Logs will be stored at 'D:/Work/Vitis_workspace_FPGAVerification/IDE.log'.
14:27:20 INFO  : Launching XSCT server: xsct.bat -n  -interactive D:\Work\Vitis_workspace_FPGAVerification\temp_xsdb_launch_script.tcl
14:27:22 INFO  : XSCT server has started successfully.
14:27:22 INFO  : plnx-install-location is set to ''
14:27:22 INFO  : Successfully done setting XSCT server connection channel  
14:27:22 INFO  : Successfully done query RDI_DATADIR 
14:27:22 INFO  : Successfully done setting workspace for the tool. 
14:27:25 INFO  : Registering command handlers for Vitis TCF services
14:27:26 INFO  : Platform repository initialization has completed.
14:28:04 INFO  : Connected to target on host '127.0.0.1' and port '3121'.
14:28:40 INFO  : No changes in MSS file content so sources will not be generated.
14:29:31 INFO  : Connected to target on host '127.0.0.1' and port '3121'.
14:29:32 INFO  : Jtag cable 'Platform Cable USB II 00001f136b9601' is selected.
14:29:32 INFO  : 'jtag frequency' command is executed.
14:29:32 INFO  : Sourcing of 'C:/Xilinx/Vitis/2023.1/scripts/vitis/util/zynqmp_utils.tcl' is done.
14:29:32 INFO  : Context for 'APU' is selected.
14:29:32 INFO  : System reset is completed.
14:29:35 INFO  : 'after 3000' command is executed.
14:29:35 INFO  : Context for 'APU' is selected.
14:29:36 INFO  : Cleared APU and A53 resets
14:29:36 INFO  : Context for 'RPU' is selected.
14:29:39 INFO  : Cleared RPU and R5 resets
14:29:39 INFO  : Split mode is enabled for R5#1
14:29:39 INFO  : 'targets -set -filter {jtag_cable_name =~ "Platform Cable USB II 00001f136b9601" && level==0 && jtag_device_ctx=="jsn-DLC10-00001f136b9601-04721093-0"}' command is executed.
14:30:02 INFO  : Device configured successfully with "D:/Work/Vitis_workspace_FPGAVerification/ServoDrive_CB_FPGAVerification/_ide/bitstream/MEXU5_U200_FPGACI.bit"
14:30:02 INFO  : Context for 'APU' is selected.
14:30:02 INFO  : Hardware design and registers information is loaded from 'D:/Work/Vitis_workspace_FPGAVerification/Mercury_XU5_PE1/export/Mercury_XU5_PE1/hw/MEXU5_U200_FPGACI.xsa'.
14:30:02 INFO  : 'configparams force-mem-access 1' command is executed.
14:30:02 INFO  : Context for 'APU' is selected.
14:30:02 INFO  : Sourcing of 'D:/Work/Vitis_workspace_FPGAVerification/ServoDrive_CB_FPGAVerification/_ide/psinit/psu_init.tcl' is done.
14:30:03 ERROR : Memory read error at 0xFF5E0238. Invalid DAP IDCODE 00000000. Invalid DAP ACK value: 0
14:30:03 INFO  : ----------------XSDB Script----------------
connect -url tcp:127.0.0.1:3121
source C:/Xilinx/Vitis/2023.1/scripts/vitis/util/zynqmp_utils.tcl
targets -set -nocase -filter {name =~"APU*"}
rst -system
after 3000
targets -set -nocase -filter {name =~"APU*"}
reset_apu
targets -set -nocase -filter {name =~"RPU*"}
clear_rpu_reset
enable_split_mode
targets -set -filter {jtag_cable_name =~ "Platform Cable USB II 00001f136b9601" && level==0 && jtag_device_ctx=="jsn-DLC10-00001f136b9601-04721093-0"}
fpga -file D:/Work/Vitis_workspace_FPGAVerification/ServoDrive_CB_FPGAVerification/_ide/bitstream/MEXU5_U200_FPGACI.bit
targets -set -nocase -filter {name =~"APU*"}
loadhw -hw D:/Work/Vitis_workspace_FPGAVerification/Mercury_XU5_PE1/export/Mercury_XU5_PE1/hw/MEXU5_U200_FPGACI.xsa -mem-ranges [list {0x80000000 0xbfffffff} {0x400000000 0x5ffffffff} {0x1000000000 0x7fffffffff}] -regs
configparams force-mem-access 1
targets -set -nocase -filter {name =~"APU*"}
source D:/Work/Vitis_workspace_FPGAVerification/ServoDrive_CB_FPGAVerification/_ide/psinit/psu_init.tcl
psu_init
----------------End of Script----------------

14:30:03 ERROR : Memory read error at 0xFF5E0238. Invalid DAP IDCODE 00000000. Invalid DAP ACK value: 0
14:30:37 INFO  : Connected to target on host '127.0.0.1' and port '3121'.
14:30:37 INFO  : Jtag cable 'Platform Cable USB II 00001f136b9601' is selected.
14:30:37 INFO  : 'jtag frequency' command is executed.
14:30:37 INFO  : Sourcing of 'C:/Xilinx/Vitis/2023.1/scripts/vitis/util/zynqmp_utils.tcl' is done.
14:30:37 INFO  : Context for 'APU' is selected.
14:30:38 INFO  : System reset is completed.
14:30:41 INFO  : 'after 3000' command is executed.
14:30:41 INFO  : Context for 'APU' is selected.
14:30:42 INFO  : Cleared APU and A53 resets
14:30:42 INFO  : Context for 'RPU' is selected.
14:30:45 INFO  : Cleared RPU and R5 resets
14:30:45 INFO  : Split mode is enabled for R5#1
14:30:45 INFO  : 'targets -set -filter {jtag_cable_name =~ "Platform Cable USB II 00001f136b9601" && level==0 && jtag_device_ctx=="jsn-DLC10-00001f136b9601-04721093-0"}' command is executed.
14:31:07 INFO  : Device configured successfully with "D:/Work/Vitis_workspace_FPGAVerification/ServoDrive_CB_FPGAVerification/_ide/bitstream/MEXU5_U200_FPGACI.bit"
14:31:07 INFO  : Context for 'APU' is selected.
14:31:07 INFO  : Hardware design and registers information is loaded from 'D:/Work/Vitis_workspace_FPGAVerification/Mercury_XU5_PE1/export/Mercury_XU5_PE1/hw/MEXU5_U200_FPGACI.xsa'.
14:31:07 INFO  : 'configparams force-mem-access 1' command is executed.
14:31:08 INFO  : Context for 'APU' is selected.
14:31:08 INFO  : Sourcing of 'D:/Work/Vitis_workspace_FPGAVerification/ServoDrive_CB_FPGAVerification/_ide/psinit/psu_init.tcl' is done.
14:31:09 INFO  : 'psu_init' command is executed.
14:31:09 INFO  : Sourcing of 'C:/Xilinx/Vitis/2023.1/scripts/vitis/util/fsbl.tcl' is done.
14:31:10 INFO  : 'catch {XFsbl_DdrEccInit}' command is executed.
14:31:11 INFO  : 'after 1000' command is executed.
14:31:11 INFO  : 'psu_ps_pl_isolation_removal' command is executed.
14:31:12 INFO  : 'after 1000' command is executed.
14:31:12 INFO  : 'psu_ps_pl_reset_config' command is executed.
14:31:12 INFO  : 'catch {psu_protection}' command is executed.
14:31:12 INFO  : Context for processor 'psu_cortexa53_0' is selected.
14:31:12 INFO  : Processor reset is completed for 'psu_cortexa53_0'.
14:31:50 INFO  : The application 'D:/Work/Vitis_workspace_FPGAVerification/ServoDrive_CB_FPGAVerification/Debug/ServoDrive_CB_FPGAVerification.elf' is downloaded to processor 'psu_cortexa53_0'.
14:31:50 INFO  : 'configparams force-mem-access 0' command is executed.
14:31:50 INFO  : ----------------XSDB Script----------------
connect -url tcp:127.0.0.1:3121
source C:/Xilinx/Vitis/2023.1/scripts/vitis/util/zynqmp_utils.tcl
targets -set -nocase -filter {name =~"APU*"}
rst -system
after 3000
targets -set -nocase -filter {name =~"APU*"}
reset_apu
targets -set -nocase -filter {name =~"RPU*"}
clear_rpu_reset
enable_split_mode
targets -set -filter {jtag_cable_name =~ "Platform Cable USB II 00001f136b9601" && level==0 && jtag_device_ctx=="jsn-DLC10-00001f136b9601-04721093-0"}
fpga -file D:/Work/Vitis_workspace_FPGAVerification/ServoDrive_CB_FPGAVerification/_ide/bitstream/MEXU5_U200_FPGACI.bit
targets -set -nocase -filter {name =~"APU*"}
loadhw -hw D:/Work/Vitis_workspace_FPGAVerification/Mercury_XU5_PE1/export/Mercury_XU5_PE1/hw/MEXU5_U200_FPGACI.xsa -mem-ranges [list {0x80000000 0xbfffffff} {0x400000000 0x5ffffffff} {0x1000000000 0x7fffffffff}] -regs
configparams force-mem-access 1
targets -set -nocase -filter {name =~"APU*"}
source D:/Work/Vitis_workspace_FPGAVerification/ServoDrive_CB_FPGAVerification/_ide/psinit/psu_init.tcl
psu_init
source C:/Xilinx/Vitis/2023.1/scripts/vitis/util/fsbl.tcl
catch {XFsbl_DdrEccInit}
after 1000
psu_ps_pl_isolation_removal
after 1000
psu_ps_pl_reset_config
catch {psu_protection}
targets -set -nocase -filter {name =~ "*A53*#0"}
rst -processor
dow D:/Work/Vitis_workspace_FPGAVerification/ServoDrive_CB_FPGAVerification/Debug/ServoDrive_CB_FPGAVerification.elf
configparams force-mem-access 0
----------------End of Script----------------

14:31:50 INFO  : Context for processor 'psu_cortexa53_0' is selected.
14:31:50 INFO  : 'con' command is executed.
14:31:50 INFO  : ----------------XSDB Script (After Launch)----------------
targets -set -nocase -filter {name =~ "*A53*#0"}
con
----------------End of Script----------------

14:31:50 INFO  : Launch script is exported to file 'D:\Work\Vitis_workspace_FPGAVerification\ServoDrive_CB_FPGAVerification_system\_ide\scripts\debugger_servodrive_cb_fpgaverification-default.tcl'
14:36:55 INFO  : Disconnected from the channel tcfchan#1.
14:36:56 INFO  : Connected to target on host '127.0.0.1' and port '3121'.
14:36:56 INFO  : Jtag cable 'Platform Cable USB II 00001f136b9601' is selected.
14:36:56 INFO  : 'jtag frequency' command is executed.
14:36:56 INFO  : Sourcing of 'C:/Xilinx/Vitis/2023.1/scripts/vitis/util/zynqmp_utils.tcl' is done.
14:36:56 INFO  : Context for 'APU' is selected.
14:36:56 INFO  : System reset is completed.
14:36:59 INFO  : 'after 3000' command is executed.
14:36:59 INFO  : Context for 'APU' is selected.
14:37:00 INFO  : Cleared APU and A53 resets
14:37:00 INFO  : Context for 'RPU' is selected.
14:37:03 INFO  : Cleared RPU and R5 resets
14:37:03 INFO  : Split mode is enabled for R5#1
14:37:03 INFO  : 'targets -set -filter {jtag_cable_name =~ "Platform Cable USB II 00001f136b9601" && level==0 && jtag_device_ctx=="jsn-DLC10-00001f136b9601-04721093-0"}' command is executed.
14:37:26 INFO  : Device configured successfully with "D:/Work/Vitis_workspace_FPGAVerification/ServoDrive_CB_FPGAVerification/_ide/bitstream/MEXU5_U200_FPGACI.bit"
14:37:26 INFO  : Context for 'APU' is selected.
14:37:26 INFO  : Hardware design and registers information is loaded from 'D:/Work/Vitis_workspace_FPGAVerification/Mercury_XU5_PE1/export/Mercury_XU5_PE1/hw/MEXU5_U200_FPGACI.xsa'.
14:37:26 INFO  : 'configparams force-mem-access 1' command is executed.
14:37:26 INFO  : Context for 'APU' is selected.
14:37:26 INFO  : Sourcing of 'D:/Work/Vitis_workspace_FPGAVerification/ServoDrive_CB_FPGAVerification/_ide/psinit/psu_init.tcl' is done.
14:37:27 INFO  : 'psu_init' command is executed.
14:37:27 INFO  : Sourcing of 'C:/Xilinx/Vitis/2023.1/scripts/vitis/util/fsbl.tcl' is done.
14:37:28 INFO  : 'catch {XFsbl_DdrEccInit}' command is executed.
14:37:29 INFO  : 'after 1000' command is executed.
14:37:29 INFO  : 'psu_ps_pl_isolation_removal' command is executed.
14:37:30 INFO  : 'after 1000' command is executed.
14:37:30 INFO  : 'psu_ps_pl_reset_config' command is executed.
14:37:30 INFO  : 'catch {psu_protection}' command is executed.
14:37:30 INFO  : Context for processor 'psu_cortexa53_0' is selected.
14:37:31 INFO  : Processor reset is completed for 'psu_cortexa53_0'.
14:38:08 INFO  : The application 'D:/Work/Vitis_workspace_FPGAVerification/ServoDrive_CB_FPGAVerification/Debug/ServoDrive_CB_FPGAVerification.elf' is downloaded to processor 'psu_cortexa53_0'.
14:38:08 INFO  : 'configparams force-mem-access 0' command is executed.
14:38:08 INFO  : ----------------XSDB Script----------------
connect -url tcp:127.0.0.1:3121
source C:/Xilinx/Vitis/2023.1/scripts/vitis/util/zynqmp_utils.tcl
targets -set -nocase -filter {name =~"APU*"}
rst -system
after 3000
targets -set -nocase -filter {name =~"APU*"}
reset_apu
targets -set -nocase -filter {name =~"RPU*"}
clear_rpu_reset
enable_split_mode
targets -set -filter {jtag_cable_name =~ "Platform Cable USB II 00001f136b9601" && level==0 && jtag_device_ctx=="jsn-DLC10-00001f136b9601-04721093-0"}
fpga -file D:/Work/Vitis_workspace_FPGAVerification/ServoDrive_CB_FPGAVerification/_ide/bitstream/MEXU5_U200_FPGACI.bit
targets -set -nocase -filter {name =~"APU*"}
loadhw -hw D:/Work/Vitis_workspace_FPGAVerification/Mercury_XU5_PE1/export/Mercury_XU5_PE1/hw/MEXU5_U200_FPGACI.xsa -mem-ranges [list {0x80000000 0xbfffffff} {0x400000000 0x5ffffffff} {0x1000000000 0x7fffffffff}] -regs
configparams force-mem-access 1
targets -set -nocase -filter {name =~"APU*"}
source D:/Work/Vitis_workspace_FPGAVerification/ServoDrive_CB_FPGAVerification/_ide/psinit/psu_init.tcl
psu_init
source C:/Xilinx/Vitis/2023.1/scripts/vitis/util/fsbl.tcl
catch {XFsbl_DdrEccInit}
after 1000
psu_ps_pl_isolation_removal
after 1000
psu_ps_pl_reset_config
catch {psu_protection}
targets -set -nocase -filter {name =~ "*A53*#0"}
rst -processor
dow D:/Work/Vitis_workspace_FPGAVerification/ServoDrive_CB_FPGAVerification/Debug/ServoDrive_CB_FPGAVerification.elf
configparams force-mem-access 0
----------------End of Script----------------

14:38:08 INFO  : Context for processor 'psu_cortexa53_0' is selected.
14:38:08 INFO  : 'con' command is executed.
14:38:08 INFO  : ----------------XSDB Script (After Launch)----------------
targets -set -nocase -filter {name =~ "*A53*#0"}
con
----------------End of Script----------------

14:38:08 INFO  : Launch script is exported to file 'D:\Work\Vitis_workspace_FPGAVerification\ServoDrive_CB_FPGAVerification_system\_ide\scripts\debugger_servodrive_cb_fpgaverification-default.tcl'
14:40:37 INFO  : Disconnected from the channel tcfchan#2.
14:40:38 INFO  : Connected to target on host '127.0.0.1' and port '3121'.
14:40:38 INFO  : Jtag cable 'Platform Cable USB II 00001f136b9601' is selected.
14:40:38 INFO  : 'jtag frequency' command is executed.
14:40:38 INFO  : Sourcing of 'C:/Xilinx/Vitis/2023.1/scripts/vitis/util/zynqmp_utils.tcl' is done.
14:40:38 INFO  : Context for 'APU' is selected.
14:40:39 INFO  : System reset is completed.
14:40:42 INFO  : 'after 3000' command is executed.
14:40:42 INFO  : Context for 'APU' is selected.
14:40:42 INFO  : Cleared APU and A53 resets
14:40:43 INFO  : Context for 'RPU' is selected.
14:40:46 INFO  : Cleared RPU and R5 resets
14:40:46 INFO  : Split mode is enabled for R5#1
14:40:46 INFO  : 'targets -set -filter {jtag_cable_name =~ "Platform Cable USB II 00001f136b9601" && level==0 && jtag_device_ctx=="jsn-DLC10-00001f136b9601-04721093-0"}' command is executed.
14:41:08 INFO  : Device configured successfully with "D:/Work/Vitis_workspace_FPGAVerification/ServoDrive_CB_FPGAVerification/_ide/bitstream/MEXU5_U200_FPGACI.bit"
14:41:08 INFO  : Context for 'APU' is selected.
14:41:08 INFO  : Hardware design and registers information is loaded from 'D:/Work/Vitis_workspace_FPGAVerification/Mercury_XU5_PE1/export/Mercury_XU5_PE1/hw/MEXU5_U200_FPGACI.xsa'.
14:41:08 INFO  : 'configparams force-mem-access 1' command is executed.
14:41:08 INFO  : Context for 'APU' is selected.
14:41:08 INFO  : Sourcing of 'D:/Work/Vitis_workspace_FPGAVerification/ServoDrive_CB_FPGAVerification/_ide/psinit/psu_init.tcl' is done.
14:41:10 INFO  : 'psu_init' command is executed.
14:41:10 INFO  : Sourcing of 'C:/Xilinx/Vitis/2023.1/scripts/vitis/util/fsbl.tcl' is done.
14:41:11 INFO  : 'catch {XFsbl_DdrEccInit}' command is executed.
14:41:12 INFO  : 'after 1000' command is executed.
14:41:12 INFO  : 'psu_ps_pl_isolation_removal' command is executed.
14:41:13 INFO  : 'after 1000' command is executed.
14:41:13 INFO  : 'psu_ps_pl_reset_config' command is executed.
14:41:13 INFO  : 'catch {psu_protection}' command is executed.
14:41:13 INFO  : Context for processor 'psu_cortexa53_0' is selected.
14:41:13 INFO  : Processor reset is completed for 'psu_cortexa53_0'.
14:41:50 INFO  : The application 'D:/Work/Vitis_workspace_FPGAVerification/ServoDrive_CB_FPGAVerification/Debug/ServoDrive_CB_FPGAVerification.elf' is downloaded to processor 'psu_cortexa53_0'.
14:41:51 INFO  : 'configparams force-mem-access 0' command is executed.
14:41:51 INFO  : ----------------XSDB Script----------------
connect -url tcp:127.0.0.1:3121
source C:/Xilinx/Vitis/2023.1/scripts/vitis/util/zynqmp_utils.tcl
targets -set -nocase -filter {name =~"APU*"}
rst -system
after 3000
targets -set -nocase -filter {name =~"APU*"}
reset_apu
targets -set -nocase -filter {name =~"RPU*"}
clear_rpu_reset
enable_split_mode
targets -set -filter {jtag_cable_name =~ "Platform Cable USB II 00001f136b9601" && level==0 && jtag_device_ctx=="jsn-DLC10-00001f136b9601-04721093-0"}
fpga -file D:/Work/Vitis_workspace_FPGAVerification/ServoDrive_CB_FPGAVerification/_ide/bitstream/MEXU5_U200_FPGACI.bit
targets -set -nocase -filter {name =~"APU*"}
loadhw -hw D:/Work/Vitis_workspace_FPGAVerification/Mercury_XU5_PE1/export/Mercury_XU5_PE1/hw/MEXU5_U200_FPGACI.xsa -mem-ranges [list {0x80000000 0xbfffffff} {0x400000000 0x5ffffffff} {0x1000000000 0x7fffffffff}] -regs
configparams force-mem-access 1
targets -set -nocase -filter {name =~"APU*"}
source D:/Work/Vitis_workspace_FPGAVerification/ServoDrive_CB_FPGAVerification/_ide/psinit/psu_init.tcl
psu_init
source C:/Xilinx/Vitis/2023.1/scripts/vitis/util/fsbl.tcl
catch {XFsbl_DdrEccInit}
after 1000
psu_ps_pl_isolation_removal
after 1000
psu_ps_pl_reset_config
catch {psu_protection}
targets -set -nocase -filter {name =~ "*A53*#0"}
rst -processor
dow D:/Work/Vitis_workspace_FPGAVerification/ServoDrive_CB_FPGAVerification/Debug/ServoDrive_CB_FPGAVerification.elf
configparams force-mem-access 0
----------------End of Script----------------

14:41:51 INFO  : Context for processor 'psu_cortexa53_0' is selected.
14:41:51 INFO  : 'con' command is executed.
14:41:51 INFO  : ----------------XSDB Script (After Launch)----------------
targets -set -nocase -filter {name =~ "*A53*#0"}
con
----------------End of Script----------------

14:41:51 INFO  : Launch script is exported to file 'D:\Work\Vitis_workspace_FPGAVerification\ServoDrive_CB_FPGAVerification_system\_ide\scripts\debugger_servodrive_cb_fpgaverification-default.tcl'
14:58:17 INFO  : Result from executing command 'getProjects': Mercury_XU5_PE1
14:58:17 INFO  : Result from executing command 'getPlatforms': Mercury_XU5_PE1|D:/Work/Vitis_workspace_FPGAVerification/Mercury_XU5_PE1/export/Mercury_XU5_PE1/Mercury_XU5_PE1.xpfm;xilinx_zcu102_base_202310_1|C:/Xilinx/Vitis/2023.1/base_platforms/xilinx_zcu102_base_202310_1/xilinx_zcu102_base_202310_1.xpfm;xilinx_zcu102_base_dfx_202310_1|C:/Xilinx/Vitis/2023.1/base_platforms/xilinx_zcu102_base_dfx_202310_1/xilinx_zcu102_base_dfx_202310_1.xpfm;xilinx_zcu104_base_202310_1|C:/Xilinx/Vitis/2023.1/base_platforms/xilinx_zcu104_base_202310_1/xilinx_zcu104_base_202310_1.xpfm
14:58:19 INFO  : Checking for BSP changes to sync application flags for project 'ServoDrive_CB_FPGAVerification'...
15:02:58 INFO  : Disconnected from the channel tcfchan#3.
15:02:59 INFO  : Connected to target on host '127.0.0.1' and port '3121'.
15:02:59 INFO  : Jtag cable 'Platform Cable USB II 00001f136b9601' is selected.
15:02:59 INFO  : 'jtag frequency' command is executed.
15:02:59 INFO  : Sourcing of 'C:/Xilinx/Vitis/2023.1/scripts/vitis/util/zynqmp_utils.tcl' is done.
15:02:59 INFO  : Context for 'APU' is selected.
15:03:00 INFO  : System reset is completed.
15:03:03 INFO  : 'after 3000' command is executed.
15:03:03 INFO  : Context for 'APU' is selected.
15:03:03 INFO  : Cleared APU and A53 resets
15:03:03 INFO  : Context for 'RPU' is selected.
15:03:07 INFO  : Cleared RPU and R5 resets
15:03:07 INFO  : Split mode is enabled for R5#1
15:03:07 INFO  : 'targets -set -filter {jtag_cable_name =~ "Platform Cable USB II 00001f136b9601" && level==0 && jtag_device_ctx=="jsn-DLC10-00001f136b9601-04721093-0"}' command is executed.
15:03:20 INFO  : Device configured successfully with "D:/Work/Vitis_workspace_FPGAVerification/ServoDrive_CB_FPGAVerification/_ide/bitstream/MEXU5_U200_FPGACI.bit"
15:03:20 INFO  : Context for 'APU' is selected.
15:03:20 INFO  : Hardware design and registers information is loaded from 'D:/Work/Vitis_workspace_FPGAVerification/Mercury_XU5_PE1/export/Mercury_XU5_PE1/hw/MEXU5_U200_FPGACI.xsa'.
15:03:20 INFO  : 'configparams force-mem-access 1' command is executed.
15:03:20 INFO  : Context for 'APU' is selected.
15:03:20 INFO  : Sourcing of 'D:/Work/Vitis_workspace_FPGAVerification/ServoDrive_CB_FPGAVerification/_ide/psinit/psu_init.tcl' is done.
15:03:22 INFO  : 'psu_init' command is executed.
15:03:22 INFO  : Sourcing of 'C:/Xilinx/Vitis/2023.1/scripts/vitis/util/fsbl.tcl' is done.
15:03:22 INFO  : 'catch {XFsbl_DdrEccInit}' command is executed.
15:03:24 INFO  : 'after 1000' command is executed.
15:03:24 INFO  : 'psu_ps_pl_isolation_removal' command is executed.
15:03:25 INFO  : 'after 1000' command is executed.
15:03:25 INFO  : 'psu_ps_pl_reset_config' command is executed.
15:03:25 INFO  : 'catch {psu_protection}' command is executed.
15:03:25 INFO  : Context for processor 'psu_cortexa53_0' is selected.
15:03:25 INFO  : Processor reset is completed for 'psu_cortexa53_0'.
15:04:05 INFO  : The application 'D:/Work/Vitis_workspace_FPGAVerification/ServoDrive_CB_FPGAVerification/Debug/ServoDrive_CB_FPGAVerification.elf' is downloaded to processor 'psu_cortexa53_0'.
15:04:05 INFO  : 'configparams force-mem-access 0' command is executed.
15:04:05 INFO  : ----------------XSDB Script----------------
connect -url tcp:127.0.0.1:3121
source C:/Xilinx/Vitis/2023.1/scripts/vitis/util/zynqmp_utils.tcl
targets -set -nocase -filter {name =~"APU*"}
rst -system
after 3000
targets -set -nocase -filter {name =~"APU*"}
reset_apu
targets -set -nocase -filter {name =~"RPU*"}
clear_rpu_reset
enable_split_mode
targets -set -filter {jtag_cable_name =~ "Platform Cable USB II 00001f136b9601" && level==0 && jtag_device_ctx=="jsn-DLC10-00001f136b9601-04721093-0"}
fpga -file D:/Work/Vitis_workspace_FPGAVerification/ServoDrive_CB_FPGAVerification/_ide/bitstream/MEXU5_U200_FPGACI.bit
targets -set -nocase -filter {name =~"APU*"}
loadhw -hw D:/Work/Vitis_workspace_FPGAVerification/Mercury_XU5_PE1/export/Mercury_XU5_PE1/hw/MEXU5_U200_FPGACI.xsa -mem-ranges [list {0x80000000 0xbfffffff} {0x400000000 0x5ffffffff} {0x1000000000 0x7fffffffff}] -regs
configparams force-mem-access 1
targets -set -nocase -filter {name =~"APU*"}
source D:/Work/Vitis_workspace_FPGAVerification/ServoDrive_CB_FPGAVerification/_ide/psinit/psu_init.tcl
psu_init
source C:/Xilinx/Vitis/2023.1/scripts/vitis/util/fsbl.tcl
catch {XFsbl_DdrEccInit}
after 1000
psu_ps_pl_isolation_removal
after 1000
psu_ps_pl_reset_config
catch {psu_protection}
targets -set -nocase -filter {name =~ "*A53*#0"}
rst -processor
dow D:/Work/Vitis_workspace_FPGAVerification/ServoDrive_CB_FPGAVerification/Debug/ServoDrive_CB_FPGAVerification.elf
configparams force-mem-access 0
----------------End of Script----------------

15:04:05 INFO  : Context for processor 'psu_cortexa53_0' is selected.
15:04:05 INFO  : 'con' command is executed.
15:04:05 INFO  : ----------------XSDB Script (After Launch)----------------
targets -set -nocase -filter {name =~ "*A53*#0"}
con
----------------End of Script----------------

15:04:05 INFO  : Launch script is exported to file 'D:\Work\Vitis_workspace_FPGAVerification\ServoDrive_CB_FPGAVerification_system\_ide\scripts\debugger_servodrive_cb_fpgaverification-default.tcl'
15:05:48 INFO  : Disconnected from the channel tcfchan#6.
15:05:49 INFO  : Connected to target on host '127.0.0.1' and port '3121'.
15:05:58 INFO  : ----------------XSDB Script----------------
connect -url tcp:127.0.0.1:3121
----------------End of Script----------------

15:05:58 ERROR : Could not find ARM device on the board for connection 'Local'.
Check if the target is in:
1. Split JTAG - No operations are possible with ARM DAP.
2. Non JTAG bootmode - Bootrom may need time to enable DAP.
Please try again.


Troubleshooting hints:
1. Check whether board is connected to system properly.
2. In case of zynq board, check whether Digilent/Xilinx cable switch settings are correct.
3. If you are using Xilinx Platform Cable USB, ensure that status LED is green.
15:07:40 INFO  : Connected to target on host '127.0.0.1' and port '3121'.
15:07:40 INFO  : Jtag cable 'Platform Cable USB II 00001f136b9601' is selected.
15:07:40 INFO  : 'jtag frequency' command is executed.
15:07:40 INFO  : Sourcing of 'C:/Xilinx/Vitis/2023.1/scripts/vitis/util/zynqmp_utils.tcl' is done.
15:07:40 INFO  : Context for 'APU' is selected.
15:07:41 INFO  : System reset is completed.
15:07:44 INFO  : 'after 3000' command is executed.
15:07:44 INFO  : Context for 'APU' is selected.
15:07:44 INFO  : Cleared APU and A53 resets
15:07:44 INFO  : Context for 'RPU' is selected.
15:07:48 INFO  : Cleared RPU and R5 resets
15:07:48 INFO  : Split mode is enabled for R5#1
15:07:48 INFO  : 'targets -set -filter {jtag_cable_name =~ "Platform Cable USB II 00001f136b9601" && level==0 && jtag_device_ctx=="jsn-DLC10-00001f136b9601-04721093-0"}' command is executed.
15:08:01 INFO  : Device configured successfully with "D:/Work/Vitis_workspace_FPGAVerification/ServoDrive_CB_FPGAVerification/_ide/bitstream/MEXU5_U200_FPGACI.bit"
15:08:01 INFO  : Context for 'APU' is selected.
15:08:01 INFO  : Hardware design and registers information is loaded from 'D:/Work/Vitis_workspace_FPGAVerification/Mercury_XU5_PE1/export/Mercury_XU5_PE1/hw/MEXU5_U200_FPGACI.xsa'.
15:08:01 INFO  : 'configparams force-mem-access 1' command is executed.
15:08:01 INFO  : Context for 'APU' is selected.
15:08:01 INFO  : Sourcing of 'D:/Work/Vitis_workspace_FPGAVerification/ServoDrive_CB_FPGAVerification/_ide/psinit/psu_init.tcl' is done.
15:08:03 INFO  : 'psu_init' command is executed.
15:08:03 INFO  : Sourcing of 'C:/Xilinx/Vitis/2023.1/scripts/vitis/util/fsbl.tcl' is done.
15:08:03 INFO  : 'catch {XFsbl_DdrEccInit}' command is executed.
15:08:04 INFO  : 'after 1000' command is executed.
15:08:05 INFO  : 'psu_ps_pl_isolation_removal' command is executed.
15:08:06 INFO  : 'after 1000' command is executed.
15:08:06 INFO  : 'psu_ps_pl_reset_config' command is executed.
15:08:06 INFO  : 'catch {psu_protection}' command is executed.
15:08:06 INFO  : Context for processor 'psu_cortexa53_0' is selected.
15:08:06 INFO  : Processor reset is completed for 'psu_cortexa53_0'.
15:08:46 INFO  : The application 'D:/Work/Vitis_workspace_FPGAVerification/ServoDrive_CB_FPGAVerification/Debug/ServoDrive_CB_FPGAVerification.elf' is downloaded to processor 'psu_cortexa53_0'.
15:08:46 INFO  : 'configparams force-mem-access 0' command is executed.
15:08:46 INFO  : ----------------XSDB Script----------------
connect -url tcp:127.0.0.1:3121
source C:/Xilinx/Vitis/2023.1/scripts/vitis/util/zynqmp_utils.tcl
targets -set -nocase -filter {name =~"APU*"}
rst -system
after 3000
targets -set -nocase -filter {name =~"APU*"}
reset_apu
targets -set -nocase -filter {name =~"RPU*"}
clear_rpu_reset
enable_split_mode
targets -set -filter {jtag_cable_name =~ "Platform Cable USB II 00001f136b9601" && level==0 && jtag_device_ctx=="jsn-DLC10-00001f136b9601-04721093-0"}
fpga -file D:/Work/Vitis_workspace_FPGAVerification/ServoDrive_CB_FPGAVerification/_ide/bitstream/MEXU5_U200_FPGACI.bit
targets -set -nocase -filter {name =~"APU*"}
loadhw -hw D:/Work/Vitis_workspace_FPGAVerification/Mercury_XU5_PE1/export/Mercury_XU5_PE1/hw/MEXU5_U200_FPGACI.xsa -mem-ranges [list {0x80000000 0xbfffffff} {0x400000000 0x5ffffffff} {0x1000000000 0x7fffffffff}] -regs
configparams force-mem-access 1
targets -set -nocase -filter {name =~"APU*"}
source D:/Work/Vitis_workspace_FPGAVerification/ServoDrive_CB_FPGAVerification/_ide/psinit/psu_init.tcl
psu_init
source C:/Xilinx/Vitis/2023.1/scripts/vitis/util/fsbl.tcl
catch {XFsbl_DdrEccInit}
after 1000
psu_ps_pl_isolation_removal
after 1000
psu_ps_pl_reset_config
catch {psu_protection}
targets -set -nocase -filter {name =~ "*A53*#0"}
rst -processor
dow D:/Work/Vitis_workspace_FPGAVerification/ServoDrive_CB_FPGAVerification/Debug/ServoDrive_CB_FPGAVerification.elf
configparams force-mem-access 0
----------------End of Script----------------

15:08:46 INFO  : Context for processor 'psu_cortexa53_0' is selected.
15:08:46 INFO  : 'con' command is executed.
15:08:46 INFO  : ----------------XSDB Script (After Launch)----------------
targets -set -nocase -filter {name =~ "*A53*#0"}
con
----------------End of Script----------------

15:08:46 INFO  : Launch script is exported to file 'D:\Work\Vitis_workspace_FPGAVerification\ServoDrive_CB_FPGAVerification_system\_ide\scripts\debugger_servodrive_cb_fpgaverification-default.tcl'
15:43:52 INFO  : No changes in MSS file content so sources will not be generated.
08:28:29 INFO  : Disconnected from the channel tcfchan#7.
14:31:07 DEBUG : Logs will be stored at 'D:/Work/Vitis_workspace_FPGAVerification/IDE.log'.
14:31:08 INFO  : Launching XSCT server: xsct.bat -n  -interactive D:\Work\Vitis_workspace_FPGAVerification\temp_xsdb_launch_script.tcl
14:31:11 INFO  : XSCT server has started successfully.
14:31:11 INFO  : plnx-install-location is set to ''
14:31:11 INFO  : Successfully done setting XSCT server connection channel  
14:31:11 INFO  : Successfully done setting workspace for the tool. 
14:31:11 INFO  : Registering command handlers for Vitis TCF services
14:31:12 INFO  : Successfully done query RDI_DATADIR 
14:31:12 INFO  : Platform repository initialization has completed.
11:27:54 DEBUG : Logs will be stored at 'D:/Work/Vitis_workspace_FPGAVerification/IDE.log'.
11:27:56 INFO  : Launching XSCT server: xsct.bat -n  -interactive D:\Work\Vitis_workspace_FPGAVerification\temp_xsdb_launch_script.tcl
11:27:59 INFO  : XSCT server has started successfully.
11:27:59 INFO  : Successfully done setting XSCT server connection channel  
11:27:59 INFO  : plnx-install-location is set to ''
11:27:59 INFO  : Successfully done setting workspace for the tool. 
11:28:00 INFO  : Platform repository initialization has completed.
11:28:02 INFO  : Registering command handlers for Vitis TCF services
11:28:03 INFO  : Successfully done query RDI_DATADIR 
11:23:24 DEBUG : Logs will be stored at 'D:/Work/Vitis_workspace_FPGAVerification/IDE.log'.
11:23:25 INFO  : Launching XSCT server: xsct.bat -n  -interactive D:\Work\Vitis_workspace_FPGAVerification\temp_xsdb_launch_script.tcl
11:23:29 INFO  : XSCT server has started successfully.
11:23:30 INFO  : plnx-install-location is set to ''
11:23:30 INFO  : Successfully done setting XSCT server connection channel  
11:23:30 INFO  : Successfully done setting workspace for the tool. 
11:23:31 INFO  : Registering command handlers for Vitis TCF services
11:23:32 INFO  : Platform repository initialization has completed.
11:23:32 INFO  : Successfully done query RDI_DATADIR 
16:31:18 DEBUG : Logs will be stored at 'D:/Work/Vitis_workspace_FPGAVerification/IDE.log'.
16:31:19 INFO  : Launching XSCT server: xsct.bat -n  -interactive D:\Work\Vitis_workspace_FPGAVerification\temp_xsdb_launch_script.tcl
16:31:26 INFO  : XSCT server has started successfully.
16:31:26 INFO  : plnx-install-location is set to ''
16:31:26 INFO  : Successfully done setting XSCT server connection channel  
16:31:26 INFO  : Successfully done setting workspace for the tool. 
16:31:30 INFO  : Platform repository initialization has completed.
16:32:04 INFO  : Registering command handlers for Vitis TCF services
16:32:04 INFO  : Successfully done query RDI_DATADIR 
16:39:34 INFO  : No changes in MSS file content so sources will not be generated.
17:30:21 DEBUG : Logs will be stored at 'D:/Work/Vitis_workspace_FPGAVerification/IDE.log'.
17:30:23 INFO  : Launching XSCT server: xsct.bat -n  -interactive D:\Work\Vitis_workspace_FPGAVerification\temp_xsdb_launch_script.tcl
17:30:28 INFO  : XSCT server has started successfully.
17:30:28 INFO  : Successfully done setting XSCT server connection channel  
17:30:28 INFO  : plnx-install-location is set to ''
17:30:28 INFO  : Successfully done setting workspace for the tool. 
17:30:30 INFO  : Platform repository initialization has completed.
17:31:06 INFO  : Registering command handlers for Vitis TCF services
17:31:06 INFO  : Successfully done query RDI_DATADIR 
00:54:23 DEBUG : Logs will be stored at 'D:/Work/Vitis_workspace_FPGAVerification/IDE.log'.
00:54:25 INFO  : Launching XSCT server: xsct.bat -n  -interactive D:\Work\Vitis_workspace_FPGAVerification\temp_xsdb_launch_script.tcl
00:54:29 INFO  : XSCT server has started successfully.
00:54:29 INFO  : Successfully done setting XSCT server connection channel  
00:54:29 INFO  : plnx-install-location is set to ''
00:54:29 INFO  : Successfully done setting workspace for the tool. 
00:54:30 INFO  : Registering command handlers for Vitis TCF services
00:54:30 INFO  : Successfully done query RDI_DATADIR 
00:54:30 INFO  : Platform repository initialization has completed.
18:43:25 DEBUG : Logs will be stored at 'D:/Work/Vitis_workspace_FPGAVerification/IDE.log'.
18:43:26 INFO  : Launching XSCT server: xsct.bat -n  -interactive D:\Work\Vitis_workspace_FPGAVerification\temp_xsdb_launch_script.tcl
18:43:29 INFO  : XSCT server has started successfully.
18:43:29 INFO  : Successfully done setting XSCT server connection channel  
18:43:29 INFO  : plnx-install-location is set to ''
18:43:29 INFO  : Successfully done setting workspace for the tool. 
18:43:30 INFO  : Platform repository initialization has completed.
18:43:32 INFO  : Registering command handlers for Vitis TCF services
18:43:32 INFO  : Successfully done query RDI_DATADIR 
15:19:19 DEBUG : Logs will be stored at 'D:/Work/Vitis_workspace_FPGAVerification/IDE.log'.
15:19:20 INFO  : Launching XSCT server: xsct.bat -n  -interactive D:\Work\Vitis_workspace_FPGAVerification\temp_xsdb_launch_script.tcl
15:19:23 INFO  : XSCT server has started successfully.
15:19:23 INFO  : plnx-install-location is set to ''
15:19:23 INFO  : Successfully done setting XSCT server connection channel  
15:19:23 INFO  : Successfully done setting workspace for the tool. 
15:19:24 INFO  : Platform repository initialization has completed.
15:19:26 INFO  : Registering command handlers for Vitis TCF services
15:19:27 INFO  : Successfully done query RDI_DATADIR 
