14:58:19 **** Incremental Build of configuration Debug for project ServoDrive_CB_FPGAVerification ****
make all 
'Building file: ../src/Source/TransformFunctions/TransformFunctionsF16.c'
'Invoking: ARM v8 gcc compiler'
aarch64-none-elf-gcc -DDISABLEFLOAT16 -Wall -O0 -g3 -ID:/Work/Vitis_workspace_FPGAVerification/Mercury_XU5_PE1/export/Mercury_XU5_PE1/sw/Mercury_XU5_PE1/standalone_psu_cortexa53_0/bspinclude/include -I"D:\Work\Vitis_workspace_FPGAVerification\ServoDrive_CB_FPGAVerification\src\ComputeLibrary" -I"D:\Work\Vitis_workspace_FPGAVerification\ServoDrive_CB_FPGAVerification\src\Include" -I"D:\Work\Vitis_workspace_FPGAVerification\ServoDrive_CB_FPGAVerification\src\PrivateInclude" -I"D:\Work\Vitis_workspace_FPGAVerification\ServoDrive_CB_FPGAVerification\src\Source" -I"D:\Work\Vitis_workspace_FPGAVerification\ServoDrive_CB_FPGAVerification\src\Include\dsp" -I"D:\Work\Vitis_workspace_FPGAVerification\ServoDrive_CB_FPGAVerification\src\ComputeLibrary\Include" -c -fmessage-length=0 -MT"src/Source/TransformFunctions/TransformFunctionsF16.o" -ID:/Work/Vitis_workspace_FPGAVerification/Mercury_XU5_PE1/export/Mercury_XU5_PE1/sw/Mercury_XU5_PE1/standalone_psu_cortexa53_0/bspinclude/include -MMD -MP -MF"src/Source/TransformFunctions/TransformFunctionsF16.d" -MT"src/Source/TransformFunctions/TransformFunctionsF16.o" -o "src/Source/TransformFunctions/TransformFunctionsF16.o" "../src/Source/TransformFunctions/TransformFunctionsF16.c"
'Finished building: ../src/Source/TransformFunctions/TransformFunctionsF16.c'
' '
'Building file: ../src/Source/TransformFunctions/arm_bitreversal.c'
'Invoking: ARM v8 gcc compiler'
aarch64-none-elf-gcc -DDISABLEFLOAT16 -Wall -O0 -g3 -ID:/Work/Vitis_workspace_FPGAVerification/Mercury_XU5_PE1/export/Mercury_XU5_PE1/sw/Mercury_XU5_PE1/standalone_psu_cortexa53_0/bspinclude/include -I"D:\Work\Vitis_workspace_FPGAVerification\ServoDrive_CB_FPGAVerification\src\ComputeLibrary" -I"D:\Work\Vitis_workspace_FPGAVerification\ServoDrive_CB_FPGAVerification\src\Include" -I"D:\Work\Vitis_workspace_FPGAVerification\ServoDrive_CB_FPGAVerification\src\PrivateInclude" -I"D:\Work\Vitis_workspace_FPGAVerification\ServoDrive_CB_FPGAVerification\src\Source" -I"D:\Work\Vitis_workspace_FPGAVerification\ServoDrive_CB_FPGAVerification\src\Include\dsp" -I"D:\Work\Vitis_workspace_FPGAVerification\ServoDrive_CB_FPGAVerification\src\ComputeLibrary\Include" -c -fmessage-length=0 -MT"src/Source/TransformFunctions/arm_bitreversal.o" -ID:/Work/Vitis_workspace_FPGAVerification/Mercury_XU5_PE1/export/Mercury_XU5_PE1/sw/Mercury_XU5_PE1/standalone_psu_cortexa53_0/bspinclude/include -MMD -MP -MF"src/Source/TransformFunctions/arm_bitreversal.d" -MT"src/Source/TransformFunctions/arm_bitreversal.o" -o "src/Source/TransformFunctions/arm_bitreversal.o" "../src/Source/TransformFunctions/arm_bitreversal.c"
'Finished building: ../src/Source/TransformFunctions/arm_bitreversal.c'
' '
'Building file: ../src/Source/TransformFunctions/arm_bitreversal2.c'
'Invoking: ARM v8 gcc compiler'
aarch64-none-elf-gcc -DDISABLEFLOAT16 -Wall -O0 -g3 -ID:/Work/Vitis_workspace_FPGAVerification/Mercury_XU5_PE1/export/Mercury_XU5_PE1/sw/Mercury_XU5_PE1/standalone_psu_cortexa53_0/bspinclude/include -I"D:\Work\Vitis_workspace_FPGAVerification\ServoDrive_CB_FPGAVerification\src\ComputeLibrary" -I"D:\Work\Vitis_workspace_FPGAVerification\ServoDrive_CB_FPGAVerification\src\Include" -I"D:\Work\Vitis_workspace_FPGAVerification\ServoDrive_CB_FPGAVerification\src\PrivateInclude" -I"D:\Work\Vitis_workspace_FPGAVerification\ServoDrive_CB_FPGAVerification\src\Source" -I"D:\Work\Vitis_workspace_FPGAVerification\ServoDrive_CB_FPGAVerification\src\Include\dsp" -I"D:\Work\Vitis_workspace_FPGAVerification\ServoDrive_CB_FPGAVerification\src\ComputeLibrary\Include" -c -fmessage-length=0 -MT"src/Source/TransformFunctions/arm_bitreversal2.o" -ID:/Work/Vitis_workspace_FPGAVerification/Mercury_XU5_PE1/export/Mercury_XU5_PE1/sw/Mercury_XU5_PE1/standalone_psu_cortexa53_0/bspinclude/include -MMD -MP -MF"src/Source/TransformFunctions/arm_bitreversal2.d" -MT"src/Source/TransformFunctions/arm_bitreversal2.o" -o "src/Source/TransformFunctions/arm_bitreversal2.o" "../src/Source/TransformFunctions/arm_bitreversal2.c"
'Finished building: ../src/Source/TransformFunctions/arm_bitreversal2.c'
' '
'Building file: ../src/Source/TransformFunctions/arm_bitreversal_f16.c'
'Invoking: ARM v8 gcc compiler'
aarch64-none-elf-gcc -DDISABLEFLOAT16 -Wall -O0 -g3 -ID:/Work/Vitis_workspace_FPGAVerification/Mercury_XU5_PE1/export/Mercury_XU5_PE1/sw/Mercury_XU5_PE1/standalone_psu_cortexa53_0/bspinclude/include -I"D:\Work\Vitis_workspace_FPGAVerification\ServoDrive_CB_FPGAVerification\src\ComputeLibrary" -I"D:\Work\Vitis_workspace_FPGAVerification\ServoDrive_CB_FPGAVerification\src\Include" -I"D:\Work\Vitis_workspace_FPGAVerification\ServoDrive_CB_FPGAVerification\src\PrivateInclude" -I"D:\Work\Vitis_workspace_FPGAVerification\ServoDrive_CB_FPGAVerification\src\Source" -I"D:\Work\Vitis_workspace_FPGAVerification\ServoDrive_CB_FPGAVerification\src\Include\dsp" -I"D:\Work\Vitis_workspace_FPGAVerification\ServoDrive_CB_FPGAVerification\src\ComputeLibrary\Include" -c -fmessage-length=0 -MT"src/Source/TransformFunctions/arm_bitreversal_f16.o" -ID:/Work/Vitis_workspace_FPGAVerification/Mercury_XU5_PE1/export/Mercury_XU5_PE1/sw/Mercury_XU5_PE1/standalone_psu_cortexa53_0/bspinclude/include -MMD -MP -MF"src/Source/TransformFunctions/arm_bitreversal_f16.d" -MT"src/Source/TransformFunctions/arm_bitreversal_f16.o" -o "src/Source/TransformFunctions/arm_bitreversal_f16.o" "../src/Source/TransformFunctions/arm_bitreversal_f16.c"
'Finished building: ../src/Source/TransformFunctions/arm_bitreversal_f16.c'
' '
'Building file: ../src/Source/TransformFunctions/arm_cfft_f16.c'
'Invoking: ARM v8 gcc compiler'
aarch64-none-elf-gcc -DDISABLEFLOAT16 -Wall -O0 -g3 -ID:/Work/Vitis_workspace_FPGAVerification/Mercury_XU5_PE1/export/Mercury_XU5_PE1/sw/Mercury_XU5_PE1/standalone_psu_cortexa53_0/bspinclude/include -I"D:\Work\Vitis_workspace_FPGAVerification\ServoDrive_CB_FPGAVerification\src\ComputeLibrary" -I"D:\Work\Vitis_workspace_FPGAVerification\ServoDrive_CB_FPGAVerification\src\Include" -I"D:\Work\Vitis_workspace_FPGAVerification\ServoDrive_CB_FPGAVerification\src\PrivateInclude" -I"D:\Work\Vitis_workspace_FPGAVerification\ServoDrive_CB_FPGAVerification\src\Source" -I"D:\Work\Vitis_workspace_FPGAVerification\ServoDrive_CB_FPGAVerification\src\Include\dsp" -I"D:\Work\Vitis_workspace_FPGAVerification\ServoDrive_CB_FPGAVerification\src\ComputeLibrary\Include" -c -fmessage-length=0 -MT"src/Source/TransformFunctions/arm_cfft_f16.o" -ID:/Work/Vitis_workspace_FPGAVerification/Mercury_XU5_PE1/export/Mercury_XU5_PE1/sw/Mercury_XU5_PE1/standalone_psu_cortexa53_0/bspinclude/include -MMD -MP -MF"src/Source/TransformFunctions/arm_cfft_f16.d" -MT"src/Source/TransformFunctions/arm_cfft_f16.o" -o "src/Source/TransformFunctions/arm_cfft_f16.o" "../src/Source/TransformFunctions/arm_cfft_f16.c"
'Finished building: ../src/Source/TransformFunctions/arm_cfft_f16.c'
' '
'Building file: ../src/Source/TransformFunctions/arm_cfft_f32.c'
'Invoking: ARM v8 gcc compiler'
aarch64-none-elf-gcc -DDISABLEFLOAT16 -Wall -O0 -g3 -ID:/Work/Vitis_workspace_FPGAVerification/Mercury_XU5_PE1/export/Mercury_XU5_PE1/sw/Mercury_XU5_PE1/standalone_psu_cortexa53_0/bspinclude/include -I"D:\Work\Vitis_workspace_FPGAVerification\ServoDrive_CB_FPGAVerification\src\ComputeLibrary" -I"D:\Work\Vitis_workspace_FPGAVerification\ServoDrive_CB_FPGAVerification\src\Include" -I"D:\Work\Vitis_workspace_FPGAVerification\ServoDrive_CB_FPGAVerification\src\PrivateInclude" -I"D:\Work\Vitis_workspace_FPGAVerification\ServoDrive_CB_FPGAVerification\src\Source" -I"D:\Work\Vitis_workspace_FPGAVerification\ServoDrive_CB_FPGAVerification\src\Include\dsp" -I"D:\Work\Vitis_workspace_FPGAVerification\ServoDrive_CB_FPGAVerification\src\ComputeLibrary\Include" -c -fmessage-length=0 -MT"src/Source/TransformFunctions/arm_cfft_f32.o" -ID:/Work/Vitis_workspace_FPGAVerification/Mercury_XU5_PE1/export/Mercury_XU5_PE1/sw/Mercury_XU5_PE1/standalone_psu_cortexa53_0/bspinclude/include -MMD -MP -MF"src/Source/TransformFunctions/arm_cfft_f32.d" -MT"src/Source/TransformFunctions/arm_cfft_f32.o" -o "src/Source/TransformFunctions/arm_cfft_f32.o" "../src/Source/TransformFunctions/arm_cfft_f32.c"
'Finished building: ../src/Source/TransformFunctions/arm_cfft_f32.c'
' '
'Building file: ../src/Source/TransformFunctions/arm_cfft_f64.c'
'Invoking: ARM v8 gcc compiler'
aarch64-none-elf-gcc -DDISABLEFLOAT16 -Wall -O0 -g3 -ID:/Work/Vitis_workspace_FPGAVerification/Mercury_XU5_PE1/export/Mercury_XU5_PE1/sw/Mercury_XU5_PE1/standalone_psu_cortexa53_0/bspinclude/include -I"D:\Work\Vitis_workspace_FPGAVerification\ServoDrive_CB_FPGAVerification\src\ComputeLibrary" -I"D:\Work\Vitis_workspace_FPGAVerification\ServoDrive_CB_FPGAVerification\src\Include" -I"D:\Work\Vitis_workspace_FPGAVerification\ServoDrive_CB_FPGAVerification\src\PrivateInclude" -I"D:\Work\Vitis_workspace_FPGAVerification\ServoDrive_CB_FPGAVerification\src\Source" -I"D:\Work\Vitis_workspace_FPGAVerification\ServoDrive_CB_FPGAVerification\src\Include\dsp" -I"D:\Work\Vitis_workspace_FPGAVerification\ServoDrive_CB_FPGAVerification\src\ComputeLibrary\Include" -c -fmessage-length=0 -MT"src/Source/TransformFunctions/arm_cfft_f64.o" -ID:/Work/Vitis_workspace_FPGAVerification/Mercury_XU5_PE1/export/Mercury_XU5_PE1/sw/Mercury_XU5_PE1/standalone_psu_cortexa53_0/bspinclude/include -MMD -MP -MF"src/Source/TransformFunctions/arm_cfft_f64.d" -MT"src/Source/TransformFunctions/arm_cfft_f64.o" -o "src/Source/TransformFunctions/arm_cfft_f64.o" "../src/Source/TransformFunctions/arm_cfft_f64.c"
'Finished building: ../src/Source/TransformFunctions/arm_cfft_f64.c'
' '
'Building file: ../src/Source/TransformFunctions/arm_cfft_init_f16.c'
'Invoking: ARM v8 gcc compiler'
aarch64-none-elf-gcc -DDISABLEFLOAT16 -Wall -O0 -g3 -ID:/Work/Vitis_workspace_FPGAVerification/Mercury_XU5_PE1/export/Mercury_XU5_PE1/sw/Mercury_XU5_PE1/standalone_psu_cortexa53_0/bspinclude/include -I"D:\Work\Vitis_workspace_FPGAVerification\ServoDrive_CB_FPGAVerification\src\ComputeLibrary" -I"D:\Work\Vitis_workspace_FPGAVerification\ServoDrive_CB_FPGAVerification\src\Include" -I"D:\Work\Vitis_workspace_FPGAVerification\ServoDrive_CB_FPGAVerification\src\PrivateInclude" -I"D:\Work\Vitis_workspace_FPGAVerification\ServoDrive_CB_FPGAVerification\src\Source" -I"D:\Work\Vitis_workspace_FPGAVerification\ServoDrive_CB_FPGAVerification\src\Include\dsp" -I"D:\Work\Vitis_workspace_FPGAVerification\ServoDrive_CB_FPGAVerification\src\ComputeLibrary\Include" -c -fmessage-length=0 -MT"src/Source/TransformFunctions/arm_cfft_init_f16.o" -ID:/Work/Vitis_workspace_FPGAVerification/Mercury_XU5_PE1/export/Mercury_XU5_PE1/sw/Mercury_XU5_PE1/standalone_psu_cortexa53_0/bspinclude/include -MMD -MP -MF"src/Source/TransformFunctions/arm_cfft_init_f16.d" -MT"src/Source/TransformFunctions/arm_cfft_init_f16.o" -o "src/Source/TransformFunctions/arm_cfft_init_f16.o" "../src/Source/TransformFunctions/arm_cfft_init_f16.c"
'Finished building: ../src/Source/TransformFunctions/arm_cfft_init_f16.c'
' '
'Building file: ../src/Source/TransformFunctions/arm_cfft_init_f32.c'
'Invoking: ARM v8 gcc compiler'
aarch64-none-elf-gcc -DDISABLEFLOAT16 -Wall -O0 -g3 -ID:/Work/Vitis_workspace_FPGAVerification/Mercury_XU5_PE1/export/Mercury_XU5_PE1/sw/Mercury_XU5_PE1/standalone_psu_cortexa53_0/bspinclude/include -I"D:\Work\Vitis_workspace_FPGAVerification\ServoDrive_CB_FPGAVerification\src\ComputeLibrary" -I"D:\Work\Vitis_workspace_FPGAVerification\ServoDrive_CB_FPGAVerification\src\Include" -I"D:\Work\Vitis_workspace_FPGAVerification\ServoDrive_CB_FPGAVerification\src\PrivateInclude" -I"D:\Work\Vitis_workspace_FPGAVerification\ServoDrive_CB_FPGAVerification\src\Source" -I"D:\Work\Vitis_workspace_FPGAVerification\ServoDrive_CB_FPGAVerification\src\Include\dsp" -I"D:\Work\Vitis_workspace_FPGAVerification\ServoDrive_CB_FPGAVerification\src\ComputeLibrary\Include" -c -fmessage-length=0 -MT"src/Source/TransformFunctions/arm_cfft_init_f32.o" -ID:/Work/Vitis_workspace_FPGAVerification/Mercury_XU5_PE1/export/Mercury_XU5_PE1/sw/Mercury_XU5_PE1/standalone_psu_cortexa53_0/bspinclude/include -MMD -MP -MF"src/Source/TransformFunctions/arm_cfft_init_f32.d" -MT"src/Source/TransformFunctions/arm_cfft_init_f32.o" -o "src/Source/TransformFunctions/arm_cfft_init_f32.o" "../src/Source/TransformFunctions/arm_cfft_init_f32.c"
'Finished building: ../src/Source/TransformFunctions/arm_cfft_init_f32.c'
' '
'Building file: ../src/Source/TransformFunctions/arm_cfft_init_f64.c'
'Invoking: ARM v8 gcc compiler'
aarch64-none-elf-gcc -DDISABLEFLOAT16 -Wall -O0 -g3 -ID:/Work/Vitis_workspace_FPGAVerification/Mercury_XU5_PE1/export/Mercury_XU5_PE1/sw/Mercury_XU5_PE1/standalone_psu_cortexa53_0/bspinclude/include -I"D:\Work\Vitis_workspace_FPGAVerification\ServoDrive_CB_FPGAVerification\src\ComputeLibrary" -I"D:\Work\Vitis_workspace_FPGAVerification\ServoDrive_CB_FPGAVerification\src\Include" -I"D:\Work\Vitis_workspace_FPGAVerification\ServoDrive_CB_FPGAVerification\src\PrivateInclude" -I"D:\Work\Vitis_workspace_FPGAVerification\ServoDrive_CB_FPGAVerification\src\Source" -I"D:\Work\Vitis_workspace_FPGAVerification\ServoDrive_CB_FPGAVerification\src\Include\dsp" -I"D:\Work\Vitis_workspace_FPGAVerification\ServoDrive_CB_FPGAVerification\src\ComputeLibrary\Include" -c -fmessage-length=0 -MT"src/Source/TransformFunctions/arm_cfft_init_f64.o" -ID:/Work/Vitis_workspace_FPGAVerification/Mercury_XU5_PE1/export/Mercury_XU5_PE1/sw/Mercury_XU5_PE1/standalone_psu_cortexa53_0/bspinclude/include -MMD -MP -MF"src/Source/TransformFunctions/arm_cfft_init_f64.d" -MT"src/Source/TransformFunctions/arm_cfft_init_f64.o" -o "src/Source/TransformFunctions/arm_cfft_init_f64.o" "../src/Source/TransformFunctions/arm_cfft_init_f64.c"
'Finished building: ../src/Source/TransformFunctions/arm_cfft_init_f64.c'
' '
'Building file: ../src/Source/TransformFunctions/arm_cfft_init_q15.c'
'Invoking: ARM v8 gcc compiler'
aarch64-none-elf-gcc -DDISABLEFLOAT16 -Wall -O0 -g3 -ID:/Work/Vitis_workspace_FPGAVerification/Mercury_XU5_PE1/export/Mercury_XU5_PE1/sw/Mercury_XU5_PE1/standalone_psu_cortexa53_0/bspinclude/include -I"D:\Work\Vitis_workspace_FPGAVerification\ServoDrive_CB_FPGAVerification\src\ComputeLibrary" -I"D:\Work\Vitis_workspace_FPGAVerification\ServoDrive_CB_FPGAVerification\src\Include" -I"D:\Work\Vitis_workspace_FPGAVerification\ServoDrive_CB_FPGAVerification\src\PrivateInclude" -I"D:\Work\Vitis_workspace_FPGAVerification\ServoDrive_CB_FPGAVerification\src\Source" -I"D:\Work\Vitis_workspace_FPGAVerification\ServoDrive_CB_FPGAVerification\src\Include\dsp" -I"D:\Work\Vitis_workspace_FPGAVerification\ServoDrive_CB_FPGAVerification\src\ComputeLibrary\Include" -c -fmessage-length=0 -MT"src/Source/TransformFunctions/arm_cfft_init_q15.o" -ID:/Work/Vitis_workspace_FPGAVerification/Mercury_XU5_PE1/export/Mercury_XU5_PE1/sw/Mercury_XU5_PE1/standalone_psu_cortexa53_0/bspinclude/include -MMD -MP -MF"src/Source/TransformFunctions/arm_cfft_init_q15.d" -MT"src/Source/TransformFunctions/arm_cfft_init_q15.o" -o "src/Source/TransformFunctions/arm_cfft_init_q15.o" "../src/Source/TransformFunctions/arm_cfft_init_q15.c"
'Finished building: ../src/Source/TransformFunctions/arm_cfft_init_q15.c'
' '
'Building file: ../src/Source/TransformFunctions/arm_cfft_init_q31.c'
'Invoking: ARM v8 gcc compiler'
aarch64-none-elf-gcc -DDISABLEFLOAT16 -Wall -O0 -g3 -ID:/Work/Vitis_workspace_FPGAVerification/Mercury_XU5_PE1/export/Mercury_XU5_PE1/sw/Mercury_XU5_PE1/standalone_psu_cortexa53_0/bspinclude/include -I"D:\Work\Vitis_workspace_FPGAVerification\ServoDrive_CB_FPGAVerification\src\ComputeLibrary" -I"D:\Work\Vitis_workspace_FPGAVerification\ServoDrive_CB_FPGAVerification\src\Include" -I"D:\Work\Vitis_workspace_FPGAVerification\ServoDrive_CB_FPGAVerification\src\PrivateInclude" -I"D:\Work\Vitis_workspace_FPGAVerification\ServoDrive_CB_FPGAVerification\src\Source" -I"D:\Work\Vitis_workspace_FPGAVerification\ServoDrive_CB_FPGAVerification\src\Include\dsp" -I"D:\Work\Vitis_workspace_FPGAVerification\ServoDrive_CB_FPGAVerification\src\ComputeLibrary\Include" -c -fmessage-length=0 -MT"src/Source/TransformFunctions/arm_cfft_init_q31.o" -ID:/Work/Vitis_workspace_FPGAVerification/Mercury_XU5_PE1/export/Mercury_XU5_PE1/sw/Mercury_XU5_PE1/standalone_psu_cortexa53_0/bspinclude/include -MMD -MP -MF"src/Source/TransformFunctions/arm_cfft_init_q31.d" -MT"src/Source/TransformFunctions/arm_cfft_init_q31.o" -o "src/Source/TransformFunctions/arm_cfft_init_q31.o" "../src/Source/TransformFunctions/arm_cfft_init_q31.c"
'Finished building: ../src/Source/TransformFunctions/arm_cfft_init_q31.c'
' '
'Building file: ../src/Source/TransformFunctions/arm_cfft_q15.c'
'Invoking: ARM v8 gcc compiler'
aarch64-none-elf-gcc -DDISABLEFLOAT16 -Wall -O0 -g3 -ID:/Work/Vitis_workspace_FPGAVerification/Mercury_XU5_PE1/export/Mercury_XU5_PE1/sw/Mercury_XU5_PE1/standalone_psu_cortexa53_0/bspinclude/include -I"D:\Work\Vitis_workspace_FPGAVerification\ServoDrive_CB_FPGAVerification\src\ComputeLibrary" -I"D:\Work\Vitis_workspace_FPGAVerification\ServoDrive_CB_FPGAVerification\src\Include" -I"D:\Work\Vitis_workspace_FPGAVerification\ServoDrive_CB_FPGAVerification\src\PrivateInclude" -I"D:\Work\Vitis_workspace_FPGAVerification\ServoDrive_CB_FPGAVerification\src\Source" -I"D:\Work\Vitis_workspace_FPGAVerification\ServoDrive_CB_FPGAVerification\src\Include\dsp" -I"D:\Work\Vitis_workspace_FPGAVerification\ServoDrive_CB_FPGAVerification\src\ComputeLibrary\Include" -c -fmessage-length=0 -MT"src/Source/TransformFunctions/arm_cfft_q15.o" -ID:/Work/Vitis_workspace_FPGAVerification/Mercury_XU5_PE1/export/Mercury_XU5_PE1/sw/Mercury_XU5_PE1/standalone_psu_cortexa53_0/bspinclude/include -MMD -MP -MF"src/Source/TransformFunctions/arm_cfft_q15.d" -MT"src/Source/TransformFunctions/arm_cfft_q15.o" -o "src/Source/TransformFunctions/arm_cfft_q15.o" "../src/Source/TransformFunctions/arm_cfft_q15.c"
'Finished building: ../src/Source/TransformFunctions/arm_cfft_q15.c'
' '
'Building file: ../src/Source/TransformFunctions/arm_cfft_q31.c'
'Invoking: ARM v8 gcc compiler'
aarch64-none-elf-gcc -DDISABLEFLOAT16 -Wall -O0 -g3 -ID:/Work/Vitis_workspace_FPGAVerification/Mercury_XU5_PE1/export/Mercury_XU5_PE1/sw/Mercury_XU5_PE1/standalone_psu_cortexa53_0/bspinclude/include -I"D:\Work\Vitis_workspace_FPGAVerification\ServoDrive_CB_FPGAVerification\src\ComputeLibrary" -I"D:\Work\Vitis_workspace_FPGAVerification\ServoDrive_CB_FPGAVerification\src\Include" -I"D:\Work\Vitis_workspace_FPGAVerification\ServoDrive_CB_FPGAVerification\src\PrivateInclude" -I"D:\Work\Vitis_workspace_FPGAVerification\ServoDrive_CB_FPGAVerification\src\Source" -I"D:\Work\Vitis_workspace_FPGAVerification\ServoDrive_CB_FPGAVerification\src\Include\dsp" -I"D:\Work\Vitis_workspace_FPGAVerification\ServoDrive_CB_FPGAVerification\src\ComputeLibrary\Include" -c -fmessage-length=0 -MT"src/Source/TransformFunctions/arm_cfft_q31.o" -ID:/Work/Vitis_workspace_FPGAVerification/Mercury_XU5_PE1/export/Mercury_XU5_PE1/sw/Mercury_XU5_PE1/standalone_psu_cortexa53_0/bspinclude/include -MMD -MP -MF"src/Source/TransformFunctions/arm_cfft_q31.d" -MT"src/Source/TransformFunctions/arm_cfft_q31.o" -o "src/Source/TransformFunctions/arm_cfft_q31.o" "../src/Source/TransformFunctions/arm_cfft_q31.c"
'Finished building: ../src/Source/TransformFunctions/arm_cfft_q31.c'
' '
'Building file: ../src/Source/TransformFunctions/arm_cfft_radix2_f16.c'
'Invoking: ARM v8 gcc compiler'
aarch64-none-elf-gcc -DDISABLEFLOAT16 -Wall -O0 -g3 -ID:/Work/Vitis_workspace_FPGAVerification/Mercury_XU5_PE1/export/Mercury_XU5_PE1/sw/Mercury_XU5_PE1/standalone_psu_cortexa53_0/bspinclude/include -I"D:\Work\Vitis_workspace_FPGAVerification\ServoDrive_CB_FPGAVerification\src\ComputeLibrary" -I"D:\Work\Vitis_workspace_FPGAVerification\ServoDrive_CB_FPGAVerification\src\Include" -I"D:\Work\Vitis_workspace_FPGAVerification\ServoDrive_CB_FPGAVerification\src\PrivateInclude" -I"D:\Work\Vitis_workspace_FPGAVerification\ServoDrive_CB_FPGAVerification\src\Source" -I"D:\Work\Vitis_workspace_FPGAVerification\ServoDrive_CB_FPGAVerification\src\Include\dsp" -I"D:\Work\Vitis_workspace_FPGAVerification\ServoDrive_CB_FPGAVerification\src\ComputeLibrary\Include" -c -fmessage-length=0 -MT"src/Source/TransformFunctions/arm_cfft_radix2_f16.o" -ID:/Work/Vitis_workspace_FPGAVerification/Mercury_XU5_PE1/export/Mercury_XU5_PE1/sw/Mercury_XU5_PE1/standalone_psu_cortexa53_0/bspinclude/include -MMD -MP -MF"src/Source/TransformFunctions/arm_cfft_radix2_f16.d" -MT"src/Source/TransformFunctions/arm_cfft_radix2_f16.o" -o "src/Source/TransformFunctions/arm_cfft_radix2_f16.o" "../src/Source/TransformFunctions/arm_cfft_radix2_f16.c"
'Finished building: ../src/Source/TransformFunctions/arm_cfft_radix2_f16.c'
' '
'Building file: ../src/Source/TransformFunctions/arm_cfft_radix2_f32.c'
'Invoking: ARM v8 gcc compiler'
aarch64-none-elf-gcc -DDISABLEFLOAT16 -Wall -O0 -g3 -ID:/Work/Vitis_workspace_FPGAVerification/Mercury_XU5_PE1/export/Mercury_XU5_PE1/sw/Mercury_XU5_PE1/standalone_psu_cortexa53_0/bspinclude/include -I"D:\Work\Vitis_workspace_FPGAVerification\ServoDrive_CB_FPGAVerification\src\ComputeLibrary" -I"D:\Work\Vitis_workspace_FPGAVerification\ServoDrive_CB_FPGAVerification\src\Include" -I"D:\Work\Vitis_workspace_FPGAVerification\ServoDrive_CB_FPGAVerification\src\PrivateInclude" -I"D:\Work\Vitis_workspace_FPGAVerification\ServoDrive_CB_FPGAVerification\src\Source" -I"D:\Work\Vitis_workspace_FPGAVerification\ServoDrive_CB_FPGAVerification\src\Include\dsp" -I"D:\Work\Vitis_workspace_FPGAVerification\ServoDrive_CB_FPGAVerification\src\ComputeLibrary\Include" -c -fmessage-length=0 -MT"src/Source/TransformFunctions/arm_cfft_radix2_f32.o" -ID:/Work/Vitis_workspace_FPGAVerification/Mercury_XU5_PE1/export/Mercury_XU5_PE1/sw/Mercury_XU5_PE1/standalone_psu_cortexa53_0/bspinclude/include -MMD -MP -MF"src/Source/TransformFunctions/arm_cfft_radix2_f32.d" -MT"src/Source/TransformFunctions/arm_cfft_radix2_f32.o" -o "src/Source/TransformFunctions/arm_cfft_radix2_f32.o" "../src/Source/TransformFunctions/arm_cfft_radix2_f32.c"
'Finished building: ../src/Source/TransformFunctions/arm_cfft_radix2_f32.c'
' '
'Building file: ../src/Source/TransformFunctions/arm_cfft_radix2_init_f16.c'
'Invoking: ARM v8 gcc compiler'
aarch64-none-elf-gcc -DDISABLEFLOAT16 -Wall -O0 -g3 -ID:/Work/Vitis_workspace_FPGAVerification/Mercury_XU5_PE1/export/Mercury_XU5_PE1/sw/Mercury_XU5_PE1/standalone_psu_cortexa53_0/bspinclude/include -I"D:\Work\Vitis_workspace_FPGAVerification\ServoDrive_CB_FPGAVerification\src\ComputeLibrary" -I"D:\Work\Vitis_workspace_FPGAVerification\ServoDrive_CB_FPGAVerification\src\Include" -I"D:\Work\Vitis_workspace_FPGAVerification\ServoDrive_CB_FPGAVerification\src\PrivateInclude" -I"D:\Work\Vitis_workspace_FPGAVerification\ServoDrive_CB_FPGAVerification\src\Source" -I"D:\Work\Vitis_workspace_FPGAVerification\ServoDrive_CB_FPGAVerification\src\Include\dsp" -I"D:\Work\Vitis_workspace_FPGAVerification\ServoDrive_CB_FPGAVerification\src\ComputeLibrary\Include" -c -fmessage-length=0 -MT"src/Source/TransformFunctions/arm_cfft_radix2_init_f16.o" -ID:/Work/Vitis_workspace_FPGAVerification/Mercury_XU5_PE1/export/Mercury_XU5_PE1/sw/Mercury_XU5_PE1/standalone_psu_cortexa53_0/bspinclude/include -MMD -MP -MF"src/Source/TransformFunctions/arm_cfft_radix2_init_f16.d" -MT"src/Source/TransformFunctions/arm_cfft_radix2_init_f16.o" -o "src/Source/TransformFunctions/arm_cfft_radix2_init_f16.o" "../src/Source/TransformFunctions/arm_cfft_radix2_init_f16.c"
'Finished building: ../src/Source/TransformFunctions/arm_cfft_radix2_init_f16.c'
' '
'Building file: ../src/Source/TransformFunctions/arm_cfft_radix2_init_f32.c'
'Invoking: ARM v8 gcc compiler'
aarch64-none-elf-gcc -DDISABLEFLOAT16 -Wall -O0 -g3 -ID:/Work/Vitis_workspace_FPGAVerification/Mercury_XU5_PE1/export/Mercury_XU5_PE1/sw/Mercury_XU5_PE1/standalone_psu_cortexa53_0/bspinclude/include -I"D:\Work\Vitis_workspace_FPGAVerification\ServoDrive_CB_FPGAVerification\src\ComputeLibrary" -I"D:\Work\Vitis_workspace_FPGAVerification\ServoDrive_CB_FPGAVerification\src\Include" -I"D:\Work\Vitis_workspace_FPGAVerification\ServoDrive_CB_FPGAVerification\src\PrivateInclude" -I"D:\Work\Vitis_workspace_FPGAVerification\ServoDrive_CB_FPGAVerification\src\Source" -I"D:\Work\Vitis_workspace_FPGAVerification\ServoDrive_CB_FPGAVerification\src\Include\dsp" -I"D:\Work\Vitis_workspace_FPGAVerification\ServoDrive_CB_FPGAVerification\src\ComputeLibrary\Include" -c -fmessage-length=0 -MT"src/Source/TransformFunctions/arm_cfft_radix2_init_f32.o" -ID:/Work/Vitis_workspace_FPGAVerification/Mercury_XU5_PE1/export/Mercury_XU5_PE1/sw/Mercury_XU5_PE1/standalone_psu_cortexa53_0/bspinclude/include -MMD -MP -MF"src/Source/TransformFunctions/arm_cfft_radix2_init_f32.d" -MT"src/Source/TransformFunctions/arm_cfft_radix2_init_f32.o" -o "src/Source/TransformFunctions/arm_cfft_radix2_init_f32.o" "../src/Source/TransformFunctions/arm_cfft_radix2_init_f32.c"
'Finished building: ../src/Source/TransformFunctions/arm_cfft_radix2_init_f32.c'
' '
'Building file: ../src/Source/TransformFunctions/arm_cfft_radix2_init_q15.c'
'Invoking: ARM v8 gcc compiler'
aarch64-none-elf-gcc -DDISABLEFLOAT16 -Wall -O0 -g3 -ID:/Work/Vitis_workspace_FPGAVerification/Mercury_XU5_PE1/export/Mercury_XU5_PE1/sw/Mercury_XU5_PE1/standalone_psu_cortexa53_0/bspinclude/include -I"D:\Work\Vitis_workspace_FPGAVerification\ServoDrive_CB_FPGAVerification\src\ComputeLibrary" -I"D:\Work\Vitis_workspace_FPGAVerification\ServoDrive_CB_FPGAVerification\src\Include" -I"D:\Work\Vitis_workspace_FPGAVerification\ServoDrive_CB_FPGAVerification\src\PrivateInclude" -I"D:\Work\Vitis_workspace_FPGAVerification\ServoDrive_CB_FPGAVerification\src\Source" -I"D:\Work\Vitis_workspace_FPGAVerification\ServoDrive_CB_FPGAVerification\src\Include\dsp" -I"D:\Work\Vitis_workspace_FPGAVerification\ServoDrive_CB_FPGAVerification\src\ComputeLibrary\Include" -c -fmessage-length=0 -MT"src/Source/TransformFunctions/arm_cfft_radix2_init_q15.o" -ID:/Work/Vitis_workspace_FPGAVerification/Mercury_XU5_PE1/export/Mercury_XU5_PE1/sw/Mercury_XU5_PE1/standalone_psu_cortexa53_0/bspinclude/include -MMD -MP -MF"src/Source/TransformFunctions/arm_cfft_radix2_init_q15.d" -MT"src/Source/TransformFunctions/arm_cfft_radix2_init_q15.o" -o "src/Source/TransformFunctions/arm_cfft_radix2_init_q15.o" "../src/Source/TransformFunctions/arm_cfft_radix2_init_q15.c"
'Finished building: ../src/Source/TransformFunctions/arm_cfft_radix2_init_q15.c'
' '
'Building file: ../src/Source/TransformFunctions/arm_cfft_radix2_init_q31.c'
'Invoking: ARM v8 gcc compiler'
aarch64-none-elf-gcc -DDISABLEFLOAT16 -Wall -O0 -g3 -ID:/Work/Vitis_workspace_FPGAVerification/Mercury_XU5_PE1/export/Mercury_XU5_PE1/sw/Mercury_XU5_PE1/standalone_psu_cortexa53_0/bspinclude/include -I"D:\Work\Vitis_workspace_FPGAVerification\ServoDrive_CB_FPGAVerification\src\ComputeLibrary" -I"D:\Work\Vitis_workspace_FPGAVerification\ServoDrive_CB_FPGAVerification\src\Include" -I"D:\Work\Vitis_workspace_FPGAVerification\ServoDrive_CB_FPGAVerification\src\PrivateInclude" -I"D:\Work\Vitis_workspace_FPGAVerification\ServoDrive_CB_FPGAVerification\src\Source" -I"D:\Work\Vitis_workspace_FPGAVerification\ServoDrive_CB_FPGAVerification\src\Include\dsp" -I"D:\Work\Vitis_workspace_FPGAVerification\ServoDrive_CB_FPGAVerification\src\ComputeLibrary\Include" -c -fmessage-length=0 -MT"src/Source/TransformFunctions/arm_cfft_radix2_init_q31.o" -ID:/Work/Vitis_workspace_FPGAVerification/Mercury_XU5_PE1/export/Mercury_XU5_PE1/sw/Mercury_XU5_PE1/standalone_psu_cortexa53_0/bspinclude/include -MMD -MP -MF"src/Source/TransformFunctions/arm_cfft_radix2_init_q31.d" -MT"src/Source/TransformFunctions/arm_cfft_radix2_init_q31.o" -o "src/Source/TransformFunctions/arm_cfft_radix2_init_q31.o" "../src/Source/TransformFunctions/arm_cfft_radix2_init_q31.c"
'Finished building: ../src/Source/TransformFunctions/arm_cfft_radix2_init_q31.c'
' '
'Building file: ../src/Source/TransformFunctions/arm_cfft_radix2_q15.c'
'Invoking: ARM v8 gcc compiler'
aarch64-none-elf-gcc -DDISABLEFLOAT16 -Wall -O0 -g3 -ID:/Work/Vitis_workspace_FPGAVerification/Mercury_XU5_PE1/export/Mercury_XU5_PE1/sw/Mercury_XU5_PE1/standalone_psu_cortexa53_0/bspinclude/include -I"D:\Work\Vitis_workspace_FPGAVerification\ServoDrive_CB_FPGAVerification\src\ComputeLibrary" -I"D:\Work\Vitis_workspace_FPGAVerification\ServoDrive_CB_FPGAVerification\src\Include" -I"D:\Work\Vitis_workspace_FPGAVerification\ServoDrive_CB_FPGAVerification\src\PrivateInclude" -I"D:\Work\Vitis_workspace_FPGAVerification\ServoDrive_CB_FPGAVerification\src\Source" -I"D:\Work\Vitis_workspace_FPGAVerification\ServoDrive_CB_FPGAVerification\src\Include\dsp" -I"D:\Work\Vitis_workspace_FPGAVerification\ServoDrive_CB_FPGAVerification\src\ComputeLibrary\Include" -c -fmessage-length=0 -MT"src/Source/TransformFunctions/arm_cfft_radix2_q15.o" -ID:/Work/Vitis_workspace_FPGAVerification/Mercury_XU5_PE1/export/Mercury_XU5_PE1/sw/Mercury_XU5_PE1/standalone_psu_cortexa53_0/bspinclude/include -MMD -MP -MF"src/Source/TransformFunctions/arm_cfft_radix2_q15.d" -MT"src/Source/TransformFunctions/arm_cfft_radix2_q15.o" -o "src/Source/TransformFunctions/arm_cfft_radix2_q15.o" "../src/Source/TransformFunctions/arm_cfft_radix2_q15.c"
'Finished building: ../src/Source/TransformFunctions/arm_cfft_radix2_q15.c'
' '
'Building file: ../src/Source/TransformFunctions/arm_cfft_radix2_q31.c'
'Invoking: ARM v8 gcc compiler'
aarch64-none-elf-gcc -DDISABLEFLOAT16 -Wall -O0 -g3 -ID:/Work/Vitis_workspace_FPGAVerification/Mercury_XU5_PE1/export/Mercury_XU5_PE1/sw/Mercury_XU5_PE1/standalone_psu_cortexa53_0/bspinclude/include -I"D:\Work\Vitis_workspace_FPGAVerification\ServoDrive_CB_FPGAVerification\src\ComputeLibrary" -I"D:\Work\Vitis_workspace_FPGAVerification\ServoDrive_CB_FPGAVerification\src\Include" -I"D:\Work\Vitis_workspace_FPGAVerification\ServoDrive_CB_FPGAVerification\src\PrivateInclude" -I"D:\Work\Vitis_workspace_FPGAVerification\ServoDrive_CB_FPGAVerification\src\Source" -I"D:\Work\Vitis_workspace_FPGAVerification\ServoDrive_CB_FPGAVerification\src\Include\dsp" -I"D:\Work\Vitis_workspace_FPGAVerification\ServoDrive_CB_FPGAVerification\src\ComputeLibrary\Include" -c -fmessage-length=0 -MT"src/Source/TransformFunctions/arm_cfft_radix2_q31.o" -ID:/Work/Vitis_workspace_FPGAVerification/Mercury_XU5_PE1/export/Mercury_XU5_PE1/sw/Mercury_XU5_PE1/standalone_psu_cortexa53_0/bspinclude/include -MMD -MP -MF"src/Source/TransformFunctions/arm_cfft_radix2_q31.d" -MT"src/Source/TransformFunctions/arm_cfft_radix2_q31.o" -o "src/Source/TransformFunctions/arm_cfft_radix2_q31.o" "../src/Source/TransformFunctions/arm_cfft_radix2_q31.c"
'Finished building: ../src/Source/TransformFunctions/arm_cfft_radix2_q31.c'
' '
'Building file: ../src/Source/TransformFunctions/arm_cfft_radix4_f16.c'
'Invoking: ARM v8 gcc compiler'
aarch64-none-elf-gcc -DDISABLEFLOAT16 -Wall -O0 -g3 -ID:/Work/Vitis_workspace_FPGAVerification/Mercury_XU5_PE1/export/Mercury_XU5_PE1/sw/Mercury_XU5_PE1/standalone_psu_cortexa53_0/bspinclude/include -I"D:\Work\Vitis_workspace_FPGAVerification\ServoDrive_CB_FPGAVerification\src\ComputeLibrary" -I"D:\Work\Vitis_workspace_FPGAVerification\ServoDrive_CB_FPGAVerification\src\Include" -I"D:\Work\Vitis_workspace_FPGAVerification\ServoDrive_CB_FPGAVerification\src\PrivateInclude" -I"D:\Work\Vitis_workspace_FPGAVerification\ServoDrive_CB_FPGAVerification\src\Source" -I"D:\Work\Vitis_workspace_FPGAVerification\ServoDrive_CB_FPGAVerification\src\Include\dsp" -I"D:\Work\Vitis_workspace_FPGAVerification\ServoDrive_CB_FPGAVerification\src\ComputeLibrary\Include" -c -fmessage-length=0 -MT"src/Source/TransformFunctions/arm_cfft_radix4_f16.o" -ID:/Work/Vitis_workspace_FPGAVerification/Mercury_XU5_PE1/export/Mercury_XU5_PE1/sw/Mercury_XU5_PE1/standalone_psu_cortexa53_0/bspinclude/include -MMD -MP -MF"src/Source/TransformFunctions/arm_cfft_radix4_f16.d" -MT"src/Source/TransformFunctions/arm_cfft_radix4_f16.o" -o "src/Source/TransformFunctions/arm_cfft_radix4_f16.o" "../src/Source/TransformFunctions/arm_cfft_radix4_f16.c"
'Finished building: ../src/Source/TransformFunctions/arm_cfft_radix4_f16.c'
' '
'Building file: ../src/Source/TransformFunctions/arm_cfft_radix4_f32.c'
'Invoking: ARM v8 gcc compiler'
aarch64-none-elf-gcc -DDISABLEFLOAT16 -Wall -O0 -g3 -ID:/Work/Vitis_workspace_FPGAVerification/Mercury_XU5_PE1/export/Mercury_XU5_PE1/sw/Mercury_XU5_PE1/standalone_psu_cortexa53_0/bspinclude/include -I"D:\Work\Vitis_workspace_FPGAVerification\ServoDrive_CB_FPGAVerification\src\ComputeLibrary" -I"D:\Work\Vitis_workspace_FPGAVerification\ServoDrive_CB_FPGAVerification\src\Include" -I"D:\Work\Vitis_workspace_FPGAVerification\ServoDrive_CB_FPGAVerification\src\PrivateInclude" -I"D:\Work\Vitis_workspace_FPGAVerification\ServoDrive_CB_FPGAVerification\src\Source" -I"D:\Work\Vitis_workspace_FPGAVerification\ServoDrive_CB_FPGAVerification\src\Include\dsp" -I"D:\Work\Vitis_workspace_FPGAVerification\ServoDrive_CB_FPGAVerification\src\ComputeLibrary\Include" -c -fmessage-length=0 -MT"src/Source/TransformFunctions/arm_cfft_radix4_f32.o" -ID:/Work/Vitis_workspace_FPGAVerification/Mercury_XU5_PE1/export/Mercury_XU5_PE1/sw/Mercury_XU5_PE1/standalone_psu_cortexa53_0/bspinclude/include -MMD -MP -MF"src/Source/TransformFunctions/arm_cfft_radix4_f32.d" -MT"src/Source/TransformFunctions/arm_cfft_radix4_f32.o" -o "src/Source/TransformFunctions/arm_cfft_radix4_f32.o" "../src/Source/TransformFunctions/arm_cfft_radix4_f32.c"
'Finished building: ../src/Source/TransformFunctions/arm_cfft_radix4_f32.c'
' '
'Building file: ../src/Source/TransformFunctions/arm_cfft_radix4_init_f16.c'
'Invoking: ARM v8 gcc compiler'
aarch64-none-elf-gcc -DDISABLEFLOAT16 -Wall -O0 -g3 -ID:/Work/Vitis_workspace_FPGAVerification/Mercury_XU5_PE1/export/Mercury_XU5_PE1/sw/Mercury_XU5_PE1/standalone_psu_cortexa53_0/bspinclude/include -I"D:\Work\Vitis_workspace_FPGAVerification\ServoDrive_CB_FPGAVerification\src\ComputeLibrary" -I"D:\Work\Vitis_workspace_FPGAVerification\ServoDrive_CB_FPGAVerification\src\Include" -I"D:\Work\Vitis_workspace_FPGAVerification\ServoDrive_CB_FPGAVerification\src\PrivateInclude" -I"D:\Work\Vitis_workspace_FPGAVerification\ServoDrive_CB_FPGAVerification\src\Source" -I"D:\Work\Vitis_workspace_FPGAVerification\ServoDrive_CB_FPGAVerification\src\Include\dsp" -I"D:\Work\Vitis_workspace_FPGAVerification\ServoDrive_CB_FPGAVerification\src\ComputeLibrary\Include" -c -fmessage-length=0 -MT"src/Source/TransformFunctions/arm_cfft_radix4_init_f16.o" -ID:/Work/Vitis_workspace_FPGAVerification/Mercury_XU5_PE1/export/Mercury_XU5_PE1/sw/Mercury_XU5_PE1/standalone_psu_cortexa53_0/bspinclude/include -MMD -MP -MF"src/Source/TransformFunctions/arm_cfft_radix4_init_f16.d" -MT"src/Source/TransformFunctions/arm_cfft_radix4_init_f16.o" -o "src/Source/TransformFunctions/arm_cfft_radix4_init_f16.o" "../src/Source/TransformFunctions/arm_cfft_radix4_init_f16.c"
'Finished building: ../src/Source/TransformFunctions/arm_cfft_radix4_init_f16.c'
' '
'Building file: ../src/Source/TransformFunctions/arm_cfft_radix4_init_f32.c'
'Invoking: ARM v8 gcc compiler'
aarch64-none-elf-gcc -DDISABLEFLOAT16 -Wall -O0 -g3 -ID:/Work/Vitis_workspace_FPGAVerification/Mercury_XU5_PE1/export/Mercury_XU5_PE1/sw/Mercury_XU5_PE1/standalone_psu_cortexa53_0/bspinclude/include -I"D:\Work\Vitis_workspace_FPGAVerification\ServoDrive_CB_FPGAVerification\src\ComputeLibrary" -I"D:\Work\Vitis_workspace_FPGAVerification\ServoDrive_CB_FPGAVerification\src\Include" -I"D:\Work\Vitis_workspace_FPGAVerification\ServoDrive_CB_FPGAVerification\src\PrivateInclude" -I"D:\Work\Vitis_workspace_FPGAVerification\ServoDrive_CB_FPGAVerification\src\Source" -I"D:\Work\Vitis_workspace_FPGAVerification\ServoDrive_CB_FPGAVerification\src\Include\dsp" -I"D:\Work\Vitis_workspace_FPGAVerification\ServoDrive_CB_FPGAVerification\src\ComputeLibrary\Include" -c -fmessage-length=0 -MT"src/Source/TransformFunctions/arm_cfft_radix4_init_f32.o" -ID:/Work/Vitis_workspace_FPGAVerification/Mercury_XU5_PE1/export/Mercury_XU5_PE1/sw/Mercury_XU5_PE1/standalone_psu_cortexa53_0/bspinclude/include -MMD -MP -MF"src/Source/TransformFunctions/arm_cfft_radix4_init_f32.d" -MT"src/Source/TransformFunctions/arm_cfft_radix4_init_f32.o" -o "src/Source/TransformFunctions/arm_cfft_radix4_init_f32.o" "../src/Source/TransformFunctions/arm_cfft_radix4_init_f32.c"
'Finished building: ../src/Source/TransformFunctions/arm_cfft_radix4_init_f32.c'
' '
'Building file: ../src/Source/TransformFunctions/arm_cfft_radix4_init_q15.c'
'Invoking: ARM v8 gcc compiler'
aarch64-none-elf-gcc -DDISABLEFLOAT16 -Wall -O0 -g3 -ID:/Work/Vitis_workspace_FPGAVerification/Mercury_XU5_PE1/export/Mercury_XU5_PE1/sw/Mercury_XU5_PE1/standalone_psu_cortexa53_0/bspinclude/include -I"D:\Work\Vitis_workspace_FPGAVerification\ServoDrive_CB_FPGAVerification\src\ComputeLibrary" -I"D:\Work\Vitis_workspace_FPGAVerification\ServoDrive_CB_FPGAVerification\src\Include" -I"D:\Work\Vitis_workspace_FPGAVerification\ServoDrive_CB_FPGAVerification\src\PrivateInclude" -I"D:\Work\Vitis_workspace_FPGAVerification\ServoDrive_CB_FPGAVerification\src\Source" -I"D:\Work\Vitis_workspace_FPGAVerification\ServoDrive_CB_FPGAVerification\src\Include\dsp" -I"D:\Work\Vitis_workspace_FPGAVerification\ServoDrive_CB_FPGAVerification\src\ComputeLibrary\Include" -c -fmessage-length=0 -MT"src/Source/TransformFunctions/arm_cfft_radix4_init_q15.o" -ID:/Work/Vitis_workspace_FPGAVerification/Mercury_XU5_PE1/export/Mercury_XU5_PE1/sw/Mercury_XU5_PE1/standalone_psu_cortexa53_0/bspinclude/include -MMD -MP -MF"src/Source/TransformFunctions/arm_cfft_radix4_init_q15.d" -MT"src/Source/TransformFunctions/arm_cfft_radix4_init_q15.o" -o "src/Source/TransformFunctions/arm_cfft_radix4_init_q15.o" "../src/Source/TransformFunctions/arm_cfft_radix4_init_q15.c"
'Finished building: ../src/Source/TransformFunctions/arm_cfft_radix4_init_q15.c'
' '
'Building file: ../src/Source/TransformFunctions/arm_cfft_radix4_init_q31.c'
'Invoking: ARM v8 gcc compiler'
aarch64-none-elf-gcc -DDISABLEFLOAT16 -Wall -O0 -g3 -ID:/Work/Vitis_workspace_FPGAVerification/Mercury_XU5_PE1/export/Mercury_XU5_PE1/sw/Mercury_XU5_PE1/standalone_psu_cortexa53_0/bspinclude/include -I"D:\Work\Vitis_workspace_FPGAVerification\ServoDrive_CB_FPGAVerification\src\ComputeLibrary" -I"D:\Work\Vitis_workspace_FPGAVerification\ServoDrive_CB_FPGAVerification\src\Include" -I"D:\Work\Vitis_workspace_FPGAVerification\ServoDrive_CB_FPGAVerification\src\PrivateInclude" -I"D:\Work\Vitis_workspace_FPGAVerification\ServoDrive_CB_FPGAVerification\src\Source" -I"D:\Work\Vitis_workspace_FPGAVerification\ServoDrive_CB_FPGAVerification\src\Include\dsp" -I"D:\Work\Vitis_workspace_FPGAVerification\ServoDrive_CB_FPGAVerification\src\ComputeLibrary\Include" -c -fmessage-length=0 -MT"src/Source/TransformFunctions/arm_cfft_radix4_init_q31.o" -ID:/Work/Vitis_workspace_FPGAVerification/Mercury_XU5_PE1/export/Mercury_XU5_PE1/sw/Mercury_XU5_PE1/standalone_psu_cortexa53_0/bspinclude/include -MMD -MP -MF"src/Source/TransformFunctions/arm_cfft_radix4_init_q31.d" -MT"src/Source/TransformFunctions/arm_cfft_radix4_init_q31.o" -o "src/Source/TransformFunctions/arm_cfft_radix4_init_q31.o" "../src/Source/TransformFunctions/arm_cfft_radix4_init_q31.c"
'Finished building: ../src/Source/TransformFunctions/arm_cfft_radix4_init_q31.c'
' '
'Building file: ../src/Source/TransformFunctions/arm_cfft_radix4_q15.c'
'Invoking: ARM v8 gcc compiler'
aarch64-none-elf-gcc -DDISABLEFLOAT16 -Wall -O0 -g3 -ID:/Work/Vitis_workspace_FPGAVerification/Mercury_XU5_PE1/export/Mercury_XU5_PE1/sw/Mercury_XU5_PE1/standalone_psu_cortexa53_0/bspinclude/include -I"D:\Work\Vitis_workspace_FPGAVerification\ServoDrive_CB_FPGAVerification\src\ComputeLibrary" -I"D:\Work\Vitis_workspace_FPGAVerification\ServoDrive_CB_FPGAVerification\src\Include" -I"D:\Work\Vitis_workspace_FPGAVerification\ServoDrive_CB_FPGAVerification\src\PrivateInclude" -I"D:\Work\Vitis_workspace_FPGAVerification\ServoDrive_CB_FPGAVerification\src\Source" -I"D:\Work\Vitis_workspace_FPGAVerification\ServoDrive_CB_FPGAVerification\src\Include\dsp" -I"D:\Work\Vitis_workspace_FPGAVerification\ServoDrive_CB_FPGAVerification\src\ComputeLibrary\Include" -c -fmessage-length=0 -MT"src/Source/TransformFunctions/arm_cfft_radix4_q15.o" -ID:/Work/Vitis_workspace_FPGAVerification/Mercury_XU5_PE1/export/Mercury_XU5_PE1/sw/Mercury_XU5_PE1/standalone_psu_cortexa53_0/bspinclude/include -MMD -MP -MF"src/Source/TransformFunctions/arm_cfft_radix4_q15.d" -MT"src/Source/TransformFunctions/arm_cfft_radix4_q15.o" -o "src/Source/TransformFunctions/arm_cfft_radix4_q15.o" "../src/Source/TransformFunctions/arm_cfft_radix4_q15.c"
'Finished building: ../src/Source/TransformFunctions/arm_cfft_radix4_q15.c'
' '
'Building file: ../src/Source/TransformFunctions/arm_cfft_radix4_q31.c'
'Invoking: ARM v8 gcc compiler'
aarch64-none-elf-gcc -DDISABLEFLOAT16 -Wall -O0 -g3 -ID:/Work/Vitis_workspace_FPGAVerification/Mercury_XU5_PE1/export/Mercury_XU5_PE1/sw/Mercury_XU5_PE1/standalone_psu_cortexa53_0/bspinclude/include -I"D:\Work\Vitis_workspace_FPGAVerification\ServoDrive_CB_FPGAVerification\src\ComputeLibrary" -I"D:\Work\Vitis_workspace_FPGAVerification\ServoDrive_CB_FPGAVerification\src\Include" -I"D:\Work\Vitis_workspace_FPGAVerification\ServoDrive_CB_FPGAVerification\src\PrivateInclude" -I"D:\Work\Vitis_workspace_FPGAVerification\ServoDrive_CB_FPGAVerification\src\Source" -I"D:\Work\Vitis_workspace_FPGAVerification\ServoDrive_CB_FPGAVerification\src\Include\dsp" -I"D:\Work\Vitis_workspace_FPGAVerification\ServoDrive_CB_FPGAVerification\src\ComputeLibrary\Include" -c -fmessage-length=0 -MT"src/Source/TransformFunctions/arm_cfft_radix4_q31.o" -ID:/Work/Vitis_workspace_FPGAVerification/Mercury_XU5_PE1/export/Mercury_XU5_PE1/sw/Mercury_XU5_PE1/standalone_psu_cortexa53_0/bspinclude/include -MMD -MP -MF"src/Source/TransformFunctions/arm_cfft_radix4_q31.d" -MT"src/Source/TransformFunctions/arm_cfft_radix4_q31.o" -o "src/Source/TransformFunctions/arm_cfft_radix4_q31.o" "../src/Source/TransformFunctions/arm_cfft_radix4_q31.c"
'Finished building: ../src/Source/TransformFunctions/arm_cfft_radix4_q31.c'
' '
'Building file: ../src/Source/TransformFunctions/arm_cfft_radix8_f16.c'
'Invoking: ARM v8 gcc compiler'
aarch64-none-elf-gcc -DDISABLEFLOAT16 -Wall -O0 -g3 -ID:/Work/Vitis_workspace_FPGAVerification/Mercury_XU5_PE1/export/Mercury_XU5_PE1/sw/Mercury_XU5_PE1/standalone_psu_cortexa53_0/bspinclude/include -I"D:\Work\Vitis_workspace_FPGAVerification\ServoDrive_CB_FPGAVerification\src\ComputeLibrary" -I"D:\Work\Vitis_workspace_FPGAVerification\ServoDrive_CB_FPGAVerification\src\Include" -I"D:\Work\Vitis_workspace_FPGAVerification\ServoDrive_CB_FPGAVerification\src\PrivateInclude" -I"D:\Work\Vitis_workspace_FPGAVerification\ServoDrive_CB_FPGAVerification\src\Source" -I"D:\Work\Vitis_workspace_FPGAVerification\ServoDrive_CB_FPGAVerification\src\Include\dsp" -I"D:\Work\Vitis_workspace_FPGAVerification\ServoDrive_CB_FPGAVerification\src\ComputeLibrary\Include" -c -fmessage-length=0 -MT"src/Source/TransformFunctions/arm_cfft_radix8_f16.o" -ID:/Work/Vitis_workspace_FPGAVerification/Mercury_XU5_PE1/export/Mercury_XU5_PE1/sw/Mercury_XU5_PE1/standalone_psu_cortexa53_0/bspinclude/include -MMD -MP -MF"src/Source/TransformFunctions/arm_cfft_radix8_f16.d" -MT"src/Source/TransformFunctions/arm_cfft_radix8_f16.o" -o "src/Source/TransformFunctions/arm_cfft_radix8_f16.o" "../src/Source/TransformFunctions/arm_cfft_radix8_f16.c"
'Finished building: ../src/Source/TransformFunctions/arm_cfft_radix8_f16.c'
' '
'Building file: ../src/Source/TransformFunctions/arm_cfft_radix8_f32.c'
'Invoking: ARM v8 gcc compiler'
aarch64-none-elf-gcc -DDISABLEFLOAT16 -Wall -O0 -g3 -ID:/Work/Vitis_workspace_FPGAVerification/Mercury_XU5_PE1/export/Mercury_XU5_PE1/sw/Mercury_XU5_PE1/standalone_psu_cortexa53_0/bspinclude/include -I"D:\Work\Vitis_workspace_FPGAVerification\ServoDrive_CB_FPGAVerification\src\ComputeLibrary" -I"D:\Work\Vitis_workspace_FPGAVerification\ServoDrive_CB_FPGAVerification\src\Include" -I"D:\Work\Vitis_workspace_FPGAVerification\ServoDrive_CB_FPGAVerification\src\PrivateInclude" -I"D:\Work\Vitis_workspace_FPGAVerification\ServoDrive_CB_FPGAVerification\src\Source" -I"D:\Work\Vitis_workspace_FPGAVerification\ServoDrive_CB_FPGAVerification\src\Include\dsp" -I"D:\Work\Vitis_workspace_FPGAVerification\ServoDrive_CB_FPGAVerification\src\ComputeLibrary\Include" -c -fmessage-length=0 -MT"src/Source/TransformFunctions/arm_cfft_radix8_f32.o" -ID:/Work/Vitis_workspace_FPGAVerification/Mercury_XU5_PE1/export/Mercury_XU5_PE1/sw/Mercury_XU5_PE1/standalone_psu_cortexa53_0/bspinclude/include -MMD -MP -MF"src/Source/TransformFunctions/arm_cfft_radix8_f32.d" -MT"src/Source/TransformFunctions/arm_cfft_radix8_f32.o" -o "src/Source/TransformFunctions/arm_cfft_radix8_f32.o" "../src/Source/TransformFunctions/arm_cfft_radix8_f32.c"
'Finished building: ../src/Source/TransformFunctions/arm_cfft_radix8_f32.c'
' '
'Building file: ../src/Source/TransformFunctions/arm_mfcc_f16.c'
'Invoking: ARM v8 gcc compiler'
aarch64-none-elf-gcc -DDISABLEFLOAT16 -Wall -O0 -g3 -ID:/Work/Vitis_workspace_FPGAVerification/Mercury_XU5_PE1/export/Mercury_XU5_PE1/sw/Mercury_XU5_PE1/standalone_psu_cortexa53_0/bspinclude/include -I"D:\Work\Vitis_workspace_FPGAVerification\ServoDrive_CB_FPGAVerification\src\ComputeLibrary" -I"D:\Work\Vitis_workspace_FPGAVerification\ServoDrive_CB_FPGAVerification\src\Include" -I"D:\Work\Vitis_workspace_FPGAVerification\ServoDrive_CB_FPGAVerification\src\PrivateInclude" -I"D:\Work\Vitis_workspace_FPGAVerification\ServoDrive_CB_FPGAVerification\src\Source" -I"D:\Work\Vitis_workspace_FPGAVerification\ServoDrive_CB_FPGAVerification\src\Include\dsp" -I"D:\Work\Vitis_workspace_FPGAVerification\ServoDrive_CB_FPGAVerification\src\ComputeLibrary\Include" -c -fmessage-length=0 -MT"src/Source/TransformFunctions/arm_mfcc_f16.o" -ID:/Work/Vitis_workspace_FPGAVerification/Mercury_XU5_PE1/export/Mercury_XU5_PE1/sw/Mercury_XU5_PE1/standalone_psu_cortexa53_0/bspinclude/include -MMD -MP -MF"src/Source/TransformFunctions/arm_mfcc_f16.d" -MT"src/Source/TransformFunctions/arm_mfcc_f16.o" -o "src/Source/TransformFunctions/arm_mfcc_f16.o" "../src/Source/TransformFunctions/arm_mfcc_f16.c"
'Finished building: ../src/Source/TransformFunctions/arm_mfcc_f16.c'
' '
'Building file: ../src/Source/TransformFunctions/arm_mfcc_init_f16.c'
'Invoking: ARM v8 gcc compiler'
aarch64-none-elf-gcc -DDISABLEFLOAT16 -Wall -O0 -g3 -ID:/Work/Vitis_workspace_FPGAVerification/Mercury_XU5_PE1/export/Mercury_XU5_PE1/sw/Mercury_XU5_PE1/standalone_psu_cortexa53_0/bspinclude/include -I"D:\Work\Vitis_workspace_FPGAVerification\ServoDrive_CB_FPGAVerification\src\ComputeLibrary" -I"D:\Work\Vitis_workspace_FPGAVerification\ServoDrive_CB_FPGAVerification\src\Include" -I"D:\Work\Vitis_workspace_FPGAVerification\ServoDrive_CB_FPGAVerification\src\PrivateInclude" -I"D:\Work\Vitis_workspace_FPGAVerification\ServoDrive_CB_FPGAVerification\src\Source" -I"D:\Work\Vitis_workspace_FPGAVerification\ServoDrive_CB_FPGAVerification\src\Include\dsp" -I"D:\Work\Vitis_workspace_FPGAVerification\ServoDrive_CB_FPGAVerification\src\ComputeLibrary\Include" -c -fmessage-length=0 -MT"src/Source/TransformFunctions/arm_mfcc_init_f16.o" -ID:/Work/Vitis_workspace_FPGAVerification/Mercury_XU5_PE1/export/Mercury_XU5_PE1/sw/Mercury_XU5_PE1/standalone_psu_cortexa53_0/bspinclude/include -MMD -MP -MF"src/Source/TransformFunctions/arm_mfcc_init_f16.d" -MT"src/Source/TransformFunctions/arm_mfcc_init_f16.o" -o "src/Source/TransformFunctions/arm_mfcc_init_f16.o" "../src/Source/TransformFunctions/arm_mfcc_init_f16.c"
'Finished building: ../src/Source/TransformFunctions/arm_mfcc_init_f16.c'
' '
'Building file: ../src/Source/TransformFunctions/arm_mfcc_init_f32.c'
'Invoking: ARM v8 gcc compiler'
aarch64-none-elf-gcc -DDISABLEFLOAT16 -Wall -O0 -g3 -ID:/Work/Vitis_workspace_FPGAVerification/Mercury_XU5_PE1/export/Mercury_XU5_PE1/sw/Mercury_XU5_PE1/standalone_psu_cortexa53_0/bspinclude/include -I"D:\Work\Vitis_workspace_FPGAVerification\ServoDrive_CB_FPGAVerification\src\ComputeLibrary" -I"D:\Work\Vitis_workspace_FPGAVerification\ServoDrive_CB_FPGAVerification\src\Include" -I"D:\Work\Vitis_workspace_FPGAVerification\ServoDrive_CB_FPGAVerification\src\PrivateInclude" -I"D:\Work\Vitis_workspace_FPGAVerification\ServoDrive_CB_FPGAVerification\src\Source" -I"D:\Work\Vitis_workspace_FPGAVerification\ServoDrive_CB_FPGAVerification\src\Include\dsp" -I"D:\Work\Vitis_workspace_FPGAVerification\ServoDrive_CB_FPGAVerification\src\ComputeLibrary\Include" -c -fmessage-length=0 -MT"src/Source/TransformFunctions/arm_mfcc_init_f32.o" -ID:/Work/Vitis_workspace_FPGAVerification/Mercury_XU5_PE1/export/Mercury_XU5_PE1/sw/Mercury_XU5_PE1/standalone_psu_cortexa53_0/bspinclude/include -MMD -MP -MF"src/Source/TransformFunctions/arm_mfcc_init_f32.d" -MT"src/Source/TransformFunctions/arm_mfcc_init_f32.o" -o "src/Source/TransformFunctions/arm_mfcc_init_f32.o" "../src/Source/TransformFunctions/arm_mfcc_init_f32.c"
'Finished building: ../src/Source/TransformFunctions/arm_mfcc_init_f32.c'
' '
'Building file: ../src/Source/TransformFunctions/arm_mfcc_init_q15.c'
'Invoking: ARM v8 gcc compiler'
aarch64-none-elf-gcc -DDISABLEFLOAT16 -Wall -O0 -g3 -ID:/Work/Vitis_workspace_FPGAVerification/Mercury_XU5_PE1/export/Mercury_XU5_PE1/sw/Mercury_XU5_PE1/standalone_psu_cortexa53_0/bspinclude/include -I"D:\Work\Vitis_workspace_FPGAVerification\ServoDrive_CB_FPGAVerification\src\ComputeLibrary" -I"D:\Work\Vitis_workspace_FPGAVerification\ServoDrive_CB_FPGAVerification\src\Include" -I"D:\Work\Vitis_workspace_FPGAVerification\ServoDrive_CB_FPGAVerification\src\PrivateInclude" -I"D:\Work\Vitis_workspace_FPGAVerification\ServoDrive_CB_FPGAVerification\src\Source" -I"D:\Work\Vitis_workspace_FPGAVerification\ServoDrive_CB_FPGAVerification\src\Include\dsp" -I"D:\Work\Vitis_workspace_FPGAVerification\ServoDrive_CB_FPGAVerification\src\ComputeLibrary\Include" -c -fmessage-length=0 -MT"src/Source/TransformFunctions/arm_mfcc_init_q15.o" -ID:/Work/Vitis_workspace_FPGAVerification/Mercury_XU5_PE1/export/Mercury_XU5_PE1/sw/Mercury_XU5_PE1/standalone_psu_cortexa53_0/bspinclude/include -MMD -MP -MF"src/Source/TransformFunctions/arm_mfcc_init_q15.d" -MT"src/Source/TransformFunctions/arm_mfcc_init_q15.o" -o "src/Source/TransformFunctions/arm_mfcc_init_q15.o" "../src/Source/TransformFunctions/arm_mfcc_init_q15.c"
'Finished building: ../src/Source/TransformFunctions/arm_mfcc_init_q15.c'
' '
'Building file: ../src/Source/TransformFunctions/arm_mfcc_init_q31.c'
'Invoking: ARM v8 gcc compiler'
aarch64-none-elf-gcc -DDISABLEFLOAT16 -Wall -O0 -g3 -ID:/Work/Vitis_workspace_FPGAVerification/Mercury_XU5_PE1/export/Mercury_XU5_PE1/sw/Mercury_XU5_PE1/standalone_psu_cortexa53_0/bspinclude/include -I"D:\Work\Vitis_workspace_FPGAVerification\ServoDrive_CB_FPGAVerification\src\ComputeLibrary" -I"D:\Work\Vitis_workspace_FPGAVerification\ServoDrive_CB_FPGAVerification\src\Include" -I"D:\Work\Vitis_workspace_FPGAVerification\ServoDrive_CB_FPGAVerification\src\PrivateInclude" -I"D:\Work\Vitis_workspace_FPGAVerification\ServoDrive_CB_FPGAVerification\src\Source" -I"D:\Work\Vitis_workspace_FPGAVerification\ServoDrive_CB_FPGAVerification\src\Include\dsp" -I"D:\Work\Vitis_workspace_FPGAVerification\ServoDrive_CB_FPGAVerification\src\ComputeLibrary\Include" -c -fmessage-length=0 -MT"src/Source/TransformFunctions/arm_mfcc_init_q31.o" -ID:/Work/Vitis_workspace_FPGAVerification/Mercury_XU5_PE1/export/Mercury_XU5_PE1/sw/Mercury_XU5_PE1/standalone_psu_cortexa53_0/bspinclude/include -MMD -MP -MF"src/Source/TransformFunctions/arm_mfcc_init_q31.d" -MT"src/Source/TransformFunctions/arm_mfcc_init_q31.o" -o "src/Source/TransformFunctions/arm_mfcc_init_q31.o" "../src/Source/TransformFunctions/arm_mfcc_init_q31.c"
'Finished building: ../src/Source/TransformFunctions/arm_mfcc_init_q31.c'
' '
'Building file: ../src/Source/TransformFunctions/arm_rfft_fast_f16.c'
'Invoking: ARM v8 gcc compiler'
aarch64-none-elf-gcc -DDISABLEFLOAT16 -Wall -O0 -g3 -ID:/Work/Vitis_workspace_FPGAVerification/Mercury_XU5_PE1/export/Mercury_XU5_PE1/sw/Mercury_XU5_PE1/standalone_psu_cortexa53_0/bspinclude/include -I"D:\Work\Vitis_workspace_FPGAVerification\ServoDrive_CB_FPGAVerification\src\ComputeLibrary" -I"D:\Work\Vitis_workspace_FPGAVerification\ServoDrive_CB_FPGAVerification\src\Include" -I"D:\Work\Vitis_workspace_FPGAVerification\ServoDrive_CB_FPGAVerification\src\PrivateInclude" -I"D:\Work\Vitis_workspace_FPGAVerification\ServoDrive_CB_FPGAVerification\src\Source" -I"D:\Work\Vitis_workspace_FPGAVerification\ServoDrive_CB_FPGAVerification\src\Include\dsp" -I"D:\Work\Vitis_workspace_FPGAVerification\ServoDrive_CB_FPGAVerification\src\ComputeLibrary\Include" -c -fmessage-length=0 -MT"src/Source/TransformFunctions/arm_rfft_fast_f16.o" -ID:/Work/Vitis_workspace_FPGAVerification/Mercury_XU5_PE1/export/Mercury_XU5_PE1/sw/Mercury_XU5_PE1/standalone_psu_cortexa53_0/bspinclude/include -MMD -MP -MF"src/Source/TransformFunctions/arm_rfft_fast_f16.d" -MT"src/Source/TransformFunctions/arm_rfft_fast_f16.o" -o "src/Source/TransformFunctions/arm_rfft_fast_f16.o" "../src/Source/TransformFunctions/arm_rfft_fast_f16.c"
'Finished building: ../src/Source/TransformFunctions/arm_rfft_fast_f16.c'
' '
'Building file: ../src/Source/TransformFunctions/arm_rfft_fast_f32.c'
'Invoking: ARM v8 gcc compiler'
aarch64-none-elf-gcc -DDISABLEFLOAT16 -Wall -O0 -g3 -ID:/Work/Vitis_workspace_FPGAVerification/Mercury_XU5_PE1/export/Mercury_XU5_PE1/sw/Mercury_XU5_PE1/standalone_psu_cortexa53_0/bspinclude/include -I"D:\Work\Vitis_workspace_FPGAVerification\ServoDrive_CB_FPGAVerification\src\ComputeLibrary" -I"D:\Work\Vitis_workspace_FPGAVerification\ServoDrive_CB_FPGAVerification\src\Include" -I"D:\Work\Vitis_workspace_FPGAVerification\ServoDrive_CB_FPGAVerification\src\PrivateInclude" -I"D:\Work\Vitis_workspace_FPGAVerification\ServoDrive_CB_FPGAVerification\src\Source" -I"D:\Work\Vitis_workspace_FPGAVerification\ServoDrive_CB_FPGAVerification\src\Include\dsp" -I"D:\Work\Vitis_workspace_FPGAVerification\ServoDrive_CB_FPGAVerification\src\ComputeLibrary\Include" -c -fmessage-length=0 -MT"src/Source/TransformFunctions/arm_rfft_fast_f32.o" -ID:/Work/Vitis_workspace_FPGAVerification/Mercury_XU5_PE1/export/Mercury_XU5_PE1/sw/Mercury_XU5_PE1/standalone_psu_cortexa53_0/bspinclude/include -MMD -MP -MF"src/Source/TransformFunctions/arm_rfft_fast_f32.d" -MT"src/Source/TransformFunctions/arm_rfft_fast_f32.o" -o "src/Source/TransformFunctions/arm_rfft_fast_f32.o" "../src/Source/TransformFunctions/arm_rfft_fast_f32.c"
'Finished building: ../src/Source/TransformFunctions/arm_rfft_fast_f32.c'
' '
'Building file: ../src/Source/TransformFunctions/arm_rfft_fast_f64.c'
'Invoking: ARM v8 gcc compiler'
aarch64-none-elf-gcc -DDISABLEFLOAT16 -Wall -O0 -g3 -ID:/Work/Vitis_workspace_FPGAVerification/Mercury_XU5_PE1/export/Mercury_XU5_PE1/sw/Mercury_XU5_PE1/standalone_psu_cortexa53_0/bspinclude/include -I"D:\Work\Vitis_workspace_FPGAVerification\ServoDrive_CB_FPGAVerification\src\ComputeLibrary" -I"D:\Work\Vitis_workspace_FPGAVerification\ServoDrive_CB_FPGAVerification\src\Include" -I"D:\Work\Vitis_workspace_FPGAVerification\ServoDrive_CB_FPGAVerification\src\PrivateInclude" -I"D:\Work\Vitis_workspace_FPGAVerification\ServoDrive_CB_FPGAVerification\src\Source" -I"D:\Work\Vitis_workspace_FPGAVerification\ServoDrive_CB_FPGAVerification\src\Include\dsp" -I"D:\Work\Vitis_workspace_FPGAVerification\ServoDrive_CB_FPGAVerification\src\ComputeLibrary\Include" -c -fmessage-length=0 -MT"src/Source/TransformFunctions/arm_rfft_fast_f64.o" -ID:/Work/Vitis_workspace_FPGAVerification/Mercury_XU5_PE1/export/Mercury_XU5_PE1/sw/Mercury_XU5_PE1/standalone_psu_cortexa53_0/bspinclude/include -MMD -MP -MF"src/Source/TransformFunctions/arm_rfft_fast_f64.d" -MT"src/Source/TransformFunctions/arm_rfft_fast_f64.o" -o "src/Source/TransformFunctions/arm_rfft_fast_f64.o" "../src/Source/TransformFunctions/arm_rfft_fast_f64.c"
'Finished building: ../src/Source/TransformFunctions/arm_rfft_fast_f64.c'
' '
'Building file: ../src/Source/TransformFunctions/arm_rfft_fast_init_f16.c'
'Invoking: ARM v8 gcc compiler'
aarch64-none-elf-gcc -DDISABLEFLOAT16 -Wall -O0 -g3 -ID:/Work/Vitis_workspace_FPGAVerification/Mercury_XU5_PE1/export/Mercury_XU5_PE1/sw/Mercury_XU5_PE1/standalone_psu_cortexa53_0/bspinclude/include -I"D:\Work\Vitis_workspace_FPGAVerification\ServoDrive_CB_FPGAVerification\src\ComputeLibrary" -I"D:\Work\Vitis_workspace_FPGAVerification\ServoDrive_CB_FPGAVerification\src\Include" -I"D:\Work\Vitis_workspace_FPGAVerification\ServoDrive_CB_FPGAVerification\src\PrivateInclude" -I"D:\Work\Vitis_workspace_FPGAVerification\ServoDrive_CB_FPGAVerification\src\Source" -I"D:\Work\Vitis_workspace_FPGAVerification\ServoDrive_CB_FPGAVerification\src\Include\dsp" -I"D:\Work\Vitis_workspace_FPGAVerification\ServoDrive_CB_FPGAVerification\src\ComputeLibrary\Include" -c -fmessage-length=0 -MT"src/Source/TransformFunctions/arm_rfft_fast_init_f16.o" -ID:/Work/Vitis_workspace_FPGAVerification/Mercury_XU5_PE1/export/Mercury_XU5_PE1/sw/Mercury_XU5_PE1/standalone_psu_cortexa53_0/bspinclude/include -MMD -MP -MF"src/Source/TransformFunctions/arm_rfft_fast_init_f16.d" -MT"src/Source/TransformFunctions/arm_rfft_fast_init_f16.o" -o "src/Source/TransformFunctions/arm_rfft_fast_init_f16.o" "../src/Source/TransformFunctions/arm_rfft_fast_init_f16.c"
'Finished building: ../src/Source/TransformFunctions/arm_rfft_fast_init_f16.c'
' '
'Building file: ../src/Source/TransformFunctions/arm_rfft_fast_init_f32.c'
'Invoking: ARM v8 gcc compiler'
aarch64-none-elf-gcc -DDISABLEFLOAT16 -Wall -O0 -g3 -ID:/Work/Vitis_workspace_FPGAVerification/Mercury_XU5_PE1/export/Mercury_XU5_PE1/sw/Mercury_XU5_PE1/standalone_psu_cortexa53_0/bspinclude/include -I"D:\Work\Vitis_workspace_FPGAVerification\ServoDrive_CB_FPGAVerification\src\ComputeLibrary" -I"D:\Work\Vitis_workspace_FPGAVerification\ServoDrive_CB_FPGAVerification\src\Include" -I"D:\Work\Vitis_workspace_FPGAVerification\ServoDrive_CB_FPGAVerification\src\PrivateInclude" -I"D:\Work\Vitis_workspace_FPGAVerification\ServoDrive_CB_FPGAVerification\src\Source" -I"D:\Work\Vitis_workspace_FPGAVerification\ServoDrive_CB_FPGAVerification\src\Include\dsp" -I"D:\Work\Vitis_workspace_FPGAVerification\ServoDrive_CB_FPGAVerification\src\ComputeLibrary\Include" -c -fmessage-length=0 -MT"src/Source/TransformFunctions/arm_rfft_fast_init_f32.o" -ID:/Work/Vitis_workspace_FPGAVerification/Mercury_XU5_PE1/export/Mercury_XU5_PE1/sw/Mercury_XU5_PE1/standalone_psu_cortexa53_0/bspinclude/include -MMD -MP -MF"src/Source/TransformFunctions/arm_rfft_fast_init_f32.d" -MT"src/Source/TransformFunctions/arm_rfft_fast_init_f32.o" -o "src/Source/TransformFunctions/arm_rfft_fast_init_f32.o" "../src/Source/TransformFunctions/arm_rfft_fast_init_f32.c"
'Finished building: ../src/Source/TransformFunctions/arm_rfft_fast_init_f32.c'
' '
'Building file: ../src/Source/TransformFunctions/arm_rfft_fast_init_f64.c'
'Invoking: ARM v8 gcc compiler'
aarch64-none-elf-gcc -DDISABLEFLOAT16 -Wall -O0 -g3 -ID:/Work/Vitis_workspace_FPGAVerification/Mercury_XU5_PE1/export/Mercury_XU5_PE1/sw/Mercury_XU5_PE1/standalone_psu_cortexa53_0/bspinclude/include -I"D:\Work\Vitis_workspace_FPGAVerification\ServoDrive_CB_FPGAVerification\src\ComputeLibrary" -I"D:\Work\Vitis_workspace_FPGAVerification\ServoDrive_CB_FPGAVerification\src\Include" -I"D:\Work\Vitis_workspace_FPGAVerification\ServoDrive_CB_FPGAVerification\src\PrivateInclude" -I"D:\Work\Vitis_workspace_FPGAVerification\ServoDrive_CB_FPGAVerification\src\Source" -I"D:\Work\Vitis_workspace_FPGAVerification\ServoDrive_CB_FPGAVerification\src\Include\dsp" -I"D:\Work\Vitis_workspace_FPGAVerification\ServoDrive_CB_FPGAVerification\src\ComputeLibrary\Include" -c -fmessage-length=0 -MT"src/Source/TransformFunctions/arm_rfft_fast_init_f64.o" -ID:/Work/Vitis_workspace_FPGAVerification/Mercury_XU5_PE1/export/Mercury_XU5_PE1/sw/Mercury_XU5_PE1/standalone_psu_cortexa53_0/bspinclude/include -MMD -MP -MF"src/Source/TransformFunctions/arm_rfft_fast_init_f64.d" -MT"src/Source/TransformFunctions/arm_rfft_fast_init_f64.o" -o "src/Source/TransformFunctions/arm_rfft_fast_init_f64.o" "../src/Source/TransformFunctions/arm_rfft_fast_init_f64.c"
'Finished building: ../src/Source/TransformFunctions/arm_rfft_fast_init_f64.c'
' '
'Building file: ../src/Source/TransformFunctions/arm_rfft_init_q15.c'
'Invoking: ARM v8 gcc compiler'
aarch64-none-elf-gcc -DDISABLEFLOAT16 -Wall -O0 -g3 -ID:/Work/Vitis_workspace_FPGAVerification/Mercury_XU5_PE1/export/Mercury_XU5_PE1/sw/Mercury_XU5_PE1/standalone_psu_cortexa53_0/bspinclude/include -I"D:\Work\Vitis_workspace_FPGAVerification\ServoDrive_CB_FPGAVerification\src\ComputeLibrary" -I"D:\Work\Vitis_workspace_FPGAVerification\ServoDrive_CB_FPGAVerification\src\Include" -I"D:\Work\Vitis_workspace_FPGAVerification\ServoDrive_CB_FPGAVerification\src\PrivateInclude" -I"D:\Work\Vitis_workspace_FPGAVerification\ServoDrive_CB_FPGAVerification\src\Source" -I"D:\Work\Vitis_workspace_FPGAVerification\ServoDrive_CB_FPGAVerification\src\Include\dsp" -I"D:\Work\Vitis_workspace_FPGAVerification\ServoDrive_CB_FPGAVerification\src\ComputeLibrary\Include" -c -fmessage-length=0 -MT"src/Source/TransformFunctions/arm_rfft_init_q15.o" -ID:/Work/Vitis_workspace_FPGAVerification/Mercury_XU5_PE1/export/Mercury_XU5_PE1/sw/Mercury_XU5_PE1/standalone_psu_cortexa53_0/bspinclude/include -MMD -MP -MF"src/Source/TransformFunctions/arm_rfft_init_q15.d" -MT"src/Source/TransformFunctions/arm_rfft_init_q15.o" -o "src/Source/TransformFunctions/arm_rfft_init_q15.o" "../src/Source/TransformFunctions/arm_rfft_init_q15.c"
'Finished building: ../src/Source/TransformFunctions/arm_rfft_init_q15.c'
' '
'Building file: ../src/Source/TransformFunctions/arm_rfft_init_q31.c'
'Invoking: ARM v8 gcc compiler'
aarch64-none-elf-gcc -DDISABLEFLOAT16 -Wall -O0 -g3 -ID:/Work/Vitis_workspace_FPGAVerification/Mercury_XU5_PE1/export/Mercury_XU5_PE1/sw/Mercury_XU5_PE1/standalone_psu_cortexa53_0/bspinclude/include -I"D:\Work\Vitis_workspace_FPGAVerification\ServoDrive_CB_FPGAVerification\src\ComputeLibrary" -I"D:\Work\Vitis_workspace_FPGAVerification\ServoDrive_CB_FPGAVerification\src\Include" -I"D:\Work\Vitis_workspace_FPGAVerification\ServoDrive_CB_FPGAVerification\src\PrivateInclude" -I"D:\Work\Vitis_workspace_FPGAVerification\ServoDrive_CB_FPGAVerification\src\Source" -I"D:\Work\Vitis_workspace_FPGAVerification\ServoDrive_CB_FPGAVerification\src\Include\dsp" -I"D:\Work\Vitis_workspace_FPGAVerification\ServoDrive_CB_FPGAVerification\src\ComputeLibrary\Include" -c -fmessage-length=0 -MT"src/Source/TransformFunctions/arm_rfft_init_q31.o" -ID:/Work/Vitis_workspace_FPGAVerification/Mercury_XU5_PE1/export/Mercury_XU5_PE1/sw/Mercury_XU5_PE1/standalone_psu_cortexa53_0/bspinclude/include -MMD -MP -MF"src/Source/TransformFunctions/arm_rfft_init_q31.d" -MT"src/Source/TransformFunctions/arm_rfft_init_q31.o" -o "src/Source/TransformFunctions/arm_rfft_init_q31.o" "../src/Source/TransformFunctions/arm_rfft_init_q31.c"
'Finished building: ../src/Source/TransformFunctions/arm_rfft_init_q31.c'
' '
'Building file: ../src/Source/TransformFunctions/arm_rfft_q15.c'
'Invoking: ARM v8 gcc compiler'
aarch64-none-elf-gcc -DDISABLEFLOAT16 -Wall -O0 -g3 -ID:/Work/Vitis_workspace_FPGAVerification/Mercury_XU5_PE1/export/Mercury_XU5_PE1/sw/Mercury_XU5_PE1/standalone_psu_cortexa53_0/bspinclude/include -I"D:\Work\Vitis_workspace_FPGAVerification\ServoDrive_CB_FPGAVerification\src\ComputeLibrary" -I"D:\Work\Vitis_workspace_FPGAVerification\ServoDrive_CB_FPGAVerification\src\Include" -I"D:\Work\Vitis_workspace_FPGAVerification\ServoDrive_CB_FPGAVerification\src\PrivateInclude" -I"D:\Work\Vitis_workspace_FPGAVerification\ServoDrive_CB_FPGAVerification\src\Source" -I"D:\Work\Vitis_workspace_FPGAVerification\ServoDrive_CB_FPGAVerification\src\Include\dsp" -I"D:\Work\Vitis_workspace_FPGAVerification\ServoDrive_CB_FPGAVerification\src\ComputeLibrary\Include" -c -fmessage-length=0 -MT"src/Source/TransformFunctions/arm_rfft_q15.o" -ID:/Work/Vitis_workspace_FPGAVerification/Mercury_XU5_PE1/export/Mercury_XU5_PE1/sw/Mercury_XU5_PE1/standalone_psu_cortexa53_0/bspinclude/include -MMD -MP -MF"src/Source/TransformFunctions/arm_rfft_q15.d" -MT"src/Source/TransformFunctions/arm_rfft_q15.o" -o "src/Source/TransformFunctions/arm_rfft_q15.o" "../src/Source/TransformFunctions/arm_rfft_q15.c"
'Finished building: ../src/Source/TransformFunctions/arm_rfft_q15.c'
' '
'Building file: ../src/Source/TransformFunctions/arm_rfft_q31.c'
'Invoking: ARM v8 gcc compiler'
aarch64-none-elf-gcc -DDISABLEFLOAT16 -Wall -O0 -g3 -ID:/Work/Vitis_workspace_FPGAVerification/Mercury_XU5_PE1/export/Mercury_XU5_PE1/sw/Mercury_XU5_PE1/standalone_psu_cortexa53_0/bspinclude/include -I"D:\Work\Vitis_workspace_FPGAVerification\ServoDrive_CB_FPGAVerification\src\ComputeLibrary" -I"D:\Work\Vitis_workspace_FPGAVerification\ServoDrive_CB_FPGAVerification\src\Include" -I"D:\Work\Vitis_workspace_FPGAVerification\ServoDrive_CB_FPGAVerification\src\PrivateInclude" -I"D:\Work\Vitis_workspace_FPGAVerification\ServoDrive_CB_FPGAVerification\src\Source" -I"D:\Work\Vitis_workspace_FPGAVerification\ServoDrive_CB_FPGAVerification\src\Include\dsp" -I"D:\Work\Vitis_workspace_FPGAVerification\ServoDrive_CB_FPGAVerification\src\ComputeLibrary\Include" -c -fmessage-length=0 -MT"src/Source/TransformFunctions/arm_rfft_q31.o" -ID:/Work/Vitis_workspace_FPGAVerification/Mercury_XU5_PE1/export/Mercury_XU5_PE1/sw/Mercury_XU5_PE1/standalone_psu_cortexa53_0/bspinclude/include -MMD -MP -MF"src/Source/TransformFunctions/arm_rfft_q31.d" -MT"src/Source/TransformFunctions/arm_rfft_q31.o" -o "src/Source/TransformFunctions/arm_rfft_q31.o" "../src/Source/TransformFunctions/arm_rfft_q31.c"
'Finished building: ../src/Source/TransformFunctions/arm_rfft_q31.c'
' '
'Building file: ../src/Source/TransformFunctions/arm_transform_buffer_sizes.c'
'Invoking: ARM v8 gcc compiler'
aarch64-none-elf-gcc -DDISABLEFLOAT16 -Wall -O0 -g3 -ID:/Work/Vitis_workspace_FPGAVerification/Mercury_XU5_PE1/export/Mercury_XU5_PE1/sw/Mercury_XU5_PE1/standalone_psu_cortexa53_0/bspinclude/include -I"D:\Work\Vitis_workspace_FPGAVerification\ServoDrive_CB_FPGAVerification\src\ComputeLibrary" -I"D:\Work\Vitis_workspace_FPGAVerification\ServoDrive_CB_FPGAVerification\src\Include" -I"D:\Work\Vitis_workspace_FPGAVerification\ServoDrive_CB_FPGAVerification\src\PrivateInclude" -I"D:\Work\Vitis_workspace_FPGAVerification\ServoDrive_CB_FPGAVerification\src\Source" -I"D:\Work\Vitis_workspace_FPGAVerification\ServoDrive_CB_FPGAVerification\src\Include\dsp" -I"D:\Work\Vitis_workspace_FPGAVerification\ServoDrive_CB_FPGAVerification\src\ComputeLibrary\Include" -c -fmessage-length=0 -MT"src/Source/TransformFunctions/arm_transform_buffer_sizes.o" -ID:/Work/Vitis_workspace_FPGAVerification/Mercury_XU5_PE1/export/Mercury_XU5_PE1/sw/Mercury_XU5_PE1/standalone_psu_cortexa53_0/bspinclude/include -MMD -MP -MF"src/Source/TransformFunctions/arm_transform_buffer_sizes.d" -MT"src/Source/TransformFunctions/arm_transform_buffer_sizes.o" -o "src/Source/TransformFunctions/arm_transform_buffer_sizes.o" "../src/Source/TransformFunctions/arm_transform_buffer_sizes.c"
'Finished building: ../src/Source/TransformFunctions/arm_transform_buffer_sizes.c'
' '
'Building file: ../src/Source/StatisticsFunctions/StatisticsFunctionsF16.c'
'Invoking: ARM v8 gcc compiler'
aarch64-none-elf-gcc -DDISABLEFLOAT16 -Wall -O0 -g3 -ID:/Work/Vitis_workspace_FPGAVerification/Mercury_XU5_PE1/export/Mercury_XU5_PE1/sw/Mercury_XU5_PE1/standalone_psu_cortexa53_0/bspinclude/include -I"D:\Work\Vitis_workspace_FPGAVerification\ServoDrive_CB_FPGAVerification\src\ComputeLibrary" -I"D:\Work\Vitis_workspace_FPGAVerification\ServoDrive_CB_FPGAVerification\src\Include" -I"D:\Work\Vitis_workspace_FPGAVerification\ServoDrive_CB_FPGAVerification\src\PrivateInclude" -I"D:\Work\Vitis_workspace_FPGAVerification\ServoDrive_CB_FPGAVerification\src\Source" -I"D:\Work\Vitis_workspace_FPGAVerification\ServoDrive_CB_FPGAVerification\src\Include\dsp" -I"D:\Work\Vitis_workspace_FPGAVerification\ServoDrive_CB_FPGAVerification\src\ComputeLibrary\Include" -c -fmessage-length=0 -MT"src/Source/StatisticsFunctions/StatisticsFunctionsF16.o" -ID:/Work/Vitis_workspace_FPGAVerification/Mercury_XU5_PE1/export/Mercury_XU5_PE1/sw/Mercury_XU5_PE1/standalone_psu_cortexa53_0/bspinclude/include -MMD -MP -MF"src/Source/StatisticsFunctions/StatisticsFunctionsF16.d" -MT"src/Source/StatisticsFunctions/StatisticsFunctionsF16.o" -o "src/Source/StatisticsFunctions/StatisticsFunctionsF16.o" "../src/Source/StatisticsFunctions/StatisticsFunctionsF16.c"
'Finished building: ../src/Source/StatisticsFunctions/StatisticsFunctionsF16.c'
' '
'Building file: ../src/Source/StatisticsFunctions/arm_absmax_f16.c'
'Invoking: ARM v8 gcc compiler'
aarch64-none-elf-gcc -DDISABLEFLOAT16 -Wall -O0 -g3 -ID:/Work/Vitis_workspace_FPGAVerification/Mercury_XU5_PE1/export/Mercury_XU5_PE1/sw/Mercury_XU5_PE1/standalone_psu_cortexa53_0/bspinclude/include -I"D:\Work\Vitis_workspace_FPGAVerification\ServoDrive_CB_FPGAVerification\src\ComputeLibrary" -I"D:\Work\Vitis_workspace_FPGAVerification\ServoDrive_CB_FPGAVerification\src\Include" -I"D:\Work\Vitis_workspace_FPGAVerification\ServoDrive_CB_FPGAVerification\src\PrivateInclude" -I"D:\Work\Vitis_workspace_FPGAVerification\ServoDrive_CB_FPGAVerification\src\Source" -I"D:\Work\Vitis_workspace_FPGAVerification\ServoDrive_CB_FPGAVerification\src\Include\dsp" -I"D:\Work\Vitis_workspace_FPGAVerification\ServoDrive_CB_FPGAVerification\src\ComputeLibrary\Include" -c -fmessage-length=0 -MT"src/Source/StatisticsFunctions/arm_absmax_f16.o" -ID:/Work/Vitis_workspace_FPGAVerification/Mercury_XU5_PE1/export/Mercury_XU5_PE1/sw/Mercury_XU5_PE1/standalone_psu_cortexa53_0/bspinclude/include -MMD -MP -MF"src/Source/StatisticsFunctions/arm_absmax_f16.d" -MT"src/Source/StatisticsFunctions/arm_absmax_f16.o" -o "src/Source/StatisticsFunctions/arm_absmax_f16.o" "../src/Source/StatisticsFunctions/arm_absmax_f16.c"
'Finished building: ../src/Source/StatisticsFunctions/arm_absmax_f16.c'
' '
'Building file: ../src/Source/StatisticsFunctions/arm_absmax_f32.c'
'Invoking: ARM v8 gcc compiler'
aarch64-none-elf-gcc -DDISABLEFLOAT16 -Wall -O0 -g3 -ID:/Work/Vitis_workspace_FPGAVerification/Mercury_XU5_PE1/export/Mercury_XU5_PE1/sw/Mercury_XU5_PE1/standalone_psu_cortexa53_0/bspinclude/include -I"D:\Work\Vitis_workspace_FPGAVerification\ServoDrive_CB_FPGAVerification\src\ComputeLibrary" -I"D:\Work\Vitis_workspace_FPGAVerification\ServoDrive_CB_FPGAVerification\src\Include" -I"D:\Work\Vitis_workspace_FPGAVerification\ServoDrive_CB_FPGAVerification\src\PrivateInclude" -I"D:\Work\Vitis_workspace_FPGAVerification\ServoDrive_CB_FPGAVerification\src\Source" -I"D:\Work\Vitis_workspace_FPGAVerification\ServoDrive_CB_FPGAVerification\src\Include\dsp" -I"D:\Work\Vitis_workspace_FPGAVerification\ServoDrive_CB_FPGAVerification\src\ComputeLibrary\Include" -c -fmessage-length=0 -MT"src/Source/StatisticsFunctions/arm_absmax_f32.o" -ID:/Work/Vitis_workspace_FPGAVerification/Mercury_XU5_PE1/export/Mercury_XU5_PE1/sw/Mercury_XU5_PE1/standalone_psu_cortexa53_0/bspinclude/include -MMD -MP -MF"src/Source/StatisticsFunctions/arm_absmax_f32.d" -MT"src/Source/StatisticsFunctions/arm_absmax_f32.o" -o "src/Source/StatisticsFunctions/arm_absmax_f32.o" "../src/Source/StatisticsFunctions/arm_absmax_f32.c"
'Finished building: ../src/Source/StatisticsFunctions/arm_absmax_f32.c'
' '
'Building file: ../src/Source/StatisticsFunctions/arm_absmax_f64.c'
'Invoking: ARM v8 gcc compiler'
aarch64-none-elf-gcc -DDISABLEFLOAT16 -Wall -O0 -g3 -ID:/Work/Vitis_workspace_FPGAVerification/Mercury_XU5_PE1/export/Mercury_XU5_PE1/sw/Mercury_XU5_PE1/standalone_psu_cortexa53_0/bspinclude/include -I"D:\Work\Vitis_workspace_FPGAVerification\ServoDrive_CB_FPGAVerification\src\ComputeLibrary" -I"D:\Work\Vitis_workspace_FPGAVerification\ServoDrive_CB_FPGAVerification\src\Include" -I"D:\Work\Vitis_workspace_FPGAVerification\ServoDrive_CB_FPGAVerification\src\PrivateInclude" -I"D:\Work\Vitis_workspace_FPGAVerification\ServoDrive_CB_FPGAVerification\src\Source" -I"D:\Work\Vitis_workspace_FPGAVerification\ServoDrive_CB_FPGAVerification\src\Include\dsp" -I"D:\Work\Vitis_workspace_FPGAVerification\ServoDrive_CB_FPGAVerification\src\ComputeLibrary\Include" -c -fmessage-length=0 -MT"src/Source/StatisticsFunctions/arm_absmax_f64.o" -ID:/Work/Vitis_workspace_FPGAVerification/Mercury_XU5_PE1/export/Mercury_XU5_PE1/sw/Mercury_XU5_PE1/standalone_psu_cortexa53_0/bspinclude/include -MMD -MP -MF"src/Source/StatisticsFunctions/arm_absmax_f64.d" -MT"src/Source/StatisticsFunctions/arm_absmax_f64.o" -o "src/Source/StatisticsFunctions/arm_absmax_f64.o" "../src/Source/StatisticsFunctions/arm_absmax_f64.c"
'Finished building: ../src/Source/StatisticsFunctions/arm_absmax_f64.c'
' '
'Building file: ../src/Source/StatisticsFunctions/arm_absmax_no_idx_f16.c'
'Invoking: ARM v8 gcc compiler'
aarch64-none-elf-gcc -DDISABLEFLOAT16 -Wall -O0 -g3 -ID:/Work/Vitis_workspace_FPGAVerification/Mercury_XU5_PE1/export/Mercury_XU5_PE1/sw/Mercury_XU5_PE1/standalone_psu_cortexa53_0/bspinclude/include -I"D:\Work\Vitis_workspace_FPGAVerification\ServoDrive_CB_FPGAVerification\src\ComputeLibrary" -I"D:\Work\Vitis_workspace_FPGAVerification\ServoDrive_CB_FPGAVerification\src\Include" -I"D:\Work\Vitis_workspace_FPGAVerification\ServoDrive_CB_FPGAVerification\src\PrivateInclude" -I"D:\Work\Vitis_workspace_FPGAVerification\ServoDrive_CB_FPGAVerification\src\Source" -I"D:\Work\Vitis_workspace_FPGAVerification\ServoDrive_CB_FPGAVerification\src\Include\dsp" -I"D:\Work\Vitis_workspace_FPGAVerification\ServoDrive_CB_FPGAVerification\src\ComputeLibrary\Include" -c -fmessage-length=0 -MT"src/Source/StatisticsFunctions/arm_absmax_no_idx_f16.o" -ID:/Work/Vitis_workspace_FPGAVerification/Mercury_XU5_PE1/export/Mercury_XU5_PE1/sw/Mercury_XU5_PE1/standalone_psu_cortexa53_0/bspinclude/include -MMD -MP -MF"src/Source/StatisticsFunctions/arm_absmax_no_idx_f16.d" -MT"src/Source/StatisticsFunctions/arm_absmax_no_idx_f16.o" -o "src/Source/StatisticsFunctions/arm_absmax_no_idx_f16.o" "../src/Source/StatisticsFunctions/arm_absmax_no_idx_f16.c"
'Finished building: ../src/Source/StatisticsFunctions/arm_absmax_no_idx_f16.c'
' '
'Building file: ../src/Source/StatisticsFunctions/arm_absmax_no_idx_f32.c'
'Invoking: ARM v8 gcc compiler'
aarch64-none-elf-gcc -DDISABLEFLOAT16 -Wall -O0 -g3 -ID:/Work/Vitis_workspace_FPGAVerification/Mercury_XU5_PE1/export/Mercury_XU5_PE1/sw/Mercury_XU5_PE1/standalone_psu_cortexa53_0/bspinclude/include -I"D:\Work\Vitis_workspace_FPGAVerification\ServoDrive_CB_FPGAVerification\src\ComputeLibrary" -I"D:\Work\Vitis_workspace_FPGAVerification\ServoDrive_CB_FPGAVerification\src\Include" -I"D:\Work\Vitis_workspace_FPGAVerification\ServoDrive_CB_FPGAVerification\src\PrivateInclude" -I"D:\Work\Vitis_workspace_FPGAVerification\ServoDrive_CB_FPGAVerification\src\Source" -I"D:\Work\Vitis_workspace_FPGAVerification\ServoDrive_CB_FPGAVerification\src\Include\dsp" -I"D:\Work\Vitis_workspace_FPGAVerification\ServoDrive_CB_FPGAVerification\src\ComputeLibrary\Include" -c -fmessage-length=0 -MT"src/Source/StatisticsFunctions/arm_absmax_no_idx_f32.o" -ID:/Work/Vitis_workspace_FPGAVerification/Mercury_XU5_PE1/export/Mercury_XU5_PE1/sw/Mercury_XU5_PE1/standalone_psu_cortexa53_0/bspinclude/include -MMD -MP -MF"src/Source/StatisticsFunctions/arm_absmax_no_idx_f32.d" -MT"src/Source/StatisticsFunctions/arm_absmax_no_idx_f32.o" -o "src/Source/StatisticsFunctions/arm_absmax_no_idx_f32.o" "../src/Source/StatisticsFunctions/arm_absmax_no_idx_f32.c"
'Finished building: ../src/Source/StatisticsFunctions/arm_absmax_no_idx_f32.c'
' '
'Building file: ../src/Source/StatisticsFunctions/arm_absmax_no_idx_f64.c'
'Invoking: ARM v8 gcc compiler'
aarch64-none-elf-gcc -DDISABLEFLOAT16 -Wall -O0 -g3 -ID:/Work/Vitis_workspace_FPGAVerification/Mercury_XU5_PE1/export/Mercury_XU5_PE1/sw/Mercury_XU5_PE1/standalone_psu_cortexa53_0/bspinclude/include -I"D:\Work\Vitis_workspace_FPGAVerification\ServoDrive_CB_FPGAVerification\src\ComputeLibrary" -I"D:\Work\Vitis_workspace_FPGAVerification\ServoDrive_CB_FPGAVerification\src\Include" -I"D:\Work\Vitis_workspace_FPGAVerification\ServoDrive_CB_FPGAVerification\src\PrivateInclude" -I"D:\Work\Vitis_workspace_FPGAVerification\ServoDrive_CB_FPGAVerification\src\Source" -I"D:\Work\Vitis_workspace_FPGAVerification\ServoDrive_CB_FPGAVerification\src\Include\dsp" -I"D:\Work\Vitis_workspace_FPGAVerification\ServoDrive_CB_FPGAVerification\src\ComputeLibrary\Include" -c -fmessage-length=0 -MT"src/Source/StatisticsFunctions/arm_absmax_no_idx_f64.o" -ID:/Work/Vitis_workspace_FPGAVerification/Mercury_XU5_PE1/export/Mercury_XU5_PE1/sw/Mercury_XU5_PE1/standalone_psu_cortexa53_0/bspinclude/include -MMD -MP -MF"src/Source/StatisticsFunctions/arm_absmax_no_idx_f64.d" -MT"src/Source/StatisticsFunctions/arm_absmax_no_idx_f64.o" -o "src/Source/StatisticsFunctions/arm_absmax_no_idx_f64.o" "../src/Source/StatisticsFunctions/arm_absmax_no_idx_f64.c"
'Finished building: ../src/Source/StatisticsFunctions/arm_absmax_no_idx_f64.c'
' '
'Building file: ../src/Source/StatisticsFunctions/arm_absmax_no_idx_q15.c'
'Invoking: ARM v8 gcc compiler'
aarch64-none-elf-gcc -DDISABLEFLOAT16 -Wall -O0 -g3 -ID:/Work/Vitis_workspace_FPGAVerification/Mercury_XU5_PE1/export/Mercury_XU5_PE1/sw/Mercury_XU5_PE1/standalone_psu_cortexa53_0/bspinclude/include -I"D:\Work\Vitis_workspace_FPGAVerification\ServoDrive_CB_FPGAVerification\src\ComputeLibrary" -I"D:\Work\Vitis_workspace_FPGAVerification\ServoDrive_CB_FPGAVerification\src\Include" -I"D:\Work\Vitis_workspace_FPGAVerification\ServoDrive_CB_FPGAVerification\src\PrivateInclude" -I"D:\Work\Vitis_workspace_FPGAVerification\ServoDrive_CB_FPGAVerification\src\Source" -I"D:\Work\Vitis_workspace_FPGAVerification\ServoDrive_CB_FPGAVerification\src\Include\dsp" -I"D:\Work\Vitis_workspace_FPGAVerification\ServoDrive_CB_FPGAVerification\src\ComputeLibrary\Include" -c -fmessage-length=0 -MT"src/Source/StatisticsFunctions/arm_absmax_no_idx_q15.o" -ID:/Work/Vitis_workspace_FPGAVerification/Mercury_XU5_PE1/export/Mercury_XU5_PE1/sw/Mercury_XU5_PE1/standalone_psu_cortexa53_0/bspinclude/include -MMD -MP -MF"src/Source/StatisticsFunctions/arm_absmax_no_idx_q15.d" -MT"src/Source/StatisticsFunctions/arm_absmax_no_idx_q15.o" -o "src/Source/StatisticsFunctions/arm_absmax_no_idx_q15.o" "../src/Source/StatisticsFunctions/arm_absmax_no_idx_q15.c"
'Finished building: ../src/Source/StatisticsFunctions/arm_absmax_no_idx_q15.c'
' '
'Building file: ../src/Source/StatisticsFunctions/arm_absmax_no_idx_q31.c'
'Invoking: ARM v8 gcc compiler'
aarch64-none-elf-gcc -DDISABLEFLOAT16 -Wall -O0 -g3 -ID:/Work/Vitis_workspace_FPGAVerification/Mercury_XU5_PE1/export/Mercury_XU5_PE1/sw/Mercury_XU5_PE1/standalone_psu_cortexa53_0/bspinclude/include -I"D:\Work\Vitis_workspace_FPGAVerification\ServoDrive_CB_FPGAVerification\src\ComputeLibrary" -I"D:\Work\Vitis_workspace_FPGAVerification\ServoDrive_CB_FPGAVerification\src\Include" -I"D:\Work\Vitis_workspace_FPGAVerification\ServoDrive_CB_FPGAVerification\src\PrivateInclude" -I"D:\Work\Vitis_workspace_FPGAVerification\ServoDrive_CB_FPGAVerification\src\Source" -I"D:\Work\Vitis_workspace_FPGAVerification\ServoDrive_CB_FPGAVerification\src\Include\dsp" -I"D:\Work\Vitis_workspace_FPGAVerification\ServoDrive_CB_FPGAVerification\src\ComputeLibrary\Include" -c -fmessage-length=0 -MT"src/Source/StatisticsFunctions/arm_absmax_no_idx_q31.o" -ID:/Work/Vitis_workspace_FPGAVerification/Mercury_XU5_PE1/export/Mercury_XU5_PE1/sw/Mercury_XU5_PE1/standalone_psu_cortexa53_0/bspinclude/include -MMD -MP -MF"src/Source/StatisticsFunctions/arm_absmax_no_idx_q31.d" -MT"src/Source/StatisticsFunctions/arm_absmax_no_idx_q31.o" -o "src/Source/StatisticsFunctions/arm_absmax_no_idx_q31.o" "../src/Source/StatisticsFunctions/arm_absmax_no_idx_q31.c"
'Finished building: ../src/Source/StatisticsFunctions/arm_absmax_no_idx_q31.c'
' '
'Building file: ../src/Source/StatisticsFunctions/arm_absmax_no_idx_q7.c'
'Invoking: ARM v8 gcc compiler'
aarch64-none-elf-gcc -DDISABLEFLOAT16 -Wall -O0 -g3 -ID:/Work/Vitis_workspace_FPGAVerification/Mercury_XU5_PE1/export/Mercury_XU5_PE1/sw/Mercury_XU5_PE1/standalone_psu_cortexa53_0/bspinclude/include -I"D:\Work\Vitis_workspace_FPGAVerification\ServoDrive_CB_FPGAVerification\src\ComputeLibrary" -I"D:\Work\Vitis_workspace_FPGAVerification\ServoDrive_CB_FPGAVerification\src\Include" -I"D:\Work\Vitis_workspace_FPGAVerification\ServoDrive_CB_FPGAVerification\src\PrivateInclude" -I"D:\Work\Vitis_workspace_FPGAVerification\ServoDrive_CB_FPGAVerification\src\Source" -I"D:\Work\Vitis_workspace_FPGAVerification\ServoDrive_CB_FPGAVerification\src\Include\dsp" -I"D:\Work\Vitis_workspace_FPGAVerification\ServoDrive_CB_FPGAVerification\src\ComputeLibrary\Include" -c -fmessage-length=0 -MT"src/Source/StatisticsFunctions/arm_absmax_no_idx_q7.o" -ID:/Work/Vitis_workspace_FPGAVerification/Mercury_XU5_PE1/export/Mercury_XU5_PE1/sw/Mercury_XU5_PE1/standalone_psu_cortexa53_0/bspinclude/include -MMD -MP -MF"src/Source/StatisticsFunctions/arm_absmax_no_idx_q7.d" -MT"src/Source/StatisticsFunctions/arm_absmax_no_idx_q7.o" -o "src/Source/StatisticsFunctions/arm_absmax_no_idx_q7.o" "../src/Source/StatisticsFunctions/arm_absmax_no_idx_q7.c"
'Finished building: ../src/Source/StatisticsFunctions/arm_absmax_no_idx_q7.c'
' '
'Building file: ../src/Source/StatisticsFunctions/arm_absmax_q15.c'
'Invoking: ARM v8 gcc compiler'
aarch64-none-elf-gcc -DDISABLEFLOAT16 -Wall -O0 -g3 -ID:/Work/Vitis_workspace_FPGAVerification/Mercury_XU5_PE1/export/Mercury_XU5_PE1/sw/Mercury_XU5_PE1/standalone_psu_cortexa53_0/bspinclude/include -I"D:\Work\Vitis_workspace_FPGAVerification\ServoDrive_CB_FPGAVerification\src\ComputeLibrary" -I"D:\Work\Vitis_workspace_FPGAVerification\ServoDrive_CB_FPGAVerification\src\Include" -I"D:\Work\Vitis_workspace_FPGAVerification\ServoDrive_CB_FPGAVerification\src\PrivateInclude" -I"D:\Work\Vitis_workspace_FPGAVerification\ServoDrive_CB_FPGAVerification\src\Source" -I"D:\Work\Vitis_workspace_FPGAVerification\ServoDrive_CB_FPGAVerification\src\Include\dsp" -I"D:\Work\Vitis_workspace_FPGAVerification\ServoDrive_CB_FPGAVerification\src\ComputeLibrary\Include" -c -fmessage-length=0 -MT"src/Source/StatisticsFunctions/arm_absmax_q15.o" -ID:/Work/Vitis_workspace_FPGAVerification/Mercury_XU5_PE1/export/Mercury_XU5_PE1/sw/Mercury_XU5_PE1/standalone_psu_cortexa53_0/bspinclude/include -MMD -MP -MF"src/Source/StatisticsFunctions/arm_absmax_q15.d" -MT"src/Source/StatisticsFunctions/arm_absmax_q15.o" -o "src/Source/StatisticsFunctions/arm_absmax_q15.o" "../src/Source/StatisticsFunctions/arm_absmax_q15.c"
'Finished building: ../src/Source/StatisticsFunctions/arm_absmax_q15.c'
' '
'Building file: ../src/Source/StatisticsFunctions/arm_absmax_q31.c'
'Invoking: ARM v8 gcc compiler'
aarch64-none-elf-gcc -DDISABLEFLOAT16 -Wall -O0 -g3 -ID:/Work/Vitis_workspace_FPGAVerification/Mercury_XU5_PE1/export/Mercury_XU5_PE1/sw/Mercury_XU5_PE1/standalone_psu_cortexa53_0/bspinclude/include -I"D:\Work\Vitis_workspace_FPGAVerification\ServoDrive_CB_FPGAVerification\src\ComputeLibrary" -I"D:\Work\Vitis_workspace_FPGAVerification\ServoDrive_CB_FPGAVerification\src\Include" -I"D:\Work\Vitis_workspace_FPGAVerification\ServoDrive_CB_FPGAVerification\src\PrivateInclude" -I"D:\Work\Vitis_workspace_FPGAVerification\ServoDrive_CB_FPGAVerification\src\Source" -I"D:\Work\Vitis_workspace_FPGAVerification\ServoDrive_CB_FPGAVerification\src\Include\dsp" -I"D:\Work\Vitis_workspace_FPGAVerification\ServoDrive_CB_FPGAVerification\src\ComputeLibrary\Include" -c -fmessage-length=0 -MT"src/Source/StatisticsFunctions/arm_absmax_q31.o" -ID:/Work/Vitis_workspace_FPGAVerification/Mercury_XU5_PE1/export/Mercury_XU5_PE1/sw/Mercury_XU5_PE1/standalone_psu_cortexa53_0/bspinclude/include -MMD -MP -MF"src/Source/StatisticsFunctions/arm_absmax_q31.d" -MT"src/Source/StatisticsFunctions/arm_absmax_q31.o" -o "src/Source/StatisticsFunctions/arm_absmax_q31.o" "../src/Source/StatisticsFunctions/arm_absmax_q31.c"
'Finished building: ../src/Source/StatisticsFunctions/arm_absmax_q31.c'
' '
'Building file: ../src/Source/StatisticsFunctions/arm_absmax_q7.c'
'Invoking: ARM v8 gcc compiler'
aarch64-none-elf-gcc -DDISABLEFLOAT16 -Wall -O0 -g3 -ID:/Work/Vitis_workspace_FPGAVerification/Mercury_XU5_PE1/export/Mercury_XU5_PE1/sw/Mercury_XU5_PE1/standalone_psu_cortexa53_0/bspinclude/include -I"D:\Work\Vitis_workspace_FPGAVerification\ServoDrive_CB_FPGAVerification\src\ComputeLibrary" -I"D:\Work\Vitis_workspace_FPGAVerification\ServoDrive_CB_FPGAVerification\src\Include" -I"D:\Work\Vitis_workspace_FPGAVerification\ServoDrive_CB_FPGAVerification\src\PrivateInclude" -I"D:\Work\Vitis_workspace_FPGAVerification\ServoDrive_CB_FPGAVerification\src\Source" -I"D:\Work\Vitis_workspace_FPGAVerification\ServoDrive_CB_FPGAVerification\src\Include\dsp" -I"D:\Work\Vitis_workspace_FPGAVerification\ServoDrive_CB_FPGAVerification\src\ComputeLibrary\Include" -c -fmessage-length=0 -MT"src/Source/StatisticsFunctions/arm_absmax_q7.o" -ID:/Work/Vitis_workspace_FPGAVerification/Mercury_XU5_PE1/export/Mercury_XU5_PE1/sw/Mercury_XU5_PE1/standalone_psu_cortexa53_0/bspinclude/include -MMD -MP -MF"src/Source/StatisticsFunctions/arm_absmax_q7.d" -MT"src/Source/StatisticsFunctions/arm_absmax_q7.o" -o "src/Source/StatisticsFunctions/arm_absmax_q7.o" "../src/Source/StatisticsFunctions/arm_absmax_q7.c"
'Finished building: ../src/Source/StatisticsFunctions/arm_absmax_q7.c'
' '
'Building file: ../src/Source/StatisticsFunctions/arm_absmin_f16.c'
'Invoking: ARM v8 gcc compiler'
aarch64-none-elf-gcc -DDISABLEFLOAT16 -Wall -O0 -g3 -ID:/Work/Vitis_workspace_FPGAVerification/Mercury_XU5_PE1/export/Mercury_XU5_PE1/sw/Mercury_XU5_PE1/standalone_psu_cortexa53_0/bspinclude/include -I"D:\Work\Vitis_workspace_FPGAVerification\ServoDrive_CB_FPGAVerification\src\ComputeLibrary" -I"D:\Work\Vitis_workspace_FPGAVerification\ServoDrive_CB_FPGAVerification\src\Include" -I"D:\Work\Vitis_workspace_FPGAVerification\ServoDrive_CB_FPGAVerification\src\PrivateInclude" -I"D:\Work\Vitis_workspace_FPGAVerification\ServoDrive_CB_FPGAVerification\src\Source" -I"D:\Work\Vitis_workspace_FPGAVerification\ServoDrive_CB_FPGAVerification\src\Include\dsp" -I"D:\Work\Vitis_workspace_FPGAVerification\ServoDrive_CB_FPGAVerification\src\ComputeLibrary\Include" -c -fmessage-length=0 -MT"src/Source/StatisticsFunctions/arm_absmin_f16.o" -ID:/Work/Vitis_workspace_FPGAVerification/Mercury_XU5_PE1/export/Mercury_XU5_PE1/sw/Mercury_XU5_PE1/standalone_psu_cortexa53_0/bspinclude/include -MMD -MP -MF"src/Source/StatisticsFunctions/arm_absmin_f16.d" -MT"src/Source/StatisticsFunctions/arm_absmin_f16.o" -o "src/Source/StatisticsFunctions/arm_absmin_f16.o" "../src/Source/StatisticsFunctions/arm_absmin_f16.c"
'Finished building: ../src/Source/StatisticsFunctions/arm_absmin_f16.c'
' '
'Building file: ../src/Source/StatisticsFunctions/arm_absmin_f32.c'
'Invoking: ARM v8 gcc compiler'
aarch64-none-elf-gcc -DDISABLEFLOAT16 -Wall -O0 -g3 -ID:/Work/Vitis_workspace_FPGAVerification/Mercury_XU5_PE1/export/Mercury_XU5_PE1/sw/Mercury_XU5_PE1/standalone_psu_cortexa53_0/bspinclude/include -I"D:\Work\Vitis_workspace_FPGAVerification\ServoDrive_CB_FPGAVerification\src\ComputeLibrary" -I"D:\Work\Vitis_workspace_FPGAVerification\ServoDrive_CB_FPGAVerification\src\Include" -I"D:\Work\Vitis_workspace_FPGAVerification\ServoDrive_CB_FPGAVerification\src\PrivateInclude" -I"D:\Work\Vitis_workspace_FPGAVerification\ServoDrive_CB_FPGAVerification\src\Source" -I"D:\Work\Vitis_workspace_FPGAVerification\ServoDrive_CB_FPGAVerification\src\Include\dsp" -I"D:\Work\Vitis_workspace_FPGAVerification\ServoDrive_CB_FPGAVerification\src\ComputeLibrary\Include" -c -fmessage-length=0 -MT"src/Source/StatisticsFunctions/arm_absmin_f32.o" -ID:/Work/Vitis_workspace_FPGAVerification/Mercury_XU5_PE1/export/Mercury_XU5_PE1/sw/Mercury_XU5_PE1/standalone_psu_cortexa53_0/bspinclude/include -MMD -MP -MF"src/Source/StatisticsFunctions/arm_absmin_f32.d" -MT"src/Source/StatisticsFunctions/arm_absmin_f32.o" -o "src/Source/StatisticsFunctions/arm_absmin_f32.o" "../src/Source/StatisticsFunctions/arm_absmin_f32.c"
'Finished building: ../src/Source/StatisticsFunctions/arm_absmin_f32.c'
' '
'Building file: ../src/Source/StatisticsFunctions/arm_absmin_f64.c'
'Invoking: ARM v8 gcc compiler'
aarch64-none-elf-gcc -DDISABLEFLOAT16 -Wall -O0 -g3 -ID:/Work/Vitis_workspace_FPGAVerification/Mercury_XU5_PE1/export/Mercury_XU5_PE1/sw/Mercury_XU5_PE1/standalone_psu_cortexa53_0/bspinclude/include -I"D:\Work\Vitis_workspace_FPGAVerification\ServoDrive_CB_FPGAVerification\src\ComputeLibrary" -I"D:\Work\Vitis_workspace_FPGAVerification\ServoDrive_CB_FPGAVerification\src\Include" -I"D:\Work\Vitis_workspace_FPGAVerification\ServoDrive_CB_FPGAVerification\src\PrivateInclude" -I"D:\Work\Vitis_workspace_FPGAVerification\ServoDrive_CB_FPGAVerification\src\Source" -I"D:\Work\Vitis_workspace_FPGAVerification\ServoDrive_CB_FPGAVerification\src\Include\dsp" -I"D:\Work\Vitis_workspace_FPGAVerification\ServoDrive_CB_FPGAVerification\src\ComputeLibrary\Include" -c -fmessage-length=0 -MT"src/Source/StatisticsFunctions/arm_absmin_f64.o" -ID:/Work/Vitis_workspace_FPGAVerification/Mercury_XU5_PE1/export/Mercury_XU5_PE1/sw/Mercury_XU5_PE1/standalone_psu_cortexa53_0/bspinclude/include -MMD -MP -MF"src/Source/StatisticsFunctions/arm_absmin_f64.d" -MT"src/Source/StatisticsFunctions/arm_absmin_f64.o" -o "src/Source/StatisticsFunctions/arm_absmin_f64.o" "../src/Source/StatisticsFunctions/arm_absmin_f64.c"
'Finished building: ../src/Source/StatisticsFunctions/arm_absmin_f64.c'
' '
'Building file: ../src/Source/StatisticsFunctions/arm_absmin_no_idx_f16.c'
'Invoking: ARM v8 gcc compiler'
aarch64-none-elf-gcc -DDISABLEFLOAT16 -Wall -O0 -g3 -ID:/Work/Vitis_workspace_FPGAVerification/Mercury_XU5_PE1/export/Mercury_XU5_PE1/sw/Mercury_XU5_PE1/standalone_psu_cortexa53_0/bspinclude/include -I"D:\Work\Vitis_workspace_FPGAVerification\ServoDrive_CB_FPGAVerification\src\ComputeLibrary" -I"D:\Work\Vitis_workspace_FPGAVerification\ServoDrive_CB_FPGAVerification\src\Include" -I"D:\Work\Vitis_workspace_FPGAVerification\ServoDrive_CB_FPGAVerification\src\PrivateInclude" -I"D:\Work\Vitis_workspace_FPGAVerification\ServoDrive_CB_FPGAVerification\src\Source" -I"D:\Work\Vitis_workspace_FPGAVerification\ServoDrive_CB_FPGAVerification\src\Include\dsp" -I"D:\Work\Vitis_workspace_FPGAVerification\ServoDrive_CB_FPGAVerification\src\ComputeLibrary\Include" -c -fmessage-length=0 -MT"src/Source/StatisticsFunctions/arm_absmin_no_idx_f16.o" -ID:/Work/Vitis_workspace_FPGAVerification/Mercury_XU5_PE1/export/Mercury_XU5_PE1/sw/Mercury_XU5_PE1/standalone_psu_cortexa53_0/bspinclude/include -MMD -MP -MF"src/Source/StatisticsFunctions/arm_absmin_no_idx_f16.d" -MT"src/Source/StatisticsFunctions/arm_absmin_no_idx_f16.o" -o "src/Source/StatisticsFunctions/arm_absmin_no_idx_f16.o" "../src/Source/StatisticsFunctions/arm_absmin_no_idx_f16.c"
'Finished building: ../src/Source/StatisticsFunctions/arm_absmin_no_idx_f16.c'
' '
'Building file: ../src/Source/StatisticsFunctions/arm_absmin_no_idx_f32.c'
'Invoking: ARM v8 gcc compiler'
aarch64-none-elf-gcc -DDISABLEFLOAT16 -Wall -O0 -g3 -ID:/Work/Vitis_workspace_FPGAVerification/Mercury_XU5_PE1/export/Mercury_XU5_PE1/sw/Mercury_XU5_PE1/standalone_psu_cortexa53_0/bspinclude/include -I"D:\Work\Vitis_workspace_FPGAVerification\ServoDrive_CB_FPGAVerification\src\ComputeLibrary" -I"D:\Work\Vitis_workspace_FPGAVerification\ServoDrive_CB_FPGAVerification\src\Include" -I"D:\Work\Vitis_workspace_FPGAVerification\ServoDrive_CB_FPGAVerification\src\PrivateInclude" -I"D:\Work\Vitis_workspace_FPGAVerification\ServoDrive_CB_FPGAVerification\src\Source" -I"D:\Work\Vitis_workspace_FPGAVerification\ServoDrive_CB_FPGAVerification\src\Include\dsp" -I"D:\Work\Vitis_workspace_FPGAVerification\ServoDrive_CB_FPGAVerification\src\ComputeLibrary\Include" -c -fmessage-length=0 -MT"src/Source/StatisticsFunctions/arm_absmin_no_idx_f32.o" -ID:/Work/Vitis_workspace_FPGAVerification/Mercury_XU5_PE1/export/Mercury_XU5_PE1/sw/Mercury_XU5_PE1/standalone_psu_cortexa53_0/bspinclude/include -MMD -MP -MF"src/Source/StatisticsFunctions/arm_absmin_no_idx_f32.d" -MT"src/Source/StatisticsFunctions/arm_absmin_no_idx_f32.o" -o "src/Source/StatisticsFunctions/arm_absmin_no_idx_f32.o" "../src/Source/StatisticsFunctions/arm_absmin_no_idx_f32.c"
'Finished building: ../src/Source/StatisticsFunctions/arm_absmin_no_idx_f32.c'
' '
'Building file: ../src/Source/StatisticsFunctions/arm_absmin_no_idx_f64.c'
'Invoking: ARM v8 gcc compiler'
aarch64-none-elf-gcc -DDISABLEFLOAT16 -Wall -O0 -g3 -ID:/Work/Vitis_workspace_FPGAVerification/Mercury_XU5_PE1/export/Mercury_XU5_PE1/sw/Mercury_XU5_PE1/standalone_psu_cortexa53_0/bspinclude/include -I"D:\Work\Vitis_workspace_FPGAVerification\ServoDrive_CB_FPGAVerification\src\ComputeLibrary" -I"D:\Work\Vitis_workspace_FPGAVerification\ServoDrive_CB_FPGAVerification\src\Include" -I"D:\Work\Vitis_workspace_FPGAVerification\ServoDrive_CB_FPGAVerification\src\PrivateInclude" -I"D:\Work\Vitis_workspace_FPGAVerification\ServoDrive_CB_FPGAVerification\src\Source" -I"D:\Work\Vitis_workspace_FPGAVerification\ServoDrive_CB_FPGAVerification\src\Include\dsp" -I"D:\Work\Vitis_workspace_FPGAVerification\ServoDrive_CB_FPGAVerification\src\ComputeLibrary\Include" -c -fmessage-length=0 -MT"src/Source/StatisticsFunctions/arm_absmin_no_idx_f64.o" -ID:/Work/Vitis_workspace_FPGAVerification/Mercury_XU5_PE1/export/Mercury_XU5_PE1/sw/Mercury_XU5_PE1/standalone_psu_cortexa53_0/bspinclude/include -MMD -MP -MF"src/Source/StatisticsFunctions/arm_absmin_no_idx_f64.d" -MT"src/Source/StatisticsFunctions/arm_absmin_no_idx_f64.o" -o "src/Source/StatisticsFunctions/arm_absmin_no_idx_f64.o" "../src/Source/StatisticsFunctions/arm_absmin_no_idx_f64.c"
'Finished building: ../src/Source/StatisticsFunctions/arm_absmin_no_idx_f64.c'
' '
'Building file: ../src/Source/StatisticsFunctions/arm_absmin_no_idx_q15.c'
'Invoking: ARM v8 gcc compiler'
aarch64-none-elf-gcc -DDISABLEFLOAT16 -Wall -O0 -g3 -ID:/Work/Vitis_workspace_FPGAVerification/Mercury_XU5_PE1/export/Mercury_XU5_PE1/sw/Mercury_XU5_PE1/standalone_psu_cortexa53_0/bspinclude/include -I"D:\Work\Vitis_workspace_FPGAVerification\ServoDrive_CB_FPGAVerification\src\ComputeLibrary" -I"D:\Work\Vitis_workspace_FPGAVerification\ServoDrive_CB_FPGAVerification\src\Include" -I"D:\Work\Vitis_workspace_FPGAVerification\ServoDrive_CB_FPGAVerification\src\PrivateInclude" -I"D:\Work\Vitis_workspace_FPGAVerification\ServoDrive_CB_FPGAVerification\src\Source" -I"D:\Work\Vitis_workspace_FPGAVerification\ServoDrive_CB_FPGAVerification\src\Include\dsp" -I"D:\Work\Vitis_workspace_FPGAVerification\ServoDrive_CB_FPGAVerification\src\ComputeLibrary\Include" -c -fmessage-length=0 -MT"src/Source/StatisticsFunctions/arm_absmin_no_idx_q15.o" -ID:/Work/Vitis_workspace_FPGAVerification/Mercury_XU5_PE1/export/Mercury_XU5_PE1/sw/Mercury_XU5_PE1/standalone_psu_cortexa53_0/bspinclude/include -MMD -MP -MF"src/Source/StatisticsFunctions/arm_absmin_no_idx_q15.d" -MT"src/Source/StatisticsFunctions/arm_absmin_no_idx_q15.o" -o "src/Source/StatisticsFunctions/arm_absmin_no_idx_q15.o" "../src/Source/StatisticsFunctions/arm_absmin_no_idx_q15.c"
'Finished building: ../src/Source/StatisticsFunctions/arm_absmin_no_idx_q15.c'
' '
'Building file: ../src/Source/StatisticsFunctions/arm_absmin_no_idx_q31.c'
'Invoking: ARM v8 gcc compiler'
aarch64-none-elf-gcc -DDISABLEFLOAT16 -Wall -O0 -g3 -ID:/Work/Vitis_workspace_FPGAVerification/Mercury_XU5_PE1/export/Mercury_XU5_PE1/sw/Mercury_XU5_PE1/standalone_psu_cortexa53_0/bspinclude/include -I"D:\Work\Vitis_workspace_FPGAVerification\ServoDrive_CB_FPGAVerification\src\ComputeLibrary" -I"D:\Work\Vitis_workspace_FPGAVerification\ServoDrive_CB_FPGAVerification\src\Include" -I"D:\Work\Vitis_workspace_FPGAVerification\ServoDrive_CB_FPGAVerification\src\PrivateInclude" -I"D:\Work\Vitis_workspace_FPGAVerification\ServoDrive_CB_FPGAVerification\src\Source" -I"D:\Work\Vitis_workspace_FPGAVerification\ServoDrive_CB_FPGAVerification\src\Include\dsp" -I"D:\Work\Vitis_workspace_FPGAVerification\ServoDrive_CB_FPGAVerification\src\ComputeLibrary\Include" -c -fmessage-length=0 -MT"src/Source/StatisticsFunctions/arm_absmin_no_idx_q31.o" -ID:/Work/Vitis_workspace_FPGAVerification/Mercury_XU5_PE1/export/Mercury_XU5_PE1/sw/Mercury_XU5_PE1/standalone_psu_cortexa53_0/bspinclude/include -MMD -MP -MF"src/Source/StatisticsFunctions/arm_absmin_no_idx_q31.d" -MT"src/Source/StatisticsFunctions/arm_absmin_no_idx_q31.o" -o "src/Source/StatisticsFunctions/arm_absmin_no_idx_q31.o" "../src/Source/StatisticsFunctions/arm_absmin_no_idx_q31.c"
'Finished building: ../src/Source/StatisticsFunctions/arm_absmin_no_idx_q31.c'
' '
'Building file: ../src/Source/StatisticsFunctions/arm_absmin_no_idx_q7.c'
'Invoking: ARM v8 gcc compiler'
aarch64-none-elf-gcc -DDISABLEFLOAT16 -Wall -O0 -g3 -ID:/Work/Vitis_workspace_FPGAVerification/Mercury_XU5_PE1/export/Mercury_XU5_PE1/sw/Mercury_XU5_PE1/standalone_psu_cortexa53_0/bspinclude/include -I"D:\Work\Vitis_workspace_FPGAVerification\ServoDrive_CB_FPGAVerification\src\ComputeLibrary" -I"D:\Work\Vitis_workspace_FPGAVerification\ServoDrive_CB_FPGAVerification\src\Include" -I"D:\Work\Vitis_workspace_FPGAVerification\ServoDrive_CB_FPGAVerification\src\PrivateInclude" -I"D:\Work\Vitis_workspace_FPGAVerification\ServoDrive_CB_FPGAVerification\src\Source" -I"D:\Work\Vitis_workspace_FPGAVerification\ServoDrive_CB_FPGAVerification\src\Include\dsp" -I"D:\Work\Vitis_workspace_FPGAVerification\ServoDrive_CB_FPGAVerification\src\ComputeLibrary\Include" -c -fmessage-length=0 -MT"src/Source/StatisticsFunctions/arm_absmin_no_idx_q7.o" -ID:/Work/Vitis_workspace_FPGAVerification/Mercury_XU5_PE1/export/Mercury_XU5_PE1/sw/Mercury_XU5_PE1/standalone_psu_cortexa53_0/bspinclude/include -MMD -MP -MF"src/Source/StatisticsFunctions/arm_absmin_no_idx_q7.d" -MT"src/Source/StatisticsFunctions/arm_absmin_no_idx_q7.o" -o "src/Source/StatisticsFunctions/arm_absmin_no_idx_q7.o" "../src/Source/StatisticsFunctions/arm_absmin_no_idx_q7.c"
'Finished building: ../src/Source/StatisticsFunctions/arm_absmin_no_idx_q7.c'
' '
'Building file: ../src/Source/StatisticsFunctions/arm_absmin_q15.c'
'Invoking: ARM v8 gcc compiler'
aarch64-none-elf-gcc -DDISABLEFLOAT16 -Wall -O0 -g3 -ID:/Work/Vitis_workspace_FPGAVerification/Mercury_XU5_PE1/export/Mercury_XU5_PE1/sw/Mercury_XU5_PE1/standalone_psu_cortexa53_0/bspinclude/include -I"D:\Work\Vitis_workspace_FPGAVerification\ServoDrive_CB_FPGAVerification\src\ComputeLibrary" -I"D:\Work\Vitis_workspace_FPGAVerification\ServoDrive_CB_FPGAVerification\src\Include" -I"D:\Work\Vitis_workspace_FPGAVerification\ServoDrive_CB_FPGAVerification\src\PrivateInclude" -I"D:\Work\Vitis_workspace_FPGAVerification\ServoDrive_CB_FPGAVerification\src\Source" -I"D:\Work\Vitis_workspace_FPGAVerification\ServoDrive_CB_FPGAVerification\src\Include\dsp" -I"D:\Work\Vitis_workspace_FPGAVerification\ServoDrive_CB_FPGAVerification\src\ComputeLibrary\Include" -c -fmessage-length=0 -MT"src/Source/StatisticsFunctions/arm_absmin_q15.o" -ID:/Work/Vitis_workspace_FPGAVerification/Mercury_XU5_PE1/export/Mercury_XU5_PE1/sw/Mercury_XU5_PE1/standalone_psu_cortexa53_0/bspinclude/include -MMD -MP -MF"src/Source/StatisticsFunctions/arm_absmin_q15.d" -MT"src/Source/StatisticsFunctions/arm_absmin_q15.o" -o "src/Source/StatisticsFunctions/arm_absmin_q15.o" "../src/Source/StatisticsFunctions/arm_absmin_q15.c"
'Finished building: ../src/Source/StatisticsFunctions/arm_absmin_q15.c'
' '
'Building file: ../src/Source/StatisticsFunctions/arm_absmin_q31.c'
'Invoking: ARM v8 gcc compiler'
aarch64-none-elf-gcc -DDISABLEFLOAT16 -Wall -O0 -g3 -ID:/Work/Vitis_workspace_FPGAVerification/Mercury_XU5_PE1/export/Mercury_XU5_PE1/sw/Mercury_XU5_PE1/standalone_psu_cortexa53_0/bspinclude/include -I"D:\Work\Vitis_workspace_FPGAVerification\ServoDrive_CB_FPGAVerification\src\ComputeLibrary" -I"D:\Work\Vitis_workspace_FPGAVerification\ServoDrive_CB_FPGAVerification\src\Include" -I"D:\Work\Vitis_workspace_FPGAVerification\ServoDrive_CB_FPGAVerification\src\PrivateInclude" -I"D:\Work\Vitis_workspace_FPGAVerification\ServoDrive_CB_FPGAVerification\src\Source" -I"D:\Work\Vitis_workspace_FPGAVerification\ServoDrive_CB_FPGAVerification\src\Include\dsp" -I"D:\Work\Vitis_workspace_FPGAVerification\ServoDrive_CB_FPGAVerification\src\ComputeLibrary\Include" -c -fmessage-length=0 -MT"src/Source/StatisticsFunctions/arm_absmin_q31.o" -ID:/Work/Vitis_workspace_FPGAVerification/Mercury_XU5_PE1/export/Mercury_XU5_PE1/sw/Mercury_XU5_PE1/standalone_psu_cortexa53_0/bspinclude/include -MMD -MP -MF"src/Source/StatisticsFunctions/arm_absmin_q31.d" -MT"src/Source/StatisticsFunctions/arm_absmin_q31.o" -o "src/Source/StatisticsFunctions/arm_absmin_q31.o" "../src/Source/StatisticsFunctions/arm_absmin_q31.c"
'Finished building: ../src/Source/StatisticsFunctions/arm_absmin_q31.c'
' '
'Building file: ../src/Source/StatisticsFunctions/arm_absmin_q7.c'
'Invoking: ARM v8 gcc compiler'
aarch64-none-elf-gcc -DDISABLEFLOAT16 -Wall -O0 -g3 -ID:/Work/Vitis_workspace_FPGAVerification/Mercury_XU5_PE1/export/Mercury_XU5_PE1/sw/Mercury_XU5_PE1/standalone_psu_cortexa53_0/bspinclude/include -I"D:\Work\Vitis_workspace_FPGAVerification\ServoDrive_CB_FPGAVerification\src\ComputeLibrary" -I"D:\Work\Vitis_workspace_FPGAVerification\ServoDrive_CB_FPGAVerification\src\Include" -I"D:\Work\Vitis_workspace_FPGAVerification\ServoDrive_CB_FPGAVerification\src\PrivateInclude" -I"D:\Work\Vitis_workspace_FPGAVerification\ServoDrive_CB_FPGAVerification\src\Source" -I"D:\Work\Vitis_workspace_FPGAVerification\ServoDrive_CB_FPGAVerification\src\Include\dsp" -I"D:\Work\Vitis_workspace_FPGAVerification\ServoDrive_CB_FPGAVerification\src\ComputeLibrary\Include" -c -fmessage-length=0 -MT"src/Source/StatisticsFunctions/arm_absmin_q7.o" -ID:/Work/Vitis_workspace_FPGAVerification/Mercury_XU5_PE1/export/Mercury_XU5_PE1/sw/Mercury_XU5_PE1/standalone_psu_cortexa53_0/bspinclude/include -MMD -MP -MF"src/Source/StatisticsFunctions/arm_absmin_q7.d" -MT"src/Source/StatisticsFunctions/arm_absmin_q7.o" -o "src/Source/StatisticsFunctions/arm_absmin_q7.o" "../src/Source/StatisticsFunctions/arm_absmin_q7.c"
'Finished building: ../src/Source/StatisticsFunctions/arm_absmin_q7.c'
' '
'Building file: ../src/Source/StatisticsFunctions/arm_accumulate_f16.c'
'Invoking: ARM v8 gcc compiler'
aarch64-none-elf-gcc -DDISABLEFLOAT16 -Wall -O0 -g3 -ID:/Work/Vitis_workspace_FPGAVerification/Mercury_XU5_PE1/export/Mercury_XU5_PE1/sw/Mercury_XU5_PE1/standalone_psu_cortexa53_0/bspinclude/include -I"D:\Work\Vitis_workspace_FPGAVerification\ServoDrive_CB_FPGAVerification\src\ComputeLibrary" -I"D:\Work\Vitis_workspace_FPGAVerification\ServoDrive_CB_FPGAVerification\src\Include" -I"D:\Work\Vitis_workspace_FPGAVerification\ServoDrive_CB_FPGAVerification\src\PrivateInclude" -I"D:\Work\Vitis_workspace_FPGAVerification\ServoDrive_CB_FPGAVerification\src\Source" -I"D:\Work\Vitis_workspace_FPGAVerification\ServoDrive_CB_FPGAVerification\src\Include\dsp" -I"D:\Work\Vitis_workspace_FPGAVerification\ServoDrive_CB_FPGAVerification\src\ComputeLibrary\Include" -c -fmessage-length=0 -MT"src/Source/StatisticsFunctions/arm_accumulate_f16.o" -ID:/Work/Vitis_workspace_FPGAVerification/Mercury_XU5_PE1/export/Mercury_XU5_PE1/sw/Mercury_XU5_PE1/standalone_psu_cortexa53_0/bspinclude/include -MMD -MP -MF"src/Source/StatisticsFunctions/arm_accumulate_f16.d" -MT"src/Source/StatisticsFunctions/arm_accumulate_f16.o" -o "src/Source/StatisticsFunctions/arm_accumulate_f16.o" "../src/Source/StatisticsFunctions/arm_accumulate_f16.c"
'Finished building: ../src/Source/StatisticsFunctions/arm_accumulate_f16.c'
' '
'Building file: ../src/Source/StatisticsFunctions/arm_accumulate_f32.c'
'Invoking: ARM v8 gcc compiler'
aarch64-none-elf-gcc -DDISABLEFLOAT16 -Wall -O0 -g3 -ID:/Work/Vitis_workspace_FPGAVerification/Mercury_XU5_PE1/export/Mercury_XU5_PE1/sw/Mercury_XU5_PE1/standalone_psu_cortexa53_0/bspinclude/include -I"D:\Work\Vitis_workspace_FPGAVerification\ServoDrive_CB_FPGAVerification\src\ComputeLibrary" -I"D:\Work\Vitis_workspace_FPGAVerification\ServoDrive_CB_FPGAVerification\src\Include" -I"D:\Work\Vitis_workspace_FPGAVerification\ServoDrive_CB_FPGAVerification\src\PrivateInclude" -I"D:\Work\Vitis_workspace_FPGAVerification\ServoDrive_CB_FPGAVerification\src\Source" -I"D:\Work\Vitis_workspace_FPGAVerification\ServoDrive_CB_FPGAVerification\src\Include\dsp" -I"D:\Work\Vitis_workspace_FPGAVerification\ServoDrive_CB_FPGAVerification\src\ComputeLibrary\Include" -c -fmessage-length=0 -MT"src/Source/StatisticsFunctions/arm_accumulate_f32.o" -ID:/Work/Vitis_workspace_FPGAVerification/Mercury_XU5_PE1/export/Mercury_XU5_PE1/sw/Mercury_XU5_PE1/standalone_psu_cortexa53_0/bspinclude/include -MMD -MP -MF"src/Source/StatisticsFunctions/arm_accumulate_f32.d" -MT"src/Source/StatisticsFunctions/arm_accumulate_f32.o" -o "src/Source/StatisticsFunctions/arm_accumulate_f32.o" "../src/Source/StatisticsFunctions/arm_accumulate_f32.c"
'Finished building: ../src/Source/StatisticsFunctions/arm_accumulate_f32.c'
' '
'Building file: ../src/Source/StatisticsFunctions/arm_accumulate_f64.c'
'Invoking: ARM v8 gcc compiler'
aarch64-none-elf-gcc -DDISABLEFLOAT16 -Wall -O0 -g3 -ID:/Work/Vitis_workspace_FPGAVerification/Mercury_XU5_PE1/export/Mercury_XU5_PE1/sw/Mercury_XU5_PE1/standalone_psu_cortexa53_0/bspinclude/include -I"D:\Work\Vitis_workspace_FPGAVerification\ServoDrive_CB_FPGAVerification\src\ComputeLibrary" -I"D:\Work\Vitis_workspace_FPGAVerification\ServoDrive_CB_FPGAVerification\src\Include" -I"D:\Work\Vitis_workspace_FPGAVerification\ServoDrive_CB_FPGAVerification\src\PrivateInclude" -I"D:\Work\Vitis_workspace_FPGAVerification\ServoDrive_CB_FPGAVerification\src\Source" -I"D:\Work\Vitis_workspace_FPGAVerification\ServoDrive_CB_FPGAVerification\src\Include\dsp" -I"D:\Work\Vitis_workspace_FPGAVerification\ServoDrive_CB_FPGAVerification\src\ComputeLibrary\Include" -c -fmessage-length=0 -MT"src/Source/StatisticsFunctions/arm_accumulate_f64.o" -ID:/Work/Vitis_workspace_FPGAVerification/Mercury_XU5_PE1/export/Mercury_XU5_PE1/sw/Mercury_XU5_PE1/standalone_psu_cortexa53_0/bspinclude/include -MMD -MP -MF"src/Source/StatisticsFunctions/arm_accumulate_f64.d" -MT"src/Source/StatisticsFunctions/arm_accumulate_f64.o" -o "src/Source/StatisticsFunctions/arm_accumulate_f64.o" "../src/Source/StatisticsFunctions/arm_accumulate_f64.c"
'Finished building: ../src/Source/StatisticsFunctions/arm_accumulate_f64.c'
' '
'Building file: ../src/Source/StatisticsFunctions/arm_entropy_f16.c'
'Invoking: ARM v8 gcc compiler'
aarch64-none-elf-gcc -DDISABLEFLOAT16 -Wall -O0 -g3 -ID:/Work/Vitis_workspace_FPGAVerification/Mercury_XU5_PE1/export/Mercury_XU5_PE1/sw/Mercury_XU5_PE1/standalone_psu_cortexa53_0/bspinclude/include -I"D:\Work\Vitis_workspace_FPGAVerification\ServoDrive_CB_FPGAVerification\src\ComputeLibrary" -I"D:\Work\Vitis_workspace_FPGAVerification\ServoDrive_CB_FPGAVerification\src\Include" -I"D:\Work\Vitis_workspace_FPGAVerification\ServoDrive_CB_FPGAVerification\src\PrivateInclude" -I"D:\Work\Vitis_workspace_FPGAVerification\ServoDrive_CB_FPGAVerification\src\Source" -I"D:\Work\Vitis_workspace_FPGAVerification\ServoDrive_CB_FPGAVerification\src\Include\dsp" -I"D:\Work\Vitis_workspace_FPGAVerification\ServoDrive_CB_FPGAVerification\src\ComputeLibrary\Include" -c -fmessage-length=0 -MT"src/Source/StatisticsFunctions/arm_entropy_f16.o" -ID:/Work/Vitis_workspace_FPGAVerification/Mercury_XU5_PE1/export/Mercury_XU5_PE1/sw/Mercury_XU5_PE1/standalone_psu_cortexa53_0/bspinclude/include -MMD -MP -MF"src/Source/StatisticsFunctions/arm_entropy_f16.d" -MT"src/Source/StatisticsFunctions/arm_entropy_f16.o" -o "src/Source/StatisticsFunctions/arm_entropy_f16.o" "../src/Source/StatisticsFunctions/arm_entropy_f16.c"
'Finished building: ../src/Source/StatisticsFunctions/arm_entropy_f16.c'
' '
'Building file: ../src/Source/StatisticsFunctions/arm_entropy_f32.c'
'Invoking: ARM v8 gcc compiler'
aarch64-none-elf-gcc -DDISABLEFLOAT16 -Wall -O0 -g3 -ID:/Work/Vitis_workspace_FPGAVerification/Mercury_XU5_PE1/export/Mercury_XU5_PE1/sw/Mercury_XU5_PE1/standalone_psu_cortexa53_0/bspinclude/include -I"D:\Work\Vitis_workspace_FPGAVerification\ServoDrive_CB_FPGAVerification\src\ComputeLibrary" -I"D:\Work\Vitis_workspace_FPGAVerification\ServoDrive_CB_FPGAVerification\src\Include" -I"D:\Work\Vitis_workspace_FPGAVerification\ServoDrive_CB_FPGAVerification\src\PrivateInclude" -I"D:\Work\Vitis_workspace_FPGAVerification\ServoDrive_CB_FPGAVerification\src\Source" -I"D:\Work\Vitis_workspace_FPGAVerification\ServoDrive_CB_FPGAVerification\src\Include\dsp" -I"D:\Work\Vitis_workspace_FPGAVerification\ServoDrive_CB_FPGAVerification\src\ComputeLibrary\Include" -c -fmessage-length=0 -MT"src/Source/StatisticsFunctions/arm_entropy_f32.o" -ID:/Work/Vitis_workspace_FPGAVerification/Mercury_XU5_PE1/export/Mercury_XU5_PE1/sw/Mercury_XU5_PE1/standalone_psu_cortexa53_0/bspinclude/include -MMD -MP -MF"src/Source/StatisticsFunctions/arm_entropy_f32.d" -MT"src/Source/StatisticsFunctions/arm_entropy_f32.o" -o "src/Source/StatisticsFunctions/arm_entropy_f32.o" "../src/Source/StatisticsFunctions/arm_entropy_f32.c"
'Finished building: ../src/Source/StatisticsFunctions/arm_entropy_f32.c'
' '
'Building file: ../src/Source/StatisticsFunctions/arm_entropy_f64.c'
'Invoking: ARM v8 gcc compiler'
aarch64-none-elf-gcc -DDISABLEFLOAT16 -Wall -O0 -g3 -ID:/Work/Vitis_workspace_FPGAVerification/Mercury_XU5_PE1/export/Mercury_XU5_PE1/sw/Mercury_XU5_PE1/standalone_psu_cortexa53_0/bspinclude/include -I"D:\Work\Vitis_workspace_FPGAVerification\ServoDrive_CB_FPGAVerification\src\ComputeLibrary" -I"D:\Work\Vitis_workspace_FPGAVerification\ServoDrive_CB_FPGAVerification\src\Include" -I"D:\Work\Vitis_workspace_FPGAVerification\ServoDrive_CB_FPGAVerification\src\PrivateInclude" -I"D:\Work\Vitis_workspace_FPGAVerification\ServoDrive_CB_FPGAVerification\src\Source" -I"D:\Work\Vitis_workspace_FPGAVerification\ServoDrive_CB_FPGAVerification\src\Include\dsp" -I"D:\Work\Vitis_workspace_FPGAVerification\ServoDrive_CB_FPGAVerification\src\ComputeLibrary\Include" -c -fmessage-length=0 -MT"src/Source/StatisticsFunctions/arm_entropy_f64.o" -ID:/Work/Vitis_workspace_FPGAVerification/Mercury_XU5_PE1/export/Mercury_XU5_PE1/sw/Mercury_XU5_PE1/standalone_psu_cortexa53_0/bspinclude/include -MMD -MP -MF"src/Source/StatisticsFunctions/arm_entropy_f64.d" -MT"src/Source/StatisticsFunctions/arm_entropy_f64.o" -o "src/Source/StatisticsFunctions/arm_entropy_f64.o" "../src/Source/StatisticsFunctions/arm_entropy_f64.c"
'Finished building: ../src/Source/StatisticsFunctions/arm_entropy_f64.c'
' '
'Building file: ../src/Source/StatisticsFunctions/arm_kullback_leibler_f16.c'
'Invoking: ARM v8 gcc compiler'
aarch64-none-elf-gcc -DDISABLEFLOAT16 -Wall -O0 -g3 -ID:/Work/Vitis_workspace_FPGAVerification/Mercury_XU5_PE1/export/Mercury_XU5_PE1/sw/Mercury_XU5_PE1/standalone_psu_cortexa53_0/bspinclude/include -I"D:\Work\Vitis_workspace_FPGAVerification\ServoDrive_CB_FPGAVerification\src\ComputeLibrary" -I"D:\Work\Vitis_workspace_FPGAVerification\ServoDrive_CB_FPGAVerification\src\Include" -I"D:\Work\Vitis_workspace_FPGAVerification\ServoDrive_CB_FPGAVerification\src\PrivateInclude" -I"D:\Work\Vitis_workspace_FPGAVerification\ServoDrive_CB_FPGAVerification\src\Source" -I"D:\Work\Vitis_workspace_FPGAVerification\ServoDrive_CB_FPGAVerification\src\Include\dsp" -I"D:\Work\Vitis_workspace_FPGAVerification\ServoDrive_CB_FPGAVerification\src\ComputeLibrary\Include" -c -fmessage-length=0 -MT"src/Source/StatisticsFunctions/arm_kullback_leibler_f16.o" -ID:/Work/Vitis_workspace_FPGAVerification/Mercury_XU5_PE1/export/Mercury_XU5_PE1/sw/Mercury_XU5_PE1/standalone_psu_cortexa53_0/bspinclude/include -MMD -MP -MF"src/Source/StatisticsFunctions/arm_kullback_leibler_f16.d" -MT"src/Source/StatisticsFunctions/arm_kullback_leibler_f16.o" -o "src/Source/StatisticsFunctions/arm_kullback_leibler_f16.o" "../src/Source/StatisticsFunctions/arm_kullback_leibler_f16.c"
'Finished building: ../src/Source/StatisticsFunctions/arm_kullback_leibler_f16.c'
' '
'Building file: ../src/Source/StatisticsFunctions/arm_kullback_leibler_f32.c'
'Invoking: ARM v8 gcc compiler'
aarch64-none-elf-gcc -DDISABLEFLOAT16 -Wall -O0 -g3 -ID:/Work/Vitis_workspace_FPGAVerification/Mercury_XU5_PE1/export/Mercury_XU5_PE1/sw/Mercury_XU5_PE1/standalone_psu_cortexa53_0/bspinclude/include -I"D:\Work\Vitis_workspace_FPGAVerification\ServoDrive_CB_FPGAVerification\src\ComputeLibrary" -I"D:\Work\Vitis_workspace_FPGAVerification\ServoDrive_CB_FPGAVerification\src\Include" -I"D:\Work\Vitis_workspace_FPGAVerification\ServoDrive_CB_FPGAVerification\src\PrivateInclude" -I"D:\Work\Vitis_workspace_FPGAVerification\ServoDrive_CB_FPGAVerification\src\Source" -I"D:\Work\Vitis_workspace_FPGAVerification\ServoDrive_CB_FPGAVerification\src\Include\dsp" -I"D:\Work\Vitis_workspace_FPGAVerification\ServoDrive_CB_FPGAVerification\src\ComputeLibrary\Include" -c -fmessage-length=0 -MT"src/Source/StatisticsFunctions/arm_kullback_leibler_f32.o" -ID:/Work/Vitis_workspace_FPGAVerification/Mercury_XU5_PE1/export/Mercury_XU5_PE1/sw/Mercury_XU5_PE1/standalone_psu_cortexa53_0/bspinclude/include -MMD -MP -MF"src/Source/StatisticsFunctions/arm_kullback_leibler_f32.d" -MT"src/Source/StatisticsFunctions/arm_kullback_leibler_f32.o" -o "src/Source/StatisticsFunctions/arm_kullback_leibler_f32.o" "../src/Source/StatisticsFunctions/arm_kullback_leibler_f32.c"
'Finished building: ../src/Source/StatisticsFunctions/arm_kullback_leibler_f32.c'
' '
'Building file: ../src/Source/StatisticsFunctions/arm_kullback_leibler_f64.c'
'Invoking: ARM v8 gcc compiler'
aarch64-none-elf-gcc -DDISABLEFLOAT16 -Wall -O0 -g3 -ID:/Work/Vitis_workspace_FPGAVerification/Mercury_XU5_PE1/export/Mercury_XU5_PE1/sw/Mercury_XU5_PE1/standalone_psu_cortexa53_0/bspinclude/include -I"D:\Work\Vitis_workspace_FPGAVerification\ServoDrive_CB_FPGAVerification\src\ComputeLibrary" -I"D:\Work\Vitis_workspace_FPGAVerification\ServoDrive_CB_FPGAVerification\src\Include" -I"D:\Work\Vitis_workspace_FPGAVerification\ServoDrive_CB_FPGAVerification\src\PrivateInclude" -I"D:\Work\Vitis_workspace_FPGAVerification\ServoDrive_CB_FPGAVerification\src\Source" -I"D:\Work\Vitis_workspace_FPGAVerification\ServoDrive_CB_FPGAVerification\src\Include\dsp" -I"D:\Work\Vitis_workspace_FPGAVerification\ServoDrive_CB_FPGAVerification\src\ComputeLibrary\Include" -c -fmessage-length=0 -MT"src/Source/StatisticsFunctions/arm_kullback_leibler_f64.o" -ID:/Work/Vitis_workspace_FPGAVerification/Mercury_XU5_PE1/export/Mercury_XU5_PE1/sw/Mercury_XU5_PE1/standalone_psu_cortexa53_0/bspinclude/include -MMD -MP -MF"src/Source/StatisticsFunctions/arm_kullback_leibler_f64.d" -MT"src/Source/StatisticsFunctions/arm_kullback_leibler_f64.o" -o "src/Source/StatisticsFunctions/arm_kullback_leibler_f64.o" "../src/Source/StatisticsFunctions/arm_kullback_leibler_f64.c"
'Finished building: ../src/Source/StatisticsFunctions/arm_kullback_leibler_f64.c'
' '
'Building file: ../src/Source/StatisticsFunctions/arm_logsumexp_dot_prod_f16.c'
'Invoking: ARM v8 gcc compiler'
aarch64-none-elf-gcc -DDISABLEFLOAT16 -Wall -O0 -g3 -ID:/Work/Vitis_workspace_FPGAVerification/Mercury_XU5_PE1/export/Mercury_XU5_PE1/sw/Mercury_XU5_PE1/standalone_psu_cortexa53_0/bspinclude/include -I"D:\Work\Vitis_workspace_FPGAVerification\ServoDrive_CB_FPGAVerification\src\ComputeLibrary" -I"D:\Work\Vitis_workspace_FPGAVerification\ServoDrive_CB_FPGAVerification\src\Include" -I"D:\Work\Vitis_workspace_FPGAVerification\ServoDrive_CB_FPGAVerification\src\PrivateInclude" -I"D:\Work\Vitis_workspace_FPGAVerification\ServoDrive_CB_FPGAVerification\src\Source" -I"D:\Work\Vitis_workspace_FPGAVerification\ServoDrive_CB_FPGAVerification\src\Include\dsp" -I"D:\Work\Vitis_workspace_FPGAVerification\ServoDrive_CB_FPGAVerification\src\ComputeLibrary\Include" -c -fmessage-length=0 -MT"src/Source/StatisticsFunctions/arm_logsumexp_dot_prod_f16.o" -ID:/Work/Vitis_workspace_FPGAVerification/Mercury_XU5_PE1/export/Mercury_XU5_PE1/sw/Mercury_XU5_PE1/standalone_psu_cortexa53_0/bspinclude/include -MMD -MP -MF"src/Source/StatisticsFunctions/arm_logsumexp_dot_prod_f16.d" -MT"src/Source/StatisticsFunctions/arm_logsumexp_dot_prod_f16.o" -o "src/Source/StatisticsFunctions/arm_logsumexp_dot_prod_f16.o" "../src/Source/StatisticsFunctions/arm_logsumexp_dot_prod_f16.c"
'Finished building: ../src/Source/StatisticsFunctions/arm_logsumexp_dot_prod_f16.c'
' '
'Building file: ../src/Source/StatisticsFunctions/arm_logsumexp_dot_prod_f32.c'
'Invoking: ARM v8 gcc compiler'
aarch64-none-elf-gcc -DDISABLEFLOAT16 -Wall -O0 -g3 -ID:/Work/Vitis_workspace_FPGAVerification/Mercury_XU5_PE1/export/Mercury_XU5_PE1/sw/Mercury_XU5_PE1/standalone_psu_cortexa53_0/bspinclude/include -I"D:\Work\Vitis_workspace_FPGAVerification\ServoDrive_CB_FPGAVerification\src\ComputeLibrary" -I"D:\Work\Vitis_workspace_FPGAVerification\ServoDrive_CB_FPGAVerification\src\Include" -I"D:\Work\Vitis_workspace_FPGAVerification\ServoDrive_CB_FPGAVerification\src\PrivateInclude" -I"D:\Work\Vitis_workspace_FPGAVerification\ServoDrive_CB_FPGAVerification\src\Source" -I"D:\Work\Vitis_workspace_FPGAVerification\ServoDrive_CB_FPGAVerification\src\Include\dsp" -I"D:\Work\Vitis_workspace_FPGAVerification\ServoDrive_CB_FPGAVerification\src\ComputeLibrary\Include" -c -fmessage-length=0 -MT"src/Source/StatisticsFunctions/arm_logsumexp_dot_prod_f32.o" -ID:/Work/Vitis_workspace_FPGAVerification/Mercury_XU5_PE1/export/Mercury_XU5_PE1/sw/Mercury_XU5_PE1/standalone_psu_cortexa53_0/bspinclude/include -MMD -MP -MF"src/Source/StatisticsFunctions/arm_logsumexp_dot_prod_f32.d" -MT"src/Source/StatisticsFunctions/arm_logsumexp_dot_prod_f32.o" -o "src/Source/StatisticsFunctions/arm_logsumexp_dot_prod_f32.o" "../src/Source/StatisticsFunctions/arm_logsumexp_dot_prod_f32.c"
'Finished building: ../src/Source/StatisticsFunctions/arm_logsumexp_dot_prod_f32.c'
' '
'Building file: ../src/Source/StatisticsFunctions/arm_logsumexp_f16.c'
'Invoking: ARM v8 gcc compiler'
aarch64-none-elf-gcc -DDISABLEFLOAT16 -Wall -O0 -g3 -ID:/Work/Vitis_workspace_FPGAVerification/Mercury_XU5_PE1/export/Mercury_XU5_PE1/sw/Mercury_XU5_PE1/standalone_psu_cortexa53_0/bspinclude/include -I"D:\Work\Vitis_workspace_FPGAVerification\ServoDrive_CB_FPGAVerification\src\ComputeLibrary" -I"D:\Work\Vitis_workspace_FPGAVerification\ServoDrive_CB_FPGAVerification\src\Include" -I"D:\Work\Vitis_workspace_FPGAVerification\ServoDrive_CB_FPGAVerification\src\PrivateInclude" -I"D:\Work\Vitis_workspace_FPGAVerification\ServoDrive_CB_FPGAVerification\src\Source" -I"D:\Work\Vitis_workspace_FPGAVerification\ServoDrive_CB_FPGAVerification\src\Include\dsp" -I"D:\Work\Vitis_workspace_FPGAVerification\ServoDrive_CB_FPGAVerification\src\ComputeLibrary\Include" -c -fmessage-length=0 -MT"src/Source/StatisticsFunctions/arm_logsumexp_f16.o" -ID:/Work/Vitis_workspace_FPGAVerification/Mercury_XU5_PE1/export/Mercury_XU5_PE1/sw/Mercury_XU5_PE1/standalone_psu_cortexa53_0/bspinclude/include -MMD -MP -MF"src/Source/StatisticsFunctions/arm_logsumexp_f16.d" -MT"src/Source/StatisticsFunctions/arm_logsumexp_f16.o" -o "src/Source/StatisticsFunctions/arm_logsumexp_f16.o" "../src/Source/StatisticsFunctions/arm_logsumexp_f16.c"
'Finished building: ../src/Source/StatisticsFunctions/arm_logsumexp_f16.c'
' '
'Building file: ../src/Source/StatisticsFunctions/arm_logsumexp_f32.c'
'Invoking: ARM v8 gcc compiler'
aarch64-none-elf-gcc -DDISABLEFLOAT16 -Wall -O0 -g3 -ID:/Work/Vitis_workspace_FPGAVerification/Mercury_XU5_PE1/export/Mercury_XU5_PE1/sw/Mercury_XU5_PE1/standalone_psu_cortexa53_0/bspinclude/include -I"D:\Work\Vitis_workspace_FPGAVerification\ServoDrive_CB_FPGAVerification\src\ComputeLibrary" -I"D:\Work\Vitis_workspace_FPGAVerification\ServoDrive_CB_FPGAVerification\src\Include" -I"D:\Work\Vitis_workspace_FPGAVerification\ServoDrive_CB_FPGAVerification\src\PrivateInclude" -I"D:\Work\Vitis_workspace_FPGAVerification\ServoDrive_CB_FPGAVerification\src\Source" -I"D:\Work\Vitis_workspace_FPGAVerification\ServoDrive_CB_FPGAVerification\src\Include\dsp" -I"D:\Work\Vitis_workspace_FPGAVerification\ServoDrive_CB_FPGAVerification\src\ComputeLibrary\Include" -c -fmessage-length=0 -MT"src/Source/StatisticsFunctions/arm_logsumexp_f32.o" -ID:/Work/Vitis_workspace_FPGAVerification/Mercury_XU5_PE1/export/Mercury_XU5_PE1/sw/Mercury_XU5_PE1/standalone_psu_cortexa53_0/bspinclude/include -MMD -MP -MF"src/Source/StatisticsFunctions/arm_logsumexp_f32.d" -MT"src/Source/StatisticsFunctions/arm_logsumexp_f32.o" -o "src/Source/StatisticsFunctions/arm_logsumexp_f32.o" "../src/Source/StatisticsFunctions/arm_logsumexp_f32.c"
'Finished building: ../src/Source/StatisticsFunctions/arm_logsumexp_f32.c'
' '
'Building file: ../src/Source/StatisticsFunctions/arm_max_f16.c'
'Invoking: ARM v8 gcc compiler'
aarch64-none-elf-gcc -DDISABLEFLOAT16 -Wall -O0 -g3 -ID:/Work/Vitis_workspace_FPGAVerification/Mercury_XU5_PE1/export/Mercury_XU5_PE1/sw/Mercury_XU5_PE1/standalone_psu_cortexa53_0/bspinclude/include -I"D:\Work\Vitis_workspace_FPGAVerification\ServoDrive_CB_FPGAVerification\src\ComputeLibrary" -I"D:\Work\Vitis_workspace_FPGAVerification\ServoDrive_CB_FPGAVerification\src\Include" -I"D:\Work\Vitis_workspace_FPGAVerification\ServoDrive_CB_FPGAVerification\src\PrivateInclude" -I"D:\Work\Vitis_workspace_FPGAVerification\ServoDrive_CB_FPGAVerification\src\Source" -I"D:\Work\Vitis_workspace_FPGAVerification\ServoDrive_CB_FPGAVerification\src\Include\dsp" -I"D:\Work\Vitis_workspace_FPGAVerification\ServoDrive_CB_FPGAVerification\src\ComputeLibrary\Include" -c -fmessage-length=0 -MT"src/Source/StatisticsFunctions/arm_max_f16.o" -ID:/Work/Vitis_workspace_FPGAVerification/Mercury_XU5_PE1/export/Mercury_XU5_PE1/sw/Mercury_XU5_PE1/standalone_psu_cortexa53_0/bspinclude/include -MMD -MP -MF"src/Source/StatisticsFunctions/arm_max_f16.d" -MT"src/Source/StatisticsFunctions/arm_max_f16.o" -o "src/Source/StatisticsFunctions/arm_max_f16.o" "../src/Source/StatisticsFunctions/arm_max_f16.c"
'Finished building: ../src/Source/StatisticsFunctions/arm_max_f16.c'
' '
'Building file: ../src/Source/StatisticsFunctions/arm_max_f32.c'
'Invoking: ARM v8 gcc compiler'
aarch64-none-elf-gcc -DDISABLEFLOAT16 -Wall -O0 -g3 -ID:/Work/Vitis_workspace_FPGAVerification/Mercury_XU5_PE1/export/Mercury_XU5_PE1/sw/Mercury_XU5_PE1/standalone_psu_cortexa53_0/bspinclude/include -I"D:\Work\Vitis_workspace_FPGAVerification\ServoDrive_CB_FPGAVerification\src\ComputeLibrary" -I"D:\Work\Vitis_workspace_FPGAVerification\ServoDrive_CB_FPGAVerification\src\Include" -I"D:\Work\Vitis_workspace_FPGAVerification\ServoDrive_CB_FPGAVerification\src\PrivateInclude" -I"D:\Work\Vitis_workspace_FPGAVerification\ServoDrive_CB_FPGAVerification\src\Source" -I"D:\Work\Vitis_workspace_FPGAVerification\ServoDrive_CB_FPGAVerification\src\Include\dsp" -I"D:\Work\Vitis_workspace_FPGAVerification\ServoDrive_CB_FPGAVerification\src\ComputeLibrary\Include" -c -fmessage-length=0 -MT"src/Source/StatisticsFunctions/arm_max_f32.o" -ID:/Work/Vitis_workspace_FPGAVerification/Mercury_XU5_PE1/export/Mercury_XU5_PE1/sw/Mercury_XU5_PE1/standalone_psu_cortexa53_0/bspinclude/include -MMD -MP -MF"src/Source/StatisticsFunctions/arm_max_f32.d" -MT"src/Source/StatisticsFunctions/arm_max_f32.o" -o "src/Source/StatisticsFunctions/arm_max_f32.o" "../src/Source/StatisticsFunctions/arm_max_f32.c"
'Finished building: ../src/Source/StatisticsFunctions/arm_max_f32.c'
' '
'Building file: ../src/Source/StatisticsFunctions/arm_max_f64.c'
'Invoking: ARM v8 gcc compiler'
aarch64-none-elf-gcc -DDISABLEFLOAT16 -Wall -O0 -g3 -ID:/Work/Vitis_workspace_FPGAVerification/Mercury_XU5_PE1/export/Mercury_XU5_PE1/sw/Mercury_XU5_PE1/standalone_psu_cortexa53_0/bspinclude/include -I"D:\Work\Vitis_workspace_FPGAVerification\ServoDrive_CB_FPGAVerification\src\ComputeLibrary" -I"D:\Work\Vitis_workspace_FPGAVerification\ServoDrive_CB_FPGAVerification\src\Include" -I"D:\Work\Vitis_workspace_FPGAVerification\ServoDrive_CB_FPGAVerification\src\PrivateInclude" -I"D:\Work\Vitis_workspace_FPGAVerification\ServoDrive_CB_FPGAVerification\src\Source" -I"D:\Work\Vitis_workspace_FPGAVerification\ServoDrive_CB_FPGAVerification\src\Include\dsp" -I"D:\Work\Vitis_workspace_FPGAVerification\ServoDrive_CB_FPGAVerification\src\ComputeLibrary\Include" -c -fmessage-length=0 -MT"src/Source/StatisticsFunctions/arm_max_f64.o" -ID:/Work/Vitis_workspace_FPGAVerification/Mercury_XU5_PE1/export/Mercury_XU5_PE1/sw/Mercury_XU5_PE1/standalone_psu_cortexa53_0/bspinclude/include -MMD -MP -MF"src/Source/StatisticsFunctions/arm_max_f64.d" -MT"src/Source/StatisticsFunctions/arm_max_f64.o" -o "src/Source/StatisticsFunctions/arm_max_f64.o" "../src/Source/StatisticsFunctions/arm_max_f64.c"
'Finished building: ../src/Source/StatisticsFunctions/arm_max_f64.c'
' '
'Building file: ../src/Source/StatisticsFunctions/arm_max_no_idx_f16.c'
'Invoking: ARM v8 gcc compiler'
aarch64-none-elf-gcc -DDISABLEFLOAT16 -Wall -O0 -g3 -ID:/Work/Vitis_workspace_FPGAVerification/Mercury_XU5_PE1/export/Mercury_XU5_PE1/sw/Mercury_XU5_PE1/standalone_psu_cortexa53_0/bspinclude/include -I"D:\Work\Vitis_workspace_FPGAVerification\ServoDrive_CB_FPGAVerification\src\ComputeLibrary" -I"D:\Work\Vitis_workspace_FPGAVerification\ServoDrive_CB_FPGAVerification\src\Include" -I"D:\Work\Vitis_workspace_FPGAVerification\ServoDrive_CB_FPGAVerification\src\PrivateInclude" -I"D:\Work\Vitis_workspace_FPGAVerification\ServoDrive_CB_FPGAVerification\src\Source" -I"D:\Work\Vitis_workspace_FPGAVerification\ServoDrive_CB_FPGAVerification\src\Include\dsp" -I"D:\Work\Vitis_workspace_FPGAVerification\ServoDrive_CB_FPGAVerification\src\ComputeLibrary\Include" -c -fmessage-length=0 -MT"src/Source/StatisticsFunctions/arm_max_no_idx_f16.o" -ID:/Work/Vitis_workspace_FPGAVerification/Mercury_XU5_PE1/export/Mercury_XU5_PE1/sw/Mercury_XU5_PE1/standalone_psu_cortexa53_0/bspinclude/include -MMD -MP -MF"src/Source/StatisticsFunctions/arm_max_no_idx_f16.d" -MT"src/Source/StatisticsFunctions/arm_max_no_idx_f16.o" -o "src/Source/StatisticsFunctions/arm_max_no_idx_f16.o" "../src/Source/StatisticsFunctions/arm_max_no_idx_f16.c"
'Finished building: ../src/Source/StatisticsFunctions/arm_max_no_idx_f16.c'
' '
'Building file: ../src/Source/StatisticsFunctions/arm_max_no_idx_f32.c'
'Invoking: ARM v8 gcc compiler'
aarch64-none-elf-gcc -DDISABLEFLOAT16 -Wall -O0 -g3 -ID:/Work/Vitis_workspace_FPGAVerification/Mercury_XU5_PE1/export/Mercury_XU5_PE1/sw/Mercury_XU5_PE1/standalone_psu_cortexa53_0/bspinclude/include -I"D:\Work\Vitis_workspace_FPGAVerification\ServoDrive_CB_FPGAVerification\src\ComputeLibrary" -I"D:\Work\Vitis_workspace_FPGAVerification\ServoDrive_CB_FPGAVerification\src\Include" -I"D:\Work\Vitis_workspace_FPGAVerification\ServoDrive_CB_FPGAVerification\src\PrivateInclude" -I"D:\Work\Vitis_workspace_FPGAVerification\ServoDrive_CB_FPGAVerification\src\Source" -I"D:\Work\Vitis_workspace_FPGAVerification\ServoDrive_CB_FPGAVerification\src\Include\dsp" -I"D:\Work\Vitis_workspace_FPGAVerification\ServoDrive_CB_FPGAVerification\src\ComputeLibrary\Include" -c -fmessage-length=0 -MT"src/Source/StatisticsFunctions/arm_max_no_idx_f32.o" -ID:/Work/Vitis_workspace_FPGAVerification/Mercury_XU5_PE1/export/Mercury_XU5_PE1/sw/Mercury_XU5_PE1/standalone_psu_cortexa53_0/bspinclude/include -MMD -MP -MF"src/Source/StatisticsFunctions/arm_max_no_idx_f32.d" -MT"src/Source/StatisticsFunctions/arm_max_no_idx_f32.o" -o "src/Source/StatisticsFunctions/arm_max_no_idx_f32.o" "../src/Source/StatisticsFunctions/arm_max_no_idx_f32.c"
'Finished building: ../src/Source/StatisticsFunctions/arm_max_no_idx_f32.c'
' '
'Building file: ../src/Source/StatisticsFunctions/arm_max_no_idx_f64.c'
'Invoking: ARM v8 gcc compiler'
aarch64-none-elf-gcc -DDISABLEFLOAT16 -Wall -O0 -g3 -ID:/Work/Vitis_workspace_FPGAVerification/Mercury_XU5_PE1/export/Mercury_XU5_PE1/sw/Mercury_XU5_PE1/standalone_psu_cortexa53_0/bspinclude/include -I"D:\Work\Vitis_workspace_FPGAVerification\ServoDrive_CB_FPGAVerification\src\ComputeLibrary" -I"D:\Work\Vitis_workspace_FPGAVerification\ServoDrive_CB_FPGAVerification\src\Include" -I"D:\Work\Vitis_workspace_FPGAVerification\ServoDrive_CB_FPGAVerification\src\PrivateInclude" -I"D:\Work\Vitis_workspace_FPGAVerification\ServoDrive_CB_FPGAVerification\src\Source" -I"D:\Work\Vitis_workspace_FPGAVerification\ServoDrive_CB_FPGAVerification\src\Include\dsp" -I"D:\Work\Vitis_workspace_FPGAVerification\ServoDrive_CB_FPGAVerification\src\ComputeLibrary\Include" -c -fmessage-length=0 -MT"src/Source/StatisticsFunctions/arm_max_no_idx_f64.o" -ID:/Work/Vitis_workspace_FPGAVerification/Mercury_XU5_PE1/export/Mercury_XU5_PE1/sw/Mercury_XU5_PE1/standalone_psu_cortexa53_0/bspinclude/include -MMD -MP -MF"src/Source/StatisticsFunctions/arm_max_no_idx_f64.d" -MT"src/Source/StatisticsFunctions/arm_max_no_idx_f64.o" -o "src/Source/StatisticsFunctions/arm_max_no_idx_f64.o" "../src/Source/StatisticsFunctions/arm_max_no_idx_f64.c"
'Finished building: ../src/Source/StatisticsFunctions/arm_max_no_idx_f64.c'
' '
'Building file: ../src/Source/StatisticsFunctions/arm_max_no_idx_q15.c'
'Invoking: ARM v8 gcc compiler'
aarch64-none-elf-gcc -DDISABLEFLOAT16 -Wall -O0 -g3 -ID:/Work/Vitis_workspace_FPGAVerification/Mercury_XU5_PE1/export/Mercury_XU5_PE1/sw/Mercury_XU5_PE1/standalone_psu_cortexa53_0/bspinclude/include -I"D:\Work\Vitis_workspace_FPGAVerification\ServoDrive_CB_FPGAVerification\src\ComputeLibrary" -I"D:\Work\Vitis_workspace_FPGAVerification\ServoDrive_CB_FPGAVerification\src\Include" -I"D:\Work\Vitis_workspace_FPGAVerification\ServoDrive_CB_FPGAVerification\src\PrivateInclude" -I"D:\Work\Vitis_workspace_FPGAVerification\ServoDrive_CB_FPGAVerification\src\Source" -I"D:\Work\Vitis_workspace_FPGAVerification\ServoDrive_CB_FPGAVerification\src\Include\dsp" -I"D:\Work\Vitis_workspace_FPGAVerification\ServoDrive_CB_FPGAVerification\src\ComputeLibrary\Include" -c -fmessage-length=0 -MT"src/Source/StatisticsFunctions/arm_max_no_idx_q15.o" -ID:/Work/Vitis_workspace_FPGAVerification/Mercury_XU5_PE1/export/Mercury_XU5_PE1/sw/Mercury_XU5_PE1/standalone_psu_cortexa53_0/bspinclude/include -MMD -MP -MF"src/Source/StatisticsFunctions/arm_max_no_idx_q15.d" -MT"src/Source/StatisticsFunctions/arm_max_no_idx_q15.o" -o "src/Source/StatisticsFunctions/arm_max_no_idx_q15.o" "../src/Source/StatisticsFunctions/arm_max_no_idx_q15.c"
'Finished building: ../src/Source/StatisticsFunctions/arm_max_no_idx_q15.c'
' '
'Building file: ../src/Source/StatisticsFunctions/arm_max_no_idx_q31.c'
'Invoking: ARM v8 gcc compiler'
aarch64-none-elf-gcc -DDISABLEFLOAT16 -Wall -O0 -g3 -ID:/Work/Vitis_workspace_FPGAVerification/Mercury_XU5_PE1/export/Mercury_XU5_PE1/sw/Mercury_XU5_PE1/standalone_psu_cortexa53_0/bspinclude/include -I"D:\Work\Vitis_workspace_FPGAVerification\ServoDrive_CB_FPGAVerification\src\ComputeLibrary" -I"D:\Work\Vitis_workspace_FPGAVerification\ServoDrive_CB_FPGAVerification\src\Include" -I"D:\Work\Vitis_workspace_FPGAVerification\ServoDrive_CB_FPGAVerification\src\PrivateInclude" -I"D:\Work\Vitis_workspace_FPGAVerification\ServoDrive_CB_FPGAVerification\src\Source" -I"D:\Work\Vitis_workspace_FPGAVerification\ServoDrive_CB_FPGAVerification\src\Include\dsp" -I"D:\Work\Vitis_workspace_FPGAVerification\ServoDrive_CB_FPGAVerification\src\ComputeLibrary\Include" -c -fmessage-length=0 -MT"src/Source/StatisticsFunctions/arm_max_no_idx_q31.o" -ID:/Work/Vitis_workspace_FPGAVerification/Mercury_XU5_PE1/export/Mercury_XU5_PE1/sw/Mercury_XU5_PE1/standalone_psu_cortexa53_0/bspinclude/include -MMD -MP -MF"src/Source/StatisticsFunctions/arm_max_no_idx_q31.d" -MT"src/Source/StatisticsFunctions/arm_max_no_idx_q31.o" -o "src/Source/StatisticsFunctions/arm_max_no_idx_q31.o" "../src/Source/StatisticsFunctions/arm_max_no_idx_q31.c"
'Finished building: ../src/Source/StatisticsFunctions/arm_max_no_idx_q31.c'
' '
'Building file: ../src/Source/StatisticsFunctions/arm_max_no_idx_q7.c'
'Invoking: ARM v8 gcc compiler'
aarch64-none-elf-gcc -DDISABLEFLOAT16 -Wall -O0 -g3 -ID:/Work/Vitis_workspace_FPGAVerification/Mercury_XU5_PE1/export/Mercury_XU5_PE1/sw/Mercury_XU5_PE1/standalone_psu_cortexa53_0/bspinclude/include -I"D:\Work\Vitis_workspace_FPGAVerification\ServoDrive_CB_FPGAVerification\src\ComputeLibrary" -I"D:\Work\Vitis_workspace_FPGAVerification\ServoDrive_CB_FPGAVerification\src\Include" -I"D:\Work\Vitis_workspace_FPGAVerification\ServoDrive_CB_FPGAVerification\src\PrivateInclude" -I"D:\Work\Vitis_workspace_FPGAVerification\ServoDrive_CB_FPGAVerification\src\Source" -I"D:\Work\Vitis_workspace_FPGAVerification\ServoDrive_CB_FPGAVerification\src\Include\dsp" -I"D:\Work\Vitis_workspace_FPGAVerification\ServoDrive_CB_FPGAVerification\src\ComputeLibrary\Include" -c -fmessage-length=0 -MT"src/Source/StatisticsFunctions/arm_max_no_idx_q7.o" -ID:/Work/Vitis_workspace_FPGAVerification/Mercury_XU5_PE1/export/Mercury_XU5_PE1/sw/Mercury_XU5_PE1/standalone_psu_cortexa53_0/bspinclude/include -MMD -MP -MF"src/Source/StatisticsFunctions/arm_max_no_idx_q7.d" -MT"src/Source/StatisticsFunctions/arm_max_no_idx_q7.o" -o "src/Source/StatisticsFunctions/arm_max_no_idx_q7.o" "../src/Source/StatisticsFunctions/arm_max_no_idx_q7.c"
'Finished building: ../src/Source/StatisticsFunctions/arm_max_no_idx_q7.c'
' '
'Building file: ../src/Source/StatisticsFunctions/arm_max_q15.c'
'Invoking: ARM v8 gcc compiler'
aarch64-none-elf-gcc -DDISABLEFLOAT16 -Wall -O0 -g3 -ID:/Work/Vitis_workspace_FPGAVerification/Mercury_XU5_PE1/export/Mercury_XU5_PE1/sw/Mercury_XU5_PE1/standalone_psu_cortexa53_0/bspinclude/include -I"D:\Work\Vitis_workspace_FPGAVerification\ServoDrive_CB_FPGAVerification\src\ComputeLibrary" -I"D:\Work\Vitis_workspace_FPGAVerification\ServoDrive_CB_FPGAVerification\src\Include" -I"D:\Work\Vitis_workspace_FPGAVerification\ServoDrive_CB_FPGAVerification\src\PrivateInclude" -I"D:\Work\Vitis_workspace_FPGAVerification\ServoDrive_CB_FPGAVerification\src\Source" -I"D:\Work\Vitis_workspace_FPGAVerification\ServoDrive_CB_FPGAVerification\src\Include\dsp" -I"D:\Work\Vitis_workspace_FPGAVerification\ServoDrive_CB_FPGAVerification\src\ComputeLibrary\Include" -c -fmessage-length=0 -MT"src/Source/StatisticsFunctions/arm_max_q15.o" -ID:/Work/Vitis_workspace_FPGAVerification/Mercury_XU5_PE1/export/Mercury_XU5_PE1/sw/Mercury_XU5_PE1/standalone_psu_cortexa53_0/bspinclude/include -MMD -MP -MF"src/Source/StatisticsFunctions/arm_max_q15.d" -MT"src/Source/StatisticsFunctions/arm_max_q15.o" -o "src/Source/StatisticsFunctions/arm_max_q15.o" "../src/Source/StatisticsFunctions/arm_max_q15.c"
'Finished building: ../src/Source/StatisticsFunctions/arm_max_q15.c'
' '
'Building file: ../src/Source/StatisticsFunctions/arm_max_q31.c'
'Invoking: ARM v8 gcc compiler'
aarch64-none-elf-gcc -DDISABLEFLOAT16 -Wall -O0 -g3 -ID:/Work/Vitis_workspace_FPGAVerification/Mercury_XU5_PE1/export/Mercury_XU5_PE1/sw/Mercury_XU5_PE1/standalone_psu_cortexa53_0/bspinclude/include -I"D:\Work\Vitis_workspace_FPGAVerification\ServoDrive_CB_FPGAVerification\src\ComputeLibrary" -I"D:\Work\Vitis_workspace_FPGAVerification\ServoDrive_CB_FPGAVerification\src\Include" -I"D:\Work\Vitis_workspace_FPGAVerification\ServoDrive_CB_FPGAVerification\src\PrivateInclude" -I"D:\Work\Vitis_workspace_FPGAVerification\ServoDrive_CB_FPGAVerification\src\Source" -I"D:\Work\Vitis_workspace_FPGAVerification\ServoDrive_CB_FPGAVerification\src\Include\dsp" -I"D:\Work\Vitis_workspace_FPGAVerification\ServoDrive_CB_FPGAVerification\src\ComputeLibrary\Include" -c -fmessage-length=0 -MT"src/Source/StatisticsFunctions/arm_max_q31.o" -ID:/Work/Vitis_workspace_FPGAVerification/Mercury_XU5_PE1/export/Mercury_XU5_PE1/sw/Mercury_XU5_PE1/standalone_psu_cortexa53_0/bspinclude/include -MMD -MP -MF"src/Source/StatisticsFunctions/arm_max_q31.d" -MT"src/Source/StatisticsFunctions/arm_max_q31.o" -o "src/Source/StatisticsFunctions/arm_max_q31.o" "../src/Source/StatisticsFunctions/arm_max_q31.c"
'Finished building: ../src/Source/StatisticsFunctions/arm_max_q31.c'
' '
'Building file: ../src/Source/StatisticsFunctions/arm_max_q7.c'
'Invoking: ARM v8 gcc compiler'
aarch64-none-elf-gcc -DDISABLEFLOAT16 -Wall -O0 -g3 -ID:/Work/Vitis_workspace_FPGAVerification/Mercury_XU5_PE1/export/Mercury_XU5_PE1/sw/Mercury_XU5_PE1/standalone_psu_cortexa53_0/bspinclude/include -I"D:\Work\Vitis_workspace_FPGAVerification\ServoDrive_CB_FPGAVerification\src\ComputeLibrary" -I"D:\Work\Vitis_workspace_FPGAVerification\ServoDrive_CB_FPGAVerification\src\Include" -I"D:\Work\Vitis_workspace_FPGAVerification\ServoDrive_CB_FPGAVerification\src\PrivateInclude" -I"D:\Work\Vitis_workspace_FPGAVerification\ServoDrive_CB_FPGAVerification\src\Source" -I"D:\Work\Vitis_workspace_FPGAVerification\ServoDrive_CB_FPGAVerification\src\Include\dsp" -I"D:\Work\Vitis_workspace_FPGAVerification\ServoDrive_CB_FPGAVerification\src\ComputeLibrary\Include" -c -fmessage-length=0 -MT"src/Source/StatisticsFunctions/arm_max_q7.o" -ID:/Work/Vitis_workspace_FPGAVerification/Mercury_XU5_PE1/export/Mercury_XU5_PE1/sw/Mercury_XU5_PE1/standalone_psu_cortexa53_0/bspinclude/include -MMD -MP -MF"src/Source/StatisticsFunctions/arm_max_q7.d" -MT"src/Source/StatisticsFunctions/arm_max_q7.o" -o "src/Source/StatisticsFunctions/arm_max_q7.o" "../src/Source/StatisticsFunctions/arm_max_q7.c"
'Finished building: ../src/Source/StatisticsFunctions/arm_max_q7.c'
' '
'Building file: ../src/Source/StatisticsFunctions/arm_mean_f16.c'
'Invoking: ARM v8 gcc compiler'
aarch64-none-elf-gcc -DDISABLEFLOAT16 -Wall -O0 -g3 -ID:/Work/Vitis_workspace_FPGAVerification/Mercury_XU5_PE1/export/Mercury_XU5_PE1/sw/Mercury_XU5_PE1/standalone_psu_cortexa53_0/bspinclude/include -I"D:\Work\Vitis_workspace_FPGAVerification\ServoDrive_CB_FPGAVerification\src\ComputeLibrary" -I"D:\Work\Vitis_workspace_FPGAVerification\ServoDrive_CB_FPGAVerification\src\Include" -I"D:\Work\Vitis_workspace_FPGAVerification\ServoDrive_CB_FPGAVerification\src\PrivateInclude" -I"D:\Work\Vitis_workspace_FPGAVerification\ServoDrive_CB_FPGAVerification\src\Source" -I"D:\Work\Vitis_workspace_FPGAVerification\ServoDrive_CB_FPGAVerification\src\Include\dsp" -I"D:\Work\Vitis_workspace_FPGAVerification\ServoDrive_CB_FPGAVerification\src\ComputeLibrary\Include" -c -fmessage-length=0 -MT"src/Source/StatisticsFunctions/arm_mean_f16.o" -ID:/Work/Vitis_workspace_FPGAVerification/Mercury_XU5_PE1/export/Mercury_XU5_PE1/sw/Mercury_XU5_PE1/standalone_psu_cortexa53_0/bspinclude/include -MMD -MP -MF"src/Source/StatisticsFunctions/arm_mean_f16.d" -MT"src/Source/StatisticsFunctions/arm_mean_f16.o" -o "src/Source/StatisticsFunctions/arm_mean_f16.o" "../src/Source/StatisticsFunctions/arm_mean_f16.c"
'Finished building: ../src/Source/StatisticsFunctions/arm_mean_f16.c'
' '
'Building file: ../src/Source/StatisticsFunctions/arm_mean_f32.c'
'Invoking: ARM v8 gcc compiler'
aarch64-none-elf-gcc -DDISABLEFLOAT16 -Wall -O0 -g3 -ID:/Work/Vitis_workspace_FPGAVerification/Mercury_XU5_PE1/export/Mercury_XU5_PE1/sw/Mercury_XU5_PE1/standalone_psu_cortexa53_0/bspinclude/include -I"D:\Work\Vitis_workspace_FPGAVerification\ServoDrive_CB_FPGAVerification\src\ComputeLibrary" -I"D:\Work\Vitis_workspace_FPGAVerification\ServoDrive_CB_FPGAVerification\src\Include" -I"D:\Work\Vitis_workspace_FPGAVerification\ServoDrive_CB_FPGAVerification\src\PrivateInclude" -I"D:\Work\Vitis_workspace_FPGAVerification\ServoDrive_CB_FPGAVerification\src\Source" -I"D:\Work\Vitis_workspace_FPGAVerification\ServoDrive_CB_FPGAVerification\src\Include\dsp" -I"D:\Work\Vitis_workspace_FPGAVerification\ServoDrive_CB_FPGAVerification\src\ComputeLibrary\Include" -c -fmessage-length=0 -MT"src/Source/StatisticsFunctions/arm_mean_f32.o" -ID:/Work/Vitis_workspace_FPGAVerification/Mercury_XU5_PE1/export/Mercury_XU5_PE1/sw/Mercury_XU5_PE1/standalone_psu_cortexa53_0/bspinclude/include -MMD -MP -MF"src/Source/StatisticsFunctions/arm_mean_f32.d" -MT"src/Source/StatisticsFunctions/arm_mean_f32.o" -o "src/Source/StatisticsFunctions/arm_mean_f32.o" "../src/Source/StatisticsFunctions/arm_mean_f32.c"
'Finished building: ../src/Source/StatisticsFunctions/arm_mean_f32.c'
' '
'Building file: ../src/Source/StatisticsFunctions/arm_mean_f64.c'
'Invoking: ARM v8 gcc compiler'
aarch64-none-elf-gcc -DDISABLEFLOAT16 -Wall -O0 -g3 -ID:/Work/Vitis_workspace_FPGAVerification/Mercury_XU5_PE1/export/Mercury_XU5_PE1/sw/Mercury_XU5_PE1/standalone_psu_cortexa53_0/bspinclude/include -I"D:\Work\Vitis_workspace_FPGAVerification\ServoDrive_CB_FPGAVerification\src\ComputeLibrary" -I"D:\Work\Vitis_workspace_FPGAVerification\ServoDrive_CB_FPGAVerification\src\Include" -I"D:\Work\Vitis_workspace_FPGAVerification\ServoDrive_CB_FPGAVerification\src\PrivateInclude" -I"D:\Work\Vitis_workspace_FPGAVerification\ServoDrive_CB_FPGAVerification\src\Source" -I"D:\Work\Vitis_workspace_FPGAVerification\ServoDrive_CB_FPGAVerification\src\Include\dsp" -I"D:\Work\Vitis_workspace_FPGAVerification\ServoDrive_CB_FPGAVerification\src\ComputeLibrary\Include" -c -fmessage-length=0 -MT"src/Source/StatisticsFunctions/arm_mean_f64.o" -ID:/Work/Vitis_workspace_FPGAVerification/Mercury_XU5_PE1/export/Mercury_XU5_PE1/sw/Mercury_XU5_PE1/standalone_psu_cortexa53_0/bspinclude/include -MMD -MP -MF"src/Source/StatisticsFunctions/arm_mean_f64.d" -MT"src/Source/StatisticsFunctions/arm_mean_f64.o" -o "src/Source/StatisticsFunctions/arm_mean_f64.o" "../src/Source/StatisticsFunctions/arm_mean_f64.c"
'Finished building: ../src/Source/StatisticsFunctions/arm_mean_f64.c'
' '
'Building file: ../src/Source/StatisticsFunctions/arm_mean_q15.c'
'Invoking: ARM v8 gcc compiler'
aarch64-none-elf-gcc -DDISABLEFLOAT16 -Wall -O0 -g3 -ID:/Work/Vitis_workspace_FPGAVerification/Mercury_XU5_PE1/export/Mercury_XU5_PE1/sw/Mercury_XU5_PE1/standalone_psu_cortexa53_0/bspinclude/include -I"D:\Work\Vitis_workspace_FPGAVerification\ServoDrive_CB_FPGAVerification\src\ComputeLibrary" -I"D:\Work\Vitis_workspace_FPGAVerification\ServoDrive_CB_FPGAVerification\src\Include" -I"D:\Work\Vitis_workspace_FPGAVerification\ServoDrive_CB_FPGAVerification\src\PrivateInclude" -I"D:\Work\Vitis_workspace_FPGAVerification\ServoDrive_CB_FPGAVerification\src\Source" -I"D:\Work\Vitis_workspace_FPGAVerification\ServoDrive_CB_FPGAVerification\src\Include\dsp" -I"D:\Work\Vitis_workspace_FPGAVerification\ServoDrive_CB_FPGAVerification\src\ComputeLibrary\Include" -c -fmessage-length=0 -MT"src/Source/StatisticsFunctions/arm_mean_q15.o" -ID:/Work/Vitis_workspace_FPGAVerification/Mercury_XU5_PE1/export/Mercury_XU5_PE1/sw/Mercury_XU5_PE1/standalone_psu_cortexa53_0/bspinclude/include -MMD -MP -MF"src/Source/StatisticsFunctions/arm_mean_q15.d" -MT"src/Source/StatisticsFunctions/arm_mean_q15.o" -o "src/Source/StatisticsFunctions/arm_mean_q15.o" "../src/Source/StatisticsFunctions/arm_mean_q15.c"
'Finished building: ../src/Source/StatisticsFunctions/arm_mean_q15.c'
' '
'Building file: ../src/Source/StatisticsFunctions/arm_mean_q31.c'
'Invoking: ARM v8 gcc compiler'
aarch64-none-elf-gcc -DDISABLEFLOAT16 -Wall -O0 -g3 -ID:/Work/Vitis_workspace_FPGAVerification/Mercury_XU5_PE1/export/Mercury_XU5_PE1/sw/Mercury_XU5_PE1/standalone_psu_cortexa53_0/bspinclude/include -I"D:\Work\Vitis_workspace_FPGAVerification\ServoDrive_CB_FPGAVerification\src\ComputeLibrary" -I"D:\Work\Vitis_workspace_FPGAVerification\ServoDrive_CB_FPGAVerification\src\Include" -I"D:\Work\Vitis_workspace_FPGAVerification\ServoDrive_CB_FPGAVerification\src\PrivateInclude" -I"D:\Work\Vitis_workspace_FPGAVerification\ServoDrive_CB_FPGAVerification\src\Source" -I"D:\Work\Vitis_workspace_FPGAVerification\ServoDrive_CB_FPGAVerification\src\Include\dsp" -I"D:\Work\Vitis_workspace_FPGAVerification\ServoDrive_CB_FPGAVerification\src\ComputeLibrary\Include" -c -fmessage-length=0 -MT"src/Source/StatisticsFunctions/arm_mean_q31.o" -ID:/Work/Vitis_workspace_FPGAVerification/Mercury_XU5_PE1/export/Mercury_XU5_PE1/sw/Mercury_XU5_PE1/standalone_psu_cortexa53_0/bspinclude/include -MMD -MP -MF"src/Source/StatisticsFunctions/arm_mean_q31.d" -MT"src/Source/StatisticsFunctions/arm_mean_q31.o" -o "src/Source/StatisticsFunctions/arm_mean_q31.o" "../src/Source/StatisticsFunctions/arm_mean_q31.c"
'Finished building: ../src/Source/StatisticsFunctions/arm_mean_q31.c'
' '
'Building file: ../src/Source/StatisticsFunctions/arm_mean_q7.c'
'Invoking: ARM v8 gcc compiler'
aarch64-none-elf-gcc -DDISABLEFLOAT16 -Wall -O0 -g3 -ID:/Work/Vitis_workspace_FPGAVerification/Mercury_XU5_PE1/export/Mercury_XU5_PE1/sw/Mercury_XU5_PE1/standalone_psu_cortexa53_0/bspinclude/include -I"D:\Work\Vitis_workspace_FPGAVerification\ServoDrive_CB_FPGAVerification\src\ComputeLibrary" -I"D:\Work\Vitis_workspace_FPGAVerification\ServoDrive_CB_FPGAVerification\src\Include" -I"D:\Work\Vitis_workspace_FPGAVerification\ServoDrive_CB_FPGAVerification\src\PrivateInclude" -I"D:\Work\Vitis_workspace_FPGAVerification\ServoDrive_CB_FPGAVerification\src\Source" -I"D:\Work\Vitis_workspace_FPGAVerification\ServoDrive_CB_FPGAVerification\src\Include\dsp" -I"D:\Work\Vitis_workspace_FPGAVerification\ServoDrive_CB_FPGAVerification\src\ComputeLibrary\Include" -c -fmessage-length=0 -MT"src/Source/StatisticsFunctions/arm_mean_q7.o" -ID:/Work/Vitis_workspace_FPGAVerification/Mercury_XU5_PE1/export/Mercury_XU5_PE1/sw/Mercury_XU5_PE1/standalone_psu_cortexa53_0/bspinclude/include -MMD -MP -MF"src/Source/StatisticsFunctions/arm_mean_q7.d" -MT"src/Source/StatisticsFunctions/arm_mean_q7.o" -o "src/Source/StatisticsFunctions/arm_mean_q7.o" "../src/Source/StatisticsFunctions/arm_mean_q7.c"
'Finished building: ../src/Source/StatisticsFunctions/arm_mean_q7.c'
' '
'Building file: ../src/Source/StatisticsFunctions/arm_min_f16.c'
'Invoking: ARM v8 gcc compiler'
aarch64-none-elf-gcc -DDISABLEFLOAT16 -Wall -O0 -g3 -ID:/Work/Vitis_workspace_FPGAVerification/Mercury_XU5_PE1/export/Mercury_XU5_PE1/sw/Mercury_XU5_PE1/standalone_psu_cortexa53_0/bspinclude/include -I"D:\Work\Vitis_workspace_FPGAVerification\ServoDrive_CB_FPGAVerification\src\ComputeLibrary" -I"D:\Work\Vitis_workspace_FPGAVerification\ServoDrive_CB_FPGAVerification\src\Include" -I"D:\Work\Vitis_workspace_FPGAVerification\ServoDrive_CB_FPGAVerification\src\PrivateInclude" -I"D:\Work\Vitis_workspace_FPGAVerification\ServoDrive_CB_FPGAVerification\src\Source" -I"D:\Work\Vitis_workspace_FPGAVerification\ServoDrive_CB_FPGAVerification\src\Include\dsp" -I"D:\Work\Vitis_workspace_FPGAVerification\ServoDrive_CB_FPGAVerification\src\ComputeLibrary\Include" -c -fmessage-length=0 -MT"src/Source/StatisticsFunctions/arm_min_f16.o" -ID:/Work/Vitis_workspace_FPGAVerification/Mercury_XU5_PE1/export/Mercury_XU5_PE1/sw/Mercury_XU5_PE1/standalone_psu_cortexa53_0/bspinclude/include -MMD -MP -MF"src/Source/StatisticsFunctions/arm_min_f16.d" -MT"src/Source/StatisticsFunctions/arm_min_f16.o" -o "src/Source/StatisticsFunctions/arm_min_f16.o" "../src/Source/StatisticsFunctions/arm_min_f16.c"
'Finished building: ../src/Source/StatisticsFunctions/arm_min_f16.c'
' '
'Building file: ../src/Source/StatisticsFunctions/arm_min_f32.c'
'Invoking: ARM v8 gcc compiler'
aarch64-none-elf-gcc -DDISABLEFLOAT16 -Wall -O0 -g3 -ID:/Work/Vitis_workspace_FPGAVerification/Mercury_XU5_PE1/export/Mercury_XU5_PE1/sw/Mercury_XU5_PE1/standalone_psu_cortexa53_0/bspinclude/include -I"D:\Work\Vitis_workspace_FPGAVerification\ServoDrive_CB_FPGAVerification\src\ComputeLibrary" -I"D:\Work\Vitis_workspace_FPGAVerification\ServoDrive_CB_FPGAVerification\src\Include" -I"D:\Work\Vitis_workspace_FPGAVerification\ServoDrive_CB_FPGAVerification\src\PrivateInclude" -I"D:\Work\Vitis_workspace_FPGAVerification\ServoDrive_CB_FPGAVerification\src\Source" -I"D:\Work\Vitis_workspace_FPGAVerification\ServoDrive_CB_FPGAVerification\src\Include\dsp" -I"D:\Work\Vitis_workspace_FPGAVerification\ServoDrive_CB_FPGAVerification\src\ComputeLibrary\Include" -c -fmessage-length=0 -MT"src/Source/StatisticsFunctions/arm_min_f32.o" -ID:/Work/Vitis_workspace_FPGAVerification/Mercury_XU5_PE1/export/Mercury_XU5_PE1/sw/Mercury_XU5_PE1/standalone_psu_cortexa53_0/bspinclude/include -MMD -MP -MF"src/Source/StatisticsFunctions/arm_min_f32.d" -MT"src/Source/StatisticsFunctions/arm_min_f32.o" -o "src/Source/StatisticsFunctions/arm_min_f32.o" "../src/Source/StatisticsFunctions/arm_min_f32.c"
'Finished building: ../src/Source/StatisticsFunctions/arm_min_f32.c'
' '
'Building file: ../src/Source/StatisticsFunctions/arm_min_f64.c'
'Invoking: ARM v8 gcc compiler'
aarch64-none-elf-gcc -DDISABLEFLOAT16 -Wall -O0 -g3 -ID:/Work/Vitis_workspace_FPGAVerification/Mercury_XU5_PE1/export/Mercury_XU5_PE1/sw/Mercury_XU5_PE1/standalone_psu_cortexa53_0/bspinclude/include -I"D:\Work\Vitis_workspace_FPGAVerification\ServoDrive_CB_FPGAVerification\src\ComputeLibrary" -I"D:\Work\Vitis_workspace_FPGAVerification\ServoDrive_CB_FPGAVerification\src\Include" -I"D:\Work\Vitis_workspace_FPGAVerification\ServoDrive_CB_FPGAVerification\src\PrivateInclude" -I"D:\Work\Vitis_workspace_FPGAVerification\ServoDrive_CB_FPGAVerification\src\Source" -I"D:\Work\Vitis_workspace_FPGAVerification\ServoDrive_CB_FPGAVerification\src\Include\dsp" -I"D:\Work\Vitis_workspace_FPGAVerification\ServoDrive_CB_FPGAVerification\src\ComputeLibrary\Include" -c -fmessage-length=0 -MT"src/Source/StatisticsFunctions/arm_min_f64.o" -ID:/Work/Vitis_workspace_FPGAVerification/Mercury_XU5_PE1/export/Mercury_XU5_PE1/sw/Mercury_XU5_PE1/standalone_psu_cortexa53_0/bspinclude/include -MMD -MP -MF"src/Source/StatisticsFunctions/arm_min_f64.d" -MT"src/Source/StatisticsFunctions/arm_min_f64.o" -o "src/Source/StatisticsFunctions/arm_min_f64.o" "../src/Source/StatisticsFunctions/arm_min_f64.c"
'Finished building: ../src/Source/StatisticsFunctions/arm_min_f64.c'
' '
'Building file: ../src/Source/StatisticsFunctions/arm_min_no_idx_f16.c'
'Invoking: ARM v8 gcc compiler'
aarch64-none-elf-gcc -DDISABLEFLOAT16 -Wall -O0 -g3 -ID:/Work/Vitis_workspace_FPGAVerification/Mercury_XU5_PE1/export/Mercury_XU5_PE1/sw/Mercury_XU5_PE1/standalone_psu_cortexa53_0/bspinclude/include -I"D:\Work\Vitis_workspace_FPGAVerification\ServoDrive_CB_FPGAVerification\src\ComputeLibrary" -I"D:\Work\Vitis_workspace_FPGAVerification\ServoDrive_CB_FPGAVerification\src\Include" -I"D:\Work\Vitis_workspace_FPGAVerification\ServoDrive_CB_FPGAVerification\src\PrivateInclude" -I"D:\Work\Vitis_workspace_FPGAVerification\ServoDrive_CB_FPGAVerification\src\Source" -I"D:\Work\Vitis_workspace_FPGAVerification\ServoDrive_CB_FPGAVerification\src\Include\dsp" -I"D:\Work\Vitis_workspace_FPGAVerification\ServoDrive_CB_FPGAVerification\src\ComputeLibrary\Include" -c -fmessage-length=0 -MT"src/Source/StatisticsFunctions/arm_min_no_idx_f16.o" -ID:/Work/Vitis_workspace_FPGAVerification/Mercury_XU5_PE1/export/Mercury_XU5_PE1/sw/Mercury_XU5_PE1/standalone_psu_cortexa53_0/bspinclude/include -MMD -MP -MF"src/Source/StatisticsFunctions/arm_min_no_idx_f16.d" -MT"src/Source/StatisticsFunctions/arm_min_no_idx_f16.o" -o "src/Source/StatisticsFunctions/arm_min_no_idx_f16.o" "../src/Source/StatisticsFunctions/arm_min_no_idx_f16.c"
'Finished building: ../src/Source/StatisticsFunctions/arm_min_no_idx_f16.c'
' '
'Building file: ../src/Source/StatisticsFunctions/arm_min_no_idx_f32.c'
'Invoking: ARM v8 gcc compiler'
aarch64-none-elf-gcc -DDISABLEFLOAT16 -Wall -O0 -g3 -ID:/Work/Vitis_workspace_FPGAVerification/Mercury_XU5_PE1/export/Mercury_XU5_PE1/sw/Mercury_XU5_PE1/standalone_psu_cortexa53_0/bspinclude/include -I"D:\Work\Vitis_workspace_FPGAVerification\ServoDrive_CB_FPGAVerification\src\ComputeLibrary" -I"D:\Work\Vitis_workspace_FPGAVerification\ServoDrive_CB_FPGAVerification\src\Include" -I"D:\Work\Vitis_workspace_FPGAVerification\ServoDrive_CB_FPGAVerification\src\PrivateInclude" -I"D:\Work\Vitis_workspace_FPGAVerification\ServoDrive_CB_FPGAVerification\src\Source" -I"D:\Work\Vitis_workspace_FPGAVerification\ServoDrive_CB_FPGAVerification\src\Include\dsp" -I"D:\Work\Vitis_workspace_FPGAVerification\ServoDrive_CB_FPGAVerification\src\ComputeLibrary\Include" -c -fmessage-length=0 -MT"src/Source/StatisticsFunctions/arm_min_no_idx_f32.o" -ID:/Work/Vitis_workspace_FPGAVerification/Mercury_XU5_PE1/export/Mercury_XU5_PE1/sw/Mercury_XU5_PE1/standalone_psu_cortexa53_0/bspinclude/include -MMD -MP -MF"src/Source/StatisticsFunctions/arm_min_no_idx_f32.d" -MT"src/Source/StatisticsFunctions/arm_min_no_idx_f32.o" -o "src/Source/StatisticsFunctions/arm_min_no_idx_f32.o" "../src/Source/StatisticsFunctions/arm_min_no_idx_f32.c"
'Finished building: ../src/Source/StatisticsFunctions/arm_min_no_idx_f32.c'
' '
'Building file: ../src/Source/StatisticsFunctions/arm_min_no_idx_f64.c'
'Invoking: ARM v8 gcc compiler'
aarch64-none-elf-gcc -DDISABLEFLOAT16 -Wall -O0 -g3 -ID:/Work/Vitis_workspace_FPGAVerification/Mercury_XU5_PE1/export/Mercury_XU5_PE1/sw/Mercury_XU5_PE1/standalone_psu_cortexa53_0/bspinclude/include -I"D:\Work\Vitis_workspace_FPGAVerification\ServoDrive_CB_FPGAVerification\src\ComputeLibrary" -I"D:\Work\Vitis_workspace_FPGAVerification\ServoDrive_CB_FPGAVerification\src\Include" -I"D:\Work\Vitis_workspace_FPGAVerification\ServoDrive_CB_FPGAVerification\src\PrivateInclude" -I"D:\Work\Vitis_workspace_FPGAVerification\ServoDrive_CB_FPGAVerification\src\Source" -I"D:\Work\Vitis_workspace_FPGAVerification\ServoDrive_CB_FPGAVerification\src\Include\dsp" -I"D:\Work\Vitis_workspace_FPGAVerification\ServoDrive_CB_FPGAVerification\src\ComputeLibrary\Include" -c -fmessage-length=0 -MT"src/Source/StatisticsFunctions/arm_min_no_idx_f64.o" -ID:/Work/Vitis_workspace_FPGAVerification/Mercury_XU5_PE1/export/Mercury_XU5_PE1/sw/Mercury_XU5_PE1/standalone_psu_cortexa53_0/bspinclude/include -MMD -MP -MF"src/Source/StatisticsFunctions/arm_min_no_idx_f64.d" -MT"src/Source/StatisticsFunctions/arm_min_no_idx_f64.o" -o "src/Source/StatisticsFunctions/arm_min_no_idx_f64.o" "../src/Source/StatisticsFunctions/arm_min_no_idx_f64.c"
'Finished building: ../src/Source/StatisticsFunctions/arm_min_no_idx_f64.c'
' '
'Building file: ../src/Source/StatisticsFunctions/arm_min_no_idx_q15.c'
'Invoking: ARM v8 gcc compiler'
aarch64-none-elf-gcc -DDISABLEFLOAT16 -Wall -O0 -g3 -ID:/Work/Vitis_workspace_FPGAVerification/Mercury_XU5_PE1/export/Mercury_XU5_PE1/sw/Mercury_XU5_PE1/standalone_psu_cortexa53_0/bspinclude/include -I"D:\Work\Vitis_workspace_FPGAVerification\ServoDrive_CB_FPGAVerification\src\ComputeLibrary" -I"D:\Work\Vitis_workspace_FPGAVerification\ServoDrive_CB_FPGAVerification\src\Include" -I"D:\Work\Vitis_workspace_FPGAVerification\ServoDrive_CB_FPGAVerification\src\PrivateInclude" -I"D:\Work\Vitis_workspace_FPGAVerification\ServoDrive_CB_FPGAVerification\src\Source" -I"D:\Work\Vitis_workspace_FPGAVerification\ServoDrive_CB_FPGAVerification\src\Include\dsp" -I"D:\Work\Vitis_workspace_FPGAVerification\ServoDrive_CB_FPGAVerification\src\ComputeLibrary\Include" -c -fmessage-length=0 -MT"src/Source/StatisticsFunctions/arm_min_no_idx_q15.o" -ID:/Work/Vitis_workspace_FPGAVerification/Mercury_XU5_PE1/export/Mercury_XU5_PE1/sw/Mercury_XU5_PE1/standalone_psu_cortexa53_0/bspinclude/include -MMD -MP -MF"src/Source/StatisticsFunctions/arm_min_no_idx_q15.d" -MT"src/Source/StatisticsFunctions/arm_min_no_idx_q15.o" -o "src/Source/StatisticsFunctions/arm_min_no_idx_q15.o" "../src/Source/StatisticsFunctions/arm_min_no_idx_q15.c"
'Finished building: ../src/Source/StatisticsFunctions/arm_min_no_idx_q15.c'
' '
'Building file: ../src/Source/StatisticsFunctions/arm_min_no_idx_q31.c'
'Invoking: ARM v8 gcc compiler'
aarch64-none-elf-gcc -DDISABLEFLOAT16 -Wall -O0 -g3 -ID:/Work/Vitis_workspace_FPGAVerification/Mercury_XU5_PE1/export/Mercury_XU5_PE1/sw/Mercury_XU5_PE1/standalone_psu_cortexa53_0/bspinclude/include -I"D:\Work\Vitis_workspace_FPGAVerification\ServoDrive_CB_FPGAVerification\src\ComputeLibrary" -I"D:\Work\Vitis_workspace_FPGAVerification\ServoDrive_CB_FPGAVerification\src\Include" -I"D:\Work\Vitis_workspace_FPGAVerification\ServoDrive_CB_FPGAVerification\src\PrivateInclude" -I"D:\Work\Vitis_workspace_FPGAVerification\ServoDrive_CB_FPGAVerification\src\Source" -I"D:\Work\Vitis_workspace_FPGAVerification\ServoDrive_CB_FPGAVerification\src\Include\dsp" -I"D:\Work\Vitis_workspace_FPGAVerification\ServoDrive_CB_FPGAVerification\src\ComputeLibrary\Include" -c -fmessage-length=0 -MT"src/Source/StatisticsFunctions/arm_min_no_idx_q31.o" -ID:/Work/Vitis_workspace_FPGAVerification/Mercury_XU5_PE1/export/Mercury_XU5_PE1/sw/Mercury_XU5_PE1/standalone_psu_cortexa53_0/bspinclude/include -MMD -MP -MF"src/Source/StatisticsFunctions/arm_min_no_idx_q31.d" -MT"src/Source/StatisticsFunctions/arm_min_no_idx_q31.o" -o "src/Source/StatisticsFunctions/arm_min_no_idx_q31.o" "../src/Source/StatisticsFunctions/arm_min_no_idx_q31.c"
'Finished building: ../src/Source/StatisticsFunctions/arm_min_no_idx_q31.c'
' '
'Building file: ../src/Source/StatisticsFunctions/arm_min_no_idx_q7.c'
'Invoking: ARM v8 gcc compiler'
aarch64-none-elf-gcc -DDISABLEFLOAT16 -Wall -O0 -g3 -ID:/Work/Vitis_workspace_FPGAVerification/Mercury_XU5_PE1/export/Mercury_XU5_PE1/sw/Mercury_XU5_PE1/standalone_psu_cortexa53_0/bspinclude/include -I"D:\Work\Vitis_workspace_FPGAVerification\ServoDrive_CB_FPGAVerification\src\ComputeLibrary" -I"D:\Work\Vitis_workspace_FPGAVerification\ServoDrive_CB_FPGAVerification\src\Include" -I"D:\Work\Vitis_workspace_FPGAVerification\ServoDrive_CB_FPGAVerification\src\PrivateInclude" -I"D:\Work\Vitis_workspace_FPGAVerification\ServoDrive_CB_FPGAVerification\src\Source" -I"D:\Work\Vitis_workspace_FPGAVerification\ServoDrive_CB_FPGAVerification\src\Include\dsp" -I"D:\Work\Vitis_workspace_FPGAVerification\ServoDrive_CB_FPGAVerification\src\ComputeLibrary\Include" -c -fmessage-length=0 -MT"src/Source/StatisticsFunctions/arm_min_no_idx_q7.o" -ID:/Work/Vitis_workspace_FPGAVerification/Mercury_XU5_PE1/export/Mercury_XU5_PE1/sw/Mercury_XU5_PE1/standalone_psu_cortexa53_0/bspinclude/include -MMD -MP -MF"src/Source/StatisticsFunctions/arm_min_no_idx_q7.d" -MT"src/Source/StatisticsFunctions/arm_min_no_idx_q7.o" -o "src/Source/StatisticsFunctions/arm_min_no_idx_q7.o" "../src/Source/StatisticsFunctions/arm_min_no_idx_q7.c"
'Finished building: ../src/Source/StatisticsFunctions/arm_min_no_idx_q7.c'
' '
'Building file: ../src/Source/StatisticsFunctions/arm_min_q15.c'
'Invoking: ARM v8 gcc compiler'
aarch64-none-elf-gcc -DDISABLEFLOAT16 -Wall -O0 -g3 -ID:/Work/Vitis_workspace_FPGAVerification/Mercury_XU5_PE1/export/Mercury_XU5_PE1/sw/Mercury_XU5_PE1/standalone_psu_cortexa53_0/bspinclude/include -I"D:\Work\Vitis_workspace_FPGAVerification\ServoDrive_CB_FPGAVerification\src\ComputeLibrary" -I"D:\Work\Vitis_workspace_FPGAVerification\ServoDrive_CB_FPGAVerification\src\Include" -I"D:\Work\Vitis_workspace_FPGAVerification\ServoDrive_CB_FPGAVerification\src\PrivateInclude" -I"D:\Work\Vitis_workspace_FPGAVerification\ServoDrive_CB_FPGAVerification\src\Source" -I"D:\Work\Vitis_workspace_FPGAVerification\ServoDrive_CB_FPGAVerification\src\Include\dsp" -I"D:\Work\Vitis_workspace_FPGAVerification\ServoDrive_CB_FPGAVerification\src\ComputeLibrary\Include" -c -fmessage-length=0 -MT"src/Source/StatisticsFunctions/arm_min_q15.o" -ID:/Work/Vitis_workspace_FPGAVerification/Mercury_XU5_PE1/export/Mercury_XU5_PE1/sw/Mercury_XU5_PE1/standalone_psu_cortexa53_0/bspinclude/include -MMD -MP -MF"src/Source/StatisticsFunctions/arm_min_q15.d" -MT"src/Source/StatisticsFunctions/arm_min_q15.o" -o "src/Source/StatisticsFunctions/arm_min_q15.o" "../src/Source/StatisticsFunctions/arm_min_q15.c"
'Finished building: ../src/Source/StatisticsFunctions/arm_min_q15.c'
' '
'Building file: ../src/Source/StatisticsFunctions/arm_min_q31.c'
'Invoking: ARM v8 gcc compiler'
aarch64-none-elf-gcc -DDISABLEFLOAT16 -Wall -O0 -g3 -ID:/Work/Vitis_workspace_FPGAVerification/Mercury_XU5_PE1/export/Mercury_XU5_PE1/sw/Mercury_XU5_PE1/standalone_psu_cortexa53_0/bspinclude/include -I"D:\Work\Vitis_workspace_FPGAVerification\ServoDrive_CB_FPGAVerification\src\ComputeLibrary" -I"D:\Work\Vitis_workspace_FPGAVerification\ServoDrive_CB_FPGAVerification\src\Include" -I"D:\Work\Vitis_workspace_FPGAVerification\ServoDrive_CB_FPGAVerification\src\PrivateInclude" -I"D:\Work\Vitis_workspace_FPGAVerification\ServoDrive_CB_FPGAVerification\src\Source" -I"D:\Work\Vitis_workspace_FPGAVerification\ServoDrive_CB_FPGAVerification\src\Include\dsp" -I"D:\Work\Vitis_workspace_FPGAVerification\ServoDrive_CB_FPGAVerification\src\ComputeLibrary\Include" -c -fmessage-length=0 -MT"src/Source/StatisticsFunctions/arm_min_q31.o" -ID:/Work/Vitis_workspace_FPGAVerification/Mercury_XU5_PE1/export/Mercury_XU5_PE1/sw/Mercury_XU5_PE1/standalone_psu_cortexa53_0/bspinclude/include -MMD -MP -MF"src/Source/StatisticsFunctions/arm_min_q31.d" -MT"src/Source/StatisticsFunctions/arm_min_q31.o" -o "src/Source/StatisticsFunctions/arm_min_q31.o" "../src/Source/StatisticsFunctions/arm_min_q31.c"
'Finished building: ../src/Source/StatisticsFunctions/arm_min_q31.c'
' '
'Building file: ../src/Source/StatisticsFunctions/arm_min_q7.c'
'Invoking: ARM v8 gcc compiler'
aarch64-none-elf-gcc -DDISABLEFLOAT16 -Wall -O0 -g3 -ID:/Work/Vitis_workspace_FPGAVerification/Mercury_XU5_PE1/export/Mercury_XU5_PE1/sw/Mercury_XU5_PE1/standalone_psu_cortexa53_0/bspinclude/include -I"D:\Work\Vitis_workspace_FPGAVerification\ServoDrive_CB_FPGAVerification\src\ComputeLibrary" -I"D:\Work\Vitis_workspace_FPGAVerification\ServoDrive_CB_FPGAVerification\src\Include" -I"D:\Work\Vitis_workspace_FPGAVerification\ServoDrive_CB_FPGAVerification\src\PrivateInclude" -I"D:\Work\Vitis_workspace_FPGAVerification\ServoDrive_CB_FPGAVerification\src\Source" -I"D:\Work\Vitis_workspace_FPGAVerification\ServoDrive_CB_FPGAVerification\src\Include\dsp" -I"D:\Work\Vitis_workspace_FPGAVerification\ServoDrive_CB_FPGAVerification\src\ComputeLibrary\Include" -c -fmessage-length=0 -MT"src/Source/StatisticsFunctions/arm_min_q7.o" -ID:/Work/Vitis_workspace_FPGAVerification/Mercury_XU5_PE1/export/Mercury_XU5_PE1/sw/Mercury_XU5_PE1/standalone_psu_cortexa53_0/bspinclude/include -MMD -MP -MF"src/Source/StatisticsFunctions/arm_min_q7.d" -MT"src/Source/StatisticsFunctions/arm_min_q7.o" -o "src/Source/StatisticsFunctions/arm_min_q7.o" "../src/Source/StatisticsFunctions/arm_min_q7.c"
'Finished building: ../src/Source/StatisticsFunctions/arm_min_q7.c'
' '
'Building file: ../src/Source/StatisticsFunctions/arm_mse_f16.c'
'Invoking: ARM v8 gcc compiler'
aarch64-none-elf-gcc -DDISABLEFLOAT16 -Wall -O0 -g3 -ID:/Work/Vitis_workspace_FPGAVerification/Mercury_XU5_PE1/export/Mercury_XU5_PE1/sw/Mercury_XU5_PE1/standalone_psu_cortexa53_0/bspinclude/include -I"D:\Work\Vitis_workspace_FPGAVerification\ServoDrive_CB_FPGAVerification\src\ComputeLibrary" -I"D:\Work\Vitis_workspace_FPGAVerification\ServoDrive_CB_FPGAVerification\src\Include" -I"D:\Work\Vitis_workspace_FPGAVerification\ServoDrive_CB_FPGAVerification\src\PrivateInclude" -I"D:\Work\Vitis_workspace_FPGAVerification\ServoDrive_CB_FPGAVerification\src\Source" -I"D:\Work\Vitis_workspace_FPGAVerification\ServoDrive_CB_FPGAVerification\src\Include\dsp" -I"D:\Work\Vitis_workspace_FPGAVerification\ServoDrive_CB_FPGAVerification\src\ComputeLibrary\Include" -c -fmessage-length=0 -MT"src/Source/StatisticsFunctions/arm_mse_f16.o" -ID:/Work/Vitis_workspace_FPGAVerification/Mercury_XU5_PE1/export/Mercury_XU5_PE1/sw/Mercury_XU5_PE1/standalone_psu_cortexa53_0/bspinclude/include -MMD -MP -MF"src/Source/StatisticsFunctions/arm_mse_f16.d" -MT"src/Source/StatisticsFunctions/arm_mse_f16.o" -o "src/Source/StatisticsFunctions/arm_mse_f16.o" "../src/Source/StatisticsFunctions/arm_mse_f16.c"
'Finished building: ../src/Source/StatisticsFunctions/arm_mse_f16.c'
' '
'Building file: ../src/Source/StatisticsFunctions/arm_mse_f32.c'
'Invoking: ARM v8 gcc compiler'
aarch64-none-elf-gcc -DDISABLEFLOAT16 -Wall -O0 -g3 -ID:/Work/Vitis_workspace_FPGAVerification/Mercury_XU5_PE1/export/Mercury_XU5_PE1/sw/Mercury_XU5_PE1/standalone_psu_cortexa53_0/bspinclude/include -I"D:\Work\Vitis_workspace_FPGAVerification\ServoDrive_CB_FPGAVerification\src\ComputeLibrary" -I"D:\Work\Vitis_workspace_FPGAVerification\ServoDrive_CB_FPGAVerification\src\Include" -I"D:\Work\Vitis_workspace_FPGAVerification\ServoDrive_CB_FPGAVerification\src\PrivateInclude" -I"D:\Work\Vitis_workspace_FPGAVerification\ServoDrive_CB_FPGAVerification\src\Source" -I"D:\Work\Vitis_workspace_FPGAVerification\ServoDrive_CB_FPGAVerification\src\Include\dsp" -I"D:\Work\Vitis_workspace_FPGAVerification\ServoDrive_CB_FPGAVerification\src\ComputeLibrary\Include" -c -fmessage-length=0 -MT"src/Source/StatisticsFunctions/arm_mse_f32.o" -ID:/Work/Vitis_workspace_FPGAVerification/Mercury_XU5_PE1/export/Mercury_XU5_PE1/sw/Mercury_XU5_PE1/standalone_psu_cortexa53_0/bspinclude/include -MMD -MP -MF"src/Source/StatisticsFunctions/arm_mse_f32.d" -MT"src/Source/StatisticsFunctions/arm_mse_f32.o" -o "src/Source/StatisticsFunctions/arm_mse_f32.o" "../src/Source/StatisticsFunctions/arm_mse_f32.c"
'Finished building: ../src/Source/StatisticsFunctions/arm_mse_f32.c'
' '
'Building file: ../src/Source/StatisticsFunctions/arm_mse_f64.c'
'Invoking: ARM v8 gcc compiler'
aarch64-none-elf-gcc -DDISABLEFLOAT16 -Wall -O0 -g3 -ID:/Work/Vitis_workspace_FPGAVerification/Mercury_XU5_PE1/export/Mercury_XU5_PE1/sw/Mercury_XU5_PE1/standalone_psu_cortexa53_0/bspinclude/include -I"D:\Work\Vitis_workspace_FPGAVerification\ServoDrive_CB_FPGAVerification\src\ComputeLibrary" -I"D:\Work\Vitis_workspace_FPGAVerification\ServoDrive_CB_FPGAVerification\src\Include" -I"D:\Work\Vitis_workspace_FPGAVerification\ServoDrive_CB_FPGAVerification\src\PrivateInclude" -I"D:\Work\Vitis_workspace_FPGAVerification\ServoDrive_CB_FPGAVerification\src\Source" -I"D:\Work\Vitis_workspace_FPGAVerification\ServoDrive_CB_FPGAVerification\src\Include\dsp" -I"D:\Work\Vitis_workspace_FPGAVerification\ServoDrive_CB_FPGAVerification\src\ComputeLibrary\Include" -c -fmessage-length=0 -MT"src/Source/StatisticsFunctions/arm_mse_f64.o" -ID:/Work/Vitis_workspace_FPGAVerification/Mercury_XU5_PE1/export/Mercury_XU5_PE1/sw/Mercury_XU5_PE1/standalone_psu_cortexa53_0/bspinclude/include -MMD -MP -MF"src/Source/StatisticsFunctions/arm_mse_f64.d" -MT"src/Source/StatisticsFunctions/arm_mse_f64.o" -o "src/Source/StatisticsFunctions/arm_mse_f64.o" "../src/Source/StatisticsFunctions/arm_mse_f64.c"
'Finished building: ../src/Source/StatisticsFunctions/arm_mse_f64.c'
' '
'Building file: ../src/Source/StatisticsFunctions/arm_mse_q15.c'
'Invoking: ARM v8 gcc compiler'
aarch64-none-elf-gcc -DDISABLEFLOAT16 -Wall -O0 -g3 -ID:/Work/Vitis_workspace_FPGAVerification/Mercury_XU5_PE1/export/Mercury_XU5_PE1/sw/Mercury_XU5_PE1/standalone_psu_cortexa53_0/bspinclude/include -I"D:\Work\Vitis_workspace_FPGAVerification\ServoDrive_CB_FPGAVerification\src\ComputeLibrary" -I"D:\Work\Vitis_workspace_FPGAVerification\ServoDrive_CB_FPGAVerification\src\Include" -I"D:\Work\Vitis_workspace_FPGAVerification\ServoDrive_CB_FPGAVerification\src\PrivateInclude" -I"D:\Work\Vitis_workspace_FPGAVerification\ServoDrive_CB_FPGAVerification\src\Source" -I"D:\Work\Vitis_workspace_FPGAVerification\ServoDrive_CB_FPGAVerification\src\Include\dsp" -I"D:\Work\Vitis_workspace_FPGAVerification\ServoDrive_CB_FPGAVerification\src\ComputeLibrary\Include" -c -fmessage-length=0 -MT"src/Source/StatisticsFunctions/arm_mse_q15.o" -ID:/Work/Vitis_workspace_FPGAVerification/Mercury_XU5_PE1/export/Mercury_XU5_PE1/sw/Mercury_XU5_PE1/standalone_psu_cortexa53_0/bspinclude/include -MMD -MP -MF"src/Source/StatisticsFunctions/arm_mse_q15.d" -MT"src/Source/StatisticsFunctions/arm_mse_q15.o" -o "src/Source/StatisticsFunctions/arm_mse_q15.o" "../src/Source/StatisticsFunctions/arm_mse_q15.c"
'Finished building: ../src/Source/StatisticsFunctions/arm_mse_q15.c'
' '
'Building file: ../src/Source/StatisticsFunctions/arm_mse_q31.c'
'Invoking: ARM v8 gcc compiler'
aarch64-none-elf-gcc -DDISABLEFLOAT16 -Wall -O0 -g3 -ID:/Work/Vitis_workspace_FPGAVerification/Mercury_XU5_PE1/export/Mercury_XU5_PE1/sw/Mercury_XU5_PE1/standalone_psu_cortexa53_0/bspinclude/include -I"D:\Work\Vitis_workspace_FPGAVerification\ServoDrive_CB_FPGAVerification\src\ComputeLibrary" -I"D:\Work\Vitis_workspace_FPGAVerification\ServoDrive_CB_FPGAVerification\src\Include" -I"D:\Work\Vitis_workspace_FPGAVerification\ServoDrive_CB_FPGAVerification\src\PrivateInclude" -I"D:\Work\Vitis_workspace_FPGAVerification\ServoDrive_CB_FPGAVerification\src\Source" -I"D:\Work\Vitis_workspace_FPGAVerification\ServoDrive_CB_FPGAVerification\src\Include\dsp" -I"D:\Work\Vitis_workspace_FPGAVerification\ServoDrive_CB_FPGAVerification\src\ComputeLibrary\Include" -c -fmessage-length=0 -MT"src/Source/StatisticsFunctions/arm_mse_q31.o" -ID:/Work/Vitis_workspace_FPGAVerification/Mercury_XU5_PE1/export/Mercury_XU5_PE1/sw/Mercury_XU5_PE1/standalone_psu_cortexa53_0/bspinclude/include -MMD -MP -MF"src/Source/StatisticsFunctions/arm_mse_q31.d" -MT"src/Source/StatisticsFunctions/arm_mse_q31.o" -o "src/Source/StatisticsFunctions/arm_mse_q31.o" "../src/Source/StatisticsFunctions/arm_mse_q31.c"
'Finished building: ../src/Source/StatisticsFunctions/arm_mse_q31.c'
' '
'Building file: ../src/Source/StatisticsFunctions/arm_mse_q7.c'
'Invoking: ARM v8 gcc compiler'
aarch64-none-elf-gcc -DDISABLEFLOAT16 -Wall -O0 -g3 -ID:/Work/Vitis_workspace_FPGAVerification/Mercury_XU5_PE1/export/Mercury_XU5_PE1/sw/Mercury_XU5_PE1/standalone_psu_cortexa53_0/bspinclude/include -I"D:\Work\Vitis_workspace_FPGAVerification\ServoDrive_CB_FPGAVerification\src\ComputeLibrary" -I"D:\Work\Vitis_workspace_FPGAVerification\ServoDrive_CB_FPGAVerification\src\Include" -I"D:\Work\Vitis_workspace_FPGAVerification\ServoDrive_CB_FPGAVerification\src\PrivateInclude" -I"D:\Work\Vitis_workspace_FPGAVerification\ServoDrive_CB_FPGAVerification\src\Source" -I"D:\Work\Vitis_workspace_FPGAVerification\ServoDrive_CB_FPGAVerification\src\Include\dsp" -I"D:\Work\Vitis_workspace_FPGAVerification\ServoDrive_CB_FPGAVerification\src\ComputeLibrary\Include" -c -fmessage-length=0 -MT"src/Source/StatisticsFunctions/arm_mse_q7.o" -ID:/Work/Vitis_workspace_FPGAVerification/Mercury_XU5_PE1/export/Mercury_XU5_PE1/sw/Mercury_XU5_PE1/standalone_psu_cortexa53_0/bspinclude/include -MMD -MP -MF"src/Source/StatisticsFunctions/arm_mse_q7.d" -MT"src/Source/StatisticsFunctions/arm_mse_q7.o" -o "src/Source/StatisticsFunctions/arm_mse_q7.o" "../src/Source/StatisticsFunctions/arm_mse_q7.c"
'Finished building: ../src/Source/StatisticsFunctions/arm_mse_q7.c'
' '
'Building file: ../src/Source/StatisticsFunctions/arm_power_f16.c'
'Invoking: ARM v8 gcc compiler'
aarch64-none-elf-gcc -DDISABLEFLOAT16 -Wall -O0 -g3 -ID:/Work/Vitis_workspace_FPGAVerification/Mercury_XU5_PE1/export/Mercury_XU5_PE1/sw/Mercury_XU5_PE1/standalone_psu_cortexa53_0/bspinclude/include -I"D:\Work\Vitis_workspace_FPGAVerification\ServoDrive_CB_FPGAVerification\src\ComputeLibrary" -I"D:\Work\Vitis_workspace_FPGAVerification\ServoDrive_CB_FPGAVerification\src\Include" -I"D:\Work\Vitis_workspace_FPGAVerification\ServoDrive_CB_FPGAVerification\src\PrivateInclude" -I"D:\Work\Vitis_workspace_FPGAVerification\ServoDrive_CB_FPGAVerification\src\Source" -I"D:\Work\Vitis_workspace_FPGAVerification\ServoDrive_CB_FPGAVerification\src\Include\dsp" -I"D:\Work\Vitis_workspace_FPGAVerification\ServoDrive_CB_FPGAVerification\src\ComputeLibrary\Include" -c -fmessage-length=0 -MT"src/Source/StatisticsFunctions/arm_power_f16.o" -ID:/Work/Vitis_workspace_FPGAVerification/Mercury_XU5_PE1/export/Mercury_XU5_PE1/sw/Mercury_XU5_PE1/standalone_psu_cortexa53_0/bspinclude/include -MMD -MP -MF"src/Source/StatisticsFunctions/arm_power_f16.d" -MT"src/Source/StatisticsFunctions/arm_power_f16.o" -o "src/Source/StatisticsFunctions/arm_power_f16.o" "../src/Source/StatisticsFunctions/arm_power_f16.c"
'Finished building: ../src/Source/StatisticsFunctions/arm_power_f16.c'
' '
'Building file: ../src/Source/StatisticsFunctions/arm_power_f32.c'
'Invoking: ARM v8 gcc compiler'
aarch64-none-elf-gcc -DDISABLEFLOAT16 -Wall -O0 -g3 -ID:/Work/Vitis_workspace_FPGAVerification/Mercury_XU5_PE1/export/Mercury_XU5_PE1/sw/Mercury_XU5_PE1/standalone_psu_cortexa53_0/bspinclude/include -I"D:\Work\Vitis_workspace_FPGAVerification\ServoDrive_CB_FPGAVerification\src\ComputeLibrary" -I"D:\Work\Vitis_workspace_FPGAVerification\ServoDrive_CB_FPGAVerification\src\Include" -I"D:\Work\Vitis_workspace_FPGAVerification\ServoDrive_CB_FPGAVerification\src\PrivateInclude" -I"D:\Work\Vitis_workspace_FPGAVerification\ServoDrive_CB_FPGAVerification\src\Source" -I"D:\Work\Vitis_workspace_FPGAVerification\ServoDrive_CB_FPGAVerification\src\Include\dsp" -I"D:\Work\Vitis_workspace_FPGAVerification\ServoDrive_CB_FPGAVerification\src\ComputeLibrary\Include" -c -fmessage-length=0 -MT"src/Source/StatisticsFunctions/arm_power_f32.o" -ID:/Work/Vitis_workspace_FPGAVerification/Mercury_XU5_PE1/export/Mercury_XU5_PE1/sw/Mercury_XU5_PE1/standalone_psu_cortexa53_0/bspinclude/include -MMD -MP -MF"src/Source/StatisticsFunctions/arm_power_f32.d" -MT"src/Source/StatisticsFunctions/arm_power_f32.o" -o "src/Source/StatisticsFunctions/arm_power_f32.o" "../src/Source/StatisticsFunctions/arm_power_f32.c"
'Finished building: ../src/Source/StatisticsFunctions/arm_power_f32.c'
' '
'Building file: ../src/Source/StatisticsFunctions/arm_power_f64.c'
'Invoking: ARM v8 gcc compiler'
aarch64-none-elf-gcc -DDISABLEFLOAT16 -Wall -O0 -g3 -ID:/Work/Vitis_workspace_FPGAVerification/Mercury_XU5_PE1/export/Mercury_XU5_PE1/sw/Mercury_XU5_PE1/standalone_psu_cortexa53_0/bspinclude/include -I"D:\Work\Vitis_workspace_FPGAVerification\ServoDrive_CB_FPGAVerification\src\ComputeLibrary" -I"D:\Work\Vitis_workspace_FPGAVerification\ServoDrive_CB_FPGAVerification\src\Include" -I"D:\Work\Vitis_workspace_FPGAVerification\ServoDrive_CB_FPGAVerification\src\PrivateInclude" -I"D:\Work\Vitis_workspace_FPGAVerification\ServoDrive_CB_FPGAVerification\src\Source" -I"D:\Work\Vitis_workspace_FPGAVerification\ServoDrive_CB_FPGAVerification\src\Include\dsp" -I"D:\Work\Vitis_workspace_FPGAVerification\ServoDrive_CB_FPGAVerification\src\ComputeLibrary\Include" -c -fmessage-length=0 -MT"src/Source/StatisticsFunctions/arm_power_f64.o" -ID:/Work/Vitis_workspace_FPGAVerification/Mercury_XU5_PE1/export/Mercury_XU5_PE1/sw/Mercury_XU5_PE1/standalone_psu_cortexa53_0/bspinclude/include -MMD -MP -MF"src/Source/StatisticsFunctions/arm_power_f64.d" -MT"src/Source/StatisticsFunctions/arm_power_f64.o" -o "src/Source/StatisticsFunctions/arm_power_f64.o" "../src/Source/StatisticsFunctions/arm_power_f64.c"
'Finished building: ../src/Source/StatisticsFunctions/arm_power_f64.c'
' '
'Building file: ../src/Source/StatisticsFunctions/arm_power_q15.c'
'Invoking: ARM v8 gcc compiler'
aarch64-none-elf-gcc -DDISABLEFLOAT16 -Wall -O0 -g3 -ID:/Work/Vitis_workspace_FPGAVerification/Mercury_XU5_PE1/export/Mercury_XU5_PE1/sw/Mercury_XU5_PE1/standalone_psu_cortexa53_0/bspinclude/include -I"D:\Work\Vitis_workspace_FPGAVerification\ServoDrive_CB_FPGAVerification\src\ComputeLibrary" -I"D:\Work\Vitis_workspace_FPGAVerification\ServoDrive_CB_FPGAVerification\src\Include" -I"D:\Work\Vitis_workspace_FPGAVerification\ServoDrive_CB_FPGAVerification\src\PrivateInclude" -I"D:\Work\Vitis_workspace_FPGAVerification\ServoDrive_CB_FPGAVerification\src\Source" -I"D:\Work\Vitis_workspace_FPGAVerification\ServoDrive_CB_FPGAVerification\src\Include\dsp" -I"D:\Work\Vitis_workspace_FPGAVerification\ServoDrive_CB_FPGAVerification\src\ComputeLibrary\Include" -c -fmessage-length=0 -MT"src/Source/StatisticsFunctions/arm_power_q15.o" -ID:/Work/Vitis_workspace_FPGAVerification/Mercury_XU5_PE1/export/Mercury_XU5_PE1/sw/Mercury_XU5_PE1/standalone_psu_cortexa53_0/bspinclude/include -MMD -MP -MF"src/Source/StatisticsFunctions/arm_power_q15.d" -MT"src/Source/StatisticsFunctions/arm_power_q15.o" -o "src/Source/StatisticsFunctions/arm_power_q15.o" "../src/Source/StatisticsFunctions/arm_power_q15.c"
'Finished building: ../src/Source/StatisticsFunctions/arm_power_q15.c'
' '
'Building file: ../src/Source/StatisticsFunctions/arm_power_q31.c'
'Invoking: ARM v8 gcc compiler'
aarch64-none-elf-gcc -DDISABLEFLOAT16 -Wall -O0 -g3 -ID:/Work/Vitis_workspace_FPGAVerification/Mercury_XU5_PE1/export/Mercury_XU5_PE1/sw/Mercury_XU5_PE1/standalone_psu_cortexa53_0/bspinclude/include -I"D:\Work\Vitis_workspace_FPGAVerification\ServoDrive_CB_FPGAVerification\src\ComputeLibrary" -I"D:\Work\Vitis_workspace_FPGAVerification\ServoDrive_CB_FPGAVerification\src\Include" -I"D:\Work\Vitis_workspace_FPGAVerification\ServoDrive_CB_FPGAVerification\src\PrivateInclude" -I"D:\Work\Vitis_workspace_FPGAVerification\ServoDrive_CB_FPGAVerification\src\Source" -I"D:\Work\Vitis_workspace_FPGAVerification\ServoDrive_CB_FPGAVerification\src\Include\dsp" -I"D:\Work\Vitis_workspace_FPGAVerification\ServoDrive_CB_FPGAVerification\src\ComputeLibrary\Include" -c -fmessage-length=0 -MT"src/Source/StatisticsFunctions/arm_power_q31.o" -ID:/Work/Vitis_workspace_FPGAVerification/Mercury_XU5_PE1/export/Mercury_XU5_PE1/sw/Mercury_XU5_PE1/standalone_psu_cortexa53_0/bspinclude/include -MMD -MP -MF"src/Source/StatisticsFunctions/arm_power_q31.d" -MT"src/Source/StatisticsFunctions/arm_power_q31.o" -o "src/Source/StatisticsFunctions/arm_power_q31.o" "../src/Source/StatisticsFunctions/arm_power_q31.c"
'Finished building: ../src/Source/StatisticsFunctions/arm_power_q31.c'
' '
'Building file: ../src/Source/StatisticsFunctions/arm_power_q7.c'
'Invoking: ARM v8 gcc compiler'
aarch64-none-elf-gcc -DDISABLEFLOAT16 -Wall -O0 -g3 -ID:/Work/Vitis_workspace_FPGAVerification/Mercury_XU5_PE1/export/Mercury_XU5_PE1/sw/Mercury_XU5_PE1/standalone_psu_cortexa53_0/bspinclude/include -I"D:\Work\Vitis_workspace_FPGAVerification\ServoDrive_CB_FPGAVerification\src\ComputeLibrary" -I"D:\Work\Vitis_workspace_FPGAVerification\ServoDrive_CB_FPGAVerification\src\Include" -I"D:\Work\Vitis_workspace_FPGAVerification\ServoDrive_CB_FPGAVerification\src\PrivateInclude" -I"D:\Work\Vitis_workspace_FPGAVerification\ServoDrive_CB_FPGAVerification\src\Source" -I"D:\Work\Vitis_workspace_FPGAVerification\ServoDrive_CB_FPGAVerification\src\Include\dsp" -I"D:\Work\Vitis_workspace_FPGAVerification\ServoDrive_CB_FPGAVerification\src\ComputeLibrary\Include" -c -fmessage-length=0 -MT"src/Source/StatisticsFunctions/arm_power_q7.o" -ID:/Work/Vitis_workspace_FPGAVerification/Mercury_XU5_PE1/export/Mercury_XU5_PE1/sw/Mercury_XU5_PE1/standalone_psu_cortexa53_0/bspinclude/include -MMD -MP -MF"src/Source/StatisticsFunctions/arm_power_q7.d" -MT"src/Source/StatisticsFunctions/arm_power_q7.o" -o "src/Source/StatisticsFunctions/arm_power_q7.o" "../src/Source/StatisticsFunctions/arm_power_q7.c"
'Finished building: ../src/Source/StatisticsFunctions/arm_power_q7.c'
' '
'Building file: ../src/Source/StatisticsFunctions/arm_rms_f16.c'
'Invoking: ARM v8 gcc compiler'
aarch64-none-elf-gcc -DDISABLEFLOAT16 -Wall -O0 -g3 -ID:/Work/Vitis_workspace_FPGAVerification/Mercury_XU5_PE1/export/Mercury_XU5_PE1/sw/Mercury_XU5_PE1/standalone_psu_cortexa53_0/bspinclude/include -I"D:\Work\Vitis_workspace_FPGAVerification\ServoDrive_CB_FPGAVerification\src\ComputeLibrary" -I"D:\Work\Vitis_workspace_FPGAVerification\ServoDrive_CB_FPGAVerification\src\Include" -I"D:\Work\Vitis_workspace_FPGAVerification\ServoDrive_CB_FPGAVerification\src\PrivateInclude" -I"D:\Work\Vitis_workspace_FPGAVerification\ServoDrive_CB_FPGAVerification\src\Source" -I"D:\Work\Vitis_workspace_FPGAVerification\ServoDrive_CB_FPGAVerification\src\Include\dsp" -I"D:\Work\Vitis_workspace_FPGAVerification\ServoDrive_CB_FPGAVerification\src\ComputeLibrary\Include" -c -fmessage-length=0 -MT"src/Source/StatisticsFunctions/arm_rms_f16.o" -ID:/Work/Vitis_workspace_FPGAVerification/Mercury_XU5_PE1/export/Mercury_XU5_PE1/sw/Mercury_XU5_PE1/standalone_psu_cortexa53_0/bspinclude/include -MMD -MP -MF"src/Source/StatisticsFunctions/arm_rms_f16.d" -MT"src/Source/StatisticsFunctions/arm_rms_f16.o" -o "src/Source/StatisticsFunctions/arm_rms_f16.o" "../src/Source/StatisticsFunctions/arm_rms_f16.c"
'Finished building: ../src/Source/StatisticsFunctions/arm_rms_f16.c'
' '
'Building file: ../src/Source/StatisticsFunctions/arm_rms_f32.c'
'Invoking: ARM v8 gcc compiler'
aarch64-none-elf-gcc -DDISABLEFLOAT16 -Wall -O0 -g3 -ID:/Work/Vitis_workspace_FPGAVerification/Mercury_XU5_PE1/export/Mercury_XU5_PE1/sw/Mercury_XU5_PE1/standalone_psu_cortexa53_0/bspinclude/include -I"D:\Work\Vitis_workspace_FPGAVerification\ServoDrive_CB_FPGAVerification\src\ComputeLibrary" -I"D:\Work\Vitis_workspace_FPGAVerification\ServoDrive_CB_FPGAVerification\src\Include" -I"D:\Work\Vitis_workspace_FPGAVerification\ServoDrive_CB_FPGAVerification\src\PrivateInclude" -I"D:\Work\Vitis_workspace_FPGAVerification\ServoDrive_CB_FPGAVerification\src\Source" -I"D:\Work\Vitis_workspace_FPGAVerification\ServoDrive_CB_FPGAVerification\src\Include\dsp" -I"D:\Work\Vitis_workspace_FPGAVerification\ServoDrive_CB_FPGAVerification\src\ComputeLibrary\Include" -c -fmessage-length=0 -MT"src/Source/StatisticsFunctions/arm_rms_f32.o" -ID:/Work/Vitis_workspace_FPGAVerification/Mercury_XU5_PE1/export/Mercury_XU5_PE1/sw/Mercury_XU5_PE1/standalone_psu_cortexa53_0/bspinclude/include -MMD -MP -MF"src/Source/StatisticsFunctions/arm_rms_f32.d" -MT"src/Source/StatisticsFunctions/arm_rms_f32.o" -o "src/Source/StatisticsFunctions/arm_rms_f32.o" "../src/Source/StatisticsFunctions/arm_rms_f32.c"
'Finished building: ../src/Source/StatisticsFunctions/arm_rms_f32.c'
' '
'Building file: ../src/Source/StatisticsFunctions/arm_rms_q15.c'
'Invoking: ARM v8 gcc compiler'
aarch64-none-elf-gcc -DDISABLEFLOAT16 -Wall -O0 -g3 -ID:/Work/Vitis_workspace_FPGAVerification/Mercury_XU5_PE1/export/Mercury_XU5_PE1/sw/Mercury_XU5_PE1/standalone_psu_cortexa53_0/bspinclude/include -I"D:\Work\Vitis_workspace_FPGAVerification\ServoDrive_CB_FPGAVerification\src\ComputeLibrary" -I"D:\Work\Vitis_workspace_FPGAVerification\ServoDrive_CB_FPGAVerification\src\Include" -I"D:\Work\Vitis_workspace_FPGAVerification\ServoDrive_CB_FPGAVerification\src\PrivateInclude" -I"D:\Work\Vitis_workspace_FPGAVerification\ServoDrive_CB_FPGAVerification\src\Source" -I"D:\Work\Vitis_workspace_FPGAVerification\ServoDrive_CB_FPGAVerification\src\Include\dsp" -I"D:\Work\Vitis_workspace_FPGAVerification\ServoDrive_CB_FPGAVerification\src\ComputeLibrary\Include" -c -fmessage-length=0 -MT"src/Source/StatisticsFunctions/arm_rms_q15.o" -ID:/Work/Vitis_workspace_FPGAVerification/Mercury_XU5_PE1/export/Mercury_XU5_PE1/sw/Mercury_XU5_PE1/standalone_psu_cortexa53_0/bspinclude/include -MMD -MP -MF"src/Source/StatisticsFunctions/arm_rms_q15.d" -MT"src/Source/StatisticsFunctions/arm_rms_q15.o" -o "src/Source/StatisticsFunctions/arm_rms_q15.o" "../src/Source/StatisticsFunctions/arm_rms_q15.c"
'Finished building: ../src/Source/StatisticsFunctions/arm_rms_q15.c'
' '
'Building file: ../src/Source/StatisticsFunctions/arm_rms_q31.c'
'Invoking: ARM v8 gcc compiler'
aarch64-none-elf-gcc -DDISABLEFLOAT16 -Wall -O0 -g3 -ID:/Work/Vitis_workspace_FPGAVerification/Mercury_XU5_PE1/export/Mercury_XU5_PE1/sw/Mercury_XU5_PE1/standalone_psu_cortexa53_0/bspinclude/include -I"D:\Work\Vitis_workspace_FPGAVerification\ServoDrive_CB_FPGAVerification\src\ComputeLibrary" -I"D:\Work\Vitis_workspace_FPGAVerification\ServoDrive_CB_FPGAVerification\src\Include" -I"D:\Work\Vitis_workspace_FPGAVerification\ServoDrive_CB_FPGAVerification\src\PrivateInclude" -I"D:\Work\Vitis_workspace_FPGAVerification\ServoDrive_CB_FPGAVerification\src\Source" -I"D:\Work\Vitis_workspace_FPGAVerification\ServoDrive_CB_FPGAVerification\src\Include\dsp" -I"D:\Work\Vitis_workspace_FPGAVerification\ServoDrive_CB_FPGAVerification\src\ComputeLibrary\Include" -c -fmessage-length=0 -MT"src/Source/StatisticsFunctions/arm_rms_q31.o" -ID:/Work/Vitis_workspace_FPGAVerification/Mercury_XU5_PE1/export/Mercury_XU5_PE1/sw/Mercury_XU5_PE1/standalone_psu_cortexa53_0/bspinclude/include -MMD -MP -MF"src/Source/StatisticsFunctions/arm_rms_q31.d" -MT"src/Source/StatisticsFunctions/arm_rms_q31.o" -o "src/Source/StatisticsFunctions/arm_rms_q31.o" "../src/Source/StatisticsFunctions/arm_rms_q31.c"
'Finished building: ../src/Source/StatisticsFunctions/arm_rms_q31.c'
' '
'Building file: ../src/Source/StatisticsFunctions/arm_std_f16.c'
'Invoking: ARM v8 gcc compiler'
aarch64-none-elf-gcc -DDISABLEFLOAT16 -Wall -O0 -g3 -ID:/Work/Vitis_workspace_FPGAVerification/Mercury_XU5_PE1/export/Mercury_XU5_PE1/sw/Mercury_XU5_PE1/standalone_psu_cortexa53_0/bspinclude/include -I"D:\Work\Vitis_workspace_FPGAVerification\ServoDrive_CB_FPGAVerification\src\ComputeLibrary" -I"D:\Work\Vitis_workspace_FPGAVerification\ServoDrive_CB_FPGAVerification\src\Include" -I"D:\Work\Vitis_workspace_FPGAVerification\ServoDrive_CB_FPGAVerification\src\PrivateInclude" -I"D:\Work\Vitis_workspace_FPGAVerification\ServoDrive_CB_FPGAVerification\src\Source" -I"D:\Work\Vitis_workspace_FPGAVerification\ServoDrive_CB_FPGAVerification\src\Include\dsp" -I"D:\Work\Vitis_workspace_FPGAVerification\ServoDrive_CB_FPGAVerification\src\ComputeLibrary\Include" -c -fmessage-length=0 -MT"src/Source/StatisticsFunctions/arm_std_f16.o" -ID:/Work/Vitis_workspace_FPGAVerification/Mercury_XU5_PE1/export/Mercury_XU5_PE1/sw/Mercury_XU5_PE1/standalone_psu_cortexa53_0/bspinclude/include -MMD -MP -MF"src/Source/StatisticsFunctions/arm_std_f16.d" -MT"src/Source/StatisticsFunctions/arm_std_f16.o" -o "src/Source/StatisticsFunctions/arm_std_f16.o" "../src/Source/StatisticsFunctions/arm_std_f16.c"
'Finished building: ../src/Source/StatisticsFunctions/arm_std_f16.c'
' '
'Building file: ../src/Source/StatisticsFunctions/arm_std_f32.c'
'Invoking: ARM v8 gcc compiler'
aarch64-none-elf-gcc -DDISABLEFLOAT16 -Wall -O0 -g3 -ID:/Work/Vitis_workspace_FPGAVerification/Mercury_XU5_PE1/export/Mercury_XU5_PE1/sw/Mercury_XU5_PE1/standalone_psu_cortexa53_0/bspinclude/include -I"D:\Work\Vitis_workspace_FPGAVerification\ServoDrive_CB_FPGAVerification\src\ComputeLibrary" -I"D:\Work\Vitis_workspace_FPGAVerification\ServoDrive_CB_FPGAVerification\src\Include" -I"D:\Work\Vitis_workspace_FPGAVerification\ServoDrive_CB_FPGAVerification\src\PrivateInclude" -I"D:\Work\Vitis_workspace_FPGAVerification\ServoDrive_CB_FPGAVerification\src\Source" -I"D:\Work\Vitis_workspace_FPGAVerification\ServoDrive_CB_FPGAVerification\src\Include\dsp" -I"D:\Work\Vitis_workspace_FPGAVerification\ServoDrive_CB_FPGAVerification\src\ComputeLibrary\Include" -c -fmessage-length=0 -MT"src/Source/StatisticsFunctions/arm_std_f32.o" -ID:/Work/Vitis_workspace_FPGAVerification/Mercury_XU5_PE1/export/Mercury_XU5_PE1/sw/Mercury_XU5_PE1/standalone_psu_cortexa53_0/bspinclude/include -MMD -MP -MF"src/Source/StatisticsFunctions/arm_std_f32.d" -MT"src/Source/StatisticsFunctions/arm_std_f32.o" -o "src/Source/StatisticsFunctions/arm_std_f32.o" "../src/Source/StatisticsFunctions/arm_std_f32.c"
'Finished building: ../src/Source/StatisticsFunctions/arm_std_f32.c'
' '
'Building file: ../src/Source/StatisticsFunctions/arm_std_f64.c'
'Invoking: ARM v8 gcc compiler'
aarch64-none-elf-gcc -DDISABLEFLOAT16 -Wall -O0 -g3 -ID:/Work/Vitis_workspace_FPGAVerification/Mercury_XU5_PE1/export/Mercury_XU5_PE1/sw/Mercury_XU5_PE1/standalone_psu_cortexa53_0/bspinclude/include -I"D:\Work\Vitis_workspace_FPGAVerification\ServoDrive_CB_FPGAVerification\src\ComputeLibrary" -I"D:\Work\Vitis_workspace_FPGAVerification\ServoDrive_CB_FPGAVerification\src\Include" -I"D:\Work\Vitis_workspace_FPGAVerification\ServoDrive_CB_FPGAVerification\src\PrivateInclude" -I"D:\Work\Vitis_workspace_FPGAVerification\ServoDrive_CB_FPGAVerification\src\Source" -I"D:\Work\Vitis_workspace_FPGAVerification\ServoDrive_CB_FPGAVerification\src\Include\dsp" -I"D:\Work\Vitis_workspace_FPGAVerification\ServoDrive_CB_FPGAVerification\src\ComputeLibrary\Include" -c -fmessage-length=0 -MT"src/Source/StatisticsFunctions/arm_std_f64.o" -ID:/Work/Vitis_workspace_FPGAVerification/Mercury_XU5_PE1/export/Mercury_XU5_PE1/sw/Mercury_XU5_PE1/standalone_psu_cortexa53_0/bspinclude/include -MMD -MP -MF"src/Source/StatisticsFunctions/arm_std_f64.d" -MT"src/Source/StatisticsFunctions/arm_std_f64.o" -o "src/Source/StatisticsFunctions/arm_std_f64.o" "../src/Source/StatisticsFunctions/arm_std_f64.c"
'Finished building: ../src/Source/StatisticsFunctions/arm_std_f64.c'
' '
'Building file: ../src/Source/StatisticsFunctions/arm_std_q15.c'
'Invoking: ARM v8 gcc compiler'
aarch64-none-elf-gcc -DDISABLEFLOAT16 -Wall -O0 -g3 -ID:/Work/Vitis_workspace_FPGAVerification/Mercury_XU5_PE1/export/Mercury_XU5_PE1/sw/Mercury_XU5_PE1/standalone_psu_cortexa53_0/bspinclude/include -I"D:\Work\Vitis_workspace_FPGAVerification\ServoDrive_CB_FPGAVerification\src\ComputeLibrary" -I"D:\Work\Vitis_workspace_FPGAVerification\ServoDrive_CB_FPGAVerification\src\Include" -I"D:\Work\Vitis_workspace_FPGAVerification\ServoDrive_CB_FPGAVerification\src\PrivateInclude" -I"D:\Work\Vitis_workspace_FPGAVerification\ServoDrive_CB_FPGAVerification\src\Source" -I"D:\Work\Vitis_workspace_FPGAVerification\ServoDrive_CB_FPGAVerification\src\Include\dsp" -I"D:\Work\Vitis_workspace_FPGAVerification\ServoDrive_CB_FPGAVerification\src\ComputeLibrary\Include" -c -fmessage-length=0 -MT"src/Source/StatisticsFunctions/arm_std_q15.o" -ID:/Work/Vitis_workspace_FPGAVerification/Mercury_XU5_PE1/export/Mercury_XU5_PE1/sw/Mercury_XU5_PE1/standalone_psu_cortexa53_0/bspinclude/include -MMD -MP -MF"src/Source/StatisticsFunctions/arm_std_q15.d" -MT"src/Source/StatisticsFunctions/arm_std_q15.o" -o "src/Source/StatisticsFunctions/arm_std_q15.o" "../src/Source/StatisticsFunctions/arm_std_q15.c"
'Finished building: ../src/Source/StatisticsFunctions/arm_std_q15.c'
' '
'Building file: ../src/Source/StatisticsFunctions/arm_std_q31.c'
'Invoking: ARM v8 gcc compiler'
aarch64-none-elf-gcc -DDISABLEFLOAT16 -Wall -O0 -g3 -ID:/Work/Vitis_workspace_FPGAVerification/Mercury_XU5_PE1/export/Mercury_XU5_PE1/sw/Mercury_XU5_PE1/standalone_psu_cortexa53_0/bspinclude/include -I"D:\Work\Vitis_workspace_FPGAVerification\ServoDrive_CB_FPGAVerification\src\ComputeLibrary" -I"D:\Work\Vitis_workspace_FPGAVerification\ServoDrive_CB_FPGAVerification\src\Include" -I"D:\Work\Vitis_workspace_FPGAVerification\ServoDrive_CB_FPGAVerification\src\PrivateInclude" -I"D:\Work\Vitis_workspace_FPGAVerification\ServoDrive_CB_FPGAVerification\src\Source" -I"D:\Work\Vitis_workspace_FPGAVerification\ServoDrive_CB_FPGAVerification\src\Include\dsp" -I"D:\Work\Vitis_workspace_FPGAVerification\ServoDrive_CB_FPGAVerification\src\ComputeLibrary\Include" -c -fmessage-length=0 -MT"src/Source/StatisticsFunctions/arm_std_q31.o" -ID:/Work/Vitis_workspace_FPGAVerification/Mercury_XU5_PE1/export/Mercury_XU5_PE1/sw/Mercury_XU5_PE1/standalone_psu_cortexa53_0/bspinclude/include -MMD -MP -MF"src/Source/StatisticsFunctions/arm_std_q31.d" -MT"src/Source/StatisticsFunctions/arm_std_q31.o" -o "src/Source/StatisticsFunctions/arm_std_q31.o" "../src/Source/StatisticsFunctions/arm_std_q31.c"
'Finished building: ../src/Source/StatisticsFunctions/arm_std_q31.c'
' '
'Building file: ../src/Source/StatisticsFunctions/arm_var_f16.c'
'Invoking: ARM v8 gcc compiler'
aarch64-none-elf-gcc -DDISABLEFLOAT16 -Wall -O0 -g3 -ID:/Work/Vitis_workspace_FPGAVerification/Mercury_XU5_PE1/export/Mercury_XU5_PE1/sw/Mercury_XU5_PE1/standalone_psu_cortexa53_0/bspinclude/include -I"D:\Work\Vitis_workspace_FPGAVerification\ServoDrive_CB_FPGAVerification\src\ComputeLibrary" -I"D:\Work\Vitis_workspace_FPGAVerification\ServoDrive_CB_FPGAVerification\src\Include" -I"D:\Work\Vitis_workspace_FPGAVerification\ServoDrive_CB_FPGAVerification\src\PrivateInclude" -I"D:\Work\Vitis_workspace_FPGAVerification\ServoDrive_CB_FPGAVerification\src\Source" -I"D:\Work\Vitis_workspace_FPGAVerification\ServoDrive_CB_FPGAVerification\src\Include\dsp" -I"D:\Work\Vitis_workspace_FPGAVerification\ServoDrive_CB_FPGAVerification\src\ComputeLibrary\Include" -c -fmessage-length=0 -MT"src/Source/StatisticsFunctions/arm_var_f16.o" -ID:/Work/Vitis_workspace_FPGAVerification/Mercury_XU5_PE1/export/Mercury_XU5_PE1/sw/Mercury_XU5_PE1/standalone_psu_cortexa53_0/bspinclude/include -MMD -MP -MF"src/Source/StatisticsFunctions/arm_var_f16.d" -MT"src/Source/StatisticsFunctions/arm_var_f16.o" -o "src/Source/StatisticsFunctions/arm_var_f16.o" "../src/Source/StatisticsFunctions/arm_var_f16.c"
'Finished building: ../src/Source/StatisticsFunctions/arm_var_f16.c'
' '
'Building file: ../src/Source/StatisticsFunctions/arm_var_f32.c'
'Invoking: ARM v8 gcc compiler'
aarch64-none-elf-gcc -DDISABLEFLOAT16 -Wall -O0 -g3 -ID:/Work/Vitis_workspace_FPGAVerification/Mercury_XU5_PE1/export/Mercury_XU5_PE1/sw/Mercury_XU5_PE1/standalone_psu_cortexa53_0/bspinclude/include -I"D:\Work\Vitis_workspace_FPGAVerification\ServoDrive_CB_FPGAVerification\src\ComputeLibrary" -I"D:\Work\Vitis_workspace_FPGAVerification\ServoDrive_CB_FPGAVerification\src\Include" -I"D:\Work\Vitis_workspace_FPGAVerification\ServoDrive_CB_FPGAVerification\src\PrivateInclude" -I"D:\Work\Vitis_workspace_FPGAVerification\ServoDrive_CB_FPGAVerification\src\Source" -I"D:\Work\Vitis_workspace_FPGAVerification\ServoDrive_CB_FPGAVerification\src\Include\dsp" -I"D:\Work\Vitis_workspace_FPGAVerification\ServoDrive_CB_FPGAVerification\src\ComputeLibrary\Include" -c -fmessage-length=0 -MT"src/Source/StatisticsFunctions/arm_var_f32.o" -ID:/Work/Vitis_workspace_FPGAVerification/Mercury_XU5_PE1/export/Mercury_XU5_PE1/sw/Mercury_XU5_PE1/standalone_psu_cortexa53_0/bspinclude/include -MMD -MP -MF"src/Source/StatisticsFunctions/arm_var_f32.d" -MT"src/Source/StatisticsFunctions/arm_var_f32.o" -o "src/Source/StatisticsFunctions/arm_var_f32.o" "../src/Source/StatisticsFunctions/arm_var_f32.c"
'Finished building: ../src/Source/StatisticsFunctions/arm_var_f32.c'
' '
'Building file: ../src/Source/StatisticsFunctions/arm_var_f64.c'
'Invoking: ARM v8 gcc compiler'
aarch64-none-elf-gcc -DDISABLEFLOAT16 -Wall -O0 -g3 -ID:/Work/Vitis_workspace_FPGAVerification/Mercury_XU5_PE1/export/Mercury_XU5_PE1/sw/Mercury_XU5_PE1/standalone_psu_cortexa53_0/bspinclude/include -I"D:\Work\Vitis_workspace_FPGAVerification\ServoDrive_CB_FPGAVerification\src\ComputeLibrary" -I"D:\Work\Vitis_workspace_FPGAVerification\ServoDrive_CB_FPGAVerification\src\Include" -I"D:\Work\Vitis_workspace_FPGAVerification\ServoDrive_CB_FPGAVerification\src\PrivateInclude" -I"D:\Work\Vitis_workspace_FPGAVerification\ServoDrive_CB_FPGAVerification\src\Source" -I"D:\Work\Vitis_workspace_FPGAVerification\ServoDrive_CB_FPGAVerification\src\Include\dsp" -I"D:\Work\Vitis_workspace_FPGAVerification\ServoDrive_CB_FPGAVerification\src\ComputeLibrary\Include" -c -fmessage-length=0 -MT"src/Source/StatisticsFunctions/arm_var_f64.o" -ID:/Work/Vitis_workspace_FPGAVerification/Mercury_XU5_PE1/export/Mercury_XU5_PE1/sw/Mercury_XU5_PE1/standalone_psu_cortexa53_0/bspinclude/include -MMD -MP -MF"src/Source/StatisticsFunctions/arm_var_f64.d" -MT"src/Source/StatisticsFunctions/arm_var_f64.o" -o "src/Source/StatisticsFunctions/arm_var_f64.o" "../src/Source/StatisticsFunctions/arm_var_f64.c"
'Finished building: ../src/Source/StatisticsFunctions/arm_var_f64.c'
' '
'Building file: ../src/Source/StatisticsFunctions/arm_var_q15.c'
'Invoking: ARM v8 gcc compiler'
aarch64-none-elf-gcc -DDISABLEFLOAT16 -Wall -O0 -g3 -ID:/Work/Vitis_workspace_FPGAVerification/Mercury_XU5_PE1/export/Mercury_XU5_PE1/sw/Mercury_XU5_PE1/standalone_psu_cortexa53_0/bspinclude/include -I"D:\Work\Vitis_workspace_FPGAVerification\ServoDrive_CB_FPGAVerification\src\ComputeLibrary" -I"D:\Work\Vitis_workspace_FPGAVerification\ServoDrive_CB_FPGAVerification\src\Include" -I"D:\Work\Vitis_workspace_FPGAVerification\ServoDrive_CB_FPGAVerification\src\PrivateInclude" -I"D:\Work\Vitis_workspace_FPGAVerification\ServoDrive_CB_FPGAVerification\src\Source" -I"D:\Work\Vitis_workspace_FPGAVerification\ServoDrive_CB_FPGAVerification\src\Include\dsp" -I"D:\Work\Vitis_workspace_FPGAVerification\ServoDrive_CB_FPGAVerification\src\ComputeLibrary\Include" -c -fmessage-length=0 -MT"src/Source/StatisticsFunctions/arm_var_q15.o" -ID:/Work/Vitis_workspace_FPGAVerification/Mercury_XU5_PE1/export/Mercury_XU5_PE1/sw/Mercury_XU5_PE1/standalone_psu_cortexa53_0/bspinclude/include -MMD -MP -MF"src/Source/StatisticsFunctions/arm_var_q15.d" -MT"src/Source/StatisticsFunctions/arm_var_q15.o" -o "src/Source/StatisticsFunctions/arm_var_q15.o" "../src/Source/StatisticsFunctions/arm_var_q15.c"
'Finished building: ../src/Source/StatisticsFunctions/arm_var_q15.c'
' '
'Building file: ../src/Source/StatisticsFunctions/arm_var_q31.c'
'Invoking: ARM v8 gcc compiler'
aarch64-none-elf-gcc -DDISABLEFLOAT16 -Wall -O0 -g3 -ID:/Work/Vitis_workspace_FPGAVerification/Mercury_XU5_PE1/export/Mercury_XU5_PE1/sw/Mercury_XU5_PE1/standalone_psu_cortexa53_0/bspinclude/include -I"D:\Work\Vitis_workspace_FPGAVerification\ServoDrive_CB_FPGAVerification\src\ComputeLibrary" -I"D:\Work\Vitis_workspace_FPGAVerification\ServoDrive_CB_FPGAVerification\src\Include" -I"D:\Work\Vitis_workspace_FPGAVerification\ServoDrive_CB_FPGAVerification\src\PrivateInclude" -I"D:\Work\Vitis_workspace_FPGAVerification\ServoDrive_CB_FPGAVerification\src\Source" -I"D:\Work\Vitis_workspace_FPGAVerification\ServoDrive_CB_FPGAVerification\src\Include\dsp" -I"D:\Work\Vitis_workspace_FPGAVerification\ServoDrive_CB_FPGAVerification\src\ComputeLibrary\Include" -c -fmessage-length=0 -MT"src/Source/StatisticsFunctions/arm_var_q31.o" -ID:/Work/Vitis_workspace_FPGAVerification/Mercury_XU5_PE1/export/Mercury_XU5_PE1/sw/Mercury_XU5_PE1/standalone_psu_cortexa53_0/bspinclude/include -MMD -MP -MF"src/Source/StatisticsFunctions/arm_var_q31.d" -MT"src/Source/StatisticsFunctions/arm_var_q31.o" -o "src/Source/StatisticsFunctions/arm_var_q31.o" "../src/Source/StatisticsFunctions/arm_var_q31.c"
'Finished building: ../src/Source/StatisticsFunctions/arm_var_q31.c'
' '
'Building file: ../src/Source/FastMathFunctions/FastMathFunctionsF16.c'
'Invoking: ARM v8 gcc compiler'
aarch64-none-elf-gcc -DDISABLEFLOAT16 -Wall -O0 -g3 -ID:/Work/Vitis_workspace_FPGAVerification/Mercury_XU5_PE1/export/Mercury_XU5_PE1/sw/Mercury_XU5_PE1/standalone_psu_cortexa53_0/bspinclude/include -I"D:\Work\Vitis_workspace_FPGAVerification\ServoDrive_CB_FPGAVerification\src\ComputeLibrary" -I"D:\Work\Vitis_workspace_FPGAVerification\ServoDrive_CB_FPGAVerification\src\Include" -I"D:\Work\Vitis_workspace_FPGAVerification\ServoDrive_CB_FPGAVerification\src\PrivateInclude" -I"D:\Work\Vitis_workspace_FPGAVerification\ServoDrive_CB_FPGAVerification\src\Source" -I"D:\Work\Vitis_workspace_FPGAVerification\ServoDrive_CB_FPGAVerification\src\Include\dsp" -I"D:\Work\Vitis_workspace_FPGAVerification\ServoDrive_CB_FPGAVerification\src\ComputeLibrary\Include" -c -fmessage-length=0 -MT"src/Source/FastMathFunctions/FastMathFunctionsF16.o" -ID:/Work/Vitis_workspace_FPGAVerification/Mercury_XU5_PE1/export/Mercury_XU5_PE1/sw/Mercury_XU5_PE1/standalone_psu_cortexa53_0/bspinclude/include -MMD -MP -MF"src/Source/FastMathFunctions/FastMathFunctionsF16.d" -MT"src/Source/FastMathFunctions/FastMathFunctionsF16.o" -o "src/Source/FastMathFunctions/FastMathFunctionsF16.o" "../src/Source/FastMathFunctions/FastMathFunctionsF16.c"
'Finished building: ../src/Source/FastMathFunctions/FastMathFunctionsF16.c'
' '
'Building file: ../src/Source/FastMathFunctions/arm_atan2_f16.c'
'Invoking: ARM v8 gcc compiler'
aarch64-none-elf-gcc -DDISABLEFLOAT16 -Wall -O0 -g3 -ID:/Work/Vitis_workspace_FPGAVerification/Mercury_XU5_PE1/export/Mercury_XU5_PE1/sw/Mercury_XU5_PE1/standalone_psu_cortexa53_0/bspinclude/include -I"D:\Work\Vitis_workspace_FPGAVerification\ServoDrive_CB_FPGAVerification\src\ComputeLibrary" -I"D:\Work\Vitis_workspace_FPGAVerification\ServoDrive_CB_FPGAVerification\src\Include" -I"D:\Work\Vitis_workspace_FPGAVerification\ServoDrive_CB_FPGAVerification\src\PrivateInclude" -I"D:\Work\Vitis_workspace_FPGAVerification\ServoDrive_CB_FPGAVerification\src\Source" -I"D:\Work\Vitis_workspace_FPGAVerification\ServoDrive_CB_FPGAVerification\src\Include\dsp" -I"D:\Work\Vitis_workspace_FPGAVerification\ServoDrive_CB_FPGAVerification\src\ComputeLibrary\Include" -c -fmessage-length=0 -MT"src/Source/FastMathFunctions/arm_atan2_f16.o" -ID:/Work/Vitis_workspace_FPGAVerification/Mercury_XU5_PE1/export/Mercury_XU5_PE1/sw/Mercury_XU5_PE1/standalone_psu_cortexa53_0/bspinclude/include -MMD -MP -MF"src/Source/FastMathFunctions/arm_atan2_f16.d" -MT"src/Source/FastMathFunctions/arm_atan2_f16.o" -o "src/Source/FastMathFunctions/arm_atan2_f16.o" "../src/Source/FastMathFunctions/arm_atan2_f16.c"
'Finished building: ../src/Source/FastMathFunctions/arm_atan2_f16.c'
' '
'Building file: ../src/Source/FastMathFunctions/arm_atan2_f32.c'
'Invoking: ARM v8 gcc compiler'
aarch64-none-elf-gcc -DDISABLEFLOAT16 -Wall -O0 -g3 -ID:/Work/Vitis_workspace_FPGAVerification/Mercury_XU5_PE1/export/Mercury_XU5_PE1/sw/Mercury_XU5_PE1/standalone_psu_cortexa53_0/bspinclude/include -I"D:\Work\Vitis_workspace_FPGAVerification\ServoDrive_CB_FPGAVerification\src\ComputeLibrary" -I"D:\Work\Vitis_workspace_FPGAVerification\ServoDrive_CB_FPGAVerification\src\Include" -I"D:\Work\Vitis_workspace_FPGAVerification\ServoDrive_CB_FPGAVerification\src\PrivateInclude" -I"D:\Work\Vitis_workspace_FPGAVerification\ServoDrive_CB_FPGAVerification\src\Source" -I"D:\Work\Vitis_workspace_FPGAVerification\ServoDrive_CB_FPGAVerification\src\Include\dsp" -I"D:\Work\Vitis_workspace_FPGAVerification\ServoDrive_CB_FPGAVerification\src\ComputeLibrary\Include" -c -fmessage-length=0 -MT"src/Source/FastMathFunctions/arm_atan2_f32.o" -ID:/Work/Vitis_workspace_FPGAVerification/Mercury_XU5_PE1/export/Mercury_XU5_PE1/sw/Mercury_XU5_PE1/standalone_psu_cortexa53_0/bspinclude/include -MMD -MP -MF"src/Source/FastMathFunctions/arm_atan2_f32.d" -MT"src/Source/FastMathFunctions/arm_atan2_f32.o" -o "src/Source/FastMathFunctions/arm_atan2_f32.o" "../src/Source/FastMathFunctions/arm_atan2_f32.c"
'Finished building: ../src/Source/FastMathFunctions/arm_atan2_f32.c'
' '
'Building file: ../src/Source/FastMathFunctions/arm_atan2_q15.c'
'Invoking: ARM v8 gcc compiler'
aarch64-none-elf-gcc -DDISABLEFLOAT16 -Wall -O0 -g3 -ID:/Work/Vitis_workspace_FPGAVerification/Mercury_XU5_PE1/export/Mercury_XU5_PE1/sw/Mercury_XU5_PE1/standalone_psu_cortexa53_0/bspinclude/include -I"D:\Work\Vitis_workspace_FPGAVerification\ServoDrive_CB_FPGAVerification\src\ComputeLibrary" -I"D:\Work\Vitis_workspace_FPGAVerification\ServoDrive_CB_FPGAVerification\src\Include" -I"D:\Work\Vitis_workspace_FPGAVerification\ServoDrive_CB_FPGAVerification\src\PrivateInclude" -I"D:\Work\Vitis_workspace_FPGAVerification\ServoDrive_CB_FPGAVerification\src\Source" -I"D:\Work\Vitis_workspace_FPGAVerification\ServoDrive_CB_FPGAVerification\src\Include\dsp" -I"D:\Work\Vitis_workspace_FPGAVerification\ServoDrive_CB_FPGAVerification\src\ComputeLibrary\Include" -c -fmessage-length=0 -MT"src/Source/FastMathFunctions/arm_atan2_q15.o" -ID:/Work/Vitis_workspace_FPGAVerification/Mercury_XU5_PE1/export/Mercury_XU5_PE1/sw/Mercury_XU5_PE1/standalone_psu_cortexa53_0/bspinclude/include -MMD -MP -MF"src/Source/FastMathFunctions/arm_atan2_q15.d" -MT"src/Source/FastMathFunctions/arm_atan2_q15.o" -o "src/Source/FastMathFunctions/arm_atan2_q15.o" "../src/Source/FastMathFunctions/arm_atan2_q15.c"
'Finished building: ../src/Source/FastMathFunctions/arm_atan2_q15.c'
' '
'Building file: ../src/Source/FastMathFunctions/arm_atan2_q31.c'
'Invoking: ARM v8 gcc compiler'
aarch64-none-elf-gcc -DDISABLEFLOAT16 -Wall -O0 -g3 -ID:/Work/Vitis_workspace_FPGAVerification/Mercury_XU5_PE1/export/Mercury_XU5_PE1/sw/Mercury_XU5_PE1/standalone_psu_cortexa53_0/bspinclude/include -I"D:\Work\Vitis_workspace_FPGAVerification\ServoDrive_CB_FPGAVerification\src\ComputeLibrary" -I"D:\Work\Vitis_workspace_FPGAVerification\ServoDrive_CB_FPGAVerification\src\Include" -I"D:\Work\Vitis_workspace_FPGAVerification\ServoDrive_CB_FPGAVerification\src\PrivateInclude" -I"D:\Work\Vitis_workspace_FPGAVerification\ServoDrive_CB_FPGAVerification\src\Source" -I"D:\Work\Vitis_workspace_FPGAVerification\ServoDrive_CB_FPGAVerification\src\Include\dsp" -I"D:\Work\Vitis_workspace_FPGAVerification\ServoDrive_CB_FPGAVerification\src\ComputeLibrary\Include" -c -fmessage-length=0 -MT"src/Source/FastMathFunctions/arm_atan2_q31.o" -ID:/Work/Vitis_workspace_FPGAVerification/Mercury_XU5_PE1/export/Mercury_XU5_PE1/sw/Mercury_XU5_PE1/standalone_psu_cortexa53_0/bspinclude/include -MMD -MP -MF"src/Source/FastMathFunctions/arm_atan2_q31.d" -MT"src/Source/FastMathFunctions/arm_atan2_q31.o" -o "src/Source/FastMathFunctions/arm_atan2_q31.o" "../src/Source/FastMathFunctions/arm_atan2_q31.c"
'Finished building: ../src/Source/FastMathFunctions/arm_atan2_q31.c'
' '
'Building file: ../src/Source/FastMathFunctions/arm_cos_f32.c'
'Invoking: ARM v8 gcc compiler'
aarch64-none-elf-gcc -DDISABLEFLOAT16 -Wall -O0 -g3 -ID:/Work/Vitis_workspace_FPGAVerification/Mercury_XU5_PE1/export/Mercury_XU5_PE1/sw/Mercury_XU5_PE1/standalone_psu_cortexa53_0/bspinclude/include -I"D:\Work\Vitis_workspace_FPGAVerification\ServoDrive_CB_FPGAVerification\src\ComputeLibrary" -I"D:\Work\Vitis_workspace_FPGAVerification\ServoDrive_CB_FPGAVerification\src\Include" -I"D:\Work\Vitis_workspace_FPGAVerification\ServoDrive_CB_FPGAVerification\src\PrivateInclude" -I"D:\Work\Vitis_workspace_FPGAVerification\ServoDrive_CB_FPGAVerification\src\Source" -I"D:\Work\Vitis_workspace_FPGAVerification\ServoDrive_CB_FPGAVerification\src\Include\dsp" -I"D:\Work\Vitis_workspace_FPGAVerification\ServoDrive_CB_FPGAVerification\src\ComputeLibrary\Include" -c -fmessage-length=0 -MT"src/Source/FastMathFunctions/arm_cos_f32.o" -ID:/Work/Vitis_workspace_FPGAVerification/Mercury_XU5_PE1/export/Mercury_XU5_PE1/sw/Mercury_XU5_PE1/standalone_psu_cortexa53_0/bspinclude/include -MMD -MP -MF"src/Source/FastMathFunctions/arm_cos_f32.d" -MT"src/Source/FastMathFunctions/arm_cos_f32.o" -o "src/Source/FastMathFunctions/arm_cos_f32.o" "../src/Source/FastMathFunctions/arm_cos_f32.c"
'Finished building: ../src/Source/FastMathFunctions/arm_cos_f32.c'
' '
'Building file: ../src/Source/FastMathFunctions/arm_cos_q15.c'
'Invoking: ARM v8 gcc compiler'
aarch64-none-elf-gcc -DDISABLEFLOAT16 -Wall -O0 -g3 -ID:/Work/Vitis_workspace_FPGAVerification/Mercury_XU5_PE1/export/Mercury_XU5_PE1/sw/Mercury_XU5_PE1/standalone_psu_cortexa53_0/bspinclude/include -I"D:\Work\Vitis_workspace_FPGAVerification\ServoDrive_CB_FPGAVerification\src\ComputeLibrary" -I"D:\Work\Vitis_workspace_FPGAVerification\ServoDrive_CB_FPGAVerification\src\Include" -I"D:\Work\Vitis_workspace_FPGAVerification\ServoDrive_CB_FPGAVerification\src\PrivateInclude" -I"D:\Work\Vitis_workspace_FPGAVerification\ServoDrive_CB_FPGAVerification\src\Source" -I"D:\Work\Vitis_workspace_FPGAVerification\ServoDrive_CB_FPGAVerification\src\Include\dsp" -I"D:\Work\Vitis_workspace_FPGAVerification\ServoDrive_CB_FPGAVerification\src\ComputeLibrary\Include" -c -fmessage-length=0 -MT"src/Source/FastMathFunctions/arm_cos_q15.o" -ID:/Work/Vitis_workspace_FPGAVerification/Mercury_XU5_PE1/export/Mercury_XU5_PE1/sw/Mercury_XU5_PE1/standalone_psu_cortexa53_0/bspinclude/include -MMD -MP -MF"src/Source/FastMathFunctions/arm_cos_q15.d" -MT"src/Source/FastMathFunctions/arm_cos_q15.o" -o "src/Source/FastMathFunctions/arm_cos_q15.o" "../src/Source/FastMathFunctions/arm_cos_q15.c"
'Finished building: ../src/Source/FastMathFunctions/arm_cos_q15.c'
' '
'Building file: ../src/Source/FastMathFunctions/arm_cos_q31.c'
'Invoking: ARM v8 gcc compiler'
aarch64-none-elf-gcc -DDISABLEFLOAT16 -Wall -O0 -g3 -ID:/Work/Vitis_workspace_FPGAVerification/Mercury_XU5_PE1/export/Mercury_XU5_PE1/sw/Mercury_XU5_PE1/standalone_psu_cortexa53_0/bspinclude/include -I"D:\Work\Vitis_workspace_FPGAVerification\ServoDrive_CB_FPGAVerification\src\ComputeLibrary" -I"D:\Work\Vitis_workspace_FPGAVerification\ServoDrive_CB_FPGAVerification\src\Include" -I"D:\Work\Vitis_workspace_FPGAVerification\ServoDrive_CB_FPGAVerification\src\PrivateInclude" -I"D:\Work\Vitis_workspace_FPGAVerification\ServoDrive_CB_FPGAVerification\src\Source" -I"D:\Work\Vitis_workspace_FPGAVerification\ServoDrive_CB_FPGAVerification\src\Include\dsp" -I"D:\Work\Vitis_workspace_FPGAVerification\ServoDrive_CB_FPGAVerification\src\ComputeLibrary\Include" -c -fmessage-length=0 -MT"src/Source/FastMathFunctions/arm_cos_q31.o" -ID:/Work/Vitis_workspace_FPGAVerification/Mercury_XU5_PE1/export/Mercury_XU5_PE1/sw/Mercury_XU5_PE1/standalone_psu_cortexa53_0/bspinclude/include -MMD -MP -MF"src/Source/FastMathFunctions/arm_cos_q31.d" -MT"src/Source/FastMathFunctions/arm_cos_q31.o" -o "src/Source/FastMathFunctions/arm_cos_q31.o" "../src/Source/FastMathFunctions/arm_cos_q31.c"
'Finished building: ../src/Source/FastMathFunctions/arm_cos_q31.c'
' '
'Building file: ../src/Source/FastMathFunctions/arm_divide_q15.c'
'Invoking: ARM v8 gcc compiler'
aarch64-none-elf-gcc -DDISABLEFLOAT16 -Wall -O0 -g3 -ID:/Work/Vitis_workspace_FPGAVerification/Mercury_XU5_PE1/export/Mercury_XU5_PE1/sw/Mercury_XU5_PE1/standalone_psu_cortexa53_0/bspinclude/include -I"D:\Work\Vitis_workspace_FPGAVerification\ServoDrive_CB_FPGAVerification\src\ComputeLibrary" -I"D:\Work\Vitis_workspace_FPGAVerification\ServoDrive_CB_FPGAVerification\src\Include" -I"D:\Work\Vitis_workspace_FPGAVerification\ServoDrive_CB_FPGAVerification\src\PrivateInclude" -I"D:\Work\Vitis_workspace_FPGAVerification\ServoDrive_CB_FPGAVerification\src\Source" -I"D:\Work\Vitis_workspace_FPGAVerification\ServoDrive_CB_FPGAVerification\src\Include\dsp" -I"D:\Work\Vitis_workspace_FPGAVerification\ServoDrive_CB_FPGAVerification\src\ComputeLibrary\Include" -c -fmessage-length=0 -MT"src/Source/FastMathFunctions/arm_divide_q15.o" -ID:/Work/Vitis_workspace_FPGAVerification/Mercury_XU5_PE1/export/Mercury_XU5_PE1/sw/Mercury_XU5_PE1/standalone_psu_cortexa53_0/bspinclude/include -MMD -MP -MF"src/Source/FastMathFunctions/arm_divide_q15.d" -MT"src/Source/FastMathFunctions/arm_divide_q15.o" -o "src/Source/FastMathFunctions/arm_divide_q15.o" "../src/Source/FastMathFunctions/arm_divide_q15.c"
'Finished building: ../src/Source/FastMathFunctions/arm_divide_q15.c'
' '
'Building file: ../src/Source/FastMathFunctions/arm_divide_q31.c'
'Invoking: ARM v8 gcc compiler'
aarch64-none-elf-gcc -DDISABLEFLOAT16 -Wall -O0 -g3 -ID:/Work/Vitis_workspace_FPGAVerification/Mercury_XU5_PE1/export/Mercury_XU5_PE1/sw/Mercury_XU5_PE1/standalone_psu_cortexa53_0/bspinclude/include -I"D:\Work\Vitis_workspace_FPGAVerification\ServoDrive_CB_FPGAVerification\src\ComputeLibrary" -I"D:\Work\Vitis_workspace_FPGAVerification\ServoDrive_CB_FPGAVerification\src\Include" -I"D:\Work\Vitis_workspace_FPGAVerification\ServoDrive_CB_FPGAVerification\src\PrivateInclude" -I"D:\Work\Vitis_workspace_FPGAVerification\ServoDrive_CB_FPGAVerification\src\Source" -I"D:\Work\Vitis_workspace_FPGAVerification\ServoDrive_CB_FPGAVerification\src\Include\dsp" -I"D:\Work\Vitis_workspace_FPGAVerification\ServoDrive_CB_FPGAVerification\src\ComputeLibrary\Include" -c -fmessage-length=0 -MT"src/Source/FastMathFunctions/arm_divide_q31.o" -ID:/Work/Vitis_workspace_FPGAVerification/Mercury_XU5_PE1/export/Mercury_XU5_PE1/sw/Mercury_XU5_PE1/standalone_psu_cortexa53_0/bspinclude/include -MMD -MP -MF"src/Source/FastMathFunctions/arm_divide_q31.d" -MT"src/Source/FastMathFunctions/arm_divide_q31.o" -o "src/Source/FastMathFunctions/arm_divide_q31.o" "../src/Source/FastMathFunctions/arm_divide_q31.c"
'Finished building: ../src/Source/FastMathFunctions/arm_divide_q31.c'
' '
'Building file: ../src/Source/FastMathFunctions/arm_sin_f32.c'
'Invoking: ARM v8 gcc compiler'
aarch64-none-elf-gcc -DDISABLEFLOAT16 -Wall -O0 -g3 -ID:/Work/Vitis_workspace_FPGAVerification/Mercury_XU5_PE1/export/Mercury_XU5_PE1/sw/Mercury_XU5_PE1/standalone_psu_cortexa53_0/bspinclude/include -I"D:\Work\Vitis_workspace_FPGAVerification\ServoDrive_CB_FPGAVerification\src\ComputeLibrary" -I"D:\Work\Vitis_workspace_FPGAVerification\ServoDrive_CB_FPGAVerification\src\Include" -I"D:\Work\Vitis_workspace_FPGAVerification\ServoDrive_CB_FPGAVerification\src\PrivateInclude" -I"D:\Work\Vitis_workspace_FPGAVerification\ServoDrive_CB_FPGAVerification\src\Source" -I"D:\Work\Vitis_workspace_FPGAVerification\ServoDrive_CB_FPGAVerification\src\Include\dsp" -I"D:\Work\Vitis_workspace_FPGAVerification\ServoDrive_CB_FPGAVerification\src\ComputeLibrary\Include" -c -fmessage-length=0 -MT"src/Source/FastMathFunctions/arm_sin_f32.o" -ID:/Work/Vitis_workspace_FPGAVerification/Mercury_XU5_PE1/export/Mercury_XU5_PE1/sw/Mercury_XU5_PE1/standalone_psu_cortexa53_0/bspinclude/include -MMD -MP -MF"src/Source/FastMathFunctions/arm_sin_f32.d" -MT"src/Source/FastMathFunctions/arm_sin_f32.o" -o "src/Source/FastMathFunctions/arm_sin_f32.o" "../src/Source/FastMathFunctions/arm_sin_f32.c"
'Finished building: ../src/Source/FastMathFunctions/arm_sin_f32.c'
' '
'Building file: ../src/Source/FastMathFunctions/arm_sin_q15.c'
'Invoking: ARM v8 gcc compiler'
aarch64-none-elf-gcc -DDISABLEFLOAT16 -Wall -O0 -g3 -ID:/Work/Vitis_workspace_FPGAVerification/Mercury_XU5_PE1/export/Mercury_XU5_PE1/sw/Mercury_XU5_PE1/standalone_psu_cortexa53_0/bspinclude/include -I"D:\Work\Vitis_workspace_FPGAVerification\ServoDrive_CB_FPGAVerification\src\ComputeLibrary" -I"D:\Work\Vitis_workspace_FPGAVerification\ServoDrive_CB_FPGAVerification\src\Include" -I"D:\Work\Vitis_workspace_FPGAVerification\ServoDrive_CB_FPGAVerification\src\PrivateInclude" -I"D:\Work\Vitis_workspace_FPGAVerification\ServoDrive_CB_FPGAVerification\src\Source" -I"D:\Work\Vitis_workspace_FPGAVerification\ServoDrive_CB_FPGAVerification\src\Include\dsp" -I"D:\Work\Vitis_workspace_FPGAVerification\ServoDrive_CB_FPGAVerification\src\ComputeLibrary\Include" -c -fmessage-length=0 -MT"src/Source/FastMathFunctions/arm_sin_q15.o" -ID:/Work/Vitis_workspace_FPGAVerification/Mercury_XU5_PE1/export/Mercury_XU5_PE1/sw/Mercury_XU5_PE1/standalone_psu_cortexa53_0/bspinclude/include -MMD -MP -MF"src/Source/FastMathFunctions/arm_sin_q15.d" -MT"src/Source/FastMathFunctions/arm_sin_q15.o" -o "src/Source/FastMathFunctions/arm_sin_q15.o" "../src/Source/FastMathFunctions/arm_sin_q15.c"
'Finished building: ../src/Source/FastMathFunctions/arm_sin_q15.c'
' '
'Building file: ../src/Source/FastMathFunctions/arm_sin_q31.c'
'Invoking: ARM v8 gcc compiler'
aarch64-none-elf-gcc -DDISABLEFLOAT16 -Wall -O0 -g3 -ID:/Work/Vitis_workspace_FPGAVerification/Mercury_XU5_PE1/export/Mercury_XU5_PE1/sw/Mercury_XU5_PE1/standalone_psu_cortexa53_0/bspinclude/include -I"D:\Work\Vitis_workspace_FPGAVerification\ServoDrive_CB_FPGAVerification\src\ComputeLibrary" -I"D:\Work\Vitis_workspace_FPGAVerification\ServoDrive_CB_FPGAVerification\src\Include" -I"D:\Work\Vitis_workspace_FPGAVerification\ServoDrive_CB_FPGAVerification\src\PrivateInclude" -I"D:\Work\Vitis_workspace_FPGAVerification\ServoDrive_CB_FPGAVerification\src\Source" -I"D:\Work\Vitis_workspace_FPGAVerification\ServoDrive_CB_FPGAVerification\src\Include\dsp" -I"D:\Work\Vitis_workspace_FPGAVerification\ServoDrive_CB_FPGAVerification\src\ComputeLibrary\Include" -c -fmessage-length=0 -MT"src/Source/FastMathFunctions/arm_sin_q31.o" -ID:/Work/Vitis_workspace_FPGAVerification/Mercury_XU5_PE1/export/Mercury_XU5_PE1/sw/Mercury_XU5_PE1/standalone_psu_cortexa53_0/bspinclude/include -MMD -MP -MF"src/Source/FastMathFunctions/arm_sin_q31.d" -MT"src/Source/FastMathFunctions/arm_sin_q31.o" -o "src/Source/FastMathFunctions/arm_sin_q31.o" "../src/Source/FastMathFunctions/arm_sin_q31.c"
'Finished building: ../src/Source/FastMathFunctions/arm_sin_q31.c'
' '
'Building file: ../src/Source/FastMathFunctions/arm_sqrt_q15.c'
'Invoking: ARM v8 gcc compiler'
aarch64-none-elf-gcc -DDISABLEFLOAT16 -Wall -O0 -g3 -ID:/Work/Vitis_workspace_FPGAVerification/Mercury_XU5_PE1/export/Mercury_XU5_PE1/sw/Mercury_XU5_PE1/standalone_psu_cortexa53_0/bspinclude/include -I"D:\Work\Vitis_workspace_FPGAVerification\ServoDrive_CB_FPGAVerification\src\ComputeLibrary" -I"D:\Work\Vitis_workspace_FPGAVerification\ServoDrive_CB_FPGAVerification\src\Include" -I"D:\Work\Vitis_workspace_FPGAVerification\ServoDrive_CB_FPGAVerification\src\PrivateInclude" -I"D:\Work\Vitis_workspace_FPGAVerification\ServoDrive_CB_FPGAVerification\src\Source" -I"D:\Work\Vitis_workspace_FPGAVerification\ServoDrive_CB_FPGAVerification\src\Include\dsp" -I"D:\Work\Vitis_workspace_FPGAVerification\ServoDrive_CB_FPGAVerification\src\ComputeLibrary\Include" -c -fmessage-length=0 -MT"src/Source/FastMathFunctions/arm_sqrt_q15.o" -ID:/Work/Vitis_workspace_FPGAVerification/Mercury_XU5_PE1/export/Mercury_XU5_PE1/sw/Mercury_XU5_PE1/standalone_psu_cortexa53_0/bspinclude/include -MMD -MP -MF"src/Source/FastMathFunctions/arm_sqrt_q15.d" -MT"src/Source/FastMathFunctions/arm_sqrt_q15.o" -o "src/Source/FastMathFunctions/arm_sqrt_q15.o" "../src/Source/FastMathFunctions/arm_sqrt_q15.c"
'Finished building: ../src/Source/FastMathFunctions/arm_sqrt_q15.c'
' '
'Building file: ../src/Source/FastMathFunctions/arm_sqrt_q31.c'
'Invoking: ARM v8 gcc compiler'
aarch64-none-elf-gcc -DDISABLEFLOAT16 -Wall -O0 -g3 -ID:/Work/Vitis_workspace_FPGAVerification/Mercury_XU5_PE1/export/Mercury_XU5_PE1/sw/Mercury_XU5_PE1/standalone_psu_cortexa53_0/bspinclude/include -I"D:\Work\Vitis_workspace_FPGAVerification\ServoDrive_CB_FPGAVerification\src\ComputeLibrary" -I"D:\Work\Vitis_workspace_FPGAVerification\ServoDrive_CB_FPGAVerification\src\Include" -I"D:\Work\Vitis_workspace_FPGAVerification\ServoDrive_CB_FPGAVerification\src\PrivateInclude" -I"D:\Work\Vitis_workspace_FPGAVerification\ServoDrive_CB_FPGAVerification\src\Source" -I"D:\Work\Vitis_workspace_FPGAVerification\ServoDrive_CB_FPGAVerification\src\Include\dsp" -I"D:\Work\Vitis_workspace_FPGAVerification\ServoDrive_CB_FPGAVerification\src\ComputeLibrary\Include" -c -fmessage-length=0 -MT"src/Source/FastMathFunctions/arm_sqrt_q31.o" -ID:/Work/Vitis_workspace_FPGAVerification/Mercury_XU5_PE1/export/Mercury_XU5_PE1/sw/Mercury_XU5_PE1/standalone_psu_cortexa53_0/bspinclude/include -MMD -MP -MF"src/Source/FastMathFunctions/arm_sqrt_q31.d" -MT"src/Source/FastMathFunctions/arm_sqrt_q31.o" -o "src/Source/FastMathFunctions/arm_sqrt_q31.o" "../src/Source/FastMathFunctions/arm_sqrt_q31.c"
'Finished building: ../src/Source/FastMathFunctions/arm_sqrt_q31.c'
' '
'Building file: ../src/Source/FastMathFunctions/arm_vexp_f16.c'
'Invoking: ARM v8 gcc compiler'
aarch64-none-elf-gcc -DDISABLEFLOAT16 -Wall -O0 -g3 -ID:/Work/Vitis_workspace_FPGAVerification/Mercury_XU5_PE1/export/Mercury_XU5_PE1/sw/Mercury_XU5_PE1/standalone_psu_cortexa53_0/bspinclude/include -I"D:\Work\Vitis_workspace_FPGAVerification\ServoDrive_CB_FPGAVerification\src\ComputeLibrary" -I"D:\Work\Vitis_workspace_FPGAVerification\ServoDrive_CB_FPGAVerification\src\Include" -I"D:\Work\Vitis_workspace_FPGAVerification\ServoDrive_CB_FPGAVerification\src\PrivateInclude" -I"D:\Work\Vitis_workspace_FPGAVerification\ServoDrive_CB_FPGAVerification\src\Source" -I"D:\Work\Vitis_workspace_FPGAVerification\ServoDrive_CB_FPGAVerification\src\Include\dsp" -I"D:\Work\Vitis_workspace_FPGAVerification\ServoDrive_CB_FPGAVerification\src\ComputeLibrary\Include" -c -fmessage-length=0 -MT"src/Source/FastMathFunctions/arm_vexp_f16.o" -ID:/Work/Vitis_workspace_FPGAVerification/Mercury_XU5_PE1/export/Mercury_XU5_PE1/sw/Mercury_XU5_PE1/standalone_psu_cortexa53_0/bspinclude/include -MMD -MP -MF"src/Source/FastMathFunctions/arm_vexp_f16.d" -MT"src/Source/FastMathFunctions/arm_vexp_f16.o" -o "src/Source/FastMathFunctions/arm_vexp_f16.o" "../src/Source/FastMathFunctions/arm_vexp_f16.c"
'Finished building: ../src/Source/FastMathFunctions/arm_vexp_f16.c'
' '
'Building file: ../src/Source/FastMathFunctions/arm_vexp_f32.c'
'Invoking: ARM v8 gcc compiler'
aarch64-none-elf-gcc -DDISABLEFLOAT16 -Wall -O0 -g3 -ID:/Work/Vitis_workspace_FPGAVerification/Mercury_XU5_PE1/export/Mercury_XU5_PE1/sw/Mercury_XU5_PE1/standalone_psu_cortexa53_0/bspinclude/include -I"D:\Work\Vitis_workspace_FPGAVerification\ServoDrive_CB_FPGAVerification\src\ComputeLibrary" -I"D:\Work\Vitis_workspace_FPGAVerification\ServoDrive_CB_FPGAVerification\src\Include" -I"D:\Work\Vitis_workspace_FPGAVerification\ServoDrive_CB_FPGAVerification\src\PrivateInclude" -I"D:\Work\Vitis_workspace_FPGAVerification\ServoDrive_CB_FPGAVerification\src\Source" -I"D:\Work\Vitis_workspace_FPGAVerification\ServoDrive_CB_FPGAVerification\src\Include\dsp" -I"D:\Work\Vitis_workspace_FPGAVerification\ServoDrive_CB_FPGAVerification\src\ComputeLibrary\Include" -c -fmessage-length=0 -MT"src/Source/FastMathFunctions/arm_vexp_f32.o" -ID:/Work/Vitis_workspace_FPGAVerification/Mercury_XU5_PE1/export/Mercury_XU5_PE1/sw/Mercury_XU5_PE1/standalone_psu_cortexa53_0/bspinclude/include -MMD -MP -MF"src/Source/FastMathFunctions/arm_vexp_f32.d" -MT"src/Source/FastMathFunctions/arm_vexp_f32.o" -o "src/Source/FastMathFunctions/arm_vexp_f32.o" "../src/Source/FastMathFunctions/arm_vexp_f32.c"
'Finished building: ../src/Source/FastMathFunctions/arm_vexp_f32.c'
' '
'Building file: ../src/Source/FastMathFunctions/arm_vexp_f64.c'
'Invoking: ARM v8 gcc compiler'
aarch64-none-elf-gcc -DDISABLEFLOAT16 -Wall -O0 -g3 -ID:/Work/Vitis_workspace_FPGAVerification/Mercury_XU5_PE1/export/Mercury_XU5_PE1/sw/Mercury_XU5_PE1/standalone_psu_cortexa53_0/bspinclude/include -I"D:\Work\Vitis_workspace_FPGAVerification\ServoDrive_CB_FPGAVerification\src\ComputeLibrary" -I"D:\Work\Vitis_workspace_FPGAVerification\ServoDrive_CB_FPGAVerification\src\Include" -I"D:\Work\Vitis_workspace_FPGAVerification\ServoDrive_CB_FPGAVerification\src\PrivateInclude" -I"D:\Work\Vitis_workspace_FPGAVerification\ServoDrive_CB_FPGAVerification\src\Source" -I"D:\Work\Vitis_workspace_FPGAVerification\ServoDrive_CB_FPGAVerification\src\Include\dsp" -I"D:\Work\Vitis_workspace_FPGAVerification\ServoDrive_CB_FPGAVerification\src\ComputeLibrary\Include" -c -fmessage-length=0 -MT"src/Source/FastMathFunctions/arm_vexp_f64.o" -ID:/Work/Vitis_workspace_FPGAVerification/Mercury_XU5_PE1/export/Mercury_XU5_PE1/sw/Mercury_XU5_PE1/standalone_psu_cortexa53_0/bspinclude/include -MMD -MP -MF"src/Source/FastMathFunctions/arm_vexp_f64.d" -MT"src/Source/FastMathFunctions/arm_vexp_f64.o" -o "src/Source/FastMathFunctions/arm_vexp_f64.o" "../src/Source/FastMathFunctions/arm_vexp_f64.c"
'Finished building: ../src/Source/FastMathFunctions/arm_vexp_f64.c'
' '
'Building file: ../src/Source/FastMathFunctions/arm_vinverse_f16.c'
'Invoking: ARM v8 gcc compiler'
aarch64-none-elf-gcc -DDISABLEFLOAT16 -Wall -O0 -g3 -ID:/Work/Vitis_workspace_FPGAVerification/Mercury_XU5_PE1/export/Mercury_XU5_PE1/sw/Mercury_XU5_PE1/standalone_psu_cortexa53_0/bspinclude/include -I"D:\Work\Vitis_workspace_FPGAVerification\ServoDrive_CB_FPGAVerification\src\ComputeLibrary" -I"D:\Work\Vitis_workspace_FPGAVerification\ServoDrive_CB_FPGAVerification\src\Include" -I"D:\Work\Vitis_workspace_FPGAVerification\ServoDrive_CB_FPGAVerification\src\PrivateInclude" -I"D:\Work\Vitis_workspace_FPGAVerification\ServoDrive_CB_FPGAVerification\src\Source" -I"D:\Work\Vitis_workspace_FPGAVerification\ServoDrive_CB_FPGAVerification\src\Include\dsp" -I"D:\Work\Vitis_workspace_FPGAVerification\ServoDrive_CB_FPGAVerification\src\ComputeLibrary\Include" -c -fmessage-length=0 -MT"src/Source/FastMathFunctions/arm_vinverse_f16.o" -ID:/Work/Vitis_workspace_FPGAVerification/Mercury_XU5_PE1/export/Mercury_XU5_PE1/sw/Mercury_XU5_PE1/standalone_psu_cortexa53_0/bspinclude/include -MMD -MP -MF"src/Source/FastMathFunctions/arm_vinverse_f16.d" -MT"src/Source/FastMathFunctions/arm_vinverse_f16.o" -o "src/Source/FastMathFunctions/arm_vinverse_f16.o" "../src/Source/FastMathFunctions/arm_vinverse_f16.c"
'Finished building: ../src/Source/FastMathFunctions/arm_vinverse_f16.c'
' '
'Building file: ../src/Source/FastMathFunctions/arm_vlog_f16.c'
'Invoking: ARM v8 gcc compiler'
aarch64-none-elf-gcc -DDISABLEFLOAT16 -Wall -O0 -g3 -ID:/Work/Vitis_workspace_FPGAVerification/Mercury_XU5_PE1/export/Mercury_XU5_PE1/sw/Mercury_XU5_PE1/standalone_psu_cortexa53_0/bspinclude/include -I"D:\Work\Vitis_workspace_FPGAVerification\ServoDrive_CB_FPGAVerification\src\ComputeLibrary" -I"D:\Work\Vitis_workspace_FPGAVerification\ServoDrive_CB_FPGAVerification\src\Include" -I"D:\Work\Vitis_workspace_FPGAVerification\ServoDrive_CB_FPGAVerification\src\PrivateInclude" -I"D:\Work\Vitis_workspace_FPGAVerification\ServoDrive_CB_FPGAVerification\src\Source" -I"D:\Work\Vitis_workspace_FPGAVerification\ServoDrive_CB_FPGAVerification\src\Include\dsp" -I"D:\Work\Vitis_workspace_FPGAVerification\ServoDrive_CB_FPGAVerification\src\ComputeLibrary\Include" -c -fmessage-length=0 -MT"src/Source/FastMathFunctions/arm_vlog_f16.o" -ID:/Work/Vitis_workspace_FPGAVerification/Mercury_XU5_PE1/export/Mercury_XU5_PE1/sw/Mercury_XU5_PE1/standalone_psu_cortexa53_0/bspinclude/include -MMD -MP -MF"src/Source/FastMathFunctions/arm_vlog_f16.d" -MT"src/Source/FastMathFunctions/arm_vlog_f16.o" -o "src/Source/FastMathFunctions/arm_vlog_f16.o" "../src/Source/FastMathFunctions/arm_vlog_f16.c"
'Finished building: ../src/Source/FastMathFunctions/arm_vlog_f16.c'
' '
'Building file: ../src/Source/FastMathFunctions/arm_vlog_f32.c'
'Invoking: ARM v8 gcc compiler'
aarch64-none-elf-gcc -DDISABLEFLOAT16 -Wall -O0 -g3 -ID:/Work/Vitis_workspace_FPGAVerification/Mercury_XU5_PE1/export/Mercury_XU5_PE1/sw/Mercury_XU5_PE1/standalone_psu_cortexa53_0/bspinclude/include -I"D:\Work\Vitis_workspace_FPGAVerification\ServoDrive_CB_FPGAVerification\src\ComputeLibrary" -I"D:\Work\Vitis_workspace_FPGAVerification\ServoDrive_CB_FPGAVerification\src\Include" -I"D:\Work\Vitis_workspace_FPGAVerification\ServoDrive_CB_FPGAVerification\src\PrivateInclude" -I"D:\Work\Vitis_workspace_FPGAVerification\ServoDrive_CB_FPGAVerification\src\Source" -I"D:\Work\Vitis_workspace_FPGAVerification\ServoDrive_CB_FPGAVerification\src\Include\dsp" -I"D:\Work\Vitis_workspace_FPGAVerification\ServoDrive_CB_FPGAVerification\src\ComputeLibrary\Include" -c -fmessage-length=0 -MT"src/Source/FastMathFunctions/arm_vlog_f32.o" -ID:/Work/Vitis_workspace_FPGAVerification/Mercury_XU5_PE1/export/Mercury_XU5_PE1/sw/Mercury_XU5_PE1/standalone_psu_cortexa53_0/bspinclude/include -MMD -MP -MF"src/Source/FastMathFunctions/arm_vlog_f32.d" -MT"src/Source/FastMathFunctions/arm_vlog_f32.o" -o "src/Source/FastMathFunctions/arm_vlog_f32.o" "../src/Source/FastMathFunctions/arm_vlog_f32.c"
'Finished building: ../src/Source/FastMathFunctions/arm_vlog_f32.c'
' '
'Building file: ../src/Source/FastMathFunctions/arm_vlog_f64.c'
'Invoking: ARM v8 gcc compiler'
aarch64-none-elf-gcc -DDISABLEFLOAT16 -Wall -O0 -g3 -ID:/Work/Vitis_workspace_FPGAVerification/Mercury_XU5_PE1/export/Mercury_XU5_PE1/sw/Mercury_XU5_PE1/standalone_psu_cortexa53_0/bspinclude/include -I"D:\Work\Vitis_workspace_FPGAVerification\ServoDrive_CB_FPGAVerification\src\ComputeLibrary" -I"D:\Work\Vitis_workspace_FPGAVerification\ServoDrive_CB_FPGAVerification\src\Include" -I"D:\Work\Vitis_workspace_FPGAVerification\ServoDrive_CB_FPGAVerification\src\PrivateInclude" -I"D:\Work\Vitis_workspace_FPGAVerification\ServoDrive_CB_FPGAVerification\src\Source" -I"D:\Work\Vitis_workspace_FPGAVerification\ServoDrive_CB_FPGAVerification\src\Include\dsp" -I"D:\Work\Vitis_workspace_FPGAVerification\ServoDrive_CB_FPGAVerification\src\ComputeLibrary\Include" -c -fmessage-length=0 -MT"src/Source/FastMathFunctions/arm_vlog_f64.o" -ID:/Work/Vitis_workspace_FPGAVerification/Mercury_XU5_PE1/export/Mercury_XU5_PE1/sw/Mercury_XU5_PE1/standalone_psu_cortexa53_0/bspinclude/include -MMD -MP -MF"src/Source/FastMathFunctions/arm_vlog_f64.d" -MT"src/Source/FastMathFunctions/arm_vlog_f64.o" -o "src/Source/FastMathFunctions/arm_vlog_f64.o" "../src/Source/FastMathFunctions/arm_vlog_f64.c"
'Finished building: ../src/Source/FastMathFunctions/arm_vlog_f64.c'
' '
'Building file: ../src/Source/FastMathFunctions/arm_vlog_q15.c'
'Invoking: ARM v8 gcc compiler'
aarch64-none-elf-gcc -DDISABLEFLOAT16 -Wall -O0 -g3 -ID:/Work/Vitis_workspace_FPGAVerification/Mercury_XU5_PE1/export/Mercury_XU5_PE1/sw/Mercury_XU5_PE1/standalone_psu_cortexa53_0/bspinclude/include -I"D:\Work\Vitis_workspace_FPGAVerification\ServoDrive_CB_FPGAVerification\src\ComputeLibrary" -I"D:\Work\Vitis_workspace_FPGAVerification\ServoDrive_CB_FPGAVerification\src\Include" -I"D:\Work\Vitis_workspace_FPGAVerification\ServoDrive_CB_FPGAVerification\src\PrivateInclude" -I"D:\Work\Vitis_workspace_FPGAVerification\ServoDrive_CB_FPGAVerification\src\Source" -I"D:\Work\Vitis_workspace_FPGAVerification\ServoDrive_CB_FPGAVerification\src\Include\dsp" -I"D:\Work\Vitis_workspace_FPGAVerification\ServoDrive_CB_FPGAVerification\src\ComputeLibrary\Include" -c -fmessage-length=0 -MT"src/Source/FastMathFunctions/arm_vlog_q15.o" -ID:/Work/Vitis_workspace_FPGAVerification/Mercury_XU5_PE1/export/Mercury_XU5_PE1/sw/Mercury_XU5_PE1/standalone_psu_cortexa53_0/bspinclude/include -MMD -MP -MF"src/Source/FastMathFunctions/arm_vlog_q15.d" -MT"src/Source/FastMathFunctions/arm_vlog_q15.o" -o "src/Source/FastMathFunctions/arm_vlog_q15.o" "../src/Source/FastMathFunctions/arm_vlog_q15.c"
'Finished building: ../src/Source/FastMathFunctions/arm_vlog_q15.c'
' '
'Building file: ../src/Source/FastMathFunctions/arm_vlog_q31.c'
'Invoking: ARM v8 gcc compiler'
aarch64-none-elf-gcc -DDISABLEFLOAT16 -Wall -O0 -g3 -ID:/Work/Vitis_workspace_FPGAVerification/Mercury_XU5_PE1/export/Mercury_XU5_PE1/sw/Mercury_XU5_PE1/standalone_psu_cortexa53_0/bspinclude/include -I"D:\Work\Vitis_workspace_FPGAVerification\ServoDrive_CB_FPGAVerification\src\ComputeLibrary" -I"D:\Work\Vitis_workspace_FPGAVerification\ServoDrive_CB_FPGAVerification\src\Include" -I"D:\Work\Vitis_workspace_FPGAVerification\ServoDrive_CB_FPGAVerification\src\PrivateInclude" -I"D:\Work\Vitis_workspace_FPGAVerification\ServoDrive_CB_FPGAVerification\src\Source" -I"D:\Work\Vitis_workspace_FPGAVerification\ServoDrive_CB_FPGAVerification\src\Include\dsp" -I"D:\Work\Vitis_workspace_FPGAVerification\ServoDrive_CB_FPGAVerification\src\ComputeLibrary\Include" -c -fmessage-length=0 -MT"src/Source/FastMathFunctions/arm_vlog_q31.o" -ID:/Work/Vitis_workspace_FPGAVerification/Mercury_XU5_PE1/export/Mercury_XU5_PE1/sw/Mercury_XU5_PE1/standalone_psu_cortexa53_0/bspinclude/include -MMD -MP -MF"src/Source/FastMathFunctions/arm_vlog_q31.d" -MT"src/Source/FastMathFunctions/arm_vlog_q31.o" -o "src/Source/FastMathFunctions/arm_vlog_q31.o" "../src/Source/FastMathFunctions/arm_vlog_q31.c"
'Finished building: ../src/Source/FastMathFunctions/arm_vlog_q31.c'
' '
'Building file: ../src/Source/ComplexMathFunctions/ComplexMathFunctionsF16.c'
'Invoking: ARM v8 gcc compiler'
aarch64-none-elf-gcc -DDISABLEFLOAT16 -Wall -O0 -g3 -ID:/Work/Vitis_workspace_FPGAVerification/Mercury_XU5_PE1/export/Mercury_XU5_PE1/sw/Mercury_XU5_PE1/standalone_psu_cortexa53_0/bspinclude/include -I"D:\Work\Vitis_workspace_FPGAVerification\ServoDrive_CB_FPGAVerification\src\ComputeLibrary" -I"D:\Work\Vitis_workspace_FPGAVerification\ServoDrive_CB_FPGAVerification\src\Include" -I"D:\Work\Vitis_workspace_FPGAVerification\ServoDrive_CB_FPGAVerification\src\PrivateInclude" -I"D:\Work\Vitis_workspace_FPGAVerification\ServoDrive_CB_FPGAVerification\src\Source" -I"D:\Work\Vitis_workspace_FPGAVerification\ServoDrive_CB_FPGAVerification\src\Include\dsp" -I"D:\Work\Vitis_workspace_FPGAVerification\ServoDrive_CB_FPGAVerification\src\ComputeLibrary\Include" -c -fmessage-length=0 -MT"src/Source/ComplexMathFunctions/ComplexMathFunctionsF16.o" -ID:/Work/Vitis_workspace_FPGAVerification/Mercury_XU5_PE1/export/Mercury_XU5_PE1/sw/Mercury_XU5_PE1/standalone_psu_cortexa53_0/bspinclude/include -MMD -MP -MF"src/Source/ComplexMathFunctions/ComplexMathFunctionsF16.d" -MT"src/Source/ComplexMathFunctions/ComplexMathFunctionsF16.o" -o "src/Source/ComplexMathFunctions/ComplexMathFunctionsF16.o" "../src/Source/ComplexMathFunctions/ComplexMathFunctionsF16.c"
'Finished building: ../src/Source/ComplexMathFunctions/ComplexMathFunctionsF16.c'
' '
'Building file: ../src/Source/ComplexMathFunctions/arm_cmplx_conj_f16.c'
'Invoking: ARM v8 gcc compiler'
aarch64-none-elf-gcc -DDISABLEFLOAT16 -Wall -O0 -g3 -ID:/Work/Vitis_workspace_FPGAVerification/Mercury_XU5_PE1/export/Mercury_XU5_PE1/sw/Mercury_XU5_PE1/standalone_psu_cortexa53_0/bspinclude/include -I"D:\Work\Vitis_workspace_FPGAVerification\ServoDrive_CB_FPGAVerification\src\ComputeLibrary" -I"D:\Work\Vitis_workspace_FPGAVerification\ServoDrive_CB_FPGAVerification\src\Include" -I"D:\Work\Vitis_workspace_FPGAVerification\ServoDrive_CB_FPGAVerification\src\PrivateInclude" -I"D:\Work\Vitis_workspace_FPGAVerification\ServoDrive_CB_FPGAVerification\src\Source" -I"D:\Work\Vitis_workspace_FPGAVerification\ServoDrive_CB_FPGAVerification\src\Include\dsp" -I"D:\Work\Vitis_workspace_FPGAVerification\ServoDrive_CB_FPGAVerification\src\ComputeLibrary\Include" -c -fmessage-length=0 -MT"src/Source/ComplexMathFunctions/arm_cmplx_conj_f16.o" -ID:/Work/Vitis_workspace_FPGAVerification/Mercury_XU5_PE1/export/Mercury_XU5_PE1/sw/Mercury_XU5_PE1/standalone_psu_cortexa53_0/bspinclude/include -MMD -MP -MF"src/Source/ComplexMathFunctions/arm_cmplx_conj_f16.d" -MT"src/Source/ComplexMathFunctions/arm_cmplx_conj_f16.o" -o "src/Source/ComplexMathFunctions/arm_cmplx_conj_f16.o" "../src/Source/ComplexMathFunctions/arm_cmplx_conj_f16.c"
'Finished building: ../src/Source/ComplexMathFunctions/arm_cmplx_conj_f16.c'
' '
'Building file: ../src/Source/ComplexMathFunctions/arm_cmplx_conj_f32.c'
'Invoking: ARM v8 gcc compiler'
aarch64-none-elf-gcc -DDISABLEFLOAT16 -Wall -O0 -g3 -ID:/Work/Vitis_workspace_FPGAVerification/Mercury_XU5_PE1/export/Mercury_XU5_PE1/sw/Mercury_XU5_PE1/standalone_psu_cortexa53_0/bspinclude/include -I"D:\Work\Vitis_workspace_FPGAVerification\ServoDrive_CB_FPGAVerification\src\ComputeLibrary" -I"D:\Work\Vitis_workspace_FPGAVerification\ServoDrive_CB_FPGAVerification\src\Include" -I"D:\Work\Vitis_workspace_FPGAVerification\ServoDrive_CB_FPGAVerification\src\PrivateInclude" -I"D:\Work\Vitis_workspace_FPGAVerification\ServoDrive_CB_FPGAVerification\src\Source" -I"D:\Work\Vitis_workspace_FPGAVerification\ServoDrive_CB_FPGAVerification\src\Include\dsp" -I"D:\Work\Vitis_workspace_FPGAVerification\ServoDrive_CB_FPGAVerification\src\ComputeLibrary\Include" -c -fmessage-length=0 -MT"src/Source/ComplexMathFunctions/arm_cmplx_conj_f32.o" -ID:/Work/Vitis_workspace_FPGAVerification/Mercury_XU5_PE1/export/Mercury_XU5_PE1/sw/Mercury_XU5_PE1/standalone_psu_cortexa53_0/bspinclude/include -MMD -MP -MF"src/Source/ComplexMathFunctions/arm_cmplx_conj_f32.d" -MT"src/Source/ComplexMathFunctions/arm_cmplx_conj_f32.o" -o "src/Source/ComplexMathFunctions/arm_cmplx_conj_f32.o" "../src/Source/ComplexMathFunctions/arm_cmplx_conj_f32.c"
'Finished building: ../src/Source/ComplexMathFunctions/arm_cmplx_conj_f32.c'
' '
'Building file: ../src/Source/ComplexMathFunctions/arm_cmplx_conj_q15.c'
'Invoking: ARM v8 gcc compiler'
aarch64-none-elf-gcc -DDISABLEFLOAT16 -Wall -O0 -g3 -ID:/Work/Vitis_workspace_FPGAVerification/Mercury_XU5_PE1/export/Mercury_XU5_PE1/sw/Mercury_XU5_PE1/standalone_psu_cortexa53_0/bspinclude/include -I"D:\Work\Vitis_workspace_FPGAVerification\ServoDrive_CB_FPGAVerification\src\ComputeLibrary" -I"D:\Work\Vitis_workspace_FPGAVerification\ServoDrive_CB_FPGAVerification\src\Include" -I"D:\Work\Vitis_workspace_FPGAVerification\ServoDrive_CB_FPGAVerification\src\PrivateInclude" -I"D:\Work\Vitis_workspace_FPGAVerification\ServoDrive_CB_FPGAVerification\src\Source" -I"D:\Work\Vitis_workspace_FPGAVerification\ServoDrive_CB_FPGAVerification\src\Include\dsp" -I"D:\Work\Vitis_workspace_FPGAVerification\ServoDrive_CB_FPGAVerification\src\ComputeLibrary\Include" -c -fmessage-length=0 -MT"src/Source/ComplexMathFunctions/arm_cmplx_conj_q15.o" -ID:/Work/Vitis_workspace_FPGAVerification/Mercury_XU5_PE1/export/Mercury_XU5_PE1/sw/Mercury_XU5_PE1/standalone_psu_cortexa53_0/bspinclude/include -MMD -MP -MF"src/Source/ComplexMathFunctions/arm_cmplx_conj_q15.d" -MT"src/Source/ComplexMathFunctions/arm_cmplx_conj_q15.o" -o "src/Source/ComplexMathFunctions/arm_cmplx_conj_q15.o" "../src/Source/ComplexMathFunctions/arm_cmplx_conj_q15.c"
'Finished building: ../src/Source/ComplexMathFunctions/arm_cmplx_conj_q15.c'
' '
'Building file: ../src/Source/ComplexMathFunctions/arm_cmplx_conj_q31.c'
'Invoking: ARM v8 gcc compiler'
aarch64-none-elf-gcc -DDISABLEFLOAT16 -Wall -O0 -g3 -ID:/Work/Vitis_workspace_FPGAVerification/Mercury_XU5_PE1/export/Mercury_XU5_PE1/sw/Mercury_XU5_PE1/standalone_psu_cortexa53_0/bspinclude/include -I"D:\Work\Vitis_workspace_FPGAVerification\ServoDrive_CB_FPGAVerification\src\ComputeLibrary" -I"D:\Work\Vitis_workspace_FPGAVerification\ServoDrive_CB_FPGAVerification\src\Include" -I"D:\Work\Vitis_workspace_FPGAVerification\ServoDrive_CB_FPGAVerification\src\PrivateInclude" -I"D:\Work\Vitis_workspace_FPGAVerification\ServoDrive_CB_FPGAVerification\src\Source" -I"D:\Work\Vitis_workspace_FPGAVerification\ServoDrive_CB_FPGAVerification\src\Include\dsp" -I"D:\Work\Vitis_workspace_FPGAVerification\ServoDrive_CB_FPGAVerification\src\ComputeLibrary\Include" -c -fmessage-length=0 -MT"src/Source/ComplexMathFunctions/arm_cmplx_conj_q31.o" -ID:/Work/Vitis_workspace_FPGAVerification/Mercury_XU5_PE1/export/Mercury_XU5_PE1/sw/Mercury_XU5_PE1/standalone_psu_cortexa53_0/bspinclude/include -MMD -MP -MF"src/Source/ComplexMathFunctions/arm_cmplx_conj_q31.d" -MT"src/Source/ComplexMathFunctions/arm_cmplx_conj_q31.o" -o "src/Source/ComplexMathFunctions/arm_cmplx_conj_q31.o" "../src/Source/ComplexMathFunctions/arm_cmplx_conj_q31.c"
'Finished building: ../src/Source/ComplexMathFunctions/arm_cmplx_conj_q31.c'
' '
'Building file: ../src/Source/ComplexMathFunctions/arm_cmplx_dot_prod_f16.c'
'Invoking: ARM v8 gcc compiler'
aarch64-none-elf-gcc -DDISABLEFLOAT16 -Wall -O0 -g3 -ID:/Work/Vitis_workspace_FPGAVerification/Mercury_XU5_PE1/export/Mercury_XU5_PE1/sw/Mercury_XU5_PE1/standalone_psu_cortexa53_0/bspinclude/include -I"D:\Work\Vitis_workspace_FPGAVerification\ServoDrive_CB_FPGAVerification\src\ComputeLibrary" -I"D:\Work\Vitis_workspace_FPGAVerification\ServoDrive_CB_FPGAVerification\src\Include" -I"D:\Work\Vitis_workspace_FPGAVerification\ServoDrive_CB_FPGAVerification\src\PrivateInclude" -I"D:\Work\Vitis_workspace_FPGAVerification\ServoDrive_CB_FPGAVerification\src\Source" -I"D:\Work\Vitis_workspace_FPGAVerification\ServoDrive_CB_FPGAVerification\src\Include\dsp" -I"D:\Work\Vitis_workspace_FPGAVerification\ServoDrive_CB_FPGAVerification\src\ComputeLibrary\Include" -c -fmessage-length=0 -MT"src/Source/ComplexMathFunctions/arm_cmplx_dot_prod_f16.o" -ID:/Work/Vitis_workspace_FPGAVerification/Mercury_XU5_PE1/export/Mercury_XU5_PE1/sw/Mercury_XU5_PE1/standalone_psu_cortexa53_0/bspinclude/include -MMD -MP -MF"src/Source/ComplexMathFunctions/arm_cmplx_dot_prod_f16.d" -MT"src/Source/ComplexMathFunctions/arm_cmplx_dot_prod_f16.o" -o "src/Source/ComplexMathFunctions/arm_cmplx_dot_prod_f16.o" "../src/Source/ComplexMathFunctions/arm_cmplx_dot_prod_f16.c"
'Finished building: ../src/Source/ComplexMathFunctions/arm_cmplx_dot_prod_f16.c'
' '
'Building file: ../src/Source/ComplexMathFunctions/arm_cmplx_dot_prod_f32.c'
'Invoking: ARM v8 gcc compiler'
aarch64-none-elf-gcc -DDISABLEFLOAT16 -Wall -O0 -g3 -ID:/Work/Vitis_workspace_FPGAVerification/Mercury_XU5_PE1/export/Mercury_XU5_PE1/sw/Mercury_XU5_PE1/standalone_psu_cortexa53_0/bspinclude/include -I"D:\Work\Vitis_workspace_FPGAVerification\ServoDrive_CB_FPGAVerification\src\ComputeLibrary" -I"D:\Work\Vitis_workspace_FPGAVerification\ServoDrive_CB_FPGAVerification\src\Include" -I"D:\Work\Vitis_workspace_FPGAVerification\ServoDrive_CB_FPGAVerification\src\PrivateInclude" -I"D:\Work\Vitis_workspace_FPGAVerification\ServoDrive_CB_FPGAVerification\src\Source" -I"D:\Work\Vitis_workspace_FPGAVerification\ServoDrive_CB_FPGAVerification\src\Include\dsp" -I"D:\Work\Vitis_workspace_FPGAVerification\ServoDrive_CB_FPGAVerification\src\ComputeLibrary\Include" -c -fmessage-length=0 -MT"src/Source/ComplexMathFunctions/arm_cmplx_dot_prod_f32.o" -ID:/Work/Vitis_workspace_FPGAVerification/Mercury_XU5_PE1/export/Mercury_XU5_PE1/sw/Mercury_XU5_PE1/standalone_psu_cortexa53_0/bspinclude/include -MMD -MP -MF"src/Source/ComplexMathFunctions/arm_cmplx_dot_prod_f32.d" -MT"src/Source/ComplexMathFunctions/arm_cmplx_dot_prod_f32.o" -o "src/Source/ComplexMathFunctions/arm_cmplx_dot_prod_f32.o" "../src/Source/ComplexMathFunctions/arm_cmplx_dot_prod_f32.c"
'Finished building: ../src/Source/ComplexMathFunctions/arm_cmplx_dot_prod_f32.c'
' '
'Building file: ../src/Source/ComplexMathFunctions/arm_cmplx_dot_prod_q15.c'
'Invoking: ARM v8 gcc compiler'
aarch64-none-elf-gcc -DDISABLEFLOAT16 -Wall -O0 -g3 -ID:/Work/Vitis_workspace_FPGAVerification/Mercury_XU5_PE1/export/Mercury_XU5_PE1/sw/Mercury_XU5_PE1/standalone_psu_cortexa53_0/bspinclude/include -I"D:\Work\Vitis_workspace_FPGAVerification\ServoDrive_CB_FPGAVerification\src\ComputeLibrary" -I"D:\Work\Vitis_workspace_FPGAVerification\ServoDrive_CB_FPGAVerification\src\Include" -I"D:\Work\Vitis_workspace_FPGAVerification\ServoDrive_CB_FPGAVerification\src\PrivateInclude" -I"D:\Work\Vitis_workspace_FPGAVerification\ServoDrive_CB_FPGAVerification\src\Source" -I"D:\Work\Vitis_workspace_FPGAVerification\ServoDrive_CB_FPGAVerification\src\Include\dsp" -I"D:\Work\Vitis_workspace_FPGAVerification\ServoDrive_CB_FPGAVerification\src\ComputeLibrary\Include" -c -fmessage-length=0 -MT"src/Source/ComplexMathFunctions/arm_cmplx_dot_prod_q15.o" -ID:/Work/Vitis_workspace_FPGAVerification/Mercury_XU5_PE1/export/Mercury_XU5_PE1/sw/Mercury_XU5_PE1/standalone_psu_cortexa53_0/bspinclude/include -MMD -MP -MF"src/Source/ComplexMathFunctions/arm_cmplx_dot_prod_q15.d" -MT"src/Source/ComplexMathFunctions/arm_cmplx_dot_prod_q15.o" -o "src/Source/ComplexMathFunctions/arm_cmplx_dot_prod_q15.o" "../src/Source/ComplexMathFunctions/arm_cmplx_dot_prod_q15.c"
'Finished building: ../src/Source/ComplexMathFunctions/arm_cmplx_dot_prod_q15.c'
' '
'Building file: ../src/Source/ComplexMathFunctions/arm_cmplx_dot_prod_q31.c'
'Invoking: ARM v8 gcc compiler'
aarch64-none-elf-gcc -DDISABLEFLOAT16 -Wall -O0 -g3 -ID:/Work/Vitis_workspace_FPGAVerification/Mercury_XU5_PE1/export/Mercury_XU5_PE1/sw/Mercury_XU5_PE1/standalone_psu_cortexa53_0/bspinclude/include -I"D:\Work\Vitis_workspace_FPGAVerification\ServoDrive_CB_FPGAVerification\src\ComputeLibrary" -I"D:\Work\Vitis_workspace_FPGAVerification\ServoDrive_CB_FPGAVerification\src\Include" -I"D:\Work\Vitis_workspace_FPGAVerification\ServoDrive_CB_FPGAVerification\src\PrivateInclude" -I"D:\Work\Vitis_workspace_FPGAVerification\ServoDrive_CB_FPGAVerification\src\Source" -I"D:\Work\Vitis_workspace_FPGAVerification\ServoDrive_CB_FPGAVerification\src\Include\dsp" -I"D:\Work\Vitis_workspace_FPGAVerification\ServoDrive_CB_FPGAVerification\src\ComputeLibrary\Include" -c -fmessage-length=0 -MT"src/Source/ComplexMathFunctions/arm_cmplx_dot_prod_q31.o" -ID:/Work/Vitis_workspace_FPGAVerification/Mercury_XU5_PE1/export/Mercury_XU5_PE1/sw/Mercury_XU5_PE1/standalone_psu_cortexa53_0/bspinclude/include -MMD -MP -MF"src/Source/ComplexMathFunctions/arm_cmplx_dot_prod_q31.d" -MT"src/Source/ComplexMathFunctions/arm_cmplx_dot_prod_q31.o" -o "src/Source/ComplexMathFunctions/arm_cmplx_dot_prod_q31.o" "../src/Source/ComplexMathFunctions/arm_cmplx_dot_prod_q31.c"
'Finished building: ../src/Source/ComplexMathFunctions/arm_cmplx_dot_prod_q31.c'
' '
'Building file: ../src/Source/ComplexMathFunctions/arm_cmplx_mag_f16.c'
'Invoking: ARM v8 gcc compiler'
aarch64-none-elf-gcc -DDISABLEFLOAT16 -Wall -O0 -g3 -ID:/Work/Vitis_workspace_FPGAVerification/Mercury_XU5_PE1/export/Mercury_XU5_PE1/sw/Mercury_XU5_PE1/standalone_psu_cortexa53_0/bspinclude/include -I"D:\Work\Vitis_workspace_FPGAVerification\ServoDrive_CB_FPGAVerification\src\ComputeLibrary" -I"D:\Work\Vitis_workspace_FPGAVerification\ServoDrive_CB_FPGAVerification\src\Include" -I"D:\Work\Vitis_workspace_FPGAVerification\ServoDrive_CB_FPGAVerification\src\PrivateInclude" -I"D:\Work\Vitis_workspace_FPGAVerification\ServoDrive_CB_FPGAVerification\src\Source" -I"D:\Work\Vitis_workspace_FPGAVerification\ServoDrive_CB_FPGAVerification\src\Include\dsp" -I"D:\Work\Vitis_workspace_FPGAVerification\ServoDrive_CB_FPGAVerification\src\ComputeLibrary\Include" -c -fmessage-length=0 -MT"src/Source/ComplexMathFunctions/arm_cmplx_mag_f16.o" -ID:/Work/Vitis_workspace_FPGAVerification/Mercury_XU5_PE1/export/Mercury_XU5_PE1/sw/Mercury_XU5_PE1/standalone_psu_cortexa53_0/bspinclude/include -MMD -MP -MF"src/Source/ComplexMathFunctions/arm_cmplx_mag_f16.d" -MT"src/Source/ComplexMathFunctions/arm_cmplx_mag_f16.o" -o "src/Source/ComplexMathFunctions/arm_cmplx_mag_f16.o" "../src/Source/ComplexMathFunctions/arm_cmplx_mag_f16.c"
'Finished building: ../src/Source/ComplexMathFunctions/arm_cmplx_mag_f16.c'
' '
'Building file: ../src/Source/ComplexMathFunctions/arm_cmplx_mag_f32.c'
'Invoking: ARM v8 gcc compiler'
aarch64-none-elf-gcc -DDISABLEFLOAT16 -Wall -O0 -g3 -ID:/Work/Vitis_workspace_FPGAVerification/Mercury_XU5_PE1/export/Mercury_XU5_PE1/sw/Mercury_XU5_PE1/standalone_psu_cortexa53_0/bspinclude/include -I"D:\Work\Vitis_workspace_FPGAVerification\ServoDrive_CB_FPGAVerification\src\ComputeLibrary" -I"D:\Work\Vitis_workspace_FPGAVerification\ServoDrive_CB_FPGAVerification\src\Include" -I"D:\Work\Vitis_workspace_FPGAVerification\ServoDrive_CB_FPGAVerification\src\PrivateInclude" -I"D:\Work\Vitis_workspace_FPGAVerification\ServoDrive_CB_FPGAVerification\src\Source" -I"D:\Work\Vitis_workspace_FPGAVerification\ServoDrive_CB_FPGAVerification\src\Include\dsp" -I"D:\Work\Vitis_workspace_FPGAVerification\ServoDrive_CB_FPGAVerification\src\ComputeLibrary\Include" -c -fmessage-length=0 -MT"src/Source/ComplexMathFunctions/arm_cmplx_mag_f32.o" -ID:/Work/Vitis_workspace_FPGAVerification/Mercury_XU5_PE1/export/Mercury_XU5_PE1/sw/Mercury_XU5_PE1/standalone_psu_cortexa53_0/bspinclude/include -MMD -MP -MF"src/Source/ComplexMathFunctions/arm_cmplx_mag_f32.d" -MT"src/Source/ComplexMathFunctions/arm_cmplx_mag_f32.o" -o "src/Source/ComplexMathFunctions/arm_cmplx_mag_f32.o" "../src/Source/ComplexMathFunctions/arm_cmplx_mag_f32.c"
'Finished building: ../src/Source/ComplexMathFunctions/arm_cmplx_mag_f32.c'
' '
'Building file: ../src/Source/ComplexMathFunctions/arm_cmplx_mag_f64.c'
'Invoking: ARM v8 gcc compiler'
aarch64-none-elf-gcc -DDISABLEFLOAT16 -Wall -O0 -g3 -ID:/Work/Vitis_workspace_FPGAVerification/Mercury_XU5_PE1/export/Mercury_XU5_PE1/sw/Mercury_XU5_PE1/standalone_psu_cortexa53_0/bspinclude/include -I"D:\Work\Vitis_workspace_FPGAVerification\ServoDrive_CB_FPGAVerification\src\ComputeLibrary" -I"D:\Work\Vitis_workspace_FPGAVerification\ServoDrive_CB_FPGAVerification\src\Include" -I"D:\Work\Vitis_workspace_FPGAVerification\ServoDrive_CB_FPGAVerification\src\PrivateInclude" -I"D:\Work\Vitis_workspace_FPGAVerification\ServoDrive_CB_FPGAVerification\src\Source" -I"D:\Work\Vitis_workspace_FPGAVerification\ServoDrive_CB_FPGAVerification\src\Include\dsp" -I"D:\Work\Vitis_workspace_FPGAVerification\ServoDrive_CB_FPGAVerification\src\ComputeLibrary\Include" -c -fmessage-length=0 -MT"src/Source/ComplexMathFunctions/arm_cmplx_mag_f64.o" -ID:/Work/Vitis_workspace_FPGAVerification/Mercury_XU5_PE1/export/Mercury_XU5_PE1/sw/Mercury_XU5_PE1/standalone_psu_cortexa53_0/bspinclude/include -MMD -MP -MF"src/Source/ComplexMathFunctions/arm_cmplx_mag_f64.d" -MT"src/Source/ComplexMathFunctions/arm_cmplx_mag_f64.o" -o "src/Source/ComplexMathFunctions/arm_cmplx_mag_f64.o" "../src/Source/ComplexMathFunctions/arm_cmplx_mag_f64.c"
'Finished building: ../src/Source/ComplexMathFunctions/arm_cmplx_mag_f64.c'
' '
'Building file: ../src/Source/ComplexMathFunctions/arm_cmplx_mag_fast_q15.c'
'Invoking: ARM v8 gcc compiler'
aarch64-none-elf-gcc -DDISABLEFLOAT16 -Wall -O0 -g3 -ID:/Work/Vitis_workspace_FPGAVerification/Mercury_XU5_PE1/export/Mercury_XU5_PE1/sw/Mercury_XU5_PE1/standalone_psu_cortexa53_0/bspinclude/include -I"D:\Work\Vitis_workspace_FPGAVerification\ServoDrive_CB_FPGAVerification\src\ComputeLibrary" -I"D:\Work\Vitis_workspace_FPGAVerification\ServoDrive_CB_FPGAVerification\src\Include" -I"D:\Work\Vitis_workspace_FPGAVerification\ServoDrive_CB_FPGAVerification\src\PrivateInclude" -I"D:\Work\Vitis_workspace_FPGAVerification\ServoDrive_CB_FPGAVerification\src\Source" -I"D:\Work\Vitis_workspace_FPGAVerification\ServoDrive_CB_FPGAVerification\src\Include\dsp" -I"D:\Work\Vitis_workspace_FPGAVerification\ServoDrive_CB_FPGAVerification\src\ComputeLibrary\Include" -c -fmessage-length=0 -MT"src/Source/ComplexMathFunctions/arm_cmplx_mag_fast_q15.o" -ID:/Work/Vitis_workspace_FPGAVerification/Mercury_XU5_PE1/export/Mercury_XU5_PE1/sw/Mercury_XU5_PE1/standalone_psu_cortexa53_0/bspinclude/include -MMD -MP -MF"src/Source/ComplexMathFunctions/arm_cmplx_mag_fast_q15.d" -MT"src/Source/ComplexMathFunctions/arm_cmplx_mag_fast_q15.o" -o "src/Source/ComplexMathFunctions/arm_cmplx_mag_fast_q15.o" "../src/Source/ComplexMathFunctions/arm_cmplx_mag_fast_q15.c"
'Finished building: ../src/Source/ComplexMathFunctions/arm_cmplx_mag_fast_q15.c'
' '
'Building file: ../src/Source/ComplexMathFunctions/arm_cmplx_mag_q15.c'
'Invoking: ARM v8 gcc compiler'
aarch64-none-elf-gcc -DDISABLEFLOAT16 -Wall -O0 -g3 -ID:/Work/Vitis_workspace_FPGAVerification/Mercury_XU5_PE1/export/Mercury_XU5_PE1/sw/Mercury_XU5_PE1/standalone_psu_cortexa53_0/bspinclude/include -I"D:\Work\Vitis_workspace_FPGAVerification\ServoDrive_CB_FPGAVerification\src\ComputeLibrary" -I"D:\Work\Vitis_workspace_FPGAVerification\ServoDrive_CB_FPGAVerification\src\Include" -I"D:\Work\Vitis_workspace_FPGAVerification\ServoDrive_CB_FPGAVerification\src\PrivateInclude" -I"D:\Work\Vitis_workspace_FPGAVerification\ServoDrive_CB_FPGAVerification\src\Source" -I"D:\Work\Vitis_workspace_FPGAVerification\ServoDrive_CB_FPGAVerification\src\Include\dsp" -I"D:\Work\Vitis_workspace_FPGAVerification\ServoDrive_CB_FPGAVerification\src\ComputeLibrary\Include" -c -fmessage-length=0 -MT"src/Source/ComplexMathFunctions/arm_cmplx_mag_q15.o" -ID:/Work/Vitis_workspace_FPGAVerification/Mercury_XU5_PE1/export/Mercury_XU5_PE1/sw/Mercury_XU5_PE1/standalone_psu_cortexa53_0/bspinclude/include -MMD -MP -MF"src/Source/ComplexMathFunctions/arm_cmplx_mag_q15.d" -MT"src/Source/ComplexMathFunctions/arm_cmplx_mag_q15.o" -o "src/Source/ComplexMathFunctions/arm_cmplx_mag_q15.o" "../src/Source/ComplexMathFunctions/arm_cmplx_mag_q15.c"
'Finished building: ../src/Source/ComplexMathFunctions/arm_cmplx_mag_q15.c'
' '
'Building file: ../src/Source/ComplexMathFunctions/arm_cmplx_mag_q31.c'
'Invoking: ARM v8 gcc compiler'
aarch64-none-elf-gcc -DDISABLEFLOAT16 -Wall -O0 -g3 -ID:/Work/Vitis_workspace_FPGAVerification/Mercury_XU5_PE1/export/Mercury_XU5_PE1/sw/Mercury_XU5_PE1/standalone_psu_cortexa53_0/bspinclude/include -I"D:\Work\Vitis_workspace_FPGAVerification\ServoDrive_CB_FPGAVerification\src\ComputeLibrary" -I"D:\Work\Vitis_workspace_FPGAVerification\ServoDrive_CB_FPGAVerification\src\Include" -I"D:\Work\Vitis_workspace_FPGAVerification\ServoDrive_CB_FPGAVerification\src\PrivateInclude" -I"D:\Work\Vitis_workspace_FPGAVerification\ServoDrive_CB_FPGAVerification\src\Source" -I"D:\Work\Vitis_workspace_FPGAVerification\ServoDrive_CB_FPGAVerification\src\Include\dsp" -I"D:\Work\Vitis_workspace_FPGAVerification\ServoDrive_CB_FPGAVerification\src\ComputeLibrary\Include" -c -fmessage-length=0 -MT"src/Source/ComplexMathFunctions/arm_cmplx_mag_q31.o" -ID:/Work/Vitis_workspace_FPGAVerification/Mercury_XU5_PE1/export/Mercury_XU5_PE1/sw/Mercury_XU5_PE1/standalone_psu_cortexa53_0/bspinclude/include -MMD -MP -MF"src/Source/ComplexMathFunctions/arm_cmplx_mag_q31.d" -MT"src/Source/ComplexMathFunctions/arm_cmplx_mag_q31.o" -o "src/Source/ComplexMathFunctions/arm_cmplx_mag_q31.o" "../src/Source/ComplexMathFunctions/arm_cmplx_mag_q31.c"
'Finished building: ../src/Source/ComplexMathFunctions/arm_cmplx_mag_q31.c'
' '
'Building file: ../src/Source/ComplexMathFunctions/arm_cmplx_mag_squared_f16.c'
'Invoking: ARM v8 gcc compiler'
aarch64-none-elf-gcc -DDISABLEFLOAT16 -Wall -O0 -g3 -ID:/Work/Vitis_workspace_FPGAVerification/Mercury_XU5_PE1/export/Mercury_XU5_PE1/sw/Mercury_XU5_PE1/standalone_psu_cortexa53_0/bspinclude/include -I"D:\Work\Vitis_workspace_FPGAVerification\ServoDrive_CB_FPGAVerification\src\ComputeLibrary" -I"D:\Work\Vitis_workspace_FPGAVerification\ServoDrive_CB_FPGAVerification\src\Include" -I"D:\Work\Vitis_workspace_FPGAVerification\ServoDrive_CB_FPGAVerification\src\PrivateInclude" -I"D:\Work\Vitis_workspace_FPGAVerification\ServoDrive_CB_FPGAVerification\src\Source" -I"D:\Work\Vitis_workspace_FPGAVerification\ServoDrive_CB_FPGAVerification\src\Include\dsp" -I"D:\Work\Vitis_workspace_FPGAVerification\ServoDrive_CB_FPGAVerification\src\ComputeLibrary\Include" -c -fmessage-length=0 -MT"src/Source/ComplexMathFunctions/arm_cmplx_mag_squared_f16.o" -ID:/Work/Vitis_workspace_FPGAVerification/Mercury_XU5_PE1/export/Mercury_XU5_PE1/sw/Mercury_XU5_PE1/standalone_psu_cortexa53_0/bspinclude/include -MMD -MP -MF"src/Source/ComplexMathFunctions/arm_cmplx_mag_squared_f16.d" -MT"src/Source/ComplexMathFunctions/arm_cmplx_mag_squared_f16.o" -o "src/Source/ComplexMathFunctions/arm_cmplx_mag_squared_f16.o" "../src/Source/ComplexMathFunctions/arm_cmplx_mag_squared_f16.c"
'Finished building: ../src/Source/ComplexMathFunctions/arm_cmplx_mag_squared_f16.c'
' '
'Building file: ../src/Source/ComplexMathFunctions/arm_cmplx_mag_squared_f32.c'
'Invoking: ARM v8 gcc compiler'
aarch64-none-elf-gcc -DDISABLEFLOAT16 -Wall -O0 -g3 -ID:/Work/Vitis_workspace_FPGAVerification/Mercury_XU5_PE1/export/Mercury_XU5_PE1/sw/Mercury_XU5_PE1/standalone_psu_cortexa53_0/bspinclude/include -I"D:\Work\Vitis_workspace_FPGAVerification\ServoDrive_CB_FPGAVerification\src\ComputeLibrary" -I"D:\Work\Vitis_workspace_FPGAVerification\ServoDrive_CB_FPGAVerification\src\Include" -I"D:\Work\Vitis_workspace_FPGAVerification\ServoDrive_CB_FPGAVerification\src\PrivateInclude" -I"D:\Work\Vitis_workspace_FPGAVerification\ServoDrive_CB_FPGAVerification\src\Source" -I"D:\Work\Vitis_workspace_FPGAVerification\ServoDrive_CB_FPGAVerification\src\Include\dsp" -I"D:\Work\Vitis_workspace_FPGAVerification\ServoDrive_CB_FPGAVerification\src\ComputeLibrary\Include" -c -fmessage-length=0 -MT"src/Source/ComplexMathFunctions/arm_cmplx_mag_squared_f32.o" -ID:/Work/Vitis_workspace_FPGAVerification/Mercury_XU5_PE1/export/Mercury_XU5_PE1/sw/Mercury_XU5_PE1/standalone_psu_cortexa53_0/bspinclude/include -MMD -MP -MF"src/Source/ComplexMathFunctions/arm_cmplx_mag_squared_f32.d" -MT"src/Source/ComplexMathFunctions/arm_cmplx_mag_squared_f32.o" -o "src/Source/ComplexMathFunctions/arm_cmplx_mag_squared_f32.o" "../src/Source/ComplexMathFunctions/arm_cmplx_mag_squared_f32.c"
'Finished building: ../src/Source/ComplexMathFunctions/arm_cmplx_mag_squared_f32.c'
' '
'Building file: ../src/Source/ComplexMathFunctions/arm_cmplx_mag_squared_f64.c'
'Invoking: ARM v8 gcc compiler'
aarch64-none-elf-gcc -DDISABLEFLOAT16 -Wall -O0 -g3 -ID:/Work/Vitis_workspace_FPGAVerification/Mercury_XU5_PE1/export/Mercury_XU5_PE1/sw/Mercury_XU5_PE1/standalone_psu_cortexa53_0/bspinclude/include -I"D:\Work\Vitis_workspace_FPGAVerification\ServoDrive_CB_FPGAVerification\src\ComputeLibrary" -I"D:\Work\Vitis_workspace_FPGAVerification\ServoDrive_CB_FPGAVerification\src\Include" -I"D:\Work\Vitis_workspace_FPGAVerification\ServoDrive_CB_FPGAVerification\src\PrivateInclude" -I"D:\Work\Vitis_workspace_FPGAVerification\ServoDrive_CB_FPGAVerification\src\Source" -I"D:\Work\Vitis_workspace_FPGAVerification\ServoDrive_CB_FPGAVerification\src\Include\dsp" -I"D:\Work\Vitis_workspace_FPGAVerification\ServoDrive_CB_FPGAVerification\src\ComputeLibrary\Include" -c -fmessage-length=0 -MT"src/Source/ComplexMathFunctions/arm_cmplx_mag_squared_f64.o" -ID:/Work/Vitis_workspace_FPGAVerification/Mercury_XU5_PE1/export/Mercury_XU5_PE1/sw/Mercury_XU5_PE1/standalone_psu_cortexa53_0/bspinclude/include -MMD -MP -MF"src/Source/ComplexMathFunctions/arm_cmplx_mag_squared_f64.d" -MT"src/Source/ComplexMathFunctions/arm_cmplx_mag_squared_f64.o" -o "src/Source/ComplexMathFunctions/arm_cmplx_mag_squared_f64.o" "../src/Source/ComplexMathFunctions/arm_cmplx_mag_squared_f64.c"
'Finished building: ../src/Source/ComplexMathFunctions/arm_cmplx_mag_squared_f64.c'
' '
'Building file: ../src/Source/ComplexMathFunctions/arm_cmplx_mag_squared_q15.c'
'Invoking: ARM v8 gcc compiler'
aarch64-none-elf-gcc -DDISABLEFLOAT16 -Wall -O0 -g3 -ID:/Work/Vitis_workspace_FPGAVerification/Mercury_XU5_PE1/export/Mercury_XU5_PE1/sw/Mercury_XU5_PE1/standalone_psu_cortexa53_0/bspinclude/include -I"D:\Work\Vitis_workspace_FPGAVerification\ServoDrive_CB_FPGAVerification\src\ComputeLibrary" -I"D:\Work\Vitis_workspace_FPGAVerification\ServoDrive_CB_FPGAVerification\src\Include" -I"D:\Work\Vitis_workspace_FPGAVerification\ServoDrive_CB_FPGAVerification\src\PrivateInclude" -I"D:\Work\Vitis_workspace_FPGAVerification\ServoDrive_CB_FPGAVerification\src\Source" -I"D:\Work\Vitis_workspace_FPGAVerification\ServoDrive_CB_FPGAVerification\src\Include\dsp" -I"D:\Work\Vitis_workspace_FPGAVerification\ServoDrive_CB_FPGAVerification\src\ComputeLibrary\Include" -c -fmessage-length=0 -MT"src/Source/ComplexMathFunctions/arm_cmplx_mag_squared_q15.o" -ID:/Work/Vitis_workspace_FPGAVerification/Mercury_XU5_PE1/export/Mercury_XU5_PE1/sw/Mercury_XU5_PE1/standalone_psu_cortexa53_0/bspinclude/include -MMD -MP -MF"src/Source/ComplexMathFunctions/arm_cmplx_mag_squared_q15.d" -MT"src/Source/ComplexMathFunctions/arm_cmplx_mag_squared_q15.o" -o "src/Source/ComplexMathFunctions/arm_cmplx_mag_squared_q15.o" "../src/Source/ComplexMathFunctions/arm_cmplx_mag_squared_q15.c"
'Finished building: ../src/Source/ComplexMathFunctions/arm_cmplx_mag_squared_q15.c'
' '
'Building file: ../src/Source/ComplexMathFunctions/arm_cmplx_mag_squared_q31.c'
'Invoking: ARM v8 gcc compiler'
aarch64-none-elf-gcc -DDISABLEFLOAT16 -Wall -O0 -g3 -ID:/Work/Vitis_workspace_FPGAVerification/Mercury_XU5_PE1/export/Mercury_XU5_PE1/sw/Mercury_XU5_PE1/standalone_psu_cortexa53_0/bspinclude/include -I"D:\Work\Vitis_workspace_FPGAVerification\ServoDrive_CB_FPGAVerification\src\ComputeLibrary" -I"D:\Work\Vitis_workspace_FPGAVerification\ServoDrive_CB_FPGAVerification\src\Include" -I"D:\Work\Vitis_workspace_FPGAVerification\ServoDrive_CB_FPGAVerification\src\PrivateInclude" -I"D:\Work\Vitis_workspace_FPGAVerification\ServoDrive_CB_FPGAVerification\src\Source" -I"D:\Work\Vitis_workspace_FPGAVerification\ServoDrive_CB_FPGAVerification\src\Include\dsp" -I"D:\Work\Vitis_workspace_FPGAVerification\ServoDrive_CB_FPGAVerification\src\ComputeLibrary\Include" -c -fmessage-length=0 -MT"src/Source/ComplexMathFunctions/arm_cmplx_mag_squared_q31.o" -ID:/Work/Vitis_workspace_FPGAVerification/Mercury_XU5_PE1/export/Mercury_XU5_PE1/sw/Mercury_XU5_PE1/standalone_psu_cortexa53_0/bspinclude/include -MMD -MP -MF"src/Source/ComplexMathFunctions/arm_cmplx_mag_squared_q31.d" -MT"src/Source/ComplexMathFunctions/arm_cmplx_mag_squared_q31.o" -o "src/Source/ComplexMathFunctions/arm_cmplx_mag_squared_q31.o" "../src/Source/ComplexMathFunctions/arm_cmplx_mag_squared_q31.c"
'Finished building: ../src/Source/ComplexMathFunctions/arm_cmplx_mag_squared_q31.c'
' '
'Building file: ../src/Source/ComplexMathFunctions/arm_cmplx_mult_cmplx_f16.c'
'Invoking: ARM v8 gcc compiler'
aarch64-none-elf-gcc -DDISABLEFLOAT16 -Wall -O0 -g3 -ID:/Work/Vitis_workspace_FPGAVerification/Mercury_XU5_PE1/export/Mercury_XU5_PE1/sw/Mercury_XU5_PE1/standalone_psu_cortexa53_0/bspinclude/include -I"D:\Work\Vitis_workspace_FPGAVerification\ServoDrive_CB_FPGAVerification\src\ComputeLibrary" -I"D:\Work\Vitis_workspace_FPGAVerification\ServoDrive_CB_FPGAVerification\src\Include" -I"D:\Work\Vitis_workspace_FPGAVerification\ServoDrive_CB_FPGAVerification\src\PrivateInclude" -I"D:\Work\Vitis_workspace_FPGAVerification\ServoDrive_CB_FPGAVerification\src\Source" -I"D:\Work\Vitis_workspace_FPGAVerification\ServoDrive_CB_FPGAVerification\src\Include\dsp" -I"D:\Work\Vitis_workspace_FPGAVerification\ServoDrive_CB_FPGAVerification\src\ComputeLibrary\Include" -c -fmessage-length=0 -MT"src/Source/ComplexMathFunctions/arm_cmplx_mult_cmplx_f16.o" -ID:/Work/Vitis_workspace_FPGAVerification/Mercury_XU5_PE1/export/Mercury_XU5_PE1/sw/Mercury_XU5_PE1/standalone_psu_cortexa53_0/bspinclude/include -MMD -MP -MF"src/Source/ComplexMathFunctions/arm_cmplx_mult_cmplx_f16.d" -MT"src/Source/ComplexMathFunctions/arm_cmplx_mult_cmplx_f16.o" -o "src/Source/ComplexMathFunctions/arm_cmplx_mult_cmplx_f16.o" "../src/Source/ComplexMathFunctions/arm_cmplx_mult_cmplx_f16.c"
'Finished building: ../src/Source/ComplexMathFunctions/arm_cmplx_mult_cmplx_f16.c'
' '
'Building file: ../src/Source/ComplexMathFunctions/arm_cmplx_mult_cmplx_f32.c'
'Invoking: ARM v8 gcc compiler'
aarch64-none-elf-gcc -DDISABLEFLOAT16 -Wall -O0 -g3 -ID:/Work/Vitis_workspace_FPGAVerification/Mercury_XU5_PE1/export/Mercury_XU5_PE1/sw/Mercury_XU5_PE1/standalone_psu_cortexa53_0/bspinclude/include -I"D:\Work\Vitis_workspace_FPGAVerification\ServoDrive_CB_FPGAVerification\src\ComputeLibrary" -I"D:\Work\Vitis_workspace_FPGAVerification\ServoDrive_CB_FPGAVerification\src\Include" -I"D:\Work\Vitis_workspace_FPGAVerification\ServoDrive_CB_FPGAVerification\src\PrivateInclude" -I"D:\Work\Vitis_workspace_FPGAVerification\ServoDrive_CB_FPGAVerification\src\Source" -I"D:\Work\Vitis_workspace_FPGAVerification\ServoDrive_CB_FPGAVerification\src\Include\dsp" -I"D:\Work\Vitis_workspace_FPGAVerification\ServoDrive_CB_FPGAVerification\src\ComputeLibrary\Include" -c -fmessage-length=0 -MT"src/Source/ComplexMathFunctions/arm_cmplx_mult_cmplx_f32.o" -ID:/Work/Vitis_workspace_FPGAVerification/Mercury_XU5_PE1/export/Mercury_XU5_PE1/sw/Mercury_XU5_PE1/standalone_psu_cortexa53_0/bspinclude/include -MMD -MP -MF"src/Source/ComplexMathFunctions/arm_cmplx_mult_cmplx_f32.d" -MT"src/Source/ComplexMathFunctions/arm_cmplx_mult_cmplx_f32.o" -o "src/Source/ComplexMathFunctions/arm_cmplx_mult_cmplx_f32.o" "../src/Source/ComplexMathFunctions/arm_cmplx_mult_cmplx_f32.c"
'Finished building: ../src/Source/ComplexMathFunctions/arm_cmplx_mult_cmplx_f32.c'
' '
'Building file: ../src/Source/ComplexMathFunctions/arm_cmplx_mult_cmplx_f64.c'
'Invoking: ARM v8 gcc compiler'
aarch64-none-elf-gcc -DDISABLEFLOAT16 -Wall -O0 -g3 -ID:/Work/Vitis_workspace_FPGAVerification/Mercury_XU5_PE1/export/Mercury_XU5_PE1/sw/Mercury_XU5_PE1/standalone_psu_cortexa53_0/bspinclude/include -I"D:\Work\Vitis_workspace_FPGAVerification\ServoDrive_CB_FPGAVerification\src\ComputeLibrary" -I"D:\Work\Vitis_workspace_FPGAVerification\ServoDrive_CB_FPGAVerification\src\Include" -I"D:\Work\Vitis_workspace_FPGAVerification\ServoDrive_CB_FPGAVerification\src\PrivateInclude" -I"D:\Work\Vitis_workspace_FPGAVerification\ServoDrive_CB_FPGAVerification\src\Source" -I"D:\Work\Vitis_workspace_FPGAVerification\ServoDrive_CB_FPGAVerification\src\Include\dsp" -I"D:\Work\Vitis_workspace_FPGAVerification\ServoDrive_CB_FPGAVerification\src\ComputeLibrary\Include" -c -fmessage-length=0 -MT"src/Source/ComplexMathFunctions/arm_cmplx_mult_cmplx_f64.o" -ID:/Work/Vitis_workspace_FPGAVerification/Mercury_XU5_PE1/export/Mercury_XU5_PE1/sw/Mercury_XU5_PE1/standalone_psu_cortexa53_0/bspinclude/include -MMD -MP -MF"src/Source/ComplexMathFunctions/arm_cmplx_mult_cmplx_f64.d" -MT"src/Source/ComplexMathFunctions/arm_cmplx_mult_cmplx_f64.o" -o "src/Source/ComplexMathFunctions/arm_cmplx_mult_cmplx_f64.o" "../src/Source/ComplexMathFunctions/arm_cmplx_mult_cmplx_f64.c"
'Finished building: ../src/Source/ComplexMathFunctions/arm_cmplx_mult_cmplx_f64.c'
' '
'Building file: ../src/Source/ComplexMathFunctions/arm_cmplx_mult_cmplx_q15.c'
'Invoking: ARM v8 gcc compiler'
aarch64-none-elf-gcc -DDISABLEFLOAT16 -Wall -O0 -g3 -ID:/Work/Vitis_workspace_FPGAVerification/Mercury_XU5_PE1/export/Mercury_XU5_PE1/sw/Mercury_XU5_PE1/standalone_psu_cortexa53_0/bspinclude/include -I"D:\Work\Vitis_workspace_FPGAVerification\ServoDrive_CB_FPGAVerification\src\ComputeLibrary" -I"D:\Work\Vitis_workspace_FPGAVerification\ServoDrive_CB_FPGAVerification\src\Include" -I"D:\Work\Vitis_workspace_FPGAVerification\ServoDrive_CB_FPGAVerification\src\PrivateInclude" -I"D:\Work\Vitis_workspace_FPGAVerification\ServoDrive_CB_FPGAVerification\src\Source" -I"D:\Work\Vitis_workspace_FPGAVerification\ServoDrive_CB_FPGAVerification\src\Include\dsp" -I"D:\Work\Vitis_workspace_FPGAVerification\ServoDrive_CB_FPGAVerification\src\ComputeLibrary\Include" -c -fmessage-length=0 -MT"src/Source/ComplexMathFunctions/arm_cmplx_mult_cmplx_q15.o" -ID:/Work/Vitis_workspace_FPGAVerification/Mercury_XU5_PE1/export/Mercury_XU5_PE1/sw/Mercury_XU5_PE1/standalone_psu_cortexa53_0/bspinclude/include -MMD -MP -MF"src/Source/ComplexMathFunctions/arm_cmplx_mult_cmplx_q15.d" -MT"src/Source/ComplexMathFunctions/arm_cmplx_mult_cmplx_q15.o" -o "src/Source/ComplexMathFunctions/arm_cmplx_mult_cmplx_q15.o" "../src/Source/ComplexMathFunctions/arm_cmplx_mult_cmplx_q15.c"
'Finished building: ../src/Source/ComplexMathFunctions/arm_cmplx_mult_cmplx_q15.c'
' '
'Building file: ../src/Source/ComplexMathFunctions/arm_cmplx_mult_cmplx_q31.c'
'Invoking: ARM v8 gcc compiler'
aarch64-none-elf-gcc -DDISABLEFLOAT16 -Wall -O0 -g3 -ID:/Work/Vitis_workspace_FPGAVerification/Mercury_XU5_PE1/export/Mercury_XU5_PE1/sw/Mercury_XU5_PE1/standalone_psu_cortexa53_0/bspinclude/include -I"D:\Work\Vitis_workspace_FPGAVerification\ServoDrive_CB_FPGAVerification\src\ComputeLibrary" -I"D:\Work\Vitis_workspace_FPGAVerification\ServoDrive_CB_FPGAVerification\src\Include" -I"D:\Work\Vitis_workspace_FPGAVerification\ServoDrive_CB_FPGAVerification\src\PrivateInclude" -I"D:\Work\Vitis_workspace_FPGAVerification\ServoDrive_CB_FPGAVerification\src\Source" -I"D:\Work\Vitis_workspace_FPGAVerification\ServoDrive_CB_FPGAVerification\src\Include\dsp" -I"D:\Work\Vitis_workspace_FPGAVerification\ServoDrive_CB_FPGAVerification\src\ComputeLibrary\Include" -c -fmessage-length=0 -MT"src/Source/ComplexMathFunctions/arm_cmplx_mult_cmplx_q31.o" -ID:/Work/Vitis_workspace_FPGAVerification/Mercury_XU5_PE1/export/Mercury_XU5_PE1/sw/Mercury_XU5_PE1/standalone_psu_cortexa53_0/bspinclude/include -MMD -MP -MF"src/Source/ComplexMathFunctions/arm_cmplx_mult_cmplx_q31.d" -MT"src/Source/ComplexMathFunctions/arm_cmplx_mult_cmplx_q31.o" -o "src/Source/ComplexMathFunctions/arm_cmplx_mult_cmplx_q31.o" "../src/Source/ComplexMathFunctions/arm_cmplx_mult_cmplx_q31.c"
'Finished building: ../src/Source/ComplexMathFunctions/arm_cmplx_mult_cmplx_q31.c'
' '
'Building file: ../src/Source/ComplexMathFunctions/arm_cmplx_mult_real_f16.c'
'Invoking: ARM v8 gcc compiler'
aarch64-none-elf-gcc -DDISABLEFLOAT16 -Wall -O0 -g3 -ID:/Work/Vitis_workspace_FPGAVerification/Mercury_XU5_PE1/export/Mercury_XU5_PE1/sw/Mercury_XU5_PE1/standalone_psu_cortexa53_0/bspinclude/include -I"D:\Work\Vitis_workspace_FPGAVerification\ServoDrive_CB_FPGAVerification\src\ComputeLibrary" -I"D:\Work\Vitis_workspace_FPGAVerification\ServoDrive_CB_FPGAVerification\src\Include" -I"D:\Work\Vitis_workspace_FPGAVerification\ServoDrive_CB_FPGAVerification\src\PrivateInclude" -I"D:\Work\Vitis_workspace_FPGAVerification\ServoDrive_CB_FPGAVerification\src\Source" -I"D:\Work\Vitis_workspace_FPGAVerification\ServoDrive_CB_FPGAVerification\src\Include\dsp" -I"D:\Work\Vitis_workspace_FPGAVerification\ServoDrive_CB_FPGAVerification\src\ComputeLibrary\Include" -c -fmessage-length=0 -MT"src/Source/ComplexMathFunctions/arm_cmplx_mult_real_f16.o" -ID:/Work/Vitis_workspace_FPGAVerification/Mercury_XU5_PE1/export/Mercury_XU5_PE1/sw/Mercury_XU5_PE1/standalone_psu_cortexa53_0/bspinclude/include -MMD -MP -MF"src/Source/ComplexMathFunctions/arm_cmplx_mult_real_f16.d" -MT"src/Source/ComplexMathFunctions/arm_cmplx_mult_real_f16.o" -o "src/Source/ComplexMathFunctions/arm_cmplx_mult_real_f16.o" "../src/Source/ComplexMathFunctions/arm_cmplx_mult_real_f16.c"
'Finished building: ../src/Source/ComplexMathFunctions/arm_cmplx_mult_real_f16.c'
' '
'Building file: ../src/Source/ComplexMathFunctions/arm_cmplx_mult_real_f32.c'
'Invoking: ARM v8 gcc compiler'
aarch64-none-elf-gcc -DDISABLEFLOAT16 -Wall -O0 -g3 -ID:/Work/Vitis_workspace_FPGAVerification/Mercury_XU5_PE1/export/Mercury_XU5_PE1/sw/Mercury_XU5_PE1/standalone_psu_cortexa53_0/bspinclude/include -I"D:\Work\Vitis_workspace_FPGAVerification\ServoDrive_CB_FPGAVerification\src\ComputeLibrary" -I"D:\Work\Vitis_workspace_FPGAVerification\ServoDrive_CB_FPGAVerification\src\Include" -I"D:\Work\Vitis_workspace_FPGAVerification\ServoDrive_CB_FPGAVerification\src\PrivateInclude" -I"D:\Work\Vitis_workspace_FPGAVerification\ServoDrive_CB_FPGAVerification\src\Source" -I"D:\Work\Vitis_workspace_FPGAVerification\ServoDrive_CB_FPGAVerification\src\Include\dsp" -I"D:\Work\Vitis_workspace_FPGAVerification\ServoDrive_CB_FPGAVerification\src\ComputeLibrary\Include" -c -fmessage-length=0 -MT"src/Source/ComplexMathFunctions/arm_cmplx_mult_real_f32.o" -ID:/Work/Vitis_workspace_FPGAVerification/Mercury_XU5_PE1/export/Mercury_XU5_PE1/sw/Mercury_XU5_PE1/standalone_psu_cortexa53_0/bspinclude/include -MMD -MP -MF"src/Source/ComplexMathFunctions/arm_cmplx_mult_real_f32.d" -MT"src/Source/ComplexMathFunctions/arm_cmplx_mult_real_f32.o" -o "src/Source/ComplexMathFunctions/arm_cmplx_mult_real_f32.o" "../src/Source/ComplexMathFunctions/arm_cmplx_mult_real_f32.c"
'Finished building: ../src/Source/ComplexMathFunctions/arm_cmplx_mult_real_f32.c'
' '
'Building file: ../src/Source/ComplexMathFunctions/arm_cmplx_mult_real_q15.c'
'Invoking: ARM v8 gcc compiler'
aarch64-none-elf-gcc -DDISABLEFLOAT16 -Wall -O0 -g3 -ID:/Work/Vitis_workspace_FPGAVerification/Mercury_XU5_PE1/export/Mercury_XU5_PE1/sw/Mercury_XU5_PE1/standalone_psu_cortexa53_0/bspinclude/include -I"D:\Work\Vitis_workspace_FPGAVerification\ServoDrive_CB_FPGAVerification\src\ComputeLibrary" -I"D:\Work\Vitis_workspace_FPGAVerification\ServoDrive_CB_FPGAVerification\src\Include" -I"D:\Work\Vitis_workspace_FPGAVerification\ServoDrive_CB_FPGAVerification\src\PrivateInclude" -I"D:\Work\Vitis_workspace_FPGAVerification\ServoDrive_CB_FPGAVerification\src\Source" -I"D:\Work\Vitis_workspace_FPGAVerification\ServoDrive_CB_FPGAVerification\src\Include\dsp" -I"D:\Work\Vitis_workspace_FPGAVerification\ServoDrive_CB_FPGAVerification\src\ComputeLibrary\Include" -c -fmessage-length=0 -MT"src/Source/ComplexMathFunctions/arm_cmplx_mult_real_q15.o" -ID:/Work/Vitis_workspace_FPGAVerification/Mercury_XU5_PE1/export/Mercury_XU5_PE1/sw/Mercury_XU5_PE1/standalone_psu_cortexa53_0/bspinclude/include -MMD -MP -MF"src/Source/ComplexMathFunctions/arm_cmplx_mult_real_q15.d" -MT"src/Source/ComplexMathFunctions/arm_cmplx_mult_real_q15.o" -o "src/Source/ComplexMathFunctions/arm_cmplx_mult_real_q15.o" "../src/Source/ComplexMathFunctions/arm_cmplx_mult_real_q15.c"
'Finished building: ../src/Source/ComplexMathFunctions/arm_cmplx_mult_real_q15.c'
' '
'Building file: ../src/Source/ComplexMathFunctions/arm_cmplx_mult_real_q31.c'
'Invoking: ARM v8 gcc compiler'
aarch64-none-elf-gcc -DDISABLEFLOAT16 -Wall -O0 -g3 -ID:/Work/Vitis_workspace_FPGAVerification/Mercury_XU5_PE1/export/Mercury_XU5_PE1/sw/Mercury_XU5_PE1/standalone_psu_cortexa53_0/bspinclude/include -I"D:\Work\Vitis_workspace_FPGAVerification\ServoDrive_CB_FPGAVerification\src\ComputeLibrary" -I"D:\Work\Vitis_workspace_FPGAVerification\ServoDrive_CB_FPGAVerification\src\Include" -I"D:\Work\Vitis_workspace_FPGAVerification\ServoDrive_CB_FPGAVerification\src\PrivateInclude" -I"D:\Work\Vitis_workspace_FPGAVerification\ServoDrive_CB_FPGAVerification\src\Source" -I"D:\Work\Vitis_workspace_FPGAVerification\ServoDrive_CB_FPGAVerification\src\Include\dsp" -I"D:\Work\Vitis_workspace_FPGAVerification\ServoDrive_CB_FPGAVerification\src\ComputeLibrary\Include" -c -fmessage-length=0 -MT"src/Source/ComplexMathFunctions/arm_cmplx_mult_real_q31.o" -ID:/Work/Vitis_workspace_FPGAVerification/Mercury_XU5_PE1/export/Mercury_XU5_PE1/sw/Mercury_XU5_PE1/standalone_psu_cortexa53_0/bspinclude/include -MMD -MP -MF"src/Source/ComplexMathFunctions/arm_cmplx_mult_real_q31.d" -MT"src/Source/ComplexMathFunctions/arm_cmplx_mult_real_q31.o" -o "src/Source/ComplexMathFunctions/arm_cmplx_mult_real_q31.o" "../src/Source/ComplexMathFunctions/arm_cmplx_mult_real_q31.c"
'Finished building: ../src/Source/ComplexMathFunctions/arm_cmplx_mult_real_q31.c'
' '
'Building file: ../src/Source/CommonTables/CommonTablesF16.c'
'Invoking: ARM v8 gcc compiler'
aarch64-none-elf-gcc -DDISABLEFLOAT16 -Wall -O0 -g3 -ID:/Work/Vitis_workspace_FPGAVerification/Mercury_XU5_PE1/export/Mercury_XU5_PE1/sw/Mercury_XU5_PE1/standalone_psu_cortexa53_0/bspinclude/include -I"D:\Work\Vitis_workspace_FPGAVerification\ServoDrive_CB_FPGAVerification\src\ComputeLibrary" -I"D:\Work\Vitis_workspace_FPGAVerification\ServoDrive_CB_FPGAVerification\src\Include" -I"D:\Work\Vitis_workspace_FPGAVerification\ServoDrive_CB_FPGAVerification\src\PrivateInclude" -I"D:\Work\Vitis_workspace_FPGAVerification\ServoDrive_CB_FPGAVerification\src\Source" -I"D:\Work\Vitis_workspace_FPGAVerification\ServoDrive_CB_FPGAVerification\src\Include\dsp" -I"D:\Work\Vitis_workspace_FPGAVerification\ServoDrive_CB_FPGAVerification\src\ComputeLibrary\Include" -c -fmessage-length=0 -MT"src/Source/CommonTables/CommonTablesF16.o" -ID:/Work/Vitis_workspace_FPGAVerification/Mercury_XU5_PE1/export/Mercury_XU5_PE1/sw/Mercury_XU5_PE1/standalone_psu_cortexa53_0/bspinclude/include -MMD -MP -MF"src/Source/CommonTables/CommonTablesF16.d" -MT"src/Source/CommonTables/CommonTablesF16.o" -o "src/Source/CommonTables/CommonTablesF16.o" "../src/Source/CommonTables/CommonTablesF16.c"
'Finished building: ../src/Source/CommonTables/CommonTablesF16.c'
' '
'Building file: ../src/Source/CommonTables/arm_common_tables.c'
'Invoking: ARM v8 gcc compiler'
aarch64-none-elf-gcc -DDISABLEFLOAT16 -Wall -O0 -g3 -ID:/Work/Vitis_workspace_FPGAVerification/Mercury_XU5_PE1/export/Mercury_XU5_PE1/sw/Mercury_XU5_PE1/standalone_psu_cortexa53_0/bspinclude/include -I"D:\Work\Vitis_workspace_FPGAVerification\ServoDrive_CB_FPGAVerification\src\ComputeLibrary" -I"D:\Work\Vitis_workspace_FPGAVerification\ServoDrive_CB_FPGAVerification\src\Include" -I"D:\Work\Vitis_workspace_FPGAVerification\ServoDrive_CB_FPGAVerification\src\PrivateInclude" -I"D:\Work\Vitis_workspace_FPGAVerification\ServoDrive_CB_FPGAVerification\src\Source" -I"D:\Work\Vitis_workspace_FPGAVerification\ServoDrive_CB_FPGAVerification\src\Include\dsp" -I"D:\Work\Vitis_workspace_FPGAVerification\ServoDrive_CB_FPGAVerification\src\ComputeLibrary\Include" -c -fmessage-length=0 -MT"src/Source/CommonTables/arm_common_tables.o" -ID:/Work/Vitis_workspace_FPGAVerification/Mercury_XU5_PE1/export/Mercury_XU5_PE1/sw/Mercury_XU5_PE1/standalone_psu_cortexa53_0/bspinclude/include -MMD -MP -MF"src/Source/CommonTables/arm_common_tables.d" -MT"src/Source/CommonTables/arm_common_tables.o" -o "src/Source/CommonTables/arm_common_tables.o" "../src/Source/CommonTables/arm_common_tables.c"
'Finished building: ../src/Source/CommonTables/arm_common_tables.c'
' '
'Building file: ../src/Source/CommonTables/arm_common_tables_f16.c'
'Invoking: ARM v8 gcc compiler'
aarch64-none-elf-gcc -DDISABLEFLOAT16 -Wall -O0 -g3 -ID:/Work/Vitis_workspace_FPGAVerification/Mercury_XU5_PE1/export/Mercury_XU5_PE1/sw/Mercury_XU5_PE1/standalone_psu_cortexa53_0/bspinclude/include -I"D:\Work\Vitis_workspace_FPGAVerification\ServoDrive_CB_FPGAVerification\src\ComputeLibrary" -I"D:\Work\Vitis_workspace_FPGAVerification\ServoDrive_CB_FPGAVerification\src\Include" -I"D:\Work\Vitis_workspace_FPGAVerification\ServoDrive_CB_FPGAVerification\src\PrivateInclude" -I"D:\Work\Vitis_workspace_FPGAVerification\ServoDrive_CB_FPGAVerification\src\Source" -I"D:\Work\Vitis_workspace_FPGAVerification\ServoDrive_CB_FPGAVerification\src\Include\dsp" -I"D:\Work\Vitis_workspace_FPGAVerification\ServoDrive_CB_FPGAVerification\src\ComputeLibrary\Include" -c -fmessage-length=0 -MT"src/Source/CommonTables/arm_common_tables_f16.o" -ID:/Work/Vitis_workspace_FPGAVerification/Mercury_XU5_PE1/export/Mercury_XU5_PE1/sw/Mercury_XU5_PE1/standalone_psu_cortexa53_0/bspinclude/include -MMD -MP -MF"src/Source/CommonTables/arm_common_tables_f16.d" -MT"src/Source/CommonTables/arm_common_tables_f16.o" -o "src/Source/CommonTables/arm_common_tables_f16.o" "../src/Source/CommonTables/arm_common_tables_f16.c"
'Finished building: ../src/Source/CommonTables/arm_common_tables_f16.c'
' '
'Building file: ../src/Source/CommonTables/arm_const_structs.c'
'Invoking: ARM v8 gcc compiler'
aarch64-none-elf-gcc -DDISABLEFLOAT16 -Wall -O0 -g3 -ID:/Work/Vitis_workspace_FPGAVerification/Mercury_XU5_PE1/export/Mercury_XU5_PE1/sw/Mercury_XU5_PE1/standalone_psu_cortexa53_0/bspinclude/include -I"D:\Work\Vitis_workspace_FPGAVerification\ServoDrive_CB_FPGAVerification\src\ComputeLibrary" -I"D:\Work\Vitis_workspace_FPGAVerification\ServoDrive_CB_FPGAVerification\src\Include" -I"D:\Work\Vitis_workspace_FPGAVerification\ServoDrive_CB_FPGAVerification\src\PrivateInclude" -I"D:\Work\Vitis_workspace_FPGAVerification\ServoDrive_CB_FPGAVerification\src\Source" -I"D:\Work\Vitis_workspace_FPGAVerification\ServoDrive_CB_FPGAVerification\src\Include\dsp" -I"D:\Work\Vitis_workspace_FPGAVerification\ServoDrive_CB_FPGAVerification\src\ComputeLibrary\Include" -c -fmessage-length=0 -MT"src/Source/CommonTables/arm_const_structs.o" -ID:/Work/Vitis_workspace_FPGAVerification/Mercury_XU5_PE1/export/Mercury_XU5_PE1/sw/Mercury_XU5_PE1/standalone_psu_cortexa53_0/bspinclude/include -MMD -MP -MF"src/Source/CommonTables/arm_const_structs.d" -MT"src/Source/CommonTables/arm_const_structs.o" -o "src/Source/CommonTables/arm_const_structs.o" "../src/Source/CommonTables/arm_const_structs.c"
'Finished building: ../src/Source/CommonTables/arm_const_structs.c'
' '
'Building file: ../src/Source/CommonTables/arm_const_structs_f16.c'
'Invoking: ARM v8 gcc compiler'
aarch64-none-elf-gcc -DDISABLEFLOAT16 -Wall -O0 -g3 -ID:/Work/Vitis_workspace_FPGAVerification/Mercury_XU5_PE1/export/Mercury_XU5_PE1/sw/Mercury_XU5_PE1/standalone_psu_cortexa53_0/bspinclude/include -I"D:\Work\Vitis_workspace_FPGAVerification\ServoDrive_CB_FPGAVerification\src\ComputeLibrary" -I"D:\Work\Vitis_workspace_FPGAVerification\ServoDrive_CB_FPGAVerification\src\Include" -I"D:\Work\Vitis_workspace_FPGAVerification\ServoDrive_CB_FPGAVerification\src\PrivateInclude" -I"D:\Work\Vitis_workspace_FPGAVerification\ServoDrive_CB_FPGAVerification\src\Source" -I"D:\Work\Vitis_workspace_FPGAVerification\ServoDrive_CB_FPGAVerification\src\Include\dsp" -I"D:\Work\Vitis_workspace_FPGAVerification\ServoDrive_CB_FPGAVerification\src\ComputeLibrary\Include" -c -fmessage-length=0 -MT"src/Source/CommonTables/arm_const_structs_f16.o" -ID:/Work/Vitis_workspace_FPGAVerification/Mercury_XU5_PE1/export/Mercury_XU5_PE1/sw/Mercury_XU5_PE1/standalone_psu_cortexa53_0/bspinclude/include -MMD -MP -MF"src/Source/CommonTables/arm_const_structs_f16.d" -MT"src/Source/CommonTables/arm_const_structs_f16.o" -o "src/Source/CommonTables/arm_const_structs_f16.o" "../src/Source/CommonTables/arm_const_structs_f16.c"
'Finished building: ../src/Source/CommonTables/arm_const_structs_f16.c'
' '
'Building file: ../src/Source/CommonTables/arm_mve_tables.c'
'Invoking: ARM v8 gcc compiler'
aarch64-none-elf-gcc -DDISABLEFLOAT16 -Wall -O0 -g3 -ID:/Work/Vitis_workspace_FPGAVerification/Mercury_XU5_PE1/export/Mercury_XU5_PE1/sw/Mercury_XU5_PE1/standalone_psu_cortexa53_0/bspinclude/include -I"D:\Work\Vitis_workspace_FPGAVerification\ServoDrive_CB_FPGAVerification\src\ComputeLibrary" -I"D:\Work\Vitis_workspace_FPGAVerification\ServoDrive_CB_FPGAVerification\src\Include" -I"D:\Work\Vitis_workspace_FPGAVerification\ServoDrive_CB_FPGAVerification\src\PrivateInclude" -I"D:\Work\Vitis_workspace_FPGAVerification\ServoDrive_CB_FPGAVerification\src\Source" -I"D:\Work\Vitis_workspace_FPGAVerification\ServoDrive_CB_FPGAVerification\src\Include\dsp" -I"D:\Work\Vitis_workspace_FPGAVerification\ServoDrive_CB_FPGAVerification\src\ComputeLibrary\Include" -c -fmessage-length=0 -MT"src/Source/CommonTables/arm_mve_tables.o" -ID:/Work/Vitis_workspace_FPGAVerification/Mercury_XU5_PE1/export/Mercury_XU5_PE1/sw/Mercury_XU5_PE1/standalone_psu_cortexa53_0/bspinclude/include -MMD -MP -MF"src/Source/CommonTables/arm_mve_tables.d" -MT"src/Source/CommonTables/arm_mve_tables.o" -o "src/Source/CommonTables/arm_mve_tables.o" "../src/Source/CommonTables/arm_mve_tables.c"
'Finished building: ../src/Source/CommonTables/arm_mve_tables.c'
' '
'Building file: ../src/Source/CommonTables/arm_mve_tables_f16.c'
'Invoking: ARM v8 gcc compiler'
aarch64-none-elf-gcc -DDISABLEFLOAT16 -Wall -O0 -g3 -ID:/Work/Vitis_workspace_FPGAVerification/Mercury_XU5_PE1/export/Mercury_XU5_PE1/sw/Mercury_XU5_PE1/standalone_psu_cortexa53_0/bspinclude/include -I"D:\Work\Vitis_workspace_FPGAVerification\ServoDrive_CB_FPGAVerification\src\ComputeLibrary" -I"D:\Work\Vitis_workspace_FPGAVerification\ServoDrive_CB_FPGAVerification\src\Include" -I"D:\Work\Vitis_workspace_FPGAVerification\ServoDrive_CB_FPGAVerification\src\PrivateInclude" -I"D:\Work\Vitis_workspace_FPGAVerification\ServoDrive_CB_FPGAVerification\src\Source" -I"D:\Work\Vitis_workspace_FPGAVerification\ServoDrive_CB_FPGAVerification\src\Include\dsp" -I"D:\Work\Vitis_workspace_FPGAVerification\ServoDrive_CB_FPGAVerification\src\ComputeLibrary\Include" -c -fmessage-length=0 -MT"src/Source/CommonTables/arm_mve_tables_f16.o" -ID:/Work/Vitis_workspace_FPGAVerification/Mercury_XU5_PE1/export/Mercury_XU5_PE1/sw/Mercury_XU5_PE1/standalone_psu_cortexa53_0/bspinclude/include -MMD -MP -MF"src/Source/CommonTables/arm_mve_tables_f16.d" -MT"src/Source/CommonTables/arm_mve_tables_f16.o" -o "src/Source/CommonTables/arm_mve_tables_f16.o" "../src/Source/CommonTables/arm_mve_tables_f16.c"
'Finished building: ../src/Source/CommonTables/arm_mve_tables_f16.c'
' '
'Building file: ../src/Source/CommonTables/arm_neon_tables.c'
'Invoking: ARM v8 gcc compiler'
aarch64-none-elf-gcc -DDISABLEFLOAT16 -Wall -O0 -g3 -ID:/Work/Vitis_workspace_FPGAVerification/Mercury_XU5_PE1/export/Mercury_XU5_PE1/sw/Mercury_XU5_PE1/standalone_psu_cortexa53_0/bspinclude/include -I"D:\Work\Vitis_workspace_FPGAVerification\ServoDrive_CB_FPGAVerification\src\ComputeLibrary" -I"D:\Work\Vitis_workspace_FPGAVerification\ServoDrive_CB_FPGAVerification\src\Include" -I"D:\Work\Vitis_workspace_FPGAVerification\ServoDrive_CB_FPGAVerification\src\PrivateInclude" -I"D:\Work\Vitis_workspace_FPGAVerification\ServoDrive_CB_FPGAVerification\src\Source" -I"D:\Work\Vitis_workspace_FPGAVerification\ServoDrive_CB_FPGAVerification\src\Include\dsp" -I"D:\Work\Vitis_workspace_FPGAVerification\ServoDrive_CB_FPGAVerification\src\ComputeLibrary\Include" -c -fmessage-length=0 -MT"src/Source/CommonTables/arm_neon_tables.o" -ID:/Work/Vitis_workspace_FPGAVerification/Mercury_XU5_PE1/export/Mercury_XU5_PE1/sw/Mercury_XU5_PE1/standalone_psu_cortexa53_0/bspinclude/include -MMD -MP -MF"src/Source/CommonTables/arm_neon_tables.d" -MT"src/Source/CommonTables/arm_neon_tables.o" -o "src/Source/CommonTables/arm_neon_tables.o" "../src/Source/CommonTables/arm_neon_tables.c"
'Finished building: ../src/Source/CommonTables/arm_neon_tables.c'
' '
'Building file: ../src/Source/CommonTables/arm_neon_tables_f16.c'
'Invoking: ARM v8 gcc compiler'
aarch64-none-elf-gcc -DDISABLEFLOAT16 -Wall -O0 -g3 -ID:/Work/Vitis_workspace_FPGAVerification/Mercury_XU5_PE1/export/Mercury_XU5_PE1/sw/Mercury_XU5_PE1/standalone_psu_cortexa53_0/bspinclude/include -I"D:\Work\Vitis_workspace_FPGAVerification\ServoDrive_CB_FPGAVerification\src\ComputeLibrary" -I"D:\Work\Vitis_workspace_FPGAVerification\ServoDrive_CB_FPGAVerification\src\Include" -I"D:\Work\Vitis_workspace_FPGAVerification\ServoDrive_CB_FPGAVerification\src\PrivateInclude" -I"D:\Work\Vitis_workspace_FPGAVerification\ServoDrive_CB_FPGAVerification\src\Source" -I"D:\Work\Vitis_workspace_FPGAVerification\ServoDrive_CB_FPGAVerification\src\Include\dsp" -I"D:\Work\Vitis_workspace_FPGAVerification\ServoDrive_CB_FPGAVerification\src\ComputeLibrary\Include" -c -fmessage-length=0 -MT"src/Source/CommonTables/arm_neon_tables_f16.o" -ID:/Work/Vitis_workspace_FPGAVerification/Mercury_XU5_PE1/export/Mercury_XU5_PE1/sw/Mercury_XU5_PE1/standalone_psu_cortexa53_0/bspinclude/include -MMD -MP -MF"src/Source/CommonTables/arm_neon_tables_f16.d" -MT"src/Source/CommonTables/arm_neon_tables_f16.o" -o "src/Source/CommonTables/arm_neon_tables_f16.o" "../src/Source/CommonTables/arm_neon_tables_f16.c"
'Finished building: ../src/Source/CommonTables/arm_neon_tables_f16.c'
' '
'Building file: ../src/Source/BasicMathFunctions/BasicMathFunctionsF16.c'
'Invoking: ARM v8 gcc compiler'
aarch64-none-elf-gcc -DDISABLEFLOAT16 -Wall -O0 -g3 -ID:/Work/Vitis_workspace_FPGAVerification/Mercury_XU5_PE1/export/Mercury_XU5_PE1/sw/Mercury_XU5_PE1/standalone_psu_cortexa53_0/bspinclude/include -I"D:\Work\Vitis_workspace_FPGAVerification\ServoDrive_CB_FPGAVerification\src\ComputeLibrary" -I"D:\Work\Vitis_workspace_FPGAVerification\ServoDrive_CB_FPGAVerification\src\Include" -I"D:\Work\Vitis_workspace_FPGAVerification\ServoDrive_CB_FPGAVerification\src\PrivateInclude" -I"D:\Work\Vitis_workspace_FPGAVerification\ServoDrive_CB_FPGAVerification\src\Source" -I"D:\Work\Vitis_workspace_FPGAVerification\ServoDrive_CB_FPGAVerification\src\Include\dsp" -I"D:\Work\Vitis_workspace_FPGAVerification\ServoDrive_CB_FPGAVerification\src\ComputeLibrary\Include" -c -fmessage-length=0 -MT"src/Source/BasicMathFunctions/BasicMathFunctionsF16.o" -ID:/Work/Vitis_workspace_FPGAVerification/Mercury_XU5_PE1/export/Mercury_XU5_PE1/sw/Mercury_XU5_PE1/standalone_psu_cortexa53_0/bspinclude/include -MMD -MP -MF"src/Source/BasicMathFunctions/BasicMathFunctionsF16.d" -MT"src/Source/BasicMathFunctions/BasicMathFunctionsF16.o" -o "src/Source/BasicMathFunctions/BasicMathFunctionsF16.o" "../src/Source/BasicMathFunctions/BasicMathFunctionsF16.c"
'Finished building: ../src/Source/BasicMathFunctions/BasicMathFunctionsF16.c'
' '
'Building file: ../src/Source/BasicMathFunctions/arm_abs_f16.c'
'Invoking: ARM v8 gcc compiler'
aarch64-none-elf-gcc -DDISABLEFLOAT16 -Wall -O0 -g3 -ID:/Work/Vitis_workspace_FPGAVerification/Mercury_XU5_PE1/export/Mercury_XU5_PE1/sw/Mercury_XU5_PE1/standalone_psu_cortexa53_0/bspinclude/include -I"D:\Work\Vitis_workspace_FPGAVerification\ServoDrive_CB_FPGAVerification\src\ComputeLibrary" -I"D:\Work\Vitis_workspace_FPGAVerification\ServoDrive_CB_FPGAVerification\src\Include" -I"D:\Work\Vitis_workspace_FPGAVerification\ServoDrive_CB_FPGAVerification\src\PrivateInclude" -I"D:\Work\Vitis_workspace_FPGAVerification\ServoDrive_CB_FPGAVerification\src\Source" -I"D:\Work\Vitis_workspace_FPGAVerification\ServoDrive_CB_FPGAVerification\src\Include\dsp" -I"D:\Work\Vitis_workspace_FPGAVerification\ServoDrive_CB_FPGAVerification\src\ComputeLibrary\Include" -c -fmessage-length=0 -MT"src/Source/BasicMathFunctions/arm_abs_f16.o" -ID:/Work/Vitis_workspace_FPGAVerification/Mercury_XU5_PE1/export/Mercury_XU5_PE1/sw/Mercury_XU5_PE1/standalone_psu_cortexa53_0/bspinclude/include -MMD -MP -MF"src/Source/BasicMathFunctions/arm_abs_f16.d" -MT"src/Source/BasicMathFunctions/arm_abs_f16.o" -o "src/Source/BasicMathFunctions/arm_abs_f16.o" "../src/Source/BasicMathFunctions/arm_abs_f16.c"
'Finished building: ../src/Source/BasicMathFunctions/arm_abs_f16.c'
' '
'Building file: ../src/Source/BasicMathFunctions/arm_abs_f32.c'
'Invoking: ARM v8 gcc compiler'
aarch64-none-elf-gcc -DDISABLEFLOAT16 -Wall -O0 -g3 -ID:/Work/Vitis_workspace_FPGAVerification/Mercury_XU5_PE1/export/Mercury_XU5_PE1/sw/Mercury_XU5_PE1/standalone_psu_cortexa53_0/bspinclude/include -I"D:\Work\Vitis_workspace_FPGAVerification\ServoDrive_CB_FPGAVerification\src\ComputeLibrary" -I"D:\Work\Vitis_workspace_FPGAVerification\ServoDrive_CB_FPGAVerification\src\Include" -I"D:\Work\Vitis_workspace_FPGAVerification\ServoDrive_CB_FPGAVerification\src\PrivateInclude" -I"D:\Work\Vitis_workspace_FPGAVerification\ServoDrive_CB_FPGAVerification\src\Source" -I"D:\Work\Vitis_workspace_FPGAVerification\ServoDrive_CB_FPGAVerification\src\Include\dsp" -I"D:\Work\Vitis_workspace_FPGAVerification\ServoDrive_CB_FPGAVerification\src\ComputeLibrary\Include" -c -fmessage-length=0 -MT"src/Source/BasicMathFunctions/arm_abs_f32.o" -ID:/Work/Vitis_workspace_FPGAVerification/Mercury_XU5_PE1/export/Mercury_XU5_PE1/sw/Mercury_XU5_PE1/standalone_psu_cortexa53_0/bspinclude/include -MMD -MP -MF"src/Source/BasicMathFunctions/arm_abs_f32.d" -MT"src/Source/BasicMathFunctions/arm_abs_f32.o" -o "src/Source/BasicMathFunctions/arm_abs_f32.o" "../src/Source/BasicMathFunctions/arm_abs_f32.c"
'Finished building: ../src/Source/BasicMathFunctions/arm_abs_f32.c'
' '
'Building file: ../src/Source/BasicMathFunctions/arm_abs_f64.c'
'Invoking: ARM v8 gcc compiler'
aarch64-none-elf-gcc -DDISABLEFLOAT16 -Wall -O0 -g3 -ID:/Work/Vitis_workspace_FPGAVerification/Mercury_XU5_PE1/export/Mercury_XU5_PE1/sw/Mercury_XU5_PE1/standalone_psu_cortexa53_0/bspinclude/include -I"D:\Work\Vitis_workspace_FPGAVerification\ServoDrive_CB_FPGAVerification\src\ComputeLibrary" -I"D:\Work\Vitis_workspace_FPGAVerification\ServoDrive_CB_FPGAVerification\src\Include" -I"D:\Work\Vitis_workspace_FPGAVerification\ServoDrive_CB_FPGAVerification\src\PrivateInclude" -I"D:\Work\Vitis_workspace_FPGAVerification\ServoDrive_CB_FPGAVerification\src\Source" -I"D:\Work\Vitis_workspace_FPGAVerification\ServoDrive_CB_FPGAVerification\src\Include\dsp" -I"D:\Work\Vitis_workspace_FPGAVerification\ServoDrive_CB_FPGAVerification\src\ComputeLibrary\Include" -c -fmessage-length=0 -MT"src/Source/BasicMathFunctions/arm_abs_f64.o" -ID:/Work/Vitis_workspace_FPGAVerification/Mercury_XU5_PE1/export/Mercury_XU5_PE1/sw/Mercury_XU5_PE1/standalone_psu_cortexa53_0/bspinclude/include -MMD -MP -MF"src/Source/BasicMathFunctions/arm_abs_f64.d" -MT"src/Source/BasicMathFunctions/arm_abs_f64.o" -o "src/Source/BasicMathFunctions/arm_abs_f64.o" "../src/Source/BasicMathFunctions/arm_abs_f64.c"
'Finished building: ../src/Source/BasicMathFunctions/arm_abs_f64.c'
' '
'Building file: ../src/Source/BasicMathFunctions/arm_abs_q15.c'
'Invoking: ARM v8 gcc compiler'
aarch64-none-elf-gcc -DDISABLEFLOAT16 -Wall -O0 -g3 -ID:/Work/Vitis_workspace_FPGAVerification/Mercury_XU5_PE1/export/Mercury_XU5_PE1/sw/Mercury_XU5_PE1/standalone_psu_cortexa53_0/bspinclude/include -I"D:\Work\Vitis_workspace_FPGAVerification\ServoDrive_CB_FPGAVerification\src\ComputeLibrary" -I"D:\Work\Vitis_workspace_FPGAVerification\ServoDrive_CB_FPGAVerification\src\Include" -I"D:\Work\Vitis_workspace_FPGAVerification\ServoDrive_CB_FPGAVerification\src\PrivateInclude" -I"D:\Work\Vitis_workspace_FPGAVerification\ServoDrive_CB_FPGAVerification\src\Source" -I"D:\Work\Vitis_workspace_FPGAVerification\ServoDrive_CB_FPGAVerification\src\Include\dsp" -I"D:\Work\Vitis_workspace_FPGAVerification\ServoDrive_CB_FPGAVerification\src\ComputeLibrary\Include" -c -fmessage-length=0 -MT"src/Source/BasicMathFunctions/arm_abs_q15.o" -ID:/Work/Vitis_workspace_FPGAVerification/Mercury_XU5_PE1/export/Mercury_XU5_PE1/sw/Mercury_XU5_PE1/standalone_psu_cortexa53_0/bspinclude/include -MMD -MP -MF"src/Source/BasicMathFunctions/arm_abs_q15.d" -MT"src/Source/BasicMathFunctions/arm_abs_q15.o" -o "src/Source/BasicMathFunctions/arm_abs_q15.o" "../src/Source/BasicMathFunctions/arm_abs_q15.c"
'Finished building: ../src/Source/BasicMathFunctions/arm_abs_q15.c'
' '
'Building file: ../src/Source/BasicMathFunctions/arm_abs_q31.c'
'Invoking: ARM v8 gcc compiler'
aarch64-none-elf-gcc -DDISABLEFLOAT16 -Wall -O0 -g3 -ID:/Work/Vitis_workspace_FPGAVerification/Mercury_XU5_PE1/export/Mercury_XU5_PE1/sw/Mercury_XU5_PE1/standalone_psu_cortexa53_0/bspinclude/include -I"D:\Work\Vitis_workspace_FPGAVerification\ServoDrive_CB_FPGAVerification\src\ComputeLibrary" -I"D:\Work\Vitis_workspace_FPGAVerification\ServoDrive_CB_FPGAVerification\src\Include" -I"D:\Work\Vitis_workspace_FPGAVerification\ServoDrive_CB_FPGAVerification\src\PrivateInclude" -I"D:\Work\Vitis_workspace_FPGAVerification\ServoDrive_CB_FPGAVerification\src\Source" -I"D:\Work\Vitis_workspace_FPGAVerification\ServoDrive_CB_FPGAVerification\src\Include\dsp" -I"D:\Work\Vitis_workspace_FPGAVerification\ServoDrive_CB_FPGAVerification\src\ComputeLibrary\Include" -c -fmessage-length=0 -MT"src/Source/BasicMathFunctions/arm_abs_q31.o" -ID:/Work/Vitis_workspace_FPGAVerification/Mercury_XU5_PE1/export/Mercury_XU5_PE1/sw/Mercury_XU5_PE1/standalone_psu_cortexa53_0/bspinclude/include -MMD -MP -MF"src/Source/BasicMathFunctions/arm_abs_q31.d" -MT"src/Source/BasicMathFunctions/arm_abs_q31.o" -o "src/Source/BasicMathFunctions/arm_abs_q31.o" "../src/Source/BasicMathFunctions/arm_abs_q31.c"
'Finished building: ../src/Source/BasicMathFunctions/arm_abs_q31.c'
' '
'Building file: ../src/Source/BasicMathFunctions/arm_abs_q7.c'
'Invoking: ARM v8 gcc compiler'
aarch64-none-elf-gcc -DDISABLEFLOAT16 -Wall -O0 -g3 -ID:/Work/Vitis_workspace_FPGAVerification/Mercury_XU5_PE1/export/Mercury_XU5_PE1/sw/Mercury_XU5_PE1/standalone_psu_cortexa53_0/bspinclude/include -I"D:\Work\Vitis_workspace_FPGAVerification\ServoDrive_CB_FPGAVerification\src\ComputeLibrary" -I"D:\Work\Vitis_workspace_FPGAVerification\ServoDrive_CB_FPGAVerification\src\Include" -I"D:\Work\Vitis_workspace_FPGAVerification\ServoDrive_CB_FPGAVerification\src\PrivateInclude" -I"D:\Work\Vitis_workspace_FPGAVerification\ServoDrive_CB_FPGAVerification\src\Source" -I"D:\Work\Vitis_workspace_FPGAVerification\ServoDrive_CB_FPGAVerification\src\Include\dsp" -I"D:\Work\Vitis_workspace_FPGAVerification\ServoDrive_CB_FPGAVerification\src\ComputeLibrary\Include" -c -fmessage-length=0 -MT"src/Source/BasicMathFunctions/arm_abs_q7.o" -ID:/Work/Vitis_workspace_FPGAVerification/Mercury_XU5_PE1/export/Mercury_XU5_PE1/sw/Mercury_XU5_PE1/standalone_psu_cortexa53_0/bspinclude/include -MMD -MP -MF"src/Source/BasicMathFunctions/arm_abs_q7.d" -MT"src/Source/BasicMathFunctions/arm_abs_q7.o" -o "src/Source/BasicMathFunctions/arm_abs_q7.o" "../src/Source/BasicMathFunctions/arm_abs_q7.c"
'Finished building: ../src/Source/BasicMathFunctions/arm_abs_q7.c'
' '
'Building file: ../src/Source/BasicMathFunctions/arm_add_f16.c'
'Invoking: ARM v8 gcc compiler'
aarch64-none-elf-gcc -DDISABLEFLOAT16 -Wall -O0 -g3 -ID:/Work/Vitis_workspace_FPGAVerification/Mercury_XU5_PE1/export/Mercury_XU5_PE1/sw/Mercury_XU5_PE1/standalone_psu_cortexa53_0/bspinclude/include -I"D:\Work\Vitis_workspace_FPGAVerification\ServoDrive_CB_FPGAVerification\src\ComputeLibrary" -I"D:\Work\Vitis_workspace_FPGAVerification\ServoDrive_CB_FPGAVerification\src\Include" -I"D:\Work\Vitis_workspace_FPGAVerification\ServoDrive_CB_FPGAVerification\src\PrivateInclude" -I"D:\Work\Vitis_workspace_FPGAVerification\ServoDrive_CB_FPGAVerification\src\Source" -I"D:\Work\Vitis_workspace_FPGAVerification\ServoDrive_CB_FPGAVerification\src\Include\dsp" -I"D:\Work\Vitis_workspace_FPGAVerification\ServoDrive_CB_FPGAVerification\src\ComputeLibrary\Include" -c -fmessage-length=0 -MT"src/Source/BasicMathFunctions/arm_add_f16.o" -ID:/Work/Vitis_workspace_FPGAVerification/Mercury_XU5_PE1/export/Mercury_XU5_PE1/sw/Mercury_XU5_PE1/standalone_psu_cortexa53_0/bspinclude/include -MMD -MP -MF"src/Source/BasicMathFunctions/arm_add_f16.d" -MT"src/Source/BasicMathFunctions/arm_add_f16.o" -o "src/Source/BasicMathFunctions/arm_add_f16.o" "../src/Source/BasicMathFunctions/arm_add_f16.c"
'Finished building: ../src/Source/BasicMathFunctions/arm_add_f16.c'
' '
'Building file: ../src/Source/BasicMathFunctions/arm_add_f32.c'
'Invoking: ARM v8 gcc compiler'
aarch64-none-elf-gcc -DDISABLEFLOAT16 -Wall -O0 -g3 -ID:/Work/Vitis_workspace_FPGAVerification/Mercury_XU5_PE1/export/Mercury_XU5_PE1/sw/Mercury_XU5_PE1/standalone_psu_cortexa53_0/bspinclude/include -I"D:\Work\Vitis_workspace_FPGAVerification\ServoDrive_CB_FPGAVerification\src\ComputeLibrary" -I"D:\Work\Vitis_workspace_FPGAVerification\ServoDrive_CB_FPGAVerification\src\Include" -I"D:\Work\Vitis_workspace_FPGAVerification\ServoDrive_CB_FPGAVerification\src\PrivateInclude" -I"D:\Work\Vitis_workspace_FPGAVerification\ServoDrive_CB_FPGAVerification\src\Source" -I"D:\Work\Vitis_workspace_FPGAVerification\ServoDrive_CB_FPGAVerification\src\Include\dsp" -I"D:\Work\Vitis_workspace_FPGAVerification\ServoDrive_CB_FPGAVerification\src\ComputeLibrary\Include" -c -fmessage-length=0 -MT"src/Source/BasicMathFunctions/arm_add_f32.o" -ID:/Work/Vitis_workspace_FPGAVerification/Mercury_XU5_PE1/export/Mercury_XU5_PE1/sw/Mercury_XU5_PE1/standalone_psu_cortexa53_0/bspinclude/include -MMD -MP -MF"src/Source/BasicMathFunctions/arm_add_f32.d" -MT"src/Source/BasicMathFunctions/arm_add_f32.o" -o "src/Source/BasicMathFunctions/arm_add_f32.o" "../src/Source/BasicMathFunctions/arm_add_f32.c"
'Finished building: ../src/Source/BasicMathFunctions/arm_add_f32.c'
' '
'Building file: ../src/Source/BasicMathFunctions/arm_add_f64.c'
'Invoking: ARM v8 gcc compiler'
aarch64-none-elf-gcc -DDISABLEFLOAT16 -Wall -O0 -g3 -ID:/Work/Vitis_workspace_FPGAVerification/Mercury_XU5_PE1/export/Mercury_XU5_PE1/sw/Mercury_XU5_PE1/standalone_psu_cortexa53_0/bspinclude/include -I"D:\Work\Vitis_workspace_FPGAVerification\ServoDrive_CB_FPGAVerification\src\ComputeLibrary" -I"D:\Work\Vitis_workspace_FPGAVerification\ServoDrive_CB_FPGAVerification\src\Include" -I"D:\Work\Vitis_workspace_FPGAVerification\ServoDrive_CB_FPGAVerification\src\PrivateInclude" -I"D:\Work\Vitis_workspace_FPGAVerification\ServoDrive_CB_FPGAVerification\src\Source" -I"D:\Work\Vitis_workspace_FPGAVerification\ServoDrive_CB_FPGAVerification\src\Include\dsp" -I"D:\Work\Vitis_workspace_FPGAVerification\ServoDrive_CB_FPGAVerification\src\ComputeLibrary\Include" -c -fmessage-length=0 -MT"src/Source/BasicMathFunctions/arm_add_f64.o" -ID:/Work/Vitis_workspace_FPGAVerification/Mercury_XU5_PE1/export/Mercury_XU5_PE1/sw/Mercury_XU5_PE1/standalone_psu_cortexa53_0/bspinclude/include -MMD -MP -MF"src/Source/BasicMathFunctions/arm_add_f64.d" -MT"src/Source/BasicMathFunctions/arm_add_f64.o" -o "src/Source/BasicMathFunctions/arm_add_f64.o" "../src/Source/BasicMathFunctions/arm_add_f64.c"
'Finished building: ../src/Source/BasicMathFunctions/arm_add_f64.c'
' '
'Building file: ../src/Source/BasicMathFunctions/arm_add_q15.c'
'Invoking: ARM v8 gcc compiler'
aarch64-none-elf-gcc -DDISABLEFLOAT16 -Wall -O0 -g3 -ID:/Work/Vitis_workspace_FPGAVerification/Mercury_XU5_PE1/export/Mercury_XU5_PE1/sw/Mercury_XU5_PE1/standalone_psu_cortexa53_0/bspinclude/include -I"D:\Work\Vitis_workspace_FPGAVerification\ServoDrive_CB_FPGAVerification\src\ComputeLibrary" -I"D:\Work\Vitis_workspace_FPGAVerification\ServoDrive_CB_FPGAVerification\src\Include" -I"D:\Work\Vitis_workspace_FPGAVerification\ServoDrive_CB_FPGAVerification\src\PrivateInclude" -I"D:\Work\Vitis_workspace_FPGAVerification\ServoDrive_CB_FPGAVerification\src\Source" -I"D:\Work\Vitis_workspace_FPGAVerification\ServoDrive_CB_FPGAVerification\src\Include\dsp" -I"D:\Work\Vitis_workspace_FPGAVerification\ServoDrive_CB_FPGAVerification\src\ComputeLibrary\Include" -c -fmessage-length=0 -MT"src/Source/BasicMathFunctions/arm_add_q15.o" -ID:/Work/Vitis_workspace_FPGAVerification/Mercury_XU5_PE1/export/Mercury_XU5_PE1/sw/Mercury_XU5_PE1/standalone_psu_cortexa53_0/bspinclude/include -MMD -MP -MF"src/Source/BasicMathFunctions/arm_add_q15.d" -MT"src/Source/BasicMathFunctions/arm_add_q15.o" -o "src/Source/BasicMathFunctions/arm_add_q15.o" "../src/Source/BasicMathFunctions/arm_add_q15.c"
'Finished building: ../src/Source/BasicMathFunctions/arm_add_q15.c'
' '
'Building file: ../src/Source/BasicMathFunctions/arm_add_q31.c'
'Invoking: ARM v8 gcc compiler'
aarch64-none-elf-gcc -DDISABLEFLOAT16 -Wall -O0 -g3 -ID:/Work/Vitis_workspace_FPGAVerification/Mercury_XU5_PE1/export/Mercury_XU5_PE1/sw/Mercury_XU5_PE1/standalone_psu_cortexa53_0/bspinclude/include -I"D:\Work\Vitis_workspace_FPGAVerification\ServoDrive_CB_FPGAVerification\src\ComputeLibrary" -I"D:\Work\Vitis_workspace_FPGAVerification\ServoDrive_CB_FPGAVerification\src\Include" -I"D:\Work\Vitis_workspace_FPGAVerification\ServoDrive_CB_FPGAVerification\src\PrivateInclude" -I"D:\Work\Vitis_workspace_FPGAVerification\ServoDrive_CB_FPGAVerification\src\Source" -I"D:\Work\Vitis_workspace_FPGAVerification\ServoDrive_CB_FPGAVerification\src\Include\dsp" -I"D:\Work\Vitis_workspace_FPGAVerification\ServoDrive_CB_FPGAVerification\src\ComputeLibrary\Include" -c -fmessage-length=0 -MT"src/Source/BasicMathFunctions/arm_add_q31.o" -ID:/Work/Vitis_workspace_FPGAVerification/Mercury_XU5_PE1/export/Mercury_XU5_PE1/sw/Mercury_XU5_PE1/standalone_psu_cortexa53_0/bspinclude/include -MMD -MP -MF"src/Source/BasicMathFunctions/arm_add_q31.d" -MT"src/Source/BasicMathFunctions/arm_add_q31.o" -o "src/Source/BasicMathFunctions/arm_add_q31.o" "../src/Source/BasicMathFunctions/arm_add_q31.c"
'Finished building: ../src/Source/BasicMathFunctions/arm_add_q31.c'
' '
'Building file: ../src/Source/BasicMathFunctions/arm_add_q7.c'
'Invoking: ARM v8 gcc compiler'
aarch64-none-elf-gcc -DDISABLEFLOAT16 -Wall -O0 -g3 -ID:/Work/Vitis_workspace_FPGAVerification/Mercury_XU5_PE1/export/Mercury_XU5_PE1/sw/Mercury_XU5_PE1/standalone_psu_cortexa53_0/bspinclude/include -I"D:\Work\Vitis_workspace_FPGAVerification\ServoDrive_CB_FPGAVerification\src\ComputeLibrary" -I"D:\Work\Vitis_workspace_FPGAVerification\ServoDrive_CB_FPGAVerification\src\Include" -I"D:\Work\Vitis_workspace_FPGAVerification\ServoDrive_CB_FPGAVerification\src\PrivateInclude" -I"D:\Work\Vitis_workspace_FPGAVerification\ServoDrive_CB_FPGAVerification\src\Source" -I"D:\Work\Vitis_workspace_FPGAVerification\ServoDrive_CB_FPGAVerification\src\Include\dsp" -I"D:\Work\Vitis_workspace_FPGAVerification\ServoDrive_CB_FPGAVerification\src\ComputeLibrary\Include" -c -fmessage-length=0 -MT"src/Source/BasicMathFunctions/arm_add_q7.o" -ID:/Work/Vitis_workspace_FPGAVerification/Mercury_XU5_PE1/export/Mercury_XU5_PE1/sw/Mercury_XU5_PE1/standalone_psu_cortexa53_0/bspinclude/include -MMD -MP -MF"src/Source/BasicMathFunctions/arm_add_q7.d" -MT"src/Source/BasicMathFunctions/arm_add_q7.o" -o "src/Source/BasicMathFunctions/arm_add_q7.o" "../src/Source/BasicMathFunctions/arm_add_q7.c"
'Finished building: ../src/Source/BasicMathFunctions/arm_add_q7.c'
' '
'Building file: ../src/Source/BasicMathFunctions/arm_and_u16.c'
'Invoking: ARM v8 gcc compiler'
aarch64-none-elf-gcc -DDISABLEFLOAT16 -Wall -O0 -g3 -ID:/Work/Vitis_workspace_FPGAVerification/Mercury_XU5_PE1/export/Mercury_XU5_PE1/sw/Mercury_XU5_PE1/standalone_psu_cortexa53_0/bspinclude/include -I"D:\Work\Vitis_workspace_FPGAVerification\ServoDrive_CB_FPGAVerification\src\ComputeLibrary" -I"D:\Work\Vitis_workspace_FPGAVerification\ServoDrive_CB_FPGAVerification\src\Include" -I"D:\Work\Vitis_workspace_FPGAVerification\ServoDrive_CB_FPGAVerification\src\PrivateInclude" -I"D:\Work\Vitis_workspace_FPGAVerification\ServoDrive_CB_FPGAVerification\src\Source" -I"D:\Work\Vitis_workspace_FPGAVerification\ServoDrive_CB_FPGAVerification\src\Include\dsp" -I"D:\Work\Vitis_workspace_FPGAVerification\ServoDrive_CB_FPGAVerification\src\ComputeLibrary\Include" -c -fmessage-length=0 -MT"src/Source/BasicMathFunctions/arm_and_u16.o" -ID:/Work/Vitis_workspace_FPGAVerification/Mercury_XU5_PE1/export/Mercury_XU5_PE1/sw/Mercury_XU5_PE1/standalone_psu_cortexa53_0/bspinclude/include -MMD -MP -MF"src/Source/BasicMathFunctions/arm_and_u16.d" -MT"src/Source/BasicMathFunctions/arm_and_u16.o" -o "src/Source/BasicMathFunctions/arm_and_u16.o" "../src/Source/BasicMathFunctions/arm_and_u16.c"
'Finished building: ../src/Source/BasicMathFunctions/arm_and_u16.c'
' '
'Building file: ../src/Source/BasicMathFunctions/arm_and_u32.c'
'Invoking: ARM v8 gcc compiler'
aarch64-none-elf-gcc -DDISABLEFLOAT16 -Wall -O0 -g3 -ID:/Work/Vitis_workspace_FPGAVerification/Mercury_XU5_PE1/export/Mercury_XU5_PE1/sw/Mercury_XU5_PE1/standalone_psu_cortexa53_0/bspinclude/include -I"D:\Work\Vitis_workspace_FPGAVerification\ServoDrive_CB_FPGAVerification\src\ComputeLibrary" -I"D:\Work\Vitis_workspace_FPGAVerification\ServoDrive_CB_FPGAVerification\src\Include" -I"D:\Work\Vitis_workspace_FPGAVerification\ServoDrive_CB_FPGAVerification\src\PrivateInclude" -I"D:\Work\Vitis_workspace_FPGAVerification\ServoDrive_CB_FPGAVerification\src\Source" -I"D:\Work\Vitis_workspace_FPGAVerification\ServoDrive_CB_FPGAVerification\src\Include\dsp" -I"D:\Work\Vitis_workspace_FPGAVerification\ServoDrive_CB_FPGAVerification\src\ComputeLibrary\Include" -c -fmessage-length=0 -MT"src/Source/BasicMathFunctions/arm_and_u32.o" -ID:/Work/Vitis_workspace_FPGAVerification/Mercury_XU5_PE1/export/Mercury_XU5_PE1/sw/Mercury_XU5_PE1/standalone_psu_cortexa53_0/bspinclude/include -MMD -MP -MF"src/Source/BasicMathFunctions/arm_and_u32.d" -MT"src/Source/BasicMathFunctions/arm_and_u32.o" -o "src/Source/BasicMathFunctions/arm_and_u32.o" "../src/Source/BasicMathFunctions/arm_and_u32.c"
'Finished building: ../src/Source/BasicMathFunctions/arm_and_u32.c'
' '
'Building file: ../src/Source/BasicMathFunctions/arm_and_u8.c'
'Invoking: ARM v8 gcc compiler'
aarch64-none-elf-gcc -DDISABLEFLOAT16 -Wall -O0 -g3 -ID:/Work/Vitis_workspace_FPGAVerification/Mercury_XU5_PE1/export/Mercury_XU5_PE1/sw/Mercury_XU5_PE1/standalone_psu_cortexa53_0/bspinclude/include -I"D:\Work\Vitis_workspace_FPGAVerification\ServoDrive_CB_FPGAVerification\src\ComputeLibrary" -I"D:\Work\Vitis_workspace_FPGAVerification\ServoDrive_CB_FPGAVerification\src\Include" -I"D:\Work\Vitis_workspace_FPGAVerification\ServoDrive_CB_FPGAVerification\src\PrivateInclude" -I"D:\Work\Vitis_workspace_FPGAVerification\ServoDrive_CB_FPGAVerification\src\Source" -I"D:\Work\Vitis_workspace_FPGAVerification\ServoDrive_CB_FPGAVerification\src\Include\dsp" -I"D:\Work\Vitis_workspace_FPGAVerification\ServoDrive_CB_FPGAVerification\src\ComputeLibrary\Include" -c -fmessage-length=0 -MT"src/Source/BasicMathFunctions/arm_and_u8.o" -ID:/Work/Vitis_workspace_FPGAVerification/Mercury_XU5_PE1/export/Mercury_XU5_PE1/sw/Mercury_XU5_PE1/standalone_psu_cortexa53_0/bspinclude/include -MMD -MP -MF"src/Source/BasicMathFunctions/arm_and_u8.d" -MT"src/Source/BasicMathFunctions/arm_and_u8.o" -o "src/Source/BasicMathFunctions/arm_and_u8.o" "../src/Source/BasicMathFunctions/arm_and_u8.c"
'Finished building: ../src/Source/BasicMathFunctions/arm_and_u8.c'
' '
'Building file: ../src/Source/BasicMathFunctions/arm_clip_f16.c'
'Invoking: ARM v8 gcc compiler'
aarch64-none-elf-gcc -DDISABLEFLOAT16 -Wall -O0 -g3 -ID:/Work/Vitis_workspace_FPGAVerification/Mercury_XU5_PE1/export/Mercury_XU5_PE1/sw/Mercury_XU5_PE1/standalone_psu_cortexa53_0/bspinclude/include -I"D:\Work\Vitis_workspace_FPGAVerification\ServoDrive_CB_FPGAVerification\src\ComputeLibrary" -I"D:\Work\Vitis_workspace_FPGAVerification\ServoDrive_CB_FPGAVerification\src\Include" -I"D:\Work\Vitis_workspace_FPGAVerification\ServoDrive_CB_FPGAVerification\src\PrivateInclude" -I"D:\Work\Vitis_workspace_FPGAVerification\ServoDrive_CB_FPGAVerification\src\Source" -I"D:\Work\Vitis_workspace_FPGAVerification\ServoDrive_CB_FPGAVerification\src\Include\dsp" -I"D:\Work\Vitis_workspace_FPGAVerification\ServoDrive_CB_FPGAVerification\src\ComputeLibrary\Include" -c -fmessage-length=0 -MT"src/Source/BasicMathFunctions/arm_clip_f16.o" -ID:/Work/Vitis_workspace_FPGAVerification/Mercury_XU5_PE1/export/Mercury_XU5_PE1/sw/Mercury_XU5_PE1/standalone_psu_cortexa53_0/bspinclude/include -MMD -MP -MF"src/Source/BasicMathFunctions/arm_clip_f16.d" -MT"src/Source/BasicMathFunctions/arm_clip_f16.o" -o "src/Source/BasicMathFunctions/arm_clip_f16.o" "../src/Source/BasicMathFunctions/arm_clip_f16.c"
'Finished building: ../src/Source/BasicMathFunctions/arm_clip_f16.c'
' '
'Building file: ../src/Source/BasicMathFunctions/arm_clip_f32.c'
'Invoking: ARM v8 gcc compiler'
aarch64-none-elf-gcc -DDISABLEFLOAT16 -Wall -O0 -g3 -ID:/Work/Vitis_workspace_FPGAVerification/Mercury_XU5_PE1/export/Mercury_XU5_PE1/sw/Mercury_XU5_PE1/standalone_psu_cortexa53_0/bspinclude/include -I"D:\Work\Vitis_workspace_FPGAVerification\ServoDrive_CB_FPGAVerification\src\ComputeLibrary" -I"D:\Work\Vitis_workspace_FPGAVerification\ServoDrive_CB_FPGAVerification\src\Include" -I"D:\Work\Vitis_workspace_FPGAVerification\ServoDrive_CB_FPGAVerification\src\PrivateInclude" -I"D:\Work\Vitis_workspace_FPGAVerification\ServoDrive_CB_FPGAVerification\src\Source" -I"D:\Work\Vitis_workspace_FPGAVerification\ServoDrive_CB_FPGAVerification\src\Include\dsp" -I"D:\Work\Vitis_workspace_FPGAVerification\ServoDrive_CB_FPGAVerification\src\ComputeLibrary\Include" -c -fmessage-length=0 -MT"src/Source/BasicMathFunctions/arm_clip_f32.o" -ID:/Work/Vitis_workspace_FPGAVerification/Mercury_XU5_PE1/export/Mercury_XU5_PE1/sw/Mercury_XU5_PE1/standalone_psu_cortexa53_0/bspinclude/include -MMD -MP -MF"src/Source/BasicMathFunctions/arm_clip_f32.d" -MT"src/Source/BasicMathFunctions/arm_clip_f32.o" -o "src/Source/BasicMathFunctions/arm_clip_f32.o" "../src/Source/BasicMathFunctions/arm_clip_f32.c"
'Finished building: ../src/Source/BasicMathFunctions/arm_clip_f32.c'
' '
'Building file: ../src/Source/BasicMathFunctions/arm_clip_q15.c'
'Invoking: ARM v8 gcc compiler'
aarch64-none-elf-gcc -DDISABLEFLOAT16 -Wall -O0 -g3 -ID:/Work/Vitis_workspace_FPGAVerification/Mercury_XU5_PE1/export/Mercury_XU5_PE1/sw/Mercury_XU5_PE1/standalone_psu_cortexa53_0/bspinclude/include -I"D:\Work\Vitis_workspace_FPGAVerification\ServoDrive_CB_FPGAVerification\src\ComputeLibrary" -I"D:\Work\Vitis_workspace_FPGAVerification\ServoDrive_CB_FPGAVerification\src\Include" -I"D:\Work\Vitis_workspace_FPGAVerification\ServoDrive_CB_FPGAVerification\src\PrivateInclude" -I"D:\Work\Vitis_workspace_FPGAVerification\ServoDrive_CB_FPGAVerification\src\Source" -I"D:\Work\Vitis_workspace_FPGAVerification\ServoDrive_CB_FPGAVerification\src\Include\dsp" -I"D:\Work\Vitis_workspace_FPGAVerification\ServoDrive_CB_FPGAVerification\src\ComputeLibrary\Include" -c -fmessage-length=0 -MT"src/Source/BasicMathFunctions/arm_clip_q15.o" -ID:/Work/Vitis_workspace_FPGAVerification/Mercury_XU5_PE1/export/Mercury_XU5_PE1/sw/Mercury_XU5_PE1/standalone_psu_cortexa53_0/bspinclude/include -MMD -MP -MF"src/Source/BasicMathFunctions/arm_clip_q15.d" -MT"src/Source/BasicMathFunctions/arm_clip_q15.o" -o "src/Source/BasicMathFunctions/arm_clip_q15.o" "../src/Source/BasicMathFunctions/arm_clip_q15.c"
'Finished building: ../src/Source/BasicMathFunctions/arm_clip_q15.c'
' '
'Building file: ../src/Source/BasicMathFunctions/arm_clip_q31.c'
'Invoking: ARM v8 gcc compiler'
aarch64-none-elf-gcc -DDISABLEFLOAT16 -Wall -O0 -g3 -ID:/Work/Vitis_workspace_FPGAVerification/Mercury_XU5_PE1/export/Mercury_XU5_PE1/sw/Mercury_XU5_PE1/standalone_psu_cortexa53_0/bspinclude/include -I"D:\Work\Vitis_workspace_FPGAVerification\ServoDrive_CB_FPGAVerification\src\ComputeLibrary" -I"D:\Work\Vitis_workspace_FPGAVerification\ServoDrive_CB_FPGAVerification\src\Include" -I"D:\Work\Vitis_workspace_FPGAVerification\ServoDrive_CB_FPGAVerification\src\PrivateInclude" -I"D:\Work\Vitis_workspace_FPGAVerification\ServoDrive_CB_FPGAVerification\src\Source" -I"D:\Work\Vitis_workspace_FPGAVerification\ServoDrive_CB_FPGAVerification\src\Include\dsp" -I"D:\Work\Vitis_workspace_FPGAVerification\ServoDrive_CB_FPGAVerification\src\ComputeLibrary\Include" -c -fmessage-length=0 -MT"src/Source/BasicMathFunctions/arm_clip_q31.o" -ID:/Work/Vitis_workspace_FPGAVerification/Mercury_XU5_PE1/export/Mercury_XU5_PE1/sw/Mercury_XU5_PE1/standalone_psu_cortexa53_0/bspinclude/include -MMD -MP -MF"src/Source/BasicMathFunctions/arm_clip_q31.d" -MT"src/Source/BasicMathFunctions/arm_clip_q31.o" -o "src/Source/BasicMathFunctions/arm_clip_q31.o" "../src/Source/BasicMathFunctions/arm_clip_q31.c"
'Finished building: ../src/Source/BasicMathFunctions/arm_clip_q31.c'
' '
'Building file: ../src/Source/BasicMathFunctions/arm_clip_q7.c'
'Invoking: ARM v8 gcc compiler'
aarch64-none-elf-gcc -DDISABLEFLOAT16 -Wall -O0 -g3 -ID:/Work/Vitis_workspace_FPGAVerification/Mercury_XU5_PE1/export/Mercury_XU5_PE1/sw/Mercury_XU5_PE1/standalone_psu_cortexa53_0/bspinclude/include -I"D:\Work\Vitis_workspace_FPGAVerification\ServoDrive_CB_FPGAVerification\src\ComputeLibrary" -I"D:\Work\Vitis_workspace_FPGAVerification\ServoDrive_CB_FPGAVerification\src\Include" -I"D:\Work\Vitis_workspace_FPGAVerification\ServoDrive_CB_FPGAVerification\src\PrivateInclude" -I"D:\Work\Vitis_workspace_FPGAVerification\ServoDrive_CB_FPGAVerification\src\Source" -I"D:\Work\Vitis_workspace_FPGAVerification\ServoDrive_CB_FPGAVerification\src\Include\dsp" -I"D:\Work\Vitis_workspace_FPGAVerification\ServoDrive_CB_FPGAVerification\src\ComputeLibrary\Include" -c -fmessage-length=0 -MT"src/Source/BasicMathFunctions/arm_clip_q7.o" -ID:/Work/Vitis_workspace_FPGAVerification/Mercury_XU5_PE1/export/Mercury_XU5_PE1/sw/Mercury_XU5_PE1/standalone_psu_cortexa53_0/bspinclude/include -MMD -MP -MF"src/Source/BasicMathFunctions/arm_clip_q7.d" -MT"src/Source/BasicMathFunctions/arm_clip_q7.o" -o "src/Source/BasicMathFunctions/arm_clip_q7.o" "../src/Source/BasicMathFunctions/arm_clip_q7.c"
'Finished building: ../src/Source/BasicMathFunctions/arm_clip_q7.c'
' '
'Building file: ../src/Source/BasicMathFunctions/arm_dot_prod_f16.c'
'Invoking: ARM v8 gcc compiler'
aarch64-none-elf-gcc -DDISABLEFLOAT16 -Wall -O0 -g3 -ID:/Work/Vitis_workspace_FPGAVerification/Mercury_XU5_PE1/export/Mercury_XU5_PE1/sw/Mercury_XU5_PE1/standalone_psu_cortexa53_0/bspinclude/include -I"D:\Work\Vitis_workspace_FPGAVerification\ServoDrive_CB_FPGAVerification\src\ComputeLibrary" -I"D:\Work\Vitis_workspace_FPGAVerification\ServoDrive_CB_FPGAVerification\src\Include" -I"D:\Work\Vitis_workspace_FPGAVerification\ServoDrive_CB_FPGAVerification\src\PrivateInclude" -I"D:\Work\Vitis_workspace_FPGAVerification\ServoDrive_CB_FPGAVerification\src\Source" -I"D:\Work\Vitis_workspace_FPGAVerification\ServoDrive_CB_FPGAVerification\src\Include\dsp" -I"D:\Work\Vitis_workspace_FPGAVerification\ServoDrive_CB_FPGAVerification\src\ComputeLibrary\Include" -c -fmessage-length=0 -MT"src/Source/BasicMathFunctions/arm_dot_prod_f16.o" -ID:/Work/Vitis_workspace_FPGAVerification/Mercury_XU5_PE1/export/Mercury_XU5_PE1/sw/Mercury_XU5_PE1/standalone_psu_cortexa53_0/bspinclude/include -MMD -MP -MF"src/Source/BasicMathFunctions/arm_dot_prod_f16.d" -MT"src/Source/BasicMathFunctions/arm_dot_prod_f16.o" -o "src/Source/BasicMathFunctions/arm_dot_prod_f16.o" "../src/Source/BasicMathFunctions/arm_dot_prod_f16.c"
'Finished building: ../src/Source/BasicMathFunctions/arm_dot_prod_f16.c'
' '
'Building file: ../src/Source/BasicMathFunctions/arm_dot_prod_f32.c'
'Invoking: ARM v8 gcc compiler'
aarch64-none-elf-gcc -DDISABLEFLOAT16 -Wall -O0 -g3 -ID:/Work/Vitis_workspace_FPGAVerification/Mercury_XU5_PE1/export/Mercury_XU5_PE1/sw/Mercury_XU5_PE1/standalone_psu_cortexa53_0/bspinclude/include -I"D:\Work\Vitis_workspace_FPGAVerification\ServoDrive_CB_FPGAVerification\src\ComputeLibrary" -I"D:\Work\Vitis_workspace_FPGAVerification\ServoDrive_CB_FPGAVerification\src\Include" -I"D:\Work\Vitis_workspace_FPGAVerification\ServoDrive_CB_FPGAVerification\src\PrivateInclude" -I"D:\Work\Vitis_workspace_FPGAVerification\ServoDrive_CB_FPGAVerification\src\Source" -I"D:\Work\Vitis_workspace_FPGAVerification\ServoDrive_CB_FPGAVerification\src\Include\dsp" -I"D:\Work\Vitis_workspace_FPGAVerification\ServoDrive_CB_FPGAVerification\src\ComputeLibrary\Include" -c -fmessage-length=0 -MT"src/Source/BasicMathFunctions/arm_dot_prod_f32.o" -ID:/Work/Vitis_workspace_FPGAVerification/Mercury_XU5_PE1/export/Mercury_XU5_PE1/sw/Mercury_XU5_PE1/standalone_psu_cortexa53_0/bspinclude/include -MMD -MP -MF"src/Source/BasicMathFunctions/arm_dot_prod_f32.d" -MT"src/Source/BasicMathFunctions/arm_dot_prod_f32.o" -o "src/Source/BasicMathFunctions/arm_dot_prod_f32.o" "../src/Source/BasicMathFunctions/arm_dot_prod_f32.c"
'Finished building: ../src/Source/BasicMathFunctions/arm_dot_prod_f32.c'
' '
'Building file: ../src/Source/BasicMathFunctions/arm_dot_prod_f64.c'
'Invoking: ARM v8 gcc compiler'
aarch64-none-elf-gcc -DDISABLEFLOAT16 -Wall -O0 -g3 -ID:/Work/Vitis_workspace_FPGAVerification/Mercury_XU5_PE1/export/Mercury_XU5_PE1/sw/Mercury_XU5_PE1/standalone_psu_cortexa53_0/bspinclude/include -I"D:\Work\Vitis_workspace_FPGAVerification\ServoDrive_CB_FPGAVerification\src\ComputeLibrary" -I"D:\Work\Vitis_workspace_FPGAVerification\ServoDrive_CB_FPGAVerification\src\Include" -I"D:\Work\Vitis_workspace_FPGAVerification\ServoDrive_CB_FPGAVerification\src\PrivateInclude" -I"D:\Work\Vitis_workspace_FPGAVerification\ServoDrive_CB_FPGAVerification\src\Source" -I"D:\Work\Vitis_workspace_FPGAVerification\ServoDrive_CB_FPGAVerification\src\Include\dsp" -I"D:\Work\Vitis_workspace_FPGAVerification\ServoDrive_CB_FPGAVerification\src\ComputeLibrary\Include" -c -fmessage-length=0 -MT"src/Source/BasicMathFunctions/arm_dot_prod_f64.o" -ID:/Work/Vitis_workspace_FPGAVerification/Mercury_XU5_PE1/export/Mercury_XU5_PE1/sw/Mercury_XU5_PE1/standalone_psu_cortexa53_0/bspinclude/include -MMD -MP -MF"src/Source/BasicMathFunctions/arm_dot_prod_f64.d" -MT"src/Source/BasicMathFunctions/arm_dot_prod_f64.o" -o "src/Source/BasicMathFunctions/arm_dot_prod_f64.o" "../src/Source/BasicMathFunctions/arm_dot_prod_f64.c"
'Finished building: ../src/Source/BasicMathFunctions/arm_dot_prod_f64.c'
' '
'Building file: ../src/Source/BasicMathFunctions/arm_dot_prod_q15.c'
'Invoking: ARM v8 gcc compiler'
aarch64-none-elf-gcc -DDISABLEFLOAT16 -Wall -O0 -g3 -ID:/Work/Vitis_workspace_FPGAVerification/Mercury_XU5_PE1/export/Mercury_XU5_PE1/sw/Mercury_XU5_PE1/standalone_psu_cortexa53_0/bspinclude/include -I"D:\Work\Vitis_workspace_FPGAVerification\ServoDrive_CB_FPGAVerification\src\ComputeLibrary" -I"D:\Work\Vitis_workspace_FPGAVerification\ServoDrive_CB_FPGAVerification\src\Include" -I"D:\Work\Vitis_workspace_FPGAVerification\ServoDrive_CB_FPGAVerification\src\PrivateInclude" -I"D:\Work\Vitis_workspace_FPGAVerification\ServoDrive_CB_FPGAVerification\src\Source" -I"D:\Work\Vitis_workspace_FPGAVerification\ServoDrive_CB_FPGAVerification\src\Include\dsp" -I"D:\Work\Vitis_workspace_FPGAVerification\ServoDrive_CB_FPGAVerification\src\ComputeLibrary\Include" -c -fmessage-length=0 -MT"src/Source/BasicMathFunctions/arm_dot_prod_q15.o" -ID:/Work/Vitis_workspace_FPGAVerification/Mercury_XU5_PE1/export/Mercury_XU5_PE1/sw/Mercury_XU5_PE1/standalone_psu_cortexa53_0/bspinclude/include -MMD -MP -MF"src/Source/BasicMathFunctions/arm_dot_prod_q15.d" -MT"src/Source/BasicMathFunctions/arm_dot_prod_q15.o" -o "src/Source/BasicMathFunctions/arm_dot_prod_q15.o" "../src/Source/BasicMathFunctions/arm_dot_prod_q15.c"
'Finished building: ../src/Source/BasicMathFunctions/arm_dot_prod_q15.c'
' '
'Building file: ../src/Source/BasicMathFunctions/arm_dot_prod_q31.c'
'Invoking: ARM v8 gcc compiler'
aarch64-none-elf-gcc -DDISABLEFLOAT16 -Wall -O0 -g3 -ID:/Work/Vitis_workspace_FPGAVerification/Mercury_XU5_PE1/export/Mercury_XU5_PE1/sw/Mercury_XU5_PE1/standalone_psu_cortexa53_0/bspinclude/include -I"D:\Work\Vitis_workspace_FPGAVerification\ServoDrive_CB_FPGAVerification\src\ComputeLibrary" -I"D:\Work\Vitis_workspace_FPGAVerification\ServoDrive_CB_FPGAVerification\src\Include" -I"D:\Work\Vitis_workspace_FPGAVerification\ServoDrive_CB_FPGAVerification\src\PrivateInclude" -I"D:\Work\Vitis_workspace_FPGAVerification\ServoDrive_CB_FPGAVerification\src\Source" -I"D:\Work\Vitis_workspace_FPGAVerification\ServoDrive_CB_FPGAVerification\src\Include\dsp" -I"D:\Work\Vitis_workspace_FPGAVerification\ServoDrive_CB_FPGAVerification\src\ComputeLibrary\Include" -c -fmessage-length=0 -MT"src/Source/BasicMathFunctions/arm_dot_prod_q31.o" -ID:/Work/Vitis_workspace_FPGAVerification/Mercury_XU5_PE1/export/Mercury_XU5_PE1/sw/Mercury_XU5_PE1/standalone_psu_cortexa53_0/bspinclude/include -MMD -MP -MF"src/Source/BasicMathFunctions/arm_dot_prod_q31.d" -MT"src/Source/BasicMathFunctions/arm_dot_prod_q31.o" -o "src/Source/BasicMathFunctions/arm_dot_prod_q31.o" "../src/Source/BasicMathFunctions/arm_dot_prod_q31.c"
'Finished building: ../src/Source/BasicMathFunctions/arm_dot_prod_q31.c'
' '
'Building file: ../src/Source/BasicMathFunctions/arm_dot_prod_q7.c'
'Invoking: ARM v8 gcc compiler'
aarch64-none-elf-gcc -DDISABLEFLOAT16 -Wall -O0 -g3 -ID:/Work/Vitis_workspace_FPGAVerification/Mercury_XU5_PE1/export/Mercury_XU5_PE1/sw/Mercury_XU5_PE1/standalone_psu_cortexa53_0/bspinclude/include -I"D:\Work\Vitis_workspace_FPGAVerification\ServoDrive_CB_FPGAVerification\src\ComputeLibrary" -I"D:\Work\Vitis_workspace_FPGAVerification\ServoDrive_CB_FPGAVerification\src\Include" -I"D:\Work\Vitis_workspace_FPGAVerification\ServoDrive_CB_FPGAVerification\src\PrivateInclude" -I"D:\Work\Vitis_workspace_FPGAVerification\ServoDrive_CB_FPGAVerification\src\Source" -I"D:\Work\Vitis_workspace_FPGAVerification\ServoDrive_CB_FPGAVerification\src\Include\dsp" -I"D:\Work\Vitis_workspace_FPGAVerification\ServoDrive_CB_FPGAVerification\src\ComputeLibrary\Include" -c -fmessage-length=0 -MT"src/Source/BasicMathFunctions/arm_dot_prod_q7.o" -ID:/Work/Vitis_workspace_FPGAVerification/Mercury_XU5_PE1/export/Mercury_XU5_PE1/sw/Mercury_XU5_PE1/standalone_psu_cortexa53_0/bspinclude/include -MMD -MP -MF"src/Source/BasicMathFunctions/arm_dot_prod_q7.d" -MT"src/Source/BasicMathFunctions/arm_dot_prod_q7.o" -o "src/Source/BasicMathFunctions/arm_dot_prod_q7.o" "../src/Source/BasicMathFunctions/arm_dot_prod_q7.c"
'Finished building: ../src/Source/BasicMathFunctions/arm_dot_prod_q7.c'
' '
'Building file: ../src/Source/BasicMathFunctions/arm_mult_f16.c'
'Invoking: ARM v8 gcc compiler'
aarch64-none-elf-gcc -DDISABLEFLOAT16 -Wall -O0 -g3 -ID:/Work/Vitis_workspace_FPGAVerification/Mercury_XU5_PE1/export/Mercury_XU5_PE1/sw/Mercury_XU5_PE1/standalone_psu_cortexa53_0/bspinclude/include -I"D:\Work\Vitis_workspace_FPGAVerification\ServoDrive_CB_FPGAVerification\src\ComputeLibrary" -I"D:\Work\Vitis_workspace_FPGAVerification\ServoDrive_CB_FPGAVerification\src\Include" -I"D:\Work\Vitis_workspace_FPGAVerification\ServoDrive_CB_FPGAVerification\src\PrivateInclude" -I"D:\Work\Vitis_workspace_FPGAVerification\ServoDrive_CB_FPGAVerification\src\Source" -I"D:\Work\Vitis_workspace_FPGAVerification\ServoDrive_CB_FPGAVerification\src\Include\dsp" -I"D:\Work\Vitis_workspace_FPGAVerification\ServoDrive_CB_FPGAVerification\src\ComputeLibrary\Include" -c -fmessage-length=0 -MT"src/Source/BasicMathFunctions/arm_mult_f16.o" -ID:/Work/Vitis_workspace_FPGAVerification/Mercury_XU5_PE1/export/Mercury_XU5_PE1/sw/Mercury_XU5_PE1/standalone_psu_cortexa53_0/bspinclude/include -MMD -MP -MF"src/Source/BasicMathFunctions/arm_mult_f16.d" -MT"src/Source/BasicMathFunctions/arm_mult_f16.o" -o "src/Source/BasicMathFunctions/arm_mult_f16.o" "../src/Source/BasicMathFunctions/arm_mult_f16.c"
'Finished building: ../src/Source/BasicMathFunctions/arm_mult_f16.c'
' '
'Building file: ../src/Source/BasicMathFunctions/arm_mult_f32.c'
'Invoking: ARM v8 gcc compiler'
aarch64-none-elf-gcc -DDISABLEFLOAT16 -Wall -O0 -g3 -ID:/Work/Vitis_workspace_FPGAVerification/Mercury_XU5_PE1/export/Mercury_XU5_PE1/sw/Mercury_XU5_PE1/standalone_psu_cortexa53_0/bspinclude/include -I"D:\Work\Vitis_workspace_FPGAVerification\ServoDrive_CB_FPGAVerification\src\ComputeLibrary" -I"D:\Work\Vitis_workspace_FPGAVerification\ServoDrive_CB_FPGAVerification\src\Include" -I"D:\Work\Vitis_workspace_FPGAVerification\ServoDrive_CB_FPGAVerification\src\PrivateInclude" -I"D:\Work\Vitis_workspace_FPGAVerification\ServoDrive_CB_FPGAVerification\src\Source" -I"D:\Work\Vitis_workspace_FPGAVerification\ServoDrive_CB_FPGAVerification\src\Include\dsp" -I"D:\Work\Vitis_workspace_FPGAVerification\ServoDrive_CB_FPGAVerification\src\ComputeLibrary\Include" -c -fmessage-length=0 -MT"src/Source/BasicMathFunctions/arm_mult_f32.o" -ID:/Work/Vitis_workspace_FPGAVerification/Mercury_XU5_PE1/export/Mercury_XU5_PE1/sw/Mercury_XU5_PE1/standalone_psu_cortexa53_0/bspinclude/include -MMD -MP -MF"src/Source/BasicMathFunctions/arm_mult_f32.d" -MT"src/Source/BasicMathFunctions/arm_mult_f32.o" -o "src/Source/BasicMathFunctions/arm_mult_f32.o" "../src/Source/BasicMathFunctions/arm_mult_f32.c"
'Finished building: ../src/Source/BasicMathFunctions/arm_mult_f32.c'
' '
'Building file: ../src/Source/BasicMathFunctions/arm_mult_f64.c'
'Invoking: ARM v8 gcc compiler'
aarch64-none-elf-gcc -DDISABLEFLOAT16 -Wall -O0 -g3 -ID:/Work/Vitis_workspace_FPGAVerification/Mercury_XU5_PE1/export/Mercury_XU5_PE1/sw/Mercury_XU5_PE1/standalone_psu_cortexa53_0/bspinclude/include -I"D:\Work\Vitis_workspace_FPGAVerification\ServoDrive_CB_FPGAVerification\src\ComputeLibrary" -I"D:\Work\Vitis_workspace_FPGAVerification\ServoDrive_CB_FPGAVerification\src\Include" -I"D:\Work\Vitis_workspace_FPGAVerification\ServoDrive_CB_FPGAVerification\src\PrivateInclude" -I"D:\Work\Vitis_workspace_FPGAVerification\ServoDrive_CB_FPGAVerification\src\Source" -I"D:\Work\Vitis_workspace_FPGAVerification\ServoDrive_CB_FPGAVerification\src\Include\dsp" -I"D:\Work\Vitis_workspace_FPGAVerification\ServoDrive_CB_FPGAVerification\src\ComputeLibrary\Include" -c -fmessage-length=0 -MT"src/Source/BasicMathFunctions/arm_mult_f64.o" -ID:/Work/Vitis_workspace_FPGAVerification/Mercury_XU5_PE1/export/Mercury_XU5_PE1/sw/Mercury_XU5_PE1/standalone_psu_cortexa53_0/bspinclude/include -MMD -MP -MF"src/Source/BasicMathFunctions/arm_mult_f64.d" -MT"src/Source/BasicMathFunctions/arm_mult_f64.o" -o "src/Source/BasicMathFunctions/arm_mult_f64.o" "../src/Source/BasicMathFunctions/arm_mult_f64.c"
'Finished building: ../src/Source/BasicMathFunctions/arm_mult_f64.c'
' '
'Building file: ../src/Source/BasicMathFunctions/arm_mult_q15.c'
'Invoking: ARM v8 gcc compiler'
aarch64-none-elf-gcc -DDISABLEFLOAT16 -Wall -O0 -g3 -ID:/Work/Vitis_workspace_FPGAVerification/Mercury_XU5_PE1/export/Mercury_XU5_PE1/sw/Mercury_XU5_PE1/standalone_psu_cortexa53_0/bspinclude/include -I"D:\Work\Vitis_workspace_FPGAVerification\ServoDrive_CB_FPGAVerification\src\ComputeLibrary" -I"D:\Work\Vitis_workspace_FPGAVerification\ServoDrive_CB_FPGAVerification\src\Include" -I"D:\Work\Vitis_workspace_FPGAVerification\ServoDrive_CB_FPGAVerification\src\PrivateInclude" -I"D:\Work\Vitis_workspace_FPGAVerification\ServoDrive_CB_FPGAVerification\src\Source" -I"D:\Work\Vitis_workspace_FPGAVerification\ServoDrive_CB_FPGAVerification\src\Include\dsp" -I"D:\Work\Vitis_workspace_FPGAVerification\ServoDrive_CB_FPGAVerification\src\ComputeLibrary\Include" -c -fmessage-length=0 -MT"src/Source/BasicMathFunctions/arm_mult_q15.o" -ID:/Work/Vitis_workspace_FPGAVerification/Mercury_XU5_PE1/export/Mercury_XU5_PE1/sw/Mercury_XU5_PE1/standalone_psu_cortexa53_0/bspinclude/include -MMD -MP -MF"src/Source/BasicMathFunctions/arm_mult_q15.d" -MT"src/Source/BasicMathFunctions/arm_mult_q15.o" -o "src/Source/BasicMathFunctions/arm_mult_q15.o" "../src/Source/BasicMathFunctions/arm_mult_q15.c"
'Finished building: ../src/Source/BasicMathFunctions/arm_mult_q15.c'
' '
'Building file: ../src/Source/BasicMathFunctions/arm_mult_q31.c'
'Invoking: ARM v8 gcc compiler'
aarch64-none-elf-gcc -DDISABLEFLOAT16 -Wall -O0 -g3 -ID:/Work/Vitis_workspace_FPGAVerification/Mercury_XU5_PE1/export/Mercury_XU5_PE1/sw/Mercury_XU5_PE1/standalone_psu_cortexa53_0/bspinclude/include -I"D:\Work\Vitis_workspace_FPGAVerification\ServoDrive_CB_FPGAVerification\src\ComputeLibrary" -I"D:\Work\Vitis_workspace_FPGAVerification\ServoDrive_CB_FPGAVerification\src\Include" -I"D:\Work\Vitis_workspace_FPGAVerification\ServoDrive_CB_FPGAVerification\src\PrivateInclude" -I"D:\Work\Vitis_workspace_FPGAVerification\ServoDrive_CB_FPGAVerification\src\Source" -I"D:\Work\Vitis_workspace_FPGAVerification\ServoDrive_CB_FPGAVerification\src\Include\dsp" -I"D:\Work\Vitis_workspace_FPGAVerification\ServoDrive_CB_FPGAVerification\src\ComputeLibrary\Include" -c -fmessage-length=0 -MT"src/Source/BasicMathFunctions/arm_mult_q31.o" -ID:/Work/Vitis_workspace_FPGAVerification/Mercury_XU5_PE1/export/Mercury_XU5_PE1/sw/Mercury_XU5_PE1/standalone_psu_cortexa53_0/bspinclude/include -MMD -MP -MF"src/Source/BasicMathFunctions/arm_mult_q31.d" -MT"src/Source/BasicMathFunctions/arm_mult_q31.o" -o "src/Source/BasicMathFunctions/arm_mult_q31.o" "../src/Source/BasicMathFunctions/arm_mult_q31.c"
'Finished building: ../src/Source/BasicMathFunctions/arm_mult_q31.c'
' '
'Building file: ../src/Source/BasicMathFunctions/arm_mult_q7.c'
'Invoking: ARM v8 gcc compiler'
aarch64-none-elf-gcc -DDISABLEFLOAT16 -Wall -O0 -g3 -ID:/Work/Vitis_workspace_FPGAVerification/Mercury_XU5_PE1/export/Mercury_XU5_PE1/sw/Mercury_XU5_PE1/standalone_psu_cortexa53_0/bspinclude/include -I"D:\Work\Vitis_workspace_FPGAVerification\ServoDrive_CB_FPGAVerification\src\ComputeLibrary" -I"D:\Work\Vitis_workspace_FPGAVerification\ServoDrive_CB_FPGAVerification\src\Include" -I"D:\Work\Vitis_workspace_FPGAVerification\ServoDrive_CB_FPGAVerification\src\PrivateInclude" -I"D:\Work\Vitis_workspace_FPGAVerification\ServoDrive_CB_FPGAVerification\src\Source" -I"D:\Work\Vitis_workspace_FPGAVerification\ServoDrive_CB_FPGAVerification\src\Include\dsp" -I"D:\Work\Vitis_workspace_FPGAVerification\ServoDrive_CB_FPGAVerification\src\ComputeLibrary\Include" -c -fmessage-length=0 -MT"src/Source/BasicMathFunctions/arm_mult_q7.o" -ID:/Work/Vitis_workspace_FPGAVerification/Mercury_XU5_PE1/export/Mercury_XU5_PE1/sw/Mercury_XU5_PE1/standalone_psu_cortexa53_0/bspinclude/include -MMD -MP -MF"src/Source/BasicMathFunctions/arm_mult_q7.d" -MT"src/Source/BasicMathFunctions/arm_mult_q7.o" -o "src/Source/BasicMathFunctions/arm_mult_q7.o" "../src/Source/BasicMathFunctions/arm_mult_q7.c"
'Finished building: ../src/Source/BasicMathFunctions/arm_mult_q7.c'
' '
'Building file: ../src/Source/BasicMathFunctions/arm_negate_f16.c'
'Invoking: ARM v8 gcc compiler'
aarch64-none-elf-gcc -DDISABLEFLOAT16 -Wall -O0 -g3 -ID:/Work/Vitis_workspace_FPGAVerification/Mercury_XU5_PE1/export/Mercury_XU5_PE1/sw/Mercury_XU5_PE1/standalone_psu_cortexa53_0/bspinclude/include -I"D:\Work\Vitis_workspace_FPGAVerification\ServoDrive_CB_FPGAVerification\src\ComputeLibrary" -I"D:\Work\Vitis_workspace_FPGAVerification\ServoDrive_CB_FPGAVerification\src\Include" -I"D:\Work\Vitis_workspace_FPGAVerification\ServoDrive_CB_FPGAVerification\src\PrivateInclude" -I"D:\Work\Vitis_workspace_FPGAVerification\ServoDrive_CB_FPGAVerification\src\Source" -I"D:\Work\Vitis_workspace_FPGAVerification\ServoDrive_CB_FPGAVerification\src\Include\dsp" -I"D:\Work\Vitis_workspace_FPGAVerification\ServoDrive_CB_FPGAVerification\src\ComputeLibrary\Include" -c -fmessage-length=0 -MT"src/Source/BasicMathFunctions/arm_negate_f16.o" -ID:/Work/Vitis_workspace_FPGAVerification/Mercury_XU5_PE1/export/Mercury_XU5_PE1/sw/Mercury_XU5_PE1/standalone_psu_cortexa53_0/bspinclude/include -MMD -MP -MF"src/Source/BasicMathFunctions/arm_negate_f16.d" -MT"src/Source/BasicMathFunctions/arm_negate_f16.o" -o "src/Source/BasicMathFunctions/arm_negate_f16.o" "../src/Source/BasicMathFunctions/arm_negate_f16.c"
'Finished building: ../src/Source/BasicMathFunctions/arm_negate_f16.c'
' '
'Building file: ../src/Source/BasicMathFunctions/arm_negate_f32.c'
'Invoking: ARM v8 gcc compiler'
aarch64-none-elf-gcc -DDISABLEFLOAT16 -Wall -O0 -g3 -ID:/Work/Vitis_workspace_FPGAVerification/Mercury_XU5_PE1/export/Mercury_XU5_PE1/sw/Mercury_XU5_PE1/standalone_psu_cortexa53_0/bspinclude/include -I"D:\Work\Vitis_workspace_FPGAVerification\ServoDrive_CB_FPGAVerification\src\ComputeLibrary" -I"D:\Work\Vitis_workspace_FPGAVerification\ServoDrive_CB_FPGAVerification\src\Include" -I"D:\Work\Vitis_workspace_FPGAVerification\ServoDrive_CB_FPGAVerification\src\PrivateInclude" -I"D:\Work\Vitis_workspace_FPGAVerification\ServoDrive_CB_FPGAVerification\src\Source" -I"D:\Work\Vitis_workspace_FPGAVerification\ServoDrive_CB_FPGAVerification\src\Include\dsp" -I"D:\Work\Vitis_workspace_FPGAVerification\ServoDrive_CB_FPGAVerification\src\ComputeLibrary\Include" -c -fmessage-length=0 -MT"src/Source/BasicMathFunctions/arm_negate_f32.o" -ID:/Work/Vitis_workspace_FPGAVerification/Mercury_XU5_PE1/export/Mercury_XU5_PE1/sw/Mercury_XU5_PE1/standalone_psu_cortexa53_0/bspinclude/include -MMD -MP -MF"src/Source/BasicMathFunctions/arm_negate_f32.d" -MT"src/Source/BasicMathFunctions/arm_negate_f32.o" -o "src/Source/BasicMathFunctions/arm_negate_f32.o" "../src/Source/BasicMathFunctions/arm_negate_f32.c"
'Finished building: ../src/Source/BasicMathFunctions/arm_negate_f32.c'
' '
'Building file: ../src/Source/BasicMathFunctions/arm_negate_f64.c'
'Invoking: ARM v8 gcc compiler'
aarch64-none-elf-gcc -DDISABLEFLOAT16 -Wall -O0 -g3 -ID:/Work/Vitis_workspace_FPGAVerification/Mercury_XU5_PE1/export/Mercury_XU5_PE1/sw/Mercury_XU5_PE1/standalone_psu_cortexa53_0/bspinclude/include -I"D:\Work\Vitis_workspace_FPGAVerification\ServoDrive_CB_FPGAVerification\src\ComputeLibrary" -I"D:\Work\Vitis_workspace_FPGAVerification\ServoDrive_CB_FPGAVerification\src\Include" -I"D:\Work\Vitis_workspace_FPGAVerification\ServoDrive_CB_FPGAVerification\src\PrivateInclude" -I"D:\Work\Vitis_workspace_FPGAVerification\ServoDrive_CB_FPGAVerification\src\Source" -I"D:\Work\Vitis_workspace_FPGAVerification\ServoDrive_CB_FPGAVerification\src\Include\dsp" -I"D:\Work\Vitis_workspace_FPGAVerification\ServoDrive_CB_FPGAVerification\src\ComputeLibrary\Include" -c -fmessage-length=0 -MT"src/Source/BasicMathFunctions/arm_negate_f64.o" -ID:/Work/Vitis_workspace_FPGAVerification/Mercury_XU5_PE1/export/Mercury_XU5_PE1/sw/Mercury_XU5_PE1/standalone_psu_cortexa53_0/bspinclude/include -MMD -MP -MF"src/Source/BasicMathFunctions/arm_negate_f64.d" -MT"src/Source/BasicMathFunctions/arm_negate_f64.o" -o "src/Source/BasicMathFunctions/arm_negate_f64.o" "../src/Source/BasicMathFunctions/arm_negate_f64.c"
'Finished building: ../src/Source/BasicMathFunctions/arm_negate_f64.c'
' '
'Building file: ../src/Source/BasicMathFunctions/arm_negate_q15.c'
'Invoking: ARM v8 gcc compiler'
aarch64-none-elf-gcc -DDISABLEFLOAT16 -Wall -O0 -g3 -ID:/Work/Vitis_workspace_FPGAVerification/Mercury_XU5_PE1/export/Mercury_XU5_PE1/sw/Mercury_XU5_PE1/standalone_psu_cortexa53_0/bspinclude/include -I"D:\Work\Vitis_workspace_FPGAVerification\ServoDrive_CB_FPGAVerification\src\ComputeLibrary" -I"D:\Work\Vitis_workspace_FPGAVerification\ServoDrive_CB_FPGAVerification\src\Include" -I"D:\Work\Vitis_workspace_FPGAVerification\ServoDrive_CB_FPGAVerification\src\PrivateInclude" -I"D:\Work\Vitis_workspace_FPGAVerification\ServoDrive_CB_FPGAVerification\src\Source" -I"D:\Work\Vitis_workspace_FPGAVerification\ServoDrive_CB_FPGAVerification\src\Include\dsp" -I"D:\Work\Vitis_workspace_FPGAVerification\ServoDrive_CB_FPGAVerification\src\ComputeLibrary\Include" -c -fmessage-length=0 -MT"src/Source/BasicMathFunctions/arm_negate_q15.o" -ID:/Work/Vitis_workspace_FPGAVerification/Mercury_XU5_PE1/export/Mercury_XU5_PE1/sw/Mercury_XU5_PE1/standalone_psu_cortexa53_0/bspinclude/include -MMD -MP -MF"src/Source/BasicMathFunctions/arm_negate_q15.d" -MT"src/Source/BasicMathFunctions/arm_negate_q15.o" -o "src/Source/BasicMathFunctions/arm_negate_q15.o" "../src/Source/BasicMathFunctions/arm_negate_q15.c"
'Finished building: ../src/Source/BasicMathFunctions/arm_negate_q15.c'
' '
'Building file: ../src/Source/BasicMathFunctions/arm_negate_q31.c'
'Invoking: ARM v8 gcc compiler'
aarch64-none-elf-gcc -DDISABLEFLOAT16 -Wall -O0 -g3 -ID:/Work/Vitis_workspace_FPGAVerification/Mercury_XU5_PE1/export/Mercury_XU5_PE1/sw/Mercury_XU5_PE1/standalone_psu_cortexa53_0/bspinclude/include -I"D:\Work\Vitis_workspace_FPGAVerification\ServoDrive_CB_FPGAVerification\src\ComputeLibrary" -I"D:\Work\Vitis_workspace_FPGAVerification\ServoDrive_CB_FPGAVerification\src\Include" -I"D:\Work\Vitis_workspace_FPGAVerification\ServoDrive_CB_FPGAVerification\src\PrivateInclude" -I"D:\Work\Vitis_workspace_FPGAVerification\ServoDrive_CB_FPGAVerification\src\Source" -I"D:\Work\Vitis_workspace_FPGAVerification\ServoDrive_CB_FPGAVerification\src\Include\dsp" -I"D:\Work\Vitis_workspace_FPGAVerification\ServoDrive_CB_FPGAVerification\src\ComputeLibrary\Include" -c -fmessage-length=0 -MT"src/Source/BasicMathFunctions/arm_negate_q31.o" -ID:/Work/Vitis_workspace_FPGAVerification/Mercury_XU5_PE1/export/Mercury_XU5_PE1/sw/Mercury_XU5_PE1/standalone_psu_cortexa53_0/bspinclude/include -MMD -MP -MF"src/Source/BasicMathFunctions/arm_negate_q31.d" -MT"src/Source/BasicMathFunctions/arm_negate_q31.o" -o "src/Source/BasicMathFunctions/arm_negate_q31.o" "../src/Source/BasicMathFunctions/arm_negate_q31.c"
'Finished building: ../src/Source/BasicMathFunctions/arm_negate_q31.c'
' '
'Building file: ../src/Source/BasicMathFunctions/arm_negate_q7.c'
'Invoking: ARM v8 gcc compiler'
aarch64-none-elf-gcc -DDISABLEFLOAT16 -Wall -O0 -g3 -ID:/Work/Vitis_workspace_FPGAVerification/Mercury_XU5_PE1/export/Mercury_XU5_PE1/sw/Mercury_XU5_PE1/standalone_psu_cortexa53_0/bspinclude/include -I"D:\Work\Vitis_workspace_FPGAVerification\ServoDrive_CB_FPGAVerification\src\ComputeLibrary" -I"D:\Work\Vitis_workspace_FPGAVerification\ServoDrive_CB_FPGAVerification\src\Include" -I"D:\Work\Vitis_workspace_FPGAVerification\ServoDrive_CB_FPGAVerification\src\PrivateInclude" -I"D:\Work\Vitis_workspace_FPGAVerification\ServoDrive_CB_FPGAVerification\src\Source" -I"D:\Work\Vitis_workspace_FPGAVerification\ServoDrive_CB_FPGAVerification\src\Include\dsp" -I"D:\Work\Vitis_workspace_FPGAVerification\ServoDrive_CB_FPGAVerification\src\ComputeLibrary\Include" -c -fmessage-length=0 -MT"src/Source/BasicMathFunctions/arm_negate_q7.o" -ID:/Work/Vitis_workspace_FPGAVerification/Mercury_XU5_PE1/export/Mercury_XU5_PE1/sw/Mercury_XU5_PE1/standalone_psu_cortexa53_0/bspinclude/include -MMD -MP -MF"src/Source/BasicMathFunctions/arm_negate_q7.d" -MT"src/Source/BasicMathFunctions/arm_negate_q7.o" -o "src/Source/BasicMathFunctions/arm_negate_q7.o" "../src/Source/BasicMathFunctions/arm_negate_q7.c"
'Finished building: ../src/Source/BasicMathFunctions/arm_negate_q7.c'
' '
'Building file: ../src/Source/BasicMathFunctions/arm_not_u16.c'
'Invoking: ARM v8 gcc compiler'
aarch64-none-elf-gcc -DDISABLEFLOAT16 -Wall -O0 -g3 -ID:/Work/Vitis_workspace_FPGAVerification/Mercury_XU5_PE1/export/Mercury_XU5_PE1/sw/Mercury_XU5_PE1/standalone_psu_cortexa53_0/bspinclude/include -I"D:\Work\Vitis_workspace_FPGAVerification\ServoDrive_CB_FPGAVerification\src\ComputeLibrary" -I"D:\Work\Vitis_workspace_FPGAVerification\ServoDrive_CB_FPGAVerification\src\Include" -I"D:\Work\Vitis_workspace_FPGAVerification\ServoDrive_CB_FPGAVerification\src\PrivateInclude" -I"D:\Work\Vitis_workspace_FPGAVerification\ServoDrive_CB_FPGAVerification\src\Source" -I"D:\Work\Vitis_workspace_FPGAVerification\ServoDrive_CB_FPGAVerification\src\Include\dsp" -I"D:\Work\Vitis_workspace_FPGAVerification\ServoDrive_CB_FPGAVerification\src\ComputeLibrary\Include" -c -fmessage-length=0 -MT"src/Source/BasicMathFunctions/arm_not_u16.o" -ID:/Work/Vitis_workspace_FPGAVerification/Mercury_XU5_PE1/export/Mercury_XU5_PE1/sw/Mercury_XU5_PE1/standalone_psu_cortexa53_0/bspinclude/include -MMD -MP -MF"src/Source/BasicMathFunctions/arm_not_u16.d" -MT"src/Source/BasicMathFunctions/arm_not_u16.o" -o "src/Source/BasicMathFunctions/arm_not_u16.o" "../src/Source/BasicMathFunctions/arm_not_u16.c"
'Finished building: ../src/Source/BasicMathFunctions/arm_not_u16.c'
' '
'Building file: ../src/Source/BasicMathFunctions/arm_not_u32.c'
'Invoking: ARM v8 gcc compiler'
aarch64-none-elf-gcc -DDISABLEFLOAT16 -Wall -O0 -g3 -ID:/Work/Vitis_workspace_FPGAVerification/Mercury_XU5_PE1/export/Mercury_XU5_PE1/sw/Mercury_XU5_PE1/standalone_psu_cortexa53_0/bspinclude/include -I"D:\Work\Vitis_workspace_FPGAVerification\ServoDrive_CB_FPGAVerification\src\ComputeLibrary" -I"D:\Work\Vitis_workspace_FPGAVerification\ServoDrive_CB_FPGAVerification\src\Include" -I"D:\Work\Vitis_workspace_FPGAVerification\ServoDrive_CB_FPGAVerification\src\PrivateInclude" -I"D:\Work\Vitis_workspace_FPGAVerification\ServoDrive_CB_FPGAVerification\src\Source" -I"D:\Work\Vitis_workspace_FPGAVerification\ServoDrive_CB_FPGAVerification\src\Include\dsp" -I"D:\Work\Vitis_workspace_FPGAVerification\ServoDrive_CB_FPGAVerification\src\ComputeLibrary\Include" -c -fmessage-length=0 -MT"src/Source/BasicMathFunctions/arm_not_u32.o" -ID:/Work/Vitis_workspace_FPGAVerification/Mercury_XU5_PE1/export/Mercury_XU5_PE1/sw/Mercury_XU5_PE1/standalone_psu_cortexa53_0/bspinclude/include -MMD -MP -MF"src/Source/BasicMathFunctions/arm_not_u32.d" -MT"src/Source/BasicMathFunctions/arm_not_u32.o" -o "src/Source/BasicMathFunctions/arm_not_u32.o" "../src/Source/BasicMathFunctions/arm_not_u32.c"
'Finished building: ../src/Source/BasicMathFunctions/arm_not_u32.c'
' '
'Building file: ../src/Source/BasicMathFunctions/arm_not_u8.c'
'Invoking: ARM v8 gcc compiler'
aarch64-none-elf-gcc -DDISABLEFLOAT16 -Wall -O0 -g3 -ID:/Work/Vitis_workspace_FPGAVerification/Mercury_XU5_PE1/export/Mercury_XU5_PE1/sw/Mercury_XU5_PE1/standalone_psu_cortexa53_0/bspinclude/include -I"D:\Work\Vitis_workspace_FPGAVerification\ServoDrive_CB_FPGAVerification\src\ComputeLibrary" -I"D:\Work\Vitis_workspace_FPGAVerification\ServoDrive_CB_FPGAVerification\src\Include" -I"D:\Work\Vitis_workspace_FPGAVerification\ServoDrive_CB_FPGAVerification\src\PrivateInclude" -I"D:\Work\Vitis_workspace_FPGAVerification\ServoDrive_CB_FPGAVerification\src\Source" -I"D:\Work\Vitis_workspace_FPGAVerification\ServoDrive_CB_FPGAVerification\src\Include\dsp" -I"D:\Work\Vitis_workspace_FPGAVerification\ServoDrive_CB_FPGAVerification\src\ComputeLibrary\Include" -c -fmessage-length=0 -MT"src/Source/BasicMathFunctions/arm_not_u8.o" -ID:/Work/Vitis_workspace_FPGAVerification/Mercury_XU5_PE1/export/Mercury_XU5_PE1/sw/Mercury_XU5_PE1/standalone_psu_cortexa53_0/bspinclude/include -MMD -MP -MF"src/Source/BasicMathFunctions/arm_not_u8.d" -MT"src/Source/BasicMathFunctions/arm_not_u8.o" -o "src/Source/BasicMathFunctions/arm_not_u8.o" "../src/Source/BasicMathFunctions/arm_not_u8.c"
'Finished building: ../src/Source/BasicMathFunctions/arm_not_u8.c'
' '
'Building file: ../src/Source/BasicMathFunctions/arm_offset_f16.c'
'Invoking: ARM v8 gcc compiler'
aarch64-none-elf-gcc -DDISABLEFLOAT16 -Wall -O0 -g3 -ID:/Work/Vitis_workspace_FPGAVerification/Mercury_XU5_PE1/export/Mercury_XU5_PE1/sw/Mercury_XU5_PE1/standalone_psu_cortexa53_0/bspinclude/include -I"D:\Work\Vitis_workspace_FPGAVerification\ServoDrive_CB_FPGAVerification\src\ComputeLibrary" -I"D:\Work\Vitis_workspace_FPGAVerification\ServoDrive_CB_FPGAVerification\src\Include" -I"D:\Work\Vitis_workspace_FPGAVerification\ServoDrive_CB_FPGAVerification\src\PrivateInclude" -I"D:\Work\Vitis_workspace_FPGAVerification\ServoDrive_CB_FPGAVerification\src\Source" -I"D:\Work\Vitis_workspace_FPGAVerification\ServoDrive_CB_FPGAVerification\src\Include\dsp" -I"D:\Work\Vitis_workspace_FPGAVerification\ServoDrive_CB_FPGAVerification\src\ComputeLibrary\Include" -c -fmessage-length=0 -MT"src/Source/BasicMathFunctions/arm_offset_f16.o" -ID:/Work/Vitis_workspace_FPGAVerification/Mercury_XU5_PE1/export/Mercury_XU5_PE1/sw/Mercury_XU5_PE1/standalone_psu_cortexa53_0/bspinclude/include -MMD -MP -MF"src/Source/BasicMathFunctions/arm_offset_f16.d" -MT"src/Source/BasicMathFunctions/arm_offset_f16.o" -o "src/Source/BasicMathFunctions/arm_offset_f16.o" "../src/Source/BasicMathFunctions/arm_offset_f16.c"
'Finished building: ../src/Source/BasicMathFunctions/arm_offset_f16.c'
' '
'Building file: ../src/Source/BasicMathFunctions/arm_offset_f32.c'
'Invoking: ARM v8 gcc compiler'
aarch64-none-elf-gcc -DDISABLEFLOAT16 -Wall -O0 -g3 -ID:/Work/Vitis_workspace_FPGAVerification/Mercury_XU5_PE1/export/Mercury_XU5_PE1/sw/Mercury_XU5_PE1/standalone_psu_cortexa53_0/bspinclude/include -I"D:\Work\Vitis_workspace_FPGAVerification\ServoDrive_CB_FPGAVerification\src\ComputeLibrary" -I"D:\Work\Vitis_workspace_FPGAVerification\ServoDrive_CB_FPGAVerification\src\Include" -I"D:\Work\Vitis_workspace_FPGAVerification\ServoDrive_CB_FPGAVerification\src\PrivateInclude" -I"D:\Work\Vitis_workspace_FPGAVerification\ServoDrive_CB_FPGAVerification\src\Source" -I"D:\Work\Vitis_workspace_FPGAVerification\ServoDrive_CB_FPGAVerification\src\Include\dsp" -I"D:\Work\Vitis_workspace_FPGAVerification\ServoDrive_CB_FPGAVerification\src\ComputeLibrary\Include" -c -fmessage-length=0 -MT"src/Source/BasicMathFunctions/arm_offset_f32.o" -ID:/Work/Vitis_workspace_FPGAVerification/Mercury_XU5_PE1/export/Mercury_XU5_PE1/sw/Mercury_XU5_PE1/standalone_psu_cortexa53_0/bspinclude/include -MMD -MP -MF"src/Source/BasicMathFunctions/arm_offset_f32.d" -MT"src/Source/BasicMathFunctions/arm_offset_f32.o" -o "src/Source/BasicMathFunctions/arm_offset_f32.o" "../src/Source/BasicMathFunctions/arm_offset_f32.c"
'Finished building: ../src/Source/BasicMathFunctions/arm_offset_f32.c'
' '
'Building file: ../src/Source/BasicMathFunctions/arm_offset_f64.c'
'Invoking: ARM v8 gcc compiler'
aarch64-none-elf-gcc -DDISABLEFLOAT16 -Wall -O0 -g3 -ID:/Work/Vitis_workspace_FPGAVerification/Mercury_XU5_PE1/export/Mercury_XU5_PE1/sw/Mercury_XU5_PE1/standalone_psu_cortexa53_0/bspinclude/include -I"D:\Work\Vitis_workspace_FPGAVerification\ServoDrive_CB_FPGAVerification\src\ComputeLibrary" -I"D:\Work\Vitis_workspace_FPGAVerification\ServoDrive_CB_FPGAVerification\src\Include" -I"D:\Work\Vitis_workspace_FPGAVerification\ServoDrive_CB_FPGAVerification\src\PrivateInclude" -I"D:\Work\Vitis_workspace_FPGAVerification\ServoDrive_CB_FPGAVerification\src\Source" -I"D:\Work\Vitis_workspace_FPGAVerification\ServoDrive_CB_FPGAVerification\src\Include\dsp" -I"D:\Work\Vitis_workspace_FPGAVerification\ServoDrive_CB_FPGAVerification\src\ComputeLibrary\Include" -c -fmessage-length=0 -MT"src/Source/BasicMathFunctions/arm_offset_f64.o" -ID:/Work/Vitis_workspace_FPGAVerification/Mercury_XU5_PE1/export/Mercury_XU5_PE1/sw/Mercury_XU5_PE1/standalone_psu_cortexa53_0/bspinclude/include -MMD -MP -MF"src/Source/BasicMathFunctions/arm_offset_f64.d" -MT"src/Source/BasicMathFunctions/arm_offset_f64.o" -o "src/Source/BasicMathFunctions/arm_offset_f64.o" "../src/Source/BasicMathFunctions/arm_offset_f64.c"
'Finished building: ../src/Source/BasicMathFunctions/arm_offset_f64.c'
' '
'Building file: ../src/Source/BasicMathFunctions/arm_offset_q15.c'
'Invoking: ARM v8 gcc compiler'
aarch64-none-elf-gcc -DDISABLEFLOAT16 -Wall -O0 -g3 -ID:/Work/Vitis_workspace_FPGAVerification/Mercury_XU5_PE1/export/Mercury_XU5_PE1/sw/Mercury_XU5_PE1/standalone_psu_cortexa53_0/bspinclude/include -I"D:\Work\Vitis_workspace_FPGAVerification\ServoDrive_CB_FPGAVerification\src\ComputeLibrary" -I"D:\Work\Vitis_workspace_FPGAVerification\ServoDrive_CB_FPGAVerification\src\Include" -I"D:\Work\Vitis_workspace_FPGAVerification\ServoDrive_CB_FPGAVerification\src\PrivateInclude" -I"D:\Work\Vitis_workspace_FPGAVerification\ServoDrive_CB_FPGAVerification\src\Source" -I"D:\Work\Vitis_workspace_FPGAVerification\ServoDrive_CB_FPGAVerification\src\Include\dsp" -I"D:\Work\Vitis_workspace_FPGAVerification\ServoDrive_CB_FPGAVerification\src\ComputeLibrary\Include" -c -fmessage-length=0 -MT"src/Source/BasicMathFunctions/arm_offset_q15.o" -ID:/Work/Vitis_workspace_FPGAVerification/Mercury_XU5_PE1/export/Mercury_XU5_PE1/sw/Mercury_XU5_PE1/standalone_psu_cortexa53_0/bspinclude/include -MMD -MP -MF"src/Source/BasicMathFunctions/arm_offset_q15.d" -MT"src/Source/BasicMathFunctions/arm_offset_q15.o" -o "src/Source/BasicMathFunctions/arm_offset_q15.o" "../src/Source/BasicMathFunctions/arm_offset_q15.c"
'Finished building: ../src/Source/BasicMathFunctions/arm_offset_q15.c'
' '
'Building file: ../src/Source/BasicMathFunctions/arm_offset_q31.c'
'Invoking: ARM v8 gcc compiler'
aarch64-none-elf-gcc -DDISABLEFLOAT16 -Wall -O0 -g3 -ID:/Work/Vitis_workspace_FPGAVerification/Mercury_XU5_PE1/export/Mercury_XU5_PE1/sw/Mercury_XU5_PE1/standalone_psu_cortexa53_0/bspinclude/include -I"D:\Work\Vitis_workspace_FPGAVerification\ServoDrive_CB_FPGAVerification\src\ComputeLibrary" -I"D:\Work\Vitis_workspace_FPGAVerification\ServoDrive_CB_FPGAVerification\src\Include" -I"D:\Work\Vitis_workspace_FPGAVerification\ServoDrive_CB_FPGAVerification\src\PrivateInclude" -I"D:\Work\Vitis_workspace_FPGAVerification\ServoDrive_CB_FPGAVerification\src\Source" -I"D:\Work\Vitis_workspace_FPGAVerification\ServoDrive_CB_FPGAVerification\src\Include\dsp" -I"D:\Work\Vitis_workspace_FPGAVerification\ServoDrive_CB_FPGAVerification\src\ComputeLibrary\Include" -c -fmessage-length=0 -MT"src/Source/BasicMathFunctions/arm_offset_q31.o" -ID:/Work/Vitis_workspace_FPGAVerification/Mercury_XU5_PE1/export/Mercury_XU5_PE1/sw/Mercury_XU5_PE1/standalone_psu_cortexa53_0/bspinclude/include -MMD -MP -MF"src/Source/BasicMathFunctions/arm_offset_q31.d" -MT"src/Source/BasicMathFunctions/arm_offset_q31.o" -o "src/Source/BasicMathFunctions/arm_offset_q31.o" "../src/Source/BasicMathFunctions/arm_offset_q31.c"
'Finished building: ../src/Source/BasicMathFunctions/arm_offset_q31.c'
' '
'Building file: ../src/Source/BasicMathFunctions/arm_offset_q7.c'
'Invoking: ARM v8 gcc compiler'
aarch64-none-elf-gcc -DDISABLEFLOAT16 -Wall -O0 -g3 -ID:/Work/Vitis_workspace_FPGAVerification/Mercury_XU5_PE1/export/Mercury_XU5_PE1/sw/Mercury_XU5_PE1/standalone_psu_cortexa53_0/bspinclude/include -I"D:\Work\Vitis_workspace_FPGAVerification\ServoDrive_CB_FPGAVerification\src\ComputeLibrary" -I"D:\Work\Vitis_workspace_FPGAVerification\ServoDrive_CB_FPGAVerification\src\Include" -I"D:\Work\Vitis_workspace_FPGAVerification\ServoDrive_CB_FPGAVerification\src\PrivateInclude" -I"D:\Work\Vitis_workspace_FPGAVerification\ServoDrive_CB_FPGAVerification\src\Source" -I"D:\Work\Vitis_workspace_FPGAVerification\ServoDrive_CB_FPGAVerification\src\Include\dsp" -I"D:\Work\Vitis_workspace_FPGAVerification\ServoDrive_CB_FPGAVerification\src\ComputeLibrary\Include" -c -fmessage-length=0 -MT"src/Source/BasicMathFunctions/arm_offset_q7.o" -ID:/Work/Vitis_workspace_FPGAVerification/Mercury_XU5_PE1/export/Mercury_XU5_PE1/sw/Mercury_XU5_PE1/standalone_psu_cortexa53_0/bspinclude/include -MMD -MP -MF"src/Source/BasicMathFunctions/arm_offset_q7.d" -MT"src/Source/BasicMathFunctions/arm_offset_q7.o" -o "src/Source/BasicMathFunctions/arm_offset_q7.o" "../src/Source/BasicMathFunctions/arm_offset_q7.c"
'Finished building: ../src/Source/BasicMathFunctions/arm_offset_q7.c'
' '
'Building file: ../src/Source/BasicMathFunctions/arm_or_u16.c'
'Invoking: ARM v8 gcc compiler'
aarch64-none-elf-gcc -DDISABLEFLOAT16 -Wall -O0 -g3 -ID:/Work/Vitis_workspace_FPGAVerification/Mercury_XU5_PE1/export/Mercury_XU5_PE1/sw/Mercury_XU5_PE1/standalone_psu_cortexa53_0/bspinclude/include -I"D:\Work\Vitis_workspace_FPGAVerification\ServoDrive_CB_FPGAVerification\src\ComputeLibrary" -I"D:\Work\Vitis_workspace_FPGAVerification\ServoDrive_CB_FPGAVerification\src\Include" -I"D:\Work\Vitis_workspace_FPGAVerification\ServoDrive_CB_FPGAVerification\src\PrivateInclude" -I"D:\Work\Vitis_workspace_FPGAVerification\ServoDrive_CB_FPGAVerification\src\Source" -I"D:\Work\Vitis_workspace_FPGAVerification\ServoDrive_CB_FPGAVerification\src\Include\dsp" -I"D:\Work\Vitis_workspace_FPGAVerification\ServoDrive_CB_FPGAVerification\src\ComputeLibrary\Include" -c -fmessage-length=0 -MT"src/Source/BasicMathFunctions/arm_or_u16.o" -ID:/Work/Vitis_workspace_FPGAVerification/Mercury_XU5_PE1/export/Mercury_XU5_PE1/sw/Mercury_XU5_PE1/standalone_psu_cortexa53_0/bspinclude/include -MMD -MP -MF"src/Source/BasicMathFunctions/arm_or_u16.d" -MT"src/Source/BasicMathFunctions/arm_or_u16.o" -o "src/Source/BasicMathFunctions/arm_or_u16.o" "../src/Source/BasicMathFunctions/arm_or_u16.c"
'Finished building: ../src/Source/BasicMathFunctions/arm_or_u16.c'
' '
'Building file: ../src/Source/BasicMathFunctions/arm_or_u32.c'
'Invoking: ARM v8 gcc compiler'
aarch64-none-elf-gcc -DDISABLEFLOAT16 -Wall -O0 -g3 -ID:/Work/Vitis_workspace_FPGAVerification/Mercury_XU5_PE1/export/Mercury_XU5_PE1/sw/Mercury_XU5_PE1/standalone_psu_cortexa53_0/bspinclude/include -I"D:\Work\Vitis_workspace_FPGAVerification\ServoDrive_CB_FPGAVerification\src\ComputeLibrary" -I"D:\Work\Vitis_workspace_FPGAVerification\ServoDrive_CB_FPGAVerification\src\Include" -I"D:\Work\Vitis_workspace_FPGAVerification\ServoDrive_CB_FPGAVerification\src\PrivateInclude" -I"D:\Work\Vitis_workspace_FPGAVerification\ServoDrive_CB_FPGAVerification\src\Source" -I"D:\Work\Vitis_workspace_FPGAVerification\ServoDrive_CB_FPGAVerification\src\Include\dsp" -I"D:\Work\Vitis_workspace_FPGAVerification\ServoDrive_CB_FPGAVerification\src\ComputeLibrary\Include" -c -fmessage-length=0 -MT"src/Source/BasicMathFunctions/arm_or_u32.o" -ID:/Work/Vitis_workspace_FPGAVerification/Mercury_XU5_PE1/export/Mercury_XU5_PE1/sw/Mercury_XU5_PE1/standalone_psu_cortexa53_0/bspinclude/include -MMD -MP -MF"src/Source/BasicMathFunctions/arm_or_u32.d" -MT"src/Source/BasicMathFunctions/arm_or_u32.o" -o "src/Source/BasicMathFunctions/arm_or_u32.o" "../src/Source/BasicMathFunctions/arm_or_u32.c"
'Finished building: ../src/Source/BasicMathFunctions/arm_or_u32.c'
' '
'Building file: ../src/Source/BasicMathFunctions/arm_or_u8.c'
'Invoking: ARM v8 gcc compiler'
aarch64-none-elf-gcc -DDISABLEFLOAT16 -Wall -O0 -g3 -ID:/Work/Vitis_workspace_FPGAVerification/Mercury_XU5_PE1/export/Mercury_XU5_PE1/sw/Mercury_XU5_PE1/standalone_psu_cortexa53_0/bspinclude/include -I"D:\Work\Vitis_workspace_FPGAVerification\ServoDrive_CB_FPGAVerification\src\ComputeLibrary" -I"D:\Work\Vitis_workspace_FPGAVerification\ServoDrive_CB_FPGAVerification\src\Include" -I"D:\Work\Vitis_workspace_FPGAVerification\ServoDrive_CB_FPGAVerification\src\PrivateInclude" -I"D:\Work\Vitis_workspace_FPGAVerification\ServoDrive_CB_FPGAVerification\src\Source" -I"D:\Work\Vitis_workspace_FPGAVerification\ServoDrive_CB_FPGAVerification\src\Include\dsp" -I"D:\Work\Vitis_workspace_FPGAVerification\ServoDrive_CB_FPGAVerification\src\ComputeLibrary\Include" -c -fmessage-length=0 -MT"src/Source/BasicMathFunctions/arm_or_u8.o" -ID:/Work/Vitis_workspace_FPGAVerification/Mercury_XU5_PE1/export/Mercury_XU5_PE1/sw/Mercury_XU5_PE1/standalone_psu_cortexa53_0/bspinclude/include -MMD -MP -MF"src/Source/BasicMathFunctions/arm_or_u8.d" -MT"src/Source/BasicMathFunctions/arm_or_u8.o" -o "src/Source/BasicMathFunctions/arm_or_u8.o" "../src/Source/BasicMathFunctions/arm_or_u8.c"
'Finished building: ../src/Source/BasicMathFunctions/arm_or_u8.c'
' '
'Building file: ../src/Source/BasicMathFunctions/arm_scale_f16.c'
'Invoking: ARM v8 gcc compiler'
aarch64-none-elf-gcc -DDISABLEFLOAT16 -Wall -O0 -g3 -ID:/Work/Vitis_workspace_FPGAVerification/Mercury_XU5_PE1/export/Mercury_XU5_PE1/sw/Mercury_XU5_PE1/standalone_psu_cortexa53_0/bspinclude/include -I"D:\Work\Vitis_workspace_FPGAVerification\ServoDrive_CB_FPGAVerification\src\ComputeLibrary" -I"D:\Work\Vitis_workspace_FPGAVerification\ServoDrive_CB_FPGAVerification\src\Include" -I"D:\Work\Vitis_workspace_FPGAVerification\ServoDrive_CB_FPGAVerification\src\PrivateInclude" -I"D:\Work\Vitis_workspace_FPGAVerification\ServoDrive_CB_FPGAVerification\src\Source" -I"D:\Work\Vitis_workspace_FPGAVerification\ServoDrive_CB_FPGAVerification\src\Include\dsp" -I"D:\Work\Vitis_workspace_FPGAVerification\ServoDrive_CB_FPGAVerification\src\ComputeLibrary\Include" -c -fmessage-length=0 -MT"src/Source/BasicMathFunctions/arm_scale_f16.o" -ID:/Work/Vitis_workspace_FPGAVerification/Mercury_XU5_PE1/export/Mercury_XU5_PE1/sw/Mercury_XU5_PE1/standalone_psu_cortexa53_0/bspinclude/include -MMD -MP -MF"src/Source/BasicMathFunctions/arm_scale_f16.d" -MT"src/Source/BasicMathFunctions/arm_scale_f16.o" -o "src/Source/BasicMathFunctions/arm_scale_f16.o" "../src/Source/BasicMathFunctions/arm_scale_f16.c"
'Finished building: ../src/Source/BasicMathFunctions/arm_scale_f16.c'
' '
'Building file: ../src/Source/BasicMathFunctions/arm_scale_f32.c'
'Invoking: ARM v8 gcc compiler'
aarch64-none-elf-gcc -DDISABLEFLOAT16 -Wall -O0 -g3 -ID:/Work/Vitis_workspace_FPGAVerification/Mercury_XU5_PE1/export/Mercury_XU5_PE1/sw/Mercury_XU5_PE1/standalone_psu_cortexa53_0/bspinclude/include -I"D:\Work\Vitis_workspace_FPGAVerification\ServoDrive_CB_FPGAVerification\src\ComputeLibrary" -I"D:\Work\Vitis_workspace_FPGAVerification\ServoDrive_CB_FPGAVerification\src\Include" -I"D:\Work\Vitis_workspace_FPGAVerification\ServoDrive_CB_FPGAVerification\src\PrivateInclude" -I"D:\Work\Vitis_workspace_FPGAVerification\ServoDrive_CB_FPGAVerification\src\Source" -I"D:\Work\Vitis_workspace_FPGAVerification\ServoDrive_CB_FPGAVerification\src\Include\dsp" -I"D:\Work\Vitis_workspace_FPGAVerification\ServoDrive_CB_FPGAVerification\src\ComputeLibrary\Include" -c -fmessage-length=0 -MT"src/Source/BasicMathFunctions/arm_scale_f32.o" -ID:/Work/Vitis_workspace_FPGAVerification/Mercury_XU5_PE1/export/Mercury_XU5_PE1/sw/Mercury_XU5_PE1/standalone_psu_cortexa53_0/bspinclude/include -MMD -MP -MF"src/Source/BasicMathFunctions/arm_scale_f32.d" -MT"src/Source/BasicMathFunctions/arm_scale_f32.o" -o "src/Source/BasicMathFunctions/arm_scale_f32.o" "../src/Source/BasicMathFunctions/arm_scale_f32.c"
'Finished building: ../src/Source/BasicMathFunctions/arm_scale_f32.c'
' '
'Building file: ../src/Source/BasicMathFunctions/arm_scale_f64.c'
'Invoking: ARM v8 gcc compiler'
aarch64-none-elf-gcc -DDISABLEFLOAT16 -Wall -O0 -g3 -ID:/Work/Vitis_workspace_FPGAVerification/Mercury_XU5_PE1/export/Mercury_XU5_PE1/sw/Mercury_XU5_PE1/standalone_psu_cortexa53_0/bspinclude/include -I"D:\Work\Vitis_workspace_FPGAVerification\ServoDrive_CB_FPGAVerification\src\ComputeLibrary" -I"D:\Work\Vitis_workspace_FPGAVerification\ServoDrive_CB_FPGAVerification\src\Include" -I"D:\Work\Vitis_workspace_FPGAVerification\ServoDrive_CB_FPGAVerification\src\PrivateInclude" -I"D:\Work\Vitis_workspace_FPGAVerification\ServoDrive_CB_FPGAVerification\src\Source" -I"D:\Work\Vitis_workspace_FPGAVerification\ServoDrive_CB_FPGAVerification\src\Include\dsp" -I"D:\Work\Vitis_workspace_FPGAVerification\ServoDrive_CB_FPGAVerification\src\ComputeLibrary\Include" -c -fmessage-length=0 -MT"src/Source/BasicMathFunctions/arm_scale_f64.o" -ID:/Work/Vitis_workspace_FPGAVerification/Mercury_XU5_PE1/export/Mercury_XU5_PE1/sw/Mercury_XU5_PE1/standalone_psu_cortexa53_0/bspinclude/include -MMD -MP -MF"src/Source/BasicMathFunctions/arm_scale_f64.d" -MT"src/Source/BasicMathFunctions/arm_scale_f64.o" -o "src/Source/BasicMathFunctions/arm_scale_f64.o" "../src/Source/BasicMathFunctions/arm_scale_f64.c"
'Finished building: ../src/Source/BasicMathFunctions/arm_scale_f64.c'
' '
'Building file: ../src/Source/BasicMathFunctions/arm_scale_q15.c'
'Invoking: ARM v8 gcc compiler'
aarch64-none-elf-gcc -DDISABLEFLOAT16 -Wall -O0 -g3 -ID:/Work/Vitis_workspace_FPGAVerification/Mercury_XU5_PE1/export/Mercury_XU5_PE1/sw/Mercury_XU5_PE1/standalone_psu_cortexa53_0/bspinclude/include -I"D:\Work\Vitis_workspace_FPGAVerification\ServoDrive_CB_FPGAVerification\src\ComputeLibrary" -I"D:\Work\Vitis_workspace_FPGAVerification\ServoDrive_CB_FPGAVerification\src\Include" -I"D:\Work\Vitis_workspace_FPGAVerification\ServoDrive_CB_FPGAVerification\src\PrivateInclude" -I"D:\Work\Vitis_workspace_FPGAVerification\ServoDrive_CB_FPGAVerification\src\Source" -I"D:\Work\Vitis_workspace_FPGAVerification\ServoDrive_CB_FPGAVerification\src\Include\dsp" -I"D:\Work\Vitis_workspace_FPGAVerification\ServoDrive_CB_FPGAVerification\src\ComputeLibrary\Include" -c -fmessage-length=0 -MT"src/Source/BasicMathFunctions/arm_scale_q15.o" -ID:/Work/Vitis_workspace_FPGAVerification/Mercury_XU5_PE1/export/Mercury_XU5_PE1/sw/Mercury_XU5_PE1/standalone_psu_cortexa53_0/bspinclude/include -MMD -MP -MF"src/Source/BasicMathFunctions/arm_scale_q15.d" -MT"src/Source/BasicMathFunctions/arm_scale_q15.o" -o "src/Source/BasicMathFunctions/arm_scale_q15.o" "../src/Source/BasicMathFunctions/arm_scale_q15.c"
'Finished building: ../src/Source/BasicMathFunctions/arm_scale_q15.c'
' '
'Building file: ../src/Source/BasicMathFunctions/arm_scale_q31.c'
'Invoking: ARM v8 gcc compiler'
aarch64-none-elf-gcc -DDISABLEFLOAT16 -Wall -O0 -g3 -ID:/Work/Vitis_workspace_FPGAVerification/Mercury_XU5_PE1/export/Mercury_XU5_PE1/sw/Mercury_XU5_PE1/standalone_psu_cortexa53_0/bspinclude/include -I"D:\Work\Vitis_workspace_FPGAVerification\ServoDrive_CB_FPGAVerification\src\ComputeLibrary" -I"D:\Work\Vitis_workspace_FPGAVerification\ServoDrive_CB_FPGAVerification\src\Include" -I"D:\Work\Vitis_workspace_FPGAVerification\ServoDrive_CB_FPGAVerification\src\PrivateInclude" -I"D:\Work\Vitis_workspace_FPGAVerification\ServoDrive_CB_FPGAVerification\src\Source" -I"D:\Work\Vitis_workspace_FPGAVerification\ServoDrive_CB_FPGAVerification\src\Include\dsp" -I"D:\Work\Vitis_workspace_FPGAVerification\ServoDrive_CB_FPGAVerification\src\ComputeLibrary\Include" -c -fmessage-length=0 -MT"src/Source/BasicMathFunctions/arm_scale_q31.o" -ID:/Work/Vitis_workspace_FPGAVerification/Mercury_XU5_PE1/export/Mercury_XU5_PE1/sw/Mercury_XU5_PE1/standalone_psu_cortexa53_0/bspinclude/include -MMD -MP -MF"src/Source/BasicMathFunctions/arm_scale_q31.d" -MT"src/Source/BasicMathFunctions/arm_scale_q31.o" -o "src/Source/BasicMathFunctions/arm_scale_q31.o" "../src/Source/BasicMathFunctions/arm_scale_q31.c"
'Finished building: ../src/Source/BasicMathFunctions/arm_scale_q31.c'
' '
'Building file: ../src/Source/BasicMathFunctions/arm_scale_q7.c'
'Invoking: ARM v8 gcc compiler'
aarch64-none-elf-gcc -DDISABLEFLOAT16 -Wall -O0 -g3 -ID:/Work/Vitis_workspace_FPGAVerification/Mercury_XU5_PE1/export/Mercury_XU5_PE1/sw/Mercury_XU5_PE1/standalone_psu_cortexa53_0/bspinclude/include -I"D:\Work\Vitis_workspace_FPGAVerification\ServoDrive_CB_FPGAVerification\src\ComputeLibrary" -I"D:\Work\Vitis_workspace_FPGAVerification\ServoDrive_CB_FPGAVerification\src\Include" -I"D:\Work\Vitis_workspace_FPGAVerification\ServoDrive_CB_FPGAVerification\src\PrivateInclude" -I"D:\Work\Vitis_workspace_FPGAVerification\ServoDrive_CB_FPGAVerification\src\Source" -I"D:\Work\Vitis_workspace_FPGAVerification\ServoDrive_CB_FPGAVerification\src\Include\dsp" -I"D:\Work\Vitis_workspace_FPGAVerification\ServoDrive_CB_FPGAVerification\src\ComputeLibrary\Include" -c -fmessage-length=0 -MT"src/Source/BasicMathFunctions/arm_scale_q7.o" -ID:/Work/Vitis_workspace_FPGAVerification/Mercury_XU5_PE1/export/Mercury_XU5_PE1/sw/Mercury_XU5_PE1/standalone_psu_cortexa53_0/bspinclude/include -MMD -MP -MF"src/Source/BasicMathFunctions/arm_scale_q7.d" -MT"src/Source/BasicMathFunctions/arm_scale_q7.o" -o "src/Source/BasicMathFunctions/arm_scale_q7.o" "../src/Source/BasicMathFunctions/arm_scale_q7.c"
'Finished building: ../src/Source/BasicMathFunctions/arm_scale_q7.c'
' '
'Building file: ../src/Source/BasicMathFunctions/arm_shift_q15.c'
'Invoking: ARM v8 gcc compiler'
aarch64-none-elf-gcc -DDISABLEFLOAT16 -Wall -O0 -g3 -ID:/Work/Vitis_workspace_FPGAVerification/Mercury_XU5_PE1/export/Mercury_XU5_PE1/sw/Mercury_XU5_PE1/standalone_psu_cortexa53_0/bspinclude/include -I"D:\Work\Vitis_workspace_FPGAVerification\ServoDrive_CB_FPGAVerification\src\ComputeLibrary" -I"D:\Work\Vitis_workspace_FPGAVerification\ServoDrive_CB_FPGAVerification\src\Include" -I"D:\Work\Vitis_workspace_FPGAVerification\ServoDrive_CB_FPGAVerification\src\PrivateInclude" -I"D:\Work\Vitis_workspace_FPGAVerification\ServoDrive_CB_FPGAVerification\src\Source" -I"D:\Work\Vitis_workspace_FPGAVerification\ServoDrive_CB_FPGAVerification\src\Include\dsp" -I"D:\Work\Vitis_workspace_FPGAVerification\ServoDrive_CB_FPGAVerification\src\ComputeLibrary\Include" -c -fmessage-length=0 -MT"src/Source/BasicMathFunctions/arm_shift_q15.o" -ID:/Work/Vitis_workspace_FPGAVerification/Mercury_XU5_PE1/export/Mercury_XU5_PE1/sw/Mercury_XU5_PE1/standalone_psu_cortexa53_0/bspinclude/include -MMD -MP -MF"src/Source/BasicMathFunctions/arm_shift_q15.d" -MT"src/Source/BasicMathFunctions/arm_shift_q15.o" -o "src/Source/BasicMathFunctions/arm_shift_q15.o" "../src/Source/BasicMathFunctions/arm_shift_q15.c"
'Finished building: ../src/Source/BasicMathFunctions/arm_shift_q15.c'
' '
'Building file: ../src/Source/BasicMathFunctions/arm_shift_q31.c'
'Invoking: ARM v8 gcc compiler'
aarch64-none-elf-gcc -DDISABLEFLOAT16 -Wall -O0 -g3 -ID:/Work/Vitis_workspace_FPGAVerification/Mercury_XU5_PE1/export/Mercury_XU5_PE1/sw/Mercury_XU5_PE1/standalone_psu_cortexa53_0/bspinclude/include -I"D:\Work\Vitis_workspace_FPGAVerification\ServoDrive_CB_FPGAVerification\src\ComputeLibrary" -I"D:\Work\Vitis_workspace_FPGAVerification\ServoDrive_CB_FPGAVerification\src\Include" -I"D:\Work\Vitis_workspace_FPGAVerification\ServoDrive_CB_FPGAVerification\src\PrivateInclude" -I"D:\Work\Vitis_workspace_FPGAVerification\ServoDrive_CB_FPGAVerification\src\Source" -I"D:\Work\Vitis_workspace_FPGAVerification\ServoDrive_CB_FPGAVerification\src\Include\dsp" -I"D:\Work\Vitis_workspace_FPGAVerification\ServoDrive_CB_FPGAVerification\src\ComputeLibrary\Include" -c -fmessage-length=0 -MT"src/Source/BasicMathFunctions/arm_shift_q31.o" -ID:/Work/Vitis_workspace_FPGAVerification/Mercury_XU5_PE1/export/Mercury_XU5_PE1/sw/Mercury_XU5_PE1/standalone_psu_cortexa53_0/bspinclude/include -MMD -MP -MF"src/Source/BasicMathFunctions/arm_shift_q31.d" -MT"src/Source/BasicMathFunctions/arm_shift_q31.o" -o "src/Source/BasicMathFunctions/arm_shift_q31.o" "../src/Source/BasicMathFunctions/arm_shift_q31.c"
'Finished building: ../src/Source/BasicMathFunctions/arm_shift_q31.c'
' '
'Building file: ../src/Source/BasicMathFunctions/arm_shift_q7.c'
'Invoking: ARM v8 gcc compiler'
aarch64-none-elf-gcc -DDISABLEFLOAT16 -Wall -O0 -g3 -ID:/Work/Vitis_workspace_FPGAVerification/Mercury_XU5_PE1/export/Mercury_XU5_PE1/sw/Mercury_XU5_PE1/standalone_psu_cortexa53_0/bspinclude/include -I"D:\Work\Vitis_workspace_FPGAVerification\ServoDrive_CB_FPGAVerification\src\ComputeLibrary" -I"D:\Work\Vitis_workspace_FPGAVerification\ServoDrive_CB_FPGAVerification\src\Include" -I"D:\Work\Vitis_workspace_FPGAVerification\ServoDrive_CB_FPGAVerification\src\PrivateInclude" -I"D:\Work\Vitis_workspace_FPGAVerification\ServoDrive_CB_FPGAVerification\src\Source" -I"D:\Work\Vitis_workspace_FPGAVerification\ServoDrive_CB_FPGAVerification\src\Include\dsp" -I"D:\Work\Vitis_workspace_FPGAVerification\ServoDrive_CB_FPGAVerification\src\ComputeLibrary\Include" -c -fmessage-length=0 -MT"src/Source/BasicMathFunctions/arm_shift_q7.o" -ID:/Work/Vitis_workspace_FPGAVerification/Mercury_XU5_PE1/export/Mercury_XU5_PE1/sw/Mercury_XU5_PE1/standalone_psu_cortexa53_0/bspinclude/include -MMD -MP -MF"src/Source/BasicMathFunctions/arm_shift_q7.d" -MT"src/Source/BasicMathFunctions/arm_shift_q7.o" -o "src/Source/BasicMathFunctions/arm_shift_q7.o" "../src/Source/BasicMathFunctions/arm_shift_q7.c"
'Finished building: ../src/Source/BasicMathFunctions/arm_shift_q7.c'
' '
'Building file: ../src/Source/BasicMathFunctions/arm_sub_f16.c'
'Invoking: ARM v8 gcc compiler'
aarch64-none-elf-gcc -DDISABLEFLOAT16 -Wall -O0 -g3 -ID:/Work/Vitis_workspace_FPGAVerification/Mercury_XU5_PE1/export/Mercury_XU5_PE1/sw/Mercury_XU5_PE1/standalone_psu_cortexa53_0/bspinclude/include -I"D:\Work\Vitis_workspace_FPGAVerification\ServoDrive_CB_FPGAVerification\src\ComputeLibrary" -I"D:\Work\Vitis_workspace_FPGAVerification\ServoDrive_CB_FPGAVerification\src\Include" -I"D:\Work\Vitis_workspace_FPGAVerification\ServoDrive_CB_FPGAVerification\src\PrivateInclude" -I"D:\Work\Vitis_workspace_FPGAVerification\ServoDrive_CB_FPGAVerification\src\Source" -I"D:\Work\Vitis_workspace_FPGAVerification\ServoDrive_CB_FPGAVerification\src\Include\dsp" -I"D:\Work\Vitis_workspace_FPGAVerification\ServoDrive_CB_FPGAVerification\src\ComputeLibrary\Include" -c -fmessage-length=0 -MT"src/Source/BasicMathFunctions/arm_sub_f16.o" -ID:/Work/Vitis_workspace_FPGAVerification/Mercury_XU5_PE1/export/Mercury_XU5_PE1/sw/Mercury_XU5_PE1/standalone_psu_cortexa53_0/bspinclude/include -MMD -MP -MF"src/Source/BasicMathFunctions/arm_sub_f16.d" -MT"src/Source/BasicMathFunctions/arm_sub_f16.o" -o "src/Source/BasicMathFunctions/arm_sub_f16.o" "../src/Source/BasicMathFunctions/arm_sub_f16.c"
'Finished building: ../src/Source/BasicMathFunctions/arm_sub_f16.c'
' '
'Building file: ../src/Source/BasicMathFunctions/arm_sub_f32.c'
'Invoking: ARM v8 gcc compiler'
aarch64-none-elf-gcc -DDISABLEFLOAT16 -Wall -O0 -g3 -ID:/Work/Vitis_workspace_FPGAVerification/Mercury_XU5_PE1/export/Mercury_XU5_PE1/sw/Mercury_XU5_PE1/standalone_psu_cortexa53_0/bspinclude/include -I"D:\Work\Vitis_workspace_FPGAVerification\ServoDrive_CB_FPGAVerification\src\ComputeLibrary" -I"D:\Work\Vitis_workspace_FPGAVerification\ServoDrive_CB_FPGAVerification\src\Include" -I"D:\Work\Vitis_workspace_FPGAVerification\ServoDrive_CB_FPGAVerification\src\PrivateInclude" -I"D:\Work\Vitis_workspace_FPGAVerification\ServoDrive_CB_FPGAVerification\src\Source" -I"D:\Work\Vitis_workspace_FPGAVerification\ServoDrive_CB_FPGAVerification\src\Include\dsp" -I"D:\Work\Vitis_workspace_FPGAVerification\ServoDrive_CB_FPGAVerification\src\ComputeLibrary\Include" -c -fmessage-length=0 -MT"src/Source/BasicMathFunctions/arm_sub_f32.o" -ID:/Work/Vitis_workspace_FPGAVerification/Mercury_XU5_PE1/export/Mercury_XU5_PE1/sw/Mercury_XU5_PE1/standalone_psu_cortexa53_0/bspinclude/include -MMD -MP -MF"src/Source/BasicMathFunctions/arm_sub_f32.d" -MT"src/Source/BasicMathFunctions/arm_sub_f32.o" -o "src/Source/BasicMathFunctions/arm_sub_f32.o" "../src/Source/BasicMathFunctions/arm_sub_f32.c"
'Finished building: ../src/Source/BasicMathFunctions/arm_sub_f32.c'
' '
'Building file: ../src/Source/BasicMathFunctions/arm_sub_f64.c'
'Invoking: ARM v8 gcc compiler'
aarch64-none-elf-gcc -DDISABLEFLOAT16 -Wall -O0 -g3 -ID:/Work/Vitis_workspace_FPGAVerification/Mercury_XU5_PE1/export/Mercury_XU5_PE1/sw/Mercury_XU5_PE1/standalone_psu_cortexa53_0/bspinclude/include -I"D:\Work\Vitis_workspace_FPGAVerification\ServoDrive_CB_FPGAVerification\src\ComputeLibrary" -I"D:\Work\Vitis_workspace_FPGAVerification\ServoDrive_CB_FPGAVerification\src\Include" -I"D:\Work\Vitis_workspace_FPGAVerification\ServoDrive_CB_FPGAVerification\src\PrivateInclude" -I"D:\Work\Vitis_workspace_FPGAVerification\ServoDrive_CB_FPGAVerification\src\Source" -I"D:\Work\Vitis_workspace_FPGAVerification\ServoDrive_CB_FPGAVerification\src\Include\dsp" -I"D:\Work\Vitis_workspace_FPGAVerification\ServoDrive_CB_FPGAVerification\src\ComputeLibrary\Include" -c -fmessage-length=0 -MT"src/Source/BasicMathFunctions/arm_sub_f64.o" -ID:/Work/Vitis_workspace_FPGAVerification/Mercury_XU5_PE1/export/Mercury_XU5_PE1/sw/Mercury_XU5_PE1/standalone_psu_cortexa53_0/bspinclude/include -MMD -MP -MF"src/Source/BasicMathFunctions/arm_sub_f64.d" -MT"src/Source/BasicMathFunctions/arm_sub_f64.o" -o "src/Source/BasicMathFunctions/arm_sub_f64.o" "../src/Source/BasicMathFunctions/arm_sub_f64.c"
'Finished building: ../src/Source/BasicMathFunctions/arm_sub_f64.c'
' '
'Building file: ../src/Source/BasicMathFunctions/arm_sub_q15.c'
'Invoking: ARM v8 gcc compiler'
aarch64-none-elf-gcc -DDISABLEFLOAT16 -Wall -O0 -g3 -ID:/Work/Vitis_workspace_FPGAVerification/Mercury_XU5_PE1/export/Mercury_XU5_PE1/sw/Mercury_XU5_PE1/standalone_psu_cortexa53_0/bspinclude/include -I"D:\Work\Vitis_workspace_FPGAVerification\ServoDrive_CB_FPGAVerification\src\ComputeLibrary" -I"D:\Work\Vitis_workspace_FPGAVerification\ServoDrive_CB_FPGAVerification\src\Include" -I"D:\Work\Vitis_workspace_FPGAVerification\ServoDrive_CB_FPGAVerification\src\PrivateInclude" -I"D:\Work\Vitis_workspace_FPGAVerification\ServoDrive_CB_FPGAVerification\src\Source" -I"D:\Work\Vitis_workspace_FPGAVerification\ServoDrive_CB_FPGAVerification\src\Include\dsp" -I"D:\Work\Vitis_workspace_FPGAVerification\ServoDrive_CB_FPGAVerification\src\ComputeLibrary\Include" -c -fmessage-length=0 -MT"src/Source/BasicMathFunctions/arm_sub_q15.o" -ID:/Work/Vitis_workspace_FPGAVerification/Mercury_XU5_PE1/export/Mercury_XU5_PE1/sw/Mercury_XU5_PE1/standalone_psu_cortexa53_0/bspinclude/include -MMD -MP -MF"src/Source/BasicMathFunctions/arm_sub_q15.d" -MT"src/Source/BasicMathFunctions/arm_sub_q15.o" -o "src/Source/BasicMathFunctions/arm_sub_q15.o" "../src/Source/BasicMathFunctions/arm_sub_q15.c"
'Finished building: ../src/Source/BasicMathFunctions/arm_sub_q15.c'
' '
'Building file: ../src/Source/BasicMathFunctions/arm_sub_q31.c'
'Invoking: ARM v8 gcc compiler'
aarch64-none-elf-gcc -DDISABLEFLOAT16 -Wall -O0 -g3 -ID:/Work/Vitis_workspace_FPGAVerification/Mercury_XU5_PE1/export/Mercury_XU5_PE1/sw/Mercury_XU5_PE1/standalone_psu_cortexa53_0/bspinclude/include -I"D:\Work\Vitis_workspace_FPGAVerification\ServoDrive_CB_FPGAVerification\src\ComputeLibrary" -I"D:\Work\Vitis_workspace_FPGAVerification\ServoDrive_CB_FPGAVerification\src\Include" -I"D:\Work\Vitis_workspace_FPGAVerification\ServoDrive_CB_FPGAVerification\src\PrivateInclude" -I"D:\Work\Vitis_workspace_FPGAVerification\ServoDrive_CB_FPGAVerification\src\Source" -I"D:\Work\Vitis_workspace_FPGAVerification\ServoDrive_CB_FPGAVerification\src\Include\dsp" -I"D:\Work\Vitis_workspace_FPGAVerification\ServoDrive_CB_FPGAVerification\src\ComputeLibrary\Include" -c -fmessage-length=0 -MT"src/Source/BasicMathFunctions/arm_sub_q31.o" -ID:/Work/Vitis_workspace_FPGAVerification/Mercury_XU5_PE1/export/Mercury_XU5_PE1/sw/Mercury_XU5_PE1/standalone_psu_cortexa53_0/bspinclude/include -MMD -MP -MF"src/Source/BasicMathFunctions/arm_sub_q31.d" -MT"src/Source/BasicMathFunctions/arm_sub_q31.o" -o "src/Source/BasicMathFunctions/arm_sub_q31.o" "../src/Source/BasicMathFunctions/arm_sub_q31.c"
'Finished building: ../src/Source/BasicMathFunctions/arm_sub_q31.c'
' '
'Building file: ../src/Source/BasicMathFunctions/arm_sub_q7.c'
'Invoking: ARM v8 gcc compiler'
aarch64-none-elf-gcc -DDISABLEFLOAT16 -Wall -O0 -g3 -ID:/Work/Vitis_workspace_FPGAVerification/Mercury_XU5_PE1/export/Mercury_XU5_PE1/sw/Mercury_XU5_PE1/standalone_psu_cortexa53_0/bspinclude/include -I"D:\Work\Vitis_workspace_FPGAVerification\ServoDrive_CB_FPGAVerification\src\ComputeLibrary" -I"D:\Work\Vitis_workspace_FPGAVerification\ServoDrive_CB_FPGAVerification\src\Include" -I"D:\Work\Vitis_workspace_FPGAVerification\ServoDrive_CB_FPGAVerification\src\PrivateInclude" -I"D:\Work\Vitis_workspace_FPGAVerification\ServoDrive_CB_FPGAVerification\src\Source" -I"D:\Work\Vitis_workspace_FPGAVerification\ServoDrive_CB_FPGAVerification\src\Include\dsp" -I"D:\Work\Vitis_workspace_FPGAVerification\ServoDrive_CB_FPGAVerification\src\ComputeLibrary\Include" -c -fmessage-length=0 -MT"src/Source/BasicMathFunctions/arm_sub_q7.o" -ID:/Work/Vitis_workspace_FPGAVerification/Mercury_XU5_PE1/export/Mercury_XU5_PE1/sw/Mercury_XU5_PE1/standalone_psu_cortexa53_0/bspinclude/include -MMD -MP -MF"src/Source/BasicMathFunctions/arm_sub_q7.d" -MT"src/Source/BasicMathFunctions/arm_sub_q7.o" -o "src/Source/BasicMathFunctions/arm_sub_q7.o" "../src/Source/BasicMathFunctions/arm_sub_q7.c"
'Finished building: ../src/Source/BasicMathFunctions/arm_sub_q7.c'
' '
'Building file: ../src/Source/BasicMathFunctions/arm_xor_u16.c'
'Invoking: ARM v8 gcc compiler'
aarch64-none-elf-gcc -DDISABLEFLOAT16 -Wall -O0 -g3 -ID:/Work/Vitis_workspace_FPGAVerification/Mercury_XU5_PE1/export/Mercury_XU5_PE1/sw/Mercury_XU5_PE1/standalone_psu_cortexa53_0/bspinclude/include -I"D:\Work\Vitis_workspace_FPGAVerification\ServoDrive_CB_FPGAVerification\src\ComputeLibrary" -I"D:\Work\Vitis_workspace_FPGAVerification\ServoDrive_CB_FPGAVerification\src\Include" -I"D:\Work\Vitis_workspace_FPGAVerification\ServoDrive_CB_FPGAVerification\src\PrivateInclude" -I"D:\Work\Vitis_workspace_FPGAVerification\ServoDrive_CB_FPGAVerification\src\Source" -I"D:\Work\Vitis_workspace_FPGAVerification\ServoDrive_CB_FPGAVerification\src\Include\dsp" -I"D:\Work\Vitis_workspace_FPGAVerification\ServoDrive_CB_FPGAVerification\src\ComputeLibrary\Include" -c -fmessage-length=0 -MT"src/Source/BasicMathFunctions/arm_xor_u16.o" -ID:/Work/Vitis_workspace_FPGAVerification/Mercury_XU5_PE1/export/Mercury_XU5_PE1/sw/Mercury_XU5_PE1/standalone_psu_cortexa53_0/bspinclude/include -MMD -MP -MF"src/Source/BasicMathFunctions/arm_xor_u16.d" -MT"src/Source/BasicMathFunctions/arm_xor_u16.o" -o "src/Source/BasicMathFunctions/arm_xor_u16.o" "../src/Source/BasicMathFunctions/arm_xor_u16.c"
'Finished building: ../src/Source/BasicMathFunctions/arm_xor_u16.c'
' '
'Building file: ../src/Source/BasicMathFunctions/arm_xor_u32.c'
'Invoking: ARM v8 gcc compiler'
aarch64-none-elf-gcc -DDISABLEFLOAT16 -Wall -O0 -g3 -ID:/Work/Vitis_workspace_FPGAVerification/Mercury_XU5_PE1/export/Mercury_XU5_PE1/sw/Mercury_XU5_PE1/standalone_psu_cortexa53_0/bspinclude/include -I"D:\Work\Vitis_workspace_FPGAVerification\ServoDrive_CB_FPGAVerification\src\ComputeLibrary" -I"D:\Work\Vitis_workspace_FPGAVerification\ServoDrive_CB_FPGAVerification\src\Include" -I"D:\Work\Vitis_workspace_FPGAVerification\ServoDrive_CB_FPGAVerification\src\PrivateInclude" -I"D:\Work\Vitis_workspace_FPGAVerification\ServoDrive_CB_FPGAVerification\src\Source" -I"D:\Work\Vitis_workspace_FPGAVerification\ServoDrive_CB_FPGAVerification\src\Include\dsp" -I"D:\Work\Vitis_workspace_FPGAVerification\ServoDrive_CB_FPGAVerification\src\ComputeLibrary\Include" -c -fmessage-length=0 -MT"src/Source/BasicMathFunctions/arm_xor_u32.o" -ID:/Work/Vitis_workspace_FPGAVerification/Mercury_XU5_PE1/export/Mercury_XU5_PE1/sw/Mercury_XU5_PE1/standalone_psu_cortexa53_0/bspinclude/include -MMD -MP -MF"src/Source/BasicMathFunctions/arm_xor_u32.d" -MT"src/Source/BasicMathFunctions/arm_xor_u32.o" -o "src/Source/BasicMathFunctions/arm_xor_u32.o" "../src/Source/BasicMathFunctions/arm_xor_u32.c"
'Finished building: ../src/Source/BasicMathFunctions/arm_xor_u32.c'
' '
'Building file: ../src/Source/BasicMathFunctions/arm_xor_u8.c'
'Invoking: ARM v8 gcc compiler'
aarch64-none-elf-gcc -DDISABLEFLOAT16 -Wall -O0 -g3 -ID:/Work/Vitis_workspace_FPGAVerification/Mercury_XU5_PE1/export/Mercury_XU5_PE1/sw/Mercury_XU5_PE1/standalone_psu_cortexa53_0/bspinclude/include -I"D:\Work\Vitis_workspace_FPGAVerification\ServoDrive_CB_FPGAVerification\src\ComputeLibrary" -I"D:\Work\Vitis_workspace_FPGAVerification\ServoDrive_CB_FPGAVerification\src\Include" -I"D:\Work\Vitis_workspace_FPGAVerification\ServoDrive_CB_FPGAVerification\src\PrivateInclude" -I"D:\Work\Vitis_workspace_FPGAVerification\ServoDrive_CB_FPGAVerification\src\Source" -I"D:\Work\Vitis_workspace_FPGAVerification\ServoDrive_CB_FPGAVerification\src\Include\dsp" -I"D:\Work\Vitis_workspace_FPGAVerification\ServoDrive_CB_FPGAVerification\src\ComputeLibrary\Include" -c -fmessage-length=0 -MT"src/Source/BasicMathFunctions/arm_xor_u8.o" -ID:/Work/Vitis_workspace_FPGAVerification/Mercury_XU5_PE1/export/Mercury_XU5_PE1/sw/Mercury_XU5_PE1/standalone_psu_cortexa53_0/bspinclude/include -MMD -MP -MF"src/Source/BasicMathFunctions/arm_xor_u8.d" -MT"src/Source/BasicMathFunctions/arm_xor_u8.o" -o "src/Source/BasicMathFunctions/arm_xor_u8.o" "../src/Source/BasicMathFunctions/arm_xor_u8.c"
'Finished building: ../src/Source/BasicMathFunctions/arm_xor_u8.c'
' '
'Building file: ../src/ComputeLibrary/Source/arm_cl_tables.c'
'Invoking: ARM v8 gcc compiler'
aarch64-none-elf-gcc -DDISABLEFLOAT16 -Wall -O0 -g3 -ID:/Work/Vitis_workspace_FPGAVerification/Mercury_XU5_PE1/export/Mercury_XU5_PE1/sw/Mercury_XU5_PE1/standalone_psu_cortexa53_0/bspinclude/include -I"D:\Work\Vitis_workspace_FPGAVerification\ServoDrive_CB_FPGAVerification\src\ComputeLibrary" -I"D:\Work\Vitis_workspace_FPGAVerification\ServoDrive_CB_FPGAVerification\src\Include" -I"D:\Work\Vitis_workspace_FPGAVerification\ServoDrive_CB_FPGAVerification\src\PrivateInclude" -I"D:\Work\Vitis_workspace_FPGAVerification\ServoDrive_CB_FPGAVerification\src\Source" -I"D:\Work\Vitis_workspace_FPGAVerification\ServoDrive_CB_FPGAVerification\src\Include\dsp" -I"D:\Work\Vitis_workspace_FPGAVerification\ServoDrive_CB_FPGAVerification\src\ComputeLibrary\Include" -c -fmessage-length=0 -MT"src/ComputeLibrary/Source/arm_cl_tables.o" -ID:/Work/Vitis_workspace_FPGAVerification/Mercury_XU5_PE1/export/Mercury_XU5_PE1/sw/Mercury_XU5_PE1/standalone_psu_cortexa53_0/bspinclude/include -MMD -MP -MF"src/ComputeLibrary/Source/arm_cl_tables.d" -MT"src/ComputeLibrary/Source/arm_cl_tables.o" -o "src/ComputeLibrary/Source/arm_cl_tables.o" "../src/ComputeLibrary/Source/arm_cl_tables.c"
'Finished building: ../src/ComputeLibrary/Source/arm_cl_tables.c'
' '
'Building file: ../src/CurrentSenseVerification.c'
'Invoking: ARM v8 gcc compiler'
aarch64-none-elf-gcc -DDISABLEFLOAT16 -Wall -O0 -g3 -ID:/Work/Vitis_workspace_FPGAVerification/Mercury_XU5_PE1/export/Mercury_XU5_PE1/sw/Mercury_XU5_PE1/standalone_psu_cortexa53_0/bspinclude/include -I"D:\Work\Vitis_workspace_FPGAVerification\ServoDrive_CB_FPGAVerification\src\ComputeLibrary" -I"D:\Work\Vitis_workspace_FPGAVerification\ServoDrive_CB_FPGAVerification\src\Include" -I"D:\Work\Vitis_workspace_FPGAVerification\ServoDrive_CB_FPGAVerification\src\PrivateInclude" -I"D:\Work\Vitis_workspace_FPGAVerification\ServoDrive_CB_FPGAVerification\src\Source" -I"D:\Work\Vitis_workspace_FPGAVerification\ServoDrive_CB_FPGAVerification\src\Include\dsp" -I"D:\Work\Vitis_workspace_FPGAVerification\ServoDrive_CB_FPGAVerification\src\ComputeLibrary\Include" -c -fmessage-length=0 -MT"src/CurrentSenseVerification.o" -ID:/Work/Vitis_workspace_FPGAVerification/Mercury_XU5_PE1/export/Mercury_XU5_PE1/sw/Mercury_XU5_PE1/standalone_psu_cortexa53_0/bspinclude/include -MMD -MP -MF"src/CurrentSenseVerification.d" -MT"src/CurrentSenseVerification.o" -o "src/CurrentSenseVerification.o" "../src/CurrentSenseVerification.c"
'Finished building: ../src/CurrentSenseVerification.c'
' '
'Building file: ../src/OVCVerification.c'
'Invoking: ARM v8 gcc compiler'
aarch64-none-elf-gcc -DDISABLEFLOAT16 -Wall -O0 -g3 -ID:/Work/Vitis_workspace_FPGAVerification/Mercury_XU5_PE1/export/Mercury_XU5_PE1/sw/Mercury_XU5_PE1/standalone_psu_cortexa53_0/bspinclude/include -I"D:\Work\Vitis_workspace_FPGAVerification\ServoDrive_CB_FPGAVerification\src\ComputeLibrary" -I"D:\Work\Vitis_workspace_FPGAVerification\ServoDrive_CB_FPGAVerification\src\Include" -I"D:\Work\Vitis_workspace_FPGAVerification\ServoDrive_CB_FPGAVerification\src\PrivateInclude" -I"D:\Work\Vitis_workspace_FPGAVerification\ServoDrive_CB_FPGAVerification\src\Source" -I"D:\Work\Vitis_workspace_FPGAVerification\ServoDrive_CB_FPGAVerification\src\Include\dsp" -I"D:\Work\Vitis_workspace_FPGAVerification\ServoDrive_CB_FPGAVerification\src\ComputeLibrary\Include" -c -fmessage-length=0 -MT"src/OVCVerification.o" -ID:/Work/Vitis_workspace_FPGAVerification/Mercury_XU5_PE1/export/Mercury_XU5_PE1/sw/Mercury_XU5_PE1/standalone_psu_cortexa53_0/bspinclude/include -MMD -MP -MF"src/OVCVerification.d" -MT"src/OVCVerification.o" -o "src/OVCVerification.o" "../src/OVCVerification.c"
'Finished building: ../src/OVCVerification.c'
' '
'Building file: ../src/PWMVerification.c'
'Invoking: ARM v8 gcc compiler'
aarch64-none-elf-gcc -DDISABLEFLOAT16 -Wall -O0 -g3 -ID:/Work/Vitis_workspace_FPGAVerification/Mercury_XU5_PE1/export/Mercury_XU5_PE1/sw/Mercury_XU5_PE1/standalone_psu_cortexa53_0/bspinclude/include -I"D:\Work\Vitis_workspace_FPGAVerification\ServoDrive_CB_FPGAVerification\src\ComputeLibrary" -I"D:\Work\Vitis_workspace_FPGAVerification\ServoDrive_CB_FPGAVerification\src\Include" -I"D:\Work\Vitis_workspace_FPGAVerification\ServoDrive_CB_FPGAVerification\src\PrivateInclude" -I"D:\Work\Vitis_workspace_FPGAVerification\ServoDrive_CB_FPGAVerification\src\Source" -I"D:\Work\Vitis_workspace_FPGAVerification\ServoDrive_CB_FPGAVerification\src\Include\dsp" -I"D:\Work\Vitis_workspace_FPGAVerification\ServoDrive_CB_FPGAVerification\src\ComputeLibrary\Include" -c -fmessage-length=0 -MT"src/PWMVerification.o" -ID:/Work/Vitis_workspace_FPGAVerification/Mercury_XU5_PE1/export/Mercury_XU5_PE1/sw/Mercury_XU5_PE1/standalone_psu_cortexa53_0/bspinclude/include -MMD -MP -MF"src/PWMVerification.d" -MT"src/PWMVerification.o" -o "src/PWMVerification.o" "../src/PWMVerification.c"
'Finished building: ../src/PWMVerification.c'
' '
'Building file: ../src/VerificationController.c'
'Invoking: ARM v8 gcc compiler'
aarch64-none-elf-gcc -DDISABLEFLOAT16 -Wall -O0 -g3 -ID:/Work/Vitis_workspace_FPGAVerification/Mercury_XU5_PE1/export/Mercury_XU5_PE1/sw/Mercury_XU5_PE1/standalone_psu_cortexa53_0/bspinclude/include -I"D:\Work\Vitis_workspace_FPGAVerification\ServoDrive_CB_FPGAVerification\src\ComputeLibrary" -I"D:\Work\Vitis_workspace_FPGAVerification\ServoDrive_CB_FPGAVerification\src\Include" -I"D:\Work\Vitis_workspace_FPGAVerification\ServoDrive_CB_FPGAVerification\src\PrivateInclude" -I"D:\Work\Vitis_workspace_FPGAVerification\ServoDrive_CB_FPGAVerification\src\Source" -I"D:\Work\Vitis_workspace_FPGAVerification\ServoDrive_CB_FPGAVerification\src\Include\dsp" -I"D:\Work\Vitis_workspace_FPGAVerification\ServoDrive_CB_FPGAVerification\src\ComputeLibrary\Include" -c -fmessage-length=0 -MT"src/VerificationController.o" -ID:/Work/Vitis_workspace_FPGAVerification/Mercury_XU5_PE1/export/Mercury_XU5_PE1/sw/Mercury_XU5_PE1/standalone_psu_cortexa53_0/bspinclude/include -MMD -MP -MF"src/VerificationController.d" -MT"src/VerificationController.o" -o "src/VerificationController.o" "../src/VerificationController.c"
'Finished building: ../src/VerificationController.c'
' '
'Building file: ../src/logFile.c'
'Invoking: ARM v8 gcc compiler'
aarch64-none-elf-gcc -DDISABLEFLOAT16 -Wall -O0 -g3 -ID:/Work/Vitis_workspace_FPGAVerification/Mercury_XU5_PE1/export/Mercury_XU5_PE1/sw/Mercury_XU5_PE1/standalone_psu_cortexa53_0/bspinclude/include -I"D:\Work\Vitis_workspace_FPGAVerification\ServoDrive_CB_FPGAVerification\src\ComputeLibrary" -I"D:\Work\Vitis_workspace_FPGAVerification\ServoDrive_CB_FPGAVerification\src\Include" -I"D:\Work\Vitis_workspace_FPGAVerification\ServoDrive_CB_FPGAVerification\src\PrivateInclude" -I"D:\Work\Vitis_workspace_FPGAVerification\ServoDrive_CB_FPGAVerification\src\Source" -I"D:\Work\Vitis_workspace_FPGAVerification\ServoDrive_CB_FPGAVerification\src\Include\dsp" -I"D:\Work\Vitis_workspace_FPGAVerification\ServoDrive_CB_FPGAVerification\src\ComputeLibrary\Include" -c -fmessage-length=0 -MT"src/logFile.o" -ID:/Work/Vitis_workspace_FPGAVerification/Mercury_XU5_PE1/export/Mercury_XU5_PE1/sw/Mercury_XU5_PE1/standalone_psu_cortexa53_0/bspinclude/include -MMD -MP -MF"src/logFile.d" -MT"src/logFile.o" -o "src/logFile.o" "../src/logFile.c"
'Finished building: ../src/logFile.c'
' '
'Building file: ../src/main.c'
'Invoking: ARM v8 gcc compiler'
aarch64-none-elf-gcc -DDISABLEFLOAT16 -Wall -O0 -g3 -ID:/Work/Vitis_workspace_FPGAVerification/Mercury_XU5_PE1/export/Mercury_XU5_PE1/sw/Mercury_XU5_PE1/standalone_psu_cortexa53_0/bspinclude/include -I"D:\Work\Vitis_workspace_FPGAVerification\ServoDrive_CB_FPGAVerification\src\ComputeLibrary" -I"D:\Work\Vitis_workspace_FPGAVerification\ServoDrive_CB_FPGAVerification\src\Include" -I"D:\Work\Vitis_workspace_FPGAVerification\ServoDrive_CB_FPGAVerification\src\PrivateInclude" -I"D:\Work\Vitis_workspace_FPGAVerification\ServoDrive_CB_FPGAVerification\src\Source" -I"D:\Work\Vitis_workspace_FPGAVerification\ServoDrive_CB_FPGAVerification\src\Include\dsp" -I"D:\Work\Vitis_workspace_FPGAVerification\ServoDrive_CB_FPGAVerification\src\ComputeLibrary\Include" -c -fmessage-length=0 -MT"src/main.o" -ID:/Work/Vitis_workspace_FPGAVerification/Mercury_XU5_PE1/export/Mercury_XU5_PE1/sw/Mercury_XU5_PE1/standalone_psu_cortexa53_0/bspinclude/include -MMD -MP -MF"src/main.d" -MT"src/main.o" -o "src/main.o" "../src/main.c"
'Finished building: ../src/main.c'
' '
'Building file: ../src/platform.c'
'Invoking: ARM v8 gcc compiler'
aarch64-none-elf-gcc -DDISABLEFLOAT16 -Wall -O0 -g3 -ID:/Work/Vitis_workspace_FPGAVerification/Mercury_XU5_PE1/export/Mercury_XU5_PE1/sw/Mercury_XU5_PE1/standalone_psu_cortexa53_0/bspinclude/include -I"D:\Work\Vitis_workspace_FPGAVerification\ServoDrive_CB_FPGAVerification\src\ComputeLibrary" -I"D:\Work\Vitis_workspace_FPGAVerification\ServoDrive_CB_FPGAVerification\src\Include" -I"D:\Work\Vitis_workspace_FPGAVerification\ServoDrive_CB_FPGAVerification\src\PrivateInclude" -I"D:\Work\Vitis_workspace_FPGAVerification\ServoDrive_CB_FPGAVerification\src\Source" -I"D:\Work\Vitis_workspace_FPGAVerification\ServoDrive_CB_FPGAVerification\src\Include\dsp" -I"D:\Work\Vitis_workspace_FPGAVerification\ServoDrive_CB_FPGAVerification\src\ComputeLibrary\Include" -c -fmessage-length=0 -MT"src/platform.o" -ID:/Work/Vitis_workspace_FPGAVerification/Mercury_XU5_PE1/export/Mercury_XU5_PE1/sw/Mercury_XU5_PE1/standalone_psu_cortexa53_0/bspinclude/include -MMD -MP -MF"src/platform.d" -MT"src/platform.o" -o "src/platform.o" "../src/platform.c"
'Finished building: ../src/platform.c'
' '
'Building file: ../src/ringbuffer.c'
'Invoking: ARM v8 gcc compiler'
aarch64-none-elf-gcc -DDISABLEFLOAT16 -Wall -O0 -g3 -ID:/Work/Vitis_workspace_FPGAVerification/Mercury_XU5_PE1/export/Mercury_XU5_PE1/sw/Mercury_XU5_PE1/standalone_psu_cortexa53_0/bspinclude/include -I"D:\Work\Vitis_workspace_FPGAVerification\ServoDrive_CB_FPGAVerification\src\ComputeLibrary" -I"D:\Work\Vitis_workspace_FPGAVerification\ServoDrive_CB_FPGAVerification\src\Include" -I"D:\Work\Vitis_workspace_FPGAVerification\ServoDrive_CB_FPGAVerification\src\PrivateInclude" -I"D:\Work\Vitis_workspace_FPGAVerification\ServoDrive_CB_FPGAVerification\src\Source" -I"D:\Work\Vitis_workspace_FPGAVerification\ServoDrive_CB_FPGAVerification\src\Include\dsp" -I"D:\Work\Vitis_workspace_FPGAVerification\ServoDrive_CB_FPGAVerification\src\ComputeLibrary\Include" -c -fmessage-length=0 -MT"src/ringbuffer.o" -ID:/Work/Vitis_workspace_FPGAVerification/Mercury_XU5_PE1/export/Mercury_XU5_PE1/sw/Mercury_XU5_PE1/standalone_psu_cortexa53_0/bspinclude/include -MMD -MP -MF"src/ringbuffer.d" -MT"src/ringbuffer.o" -o "src/ringbuffer.o" "../src/ringbuffer.c"
'Finished building: ../src/ringbuffer.c'
' '
'Building file: ../src/uart_comm.c'
'Invoking: ARM v8 gcc compiler'
aarch64-none-elf-gcc -DDISABLEFLOAT16 -Wall -O0 -g3 -ID:/Work/Vitis_workspace_FPGAVerification/Mercury_XU5_PE1/export/Mercury_XU5_PE1/sw/Mercury_XU5_PE1/standalone_psu_cortexa53_0/bspinclude/include -I"D:\Work\Vitis_workspace_FPGAVerification\ServoDrive_CB_FPGAVerification\src\ComputeLibrary" -I"D:\Work\Vitis_workspace_FPGAVerification\ServoDrive_CB_FPGAVerification\src\Include" -I"D:\Work\Vitis_workspace_FPGAVerification\ServoDrive_CB_FPGAVerification\src\PrivateInclude" -I"D:\Work\Vitis_workspace_FPGAVerification\ServoDrive_CB_FPGAVerification\src\Source" -I"D:\Work\Vitis_workspace_FPGAVerification\ServoDrive_CB_FPGAVerification\src\Include\dsp" -I"D:\Work\Vitis_workspace_FPGAVerification\ServoDrive_CB_FPGAVerification\src\ComputeLibrary\Include" -c -fmessage-length=0 -MT"src/uart_comm.o" -ID:/Work/Vitis_workspace_FPGAVerification/Mercury_XU5_PE1/export/Mercury_XU5_PE1/sw/Mercury_XU5_PE1/standalone_psu_cortexa53_0/bspinclude/include -MMD -MP -MF"src/uart_comm.d" -MT"src/uart_comm.o" -o "src/uart_comm.o" "../src/uart_comm.c"
'Finished building: ../src/uart_comm.c'
' '
'Building target: ServoDrive_CB_FPGAVerification.elf'
'Invoking: ARM v8 gcc linker'
aarch64-none-elf-gcc -Xlinker -u _printf_float -Wl,-T -Wl,../src/lscript.ld -LD:/Work/Vitis_workspace_FPGAVerification/Mercury_XU5_PE1/export/Mercury_XU5_PE1/sw/Mercury_XU5_PE1/standalone_psu_cortexa53_0/bsplib/lib -o "ServoDrive_CB_FPGAVerification.elf"  ./src/Source/TransformFunctions/TransformFunctionsF16.o ./src/Source/TransformFunctions/arm_bitreversal.o ./src/Source/TransformFunctions/arm_bitreversal2.o ./src/Source/TransformFunctions/arm_bitreversal_f16.o ./src/Source/TransformFunctions/arm_cfft_f16.o ./src/Source/TransformFunctions/arm_cfft_f32.o ./src/Source/TransformFunctions/arm_cfft_f64.o ./src/Source/TransformFunctions/arm_cfft_init_f16.o ./src/Source/TransformFunctions/arm_cfft_init_f32.o ./src/Source/TransformFunctions/arm_cfft_init_f64.o ./src/Source/TransformFunctions/arm_cfft_init_q15.o ./src/Source/TransformFunctions/arm_cfft_init_q31.o ./src/Source/TransformFunctions/arm_cfft_q15.o ./src/Source/TransformFunctions/arm_cfft_q31.o ./src/Source/TransformFunctions/arm_cfft_radix2_f16.o ./src/Source/TransformFunctions/arm_cfft_radix2_f32.o ./src/Source/TransformFunctions/arm_cfft_radix2_init_f16.o ./src/Source/TransformFunctions/arm_cfft_radix2_init_f32.o ./src/Source/TransformFunctions/arm_cfft_radix2_init_q15.o ./src/Source/TransformFunctions/arm_cfft_radix2_init_q31.o ./src/Source/TransformFunctions/arm_cfft_radix2_q15.o ./src/Source/TransformFunctions/arm_cfft_radix2_q31.o ./src/Source/TransformFunctions/arm_cfft_radix4_f16.o ./src/Source/TransformFunctions/arm_cfft_radix4_f32.o ./src/Source/TransformFunctions/arm_cfft_radix4_init_f16.o ./src/Source/TransformFunctions/arm_cfft_radix4_init_f32.o ./src/Source/TransformFunctions/arm_cfft_radix4_init_q15.o ./src/Source/TransformFunctions/arm_cfft_radix4_init_q31.o ./src/Source/TransformFunctions/arm_cfft_radix4_q15.o ./src/Source/TransformFunctions/arm_cfft_radix4_q31.o ./src/Source/TransformFunctions/arm_cfft_radix8_f16.o ./src/Source/TransformFunctions/arm_cfft_radix8_f32.o ./src/Source/TransformFunctions/arm_mfcc_f16.o ./src/Source/TransformFunctions/arm_mfcc_init_f16.o ./src/Source/TransformFunctions/arm_mfcc_init_f32.o ./src/Source/TransformFunctions/arm_mfcc_init_q15.o ./src/Source/TransformFunctions/arm_mfcc_init_q31.o ./src/Source/TransformFunctions/arm_rfft_fast_f16.o ./src/Source/TransformFunctions/arm_rfft_fast_f32.o ./src/Source/TransformFunctions/arm_rfft_fast_f64.o ./src/Source/TransformFunctions/arm_rfft_fast_init_f16.o ./src/Source/TransformFunctions/arm_rfft_fast_init_f32.o ./src/Source/TransformFunctions/arm_rfft_fast_init_f64.o ./src/Source/TransformFunctions/arm_rfft_init_q15.o ./src/Source/TransformFunctions/arm_rfft_init_q31.o ./src/Source/TransformFunctions/arm_rfft_q15.o ./src/Source/TransformFunctions/arm_rfft_q31.o ./src/Source/TransformFunctions/arm_transform_buffer_sizes.o  ./src/Source/StatisticsFunctions/StatisticsFunctionsF16.o ./src/Source/StatisticsFunctions/arm_absmax_f16.o ./src/Source/StatisticsFunctions/arm_absmax_f32.o ./src/Source/StatisticsFunctions/arm_absmax_f64.o ./src/Source/StatisticsFunctions/arm_absmax_no_idx_f16.o ./src/Source/StatisticsFunctions/arm_absmax_no_idx_f32.o ./src/Source/StatisticsFunctions/arm_absmax_no_idx_f64.o ./src/Source/StatisticsFunctions/arm_absmax_no_idx_q15.o ./src/Source/StatisticsFunctions/arm_absmax_no_idx_q31.o ./src/Source/StatisticsFunctions/arm_absmax_no_idx_q7.o ./src/Source/StatisticsFunctions/arm_absmax_q15.o ./src/Source/StatisticsFunctions/arm_absmax_q31.o ./src/Source/StatisticsFunctions/arm_absmax_q7.o ./src/Source/StatisticsFunctions/arm_absmin_f16.o ./src/Source/StatisticsFunctions/arm_absmin_f32.o ./src/Source/StatisticsFunctions/arm_absmin_f64.o ./src/Source/StatisticsFunctions/arm_absmin_no_idx_f16.o ./src/Source/StatisticsFunctions/arm_absmin_no_idx_f32.o ./src/Source/StatisticsFunctions/arm_absmin_no_idx_f64.o ./src/Source/StatisticsFunctions/arm_absmin_no_idx_q15.o ./src/Source/StatisticsFunctions/arm_absmin_no_idx_q31.o ./src/Source/StatisticsFunctions/arm_absmin_no_idx_q7.o ./src/Source/StatisticsFunctions/arm_absmin_q15.o ./src/Source/StatisticsFunctions/arm_absmin_q31.o ./src/Source/StatisticsFunctions/arm_absmin_q7.o ./src/Source/StatisticsFunctions/arm_accumulate_f16.o ./src/Source/StatisticsFunctions/arm_accumulate_f32.o ./src/Source/StatisticsFunctions/arm_accumulate_f64.o ./src/Source/StatisticsFunctions/arm_entropy_f16.o ./src/Source/StatisticsFunctions/arm_entropy_f32.o ./src/Source/StatisticsFunctions/arm_entropy_f64.o ./src/Source/StatisticsFunctions/arm_kullback_leibler_f16.o ./src/Source/StatisticsFunctions/arm_kullback_leibler_f32.o ./src/Source/StatisticsFunctions/arm_kullback_leibler_f64.o ./src/Source/StatisticsFunctions/arm_logsumexp_dot_prod_f16.o ./src/Source/StatisticsFunctions/arm_logsumexp_dot_prod_f32.o ./src/Source/StatisticsFunctions/arm_logsumexp_f16.o ./src/Source/StatisticsFunctions/arm_logsumexp_f32.o ./src/Source/StatisticsFunctions/arm_max_f16.o ./src/Source/StatisticsFunctions/arm_max_f32.o ./src/Source/StatisticsFunctions/arm_max_f64.o ./src/Source/StatisticsFunctions/arm_max_no_idx_f16.o ./src/Source/StatisticsFunctions/arm_max_no_idx_f32.o ./src/Source/StatisticsFunctions/arm_max_no_idx_f64.o ./src/Source/StatisticsFunctions/arm_max_no_idx_q15.o ./src/Source/StatisticsFunctions/arm_max_no_idx_q31.o ./src/Source/StatisticsFunctions/arm_max_no_idx_q7.o ./src/Source/StatisticsFunctions/arm_max_q15.o ./src/Source/StatisticsFunctions/arm_max_q31.o ./src/Source/StatisticsFunctions/arm_max_q7.o ./src/Source/StatisticsFunctions/arm_mean_f16.o ./src/Source/StatisticsFunctions/arm_mean_f32.o ./src/Source/StatisticsFunctions/arm_mean_f64.o ./src/Source/StatisticsFunctions/arm_mean_q15.o ./src/Source/StatisticsFunctions/arm_mean_q31.o ./src/Source/StatisticsFunctions/arm_mean_q7.o ./src/Source/StatisticsFunctions/arm_min_f16.o ./src/Source/StatisticsFunctions/arm_min_f32.o ./src/Source/StatisticsFunctions/arm_min_f64.o ./src/Source/StatisticsFunctions/arm_min_no_idx_f16.o ./src/Source/StatisticsFunctions/arm_min_no_idx_f32.o ./src/Source/StatisticsFunctions/arm_min_no_idx_f64.o ./src/Source/StatisticsFunctions/arm_min_no_idx_q15.o ./src/Source/StatisticsFunctions/arm_min_no_idx_q31.o ./src/Source/StatisticsFunctions/arm_min_no_idx_q7.o ./src/Source/StatisticsFunctions/arm_min_q15.o ./src/Source/StatisticsFunctions/arm_min_q31.o ./src/Source/StatisticsFunctions/arm_min_q7.o ./src/Source/StatisticsFunctions/arm_mse_f16.o ./src/Source/StatisticsFunctions/arm_mse_f32.o ./src/Source/StatisticsFunctions/arm_mse_f64.o ./src/Source/StatisticsFunctions/arm_mse_q15.o ./src/Source/StatisticsFunctions/arm_mse_q31.o ./src/Source/StatisticsFunctions/arm_mse_q7.o ./src/Source/StatisticsFunctions/arm_power_f16.o ./src/Source/StatisticsFunctions/arm_power_f32.o ./src/Source/StatisticsFunctions/arm_power_f64.o ./src/Source/StatisticsFunctions/arm_power_q15.o ./src/Source/StatisticsFunctions/arm_power_q31.o ./src/Source/StatisticsFunctions/arm_power_q7.o ./src/Source/StatisticsFunctions/arm_rms_f16.o ./src/Source/StatisticsFunctions/arm_rms_f32.o ./src/Source/StatisticsFunctions/arm_rms_q15.o ./src/Source/StatisticsFunctions/arm_rms_q31.o ./src/Source/StatisticsFunctions/arm_std_f16.o ./src/Source/StatisticsFunctions/arm_std_f32.o ./src/Source/StatisticsFunctions/arm_std_f64.o ./src/Source/StatisticsFunctions/arm_std_q15.o ./src/Source/StatisticsFunctions/arm_std_q31.o ./src/Source/StatisticsFunctions/arm_var_f16.o ./src/Source/StatisticsFunctions/arm_var_f32.o ./src/Source/StatisticsFunctions/arm_var_f64.o ./src/Source/StatisticsFunctions/arm_var_q15.o ./src/Source/StatisticsFunctions/arm_var_q31.o  ./src/Source/FastMathFunctions/FastMathFunctionsF16.o ./src/Source/FastMathFunctions/arm_atan2_f16.o ./src/Source/FastMathFunctions/arm_atan2_f32.o ./src/Source/FastMathFunctions/arm_atan2_q15.o ./src/Source/FastMathFunctions/arm_atan2_q31.o ./src/Source/FastMathFunctions/arm_cos_f32.o ./src/Source/FastMathFunctions/arm_cos_q15.o ./src/Source/FastMathFunctions/arm_cos_q31.o ./src/Source/FastMathFunctions/arm_divide_q15.o ./src/Source/FastMathFunctions/arm_divide_q31.o ./src/Source/FastMathFunctions/arm_sin_f32.o ./src/Source/FastMathFunctions/arm_sin_q15.o ./src/Source/FastMathFunctions/arm_sin_q31.o ./src/Source/FastMathFunctions/arm_sqrt_q15.o ./src/Source/FastMathFunctions/arm_sqrt_q31.o ./src/Source/FastMathFunctions/arm_vexp_f16.o ./src/Source/FastMathFunctions/arm_vexp_f32.o ./src/Source/FastMathFunctions/arm_vexp_f64.o ./src/Source/FastMathFunctions/arm_vinverse_f16.o ./src/Source/FastMathFunctions/arm_vlog_f16.o ./src/Source/FastMathFunctions/arm_vlog_f32.o ./src/Source/FastMathFunctions/arm_vlog_f64.o ./src/Source/FastMathFunctions/arm_vlog_q15.o ./src/Source/FastMathFunctions/arm_vlog_q31.o  ./src/Source/ComplexMathFunctions/ComplexMathFunctionsF16.o ./src/Source/ComplexMathFunctions/arm_cmplx_conj_f16.o ./src/Source/ComplexMathFunctions/arm_cmplx_conj_f32.o ./src/Source/ComplexMathFunctions/arm_cmplx_conj_q15.o ./src/Source/ComplexMathFunctions/arm_cmplx_conj_q31.o ./src/Source/ComplexMathFunctions/arm_cmplx_dot_prod_f16.o ./src/Source/ComplexMathFunctions/arm_cmplx_dot_prod_f32.o ./src/Source/ComplexMathFunctions/arm_cmplx_dot_prod_q15.o ./src/Source/ComplexMathFunctions/arm_cmplx_dot_prod_q31.o ./src/Source/ComplexMathFunctions/arm_cmplx_mag_f16.o ./src/Source/ComplexMathFunctions/arm_cmplx_mag_f32.o ./src/Source/ComplexMathFunctions/arm_cmplx_mag_f64.o ./src/Source/ComplexMathFunctions/arm_cmplx_mag_fast_q15.o ./src/Source/ComplexMathFunctions/arm_cmplx_mag_q15.o ./src/Source/ComplexMathFunctions/arm_cmplx_mag_q31.o ./src/Source/ComplexMathFunctions/arm_cmplx_mag_squared_f16.o ./src/Source/ComplexMathFunctions/arm_cmplx_mag_squared_f32.o ./src/Source/ComplexMathFunctions/arm_cmplx_mag_squared_f64.o ./src/Source/ComplexMathFunctions/arm_cmplx_mag_squared_q15.o ./src/Source/ComplexMathFunctions/arm_cmplx_mag_squared_q31.o ./src/Source/ComplexMathFunctions/arm_cmplx_mult_cmplx_f16.o ./src/Source/ComplexMathFunctions/arm_cmplx_mult_cmplx_f32.o ./src/Source/ComplexMathFunctions/arm_cmplx_mult_cmplx_f64.o ./src/Source/ComplexMathFunctions/arm_cmplx_mult_cmplx_q15.o ./src/Source/ComplexMathFunctions/arm_cmplx_mult_cmplx_q31.o ./src/Source/ComplexMathFunctions/arm_cmplx_mult_real_f16.o ./src/Source/ComplexMathFunctions/arm_cmplx_mult_real_f32.o ./src/Source/ComplexMathFunctions/arm_cmplx_mult_real_q15.o ./src/Source/ComplexMathFunctions/arm_cmplx_mult_real_q31.o  ./src/Source/CommonTables/CommonTablesF16.o ./src/Source/CommonTables/arm_common_tables.o ./src/Source/CommonTables/arm_common_tables_f16.o ./src/Source/CommonTables/arm_const_structs.o ./src/Source/CommonTables/arm_const_structs_f16.o ./src/Source/CommonTables/arm_mve_tables.o ./src/Source/CommonTables/arm_mve_tables_f16.o ./src/Source/CommonTables/arm_neon_tables.o ./src/Source/CommonTables/arm_neon_tables_f16.o  ./src/Source/BasicMathFunctions/BasicMathFunctionsF16.o ./src/Source/BasicMathFunctions/arm_abs_f16.o ./src/Source/BasicMathFunctions/arm_abs_f32.o ./src/Source/BasicMathFunctions/arm_abs_f64.o ./src/Source/BasicMathFunctions/arm_abs_q15.o ./src/Source/BasicMathFunctions/arm_abs_q31.o ./src/Source/BasicMathFunctions/arm_abs_q7.o ./src/Source/BasicMathFunctions/arm_add_f16.o ./src/Source/BasicMathFunctions/arm_add_f32.o ./src/Source/BasicMathFunctions/arm_add_f64.o ./src/Source/BasicMathFunctions/arm_add_q15.o ./src/Source/BasicMathFunctions/arm_add_q31.o ./src/Source/BasicMathFunctions/arm_add_q7.o ./src/Source/BasicMathFunctions/arm_and_u16.o ./src/Source/BasicMathFunctions/arm_and_u32.o ./src/Source/BasicMathFunctions/arm_and_u8.o ./src/Source/BasicMathFunctions/arm_clip_f16.o ./src/Source/BasicMathFunctions/arm_clip_f32.o ./src/Source/BasicMathFunctions/arm_clip_q15.o ./src/Source/BasicMathFunctions/arm_clip_q31.o ./src/Source/BasicMathFunctions/arm_clip_q7.o ./src/Source/BasicMathFunctions/arm_dot_prod_f16.o ./src/Source/BasicMathFunctions/arm_dot_prod_f32.o ./src/Source/BasicMathFunctions/arm_dot_prod_f64.o ./src/Source/BasicMathFunctions/arm_dot_prod_q15.o ./src/Source/BasicMathFunctions/arm_dot_prod_q31.o ./src/Source/BasicMathFunctions/arm_dot_prod_q7.o ./src/Source/BasicMathFunctions/arm_mult_f16.o ./src/Source/BasicMathFunctions/arm_mult_f32.o ./src/Source/BasicMathFunctions/arm_mult_f64.o ./src/Source/BasicMathFunctions/arm_mult_q15.o ./src/Source/BasicMathFunctions/arm_mult_q31.o ./src/Source/BasicMathFunctions/arm_mult_q7.o ./src/Source/BasicMathFunctions/arm_negate_f16.o ./src/Source/BasicMathFunctions/arm_negate_f32.o ./src/Source/BasicMathFunctions/arm_negate_f64.o ./src/Source/BasicMathFunctions/arm_negate_q15.o ./src/Source/BasicMathFunctions/arm_negate_q31.o ./src/Source/BasicMathFunctions/arm_negate_q7.o ./src/Source/BasicMathFunctions/arm_not_u16.o ./src/Source/BasicMathFunctions/arm_not_u32.o ./src/Source/BasicMathFunctions/arm_not_u8.o ./src/Source/BasicMathFunctions/arm_offset_f16.o ./src/Source/BasicMathFunctions/arm_offset_f32.o ./src/Source/BasicMathFunctions/arm_offset_f64.o ./src/Source/BasicMathFunctions/arm_offset_q15.o ./src/Source/BasicMathFunctions/arm_offset_q31.o ./src/Source/BasicMathFunctions/arm_offset_q7.o ./src/Source/BasicMathFunctions/arm_or_u16.o ./src/Source/BasicMathFunctions/arm_or_u32.o ./src/Source/BasicMathFunctions/arm_or_u8.o ./src/Source/BasicMathFunctions/arm_scale_f16.o ./src/Source/BasicMathFunctions/arm_scale_f32.o ./src/Source/BasicMathFunctions/arm_scale_f64.o ./src/Source/BasicMathFunctions/arm_scale_q15.o ./src/Source/BasicMathFunctions/arm_scale_q31.o ./src/Source/BasicMathFunctions/arm_scale_q7.o ./src/Source/BasicMathFunctions/arm_shift_q15.o ./src/Source/BasicMathFunctions/arm_shift_q31.o ./src/Source/BasicMathFunctions/arm_shift_q7.o ./src/Source/BasicMathFunctions/arm_sub_f16.o ./src/Source/BasicMathFunctions/arm_sub_f32.o ./src/Source/BasicMathFunctions/arm_sub_f64.o ./src/Source/BasicMathFunctions/arm_sub_q15.o ./src/Source/BasicMathFunctions/arm_sub_q31.o ./src/Source/BasicMathFunctions/arm_sub_q7.o ./src/Source/BasicMathFunctions/arm_xor_u16.o ./src/Source/BasicMathFunctions/arm_xor_u32.o ./src/Source/BasicMathFunctions/arm_xor_u8.o  ./src/ComputeLibrary/Source/arm_cl_tables.o  ./src/CurrentSenseVerification.o ./src/OVCVerification.o ./src/PWMVerification.o ./src/VerificationController.o ./src/logFile.o ./src/main.o ./src/platform.o ./src/ringbuffer.o ./src/uart_comm.o   -lm -Wl,--start-group,-lxil,-lgcc,-lc,--end-group -Wl,--start-group,-lxilffs,-lxil,-lgcc,-lc,--end-group
'Finished building target: ServoDrive_CB_FPGAVerification.elf'
' '
'Invoking: ARM v8 Print Size'
aarch64-none-elf-size ServoDrive_CB_FPGAVerification.elf  |tee "ServoDrive_CB_FPGAVerification.elf.size"
   text	   data	    bss	    dec	    hex	filename
 894296	   8096	  70372	 972764	  ed7dc	ServoDrive_CB_FPGAVerification.elf
'Finished building: ServoDrive_CB_FPGAVerification.elf.size'
' '

15:01:42 Build Finished (took 3m:23s.421ms)

