Loading plugins phase: Elapsed time ==> 0s.125ms
<CYPRESSTAG name="CyDsfit arguments...">
cydsfit arguments: -.fdsnotice -.fdswarpdepfile=warp_dependencies.txt -.fdselabdepfile=elab_dependencies.txt -.fdsbldfile=generated_files.txt -.fdsreffile=referenced_files.txt -p D:\50_HDA\60_Lehre\40_Vorlesungen\17_SECS\20_Lecture\__work\50_PSOC1_DualChannel.cydsn\50_PSOC1_DualChannel.cyprj -d CY8C5888LTQ-LP097 -s D:\50_HDA\60_Lehre\40_Vorlesungen\17_SECS\20_Lecture\__work\50_PSOC1_DualChannel.cydsn\Generated_Source\PSoC5 -- -yv2 -q10 -ygs -o2 -v3 -.fftcfgtype=LE
</CYPRESSTAG>
<CYPRESSTAG name="Design elaboration results...">
</CYPRESSTAG>
Elaboration phase: Elapsed time ==> 1s.967ms
<CYPRESSTAG name="HDL generation results...">
</CYPRESSTAG>
HDL generation phase: Elapsed time ==> 0s.074ms
<CYPRESSTAG name="Synthesis results...">

     | | | | | | |
   _________________
  -|               |-
  -|               |-
  -|               |-
  -|    CYPRESS    |-
  -|               |-
  -|               |-   Warp Verilog Synthesis Compiler: Version 6.3 IR 41
  -|               |-   Copyright (C) 1991-2001 Cypress Semiconductor
   |_______________|
     | | | | | | |

======================================================================
Compiling:  50_PSOC1_DualChannel.v
Program  :   C:\tool\Cypress\PSoC Creator\4.2\PSoC Creator\warp\bin\warp.exe
Options  :    -yv2 -q10 -ygs -o2 -v3 -.fftcfgtype=LE -ya -.fftprj=D:\50_HDA\60_Lehre\40_Vorlesungen\17_SECS\20_Lecture\__work\50_PSOC1_DualChannel.cydsn\50_PSOC1_DualChannel.cyprj -dcpsoc3 50_PSOC1_DualChannel.v -verilog
======================================================================

======================================================================
Compiling:  50_PSOC1_DualChannel.v
Program  :   C:\tool\Cypress\PSoC Creator\4.2\PSoC Creator\warp\bin\warp.exe
Options  :    -yv2 -q10 -ygs -o2 -v3 -.fftcfgtype=LE -ya -.fftprj=D:\50_HDA\60_Lehre\40_Vorlesungen\17_SECS\20_Lecture\__work\50_PSOC1_DualChannel.cydsn\50_PSOC1_DualChannel.cyprj -dcpsoc3 50_PSOC1_DualChannel.v -verilog
======================================================================

======================================================================
Compiling:  50_PSOC1_DualChannel.v
Program  :   vlogfe
Options  :    -yv2 -q10 -ygs -o2 -v3 -.fftcfgtype=LE -ya -.fftprj=D:\50_HDA\60_Lehre\40_Vorlesungen\17_SECS\20_Lecture\__work\50_PSOC1_DualChannel.cydsn\50_PSOC1_DualChannel.cyprj -dcpsoc3 -verilog 50_PSOC1_DualChannel.v
======================================================================

vlogfe V6.3 IR 41:  Verilog parser
Sun Jul 05 18:25:08 2020


======================================================================
Compiling:  50_PSOC1_DualChannel.v
Program  :   vpp
Options  :    -yv2 -q10 50_PSOC1_DualChannel.v
======================================================================

vpp V6.3 IR 41:  Verilog Pre-Processor
Sun Jul 05 18:25:08 2020

Flattening file 'C:\tool\Cypress\PSoC Creator\4.2\PSoC Creator\psoc\content\CyPrimitives\cyprimitives.cylib\or_v1_0\or_v1_0.v'
Flattening file 'C:\tool\Cypress\PSoC Creator\4.2\PSoC Creator\psoc\content\CyPrimitives\cyprimitives.cylib\cy_virtualmux_v1_0\cy_virtualmux_v1_0.v'
Flattening file 'C:\tool\Cypress\PSoC Creator\4.2\PSoC Creator\psoc\content\CyComponentLibrary\CyComponentLibrary.cylib\B_UART_v2_50\B_UART_v2_50.v'
Flattening file 'C:\tool\Cypress\PSoC Creator\4.2\PSoC Creator\warp\lib\common\cypress.v'
Flattening file 'C:\tool\Cypress\PSoC Creator\4.2\PSoC Creator\warp\lib\common\cy_psoc3_inc.v'
Flattening file 'C:\tool\Cypress\PSoC Creator\4.2\PSoC Creator\psoc\content\CyComponentLibrary\CyComponentLibrary.cylib\B_PWM_v3_30\B_PWM_v3_30.v'
Flattening file 'C:\tool\Cypress\PSoC Creator\4.2\PSoC Creator\warp\lib\common\cypress.v'
Flattening file 'C:\tool\Cypress\PSoC Creator\4.2\PSoC Creator\psoc\content\CyPrimitives\cyprimitives.cylib\OneTerminal\OneTerminal.v'
Flattening file 'C:\tool\Cypress\PSoC Creator\4.2\PSoC Creator\psoc\content\CyPrimitives\cyprimitives.cylib\ZeroTerminal\ZeroTerminal.v'
Flattening file 'C:\tool\Cypress\PSoC Creator\4.2\PSoC Creator\psoc\content\CyPrimitives\cyprimitives.cylib\CyStatusReg_v1_90\CyStatusReg_v1_90.v'
Flattening file 'C:\tool\Cypress\PSoC Creator\4.2\PSoC Creator\warp\lib\common\cypress.v'
Flattening file 'C:\tool\Cypress\PSoC Creator\4.2\PSoC Creator\psoc\content\CyPrimitives\cyprimitives.cylib\cy_analog_virtualmux_v1_0\cy_analog_virtualmux_v1_0.v'
Flattening file 'C:\tool\Cypress\PSoC Creator\4.2\PSoC Creator\psoc\content\CyPrimitives\cyprimitives.cylib\cy_vref_v1_70\cy_vref_v1_70.v'
Flattening file 'C:\tool\Cypress\PSoC Creator\4.2\PSoC Creator\psoc\content\CyPrimitives\cyprimitives.cylib\cy_constant_v1_0\cy_constant_v1_0.v'
Flattening file 'C:\tool\Cypress\PSoC Creator\4.2\PSoC Creator\psoc\content\CyComponentLibrary\CyComponentLibrary.cylib\B_Counter_v3_0\B_Counter_v3_0.v'
Flattening file 'C:\tool\Cypress\PSoC Creator\4.2\PSoC Creator\warp\lib\common\cypress.v'
Flattening file 'C:\tool\Cypress\PSoC Creator\4.2\PSoC Creator\psoc\content\CyComponentLibrary\CyComponentLibrary.cylib\bQuadDec_v3_0\bQuadDec_v3_0.v'
Flattening file 'C:\tool\Cypress\PSoC Creator\4.2\PSoC Creator\warp\lib\common\cypress.v'
Flattening file 'C:\tool\Cypress\PSoC Creator\4.2\PSoC Creator\psoc\content\CyPrimitives\cyprimitives.cylib\not_v1_0\not_v1_0.v'
Flattening file 'C:\tool\Cypress\PSoC Creator\4.2\PSoC Creator\psoc\content\CyPrimitives\cyprimitives.cylib\and_v1_0\and_v1_0.v'
Flattening file 'C:\tool\Cypress\PSoC Creator\4.2\PSoC Creator\psoc\content\CyPrimitives\cyprimitives.cylib\CyControlReg_v1_80\CyControlReg_v1_80.v'
Flattening file 'C:\tool\Cypress\PSoC Creator\4.2\PSoC Creator\warp\lib\common\cypress.v'

vpp:  No errors.

Library 'work' => directory 'lcpsoc3'
General_symbol_table
General_symbol_table
Linking 'C:\tool\Cypress\PSoC Creator\4.2\PSoC Creator\warp\lib\common\std.vhd'.
Linking 'C:\tool\Cypress\PSoC Creator\4.2\PSoC Creator\warp\lib\common\cypress.vhd'.
Linking 'C:\tool\Cypress\PSoC Creator\4.2\PSoC Creator\warp\lib\common\work\cypress.vif'.
Linking 'C:\tool\Cypress\PSoC Creator\4.2\PSoC Creator\warp\lib\ieee\work\stdlogic.vif'.
Linking 'C:\tool\Cypress\PSoC Creator\4.2\PSoC Creator\warp\lib\common\stdlogic\lpmpkg.vif'.
Linking 'C:\tool\Cypress\PSoC Creator\4.2\PSoC Creator\warp\lib\common\stdlogic\rtlpkg.vif'.
Linking 'C:\tool\Cypress\PSoC Creator\4.2\PSoC Creator\warp\lib\common\stdlogic\mod_cnst.vif'.
Linking 'C:\tool\Cypress\PSoC Creator\4.2\PSoC Creator\warp\lib\common\stdlogic\mod_mthv.vif'.
Linking 'C:\tool\Cypress\PSoC Creator\4.2\PSoC Creator\warp\lib\common\stdlogic\mod_genv.vif'.
Using control file '50_PSOC1_DualChannel.ctl'.
C:\tool\Cypress\PSoC Creator\4.2\PSoC Creator\psoc\content\CyComponentLibrary\CyComponentLibrary.cylib\B_UART_v2_50\B_UART_v2_50.v (line 1113, col 55):  Note: Substituting module 'add_vv_vv' for '+'.
C:\tool\Cypress\PSoC Creator\4.2\PSoC Creator\psoc\content\CyComponentLibrary\CyComponentLibrary.cylib\B_UART_v2_50\B_UART_v2_50.v (line 1122, col 48):  Note: Substituting module 'cmp_vv_vv' for '<'.
C:\tool\Cypress\PSoC Creator\4.2\PSoC Creator\psoc\content\CyComponentLibrary\CyComponentLibrary.cylib\B_UART_v2_50\B_UART_v2_50.v (line 1122, col 77):  Note: Substituting module 'cmp_vv_vv' for '<'.
C:\tool\Cypress\PSoC Creator\4.2\PSoC Creator\psoc\content\CyComponentLibrary\CyComponentLibrary.cylib\B_UART_v2_50\B_UART_v2_50.v (line 1389, col 59):  Note: Substituting module 'cmp_vv_vv' for '<'.
C:\tool\Cypress\PSoC Creator\4.2\PSoC Creator\psoc\content\CyComponentLibrary\CyComponentLibrary.cylib\B_UART_v2_50\B_UART_v2_50.v (line 1424, col 61):  Note: Substituting module 'cmp_vv_vv' for '/='.
C:\tool\Cypress\PSoC Creator\4.2\PSoC Creator\psoc\content\CyComponentLibrary\CyComponentLibrary.cylib\B_UART_v2_50\B_UART_v2_50.v (line 1547, col 106):  Note: Substituting module 'cmp_vv_vv' for '<'.
C:\tool\Cypress\PSoC Creator\4.2\PSoC Creator\psoc\content\CyComponentLibrary\CyComponentLibrary.cylib\B_UART_v2_50\B_UART_v2_50.v (line 1603, col 68):  Note: Substituting module 'cmp_vv_vv' for '<'.
C:\tool\Cypress\PSoC Creator\4.2\PSoC Creator\psoc\content\CyComponentLibrary\CyComponentLibrary.cylib\B_UART_v2_50\B_UART_v2_50.v (line 1604, col 68):  Note: Substituting module 'cmp_vv_vv' for '<'.
C:\tool\Cypress\PSoC Creator\4.2\PSoC Creator\psoc\content\CyComponentLibrary\CyComponentLibrary.cylib\B_PWM_v3_30\B_PWM_v3_30.v (line 947, col 46):  Note: Substituting module 'sub_vi_vv' for '-'.
C:\tool\Cypress\PSoC Creator\4.2\PSoC Creator\psoc\content\CyComponentLibrary\CyComponentLibrary.cylib\B_PWM_v3_30\B_PWM_v3_30.v (line 977, col 46):  Note: Substituting module 'add_vi_vv' for '+'.
Linking 'C:\tool\Cypress\PSoC Creator\4.2\PSoC Creator\warp\lib\common\stdlogic\cy_psoc3pkg.vif'.
Linking 'C:\tool\Cypress\PSoC Creator\4.2\PSoC Creator\warp\lib\common\stdlogic\cy_psoc3.vif'.

vlogfe:  No errors.


======================================================================
Compiling:  50_PSOC1_DualChannel.v
Program  :   tovif
Options  :    -yv2 -q10 -ygs -o2 -v3 -.fftcfgtype=LE -ya -.fftprj=D:\50_HDA\60_Lehre\40_Vorlesungen\17_SECS\20_Lecture\__work\50_PSOC1_DualChannel.cydsn\50_PSOC1_DualChannel.cyprj -dcpsoc3 -verilog 50_PSOC1_DualChannel.v
======================================================================

tovif V6.3 IR 41:  High-level synthesis
Sun Jul 05 18:25:09 2020

Linking 'C:\tool\Cypress\PSoC Creator\4.2\PSoC Creator\warp\lib\common\std.vhd'.
Linking 'C:\tool\Cypress\PSoC Creator\4.2\PSoC Creator\warp\lib\common\cypress.vhd'.
Linking 'C:\tool\Cypress\PSoC Creator\4.2\PSoC Creator\warp\lib\common\work\cypress.vif'.
Linking 'C:\tool\Cypress\PSoC Creator\4.2\PSoC Creator\warp\lib\ieee\work\stdlogic.vif'.
Linking 'C:\tool\Cypress\PSoC Creator\4.2\PSoC Creator\warp\lib\common\stdlogic\lpmpkg.vif'.
Linking 'C:\tool\Cypress\PSoC Creator\4.2\PSoC Creator\warp\lib\common\stdlogic\rtlpkg.vif'.
Linking 'C:\tool\Cypress\PSoC Creator\4.2\PSoC Creator\warp\lib\common\stdlogic\mod_cnst.vif'.
Linking 'C:\tool\Cypress\PSoC Creator\4.2\PSoC Creator\warp\lib\common\stdlogic\mod_mthv.vif'.
Linking 'C:\tool\Cypress\PSoC Creator\4.2\PSoC Creator\warp\lib\common\stdlogic\mod_genv.vif'.
Linking 'D:\50_HDA\60_Lehre\40_Vorlesungen\17_SECS\20_Lecture\__work\50_PSOC1_DualChannel.cydsn\codegentemp\50_PSOC1_DualChannel.ctl'.
Linking 'C:\tool\Cypress\PSoC Creator\4.2\PSoC Creator\psoc\content\CyPrimitives\cyprimitives.cylib\or_v1_0\or_v1_0.v'.
Linking 'D:\50_HDA\60_Lehre\40_Vorlesungen\17_SECS\20_Lecture\__work\50_PSOC1_DualChannel.cydsn\codegentemp\50_PSOC1_DualChannel.v'.
Linking 'C:\tool\Cypress\PSoC Creator\4.2\PSoC Creator\psoc\content\CyPrimitives\cyprimitives.cylib\cy_virtualmux_v1_0\cy_virtualmux_v1_0.v'.
Linking 'C:\tool\Cypress\PSoC Creator\4.2\PSoC Creator\psoc\content\CyComponentLibrary\CyComponentLibrary.cylib\B_UART_v2_50\B_UART_v2_50.v'.
Linking 'C:\tool\Cypress\PSoC Creator\4.2\PSoC Creator\warp\lib\common\cypress.v'.
Linking 'C:\tool\Cypress\PSoC Creator\4.2\PSoC Creator\warp\lib\common\cy_psoc3_inc.v'.
Linking 'C:\tool\Cypress\PSoC Creator\4.2\PSoC Creator\psoc\content\CyComponentLibrary\CyComponentLibrary.cylib\B_PWM_v3_30\B_PWM_v3_30.v'.
Linking 'C:\tool\Cypress\PSoC Creator\4.2\PSoC Creator\psoc\content\CyPrimitives\cyprimitives.cylib\OneTerminal\OneTerminal.v'.
Linking 'C:\tool\Cypress\PSoC Creator\4.2\PSoC Creator\psoc\content\CyPrimitives\cyprimitives.cylib\ZeroTerminal\ZeroTerminal.v'.
Linking 'C:\tool\Cypress\PSoC Creator\4.2\PSoC Creator\psoc\content\CyPrimitives\cyprimitives.cylib\CyStatusReg_v1_90\CyStatusReg_v1_90.v'.
Linking 'C:\tool\Cypress\PSoC Creator\4.2\PSoC Creator\psoc\content\CyPrimitives\cyprimitives.cylib\cy_analog_virtualmux_v1_0\cy_analog_virtualmux_v1_0.v'.
Linking 'C:\tool\Cypress\PSoC Creator\4.2\PSoC Creator\psoc\content\CyPrimitives\cyprimitives.cylib\cy_vref_v1_70\cy_vref_v1_70.v'.
Linking 'C:\tool\Cypress\PSoC Creator\4.2\PSoC Creator\psoc\content\CyPrimitives\cyprimitives.cylib\cy_constant_v1_0\cy_constant_v1_0.v'.
Linking 'C:\tool\Cypress\PSoC Creator\4.2\PSoC Creator\psoc\content\CyComponentLibrary\CyComponentLibrary.cylib\B_Counter_v3_0\B_Counter_v3_0.v'.
Linking 'C:\tool\Cypress\PSoC Creator\4.2\PSoC Creator\psoc\content\CyComponentLibrary\CyComponentLibrary.cylib\bQuadDec_v3_0\bQuadDec_v3_0.v'.
Linking 'C:\tool\Cypress\PSoC Creator\4.2\PSoC Creator\psoc\content\CyPrimitives\cyprimitives.cylib\not_v1_0\not_v1_0.v'.
Linking 'C:\tool\Cypress\PSoC Creator\4.2\PSoC Creator\psoc\content\CyPrimitives\cyprimitives.cylib\and_v1_0\and_v1_0.v'.
Linking 'C:\tool\Cypress\PSoC Creator\4.2\PSoC Creator\psoc\content\CyPrimitives\cyprimitives.cylib\CyControlReg_v1_80\CyControlReg_v1_80.v'.
Linking 'C:\tool\Cypress\PSoC Creator\4.2\PSoC Creator\warp\lib\common\stdlogic\cy_psoc3pkg.vif'.
Linking 'C:\tool\Cypress\PSoC Creator\4.2\PSoC Creator\warp\lib\common\stdlogic\cy_psoc3.vif'.
Linking 'C:\tool\Cypress\PSoC Creator\4.2\PSoC Creator\warp\lib\lcpsoc3\stdlogic\mod_cnst.vif'.
Linking 'C:\tool\Cypress\PSoC Creator\4.2\PSoC Creator\warp\lib\common\stdlogic\mcompare.vif'.

tovif:  No errors.


======================================================================
Compiling:  50_PSOC1_DualChannel.v
Program  :   topld
Options  :    -yv2 -q10 -ygs -o2 -v3 -.fftcfgtype=LE -ya -.fftprj=D:\50_HDA\60_Lehre\40_Vorlesungen\17_SECS\20_Lecture\__work\50_PSOC1_DualChannel.cydsn\50_PSOC1_DualChannel.cyprj -dcpsoc3 -verilog 50_PSOC1_DualChannel.v
======================================================================

topld V6.3 IR 41:  Synthesis and optimization
Sun Jul 05 18:25:10 2020

Linking 'C:\tool\Cypress\PSoC Creator\4.2\PSoC Creator\warp\lib\common\std.vhd'.
Linking 'C:\tool\Cypress\PSoC Creator\4.2\PSoC Creator\warp\lib\common\cypress.vhd'.
Linking 'C:\tool\Cypress\PSoC Creator\4.2\PSoC Creator\warp\lib\common\work\cypress.vif'.
Linking 'C:\tool\Cypress\PSoC Creator\4.2\PSoC Creator\warp\lib\ieee\work\stdlogic.vif'.
Linking 'C:\tool\Cypress\PSoC Creator\4.2\PSoC Creator\warp\lib\common\stdlogic\lpmpkg.vif'.
Linking 'C:\tool\Cypress\PSoC Creator\4.2\PSoC Creator\warp\lib\common\stdlogic\rtlpkg.vif'.
Linking 'C:\tool\Cypress\PSoC Creator\4.2\PSoC Creator\warp\lib\common\stdlogic\mod_cnst.vif'.
Linking 'C:\tool\Cypress\PSoC Creator\4.2\PSoC Creator\warp\lib\common\stdlogic\mod_mthv.vif'.
Linking 'C:\tool\Cypress\PSoC Creator\4.2\PSoC Creator\warp\lib\common\stdlogic\mod_genv.vif'.
Linking 'D:\50_HDA\60_Lehre\40_Vorlesungen\17_SECS\20_Lecture\__work\50_PSOC1_DualChannel.cydsn\codegentemp\50_PSOC1_DualChannel.ctl'.
Linking 'C:\tool\Cypress\PSoC Creator\4.2\PSoC Creator\psoc\content\CyPrimitives\cyprimitives.cylib\or_v1_0\or_v1_0.v'.
Linking 'D:\50_HDA\60_Lehre\40_Vorlesungen\17_SECS\20_Lecture\__work\50_PSOC1_DualChannel.cydsn\codegentemp\50_PSOC1_DualChannel.v'.
Linking 'C:\tool\Cypress\PSoC Creator\4.2\PSoC Creator\psoc\content\CyPrimitives\cyprimitives.cylib\cy_virtualmux_v1_0\cy_virtualmux_v1_0.v'.
Linking 'C:\tool\Cypress\PSoC Creator\4.2\PSoC Creator\psoc\content\CyComponentLibrary\CyComponentLibrary.cylib\B_UART_v2_50\B_UART_v2_50.v'.
Linking 'C:\tool\Cypress\PSoC Creator\4.2\PSoC Creator\warp\lib\common\cypress.v'.
Linking 'C:\tool\Cypress\PSoC Creator\4.2\PSoC Creator\warp\lib\common\cy_psoc3_inc.v'.
Linking 'C:\tool\Cypress\PSoC Creator\4.2\PSoC Creator\psoc\content\CyComponentLibrary\CyComponentLibrary.cylib\B_PWM_v3_30\B_PWM_v3_30.v'.
Linking 'C:\tool\Cypress\PSoC Creator\4.2\PSoC Creator\psoc\content\CyPrimitives\cyprimitives.cylib\OneTerminal\OneTerminal.v'.
Linking 'C:\tool\Cypress\PSoC Creator\4.2\PSoC Creator\psoc\content\CyPrimitives\cyprimitives.cylib\ZeroTerminal\ZeroTerminal.v'.
Linking 'C:\tool\Cypress\PSoC Creator\4.2\PSoC Creator\psoc\content\CyPrimitives\cyprimitives.cylib\CyStatusReg_v1_90\CyStatusReg_v1_90.v'.
Linking 'C:\tool\Cypress\PSoC Creator\4.2\PSoC Creator\psoc\content\CyPrimitives\cyprimitives.cylib\cy_analog_virtualmux_v1_0\cy_analog_virtualmux_v1_0.v'.
Linking 'C:\tool\Cypress\PSoC Creator\4.2\PSoC Creator\psoc\content\CyPrimitives\cyprimitives.cylib\cy_vref_v1_70\cy_vref_v1_70.v'.
Linking 'C:\tool\Cypress\PSoC Creator\4.2\PSoC Creator\psoc\content\CyPrimitives\cyprimitives.cylib\cy_constant_v1_0\cy_constant_v1_0.v'.
Linking 'C:\tool\Cypress\PSoC Creator\4.2\PSoC Creator\psoc\content\CyComponentLibrary\CyComponentLibrary.cylib\B_Counter_v3_0\B_Counter_v3_0.v'.
Linking 'C:\tool\Cypress\PSoC Creator\4.2\PSoC Creator\psoc\content\CyComponentLibrary\CyComponentLibrary.cylib\bQuadDec_v3_0\bQuadDec_v3_0.v'.
Linking 'C:\tool\Cypress\PSoC Creator\4.2\PSoC Creator\psoc\content\CyPrimitives\cyprimitives.cylib\not_v1_0\not_v1_0.v'.
Linking 'C:\tool\Cypress\PSoC Creator\4.2\PSoC Creator\psoc\content\CyPrimitives\cyprimitives.cylib\and_v1_0\and_v1_0.v'.
Linking 'C:\tool\Cypress\PSoC Creator\4.2\PSoC Creator\psoc\content\CyPrimitives\cyprimitives.cylib\CyControlReg_v1_80\CyControlReg_v1_80.v'.
Linking 'C:\tool\Cypress\PSoC Creator\4.2\PSoC Creator\warp\lib\common\stdlogic\cy_psoc3pkg.vif'.
Linking 'C:\tool\Cypress\PSoC Creator\4.2\PSoC Creator\warp\lib\common\stdlogic\cy_psoc3.vif'.
Linking 'C:\tool\Cypress\PSoC Creator\4.2\PSoC Creator\warp\lib\lcpsoc3\stdlogic\mod_cnst.vif'.
Linking 'C:\tool\Cypress\PSoC Creator\4.2\PSoC Creator\warp\lib\common\stdlogic\mcompare.vif'.
Linking 'C:\tool\Cypress\PSoC Creator\4.2\PSoC Creator\warp\lib\lcpsoc3\stdlogic\cpsoc3.vif'.

----------------------------------------------------------
Detecting unused logic.
----------------------------------------------------------
    User names
	\UART_LOG:BUART:reset_sr\
	Net_4097
	Net_4098
	\UART_LOG:BUART:sRX:s23Poll:MODULE_1:g2:a0:b_1\
	\UART_LOG:BUART:sRX:s23Poll:MODULE_1:g2:a0:b_0\
	\UART_LOG:BUART:sRX:s23Poll:MODULE_2:g2:a0:gta_0\
	\UART_LOG:BUART:sRX:s23Poll:MODULE_3:g2:a0:gta_0\
	Net_4093
	\UART_LOG:BUART:sRX:MODULE_4:g2:a0:gta_0\
	\UART_LOG:BUART:sRX:MODULE_5:g1:a0:gx:u0:albi_1\
	\UART_LOG:BUART:sRX:MODULE_5:g1:a0:gx:u0:agbi_1\
	\UART_LOG:BUART:sRX:MODULE_5:g1:a0:gx:u0:lt_0\
	\UART_LOG:BUART:sRX:MODULE_5:g1:a0:gx:u0:gt_0\
	\UART_LOG:BUART:sRX:MODULE_5:g1:a0:gx:u0:lti_0\
	\UART_LOG:BUART:sRX:MODULE_5:g1:a0:gx:u0:gti_0\
	\UART_LOG:BUART:sRX:MODULE_5:g1:a0:gx:u0:albi_0\
	\UART_LOG:BUART:sRX:MODULE_5:g1:a0:gx:u0:agbi_0\
	\UART_LOG:BUART:sRX:MODULE_5:g1:a0:xeq\
	\UART_LOG:BUART:sRX:MODULE_5:g1:a0:xlt\
	\UART_LOG:BUART:sRX:MODULE_5:g1:a0:xlte\
	\UART_LOG:BUART:sRX:MODULE_5:g1:a0:xgt\
	\UART_LOG:BUART:sRX:MODULE_5:g1:a0:xgte\
	\UART_LOG:BUART:sRX:MODULE_5:lt\
	\UART_LOG:BUART:sRX:MODULE_5:eq\
	\UART_LOG:BUART:sRX:MODULE_5:gt\
	\UART_LOG:BUART:sRX:MODULE_5:gte\
	\UART_LOG:BUART:sRX:MODULE_5:lte\
	\UART_PSOC:BUART:reset_sr\
	\UART_PSOC:BUART:sRX:s23Poll:MODULE_6:g2:a0:b_1\
	\UART_PSOC:BUART:sRX:s23Poll:MODULE_6:g2:a0:b_0\
	\UART_PSOC:BUART:sRX:s23Poll:MODULE_7:g2:a0:gta_0\
	\UART_PSOC:BUART:sRX:s23Poll:MODULE_8:g2:a0:gta_0\
	Net_4106
	\UART_PSOC:BUART:sRX:MODULE_9:g2:a0:gta_0\
	\UART_PSOC:BUART:sRX:MODULE_10:g1:a0:gx:u0:albi_1\
	\UART_PSOC:BUART:sRX:MODULE_10:g1:a0:gx:u0:agbi_1\
	\UART_PSOC:BUART:sRX:MODULE_10:g1:a0:gx:u0:lt_0\
	\UART_PSOC:BUART:sRX:MODULE_10:g1:a0:gx:u0:gt_0\
	\UART_PSOC:BUART:sRX:MODULE_10:g1:a0:gx:u0:lti_0\
	\UART_PSOC:BUART:sRX:MODULE_10:g1:a0:gx:u0:gti_0\
	\UART_PSOC:BUART:sRX:MODULE_10:g1:a0:gx:u0:albi_0\
	\UART_PSOC:BUART:sRX:MODULE_10:g1:a0:gx:u0:agbi_0\
	\UART_PSOC:BUART:sRX:MODULE_10:g1:a0:xeq\
	\UART_PSOC:BUART:sRX:MODULE_10:g1:a0:xlt\
	\UART_PSOC:BUART:sRX:MODULE_10:g1:a0:xlte\
	\UART_PSOC:BUART:sRX:MODULE_10:g1:a0:xgt\
	\UART_PSOC:BUART:sRX:MODULE_10:g1:a0:xgte\
	\UART_PSOC:BUART:sRX:MODULE_10:lt\
	\UART_PSOC:BUART:sRX:MODULE_10:eq\
	\UART_PSOC:BUART:sRX:MODULE_10:gt\
	\UART_PSOC:BUART:sRX:MODULE_10:gte\
	\UART_PSOC:BUART:sRX:MODULE_10:lte\
	\ENGINE_PWM:PWMUDB:km_run\
	\ENGINE_PWM:PWMUDB:ctrl_cmpmode2_2\
	\ENGINE_PWM:PWMUDB:ctrl_cmpmode2_1\
	\ENGINE_PWM:PWMUDB:ctrl_cmpmode2_0\
	\ENGINE_PWM:PWMUDB:ctrl_cmpmode1_2\
	\ENGINE_PWM:PWMUDB:ctrl_cmpmode1_1\
	\ENGINE_PWM:PWMUDB:ctrl_cmpmode1_0\
	\ENGINE_PWM:PWMUDB:capt_rising\
	\ENGINE_PWM:PWMUDB:capt_falling\
	\ENGINE_PWM:PWMUDB:trig_rise\
	\ENGINE_PWM:PWMUDB:trig_fall\
	\ENGINE_PWM:PWMUDB:sc_kill\
	\ENGINE_PWM:PWMUDB:min_kill\
	\ENGINE_PWM:PWMUDB:km_tc\
	\ENGINE_PWM:PWMUDB:db_tc\
	\ENGINE_PWM:PWMUDB:dith_sel\
	\ENGINE_PWM:PWMUDB:compare2\
	\ENGINE_PWM:Net_101\
	Net_4118
	Net_4119
	\ENGINE_PWM:PWMUDB:MODULE_11:b_31\
	\ENGINE_PWM:PWMUDB:MODULE_11:b_30\
	\ENGINE_PWM:PWMUDB:MODULE_11:b_29\
	\ENGINE_PWM:PWMUDB:MODULE_11:b_28\
	\ENGINE_PWM:PWMUDB:MODULE_11:b_27\
	\ENGINE_PWM:PWMUDB:MODULE_11:b_26\
	\ENGINE_PWM:PWMUDB:MODULE_11:b_25\
	\ENGINE_PWM:PWMUDB:MODULE_11:b_24\
	\ENGINE_PWM:PWMUDB:MODULE_11:b_23\
	\ENGINE_PWM:PWMUDB:MODULE_11:b_22\
	\ENGINE_PWM:PWMUDB:MODULE_11:b_21\
	\ENGINE_PWM:PWMUDB:MODULE_11:b_20\
	\ENGINE_PWM:PWMUDB:MODULE_11:b_19\
	\ENGINE_PWM:PWMUDB:MODULE_11:b_18\
	\ENGINE_PWM:PWMUDB:MODULE_11:b_17\
	\ENGINE_PWM:PWMUDB:MODULE_11:b_16\
	\ENGINE_PWM:PWMUDB:MODULE_11:b_15\
	\ENGINE_PWM:PWMUDB:MODULE_11:b_14\
	\ENGINE_PWM:PWMUDB:MODULE_11:b_13\
	\ENGINE_PWM:PWMUDB:MODULE_11:b_12\
	\ENGINE_PWM:PWMUDB:MODULE_11:b_11\
	\ENGINE_PWM:PWMUDB:MODULE_11:b_10\
	\ENGINE_PWM:PWMUDB:MODULE_11:b_9\
	\ENGINE_PWM:PWMUDB:MODULE_11:b_8\
	\ENGINE_PWM:PWMUDB:MODULE_11:b_7\
	\ENGINE_PWM:PWMUDB:MODULE_11:b_6\
	\ENGINE_PWM:PWMUDB:MODULE_11:b_5\
	\ENGINE_PWM:PWMUDB:MODULE_11:b_4\
	\ENGINE_PWM:PWMUDB:MODULE_11:b_3\
	\ENGINE_PWM:PWMUDB:MODULE_11:b_2\
	\ENGINE_PWM:PWMUDB:MODULE_11:b_1\
	\ENGINE_PWM:PWMUDB:MODULE_11:b_0\
	\ENGINE_PWM:PWMUDB:MODULE_11:g2:a0:a_31\
	\ENGINE_PWM:PWMUDB:MODULE_11:g2:a0:a_30\
	\ENGINE_PWM:PWMUDB:MODULE_11:g2:a0:a_29\
	\ENGINE_PWM:PWMUDB:MODULE_11:g2:a0:a_28\
	\ENGINE_PWM:PWMUDB:MODULE_11:g2:a0:a_27\
	\ENGINE_PWM:PWMUDB:MODULE_11:g2:a0:a_26\
	\ENGINE_PWM:PWMUDB:MODULE_11:g2:a0:a_25\
	\ENGINE_PWM:PWMUDB:MODULE_11:g2:a0:a_24\
	\ENGINE_PWM:PWMUDB:MODULE_11:g2:a0:b_31\
	\ENGINE_PWM:PWMUDB:MODULE_11:g2:a0:b_30\
	\ENGINE_PWM:PWMUDB:MODULE_11:g2:a0:b_29\
	\ENGINE_PWM:PWMUDB:MODULE_11:g2:a0:b_28\
	\ENGINE_PWM:PWMUDB:MODULE_11:g2:a0:b_27\
	\ENGINE_PWM:PWMUDB:MODULE_11:g2:a0:b_26\
	\ENGINE_PWM:PWMUDB:MODULE_11:g2:a0:b_25\
	\ENGINE_PWM:PWMUDB:MODULE_11:g2:a0:b_24\
	\ENGINE_PWM:PWMUDB:MODULE_11:g2:a0:b_23\
	\ENGINE_PWM:PWMUDB:MODULE_11:g2:a0:b_22\
	\ENGINE_PWM:PWMUDB:MODULE_11:g2:a0:b_21\
	\ENGINE_PWM:PWMUDB:MODULE_11:g2:a0:b_20\
	\ENGINE_PWM:PWMUDB:MODULE_11:g2:a0:b_19\
	\ENGINE_PWM:PWMUDB:MODULE_11:g2:a0:b_18\
	\ENGINE_PWM:PWMUDB:MODULE_11:g2:a0:b_17\
	\ENGINE_PWM:PWMUDB:MODULE_11:g2:a0:b_16\
	\ENGINE_PWM:PWMUDB:MODULE_11:g2:a0:b_15\
	\ENGINE_PWM:PWMUDB:MODULE_11:g2:a0:b_14\
	\ENGINE_PWM:PWMUDB:MODULE_11:g2:a0:b_13\
	\ENGINE_PWM:PWMUDB:MODULE_11:g2:a0:b_12\
	\ENGINE_PWM:PWMUDB:MODULE_11:g2:a0:b_11\
	\ENGINE_PWM:PWMUDB:MODULE_11:g2:a0:b_10\
	\ENGINE_PWM:PWMUDB:MODULE_11:g2:a0:b_9\
	\ENGINE_PWM:PWMUDB:MODULE_11:g2:a0:b_8\
	\ENGINE_PWM:PWMUDB:MODULE_11:g2:a0:b_7\
	\ENGINE_PWM:PWMUDB:MODULE_11:g2:a0:b_6\
	\ENGINE_PWM:PWMUDB:MODULE_11:g2:a0:b_5\
	\ENGINE_PWM:PWMUDB:MODULE_11:g2:a0:b_4\
	\ENGINE_PWM:PWMUDB:MODULE_11:g2:a0:b_3\
	\ENGINE_PWM:PWMUDB:MODULE_11:g2:a0:b_2\
	\ENGINE_PWM:PWMUDB:MODULE_11:g2:a0:b_1\
	\ENGINE_PWM:PWMUDB:MODULE_11:g2:a0:b_0\
	\ENGINE_PWM:PWMUDB:MODULE_11:g2:a0:s_31\
	\ENGINE_PWM:PWMUDB:MODULE_11:g2:a0:s_30\
	\ENGINE_PWM:PWMUDB:MODULE_11:g2:a0:s_29\
	\ENGINE_PWM:PWMUDB:MODULE_11:g2:a0:s_28\
	\ENGINE_PWM:PWMUDB:MODULE_11:g2:a0:s_27\
	\ENGINE_PWM:PWMUDB:MODULE_11:g2:a0:s_26\
	\ENGINE_PWM:PWMUDB:MODULE_11:g2:a0:s_25\
	\ENGINE_PWM:PWMUDB:MODULE_11:g2:a0:s_24\
	\ENGINE_PWM:PWMUDB:MODULE_11:g2:a0:s_23\
	\ENGINE_PWM:PWMUDB:MODULE_11:g2:a0:s_22\
	\ENGINE_PWM:PWMUDB:MODULE_11:g2:a0:s_21\
	\ENGINE_PWM:PWMUDB:MODULE_11:g2:a0:s_20\
	\ENGINE_PWM:PWMUDB:MODULE_11:g2:a0:s_19\
	\ENGINE_PWM:PWMUDB:MODULE_11:g2:a0:s_18\
	\ENGINE_PWM:PWMUDB:MODULE_11:g2:a0:s_17\
	\ENGINE_PWM:PWMUDB:MODULE_11:g2:a0:s_16\
	\ENGINE_PWM:PWMUDB:MODULE_11:g2:a0:s_15\
	\ENGINE_PWM:PWMUDB:MODULE_11:g2:a0:s_14\
	\ENGINE_PWM:PWMUDB:MODULE_11:g2:a0:s_13\
	\ENGINE_PWM:PWMUDB:MODULE_11:g2:a0:s_12\
	\ENGINE_PWM:PWMUDB:MODULE_11:g2:a0:s_11\
	\ENGINE_PWM:PWMUDB:MODULE_11:g2:a0:s_10\
	\ENGINE_PWM:PWMUDB:MODULE_11:g2:a0:s_9\
	\ENGINE_PWM:PWMUDB:MODULE_11:g2:a0:s_8\
	\ENGINE_PWM:PWMUDB:MODULE_11:g2:a0:s_7\
	\ENGINE_PWM:PWMUDB:MODULE_11:g2:a0:s_6\
	\ENGINE_PWM:PWMUDB:MODULE_11:g2:a0:s_5\
	\ENGINE_PWM:PWMUDB:MODULE_11:g2:a0:s_4\
	\ENGINE_PWM:PWMUDB:MODULE_11:g2:a0:s_3\
	\ENGINE_PWM:PWMUDB:MODULE_11:g2:a0:s_2\
	\ENGINE_PWM:PWMUDB:MODULE_11:g2:a0:g1:z1:s0:g1:u0:c_31\
	\ENGINE_PWM:PWMUDB:MODULE_11:g2:a0:g1:z1:s0:g1:u0:c_30\
	\ENGINE_PWM:PWMUDB:MODULE_11:g2:a0:g1:z1:s0:g1:u0:c_29\
	\ENGINE_PWM:PWMUDB:MODULE_11:g2:a0:g1:z1:s0:g1:u0:c_28\
	\ENGINE_PWM:PWMUDB:MODULE_11:g2:a0:g1:z1:s0:g1:u0:c_27\
	\ENGINE_PWM:PWMUDB:MODULE_11:g2:a0:g1:z1:s0:g1:u0:c_26\
	\ENGINE_PWM:PWMUDB:MODULE_11:g2:a0:g1:z1:s0:g1:u0:c_25\
	Net_4120
	Net_4117
	\ENGINE_PWM:Net_113\
	\ENGINE_PWM:Net_107\
	\ENGINE_PWM:Net_114\
	\USBUART:dma_complete_0\
	\USBUART:Net_1922\
	\USBUART:dma_complete_1\
	\USBUART:Net_1921\
	\USBUART:dma_complete_2\
	\USBUART:Net_1920\
	\USBUART:dma_complete_3\
	\USBUART:Net_1919\
	\USBUART:dma_complete_4\
	\USBUART:Net_1918\
	\USBUART:dma_complete_5\
	\USBUART:Net_1917\
	\USBUART:dma_complete_6\
	\USBUART:Net_1916\
	\USBUART:dma_complete_7\
	\USBUART:Net_1915\
	\I2C:udb_clk\
	Net_4247
	\I2C:Net_973\
	Net_4248
	\I2C:Net_974\
	\I2C:timeout_clk\
	Net_4253
	\I2C:Net_975\
	Net_4251
	Net_4252
	\ENGINE_DECODER:Net_1129\
	\ENGINE_DECODER:Cnt16:Net_82\
	\ENGINE_DECODER:Cnt16:Net_95\
	\ENGINE_DECODER:Cnt16:Net_91\
	\ENGINE_DECODER:Cnt16:Net_102\
	\ENGINE_DECODER:Cnt16:CounterUDB:ctrl_cmod_2\
	\ENGINE_DECODER:Cnt16:CounterUDB:ctrl_cmod_1\
	\ENGINE_DECODER:Cnt16:CounterUDB:ctrl_cmod_0\
	Net_4258
	Net_4259
	Net_4261
	Net_4262
	Net_4263
	Net_4264

    Synthesized names
	\ENGINE_PWM:PWMUDB:add_vi_vv_MODGEN_11_31\
	\ENGINE_PWM:PWMUDB:add_vi_vv_MODGEN_11_30\
	\ENGINE_PWM:PWMUDB:add_vi_vv_MODGEN_11_29\
	\ENGINE_PWM:PWMUDB:add_vi_vv_MODGEN_11_28\
	\ENGINE_PWM:PWMUDB:add_vi_vv_MODGEN_11_27\
	\ENGINE_PWM:PWMUDB:add_vi_vv_MODGEN_11_26\
	\ENGINE_PWM:PWMUDB:add_vi_vv_MODGEN_11_25\
	\ENGINE_PWM:PWMUDB:add_vi_vv_MODGEN_11_24\
	\ENGINE_PWM:PWMUDB:add_vi_vv_MODGEN_11_23\
	\ENGINE_PWM:PWMUDB:add_vi_vv_MODGEN_11_22\
	\ENGINE_PWM:PWMUDB:add_vi_vv_MODGEN_11_21\
	\ENGINE_PWM:PWMUDB:add_vi_vv_MODGEN_11_20\
	\ENGINE_PWM:PWMUDB:add_vi_vv_MODGEN_11_19\
	\ENGINE_PWM:PWMUDB:add_vi_vv_MODGEN_11_18\
	\ENGINE_PWM:PWMUDB:add_vi_vv_MODGEN_11_17\
	\ENGINE_PWM:PWMUDB:add_vi_vv_MODGEN_11_16\
	\ENGINE_PWM:PWMUDB:add_vi_vv_MODGEN_11_15\
	\ENGINE_PWM:PWMUDB:add_vi_vv_MODGEN_11_14\
	\ENGINE_PWM:PWMUDB:add_vi_vv_MODGEN_11_13\
	\ENGINE_PWM:PWMUDB:add_vi_vv_MODGEN_11_12\
	\ENGINE_PWM:PWMUDB:add_vi_vv_MODGEN_11_11\
	\ENGINE_PWM:PWMUDB:add_vi_vv_MODGEN_11_10\
	\ENGINE_PWM:PWMUDB:add_vi_vv_MODGEN_11_9\
	\ENGINE_PWM:PWMUDB:add_vi_vv_MODGEN_11_8\
	\ENGINE_PWM:PWMUDB:add_vi_vv_MODGEN_11_7\
	\ENGINE_PWM:PWMUDB:add_vi_vv_MODGEN_11_6\
	\ENGINE_PWM:PWMUDB:add_vi_vv_MODGEN_11_5\
	\ENGINE_PWM:PWMUDB:add_vi_vv_MODGEN_11_4\
	\ENGINE_PWM:PWMUDB:add_vi_vv_MODGEN_11_3\
	\ENGINE_PWM:PWMUDB:add_vi_vv_MODGEN_11_2\

Deleted 226 User equations/components.
Deleted 30 Synthesized equations/components.

------------------------------------------------------
Alias Detection
------------------------------------------------------
Aliasing one to tmpOE__EB_4_net_0
Aliasing tmpOE__EB_3_net_0 to tmpOE__EB_4_net_0
Aliasing tmpOE__EB_2_net_0 to tmpOE__EB_4_net_0
Aliasing tmpOE__EB_7_net_0 to tmpOE__EB_4_net_0
Aliasing tmpOE__EB_8_net_0 to tmpOE__EB_4_net_0
Aliasing tmpOE__EB_9_net_0 to tmpOE__EB_4_net_0
Aliasing tmpOE__EB_10_net_0 to tmpOE__EB_4_net_0
Aliasing tmpOE__LED_4_net_0 to tmpOE__EB_4_net_0
Aliasing tmpOE__EB_1_net_0 to tmpOE__EB_4_net_0
Aliasing tmpOE__EB_5_net_0 to tmpOE__EB_4_net_0
Aliasing tmpOE__BUTTON_1_net_0 to tmpOE__EB_4_net_0
Aliasing tmpOE__BUTTON_2_net_0 to tmpOE__EB_4_net_0
Aliasing tmpOE__BUTTON_3_net_0 to tmpOE__EB_4_net_0
Aliasing tmpOE__BUTTON_4_net_0 to tmpOE__EB_4_net_0
Aliasing tmpOE__LED_1_net_0 to tmpOE__EB_4_net_0
Aliasing tmpOE__LED_3_net_0 to tmpOE__EB_4_net_0
Aliasing tmpOE__LED_2_net_0 to tmpOE__EB_4_net_0
Aliasing tmpOE__DEBUG_TX_net_0 to tmpOE__EB_4_net_0
Aliasing tmpOE__DEBUG_RX_net_0 to tmpOE__EB_4_net_0
Aliasing \UART_LOG:BUART:tx_hd_send_break\ to zero
Aliasing \UART_LOG:BUART:HalfDuplexSend\ to zero
Aliasing \UART_LOG:BUART:FinalParityType_1\ to zero
Aliasing \UART_LOG:BUART:FinalParityType_0\ to zero
Aliasing \UART_LOG:BUART:FinalAddrMode_2\ to zero
Aliasing \UART_LOG:BUART:FinalAddrMode_1\ to zero
Aliasing \UART_LOG:BUART:FinalAddrMode_0\ to zero
Aliasing \UART_LOG:BUART:tx_ctrl_mark\ to zero
Aliasing \UART_LOG:BUART:tx_status_6\ to zero
Aliasing \UART_LOG:BUART:tx_status_5\ to zero
Aliasing \UART_LOG:BUART:tx_status_4\ to zero
Aliasing \UART_LOG:BUART:rx_count7_bit8_wire\ to zero
Aliasing \UART_LOG:BUART:sRX:s23Poll:MODULE_1:g2:a0:g1:z1:s0:g1:u0:b_0\ to tmpOE__EB_4_net_0
Aliasing MODIN2_1 to MODIN1_1
Aliasing MODIN2_0 to MODIN1_0
Aliasing \UART_LOG:BUART:sRX:s23Poll:MODULE_2:g2:a0:newb_1\ to zero
Aliasing \UART_LOG:BUART:sRX:s23Poll:MODULE_2:g2:a0:newb_0\ to tmpOE__EB_4_net_0
Aliasing MODIN3_1 to MODIN1_1
Aliasing MODIN3_0 to MODIN1_0
Aliasing \UART_LOG:BUART:sRX:s23Poll:MODULE_3:g2:a0:newb_1\ to tmpOE__EB_4_net_0
Aliasing \UART_LOG:BUART:sRX:s23Poll:MODULE_3:g2:a0:newb_0\ to zero
Aliasing \UART_LOG:BUART:rx_status_1\ to zero
Aliasing \UART_LOG:BUART:sRX:MODULE_4:g2:a0:newa_6\ to zero
Aliasing \UART_LOG:BUART:sRX:MODULE_4:g2:a0:newa_5\ to zero
Aliasing \UART_LOG:BUART:sRX:MODULE_4:g2:a0:newa_4\ to zero
Aliasing \UART_LOG:BUART:sRX:MODULE_4:g2:a0:newb_6\ to zero
Aliasing \UART_LOG:BUART:sRX:MODULE_4:g2:a0:newb_5\ to zero
Aliasing \UART_LOG:BUART:sRX:MODULE_4:g2:a0:newb_4\ to zero
Aliasing \UART_LOG:BUART:sRX:MODULE_4:g2:a0:newb_3\ to zero
Aliasing \UART_LOG:BUART:sRX:MODULE_4:g2:a0:newb_2\ to tmpOE__EB_4_net_0
Aliasing \UART_LOG:BUART:sRX:MODULE_4:g2:a0:newb_1\ to tmpOE__EB_4_net_0
Aliasing \UART_LOG:BUART:sRX:MODULE_4:g2:a0:newb_0\ to zero
Aliasing \UART_LOG:BUART:sRX:MODULE_5:g1:a0:gx:u0:aeqb_0\ to tmpOE__EB_4_net_0
Aliasing tmpOE__PSOC_RX_net_0 to tmpOE__EB_4_net_0
Aliasing \UART_PSOC:BUART:tx_hd_send_break\ to zero
Aliasing \UART_PSOC:BUART:HalfDuplexSend\ to zero
Aliasing \UART_PSOC:BUART:FinalParityType_1\ to zero
Aliasing \UART_PSOC:BUART:FinalParityType_0\ to zero
Aliasing \UART_PSOC:BUART:FinalAddrMode_2\ to zero
Aliasing \UART_PSOC:BUART:FinalAddrMode_1\ to zero
Aliasing \UART_PSOC:BUART:FinalAddrMode_0\ to zero
Aliasing \UART_PSOC:BUART:tx_ctrl_mark\ to zero
Aliasing \UART_PSOC:BUART:tx_status_6\ to zero
Aliasing \UART_PSOC:BUART:tx_status_5\ to zero
Aliasing \UART_PSOC:BUART:tx_status_4\ to zero
Aliasing \UART_PSOC:BUART:rx_count7_bit8_wire\ to zero
Aliasing \UART_PSOC:BUART:sRX:s23Poll:MODULE_6:g2:a0:g1:z1:s0:g1:u0:b_0\ to tmpOE__EB_4_net_0
Aliasing \UART_PSOC:BUART:sRX:s23Poll:MODIN6_1\ to \UART_PSOC:BUART:sRX:s23Poll:MODIN5_1\
Aliasing \UART_PSOC:BUART:sRX:s23Poll:MODIN6_0\ to \UART_PSOC:BUART:sRX:s23Poll:MODIN5_0\
Aliasing \UART_PSOC:BUART:sRX:s23Poll:MODULE_7:g2:a0:newb_1\ to zero
Aliasing \UART_PSOC:BUART:sRX:s23Poll:MODULE_7:g2:a0:newb_0\ to tmpOE__EB_4_net_0
Aliasing \UART_PSOC:BUART:sRX:s23Poll:MODIN7_1\ to \UART_PSOC:BUART:sRX:s23Poll:MODIN5_1\
Aliasing \UART_PSOC:BUART:sRX:s23Poll:MODIN7_0\ to \UART_PSOC:BUART:sRX:s23Poll:MODIN5_0\
Aliasing \UART_PSOC:BUART:sRX:s23Poll:MODULE_8:g2:a0:newb_1\ to tmpOE__EB_4_net_0
Aliasing \UART_PSOC:BUART:sRX:s23Poll:MODULE_8:g2:a0:newb_0\ to zero
Aliasing \UART_PSOC:BUART:rx_status_1\ to zero
Aliasing \UART_PSOC:BUART:sRX:MODULE_9:g2:a0:newa_6\ to zero
Aliasing \UART_PSOC:BUART:sRX:MODULE_9:g2:a0:newa_5\ to zero
Aliasing \UART_PSOC:BUART:sRX:MODULE_9:g2:a0:newa_4\ to zero
Aliasing \UART_PSOC:BUART:sRX:MODULE_9:g2:a0:newb_6\ to zero
Aliasing \UART_PSOC:BUART:sRX:MODULE_9:g2:a0:newb_5\ to zero
Aliasing \UART_PSOC:BUART:sRX:MODULE_9:g2:a0:newb_4\ to zero
Aliasing \UART_PSOC:BUART:sRX:MODULE_9:g2:a0:newb_3\ to zero
Aliasing \UART_PSOC:BUART:sRX:MODULE_9:g2:a0:newb_2\ to tmpOE__EB_4_net_0
Aliasing \UART_PSOC:BUART:sRX:MODULE_9:g2:a0:newb_1\ to tmpOE__EB_4_net_0
Aliasing \UART_PSOC:BUART:sRX:MODULE_9:g2:a0:newb_0\ to zero
Aliasing \UART_PSOC:BUART:sRX:MODULE_10:g1:a0:gx:u0:aeqb_0\ to tmpOE__EB_4_net_0
Aliasing \ENGINE_PWM:PWMUDB:hwCapture\ to zero
Aliasing \ENGINE_PWM:PWMUDB:trig_out\ to tmpOE__EB_4_net_0
Aliasing \ENGINE_PWM:PWMUDB:runmode_enable\\R\ to zero
Aliasing \ENGINE_PWM:PWMUDB:runmode_enable\\S\ to zero
Aliasing \ENGINE_PWM:PWMUDB:ltch_kill_reg\\R\ to zero
Aliasing \ENGINE_PWM:PWMUDB:ltch_kill_reg\\S\ to zero
Aliasing \ENGINE_PWM:PWMUDB:min_kill_reg\\R\ to zero
Aliasing \ENGINE_PWM:PWMUDB:min_kill_reg\\S\ to zero
Aliasing \ENGINE_PWM:PWMUDB:final_kill\ to tmpOE__EB_4_net_0
Aliasing \ENGINE_PWM:PWMUDB:dith_count_1\\R\ to zero
Aliasing \ENGINE_PWM:PWMUDB:dith_count_1\\S\ to zero
Aliasing \ENGINE_PWM:PWMUDB:dith_count_0\\R\ to zero
Aliasing \ENGINE_PWM:PWMUDB:dith_count_0\\S\ to zero
Aliasing \ENGINE_PWM:PWMUDB:reset\ to zero
Aliasing \ENGINE_PWM:PWMUDB:status_6\ to zero
Aliasing \ENGINE_PWM:PWMUDB:status_4\ to zero
Aliasing \ENGINE_PWM:PWMUDB:cmp2\ to zero
Aliasing \ENGINE_PWM:PWMUDB:cmp1_status_reg\\R\ to zero
Aliasing \ENGINE_PWM:PWMUDB:cmp1_status_reg\\S\ to zero
Aliasing \ENGINE_PWM:PWMUDB:cmp2_status_reg\\R\ to zero
Aliasing \ENGINE_PWM:PWMUDB:cmp2_status_reg\\S\ to zero
Aliasing \ENGINE_PWM:PWMUDB:final_kill_reg\\R\ to zero
Aliasing \ENGINE_PWM:PWMUDB:final_kill_reg\\S\ to zero
Aliasing \ENGINE_PWM:PWMUDB:cs_addr_0\ to zero
Aliasing \ENGINE_PWM:PWMUDB:pwm1_i\ to zero
Aliasing \ENGINE_PWM:PWMUDB:pwm2_i\ to zero
Aliasing \ENGINE_PWM:PWMUDB:MODULE_11:g2:a0:a_23\ to zero
Aliasing \ENGINE_PWM:PWMUDB:MODULE_11:g2:a0:a_22\ to zero
Aliasing \ENGINE_PWM:PWMUDB:MODULE_11:g2:a0:a_21\ to zero
Aliasing \ENGINE_PWM:PWMUDB:MODULE_11:g2:a0:a_20\ to zero
Aliasing \ENGINE_PWM:PWMUDB:MODULE_11:g2:a0:a_19\ to zero
Aliasing \ENGINE_PWM:PWMUDB:MODULE_11:g2:a0:a_18\ to zero
Aliasing \ENGINE_PWM:PWMUDB:MODULE_11:g2:a0:a_17\ to zero
Aliasing \ENGINE_PWM:PWMUDB:MODULE_11:g2:a0:a_16\ to zero
Aliasing \ENGINE_PWM:PWMUDB:MODULE_11:g2:a0:a_15\ to zero
Aliasing \ENGINE_PWM:PWMUDB:MODULE_11:g2:a0:a_14\ to zero
Aliasing \ENGINE_PWM:PWMUDB:MODULE_11:g2:a0:a_13\ to zero
Aliasing \ENGINE_PWM:PWMUDB:MODULE_11:g2:a0:a_12\ to zero
Aliasing \ENGINE_PWM:PWMUDB:MODULE_11:g2:a0:a_11\ to zero
Aliasing \ENGINE_PWM:PWMUDB:MODULE_11:g2:a0:a_10\ to zero
Aliasing \ENGINE_PWM:PWMUDB:MODULE_11:g2:a0:a_9\ to zero
Aliasing \ENGINE_PWM:PWMUDB:MODULE_11:g2:a0:a_8\ to zero
Aliasing \ENGINE_PWM:PWMUDB:MODULE_11:g2:a0:a_7\ to zero
Aliasing \ENGINE_PWM:PWMUDB:MODULE_11:g2:a0:a_6\ to zero
Aliasing \ENGINE_PWM:PWMUDB:MODULE_11:g2:a0:a_5\ to zero
Aliasing \ENGINE_PWM:PWMUDB:MODULE_11:g2:a0:a_4\ to zero
Aliasing \ENGINE_PWM:PWMUDB:MODULE_11:g2:a0:a_3\ to zero
Aliasing \ENGINE_PWM:PWMUDB:MODULE_11:g2:a0:a_2\ to zero
Aliasing \ENGINE_PWM:PWMUDB:MODULE_11:g2:a0:g1:z1:s0:g1:u0:b_0\ to tmpOE__EB_4_net_0
Aliasing tmpOE__Pin_Safe_1_net_0 to tmpOE__EB_4_net_0
Aliasing tmpOE__Pin_Safe_2_net_0 to tmpOE__EB_4_net_0
Aliasing \EB_Status_Reg_2:status_5\ to zero
Aliasing \EB_Status_Reg_2:status_6\ to zero
Aliasing \EB_Status_Reg_2:status_7\ to zero
Aliasing tmpOE__EB_6_net_0 to tmpOE__EB_4_net_0
Aliasing \USBUART:tmpOE__Dm_net_0\ to tmpOE__EB_4_net_0
Aliasing \USBUART:tmpOE__Dp_net_0\ to tmpOE__EB_4_net_0
Aliasing \EB_Status_Reg_1:status_5\ to zero
Aliasing \EB_Status_Reg_1:status_6\ to zero
Aliasing \EB_Status_Reg_1:status_7\ to zero
Aliasing tmpOE__Pin_AnalogIN_1_net_0 to tmpOE__EB_4_net_0
Aliasing tmpOE__Pin_AnalogIN_3_net_0 to tmpOE__EB_4_net_0
Aliasing \ADC_SAR_1:vp_ctl_0\ to zero
Aliasing \ADC_SAR_1:vp_ctl_2\ to zero
Aliasing \ADC_SAR_1:vn_ctl_1\ to zero
Aliasing \ADC_SAR_1:vn_ctl_3\ to zero
Aliasing \ADC_SAR_1:vp_ctl_1\ to zero
Aliasing \ADC_SAR_1:vp_ctl_3\ to zero
Aliasing \ADC_SAR_1:vn_ctl_0\ to zero
Aliasing \ADC_SAR_1:vn_ctl_2\ to zero
Aliasing \ADC_SAR_1:soc\ to zero
Aliasing \ADC_SAR_1:Net_383\ to zero
Aliasing tmpOE__PSOC_TX_net_0 to tmpOE__EB_4_net_0
Aliasing tmpOE__SCL_net_0 to tmpOE__EB_4_net_0
Aliasing tmpOE__SDA_net_0 to tmpOE__EB_4_net_0
Aliasing \I2C:Net_969\ to tmpOE__EB_4_net_0
Aliasing \I2C:Net_968\ to tmpOE__EB_4_net_0
Aliasing \ENGINE_DECODER:Cnt16:CounterUDB:ctrl_capmode_1\ to zero
Aliasing \ENGINE_DECODER:Cnt16:CounterUDB:ctrl_capmode_0\ to zero
Aliasing \ENGINE_DECODER:Cnt16:CounterUDB:capt_rising\ to zero
Aliasing \ENGINE_DECODER:Cnt16:CounterUDB:underflow\ to \ENGINE_DECODER:Cnt16:CounterUDB:status_1\
Aliasing \ENGINE_DECODER:Cnt16:CounterUDB:tc_i\ to \ENGINE_DECODER:Cnt16:CounterUDB:reload_tc\
Aliasing \ENGINE_DECODER:bQuadDec:status_4\ to zero
Aliasing \ENGINE_DECODER:bQuadDec:status_5\ to zero
Aliasing \ENGINE_DECODER:bQuadDec:status_6\ to zero
Aliasing \ENGINE_DECODER:Net_1229\ to tmpOE__EB_4_net_0
Aliasing tmpOE__Pin_Encoder_A_net_0 to tmpOE__EB_4_net_0
Aliasing tmpOE__Pin_Encoder_B_net_0 to tmpOE__EB_4_net_0
Aliasing \ENGINE_Direction:clk\ to zero
Aliasing \ENGINE_Direction:rst\ to zero
Aliasing tmpOE__Pin_Engine_Mode_1_net_0 to tmpOE__EB_4_net_0
Aliasing tmpOE__Pin_Engine_Mode_2_net_0 to tmpOE__EB_4_net_0
Aliasing tmpOE__Pin_AnalogIN_2_net_0 to tmpOE__EB_4_net_0
Aliasing tmpOE__Pin_Engine_PWM_net_0 to tmpOE__EB_4_net_0
Aliasing \ADC_SAR_2:vp_ctl_0\ to zero
Aliasing \ADC_SAR_2:vp_ctl_2\ to zero
Aliasing \ADC_SAR_2:vn_ctl_1\ to zero
Aliasing \ADC_SAR_2:vn_ctl_3\ to zero
Aliasing \ADC_SAR_2:vp_ctl_1\ to zero
Aliasing \ADC_SAR_2:vp_ctl_3\ to zero
Aliasing \ADC_SAR_2:vn_ctl_0\ to zero
Aliasing \ADC_SAR_2:vn_ctl_2\ to zero
Aliasing \ADC_SAR_2:soc\ to zero
Aliasing \ADC_SAR_2:Net_383\ to zero
Aliasing tmpOE__Pin_Toggle_net_0 to tmpOE__EB_4_net_0
Aliasing \UART_LOG:BUART:reset_reg\\D\ to zero
Aliasing \UART_LOG:BUART:rx_break_status\\D\ to zero
Aliasing \UART_PSOC:BUART:reset_reg\\D\ to zero
Aliasing \UART_PSOC:BUART:rx_break_status\\D\ to zero
Aliasing \ENGINE_PWM:PWMUDB:min_kill_reg\\D\ to tmpOE__EB_4_net_0
Aliasing \ENGINE_PWM:PWMUDB:prevCapture\\D\ to zero
Aliasing \ENGINE_PWM:PWMUDB:trig_last\\D\ to zero
Aliasing \ENGINE_PWM:PWMUDB:ltch_kill_reg\\D\ to tmpOE__EB_4_net_0
Aliasing \ENGINE_PWM:PWMUDB:prevCompare1\\D\ to \ENGINE_PWM:PWMUDB:pwm_temp\
Aliasing \ENGINE_PWM:PWMUDB:tc_i_reg\\D\ to \ENGINE_PWM:PWMUDB:status_2\
Aliasing \ENGINE_DECODER:Cnt16:CounterUDB:prevCapture\\D\ to zero
Aliasing \ENGINE_DECODER:Cnt16:CounterUDB:cmp_out_reg_i\\D\ to \ENGINE_DECODER:Cnt16:CounterUDB:prevCompare\\D\
Removing Lhs of wire one[6] = tmpOE__EB_4_net_0[1]
Removing Lhs of wire tmpOE__EB_3_net_0[9] = tmpOE__EB_4_net_0[1]
Removing Lhs of wire tmpOE__EB_2_net_0[15] = tmpOE__EB_4_net_0[1]
Removing Lhs of wire tmpOE__EB_7_net_0[21] = tmpOE__EB_4_net_0[1]
Removing Lhs of wire tmpOE__EB_8_net_0[27] = tmpOE__EB_4_net_0[1]
Removing Lhs of wire tmpOE__EB_9_net_0[33] = tmpOE__EB_4_net_0[1]
Removing Lhs of wire tmpOE__EB_10_net_0[39] = tmpOE__EB_4_net_0[1]
Removing Lhs of wire tmpOE__LED_4_net_0[45] = tmpOE__EB_4_net_0[1]
Removing Lhs of wire tmpOE__EB_1_net_0[51] = tmpOE__EB_4_net_0[1]
Removing Lhs of wire tmpOE__EB_5_net_0[57] = tmpOE__EB_4_net_0[1]
Removing Lhs of wire tmpOE__BUTTON_1_net_0[63] = tmpOE__EB_4_net_0[1]
Removing Lhs of wire tmpOE__BUTTON_2_net_0[72] = tmpOE__EB_4_net_0[1]
Removing Lhs of wire tmpOE__BUTTON_3_net_0[79] = tmpOE__EB_4_net_0[1]
Removing Lhs of wire tmpOE__BUTTON_4_net_0[86] = tmpOE__EB_4_net_0[1]
Removing Lhs of wire tmpOE__LED_1_net_0[93] = tmpOE__EB_4_net_0[1]
Removing Lhs of wire tmpOE__LED_3_net_0[99] = tmpOE__EB_4_net_0[1]
Removing Lhs of wire tmpOE__LED_2_net_0[105] = tmpOE__EB_4_net_0[1]
Removing Lhs of wire tmpOE__DEBUG_TX_net_0[111] = tmpOE__EB_4_net_0[1]
Removing Lhs of wire tmpOE__DEBUG_RX_net_0[118] = tmpOE__EB_4_net_0[1]
Removing Lhs of wire \UART_LOG:Net_61\[125] = \UART_LOG:Net_9\[124]
Removing Lhs of wire \UART_LOG:BUART:tx_hd_send_break\[129] = zero[2]
Removing Lhs of wire \UART_LOG:BUART:HalfDuplexSend\[130] = zero[2]
Removing Lhs of wire \UART_LOG:BUART:FinalParityType_1\[131] = zero[2]
Removing Lhs of wire \UART_LOG:BUART:FinalParityType_0\[132] = zero[2]
Removing Lhs of wire \UART_LOG:BUART:FinalAddrMode_2\[133] = zero[2]
Removing Lhs of wire \UART_LOG:BUART:FinalAddrMode_1\[134] = zero[2]
Removing Lhs of wire \UART_LOG:BUART:FinalAddrMode_0\[135] = zero[2]
Removing Lhs of wire \UART_LOG:BUART:tx_ctrl_mark\[136] = zero[2]
Removing Rhs of wire \UART_LOG:BUART:tx_bitclk_enable_pre\[147] = \UART_LOG:BUART:tx_bitclk_dp\[183]
Removing Lhs of wire \UART_LOG:BUART:tx_counter_tc\[193] = \UART_LOG:BUART:tx_counter_dp\[184]
Removing Lhs of wire \UART_LOG:BUART:tx_status_6\[194] = zero[2]
Removing Lhs of wire \UART_LOG:BUART:tx_status_5\[195] = zero[2]
Removing Lhs of wire \UART_LOG:BUART:tx_status_4\[196] = zero[2]
Removing Lhs of wire \UART_LOG:BUART:tx_status_1\[198] = \UART_LOG:BUART:tx_fifo_empty\[161]
Removing Lhs of wire \UART_LOG:BUART:tx_status_3\[200] = \UART_LOG:BUART:tx_fifo_notfull\[160]
Removing Lhs of wire \UART_LOG:BUART:rx_count7_bit8_wire\[260] = zero[2]
Removing Rhs of wire add_vv_vv_MODGEN_1_1[267] = \UART_LOG:BUART:sRX:s23Poll:MODULE_1:g2:a0:s_1\[278]
Removing Rhs of wire add_vv_vv_MODGEN_1_0[269] = \UART_LOG:BUART:sRX:s23Poll:MODULE_1:g2:a0:s_0\[279]
Removing Lhs of wire cmp_vv_vv_MODGEN_2[270] = \UART_LOG:BUART:sRX:s23Poll:MODULE_2:g2:a0:lta_0\[295]
Removing Lhs of wire cmp_vv_vv_MODGEN_3[271] = \UART_LOG:BUART:sRX:s23Poll:MODULE_3:g2:a0:lta_0\[309]
Removing Lhs of wire \UART_LOG:BUART:sRX:s23Poll:MODULE_1:g2:a0:a_1\[272] = MODIN1_1[273]
Removing Rhs of wire MODIN1_1[273] = \UART_LOG:BUART:pollcount_1\[266]
Removing Lhs of wire \UART_LOG:BUART:sRX:s23Poll:MODULE_1:g2:a0:a_0\[274] = MODIN1_0[275]
Removing Rhs of wire MODIN1_0[275] = \UART_LOG:BUART:pollcount_0\[268]
Removing Lhs of wire \UART_LOG:BUART:sRX:s23Poll:MODULE_1:g2:a0:g1:z1:s0:g1:u0:c_0\[281] = tmpOE__EB_4_net_0[1]
Removing Lhs of wire \UART_LOG:BUART:sRX:s23Poll:MODULE_1:g2:a0:g1:z1:s0:g1:u0:b_0\[282] = tmpOE__EB_4_net_0[1]
Removing Lhs of wire \UART_LOG:BUART:sRX:s23Poll:MODULE_2:g2:a0:newa_1\[283] = MODIN1_1[273]
Removing Lhs of wire MODIN2_1[284] = MODIN1_1[273]
Removing Lhs of wire \UART_LOG:BUART:sRX:s23Poll:MODULE_2:g2:a0:newa_0\[285] = MODIN1_0[275]
Removing Lhs of wire MODIN2_0[286] = MODIN1_0[275]
Removing Lhs of wire \UART_LOG:BUART:sRX:s23Poll:MODULE_2:g2:a0:newb_1\[287] = zero[2]
Removing Lhs of wire \UART_LOG:BUART:sRX:s23Poll:MODULE_2:g2:a0:newb_0\[288] = tmpOE__EB_4_net_0[1]
Removing Lhs of wire \UART_LOG:BUART:sRX:s23Poll:MODULE_2:g2:a0:dataa_1\[289] = MODIN1_1[273]
Removing Lhs of wire \UART_LOG:BUART:sRX:s23Poll:MODULE_2:g2:a0:dataa_0\[290] = MODIN1_0[275]
Removing Lhs of wire \UART_LOG:BUART:sRX:s23Poll:MODULE_2:g2:a0:datab_1\[291] = zero[2]
Removing Lhs of wire \UART_LOG:BUART:sRX:s23Poll:MODULE_2:g2:a0:datab_0\[292] = tmpOE__EB_4_net_0[1]
Removing Lhs of wire \UART_LOG:BUART:sRX:s23Poll:MODULE_3:g2:a0:newa_1\[297] = MODIN1_1[273]
Removing Lhs of wire MODIN3_1[298] = MODIN1_1[273]
Removing Lhs of wire \UART_LOG:BUART:sRX:s23Poll:MODULE_3:g2:a0:newa_0\[299] = MODIN1_0[275]
Removing Lhs of wire MODIN3_0[300] = MODIN1_0[275]
Removing Lhs of wire \UART_LOG:BUART:sRX:s23Poll:MODULE_3:g2:a0:newb_1\[301] = tmpOE__EB_4_net_0[1]
Removing Lhs of wire \UART_LOG:BUART:sRX:s23Poll:MODULE_3:g2:a0:newb_0\[302] = zero[2]
Removing Lhs of wire \UART_LOG:BUART:sRX:s23Poll:MODULE_3:g2:a0:dataa_1\[303] = MODIN1_1[273]
Removing Lhs of wire \UART_LOG:BUART:sRX:s23Poll:MODULE_3:g2:a0:dataa_0\[304] = MODIN1_0[275]
Removing Lhs of wire \UART_LOG:BUART:sRX:s23Poll:MODULE_3:g2:a0:datab_1\[305] = tmpOE__EB_4_net_0[1]
Removing Lhs of wire \UART_LOG:BUART:sRX:s23Poll:MODULE_3:g2:a0:datab_0\[306] = zero[2]
Removing Lhs of wire \UART_LOG:BUART:rx_status_1\[313] = zero[2]
Removing Rhs of wire \UART_LOG:BUART:rx_status_2\[314] = \UART_LOG:BUART:rx_parity_error_status\[315]
Removing Rhs of wire \UART_LOG:BUART:rx_status_3\[316] = \UART_LOG:BUART:rx_stop_bit_error\[317]
Removing Lhs of wire cmp_vv_vv_MODGEN_4[327] = \UART_LOG:BUART:sRX:MODULE_4:g2:a0:lta_0\[376]
Removing Lhs of wire cmp_vv_vv_MODGEN_5[331] = \UART_LOG:BUART:sRX:MODULE_5:g1:a0:xneq\[398]
Removing Lhs of wire \UART_LOG:BUART:sRX:MODULE_4:g2:a0:newa_6\[332] = zero[2]
Removing Lhs of wire \UART_LOG:BUART:sRX:MODULE_4:g2:a0:newa_5\[333] = zero[2]
Removing Lhs of wire \UART_LOG:BUART:sRX:MODULE_4:g2:a0:newa_4\[334] = zero[2]
Removing Lhs of wire \UART_LOG:BUART:sRX:MODULE_4:g2:a0:newa_3\[335] = MODIN4_6[336]
Removing Rhs of wire MODIN4_6[336] = \UART_LOG:BUART:rx_count_6\[255]
Removing Lhs of wire \UART_LOG:BUART:sRX:MODULE_4:g2:a0:newa_2\[337] = MODIN4_5[338]
Removing Rhs of wire MODIN4_5[338] = \UART_LOG:BUART:rx_count_5\[256]
Removing Lhs of wire \UART_LOG:BUART:sRX:MODULE_4:g2:a0:newa_1\[339] = MODIN4_4[340]
Removing Rhs of wire MODIN4_4[340] = \UART_LOG:BUART:rx_count_4\[257]
Removing Lhs of wire \UART_LOG:BUART:sRX:MODULE_4:g2:a0:newa_0\[341] = MODIN4_3[342]
Removing Rhs of wire MODIN4_3[342] = \UART_LOG:BUART:rx_count_3\[258]
Removing Lhs of wire \UART_LOG:BUART:sRX:MODULE_4:g2:a0:newb_6\[343] = zero[2]
Removing Lhs of wire \UART_LOG:BUART:sRX:MODULE_4:g2:a0:newb_5\[344] = zero[2]
Removing Lhs of wire \UART_LOG:BUART:sRX:MODULE_4:g2:a0:newb_4\[345] = zero[2]
Removing Lhs of wire \UART_LOG:BUART:sRX:MODULE_4:g2:a0:newb_3\[346] = zero[2]
Removing Lhs of wire \UART_LOG:BUART:sRX:MODULE_4:g2:a0:newb_2\[347] = tmpOE__EB_4_net_0[1]
Removing Lhs of wire \UART_LOG:BUART:sRX:MODULE_4:g2:a0:newb_1\[348] = tmpOE__EB_4_net_0[1]
Removing Lhs of wire \UART_LOG:BUART:sRX:MODULE_4:g2:a0:newb_0\[349] = zero[2]
Removing Lhs of wire \UART_LOG:BUART:sRX:MODULE_4:g2:a0:dataa_6\[350] = zero[2]
Removing Lhs of wire \UART_LOG:BUART:sRX:MODULE_4:g2:a0:dataa_5\[351] = zero[2]
Removing Lhs of wire \UART_LOG:BUART:sRX:MODULE_4:g2:a0:dataa_4\[352] = zero[2]
Removing Lhs of wire \UART_LOG:BUART:sRX:MODULE_4:g2:a0:dataa_3\[353] = MODIN4_6[336]
Removing Lhs of wire \UART_LOG:BUART:sRX:MODULE_4:g2:a0:dataa_2\[354] = MODIN4_5[338]
Removing Lhs of wire \UART_LOG:BUART:sRX:MODULE_4:g2:a0:dataa_1\[355] = MODIN4_4[340]
Removing Lhs of wire \UART_LOG:BUART:sRX:MODULE_4:g2:a0:dataa_0\[356] = MODIN4_3[342]
Removing Lhs of wire \UART_LOG:BUART:sRX:MODULE_4:g2:a0:datab_6\[357] = zero[2]
Removing Lhs of wire \UART_LOG:BUART:sRX:MODULE_4:g2:a0:datab_5\[358] = zero[2]
Removing Lhs of wire \UART_LOG:BUART:sRX:MODULE_4:g2:a0:datab_4\[359] = zero[2]
Removing Lhs of wire \UART_LOG:BUART:sRX:MODULE_4:g2:a0:datab_3\[360] = zero[2]
Removing Lhs of wire \UART_LOG:BUART:sRX:MODULE_4:g2:a0:datab_2\[361] = tmpOE__EB_4_net_0[1]
Removing Lhs of wire \UART_LOG:BUART:sRX:MODULE_4:g2:a0:datab_1\[362] = tmpOE__EB_4_net_0[1]
Removing Lhs of wire \UART_LOG:BUART:sRX:MODULE_4:g2:a0:datab_0\[363] = zero[2]
Removing Lhs of wire \UART_LOG:BUART:sRX:MODULE_5:g1:a0:newa_0\[378] = \UART_LOG:BUART:rx_postpoll\[214]
Removing Lhs of wire \UART_LOG:BUART:sRX:MODULE_5:g1:a0:newb_0\[379] = \UART_LOG:BUART:rx_parity_bit\[330]
Removing Lhs of wire \UART_LOG:BUART:sRX:MODULE_5:g1:a0:dataa_0\[380] = \UART_LOG:BUART:rx_postpoll\[214]
Removing Lhs of wire \UART_LOG:BUART:sRX:MODULE_5:g1:a0:datab_0\[381] = \UART_LOG:BUART:rx_parity_bit\[330]
Removing Lhs of wire \UART_LOG:BUART:sRX:MODULE_5:g1:a0:gx:u0:a_0\[382] = \UART_LOG:BUART:rx_postpoll\[214]
Removing Lhs of wire \UART_LOG:BUART:sRX:MODULE_5:g1:a0:gx:u0:b_0\[383] = \UART_LOG:BUART:rx_parity_bit\[330]
Removing Lhs of wire \UART_LOG:BUART:sRX:MODULE_5:g1:a0:gx:u0:aeqb_0\[385] = tmpOE__EB_4_net_0[1]
Removing Lhs of wire \UART_LOG:BUART:sRX:MODULE_5:g1:a0:gx:u0:eq_0\[386] = \UART_LOG:BUART:sRX:MODULE_5:g1:a0:gx:u0:xnor_array_0\[384]
Removing Lhs of wire \UART_LOG:BUART:sRX:MODULE_5:g1:a0:gx:u0:eqi_0\[387] = \UART_LOG:BUART:sRX:MODULE_5:g1:a0:gx:u0:xnor_array_0\[384]
Removing Lhs of wire tmpOE__PSOC_RX_net_0[409] = tmpOE__EB_4_net_0[1]
Removing Rhs of wire Net_4110[415] = \UART_PSOC:BUART:tx_interrupt_out\[434]
Removing Lhs of wire \UART_PSOC:Net_61\[418] = \UART_PSOC:Net_9\[417]
Removing Lhs of wire \UART_PSOC:BUART:tx_hd_send_break\[422] = zero[2]
Removing Lhs of wire \UART_PSOC:BUART:HalfDuplexSend\[423] = zero[2]
Removing Lhs of wire \UART_PSOC:BUART:FinalParityType_1\[424] = zero[2]
Removing Lhs of wire \UART_PSOC:BUART:FinalParityType_0\[425] = zero[2]
Removing Lhs of wire \UART_PSOC:BUART:FinalAddrMode_2\[426] = zero[2]
Removing Lhs of wire \UART_PSOC:BUART:FinalAddrMode_1\[427] = zero[2]
Removing Lhs of wire \UART_PSOC:BUART:FinalAddrMode_0\[428] = zero[2]
Removing Lhs of wire \UART_PSOC:BUART:tx_ctrl_mark\[429] = zero[2]
Removing Rhs of wire Net_4111[435] = \UART_PSOC:BUART:rx_interrupt_out\[436]
Removing Rhs of wire \UART_PSOC:BUART:tx_bitclk_enable_pre\[440] = \UART_PSOC:BUART:tx_bitclk_dp\[476]
Removing Lhs of wire \UART_PSOC:BUART:tx_counter_tc\[486] = \UART_PSOC:BUART:tx_counter_dp\[477]
Removing Lhs of wire \UART_PSOC:BUART:tx_status_6\[487] = zero[2]
Removing Lhs of wire \UART_PSOC:BUART:tx_status_5\[488] = zero[2]
Removing Lhs of wire \UART_PSOC:BUART:tx_status_4\[489] = zero[2]
Removing Lhs of wire \UART_PSOC:BUART:tx_status_1\[491] = \UART_PSOC:BUART:tx_fifo_empty\[454]
Removing Lhs of wire \UART_PSOC:BUART:tx_status_3\[493] = \UART_PSOC:BUART:tx_fifo_notfull\[453]
Removing Lhs of wire \UART_PSOC:BUART:rx_count7_bit8_wire\[553] = zero[2]
Removing Lhs of wire \UART_PSOC:BUART:sRX:s23Poll:add_vv_vv_MODGEN_6_1\[560] = \UART_PSOC:BUART:sRX:s23Poll:MODULE_6:g2:a0:s_1\[571]
Removing Lhs of wire \UART_PSOC:BUART:sRX:s23Poll:add_vv_vv_MODGEN_6_0\[562] = \UART_PSOC:BUART:sRX:s23Poll:MODULE_6:g2:a0:s_0\[572]
Removing Lhs of wire \UART_PSOC:BUART:sRX:s23Poll:cmp_vv_vv_MODGEN_7\[563] = \UART_PSOC:BUART:sRX:s23Poll:MODULE_7:g2:a0:lta_0\[588]
Removing Lhs of wire \UART_PSOC:BUART:sRX:s23Poll:cmp_vv_vv_MODGEN_8\[564] = \UART_PSOC:BUART:sRX:s23Poll:MODULE_8:g2:a0:lta_0\[602]
Removing Lhs of wire \UART_PSOC:BUART:sRX:s23Poll:MODULE_6:g2:a0:a_1\[565] = \UART_PSOC:BUART:sRX:s23Poll:MODIN5_1\[566]
Removing Lhs of wire \UART_PSOC:BUART:sRX:s23Poll:MODIN5_1\[566] = \UART_PSOC:BUART:pollcount_1\[559]
Removing Lhs of wire \UART_PSOC:BUART:sRX:s23Poll:MODULE_6:g2:a0:a_0\[567] = \UART_PSOC:BUART:sRX:s23Poll:MODIN5_0\[568]
Removing Lhs of wire \UART_PSOC:BUART:sRX:s23Poll:MODIN5_0\[568] = \UART_PSOC:BUART:pollcount_0\[561]
Removing Lhs of wire \UART_PSOC:BUART:sRX:s23Poll:MODULE_6:g2:a0:g1:z1:s0:g1:u0:c_0\[574] = tmpOE__EB_4_net_0[1]
Removing Lhs of wire \UART_PSOC:BUART:sRX:s23Poll:MODULE_6:g2:a0:g1:z1:s0:g1:u0:b_0\[575] = tmpOE__EB_4_net_0[1]
Removing Lhs of wire \UART_PSOC:BUART:sRX:s23Poll:MODULE_7:g2:a0:newa_1\[576] = \UART_PSOC:BUART:pollcount_1\[559]
Removing Lhs of wire \UART_PSOC:BUART:sRX:s23Poll:MODIN6_1\[577] = \UART_PSOC:BUART:pollcount_1\[559]
Removing Lhs of wire \UART_PSOC:BUART:sRX:s23Poll:MODULE_7:g2:a0:newa_0\[578] = \UART_PSOC:BUART:pollcount_0\[561]
Removing Lhs of wire \UART_PSOC:BUART:sRX:s23Poll:MODIN6_0\[579] = \UART_PSOC:BUART:pollcount_0\[561]
Removing Lhs of wire \UART_PSOC:BUART:sRX:s23Poll:MODULE_7:g2:a0:newb_1\[580] = zero[2]
Removing Lhs of wire \UART_PSOC:BUART:sRX:s23Poll:MODULE_7:g2:a0:newb_0\[581] = tmpOE__EB_4_net_0[1]
Removing Lhs of wire \UART_PSOC:BUART:sRX:s23Poll:MODULE_7:g2:a0:dataa_1\[582] = \UART_PSOC:BUART:pollcount_1\[559]
Removing Lhs of wire \UART_PSOC:BUART:sRX:s23Poll:MODULE_7:g2:a0:dataa_0\[583] = \UART_PSOC:BUART:pollcount_0\[561]
Removing Lhs of wire \UART_PSOC:BUART:sRX:s23Poll:MODULE_7:g2:a0:datab_1\[584] = zero[2]
Removing Lhs of wire \UART_PSOC:BUART:sRX:s23Poll:MODULE_7:g2:a0:datab_0\[585] = tmpOE__EB_4_net_0[1]
Removing Lhs of wire \UART_PSOC:BUART:sRX:s23Poll:MODULE_8:g2:a0:newa_1\[590] = \UART_PSOC:BUART:pollcount_1\[559]
Removing Lhs of wire \UART_PSOC:BUART:sRX:s23Poll:MODIN7_1\[591] = \UART_PSOC:BUART:pollcount_1\[559]
Removing Lhs of wire \UART_PSOC:BUART:sRX:s23Poll:MODULE_8:g2:a0:newa_0\[592] = \UART_PSOC:BUART:pollcount_0\[561]
Removing Lhs of wire \UART_PSOC:BUART:sRX:s23Poll:MODIN7_0\[593] = \UART_PSOC:BUART:pollcount_0\[561]
Removing Lhs of wire \UART_PSOC:BUART:sRX:s23Poll:MODULE_8:g2:a0:newb_1\[594] = tmpOE__EB_4_net_0[1]
Removing Lhs of wire \UART_PSOC:BUART:sRX:s23Poll:MODULE_8:g2:a0:newb_0\[595] = zero[2]
Removing Lhs of wire \UART_PSOC:BUART:sRX:s23Poll:MODULE_8:g2:a0:dataa_1\[596] = \UART_PSOC:BUART:pollcount_1\[559]
Removing Lhs of wire \UART_PSOC:BUART:sRX:s23Poll:MODULE_8:g2:a0:dataa_0\[597] = \UART_PSOC:BUART:pollcount_0\[561]
Removing Lhs of wire \UART_PSOC:BUART:sRX:s23Poll:MODULE_8:g2:a0:datab_1\[598] = tmpOE__EB_4_net_0[1]
Removing Lhs of wire \UART_PSOC:BUART:sRX:s23Poll:MODULE_8:g2:a0:datab_0\[599] = zero[2]
Removing Lhs of wire \UART_PSOC:BUART:rx_status_1\[606] = zero[2]
Removing Rhs of wire \UART_PSOC:BUART:rx_status_2\[607] = \UART_PSOC:BUART:rx_parity_error_status\[608]
Removing Rhs of wire \UART_PSOC:BUART:rx_status_3\[609] = \UART_PSOC:BUART:rx_stop_bit_error\[610]
Removing Lhs of wire \UART_PSOC:BUART:sRX:cmp_vv_vv_MODGEN_9\[620] = \UART_PSOC:BUART:sRX:MODULE_9:g2:a0:lta_0\[669]
Removing Lhs of wire \UART_PSOC:BUART:sRX:cmp_vv_vv_MODGEN_10\[624] = \UART_PSOC:BUART:sRX:MODULE_10:g1:a0:xneq\[691]
Removing Lhs of wire \UART_PSOC:BUART:sRX:MODULE_9:g2:a0:newa_6\[625] = zero[2]
Removing Lhs of wire \UART_PSOC:BUART:sRX:MODULE_9:g2:a0:newa_5\[626] = zero[2]
Removing Lhs of wire \UART_PSOC:BUART:sRX:MODULE_9:g2:a0:newa_4\[627] = zero[2]
Removing Lhs of wire \UART_PSOC:BUART:sRX:MODULE_9:g2:a0:newa_3\[628] = \UART_PSOC:BUART:sRX:MODIN8_6\[629]
Removing Lhs of wire \UART_PSOC:BUART:sRX:MODIN8_6\[629] = \UART_PSOC:BUART:rx_count_6\[548]
Removing Lhs of wire \UART_PSOC:BUART:sRX:MODULE_9:g2:a0:newa_2\[630] = \UART_PSOC:BUART:sRX:MODIN8_5\[631]
Removing Lhs of wire \UART_PSOC:BUART:sRX:MODIN8_5\[631] = \UART_PSOC:BUART:rx_count_5\[549]
Removing Lhs of wire \UART_PSOC:BUART:sRX:MODULE_9:g2:a0:newa_1\[632] = \UART_PSOC:BUART:sRX:MODIN8_4\[633]
Removing Lhs of wire \UART_PSOC:BUART:sRX:MODIN8_4\[633] = \UART_PSOC:BUART:rx_count_4\[550]
Removing Lhs of wire \UART_PSOC:BUART:sRX:MODULE_9:g2:a0:newa_0\[634] = \UART_PSOC:BUART:sRX:MODIN8_3\[635]
Removing Lhs of wire \UART_PSOC:BUART:sRX:MODIN8_3\[635] = \UART_PSOC:BUART:rx_count_3\[551]
Removing Lhs of wire \UART_PSOC:BUART:sRX:MODULE_9:g2:a0:newb_6\[636] = zero[2]
Removing Lhs of wire \UART_PSOC:BUART:sRX:MODULE_9:g2:a0:newb_5\[637] = zero[2]
Removing Lhs of wire \UART_PSOC:BUART:sRX:MODULE_9:g2:a0:newb_4\[638] = zero[2]
Removing Lhs of wire \UART_PSOC:BUART:sRX:MODULE_9:g2:a0:newb_3\[639] = zero[2]
Removing Lhs of wire \UART_PSOC:BUART:sRX:MODULE_9:g2:a0:newb_2\[640] = tmpOE__EB_4_net_0[1]
Removing Lhs of wire \UART_PSOC:BUART:sRX:MODULE_9:g2:a0:newb_1\[641] = tmpOE__EB_4_net_0[1]
Removing Lhs of wire \UART_PSOC:BUART:sRX:MODULE_9:g2:a0:newb_0\[642] = zero[2]
Removing Lhs of wire \UART_PSOC:BUART:sRX:MODULE_9:g2:a0:dataa_6\[643] = zero[2]
Removing Lhs of wire \UART_PSOC:BUART:sRX:MODULE_9:g2:a0:dataa_5\[644] = zero[2]
Removing Lhs of wire \UART_PSOC:BUART:sRX:MODULE_9:g2:a0:dataa_4\[645] = zero[2]
Removing Lhs of wire \UART_PSOC:BUART:sRX:MODULE_9:g2:a0:dataa_3\[646] = \UART_PSOC:BUART:rx_count_6\[548]
Removing Lhs of wire \UART_PSOC:BUART:sRX:MODULE_9:g2:a0:dataa_2\[647] = \UART_PSOC:BUART:rx_count_5\[549]
Removing Lhs of wire \UART_PSOC:BUART:sRX:MODULE_9:g2:a0:dataa_1\[648] = \UART_PSOC:BUART:rx_count_4\[550]
Removing Lhs of wire \UART_PSOC:BUART:sRX:MODULE_9:g2:a0:dataa_0\[649] = \UART_PSOC:BUART:rx_count_3\[551]
Removing Lhs of wire \UART_PSOC:BUART:sRX:MODULE_9:g2:a0:datab_6\[650] = zero[2]
Removing Lhs of wire \UART_PSOC:BUART:sRX:MODULE_9:g2:a0:datab_5\[651] = zero[2]
Removing Lhs of wire \UART_PSOC:BUART:sRX:MODULE_9:g2:a0:datab_4\[652] = zero[2]
Removing Lhs of wire \UART_PSOC:BUART:sRX:MODULE_9:g2:a0:datab_3\[653] = zero[2]
Removing Lhs of wire \UART_PSOC:BUART:sRX:MODULE_9:g2:a0:datab_2\[654] = tmpOE__EB_4_net_0[1]
Removing Lhs of wire \UART_PSOC:BUART:sRX:MODULE_9:g2:a0:datab_1\[655] = tmpOE__EB_4_net_0[1]
Removing Lhs of wire \UART_PSOC:BUART:sRX:MODULE_9:g2:a0:datab_0\[656] = zero[2]
Removing Lhs of wire \UART_PSOC:BUART:sRX:MODULE_10:g1:a0:newa_0\[671] = \UART_PSOC:BUART:rx_postpoll\[507]
Removing Lhs of wire \UART_PSOC:BUART:sRX:MODULE_10:g1:a0:newb_0\[672] = \UART_PSOC:BUART:rx_parity_bit\[623]
Removing Lhs of wire \UART_PSOC:BUART:sRX:MODULE_10:g1:a0:dataa_0\[673] = \UART_PSOC:BUART:rx_postpoll\[507]
Removing Lhs of wire \UART_PSOC:BUART:sRX:MODULE_10:g1:a0:datab_0\[674] = \UART_PSOC:BUART:rx_parity_bit\[623]
Removing Lhs of wire \UART_PSOC:BUART:sRX:MODULE_10:g1:a0:gx:u0:a_0\[675] = \UART_PSOC:BUART:rx_postpoll\[507]
Removing Lhs of wire \UART_PSOC:BUART:sRX:MODULE_10:g1:a0:gx:u0:b_0\[676] = \UART_PSOC:BUART:rx_parity_bit\[623]
Removing Lhs of wire \UART_PSOC:BUART:sRX:MODULE_10:g1:a0:gx:u0:aeqb_0\[678] = tmpOE__EB_4_net_0[1]
Removing Lhs of wire \UART_PSOC:BUART:sRX:MODULE_10:g1:a0:gx:u0:eq_0\[679] = \UART_PSOC:BUART:sRX:MODULE_10:g1:a0:gx:u0:xnor_array_0\[677]
Removing Lhs of wire \UART_PSOC:BUART:sRX:MODULE_10:g1:a0:gx:u0:eqi_0\[680] = \UART_PSOC:BUART:sRX:MODULE_10:g1:a0:gx:u0:xnor_array_0\[677]
Removing Lhs of wire \ENGINE_PWM:PWMUDB:ctrl_enable\[715] = \ENGINE_PWM:PWMUDB:control_7\[707]
Removing Lhs of wire \ENGINE_PWM:PWMUDB:hwCapture\[725] = zero[2]
Removing Lhs of wire \ENGINE_PWM:PWMUDB:hwEnable\[726] = \ENGINE_PWM:PWMUDB:control_7\[707]
Removing Lhs of wire \ENGINE_PWM:PWMUDB:trig_out\[730] = tmpOE__EB_4_net_0[1]
Removing Lhs of wire \ENGINE_PWM:PWMUDB:runmode_enable\\R\[732] = zero[2]
Removing Lhs of wire \ENGINE_PWM:PWMUDB:runmode_enable\\S\[733] = zero[2]
Removing Lhs of wire \ENGINE_PWM:PWMUDB:final_enable\[734] = \ENGINE_PWM:PWMUDB:runmode_enable\[731]
Removing Lhs of wire \ENGINE_PWM:PWMUDB:ltch_kill_reg\\R\[738] = zero[2]
Removing Lhs of wire \ENGINE_PWM:PWMUDB:ltch_kill_reg\\S\[739] = zero[2]
Removing Lhs of wire \ENGINE_PWM:PWMUDB:min_kill_reg\\R\[740] = zero[2]
Removing Lhs of wire \ENGINE_PWM:PWMUDB:min_kill_reg\\S\[741] = zero[2]
Removing Lhs of wire \ENGINE_PWM:PWMUDB:final_kill\[744] = tmpOE__EB_4_net_0[1]
Removing Lhs of wire \ENGINE_PWM:PWMUDB:add_vi_vv_MODGEN_11_1\[748] = \ENGINE_PWM:PWMUDB:MODULE_11:g2:a0:s_1\[1036]
Removing Lhs of wire \ENGINE_PWM:PWMUDB:add_vi_vv_MODGEN_11_0\[750] = \ENGINE_PWM:PWMUDB:MODULE_11:g2:a0:s_0\[1037]
Removing Lhs of wire \ENGINE_PWM:PWMUDB:dith_count_1\\R\[751] = zero[2]
Removing Lhs of wire \ENGINE_PWM:PWMUDB:dith_count_1\\S\[752] = zero[2]
Removing Lhs of wire \ENGINE_PWM:PWMUDB:dith_count_0\\R\[753] = zero[2]
Removing Lhs of wire \ENGINE_PWM:PWMUDB:dith_count_0\\S\[754] = zero[2]
Removing Lhs of wire \ENGINE_PWM:PWMUDB:reset\[757] = zero[2]
Removing Lhs of wire \ENGINE_PWM:PWMUDB:status_6\[758] = zero[2]
Removing Rhs of wire \ENGINE_PWM:PWMUDB:status_5\[759] = \ENGINE_PWM:PWMUDB:final_kill_reg\[773]
Removing Lhs of wire \ENGINE_PWM:PWMUDB:status_4\[760] = zero[2]
Removing Rhs of wire \ENGINE_PWM:PWMUDB:status_3\[761] = \ENGINE_PWM:PWMUDB:fifo_full\[780]
Removing Rhs of wire \ENGINE_PWM:PWMUDB:status_1\[763] = \ENGINE_PWM:PWMUDB:cmp2_status_reg\[772]
Removing Rhs of wire \ENGINE_PWM:PWMUDB:status_0\[764] = \ENGINE_PWM:PWMUDB:cmp1_status_reg\[771]
Removing Lhs of wire \ENGINE_PWM:PWMUDB:cmp2_status\[769] = zero[2]
Removing Lhs of wire \ENGINE_PWM:PWMUDB:cmp2\[770] = zero[2]
Removing Lhs of wire \ENGINE_PWM:PWMUDB:cmp1_status_reg\\R\[774] = zero[2]
Removing Lhs of wire \ENGINE_PWM:PWMUDB:cmp1_status_reg\\S\[775] = zero[2]
Removing Lhs of wire \ENGINE_PWM:PWMUDB:cmp2_status_reg\\R\[776] = zero[2]
Removing Lhs of wire \ENGINE_PWM:PWMUDB:cmp2_status_reg\\S\[777] = zero[2]
Removing Lhs of wire \ENGINE_PWM:PWMUDB:final_kill_reg\\R\[778] = zero[2]
Removing Lhs of wire \ENGINE_PWM:PWMUDB:final_kill_reg\\S\[779] = zero[2]
Removing Lhs of wire \ENGINE_PWM:PWMUDB:cs_addr_2\[781] = \ENGINE_PWM:PWMUDB:tc_i\[736]
Removing Lhs of wire \ENGINE_PWM:PWMUDB:cs_addr_1\[782] = \ENGINE_PWM:PWMUDB:runmode_enable\[731]
Removing Lhs of wire \ENGINE_PWM:PWMUDB:cs_addr_0\[783] = zero[2]
Removing Lhs of wire \ENGINE_PWM:PWMUDB:compare1\[864] = \ENGINE_PWM:PWMUDB:cmp1_less\[835]
Removing Lhs of wire \ENGINE_PWM:PWMUDB:pwm1_i\[869] = zero[2]
Removing Lhs of wire \ENGINE_PWM:PWMUDB:pwm2_i\[871] = zero[2]
Removing Rhs of wire \ENGINE_PWM:Net_96\[874] = \ENGINE_PWM:PWMUDB:pwm_i_reg\[866]
Removing Lhs of wire \ENGINE_PWM:PWMUDB:pwm_temp\[877] = \ENGINE_PWM:PWMUDB:cmp1\[767]
Removing Lhs of wire \ENGINE_PWM:PWMUDB:MODULE_11:g2:a0:a_23\[918] = zero[2]
Removing Lhs of wire \ENGINE_PWM:PWMUDB:MODULE_11:g2:a0:a_22\[919] = zero[2]
Removing Lhs of wire \ENGINE_PWM:PWMUDB:MODULE_11:g2:a0:a_21\[920] = zero[2]
Removing Lhs of wire \ENGINE_PWM:PWMUDB:MODULE_11:g2:a0:a_20\[921] = zero[2]
Removing Lhs of wire \ENGINE_PWM:PWMUDB:MODULE_11:g2:a0:a_19\[922] = zero[2]
Removing Lhs of wire \ENGINE_PWM:PWMUDB:MODULE_11:g2:a0:a_18\[923] = zero[2]
Removing Lhs of wire \ENGINE_PWM:PWMUDB:MODULE_11:g2:a0:a_17\[924] = zero[2]
Removing Lhs of wire \ENGINE_PWM:PWMUDB:MODULE_11:g2:a0:a_16\[925] = zero[2]
Removing Lhs of wire \ENGINE_PWM:PWMUDB:MODULE_11:g2:a0:a_15\[926] = zero[2]
Removing Lhs of wire \ENGINE_PWM:PWMUDB:MODULE_11:g2:a0:a_14\[927] = zero[2]
Removing Lhs of wire \ENGINE_PWM:PWMUDB:MODULE_11:g2:a0:a_13\[928] = zero[2]
Removing Lhs of wire \ENGINE_PWM:PWMUDB:MODULE_11:g2:a0:a_12\[929] = zero[2]
Removing Lhs of wire \ENGINE_PWM:PWMUDB:MODULE_11:g2:a0:a_11\[930] = zero[2]
Removing Lhs of wire \ENGINE_PWM:PWMUDB:MODULE_11:g2:a0:a_10\[931] = zero[2]
Removing Lhs of wire \ENGINE_PWM:PWMUDB:MODULE_11:g2:a0:a_9\[932] = zero[2]
Removing Lhs of wire \ENGINE_PWM:PWMUDB:MODULE_11:g2:a0:a_8\[933] = zero[2]
Removing Lhs of wire \ENGINE_PWM:PWMUDB:MODULE_11:g2:a0:a_7\[934] = zero[2]
Removing Lhs of wire \ENGINE_PWM:PWMUDB:MODULE_11:g2:a0:a_6\[935] = zero[2]
Removing Lhs of wire \ENGINE_PWM:PWMUDB:MODULE_11:g2:a0:a_5\[936] = zero[2]
Removing Lhs of wire \ENGINE_PWM:PWMUDB:MODULE_11:g2:a0:a_4\[937] = zero[2]
Removing Lhs of wire \ENGINE_PWM:PWMUDB:MODULE_11:g2:a0:a_3\[938] = zero[2]
Removing Lhs of wire \ENGINE_PWM:PWMUDB:MODULE_11:g2:a0:a_2\[939] = zero[2]
Removing Lhs of wire \ENGINE_PWM:PWMUDB:MODULE_11:g2:a0:a_1\[940] = \ENGINE_PWM:PWMUDB:MODIN9_1\[941]
Removing Lhs of wire \ENGINE_PWM:PWMUDB:MODIN9_1\[941] = \ENGINE_PWM:PWMUDB:dith_count_1\[747]
Removing Lhs of wire \ENGINE_PWM:PWMUDB:MODULE_11:g2:a0:a_0\[942] = \ENGINE_PWM:PWMUDB:MODIN9_0\[943]
Removing Lhs of wire \ENGINE_PWM:PWMUDB:MODIN9_0\[943] = \ENGINE_PWM:PWMUDB:dith_count_0\[749]
Removing Lhs of wire \ENGINE_PWM:PWMUDB:MODULE_11:g2:a0:g1:z1:s0:g1:u0:c_0\[1075] = tmpOE__EB_4_net_0[1]
Removing Lhs of wire \ENGINE_PWM:PWMUDB:MODULE_11:g2:a0:g1:z1:s0:g1:u0:b_0\[1076] = tmpOE__EB_4_net_0[1]
Removing Rhs of wire Net_4126[1077] = \ENGINE_PWM:Net_96\[874]
Removing Lhs of wire tmpOE__Pin_Safe_1_net_0[1084] = tmpOE__EB_4_net_0[1]
Removing Lhs of wire tmpOE__Pin_Safe_2_net_0[1090] = tmpOE__EB_4_net_0[1]
Removing Lhs of wire \EB_Status_Reg_2:status_0\[1095] = Net_4129[1096]
Removing Lhs of wire \EB_Status_Reg_2:status_1\[1097] = Net_4080[22]
Removing Lhs of wire \EB_Status_Reg_2:status_2\[1098] = Net_4081[28]
Removing Lhs of wire \EB_Status_Reg_2:status_3\[1099] = Net_4082[34]
Removing Lhs of wire \EB_Status_Reg_2:status_4\[1100] = Net_4083[40]
Removing Lhs of wire \EB_Status_Reg_2:status_5\[1101] = zero[2]
Removing Lhs of wire \EB_Status_Reg_2:status_6\[1102] = zero[2]
Removing Lhs of wire \EB_Status_Reg_2:status_7\[1103] = zero[2]
Removing Lhs of wire tmpOE__EB_6_net_0[1107] = tmpOE__EB_4_net_0[1]
Removing Lhs of wire \USBUART:tmpOE__Dm_net_0\[1114] = tmpOE__EB_4_net_0[1]
Removing Lhs of wire \USBUART:tmpOE__Dp_net_0\[1121] = tmpOE__EB_4_net_0[1]
Removing Lhs of wire \EB_Status_Reg_1:status_0\[1173] = Net_4084[52]
Removing Lhs of wire \EB_Status_Reg_1:status_1\[1174] = Net_4079[16]
Removing Lhs of wire \EB_Status_Reg_1:status_2\[1175] = Net_4078[10]
Removing Lhs of wire \EB_Status_Reg_1:status_3\[1176] = Net_4077[3]
Removing Lhs of wire \EB_Status_Reg_1:status_4\[1177] = Net_4085[58]
Removing Lhs of wire \EB_Status_Reg_1:status_5\[1178] = zero[2]
Removing Lhs of wire \EB_Status_Reg_1:status_6\[1179] = zero[2]
Removing Lhs of wire \EB_Status_Reg_1:status_7\[1180] = zero[2]
Removing Lhs of wire tmpOE__Pin_AnalogIN_1_net_0[1183] = tmpOE__EB_4_net_0[1]
Removing Lhs of wire tmpOE__Pin_AnalogIN_3_net_0[1190] = tmpOE__EB_4_net_0[1]
Removing Lhs of wire \ADC_SAR_1:vp_ctl_0\[1200] = zero[2]
Removing Lhs of wire \ADC_SAR_1:vp_ctl_2\[1201] = zero[2]
Removing Lhs of wire \ADC_SAR_1:vn_ctl_1\[1202] = zero[2]
Removing Lhs of wire \ADC_SAR_1:vn_ctl_3\[1203] = zero[2]
Removing Lhs of wire \ADC_SAR_1:vp_ctl_1\[1204] = zero[2]
Removing Lhs of wire \ADC_SAR_1:vp_ctl_3\[1205] = zero[2]
Removing Lhs of wire \ADC_SAR_1:vn_ctl_0\[1206] = zero[2]
Removing Lhs of wire \ADC_SAR_1:vn_ctl_2\[1207] = zero[2]
Removing Rhs of wire \ADC_SAR_1:Net_188\[1211] = \ADC_SAR_1:Net_221\[1212]
Removing Lhs of wire \ADC_SAR_1:soc\[1217] = zero[2]
Removing Lhs of wire \ADC_SAR_1:Net_383\[1243] = zero[2]
Removing Lhs of wire tmpOE__PSOC_TX_net_0[1245] = tmpOE__EB_4_net_0[1]
Removing Lhs of wire tmpOE__SCL_net_0[1251] = tmpOE__EB_4_net_0[1]
Removing Lhs of wire tmpOE__SDA_net_0[1257] = tmpOE__EB_4_net_0[1]
Removing Rhs of wire \I2C:sda_x_wire\[1262] = \I2C:Net_643_1\[1263]
Removing Rhs of wire \I2C:Net_697\[1265] = \I2C:Net_643_2\[1271]
Removing Rhs of wire \I2C:Net_1109_0\[1268] = \I2C:scl_yfb\[1281]
Removing Rhs of wire \I2C:Net_1109_1\[1269] = \I2C:sda_yfb\[1282]
Removing Lhs of wire \I2C:scl_x_wire\[1272] = \I2C:Net_643_0\[1270]
Removing Lhs of wire \I2C:Net_969\[1273] = tmpOE__EB_4_net_0[1]
Removing Lhs of wire \I2C:Net_968\[1274] = tmpOE__EB_4_net_0[1]
Removing Lhs of wire \I2C:tmpOE__Bufoe_scl_net_0\[1284] = tmpOE__EB_4_net_0[1]
Removing Lhs of wire \I2C:tmpOE__Bufoe_sda_net_0\[1286] = tmpOE__EB_4_net_0[1]
Removing Rhs of wire \ENGINE_DECODER:Net_1275\[1297] = \ENGINE_DECODER:Cnt16:Net_49\[1298]
Removing Rhs of wire \ENGINE_DECODER:Net_1275\[1297] = \ENGINE_DECODER:Cnt16:CounterUDB:tc_reg_i\[1354]
Removing Lhs of wire \ENGINE_DECODER:Cnt16:Net_89\[1300] = \ENGINE_DECODER:Net_1251\[1301]
Removing Lhs of wire \ENGINE_DECODER:Cnt16:CounterUDB:ctrl_capmode_1\[1310] = zero[2]
Removing Lhs of wire \ENGINE_DECODER:Cnt16:CounterUDB:ctrl_capmode_0\[1311] = zero[2]
Removing Lhs of wire \ENGINE_DECODER:Cnt16:CounterUDB:ctrl_enable\[1323] = \ENGINE_DECODER:Cnt16:CounterUDB:control_7\[1315]
Removing Lhs of wire \ENGINE_DECODER:Cnt16:CounterUDB:capt_rising\[1325] = zero[2]
Removing Lhs of wire \ENGINE_DECODER:Cnt16:CounterUDB:capt_falling\[1326] = \ENGINE_DECODER:Cnt16:CounterUDB:prevCapture\[1324]
Removing Rhs of wire \ENGINE_DECODER:Net_1260\[1330] = \ENGINE_DECODER:bQuadDec:state_2\[1468]
Removing Lhs of wire \ENGINE_DECODER:Cnt16:CounterUDB:final_enable\[1332] = \ENGINE_DECODER:Cnt16:CounterUDB:control_7\[1315]
Removing Lhs of wire \ENGINE_DECODER:Cnt16:CounterUDB:counter_enable\[1333] = \ENGINE_DECODER:Cnt16:CounterUDB:control_7\[1315]
Removing Rhs of wire \ENGINE_DECODER:Cnt16:CounterUDB:status_0\[1334] = \ENGINE_DECODER:Cnt16:CounterUDB:cmp_out_status\[1335]
Removing Rhs of wire \ENGINE_DECODER:Cnt16:CounterUDB:status_1\[1336] = \ENGINE_DECODER:Cnt16:CounterUDB:per_zero\[1337]
Removing Rhs of wire \ENGINE_DECODER:Cnt16:CounterUDB:status_2\[1338] = \ENGINE_DECODER:Cnt16:CounterUDB:overflow_status\[1339]
Removing Rhs of wire \ENGINE_DECODER:Cnt16:CounterUDB:status_3\[1340] = \ENGINE_DECODER:Cnt16:CounterUDB:underflow_status\[1341]
Removing Lhs of wire \ENGINE_DECODER:Cnt16:CounterUDB:status_4\[1342] = \ENGINE_DECODER:Cnt16:CounterUDB:hwCapture\[1328]
Removing Rhs of wire \ENGINE_DECODER:Cnt16:CounterUDB:status_5\[1343] = \ENGINE_DECODER:Cnt16:CounterUDB:fifo_full\[1344]
Removing Rhs of wire \ENGINE_DECODER:Cnt16:CounterUDB:status_6\[1345] = \ENGINE_DECODER:Cnt16:CounterUDB:fifo_nempty\[1346]
Removing Rhs of wire \ENGINE_DECODER:Cnt16:CounterUDB:overflow\[1348] = \ENGINE_DECODER:Cnt16:CounterUDB:per_FF\[1349]
Removing Lhs of wire \ENGINE_DECODER:Cnt16:CounterUDB:underflow\[1350] = \ENGINE_DECODER:Cnt16:CounterUDB:status_1\[1336]
Removing Lhs of wire \ENGINE_DECODER:Cnt16:CounterUDB:tc_i\[1353] = \ENGINE_DECODER:Cnt16:CounterUDB:reload_tc\[1331]
Removing Rhs of wire \ENGINE_DECODER:Cnt16:CounterUDB:cmp_out_i\[1355] = \ENGINE_DECODER:Cnt16:CounterUDB:cmp_equal\[1356]
Removing Rhs of wire \ENGINE_DECODER:Net_1264\[1359] = \ENGINE_DECODER:Cnt16:CounterUDB:cmp_out_reg_i\[1358]
Removing Lhs of wire \ENGINE_DECODER:Cnt16:CounterUDB:dp_dir\[1363] = \ENGINE_DECODER:Net_1251\[1301]
Removing Lhs of wire \ENGINE_DECODER:Cnt16:CounterUDB:cs_addr_2\[1364] = \ENGINE_DECODER:Net_1251\[1301]
Removing Lhs of wire \ENGINE_DECODER:Cnt16:CounterUDB:cs_addr_1\[1365] = \ENGINE_DECODER:Cnt16:CounterUDB:count_enable\[1362]
Removing Lhs of wire \ENGINE_DECODER:Cnt16:CounterUDB:cs_addr_0\[1366] = \ENGINE_DECODER:Cnt16:CounterUDB:reload\[1329]
Removing Lhs of wire \ENGINE_DECODER:Net_1290\[1443] = \ENGINE_DECODER:Net_1275\[1297]
Removing Lhs of wire \ENGINE_DECODER:bQuadDec:index_filt\[1466] = \ENGINE_DECODER:Net_1232\[1467]
Removing Lhs of wire \ENGINE_DECODER:Net_1232\[1467] = tmpOE__EB_4_net_0[1]
Removing Rhs of wire \ENGINE_DECODER:bQuadDec:error\[1469] = \ENGINE_DECODER:bQuadDec:state_3\[1470]
Removing Lhs of wire \ENGINE_DECODER:bQuadDec:status_0\[1473] = \ENGINE_DECODER:Net_530\[1474]
Removing Lhs of wire \ENGINE_DECODER:bQuadDec:status_1\[1475] = \ENGINE_DECODER:Net_611\[1476]
Removing Lhs of wire \ENGINE_DECODER:bQuadDec:status_2\[1477] = \ENGINE_DECODER:Net_1260\[1330]
Removing Lhs of wire \ENGINE_DECODER:bQuadDec:status_3\[1478] = \ENGINE_DECODER:bQuadDec:error\[1469]
Removing Lhs of wire \ENGINE_DECODER:bQuadDec:status_4\[1479] = zero[2]
Removing Lhs of wire \ENGINE_DECODER:bQuadDec:status_5\[1480] = zero[2]
Removing Lhs of wire \ENGINE_DECODER:bQuadDec:status_6\[1481] = zero[2]
Removing Lhs of wire \ENGINE_DECODER:Net_1229\[1485] = tmpOE__EB_4_net_0[1]
Removing Lhs of wire \ENGINE_DECODER:Net_1272\[1486] = \ENGINE_DECODER:Net_1264\[1359]
Removing Lhs of wire tmpOE__Pin_Encoder_A_net_0[1489] = tmpOE__EB_4_net_0[1]
Removing Lhs of wire tmpOE__Pin_Encoder_B_net_0[1494] = tmpOE__EB_4_net_0[1]
Removing Lhs of wire \ENGINE_Direction:clk\[1498] = zero[2]
Removing Lhs of wire \ENGINE_Direction:rst\[1499] = zero[2]
Removing Rhs of wire Net_4260[1500] = \ENGINE_Direction:control_out_0\[1501]
Removing Rhs of wire Net_4260[1500] = \ENGINE_Direction:control_0\[1524]
Removing Rhs of wire Net_4257[1502] = \ENGINE_Direction:control_out_1\[1503]
Removing Rhs of wire Net_4257[1502] = \ENGINE_Direction:control_1\[1523]
Removing Lhs of wire tmpOE__Pin_Engine_Mode_1_net_0[1526] = tmpOE__EB_4_net_0[1]
Removing Lhs of wire tmpOE__Pin_Engine_Mode_2_net_0[1532] = tmpOE__EB_4_net_0[1]
Removing Lhs of wire tmpOE__Pin_AnalogIN_2_net_0[1538] = tmpOE__EB_4_net_0[1]
Removing Lhs of wire tmpOE__Pin_Engine_PWM_net_0[1545] = tmpOE__EB_4_net_0[1]
Removing Lhs of wire \ADC_SAR_2:vp_ctl_0\[1555] = zero[2]
Removing Lhs of wire \ADC_SAR_2:vp_ctl_2\[1556] = zero[2]
Removing Lhs of wire \ADC_SAR_2:vn_ctl_1\[1557] = zero[2]
Removing Lhs of wire \ADC_SAR_2:vn_ctl_3\[1558] = zero[2]
Removing Lhs of wire \ADC_SAR_2:vp_ctl_1\[1559] = zero[2]
Removing Lhs of wire \ADC_SAR_2:vp_ctl_3\[1560] = zero[2]
Removing Lhs of wire \ADC_SAR_2:vn_ctl_0\[1561] = zero[2]
Removing Lhs of wire \ADC_SAR_2:vn_ctl_2\[1562] = zero[2]
Removing Rhs of wire \ADC_SAR_2:Net_188\[1566] = \ADC_SAR_2:Net_221\[1567]
Removing Lhs of wire \ADC_SAR_2:soc\[1572] = zero[2]
Removing Lhs of wire \ADC_SAR_2:Net_383\[1598] = zero[2]
Removing Lhs of wire tmpOE__Pin_Toggle_net_0[1601] = tmpOE__EB_4_net_0[1]
Removing Lhs of wire \UART_LOG:BUART:reset_reg\\D\[1606] = zero[2]
Removing Lhs of wire \UART_LOG:BUART:rx_bitclk\\D\[1621] = \UART_LOG:BUART:rx_bitclk_pre\[249]
Removing Lhs of wire \UART_LOG:BUART:rx_parity_error_pre\\D\[1630] = \UART_LOG:BUART:rx_parity_error_pre\[325]
Removing Lhs of wire \UART_LOG:BUART:rx_break_status\\D\[1631] = zero[2]
Removing Lhs of wire \UART_PSOC:BUART:reset_reg\\D\[1635] = zero[2]
Removing Lhs of wire \UART_PSOC:BUART:rx_bitclk\\D\[1650] = \UART_PSOC:BUART:rx_bitclk_pre\[542]
Removing Lhs of wire \UART_PSOC:BUART:rx_parity_error_pre\\D\[1659] = \UART_PSOC:BUART:rx_parity_error_pre\[618]
Removing Lhs of wire \UART_PSOC:BUART:rx_break_status\\D\[1660] = zero[2]
Removing Lhs of wire \ENGINE_PWM:PWMUDB:min_kill_reg\\D\[1664] = tmpOE__EB_4_net_0[1]
Removing Lhs of wire \ENGINE_PWM:PWMUDB:prevCapture\\D\[1665] = zero[2]
Removing Lhs of wire \ENGINE_PWM:PWMUDB:trig_last\\D\[1666] = zero[2]
Removing Lhs of wire \ENGINE_PWM:PWMUDB:ltch_kill_reg\\D\[1669] = tmpOE__EB_4_net_0[1]
Removing Lhs of wire \ENGINE_PWM:PWMUDB:prevCompare1\\D\[1672] = \ENGINE_PWM:PWMUDB:cmp1\[767]
Removing Lhs of wire \ENGINE_PWM:PWMUDB:cmp1_status_reg\\D\[1673] = \ENGINE_PWM:PWMUDB:cmp1_status\[768]
Removing Lhs of wire \ENGINE_PWM:PWMUDB:cmp2_status_reg\\D\[1674] = zero[2]
Removing Lhs of wire \ENGINE_PWM:PWMUDB:pwm_i_reg\\D\[1676] = \ENGINE_PWM:PWMUDB:pwm_i\[867]
Removing Lhs of wire \ENGINE_PWM:PWMUDB:pwm1_i_reg\\D\[1677] = zero[2]
Removing Lhs of wire \ENGINE_PWM:PWMUDB:pwm2_i_reg\\D\[1678] = zero[2]
Removing Lhs of wire \ENGINE_PWM:PWMUDB:tc_i_reg\\D\[1679] = \ENGINE_PWM:PWMUDB:status_2\[762]
Removing Lhs of wire \ENGINE_DECODER:Cnt16:CounterUDB:prevCapture\\D\[1681] = zero[2]
Removing Lhs of wire \ENGINE_DECODER:Cnt16:CounterUDB:overflow_reg_i\\D\[1682] = \ENGINE_DECODER:Cnt16:CounterUDB:overflow\[1348]
Removing Lhs of wire \ENGINE_DECODER:Cnt16:CounterUDB:underflow_reg_i\\D\[1683] = \ENGINE_DECODER:Cnt16:CounterUDB:status_1\[1336]
Removing Lhs of wire \ENGINE_DECODER:Cnt16:CounterUDB:tc_reg_i\\D\[1684] = \ENGINE_DECODER:Cnt16:CounterUDB:reload_tc\[1331]
Removing Lhs of wire \ENGINE_DECODER:Cnt16:CounterUDB:prevCompare\\D\[1685] = \ENGINE_DECODER:Cnt16:CounterUDB:cmp_out_i\[1355]
Removing Lhs of wire \ENGINE_DECODER:Cnt16:CounterUDB:cmp_out_reg_i\\D\[1686] = \ENGINE_DECODER:Cnt16:CounterUDB:cmp_out_i\[1355]
Removing Lhs of wire \ENGINE_DECODER:Cnt16:CounterUDB:count_stored_i\\D\[1687] = \ENGINE_DECODER:Net_1203\[1361]

------------------------------------------------------
Aliased 0 equations, 414 wires.
------------------------------------------------------

----------------------------------------------------------
Circuit simplification
----------------------------------------------------------

Substituting virtuals - pass 1:

Note:  Expanding virtual equation for 'tmpOE__EB_4_net_0' (cost = 0):
tmpOE__EB_4_net_0 <=  ('1') ;

Note:  Expanding virtual equation for 'zero' (cost = 0):
zero <=  ('0') ;

Note:  Expanding virtual equation for '\UART_LOG:BUART:rx_addressmatch\' (cost = 0):
\UART_LOG:BUART:rx_addressmatch\ <= (\UART_LOG:BUART:rx_addressmatch2\
	OR \UART_LOG:BUART:rx_addressmatch1\);

Note:  Expanding virtual equation for '\UART_LOG:BUART:rx_bitclk_pre\' (cost = 1):
\UART_LOG:BUART:rx_bitclk_pre\ <= ((not \UART_LOG:BUART:rx_count_2\ and not \UART_LOG:BUART:rx_count_1\ and not \UART_LOG:BUART:rx_count_0\));

Note:  Expanding virtual equation for '\UART_LOG:BUART:rx_bitclk_pre16x\' (cost = 0):
\UART_LOG:BUART:rx_bitclk_pre16x\ <= ((not \UART_LOG:BUART:rx_count_2\ and \UART_LOG:BUART:rx_count_1\ and \UART_LOG:BUART:rx_count_0\));

Note:  Expanding virtual equation for '\UART_LOG:BUART:rx_poll_bit1\' (cost = 1):
\UART_LOG:BUART:rx_poll_bit1\ <= ((not \UART_LOG:BUART:rx_count_2\ and not \UART_LOG:BUART:rx_count_1\ and \UART_LOG:BUART:rx_count_0\));

Note:  Expanding virtual equation for '\UART_LOG:BUART:rx_poll_bit2\' (cost = 1):
\UART_LOG:BUART:rx_poll_bit2\ <= ((not \UART_LOG:BUART:rx_count_2\ and not \UART_LOG:BUART:rx_count_1\ and not \UART_LOG:BUART:rx_count_0\));

Note:  Expanding virtual equation for '\UART_LOG:BUART:pollingrange\' (cost = 4):
\UART_LOG:BUART:pollingrange\ <= ((not \UART_LOG:BUART:rx_count_2\ and not \UART_LOG:BUART:rx_count_1\));

Note:  Expanding virtual equation for '\UART_LOG:BUART:sRX:s23Poll:MODULE_1:g2:a0:g1:z1:s0:g1:u0:c_1\' (cost = 0):
\UART_LOG:BUART:sRX:s23Poll:MODULE_1:g2:a0:g1:z1:s0:g1:u0:c_1\ <= (MODIN1_0);

Note:  Expanding virtual equation for 'add_vv_vv_MODGEN_1_0' (cost = 0):
add_vv_vv_MODGEN_1_0 <= (not MODIN1_0);

Note:  Expanding virtual equation for '\UART_LOG:BUART:sRX:s23Poll:MODULE_2:g2:a0:lta_1\' (cost = 0):
\UART_LOG:BUART:sRX:s23Poll:MODULE_2:g2:a0:lta_1\ <=  ('0') ;

Note:  Expanding virtual equation for '\UART_LOG:BUART:sRX:s23Poll:MODULE_2:g2:a0:gta_1\' (cost = 0):
\UART_LOG:BUART:sRX:s23Poll:MODULE_2:g2:a0:gta_1\ <= (MODIN1_1);

Note:  Expanding virtual equation for '\UART_LOG:BUART:sRX:s23Poll:MODULE_3:g2:a0:lta_1\' (cost = 0):
\UART_LOG:BUART:sRX:s23Poll:MODULE_3:g2:a0:lta_1\ <= (not MODIN1_1);

Note:  Expanding virtual equation for '\UART_LOG:BUART:sRX:s23Poll:MODULE_3:g2:a0:gta_1\' (cost = 0):
\UART_LOG:BUART:sRX:s23Poll:MODULE_3:g2:a0:gta_1\ <=  ('0') ;

Note:  Expanding virtual equation for '\UART_LOG:BUART:sRX:MODULE_4:g2:a0:lta_6\' (cost = 0):
\UART_LOG:BUART:sRX:MODULE_4:g2:a0:lta_6\ <=  ('0') ;

Note:  Expanding virtual equation for '\UART_LOG:BUART:sRX:MODULE_4:g2:a0:gta_6\' (cost = 0):
\UART_LOG:BUART:sRX:MODULE_4:g2:a0:gta_6\ <=  ('0') ;

Note:  Expanding virtual equation for '\UART_LOG:BUART:sRX:MODULE_4:g2:a0:lta_5\' (cost = 0):
\UART_LOG:BUART:sRX:MODULE_4:g2:a0:lta_5\ <=  ('0') ;

Note:  Expanding virtual equation for '\UART_LOG:BUART:sRX:MODULE_4:g2:a0:gta_5\' (cost = 0):
\UART_LOG:BUART:sRX:MODULE_4:g2:a0:gta_5\ <=  ('0') ;

Note:  Expanding virtual equation for '\UART_LOG:BUART:sRX:MODULE_4:g2:a0:lta_4\' (cost = 0):
\UART_LOG:BUART:sRX:MODULE_4:g2:a0:lta_4\ <=  ('0') ;

Note:  Expanding virtual equation for '\UART_LOG:BUART:sRX:MODULE_4:g2:a0:gta_4\' (cost = 0):
\UART_LOG:BUART:sRX:MODULE_4:g2:a0:gta_4\ <=  ('0') ;

Note:  Expanding virtual equation for '\UART_LOG:BUART:sRX:MODULE_4:g2:a0:lta_3\' (cost = 0):
\UART_LOG:BUART:sRX:MODULE_4:g2:a0:lta_3\ <=  ('0') ;

Note:  Expanding virtual equation for '\UART_LOG:BUART:sRX:MODULE_4:g2:a0:gta_3\' (cost = 0):
\UART_LOG:BUART:sRX:MODULE_4:g2:a0:gta_3\ <= (MODIN4_6);

Note:  Expanding virtual equation for '\UART_LOG:BUART:sRX:MODULE_4:g2:a0:lta_2\' (cost = 1):
\UART_LOG:BUART:sRX:MODULE_4:g2:a0:lta_2\ <= ((not MODIN4_6 and not MODIN4_5));

Note:  Expanding virtual equation for '\UART_LOG:BUART:sRX:MODULE_4:g2:a0:gta_2\' (cost = 0):
\UART_LOG:BUART:sRX:MODULE_4:g2:a0:gta_2\ <= (MODIN4_6);

Note:  Expanding virtual equation for '\UART_LOG:BUART:sRX:MODULE_4:g2:a0:lta_1\' (cost = 2):
\UART_LOG:BUART:sRX:MODULE_4:g2:a0:lta_1\ <= ((not MODIN4_6 and not MODIN4_4)
	OR (not MODIN4_6 and not MODIN4_5));

Note:  Expanding virtual equation for '\UART_LOG:BUART:sRX:MODULE_4:g2:a0:gta_1\' (cost = 0):
\UART_LOG:BUART:sRX:MODULE_4:g2:a0:gta_1\ <= (MODIN4_6);

Note:  Expanding virtual equation for '\UART_LOG:BUART:sRX:MODULE_4:g2:a0:lta_0\' (cost = 8):
\UART_LOG:BUART:sRX:MODULE_4:g2:a0:lta_0\ <= ((not MODIN4_6 and not MODIN4_4)
	OR (not MODIN4_6 and not MODIN4_5));

Note:  Expanding virtual equation for '\UART_PSOC:BUART:rx_addressmatch\' (cost = 0):
\UART_PSOC:BUART:rx_addressmatch\ <= (\UART_PSOC:BUART:rx_addressmatch2\
	OR \UART_PSOC:BUART:rx_addressmatch1\);

Note:  Expanding virtual equation for '\UART_PSOC:BUART:rx_bitclk_pre\' (cost = 1):
\UART_PSOC:BUART:rx_bitclk_pre\ <= ((not \UART_PSOC:BUART:rx_count_2\ and not \UART_PSOC:BUART:rx_count_1\ and not \UART_PSOC:BUART:rx_count_0\));

Note:  Expanding virtual equation for '\UART_PSOC:BUART:rx_bitclk_pre16x\' (cost = 0):
\UART_PSOC:BUART:rx_bitclk_pre16x\ <= ((not \UART_PSOC:BUART:rx_count_2\ and \UART_PSOC:BUART:rx_count_1\ and \UART_PSOC:BUART:rx_count_0\));

Note:  Expanding virtual equation for '\UART_PSOC:BUART:rx_poll_bit1\' (cost = 1):
\UART_PSOC:BUART:rx_poll_bit1\ <= ((not \UART_PSOC:BUART:rx_count_2\ and not \UART_PSOC:BUART:rx_count_1\ and \UART_PSOC:BUART:rx_count_0\));

Note:  Expanding virtual equation for '\UART_PSOC:BUART:rx_poll_bit2\' (cost = 1):
\UART_PSOC:BUART:rx_poll_bit2\ <= ((not \UART_PSOC:BUART:rx_count_2\ and not \UART_PSOC:BUART:rx_count_1\ and not \UART_PSOC:BUART:rx_count_0\));

Note:  Expanding virtual equation for '\UART_PSOC:BUART:pollingrange\' (cost = 4):
\UART_PSOC:BUART:pollingrange\ <= ((not \UART_PSOC:BUART:rx_count_2\ and not \UART_PSOC:BUART:rx_count_1\));

Note:  Expanding virtual equation for '\UART_PSOC:BUART:sRX:s23Poll:MODULE_6:g2:a0:g1:z1:s0:g1:u0:c_1\' (cost = 0):
\UART_PSOC:BUART:sRX:s23Poll:MODULE_6:g2:a0:g1:z1:s0:g1:u0:c_1\ <= (\UART_PSOC:BUART:pollcount_0\);

Note:  Expanding virtual equation for '\UART_PSOC:BUART:sRX:s23Poll:MODULE_6:g2:a0:s_0\' (cost = 0):
\UART_PSOC:BUART:sRX:s23Poll:MODULE_6:g2:a0:s_0\ <= (not \UART_PSOC:BUART:pollcount_0\);

Note:  Expanding virtual equation for '\UART_PSOC:BUART:sRX:s23Poll:MODULE_7:g2:a0:lta_1\' (cost = 0):
\UART_PSOC:BUART:sRX:s23Poll:MODULE_7:g2:a0:lta_1\ <=  ('0') ;

Note:  Expanding virtual equation for '\UART_PSOC:BUART:sRX:s23Poll:MODULE_7:g2:a0:gta_1\' (cost = 0):
\UART_PSOC:BUART:sRX:s23Poll:MODULE_7:g2:a0:gta_1\ <= (\UART_PSOC:BUART:pollcount_1\);

Note:  Expanding virtual equation for '\UART_PSOC:BUART:sRX:s23Poll:MODULE_8:g2:a0:lta_1\' (cost = 0):
\UART_PSOC:BUART:sRX:s23Poll:MODULE_8:g2:a0:lta_1\ <= (not \UART_PSOC:BUART:pollcount_1\);

Note:  Expanding virtual equation for '\UART_PSOC:BUART:sRX:s23Poll:MODULE_8:g2:a0:gta_1\' (cost = 0):
\UART_PSOC:BUART:sRX:s23Poll:MODULE_8:g2:a0:gta_1\ <=  ('0') ;

Note:  Expanding virtual equation for '\UART_PSOC:BUART:sRX:MODULE_9:g2:a0:lta_6\' (cost = 0):
\UART_PSOC:BUART:sRX:MODULE_9:g2:a0:lta_6\ <=  ('0') ;

Note:  Expanding virtual equation for '\UART_PSOC:BUART:sRX:MODULE_9:g2:a0:gta_6\' (cost = 0):
\UART_PSOC:BUART:sRX:MODULE_9:g2:a0:gta_6\ <=  ('0') ;

Note:  Expanding virtual equation for '\UART_PSOC:BUART:sRX:MODULE_9:g2:a0:lta_5\' (cost = 0):
\UART_PSOC:BUART:sRX:MODULE_9:g2:a0:lta_5\ <=  ('0') ;

Note:  Expanding virtual equation for '\UART_PSOC:BUART:sRX:MODULE_9:g2:a0:gta_5\' (cost = 0):
\UART_PSOC:BUART:sRX:MODULE_9:g2:a0:gta_5\ <=  ('0') ;

Note:  Expanding virtual equation for '\UART_PSOC:BUART:sRX:MODULE_9:g2:a0:lta_4\' (cost = 0):
\UART_PSOC:BUART:sRX:MODULE_9:g2:a0:lta_4\ <=  ('0') ;

Note:  Expanding virtual equation for '\UART_PSOC:BUART:sRX:MODULE_9:g2:a0:gta_4\' (cost = 0):
\UART_PSOC:BUART:sRX:MODULE_9:g2:a0:gta_4\ <=  ('0') ;

Note:  Expanding virtual equation for '\UART_PSOC:BUART:sRX:MODULE_9:g2:a0:lta_3\' (cost = 0):
\UART_PSOC:BUART:sRX:MODULE_9:g2:a0:lta_3\ <=  ('0') ;

Note:  Expanding virtual equation for '\UART_PSOC:BUART:sRX:MODULE_9:g2:a0:gta_3\' (cost = 0):
\UART_PSOC:BUART:sRX:MODULE_9:g2:a0:gta_3\ <= (\UART_PSOC:BUART:rx_count_6\);

Note:  Expanding virtual equation for '\UART_PSOC:BUART:sRX:MODULE_9:g2:a0:lta_2\' (cost = 1):
\UART_PSOC:BUART:sRX:MODULE_9:g2:a0:lta_2\ <= ((not \UART_PSOC:BUART:rx_count_6\ and not \UART_PSOC:BUART:rx_count_5\));

Note:  Expanding virtual equation for '\UART_PSOC:BUART:sRX:MODULE_9:g2:a0:gta_2\' (cost = 0):
\UART_PSOC:BUART:sRX:MODULE_9:g2:a0:gta_2\ <= (\UART_PSOC:BUART:rx_count_6\);

Note:  Expanding virtual equation for '\UART_PSOC:BUART:sRX:MODULE_9:g2:a0:lta_1\' (cost = 2):
\UART_PSOC:BUART:sRX:MODULE_9:g2:a0:lta_1\ <= ((not \UART_PSOC:BUART:rx_count_6\ and not \UART_PSOC:BUART:rx_count_4\)
	OR (not \UART_PSOC:BUART:rx_count_6\ and not \UART_PSOC:BUART:rx_count_5\));

Note:  Expanding virtual equation for '\UART_PSOC:BUART:sRX:MODULE_9:g2:a0:gta_1\' (cost = 0):
\UART_PSOC:BUART:sRX:MODULE_9:g2:a0:gta_1\ <= (\UART_PSOC:BUART:rx_count_6\);

Note:  Expanding virtual equation for '\UART_PSOC:BUART:sRX:MODULE_9:g2:a0:lta_0\' (cost = 8):
\UART_PSOC:BUART:sRX:MODULE_9:g2:a0:lta_0\ <= ((not \UART_PSOC:BUART:rx_count_6\ and not \UART_PSOC:BUART:rx_count_4\)
	OR (not \UART_PSOC:BUART:rx_count_6\ and not \UART_PSOC:BUART:rx_count_5\));

Note:  Expanding virtual equation for '\ENGINE_PWM:PWMUDB:cmp1\' (cost = 0):
\ENGINE_PWM:PWMUDB:cmp1\ <= (\ENGINE_PWM:PWMUDB:cmp1_less\);

Note:  Expanding virtual equation for '\ENGINE_PWM:PWMUDB:MODULE_11:g2:a0:g1:z1:s0:g1:u0:c_1\' (cost = 0):
\ENGINE_PWM:PWMUDB:MODULE_11:g2:a0:g1:z1:s0:g1:u0:c_1\ <= (\ENGINE_PWM:PWMUDB:dith_count_0\);

Note:  Expanding virtual equation for '\ENGINE_PWM:PWMUDB:MODULE_11:g2:a0:s_0\' (cost = 0):
\ENGINE_PWM:PWMUDB:MODULE_11:g2:a0:s_0\ <= (not \ENGINE_PWM:PWMUDB:dith_count_0\);

Note:  Expanding virtual equation for '\ENGINE_PWM:PWMUDB:MODULE_11:g2:a0:g1:z1:s0:g1:u0:c_17\' (cost = 0):
\ENGINE_PWM:PWMUDB:MODULE_11:g2:a0:g1:z1:s0:g1:u0:c_17\ <=  ('0') ;

Note:  Expanding virtual equation for '\ENGINE_PWM:PWMUDB:MODULE_11:g2:a0:g1:z1:s0:g1:u0:c_9\' (cost = 0):
\ENGINE_PWM:PWMUDB:MODULE_11:g2:a0:g1:z1:s0:g1:u0:c_9\ <=  ('0') ;

Note:  Expanding virtual equation for '\ENGINE_PWM:PWMUDB:MODULE_11:g2:a0:g1:z1:s0:g1:u0:c_2\' (cost = 0):
\ENGINE_PWM:PWMUDB:MODULE_11:g2:a0:g1:z1:s0:g1:u0:c_2\ <= ((\ENGINE_PWM:PWMUDB:dith_count_1\ and \ENGINE_PWM:PWMUDB:dith_count_0\));

Note:  Expanding virtual equation for '\ENGINE_DECODER:Cnt16:CounterUDB:capt_either_edge\' (cost = 0):
\ENGINE_DECODER:Cnt16:CounterUDB:capt_either_edge\ <= (\ENGINE_DECODER:Cnt16:CounterUDB:prevCapture\);

Note:  Expanding virtual equation for '\ENGINE_DECODER:Cnt16:CounterUDB:reload_tc\' (cost = 2):
\ENGINE_DECODER:Cnt16:CounterUDB:reload_tc\ <= (\ENGINE_DECODER:Cnt16:CounterUDB:status_1\
	OR \ENGINE_DECODER:Cnt16:CounterUDB:overflow\);

Note:  Expanding virtual equation for '\ENGINE_DECODER:bQuadDec:A_j\' (cost = 1):
\ENGINE_DECODER:bQuadDec:A_j\ <= ((\ENGINE_DECODER:bQuadDec:quad_A_delayed_0\ and \ENGINE_DECODER:bQuadDec:quad_A_delayed_1\ and \ENGINE_DECODER:bQuadDec:quad_A_delayed_2\));

Note:  Expanding virtual equation for '\ENGINE_DECODER:bQuadDec:A_k\' (cost = 3):
\ENGINE_DECODER:bQuadDec:A_k\ <= ((not \ENGINE_DECODER:bQuadDec:quad_A_delayed_0\ and not \ENGINE_DECODER:bQuadDec:quad_A_delayed_1\ and not \ENGINE_DECODER:bQuadDec:quad_A_delayed_2\));

Note:  Expanding virtual equation for '\ENGINE_DECODER:bQuadDec:B_j\' (cost = 1):
\ENGINE_DECODER:bQuadDec:B_j\ <= ((\ENGINE_DECODER:bQuadDec:quad_B_delayed_0\ and \ENGINE_DECODER:bQuadDec:quad_B_delayed_1\ and \ENGINE_DECODER:bQuadDec:quad_B_delayed_2\));

Note:  Expanding virtual equation for '\ENGINE_DECODER:bQuadDec:B_k\' (cost = 3):
\ENGINE_DECODER:bQuadDec:B_k\ <= ((not \ENGINE_DECODER:bQuadDec:quad_B_delayed_0\ and not \ENGINE_DECODER:bQuadDec:quad_B_delayed_1\ and not \ENGINE_DECODER:bQuadDec:quad_B_delayed_2\));

Note:  Expanding virtual equation for '\ENGINE_DECODER:Net_1151\' (cost = 0):
\ENGINE_DECODER:Net_1151\ <= (not \ENGINE_DECODER:Net_1251\);

Note:  Expanding virtual equation for '\ENGINE_DECODER:Net_1287\' (cost = 0):
\ENGINE_DECODER:Net_1287\ <= (not \ENGINE_DECODER:Net_1264\);


Substituting virtuals - pass 2:

Note:  Expanding virtual equation for '\UART_LOG:BUART:sRX:s23Poll:MODULE_2:g2:a0:lta_0\' (cost = 4):
\UART_LOG:BUART:sRX:s23Poll:MODULE_2:g2:a0:lta_0\ <= ((not MODIN1_1 and not MODIN1_0));

Note:  Expanding virtual equation for '\UART_LOG:BUART:sRX:s23Poll:MODULE_3:g2:a0:lta_0\' (cost = 0):
\UART_LOG:BUART:sRX:s23Poll:MODULE_3:g2:a0:lta_0\ <= (not MODIN1_1);

Note:  Expanding virtual equation for 'add_vv_vv_MODGEN_1_1' (cost = 2):
add_vv_vv_MODGEN_1_1 <= ((not MODIN1_0 and MODIN1_1)
	OR (not MODIN1_1 and MODIN1_0));

Note:  Expanding virtual equation for '\UART_PSOC:BUART:sRX:s23Poll:MODULE_7:g2:a0:lta_0\' (cost = 4):
\UART_PSOC:BUART:sRX:s23Poll:MODULE_7:g2:a0:lta_0\ <= ((not \UART_PSOC:BUART:pollcount_1\ and not \UART_PSOC:BUART:pollcount_0\));

Note:  Expanding virtual equation for '\UART_PSOC:BUART:sRX:s23Poll:MODULE_8:g2:a0:lta_0\' (cost = 0):
\UART_PSOC:BUART:sRX:s23Poll:MODULE_8:g2:a0:lta_0\ <= (not \UART_PSOC:BUART:pollcount_1\);

Note:  Expanding virtual equation for '\UART_PSOC:BUART:sRX:s23Poll:MODULE_6:g2:a0:s_1\' (cost = 2):
\UART_PSOC:BUART:sRX:s23Poll:MODULE_6:g2:a0:s_1\ <= ((not \UART_PSOC:BUART:pollcount_0\ and \UART_PSOC:BUART:pollcount_1\)
	OR (not \UART_PSOC:BUART:pollcount_1\ and \UART_PSOC:BUART:pollcount_0\));

Note:  Expanding virtual equation for '\ENGINE_PWM:PWMUDB:MODULE_11:g2:a0:s_1\' (cost = 2):
\ENGINE_PWM:PWMUDB:MODULE_11:g2:a0:s_1\ <= ((not \ENGINE_PWM:PWMUDB:dith_count_0\ and \ENGINE_PWM:PWMUDB:dith_count_1\)
	OR (not \ENGINE_PWM:PWMUDB:dith_count_1\ and \ENGINE_PWM:PWMUDB:dith_count_0\));

Note:  Expanding virtual equation for '\ENGINE_PWM:PWMUDB:MODULE_11:g2:a0:g1:z1:s0:g1:u0:c_18\' (cost = 0):
\ENGINE_PWM:PWMUDB:MODULE_11:g2:a0:g1:z1:s0:g1:u0:c_18\ <=  ('0') ;

Note:  Expanding virtual equation for '\ENGINE_PWM:PWMUDB:MODULE_11:g2:a0:g1:z1:s0:g1:u0:c_10\' (cost = 0):
\ENGINE_PWM:PWMUDB:MODULE_11:g2:a0:g1:z1:s0:g1:u0:c_10\ <=  ('0') ;

Note:  Expanding virtual equation for '\ENGINE_PWM:PWMUDB:MODULE_11:g2:a0:g1:z1:s0:g1:u0:c_3\' (cost = 0):
\ENGINE_PWM:PWMUDB:MODULE_11:g2:a0:g1:z1:s0:g1:u0:c_3\ <=  ('0') ;

Note:  Expanding virtual equation for '\ENGINE_DECODER:Net_1248\' (cost = 2):
\ENGINE_DECODER:Net_1248\ <= ((not \ENGINE_DECODER:Net_1264\ and \ENGINE_DECODER:Net_1275\));


Substituting virtuals - pass 3:

Note:  Expanding virtual equation for '\UART_LOG:BUART:rx_postpoll\' (cost = 72):
\UART_LOG:BUART:rx_postpoll\ <= (MODIN1_1
	OR (Net_4091 and MODIN1_0));

Note:  Expanding virtual equation for '\UART_LOG:BUART:sRX:MODULE_5:g1:a0:gx:u0:xnor_array_0\' (cost = 4):
\UART_LOG:BUART:sRX:MODULE_5:g1:a0:gx:u0:xnor_array_0\ <= ((not Net_4091 and not MODIN1_1 and not \UART_LOG:BUART:rx_parity_bit\)
	OR (not MODIN1_1 and not MODIN1_0 and not \UART_LOG:BUART:rx_parity_bit\)
	OR (MODIN1_1 and \UART_LOG:BUART:rx_parity_bit\)
	OR (Net_4091 and MODIN1_0 and \UART_LOG:BUART:rx_parity_bit\));

Note:  Expanding virtual equation for '\UART_LOG:BUART:sRX:MODULE_5:g1:a0:gx:u0:aeqb_1\' (cost = 4):
\UART_LOG:BUART:sRX:MODULE_5:g1:a0:gx:u0:aeqb_1\ <= ((not Net_4091 and not MODIN1_1 and not \UART_LOG:BUART:rx_parity_bit\)
	OR (not MODIN1_1 and not MODIN1_0 and not \UART_LOG:BUART:rx_parity_bit\)
	OR (MODIN1_1 and \UART_LOG:BUART:rx_parity_bit\)
	OR (Net_4091 and MODIN1_0 and \UART_LOG:BUART:rx_parity_bit\));

Note:  Expanding virtual equation for '\UART_PSOC:BUART:rx_postpoll\' (cost = 72):
\UART_PSOC:BUART:rx_postpoll\ <= (\UART_PSOC:BUART:pollcount_1\
	OR (Net_4103 and \UART_PSOC:BUART:pollcount_0\));

Note:  Expanding virtual equation for '\UART_PSOC:BUART:sRX:MODULE_10:g1:a0:gx:u0:xnor_array_0\' (cost = 4):
\UART_PSOC:BUART:sRX:MODULE_10:g1:a0:gx:u0:xnor_array_0\ <= ((not Net_4103 and not \UART_PSOC:BUART:pollcount_1\ and not \UART_PSOC:BUART:rx_parity_bit\)
	OR (not \UART_PSOC:BUART:pollcount_1\ and not \UART_PSOC:BUART:pollcount_0\ and not \UART_PSOC:BUART:rx_parity_bit\)
	OR (\UART_PSOC:BUART:pollcount_1\ and \UART_PSOC:BUART:rx_parity_bit\)
	OR (Net_4103 and \UART_PSOC:BUART:pollcount_0\ and \UART_PSOC:BUART:rx_parity_bit\));

Note:  Expanding virtual equation for '\UART_PSOC:BUART:sRX:MODULE_10:g1:a0:gx:u0:aeqb_1\' (cost = 4):
\UART_PSOC:BUART:sRX:MODULE_10:g1:a0:gx:u0:aeqb_1\ <= ((not Net_4103 and not \UART_PSOC:BUART:pollcount_1\ and not \UART_PSOC:BUART:rx_parity_bit\)
	OR (not \UART_PSOC:BUART:pollcount_1\ and not \UART_PSOC:BUART:pollcount_0\ and not \UART_PSOC:BUART:rx_parity_bit\)
	OR (\UART_PSOC:BUART:pollcount_1\ and \UART_PSOC:BUART:rx_parity_bit\)
	OR (Net_4103 and \UART_PSOC:BUART:pollcount_0\ and \UART_PSOC:BUART:rx_parity_bit\));

Note:  Expanding virtual equation for '\ENGINE_PWM:PWMUDB:MODULE_11:g2:a0:g1:z1:s0:g1:u0:c_19\' (cost = 0):
\ENGINE_PWM:PWMUDB:MODULE_11:g2:a0:g1:z1:s0:g1:u0:c_19\ <=  ('0') ;

Note:  Expanding virtual equation for '\ENGINE_PWM:PWMUDB:MODULE_11:g2:a0:g1:z1:s0:g1:u0:c_11\' (cost = 0):
\ENGINE_PWM:PWMUDB:MODULE_11:g2:a0:g1:z1:s0:g1:u0:c_11\ <=  ('0') ;

Note:  Expanding virtual equation for '\ENGINE_PWM:PWMUDB:MODULE_11:g2:a0:g1:z1:s0:g1:u0:c_4\' (cost = 0):
\ENGINE_PWM:PWMUDB:MODULE_11:g2:a0:g1:z1:s0:g1:u0:c_4\ <=  ('0') ;


Substituting virtuals - pass 4:

Note:  Expanding virtual equation for '\ENGINE_PWM:PWMUDB:MODULE_11:g2:a0:g1:z1:s0:g1:u0:c_20\' (cost = 0):
\ENGINE_PWM:PWMUDB:MODULE_11:g2:a0:g1:z1:s0:g1:u0:c_20\ <=  ('0') ;

Note:  Expanding virtual equation for '\ENGINE_PWM:PWMUDB:MODULE_11:g2:a0:g1:z1:s0:g1:u0:c_12\' (cost = 0):
\ENGINE_PWM:PWMUDB:MODULE_11:g2:a0:g1:z1:s0:g1:u0:c_12\ <=  ('0') ;

Note:  Expanding virtual equation for '\ENGINE_PWM:PWMUDB:MODULE_11:g2:a0:g1:z1:s0:g1:u0:c_5\' (cost = 0):
\ENGINE_PWM:PWMUDB:MODULE_11:g2:a0:g1:z1:s0:g1:u0:c_5\ <=  ('0') ;


Substituting virtuals - pass 5:

Note:  Expanding virtual equation for '\ENGINE_PWM:PWMUDB:MODULE_11:g2:a0:g1:z1:s0:g1:u0:c_21\' (cost = 0):
\ENGINE_PWM:PWMUDB:MODULE_11:g2:a0:g1:z1:s0:g1:u0:c_21\ <=  ('0') ;

Note:  Expanding virtual equation for '\ENGINE_PWM:PWMUDB:MODULE_11:g2:a0:g1:z1:s0:g1:u0:c_13\' (cost = 0):
\ENGINE_PWM:PWMUDB:MODULE_11:g2:a0:g1:z1:s0:g1:u0:c_13\ <=  ('0') ;

Note:  Expanding virtual equation for '\ENGINE_PWM:PWMUDB:MODULE_11:g2:a0:g1:z1:s0:g1:u0:c_6\' (cost = 0):
\ENGINE_PWM:PWMUDB:MODULE_11:g2:a0:g1:z1:s0:g1:u0:c_6\ <=  ('0') ;


Substituting virtuals - pass 6:

Note:  Expanding virtual equation for '\ENGINE_PWM:PWMUDB:MODULE_11:g2:a0:g1:z1:s0:g1:u0:c_22\' (cost = 0):
\ENGINE_PWM:PWMUDB:MODULE_11:g2:a0:g1:z1:s0:g1:u0:c_22\ <=  ('0') ;

Note:  Expanding virtual equation for '\ENGINE_PWM:PWMUDB:MODULE_11:g2:a0:g1:z1:s0:g1:u0:c_14\' (cost = 0):
\ENGINE_PWM:PWMUDB:MODULE_11:g2:a0:g1:z1:s0:g1:u0:c_14\ <=  ('0') ;

Note:  Expanding virtual equation for '\ENGINE_PWM:PWMUDB:MODULE_11:g2:a0:g1:z1:s0:g1:u0:c_7\' (cost = 0):
\ENGINE_PWM:PWMUDB:MODULE_11:g2:a0:g1:z1:s0:g1:u0:c_7\ <=  ('0') ;


Substituting virtuals - pass 7:

Note:  Expanding virtual equation for '\ENGINE_PWM:PWMUDB:MODULE_11:g2:a0:g1:z1:s0:g1:u0:c_23\' (cost = 0):
\ENGINE_PWM:PWMUDB:MODULE_11:g2:a0:g1:z1:s0:g1:u0:c_23\ <=  ('0') ;

Note:  Expanding virtual equation for '\ENGINE_PWM:PWMUDB:MODULE_11:g2:a0:g1:z1:s0:g1:u0:c_15\' (cost = 0):
\ENGINE_PWM:PWMUDB:MODULE_11:g2:a0:g1:z1:s0:g1:u0:c_15\ <=  ('0') ;


Substituting virtuals - pass 8:


----------------------------------------------------------
Circuit simplification results:

	Expanded 97 signals.
	Turned 0 signals into soft nodes.
	Maximum default expansion cost was set at 3.
----------------------------------------------------------

------------------------------------------------------
Alias Detection
------------------------------------------------------
Aliasing \UART_LOG:BUART:rx_status_0\ to zero
Aliasing \UART_LOG:BUART:rx_status_6\ to zero
Aliasing \UART_PSOC:BUART:rx_status_0\ to zero
Aliasing \UART_PSOC:BUART:rx_status_6\ to zero
Aliasing \ENGINE_PWM:PWMUDB:final_capture\ to zero
Aliasing \ENGINE_PWM:PWMUDB:MODULE_11:g2:a0:g1:z1:s0:g1:u0:b_24\ to zero
Aliasing \ENGINE_PWM:PWMUDB:MODULE_11:g2:a0:g1:z1:s0:g1:u0:b_16\ to zero
Aliasing \ENGINE_PWM:PWMUDB:MODULE_11:g2:a0:g1:z1:s0:g1:u0:b_8\ to zero
Aliasing \ENGINE_DECODER:Cnt16:CounterUDB:hwCapture\ to zero
Aliasing \UART_LOG:BUART:rx_markspace_status\\D\ to zero
Aliasing \UART_LOG:BUART:rx_parity_error_status\\D\ to zero
Aliasing \UART_LOG:BUART:rx_addr_match_status\\D\ to zero
Aliasing \UART_PSOC:BUART:rx_markspace_status\\D\ to zero
Aliasing \UART_PSOC:BUART:rx_parity_error_status\\D\ to zero
Aliasing \UART_PSOC:BUART:rx_addr_match_status\\D\ to zero
Aliasing \ENGINE_PWM:PWMUDB:final_kill_reg\\D\ to zero
Removing Rhs of wire \UART_LOG:BUART:rx_bitclk_enable\[213] = \UART_LOG:BUART:rx_bitclk\[261]
Removing Lhs of wire \UART_LOG:BUART:rx_status_0\[311] = zero[2]
Removing Lhs of wire \UART_LOG:BUART:rx_status_6\[320] = zero[2]
Removing Rhs of wire \UART_PSOC:BUART:rx_bitclk_enable\[506] = \UART_PSOC:BUART:rx_bitclk\[554]
Removing Lhs of wire \UART_PSOC:BUART:rx_status_0\[604] = zero[2]
Removing Lhs of wire \UART_PSOC:BUART:rx_status_6\[613] = zero[2]
Removing Lhs of wire \ENGINE_PWM:PWMUDB:final_capture\[785] = zero[2]
Removing Lhs of wire \ENGINE_PWM:PWMUDB:MODULE_11:g2:a0:g1:z1:s0:g1:u0:b_24\[1046] = zero[2]
Removing Lhs of wire \ENGINE_PWM:PWMUDB:MODULE_11:g2:a0:g1:z1:s0:g1:u0:b_16\[1056] = zero[2]
Removing Lhs of wire \ENGINE_PWM:PWMUDB:MODULE_11:g2:a0:g1:z1:s0:g1:u0:b_8\[1066] = zero[2]
Removing Lhs of wire \ADC_SAR_1:Net_188\[1211] = \ADC_SAR_1:Net_385\[1209]
Removing Lhs of wire \ENGINE_DECODER:Cnt16:CounterUDB:hwCapture\[1328] = zero[2]
Removing Lhs of wire \ADC_SAR_2:Net_188\[1566] = \ADC_SAR_2:Net_385\[1564]
Removing Lhs of wire \UART_LOG:BUART:tx_ctrl_mark_last\\D\[1613] = \UART_LOG:BUART:tx_ctrl_mark_last\[204]
Removing Lhs of wire \UART_LOG:BUART:rx_markspace_status\\D\[1625] = zero[2]
Removing Lhs of wire \UART_LOG:BUART:rx_parity_error_status\\D\[1626] = zero[2]
Removing Lhs of wire \UART_LOG:BUART:rx_addr_match_status\\D\[1628] = zero[2]
Removing Lhs of wire \UART_LOG:BUART:rx_markspace_pre\\D\[1629] = \UART_LOG:BUART:rx_markspace_pre\[324]
Removing Lhs of wire \UART_LOG:BUART:rx_parity_bit\\D\[1634] = \UART_LOG:BUART:rx_parity_bit\[330]
Removing Lhs of wire \UART_PSOC:BUART:tx_ctrl_mark_last\\D\[1642] = \UART_PSOC:BUART:tx_ctrl_mark_last\[497]
Removing Lhs of wire \UART_PSOC:BUART:rx_markspace_status\\D\[1654] = zero[2]
Removing Lhs of wire \UART_PSOC:BUART:rx_parity_error_status\\D\[1655] = zero[2]
Removing Lhs of wire \UART_PSOC:BUART:rx_addr_match_status\\D\[1657] = zero[2]
Removing Lhs of wire \UART_PSOC:BUART:rx_markspace_pre\\D\[1658] = \UART_PSOC:BUART:rx_markspace_pre\[617]
Removing Lhs of wire \UART_PSOC:BUART:rx_parity_bit\\D\[1663] = \UART_PSOC:BUART:rx_parity_bit\[623]
Removing Lhs of wire \ENGINE_PWM:PWMUDB:runmode_enable\\D\[1667] = \ENGINE_PWM:PWMUDB:control_7\[707]
Removing Lhs of wire \ENGINE_PWM:PWMUDB:final_kill_reg\\D\[1675] = zero[2]

------------------------------------------------------
Aliased 0 equations, 27 wires.
------------------------------------------------------

----------------------------------------------------------
Circuit simplification
----------------------------------------------------------

Eliminating unused logic - pass 1:

Note:  Deleted unused equation:
\UART_LOG:BUART:sRX:MODULE_5:g1:a0:xneq\ <= ((not \UART_LOG:BUART:rx_parity_bit\ and Net_4091 and MODIN1_0)
	OR (not MODIN1_1 and not MODIN1_0 and \UART_LOG:BUART:rx_parity_bit\)
	OR (not Net_4091 and not MODIN1_1 and \UART_LOG:BUART:rx_parity_bit\)
	OR (not \UART_LOG:BUART:rx_parity_bit\ and MODIN1_1));

Note:  Deleted unused equation:
\UART_PSOC:BUART:sRX:MODULE_10:g1:a0:xneq\ <= ((not \UART_PSOC:BUART:rx_parity_bit\ and Net_4103 and \UART_PSOC:BUART:pollcount_0\)
	OR (not \UART_PSOC:BUART:pollcount_1\ and not \UART_PSOC:BUART:pollcount_0\ and \UART_PSOC:BUART:rx_parity_bit\)
	OR (not Net_4103 and not \UART_PSOC:BUART:pollcount_1\ and \UART_PSOC:BUART:rx_parity_bit\)
	OR (not \UART_PSOC:BUART:rx_parity_bit\ and \UART_PSOC:BUART:pollcount_1\));


Eliminating unused logic - pass 2:


Substituting virtuals - pass 1:


----------------------------------------------------------
Circuit simplification results:

	Expanded 0 signals.
	Turned 0 signals into soft nodes.
	Maximum default expansion cost was set at 3.
----------------------------------------------------------

topld:  No errors.

CYPRESS_DIR    : C:\tool\Cypress\PSoC Creator\4.2\PSoC Creator\warp
Warp Program   : C:\tool\Cypress\PSoC Creator\4.2\PSoC Creator\warp\bin\warp.exe
Warp Arguments : -yv2 -q10 -ygs -o2 -v3 -.fftcfgtype=LE -ya -.fftprj=D:\50_HDA\60_Lehre\40_Vorlesungen\17_SECS\20_Lecture\__work\50_PSOC1_DualChannel.cydsn\50_PSOC1_DualChannel.cyprj -dcpsoc3 50_PSOC1_DualChannel.v -verilog
</CYPRESSTAG>
Warp synthesis phase: Elapsed time ==> 1s.929ms
<CYPRESSTAG name="Fitter results...">
<CYPRESSTAG name="Fitter startup details...">
cyp3fit: V4.2.0.641, Family: PSoC3, Started at: Sunday, 05 July 2020 18:25:10
Options: -yv2 -q10 -ygs -o2 -v3 -.fftcfgtype=LE -ya -.fftprj=D:\50_HDA\60_Lehre\40_Vorlesungen\17_SECS\20_Lecture\__work\50_PSOC1_DualChannel.cydsn\50_PSOC1_DualChannel.cyprj -d CY8C5888LTQ-LP097 50_PSOC1_DualChannel.v -verilog
</CYPRESSTAG>
<CYPRESSTAG name="Design parsing">
Design parsing phase: Elapsed time ==> 0s.026ms
</CYPRESSTAG>
<CYPRESSTAG name="Tech Mapping">
<CYPRESSTAG name="Initial Mapping" icon="FILE_RPT_TECHM">
    Removed wire end \ENGINE_PWM:PWMUDB:MODULE_11:g2:a0:g1:z1:s0:g1:u0:c_24\ kept zero
    Removed wire end \ENGINE_PWM:PWMUDB:MODULE_11:g2:a0:g1:z1:s0:g1:u0:c_16\ kept zero
    Removed wire end \ENGINE_PWM:PWMUDB:MODULE_11:g2:a0:g1:z1:s0:g1:u0:c_8\ kept zero
    Converted constant MacroCell: \UART_LOG:BUART:reset_reg\ from registered to combinatorial
    Converted constant MacroCell: \UART_LOG:BUART:rx_markspace_status\ from registered to combinatorial
    Converted constant MacroCell: \UART_LOG:BUART:rx_status_2\ from registered to combinatorial
    Converted constant MacroCell: \UART_LOG:BUART:rx_addr_match_status\ from registered to combinatorial
    Converted constant MacroCell: \UART_LOG:BUART:rx_break_status\ from registered to combinatorial
    Converted constant MacroCell: \UART_PSOC:BUART:reset_reg\ from registered to combinatorial
    Converted constant MacroCell: \UART_PSOC:BUART:rx_markspace_status\ from registered to combinatorial
    Converted constant MacroCell: \UART_PSOC:BUART:rx_status_2\ from registered to combinatorial
    Converted constant MacroCell: \UART_PSOC:BUART:rx_addr_match_status\ from registered to combinatorial
    Converted constant MacroCell: \UART_PSOC:BUART:rx_break_status\ from registered to combinatorial
    Converted constant MacroCell: \ENGINE_PWM:PWMUDB:prevCapture\ from registered to combinatorial
    Converted constant MacroCell: \ENGINE_PWM:PWMUDB:trig_last\ from registered to combinatorial
    Converted constant MacroCell: \ENGINE_PWM:PWMUDB:status_1\ from registered to combinatorial
    Converted constant MacroCell: \ENGINE_PWM:PWMUDB:status_5\ from registered to combinatorial
    Converted constant MacroCell: \ENGINE_PWM:PWMUDB:pwm1_i_reg\ from registered to combinatorial
    Converted constant MacroCell: \ENGINE_PWM:PWMUDB:pwm2_i_reg\ from registered to combinatorial
    Converted constant MacroCell: \ENGINE_DECODER:Cnt16:CounterUDB:prevCapture\ from registered to combinatorial
Assigning clock I2C_BusClock to clock BUS_CLK because it is a pass-through
<CYPRESSTAG name="Global Clock Selection" icon="FILE_RPT_TECHM">
    Digital Clock 0: Automatic-assigning  clock 'Clock_SR'. Fanout=0, Signal=Net_2091
    Digital Clock 1: Automatic-assigning  clock 'Clock_PWM'. Fanout=4, Signal=Net_2319
    Analog  Clock 0: Automatic-assigning  clock 'ADC_SAR_2_theACLK'. Fanout=2, Signal=\ADC_SAR_2:Net_385\
    Analog  Clock 1: Automatic-assigning  clock 'ADC_SAR_1_theACLK'. Fanout=2, Signal=\ADC_SAR_1:Net_385\
    Digital Clock 2: Automatic-assigning  clock 'UART_PSOC_IntClock'. Fanout=1, Signal=\UART_PSOC:Net_9\
    Digital Clock 3: Automatic-assigning  clock 'UART_LOG_IntClock'. Fanout=1, Signal=\UART_LOG:Net_9\
</CYPRESSTAG>

Removing unused cells resulting from optimization
Done removing unused cells.
<CYPRESSTAG name="UDB Clock/Enable Remapping Results">
    UDB Clk/Enable \UART_LOG:BUART:ClkSync\: with output requested to be synchronous
        ClockIn: UART_LOG_IntClock was determined to be a global clock that is synchronous to BUS_CLK
        EnableIn: Constant 1 was determined to be synchronous to ClockIn
        ClockOut: UART_LOG_IntClock, EnableOut: Constant 1
    UDB Clk/Enable \UART_PSOC:BUART:ClkSync\: with output requested to be synchronous
        ClockIn: UART_PSOC_IntClock was determined to be a global clock that is synchronous to BUS_CLK
        EnableIn: Constant 1 was determined to be synchronous to ClockIn
        ClockOut: UART_PSOC_IntClock, EnableOut: Constant 1
    UDB Clk/Enable \ENGINE_PWM:PWMUDB:clock_enable_block\: with output requested to be synchronous
        ClockIn: Clock_PWM was determined to be a global clock that is synchronous to BUS_CLK
        EnableIn: Constant 1 was determined to be synchronous to ClockIn
        ClockOut: Clock_PWM, EnableOut: Constant 1
    UDB Clk/Enable \ENGINE_DECODER:Cnt16:CounterUDB:clock_enable_block\: with output requested to be synchronous
        ClockIn: Clock_PWM was determined to be a global clock that is synchronous to BUS_CLK
        EnableIn: Constant 1 was determined to be synchronous to ClockIn
        ClockOut: Clock_PWM, EnableOut: Constant 1
    UDB Clk/Enable \ENGINE_DECODER:Cnt16:CounterUDB:sCTRLReg:cy_psoc3_udb_Ctl_Clk_Sync\: with output requested to be synchronous
        ClockIn: Clock_PWM was determined to be a global clock that is synchronous to BUS_CLK
        EnableIn: Constant 1 was determined to be synchronous to ClockIn
        ClockOut: Clock_PWM, EnableOut: Constant 1
    UDB Clk/Enable \ENGINE_DECODER:bQuadDec:CtrlClkEn\: with output requested to be synchronous
        ClockIn: Clock_PWM was determined to be a global clock that is synchronous to BUS_CLK
        EnableIn: Constant 1 was determined to be synchronous to ClockIn
        ClockOut: Clock_PWM, EnableOut: Constant 1
</CYPRESSTAG>
Info: plm.M0038: The pin named LED_4(0) at location P12[4] prevents usage of special purposes: I2C:SCL. (App=cydsfit)

Removing unused cells resulting from optimization
Done removing unused cells.
<CYPRESSTAG name="Duplicate Macrocell detection">

Removing duplicate macrocells
    Removing \ENGINE_DECODER:Net_1264\, Duplicate of \ENGINE_DECODER:Cnt16:CounterUDB:prevCompare\ 
    MacroCell: Name=\ENGINE_DECODER:Net_1264\, Mode=(D-Register)
        Total # of inputs        : 1
        Total # of product terms : 1
        List of special equations: 
            Clock  = (Net_2319) => Global
            Clock Enable: True
        Main Equation            : 1 pterm
        (
              \ENGINE_DECODER:Cnt16:CounterUDB:cmp_out_i\
        );
        Output = \ENGINE_DECODER:Net_1264\ (fanout=2)

End removing duplicate macrocells: used 1 pass
</CYPRESSTAG>
</CYPRESSTAG>
<CYPRESSTAG name="Duplicate Macrocell detection">

Removing duplicate macrocells
    Removing \UART_PSOC:BUART:rx_parity_bit\, Duplicate of \UART_PSOC:BUART:tx_ctrl_mark_last\ 
    MacroCell: Name=\UART_PSOC:BUART:rx_parity_bit\, Mode=(T-Register)
        Total # of inputs        : 0
        Total # of product terms : 0
        List of special equations: 
            Clock  = (\UART_PSOC:Net_9\) => Global
            Clock Enable: True
        Main Equation            : 0 pterms
        (
            0
        );
        Output = \UART_PSOC:BUART:rx_parity_bit\ (fanout=0)

    Removing \UART_PSOC:BUART:rx_address_detected\, Duplicate of \UART_PSOC:BUART:tx_ctrl_mark_last\ 
    MacroCell: Name=\UART_PSOC:BUART:rx_address_detected\, Mode=(T-Register)
        Total # of inputs        : 0
        Total # of product terms : 0
        List of special equations: 
            Clock  = (\UART_PSOC:Net_9\) => Global
            Clock Enable: True
        Main Equation            : 0 pterms
        (
            0
        );
        Output = \UART_PSOC:BUART:rx_address_detected\ (fanout=0)

    Removing \UART_PSOC:BUART:rx_parity_error_pre\, Duplicate of \UART_PSOC:BUART:tx_ctrl_mark_last\ 
    MacroCell: Name=\UART_PSOC:BUART:rx_parity_error_pre\, Mode=(T-Register)
        Total # of inputs        : 0
        Total # of product terms : 0
        List of special equations: 
            Clock  = (\UART_PSOC:Net_9\) => Global
            Clock Enable: True
        Main Equation            : 0 pterms
        (
            0
        );
        Output = \UART_PSOC:BUART:rx_parity_error_pre\ (fanout=0)

    Removing \UART_PSOC:BUART:rx_markspace_pre\, Duplicate of \UART_PSOC:BUART:tx_ctrl_mark_last\ 
    MacroCell: Name=\UART_PSOC:BUART:rx_markspace_pre\, Mode=(T-Register)
        Total # of inputs        : 0
        Total # of product terms : 0
        List of special equations: 
            Clock  = (\UART_PSOC:Net_9\) => Global
            Clock Enable: True
        Main Equation            : 0 pterms
        (
            0
        );
        Output = \UART_PSOC:BUART:rx_markspace_pre\ (fanout=0)

    Removing \UART_PSOC:BUART:rx_state_1\, Duplicate of \UART_PSOC:BUART:tx_ctrl_mark_last\ 
    MacroCell: Name=\UART_PSOC:BUART:rx_state_1\, Mode=(T-Register)
        Total # of inputs        : 0
        Total # of product terms : 0
        List of special equations: 
            Clock  = (\UART_PSOC:Net_9\) => Global
            Clock Enable: True
        Main Equation            : 0 pterms
        (
            0
        );
        Output = \UART_PSOC:BUART:rx_state_1\ (fanout=8)

    Removing \UART_PSOC:BUART:tx_parity_bit\, Duplicate of \UART_PSOC:BUART:tx_ctrl_mark_last\ 
    MacroCell: Name=\UART_PSOC:BUART:tx_parity_bit\, Mode=(T-Register)
        Total # of inputs        : 0
        Total # of product terms : 0
        List of special equations: 
            Clock  = (\UART_PSOC:Net_9\) => Global
            Clock Enable: True
        Main Equation            : 0 pterms
        (
            0
        );
        Output = \UART_PSOC:BUART:tx_parity_bit\ (fanout=0)

    Removing \UART_PSOC:BUART:tx_mark\, Duplicate of \UART_PSOC:BUART:tx_ctrl_mark_last\ 
    MacroCell: Name=\UART_PSOC:BUART:tx_mark\, Mode=(T-Register)
        Total # of inputs        : 0
        Total # of product terms : 0
        List of special equations: 
            Clock  = (\UART_PSOC:Net_9\) => Global
            Clock Enable: True
        Main Equation            : 0 pterms
        (
            0
        );
        Output = \UART_PSOC:BUART:tx_mark\ (fanout=0)

    Removing \UART_LOG:BUART:rx_parity_bit\, Duplicate of \UART_LOG:BUART:tx_ctrl_mark_last\ 
    MacroCell: Name=\UART_LOG:BUART:rx_parity_bit\, Mode=(T-Register)
        Total # of inputs        : 0
        Total # of product terms : 0
        List of special equations: 
            Clock  = (\UART_LOG:Net_9\) => Global
            Clock Enable: True
        Main Equation            : 0 pterms
        (
            0
        );
        Output = \UART_LOG:BUART:rx_parity_bit\ (fanout=0)

    Removing \UART_LOG:BUART:rx_address_detected\, Duplicate of \UART_LOG:BUART:tx_ctrl_mark_last\ 
    MacroCell: Name=\UART_LOG:BUART:rx_address_detected\, Mode=(T-Register)
        Total # of inputs        : 0
        Total # of product terms : 0
        List of special equations: 
            Clock  = (\UART_LOG:Net_9\) => Global
            Clock Enable: True
        Main Equation            : 0 pterms
        (
            0
        );
        Output = \UART_LOG:BUART:rx_address_detected\ (fanout=0)

    Removing \UART_LOG:BUART:rx_parity_error_pre\, Duplicate of \UART_LOG:BUART:tx_ctrl_mark_last\ 
    MacroCell: Name=\UART_LOG:BUART:rx_parity_error_pre\, Mode=(T-Register)
        Total # of inputs        : 0
        Total # of product terms : 0
        List of special equations: 
            Clock  = (\UART_LOG:Net_9\) => Global
            Clock Enable: True
        Main Equation            : 0 pterms
        (
            0
        );
        Output = \UART_LOG:BUART:rx_parity_error_pre\ (fanout=0)

    Removing \UART_LOG:BUART:rx_markspace_pre\, Duplicate of \UART_LOG:BUART:tx_ctrl_mark_last\ 
    MacroCell: Name=\UART_LOG:BUART:rx_markspace_pre\, Mode=(T-Register)
        Total # of inputs        : 0
        Total # of product terms : 0
        List of special equations: 
            Clock  = (\UART_LOG:Net_9\) => Global
            Clock Enable: True
        Main Equation            : 0 pterms
        (
            0
        );
        Output = \UART_LOG:BUART:rx_markspace_pre\ (fanout=0)

    Removing \UART_LOG:BUART:rx_state_1\, Duplicate of \UART_LOG:BUART:tx_ctrl_mark_last\ 
    MacroCell: Name=\UART_LOG:BUART:rx_state_1\, Mode=(T-Register)
        Total # of inputs        : 0
        Total # of product terms : 0
        List of special equations: 
            Clock  = (\UART_LOG:Net_9\) => Global
            Clock Enable: True
        Main Equation            : 0 pterms
        (
            0
        );
        Output = \UART_LOG:BUART:rx_state_1\ (fanout=8)

    Removing \UART_LOG:BUART:tx_parity_bit\, Duplicate of \UART_LOG:BUART:tx_ctrl_mark_last\ 
    MacroCell: Name=\UART_LOG:BUART:tx_parity_bit\, Mode=(T-Register)
        Total # of inputs        : 0
        Total # of product terms : 0
        List of special equations: 
            Clock  = (\UART_LOG:Net_9\) => Global
            Clock Enable: True
        Main Equation            : 0 pterms
        (
            0
        );
        Output = \UART_LOG:BUART:tx_parity_bit\ (fanout=0)

    Removing \UART_LOG:BUART:tx_mark\, Duplicate of \UART_LOG:BUART:tx_ctrl_mark_last\ 
    MacroCell: Name=\UART_LOG:BUART:tx_mark\, Mode=(T-Register)
        Total # of inputs        : 0
        Total # of product terms : 0
        List of special equations: 
            Clock  = (\UART_LOG:Net_9\) => Global
            Clock Enable: True
        Main Equation            : 0 pterms
        (
            0
        );
        Output = \UART_LOG:BUART:tx_mark\ (fanout=0)


Removing unused cells resulting from optimization
Done removing unused cells.
End removing duplicate macrocells: used 1 pass
</CYPRESSTAG>
<CYPRESSTAG name="Design Equations" icon="FILE_RPT_EQUATION">

------------------------------------------------------------
Design Equations
------------------------------------------------------------
    <CYPRESSTAG name="Pin listing">

    ------------------------------------------------------------
    Pin listing
    ------------------------------------------------------------

    Pin : Name = EB_4(0)
        Attributes:
            In Group/Port: True
            In Sync Option: NOSYNC
            Out Sync Option: AUTO
            Interrupt generated: False
            Interrupt mode: NONE
            Drive mode: RES_PULL_DOWN
            VTrip: CMOS
            Slew: FAST
            Input Sync needed: False
            Output Sync needed: False
            SC shield enabled: False
            POR State: ANY
            LCD Mode: COMMON
            Register Mode: RegComb
            CaSense Mode: NEITHER
            Treat as pin: True
            Is OE Registered: False
            Uses Analog: False
            Can contain Digital: True
            Is SIO: False
            SIO Output Buf: NONREGULATED
            SIO Input Buf: SINGLE_ENDED
            SIO HiFreq: LOW
            SIO Hyst: DISABLED
            SIO Vtrip: MULTIPLIER_0_5
            SIO Multiplier Index: 0
            SIO RefSel: VCC_IO
            Required Capabilities: DIGITAL, ROUTABLE
            Initial Value: 0
            IO Voltage: 0
        PORT MAP (
            pa_out => EB_4(0)__PA ,
            fb => Net_4077 ,
            pad => EB_4(0)_PAD );
        Properties:
        {
        }

    Pin : Name = EB_3(0)
        Attributes:
            In Group/Port: True
            In Sync Option: NOSYNC
            Out Sync Option: AUTO
            Interrupt generated: False
            Interrupt mode: NONE
            Drive mode: RES_PULL_DOWN
            VTrip: CMOS
            Slew: FAST
            Input Sync needed: False
            Output Sync needed: False
            SC shield enabled: False
            POR State: ANY
            LCD Mode: COMMON
            Register Mode: RegComb
            CaSense Mode: NEITHER
            Treat as pin: True
            Is OE Registered: False
            Uses Analog: False
            Can contain Digital: True
            Is SIO: False
            SIO Output Buf: NONREGULATED
            SIO Input Buf: SINGLE_ENDED
            SIO HiFreq: LOW
            SIO Hyst: DISABLED
            SIO Vtrip: MULTIPLIER_0_5
            SIO Multiplier Index: 0
            SIO RefSel: VCC_IO
            Required Capabilities: DIGITAL, ROUTABLE
            Initial Value: 0
            IO Voltage: 0
        PORT MAP (
            pa_out => EB_3(0)__PA ,
            fb => Net_4078 ,
            pad => EB_3(0)_PAD );
        Properties:
        {
        }

    Pin : Name = EB_2(0)
        Attributes:
            In Group/Port: True
            In Sync Option: NOSYNC
            Out Sync Option: AUTO
            Interrupt generated: False
            Interrupt mode: NONE
            Drive mode: RES_PULL_DOWN
            VTrip: CMOS
            Slew: FAST
            Input Sync needed: False
            Output Sync needed: False
            SC shield enabled: False
            POR State: ANY
            LCD Mode: COMMON
            Register Mode: RegComb
            CaSense Mode: NEITHER
            Treat as pin: True
            Is OE Registered: False
            Uses Analog: False
            Can contain Digital: True
            Is SIO: False
            SIO Output Buf: NONREGULATED
            SIO Input Buf: SINGLE_ENDED
            SIO HiFreq: LOW
            SIO Hyst: DISABLED
            SIO Vtrip: MULTIPLIER_0_5
            SIO Multiplier Index: 0
            SIO RefSel: VCC_IO
            Required Capabilities: DIGITAL, ROUTABLE
            Initial Value: 0
            IO Voltage: 0
        PORT MAP (
            pa_out => EB_2(0)__PA ,
            fb => Net_4079 ,
            pad => EB_2(0)_PAD );
        Properties:
        {
        }

    Pin : Name = EB_7(0)
        Attributes:
            In Group/Port: True
            In Sync Option: NOSYNC
            Out Sync Option: AUTO
            Interrupt generated: False
            Interrupt mode: NONE
            Drive mode: RES_PULL_DOWN
            VTrip: CMOS
            Slew: FAST
            Input Sync needed: False
            Output Sync needed: False
            SC shield enabled: False
            POR State: ANY
            LCD Mode: COMMON
            Register Mode: RegComb
            CaSense Mode: NEITHER
            Treat as pin: True
            Is OE Registered: False
            Uses Analog: False
            Can contain Digital: True
            Is SIO: False
            SIO Output Buf: NONREGULATED
            SIO Input Buf: SINGLE_ENDED
            SIO HiFreq: LOW
            SIO Hyst: DISABLED
            SIO Vtrip: MULTIPLIER_0_5
            SIO Multiplier Index: 0
            SIO RefSel: VCC_IO
            Required Capabilities: DIGITAL, ROUTABLE
            Initial Value: 0
            IO Voltage: 0
        PORT MAP (
            pa_out => EB_7(0)__PA ,
            fb => Net_4080 ,
            pad => EB_7(0)_PAD );
        Properties:
        {
        }

    Pin : Name = EB_8(0)
        Attributes:
            In Group/Port: True
            In Sync Option: NOSYNC
            Out Sync Option: AUTO
            Interrupt generated: False
            Interrupt mode: NONE
            Drive mode: RES_PULL_DOWN
            VTrip: CMOS
            Slew: FAST
            Input Sync needed: False
            Output Sync needed: False
            SC shield enabled: False
            POR State: ANY
            LCD Mode: COMMON
            Register Mode: RegComb
            CaSense Mode: NEITHER
            Treat as pin: True
            Is OE Registered: False
            Uses Analog: False
            Can contain Digital: True
            Is SIO: False
            SIO Output Buf: NONREGULATED
            SIO Input Buf: SINGLE_ENDED
            SIO HiFreq: LOW
            SIO Hyst: DISABLED
            SIO Vtrip: MULTIPLIER_0_5
            SIO Multiplier Index: 0
            SIO RefSel: VCC_IO
            Required Capabilities: DIGITAL, ROUTABLE
            Initial Value: 0
            IO Voltage: 0
        PORT MAP (
            pa_out => EB_8(0)__PA ,
            fb => Net_4081 ,
            pad => EB_8(0)_PAD );
        Properties:
        {
        }

    Pin : Name = EB_9(0)
        Attributes:
            In Group/Port: True
            In Sync Option: NOSYNC
            Out Sync Option: AUTO
            Interrupt generated: False
            Interrupt mode: NONE
            Drive mode: RES_PULL_DOWN
            VTrip: CMOS
            Slew: FAST
            Input Sync needed: False
            Output Sync needed: False
            SC shield enabled: False
            POR State: ANY
            LCD Mode: COMMON
            Register Mode: RegComb
            CaSense Mode: NEITHER
            Treat as pin: True
            Is OE Registered: False
            Uses Analog: False
            Can contain Digital: True
            Is SIO: False
            SIO Output Buf: NONREGULATED
            SIO Input Buf: SINGLE_ENDED
            SIO HiFreq: LOW
            SIO Hyst: DISABLED
            SIO Vtrip: MULTIPLIER_0_5
            SIO Multiplier Index: 0
            SIO RefSel: VCC_IO
            Required Capabilities: DIGITAL, ROUTABLE
            Initial Value: 0
            IO Voltage: 0
        PORT MAP (
            pa_out => EB_9(0)__PA ,
            fb => Net_4082 ,
            pad => EB_9(0)_PAD );
        Properties:
        {
        }

    Pin : Name = EB_10(0)
        Attributes:
            In Group/Port: True
            In Sync Option: NOSYNC
            Out Sync Option: AUTO
            Interrupt generated: False
            Interrupt mode: NONE
            Drive mode: RES_PULL_DOWN
            VTrip: CMOS
            Slew: FAST
            Input Sync needed: False
            Output Sync needed: False
            SC shield enabled: False
            POR State: ANY
            LCD Mode: COMMON
            Register Mode: RegComb
            CaSense Mode: NEITHER
            Treat as pin: True
            Is OE Registered: False
            Uses Analog: False
            Can contain Digital: True
            Is SIO: False
            SIO Output Buf: NONREGULATED
            SIO Input Buf: SINGLE_ENDED
            SIO HiFreq: LOW
            SIO Hyst: DISABLED
            SIO Vtrip: MULTIPLIER_0_5
            SIO Multiplier Index: 0
            SIO RefSel: VCC_IO
            Required Capabilities: DIGITAL, ROUTABLE
            Initial Value: 0
            IO Voltage: 0
        PORT MAP (
            pa_out => EB_10(0)__PA ,
            fb => Net_4083 ,
            pad => EB_10(0)_PAD );
        Properties:
        {
        }

    Pin : Name = LED_4(0)
        Attributes:
            In Group/Port: True
            In Sync Option: NOSYNC
            Out Sync Option: AUTO
            Interrupt generated: False
            Interrupt mode: NONE
            Drive mode: HI_Z_DIGITAL
            VTrip: CMOS
            Slew: FAST
            Input Sync needed: False
            Output Sync needed: False
            SC shield enabled: False
            POR State: ANY
            LCD Mode: COMMON
            Register Mode: RegComb
            CaSense Mode: NEITHER
            Treat as pin: True
            Is OE Registered: False
            Uses Analog: False
            Can contain Digital: True
            Is SIO: False
            SIO Output Buf: NONREGULATED
            SIO Input Buf: SINGLE_ENDED
            SIO HiFreq: LOW
            SIO Hyst: DISABLED
            SIO Vtrip: MULTIPLIER_0_5
            SIO Multiplier Index: 0
            SIO RefSel: VCC_IO
            Required Capabilities: DIGITAL
            Initial Value: 0
            IO Voltage: 0
        PORT MAP (
            pa_out => LED_4(0)__PA ,
            pad => LED_4(0)_PAD );
        Properties:
        {
        }

    Pin : Name = EB_1(0)
        Attributes:
            In Group/Port: True
            In Sync Option: NOSYNC
            Out Sync Option: AUTO
            Interrupt generated: False
            Interrupt mode: NONE
            Drive mode: RES_PULL_DOWN
            VTrip: CMOS
            Slew: FAST
            Input Sync needed: False
            Output Sync needed: False
            SC shield enabled: False
            POR State: ANY
            LCD Mode: COMMON
            Register Mode: RegComb
            CaSense Mode: NEITHER
            Treat as pin: True
            Is OE Registered: False
            Uses Analog: False
            Can contain Digital: True
            Is SIO: False
            SIO Output Buf: NONREGULATED
            SIO Input Buf: SINGLE_ENDED
            SIO HiFreq: LOW
            SIO Hyst: DISABLED
            SIO Vtrip: MULTIPLIER_0_5
            SIO Multiplier Index: 0
            SIO RefSel: VCC_IO
            Required Capabilities: DIGITAL, ROUTABLE
            Initial Value: 0
            IO Voltage: 0
        PORT MAP (
            pa_out => EB_1(0)__PA ,
            fb => Net_4084 ,
            pad => EB_1(0)_PAD );
        Properties:
        {
        }

    Pin : Name = EB_5(0)
        Attributes:
            In Group/Port: True
            In Sync Option: NOSYNC
            Out Sync Option: AUTO
            Interrupt generated: False
            Interrupt mode: NONE
            Drive mode: RES_PULL_DOWN
            VTrip: CMOS
            Slew: FAST
            Input Sync needed: False
            Output Sync needed: False
            SC shield enabled: False
            POR State: ANY
            LCD Mode: COMMON
            Register Mode: RegComb
            CaSense Mode: NEITHER
            Treat as pin: True
            Is OE Registered: False
            Uses Analog: False
            Can contain Digital: True
            Is SIO: False
            SIO Output Buf: NONREGULATED
            SIO Input Buf: SINGLE_ENDED
            SIO HiFreq: LOW
            SIO Hyst: DISABLED
            SIO Vtrip: MULTIPLIER_0_5
            SIO Multiplier Index: 0
            SIO RefSel: VCC_IO
            Required Capabilities: DIGITAL, ROUTABLE
            Initial Value: 0
            IO Voltage: 0
        PORT MAP (
            pa_out => EB_5(0)__PA ,
            fb => Net_4085 ,
            pad => EB_5(0)_PAD );
        Properties:
        {
        }

    Pin : Name = BUTTON_1(0)
        Attributes:
            In Group/Port: True
            In Sync Option: NOSYNC
            Out Sync Option: AUTO
            Interrupt generated: False
            Interrupt mode: NONE
            Drive mode: CMOS_OUT
            VTrip: CMOS
            Slew: FAST
            Input Sync needed: False
            Output Sync needed: False
            SC shield enabled: False
            POR State: ANY
            LCD Mode: COMMON
            Register Mode: RegComb
            CaSense Mode: NEITHER
            Treat as pin: True
            Is OE Registered: False
            Uses Analog: False
            Can contain Digital: True
            Is SIO: False
            SIO Output Buf: NONREGULATED
            SIO Input Buf: SINGLE_ENDED
            SIO HiFreq: LOW
            SIO Hyst: DISABLED
            SIO Vtrip: MULTIPLIER_0_5
            SIO Multiplier Index: 0
            SIO RefSel: VCC_IO
            Required Capabilities: DIGITAL, ROUTABLE
            Initial Value: 0
            IO Voltage: 0
        PORT MAP (
            pa_out => BUTTON_1(0)__PA ,
            fb => Net_664 ,
            pad => BUTTON_1(0)_PAD );
        Properties:
        {
        }

    Pin : Name = BUTTON_2(0)
        Attributes:
            In Group/Port: True
            In Sync Option: NOSYNC
            Out Sync Option: AUTO
            Interrupt generated: False
            Interrupt mode: NONE
            Drive mode: CMOS_OUT
            VTrip: CMOS
            Slew: FAST
            Input Sync needed: False
            Output Sync needed: False
            SC shield enabled: False
            POR State: ANY
            LCD Mode: COMMON
            Register Mode: RegComb
            CaSense Mode: NEITHER
            Treat as pin: True
            Is OE Registered: False
            Uses Analog: False
            Can contain Digital: True
            Is SIO: False
            SIO Output Buf: NONREGULATED
            SIO Input Buf: SINGLE_ENDED
            SIO HiFreq: LOW
            SIO Hyst: DISABLED
            SIO Vtrip: MULTIPLIER_0_5
            SIO Multiplier Index: 0
            SIO RefSel: VCC_IO
            Required Capabilities: DIGITAL, ROUTABLE
            Initial Value: 0
            IO Voltage: 0
        PORT MAP (
            pa_out => BUTTON_2(0)__PA ,
            fb => Net_665 ,
            pad => BUTTON_2(0)_PAD );
        Properties:
        {
        }

    Pin : Name = BUTTON_3(0)
        Attributes:
            In Group/Port: True
            In Sync Option: NOSYNC
            Out Sync Option: AUTO
            Interrupt generated: False
            Interrupt mode: NONE
            Drive mode: CMOS_OUT
            VTrip: CMOS
            Slew: FAST
            Input Sync needed: False
            Output Sync needed: False
            SC shield enabled: False
            POR State: ANY
            LCD Mode: COMMON
            Register Mode: RegComb
            CaSense Mode: NEITHER
            Treat as pin: True
            Is OE Registered: False
            Uses Analog: False
            Can contain Digital: True
            Is SIO: False
            SIO Output Buf: NONREGULATED
            SIO Input Buf: SINGLE_ENDED
            SIO HiFreq: LOW
            SIO Hyst: DISABLED
            SIO Vtrip: MULTIPLIER_0_5
            SIO Multiplier Index: 0
            SIO RefSel: VCC_IO
            Required Capabilities: DIGITAL, ROUTABLE
            Initial Value: 0
            IO Voltage: 0
        PORT MAP (
            pa_out => BUTTON_3(0)__PA ,
            fb => Net_667 ,
            pad => BUTTON_3(0)_PAD );
        Properties:
        {
        }

    Pin : Name = BUTTON_4(0)
        Attributes:
            In Group/Port: True
            In Sync Option: NOSYNC
            Out Sync Option: AUTO
            Interrupt generated: False
            Interrupt mode: NONE
            Drive mode: CMOS_OUT
            VTrip: CMOS
            Slew: FAST
            Input Sync needed: False
            Output Sync needed: False
            SC shield enabled: False
            POR State: ANY
            LCD Mode: COMMON
            Register Mode: RegComb
            CaSense Mode: NEITHER
            Treat as pin: True
            Is OE Registered: False
            Uses Analog: False
            Can contain Digital: True
            Is SIO: False
            SIO Output Buf: NONREGULATED
            SIO Input Buf: SINGLE_ENDED
            SIO HiFreq: LOW
            SIO Hyst: DISABLED
            SIO Vtrip: MULTIPLIER_0_5
            SIO Multiplier Index: 0
            SIO RefSel: VCC_IO
            Required Capabilities: DIGITAL, ROUTABLE
            Initial Value: 0
            IO Voltage: 0
        PORT MAP (
            pa_out => BUTTON_4(0)__PA ,
            fb => Net_668 ,
            pad => BUTTON_4(0)_PAD );
        Properties:
        {
        }

    Pin : Name = LED_1(0)
        Attributes:
            In Group/Port: True
            In Sync Option: NOSYNC
            Out Sync Option: AUTO
            Interrupt generated: False
            Interrupt mode: NONE
            Drive mode: HI_Z_DIGITAL
            VTrip: CMOS
            Slew: FAST
            Input Sync needed: False
            Output Sync needed: False
            SC shield enabled: False
            POR State: ANY
            LCD Mode: COMMON
            Register Mode: RegComb
            CaSense Mode: NEITHER
            Treat as pin: True
            Is OE Registered: False
            Uses Analog: False
            Can contain Digital: True
            Is SIO: False
            SIO Output Buf: NONREGULATED
            SIO Input Buf: SINGLE_ENDED
            SIO HiFreq: LOW
            SIO Hyst: DISABLED
            SIO Vtrip: MULTIPLIER_0_5
            SIO Multiplier Index: 0
            SIO RefSel: VCC_IO
            Required Capabilities: DIGITAL
            Initial Value: 0
            IO Voltage: 0
        PORT MAP (
            pa_out => LED_1(0)__PA ,
            pad => LED_1(0)_PAD );
        Properties:
        {
        }

    Pin : Name = LED_3(0)
        Attributes:
            In Group/Port: True
            In Sync Option: NOSYNC
            Out Sync Option: AUTO
            Interrupt generated: False
            Interrupt mode: NONE
            Drive mode: HI_Z_DIGITAL
            VTrip: CMOS
            Slew: FAST
            Input Sync needed: False
            Output Sync needed: False
            SC shield enabled: False
            POR State: ANY
            LCD Mode: COMMON
            Register Mode: RegComb
            CaSense Mode: NEITHER
            Treat as pin: True
            Is OE Registered: False
            Uses Analog: False
            Can contain Digital: True
            Is SIO: False
            SIO Output Buf: NONREGULATED
            SIO Input Buf: SINGLE_ENDED
            SIO HiFreq: LOW
            SIO Hyst: DISABLED
            SIO Vtrip: MULTIPLIER_0_5
            SIO Multiplier Index: 0
            SIO RefSel: VCC_IO
            Required Capabilities: DIGITAL
            Initial Value: 0
            IO Voltage: 0
        PORT MAP (
            pa_out => LED_3(0)__PA ,
            pad => LED_3(0)_PAD );
        Properties:
        {
        }

    Pin : Name = LED_2(0)
        Attributes:
            In Group/Port: True
            In Sync Option: NOSYNC
            Out Sync Option: AUTO
            Interrupt generated: False
            Interrupt mode: NONE
            Drive mode: HI_Z_DIGITAL
            VTrip: CMOS
            Slew: FAST
            Input Sync needed: False
            Output Sync needed: False
            SC shield enabled: False
            POR State: ANY
            LCD Mode: COMMON
            Register Mode: RegComb
            CaSense Mode: NEITHER
            Treat as pin: True
            Is OE Registered: False
            Uses Analog: False
            Can contain Digital: True
            Is SIO: False
            SIO Output Buf: NONREGULATED
            SIO Input Buf: SINGLE_ENDED
            SIO HiFreq: LOW
            SIO Hyst: DISABLED
            SIO Vtrip: MULTIPLIER_0_5
            SIO Multiplier Index: 0
            SIO RefSel: VCC_IO
            Required Capabilities: DIGITAL
            Initial Value: 0
            IO Voltage: 0
        PORT MAP (
            pa_out => LED_2(0)__PA ,
            pad => LED_2(0)_PAD );
        Properties:
        {
        }

    Pin : Name = DEBUG_TX(0)
        Attributes:
            In Group/Port: True
            In Sync Option: AUTO
            Out Sync Option: NOSYNC
            Interrupt generated: False
            Interrupt mode: NONE
            Drive mode: CMOS_OUT
            VTrip: EITHER
            Slew: FAST
            Input Sync needed: False
            Output Sync needed: False
            SC shield enabled: False
            POR State: ANY
            LCD Mode: COMMON
            Register Mode: RegComb
            CaSense Mode: NEITHER
            Treat as pin: True
            Is OE Registered: False
            Uses Analog: False
            Can contain Digital: True
            Is SIO: False
            SIO Output Buf: NONREGULATED
            SIO Input Buf: SINGLE_ENDED
            SIO HiFreq: LOW
            SIO Hyst: DISABLED
            SIO Vtrip: MULTIPLIER_0_5
            SIO Multiplier Index: 0
            SIO RefSel: VCC_IO
            Required Capabilities: DIGITAL, ROUTABLE
            Initial Value: 1
            IO Voltage: 0
        PORT MAP (
            pa_out => DEBUG_TX(0)__PA ,
            pin_input => Net_4090 ,
            pad => DEBUG_TX(0)_PAD );
        Properties:
        {
        }

    Pin : Name = DEBUG_RX(0)
        Attributes:
            In Group/Port: True
            In Sync Option: SYNC
            Out Sync Option: AUTO
            Interrupt generated: False
            Interrupt mode: NONE
            Drive mode: HI_Z_DIGITAL
            VTrip: CMOS
            Slew: FAST
            Input Sync needed: False
            Output Sync needed: False
            SC shield enabled: False
            POR State: ANY
            LCD Mode: COMMON
            Register Mode: RegComb
            CaSense Mode: NEITHER
            Treat as pin: True
            Is OE Registered: False
            Uses Analog: False
            Can contain Digital: True
            Is SIO: False
            SIO Output Buf: NONREGULATED
            SIO Input Buf: SINGLE_ENDED
            SIO HiFreq: LOW
            SIO Hyst: DISABLED
            SIO Vtrip: MULTIPLIER_0_5
            SIO Multiplier Index: 0
            SIO RefSel: VCC_IO
            Required Capabilities: DIGITAL, ROUTABLE
            Initial Value: 0
            IO Voltage: 0
        PORT MAP (
            pa_out => DEBUG_RX(0)__PA ,
            fb => Net_4091 ,
            pad => DEBUG_RX(0)_PAD );
        Properties:
        {
        }

    Pin : Name = PSOC_RX(0)
        Attributes:
            In Group/Port: True
            In Sync Option: SYNC
            Out Sync Option: AUTO
            Interrupt generated: False
            Interrupt mode: NONE
            Drive mode: HI_Z_DIGITAL
            VTrip: CMOS
            Slew: FAST
            Input Sync needed: False
            Output Sync needed: False
            SC shield enabled: False
            POR State: ANY
            LCD Mode: COMMON
            Register Mode: RegComb
            CaSense Mode: NEITHER
            Treat as pin: True
            Is OE Registered: False
            Uses Analog: False
            Can contain Digital: True
            Is SIO: False
            SIO Output Buf: NONREGULATED
            SIO Input Buf: SINGLE_ENDED
            SIO HiFreq: LOW
            SIO Hyst: DISABLED
            SIO Vtrip: MULTIPLIER_0_5
            SIO Multiplier Index: 0
            SIO RefSel: VCC_IO
            Required Capabilities: DIGITAL, ROUTABLE
            Initial Value: 0
            IO Voltage: 0
        PORT MAP (
            pa_out => PSOC_RX(0)__PA ,
            fb => Net_4103 ,
            pad => PSOC_RX(0)_PAD );
        Properties:
        {
        }

    Pin : Name = Pin_Safe_1(0)
        Attributes:
            In Group/Port: True
            In Sync Option: AUTO
            Out Sync Option: NOSYNC
            Interrupt generated: False
            Interrupt mode: NONE
            Drive mode: CMOS_OUT
            VTrip: EITHER
            Slew: FAST
            Input Sync needed: False
            Output Sync needed: False
            SC shield enabled: False
            POR State: ANY
            LCD Mode: COMMON
            Register Mode: RegComb
            CaSense Mode: NEITHER
            Treat as pin: True
            Is OE Registered: False
            Uses Analog: False
            Can contain Digital: True
            Is SIO: False
            SIO Output Buf: NONREGULATED
            SIO Input Buf: SINGLE_ENDED
            SIO HiFreq: LOW
            SIO Hyst: DISABLED
            SIO Vtrip: MULTIPLIER_0_5
            SIO Multiplier Index: 0
            SIO RefSel: VCC_IO
            Required Capabilities: DIGITAL
            Initial Value: 0
            IO Voltage: 0
        PORT MAP (
            pa_out => Pin_Safe_1(0)__PA ,
            pad => Pin_Safe_1(0)_PAD );
        Properties:
        {
        }

    Pin : Name = Pin_Safe_2(0)
        Attributes:
            In Group/Port: True
            In Sync Option: AUTO
            Out Sync Option: NOSYNC
            Interrupt generated: False
            Interrupt mode: NONE
            Drive mode: CMOS_OUT
            VTrip: EITHER
            Slew: FAST
            Input Sync needed: False
            Output Sync needed: False
            SC shield enabled: False
            POR State: ANY
            LCD Mode: COMMON
            Register Mode: RegComb
            CaSense Mode: NEITHER
            Treat as pin: True
            Is OE Registered: False
            Uses Analog: False
            Can contain Digital: True
            Is SIO: False
            SIO Output Buf: NONREGULATED
            SIO Input Buf: SINGLE_ENDED
            SIO HiFreq: LOW
            SIO Hyst: DISABLED
            SIO Vtrip: MULTIPLIER_0_5
            SIO Multiplier Index: 0
            SIO RefSel: VCC_IO
            Required Capabilities: DIGITAL
            Initial Value: 0
            IO Voltage: 0
        PORT MAP (
            pa_out => Pin_Safe_2(0)__PA ,
            pad => Pin_Safe_2(0)_PAD );
        Properties:
        {
        }

    Pin : Name = EB_6(0)
        Attributes:
            In Group/Port: True
            In Sync Option: NOSYNC
            Out Sync Option: AUTO
            Interrupt generated: False
            Interrupt mode: NONE
            Drive mode: RES_PULL_DOWN
            VTrip: CMOS
            Slew: FAST
            Input Sync needed: False
            Output Sync needed: False
            SC shield enabled: False
            POR State: ANY
            LCD Mode: COMMON
            Register Mode: RegComb
            CaSense Mode: NEITHER
            Treat as pin: True
            Is OE Registered: False
            Uses Analog: False
            Can contain Digital: True
            Is SIO: False
            SIO Output Buf: NONREGULATED
            SIO Input Buf: SINGLE_ENDED
            SIO HiFreq: LOW
            SIO Hyst: DISABLED
            SIO Vtrip: MULTIPLIER_0_5
            SIO Multiplier Index: 0
            SIO RefSel: VCC_IO
            Required Capabilities: DIGITAL, ROUTABLE
            Initial Value: 0
            IO Voltage: 0
        PORT MAP (
            pa_out => EB_6(0)__PA ,
            fb => Net_4129 ,
            pad => EB_6(0)_PAD );
        Properties:
        {
        }

    Pin : Name = \USBUART:Dm(0)\
        Attributes:
            In Group/Port: True
            In Sync Option: AUTO
            Out Sync Option: AUTO
            Interrupt generated: False
            Interrupt mode: NONE
            Drive mode: HI_Z_ANALOG
            VTrip: EITHER
            Slew: FAST
            Input Sync needed: False
            Output Sync needed: False
            SC shield enabled: False
            POR State: ANY
            LCD Mode: COMMON
            Register Mode: RegComb
            CaSense Mode: NEITHER
            Treat as pin: True
            Is OE Registered: False
            Uses Analog: True
            Can contain Digital: False
            Is SIO: False
            SIO Output Buf: NONREGULATED
            SIO Input Buf: SINGLE_ENDED
            SIO HiFreq: LOW
            SIO Hyst: DISABLED
            SIO Vtrip: MULTIPLIER_0_5
            SIO Multiplier Index: 0
            SIO RefSel: VCC_IO
            Required Capabilities: USB_D_MINUS
            Initial Value: 0
            IO Voltage: 0
        PORT MAP (
            pa_out => \USBUART:Dm(0)\__PA ,
            analog_term => \USBUART:Net_597\ ,
            pad => \USBUART:Dm(0)_PAD\ );
        Properties:
        {
        }

    Pin : Name = \USBUART:Dp(0)\
        Attributes:
            In Group/Port: True
            In Sync Option: SYNC
            Out Sync Option: AUTO
            Interrupt generated: True
            Interrupt mode: FALLING
            Drive mode: HI_Z_ANALOG
            VTrip: CMOS
            Slew: FAST
            Input Sync needed: True
            Output Sync needed: False
            SC shield enabled: False
            POR State: ANY
            LCD Mode: COMMON
            Register Mode: RegComb
            CaSense Mode: NEITHER
            Treat as pin: False
            Is OE Registered: False
            Uses Analog: True
            Can contain Digital: True
            Is SIO: False
            SIO Output Buf: NONREGULATED
            SIO Input Buf: SINGLE_ENDED
            SIO HiFreq: LOW
            SIO Hyst: DISABLED
            SIO Vtrip: MULTIPLIER_0_5
            SIO Multiplier Index: 0
            SIO RefSel: VCC_IO
            Required Capabilities: USB_D_PLUS
            Initial Value: 1
            IO Voltage: 0
        PORT MAP (
            pa_out => \USBUART:Dp(0)\__PA ,
            analog_term => \USBUART:Net_1000\ ,
            pad => \USBUART:Dp(0)_PAD\ );
        Properties:
        {
        }

    Pin : Name = Pin_AnalogIN_1(0)
        Attributes:
            In Group/Port: True
            In Sync Option: AUTO
            Out Sync Option: AUTO
            Interrupt generated: False
            Interrupt mode: NONE
            Drive mode: HI_Z_ANALOG
            VTrip: EITHER
            Slew: FAST
            Input Sync needed: False
            Output Sync needed: False
            SC shield enabled: False
            POR State: ANY
            LCD Mode: COMMON
            Register Mode: RegComb
            CaSense Mode: NEITHER
            Treat as pin: True
            Is OE Registered: False
            Uses Analog: True
            Can contain Digital: False
            Is SIO: False
            SIO Output Buf: NONREGULATED
            SIO Input Buf: SINGLE_ENDED
            SIO HiFreq: LOW
            SIO Hyst: DISABLED
            SIO Vtrip: MULTIPLIER_0_5
            SIO Multiplier Index: 0
            SIO RefSel: VCC_IO
            Required Capabilities: ANALOG
            Initial Value: 0
            IO Voltage: 0
        PORT MAP (
            pa_out => Pin_AnalogIN_1(0)__PA ,
            analog_term => Net_4267 ,
            pad => Pin_AnalogIN_1(0)_PAD );
        Properties:
        {
        }

    Pin : Name = Pin_AnalogIN_3(0)
        Attributes:
            In Group/Port: True
            In Sync Option: NOSYNC
            Out Sync Option: AUTO
            Interrupt generated: False
            Interrupt mode: NONE
            Drive mode: HI_Z_DIGITAL
            VTrip: CMOS
            Slew: FAST
            Input Sync needed: False
            Output Sync needed: False
            SC shield enabled: False
            POR State: ANY
            LCD Mode: COMMON
            Register Mode: RegComb
            CaSense Mode: NEITHER
            Treat as pin: True
            Is OE Registered: False
            Uses Analog: False
            Can contain Digital: True
            Is SIO: False
            SIO Output Buf: NONREGULATED
            SIO Input Buf: SINGLE_ENDED
            SIO HiFreq: LOW
            SIO Hyst: DISABLED
            SIO Vtrip: MULTIPLIER_0_5
            SIO Multiplier Index: 0
            SIO RefSel: VCC_IO
            Required Capabilities: DIGITAL
            Initial Value: 0
            IO Voltage: 0
        PORT MAP (
            pa_out => Pin_AnalogIN_3(0)__PA ,
            pad => Pin_AnalogIN_3(0)_PAD );
        Properties:
        {
        }

    Pin : Name = PSOC_TX(0)
        Attributes:
            In Group/Port: True
            In Sync Option: AUTO
            Out Sync Option: NOSYNC
            Interrupt generated: False
            Interrupt mode: NONE
            Drive mode: CMOS_OUT
            VTrip: EITHER
            Slew: FAST
            Input Sync needed: False
            Output Sync needed: False
            SC shield enabled: False
            POR State: ANY
            LCD Mode: COMMON
            Register Mode: RegComb
            CaSense Mode: NEITHER
            Treat as pin: True
            Is OE Registered: False
            Uses Analog: False
            Can contain Digital: True
            Is SIO: False
            SIO Output Buf: NONREGULATED
            SIO Input Buf: SINGLE_ENDED
            SIO HiFreq: LOW
            SIO Hyst: DISABLED
            SIO Vtrip: MULTIPLIER_0_5
            SIO Multiplier Index: 0
            SIO RefSel: VCC_IO
            Required Capabilities: DIGITAL, ROUTABLE
            Initial Value: 1
            IO Voltage: 0
        PORT MAP (
            pa_out => PSOC_TX(0)__PA ,
            pin_input => Net_4105 ,
            pad => PSOC_TX(0)_PAD );
        Properties:
        {
        }

    Pin : Name = SCL(0)
        Attributes:
            In Group/Port: True
            In Sync Option: SYNC
            Out Sync Option: NOSYNC
            Interrupt generated: False
            Interrupt mode: NONE
            Drive mode: OPEN_DRAIN_LO
            VTrip: CMOS
            Slew: FAST
            Input Sync needed: False
            Output Sync needed: False
            SC shield enabled: False
            POR State: ANY
            LCD Mode: COMMON
            Register Mode: RegComb
            CaSense Mode: NEITHER
            Treat as pin: True
            Is OE Registered: False
            Uses Analog: False
            Can contain Digital: True
            Is SIO: False
            SIO Output Buf: NONREGULATED
            SIO Input Buf: SINGLE_ENDED
            SIO HiFreq: LOW
            SIO Hyst: DISABLED
            SIO Vtrip: MULTIPLIER_0_5
            SIO Multiplier Index: 0
            SIO RefSel: VCC_IO
            Required Capabilities: DIGITAL, ROUTABLE
            Initial Value: 1
            IO Voltage: 0
        PORT MAP (
            pa_out => SCL(0)__PA ,
            fb => \I2C:Net_1109_0\ ,
            pin_input => \I2C:Net_643_0\ ,
            pad => SCL(0)_PAD );
        Properties:
        {
        }

    Pin : Name = SDA(0)
        Attributes:
            In Group/Port: True
            In Sync Option: SYNC
            Out Sync Option: NOSYNC
            Interrupt generated: False
            Interrupt mode: NONE
            Drive mode: OPEN_DRAIN_LO
            VTrip: CMOS
            Slew: FAST
            Input Sync needed: False
            Output Sync needed: False
            SC shield enabled: False
            POR State: ANY
            LCD Mode: COMMON
            Register Mode: RegComb
            CaSense Mode: NEITHER
            Treat as pin: True
            Is OE Registered: False
            Uses Analog: False
            Can contain Digital: True
            Is SIO: False
            SIO Output Buf: NONREGULATED
            SIO Input Buf: SINGLE_ENDED
            SIO HiFreq: LOW
            SIO Hyst: DISABLED
            SIO Vtrip: MULTIPLIER_0_5
            SIO Multiplier Index: 0
            SIO RefSel: VCC_IO
            Required Capabilities: DIGITAL, ROUTABLE
            Initial Value: 1
            IO Voltage: 0
        PORT MAP (
            pa_out => SDA(0)__PA ,
            fb => \I2C:Net_1109_1\ ,
            pin_input => \I2C:sda_x_wire\ ,
            pad => SDA(0)_PAD );
        Properties:
        {
        }

    Pin : Name = Pin_Encoder_A(0)
        Attributes:
            In Group/Port: True
            In Sync Option: NOSYNC
            Out Sync Option: AUTO
            Interrupt generated: False
            Interrupt mode: NONE
            Drive mode: HI_Z_DIGITAL
            VTrip: CMOS
            Slew: FAST
            Input Sync needed: False
            Output Sync needed: False
            SC shield enabled: False
            POR State: ANY
            LCD Mode: COMMON
            Register Mode: RegComb
            CaSense Mode: NEITHER
            Treat as pin: True
            Is OE Registered: False
            Uses Analog: False
            Can contain Digital: True
            Is SIO: False
            SIO Output Buf: NONREGULATED
            SIO Input Buf: SINGLE_ENDED
            SIO HiFreq: LOW
            SIO Hyst: DISABLED
            SIO Vtrip: MULTIPLIER_0_5
            SIO Multiplier Index: 0
            SIO RefSel: VCC_IO
            Required Capabilities: DIGITAL, ROUTABLE
            Initial Value: 0
            IO Voltage: 0
        PORT MAP (
            pa_out => Pin_Encoder_A(0)__PA ,
            fb => Net_3908 ,
            pad => Pin_Encoder_A(0)_PAD );
        Properties:
        {
        }

    Pin : Name = Pin_Encoder_B(0)
        Attributes:
            In Group/Port: True
            In Sync Option: NOSYNC
            Out Sync Option: AUTO
            Interrupt generated: False
            Interrupt mode: NONE
            Drive mode: HI_Z_DIGITAL
            VTrip: CMOS
            Slew: FAST
            Input Sync needed: False
            Output Sync needed: False
            SC shield enabled: False
            POR State: ANY
            LCD Mode: COMMON
            Register Mode: RegComb
            CaSense Mode: NEITHER
            Treat as pin: True
            Is OE Registered: False
            Uses Analog: False
            Can contain Digital: True
            Is SIO: False
            SIO Output Buf: NONREGULATED
            SIO Input Buf: SINGLE_ENDED
            SIO HiFreq: LOW
            SIO Hyst: DISABLED
            SIO Vtrip: MULTIPLIER_0_5
            SIO Multiplier Index: 0
            SIO RefSel: VCC_IO
            Required Capabilities: DIGITAL, ROUTABLE
            Initial Value: 0
            IO Voltage: 0
        PORT MAP (
            pa_out => Pin_Encoder_B(0)__PA ,
            fb => Net_3898 ,
            pad => Pin_Encoder_B(0)_PAD );
        Properties:
        {
        }

    Pin : Name = Pin_Engine_Mode_1(0)
        Attributes:
            In Group/Port: True
            In Sync Option: AUTO
            Out Sync Option: NOSYNC
            Interrupt generated: False
            Interrupt mode: NONE
            Drive mode: CMOS_OUT
            VTrip: EITHER
            Slew: FAST
            Input Sync needed: False
            Output Sync needed: False
            SC shield enabled: False
            POR State: ANY
            LCD Mode: COMMON
            Register Mode: RegComb
            CaSense Mode: NEITHER
            Treat as pin: True
            Is OE Registered: False
            Uses Analog: False
            Can contain Digital: True
            Is SIO: False
            SIO Output Buf: NONREGULATED
            SIO Input Buf: SINGLE_ENDED
            SIO HiFreq: LOW
            SIO Hyst: DISABLED
            SIO Vtrip: MULTIPLIER_0_5
            SIO Multiplier Index: 0
            SIO RefSel: VCC_IO
            Required Capabilities: DIGITAL, ROUTABLE
            Initial Value: 0
            IO Voltage: 0
        PORT MAP (
            pa_out => Pin_Engine_Mode_1(0)__PA ,
            pin_input => Net_4260 ,
            pad => Pin_Engine_Mode_1(0)_PAD );
        Properties:
        {
        }

    Pin : Name = Pin_Engine_Mode_2(0)
        Attributes:
            In Group/Port: True
            In Sync Option: AUTO
            Out Sync Option: NOSYNC
            Interrupt generated: False
            Interrupt mode: NONE
            Drive mode: CMOS_OUT
            VTrip: EITHER
            Slew: FAST
            Input Sync needed: False
            Output Sync needed: False
            SC shield enabled: False
            POR State: ANY
            LCD Mode: COMMON
            Register Mode: RegComb
            CaSense Mode: NEITHER
            Treat as pin: True
            Is OE Registered: False
            Uses Analog: False
            Can contain Digital: True
            Is SIO: False
            SIO Output Buf: NONREGULATED
            SIO Input Buf: SINGLE_ENDED
            SIO HiFreq: LOW
            SIO Hyst: DISABLED
            SIO Vtrip: MULTIPLIER_0_5
            SIO Multiplier Index: 0
            SIO RefSel: VCC_IO
            Required Capabilities: DIGITAL, ROUTABLE
            Initial Value: 0
            IO Voltage: 0
        PORT MAP (
            pa_out => Pin_Engine_Mode_2(0)__PA ,
            pin_input => Net_4257 ,
            pad => Pin_Engine_Mode_2(0)_PAD );
        Properties:
        {
        }

    Pin : Name = Pin_AnalogIN_2(0)
        Attributes:
            In Group/Port: True
            In Sync Option: AUTO
            Out Sync Option: AUTO
            Interrupt generated: False
            Interrupt mode: NONE
            Drive mode: HI_Z_ANALOG
            VTrip: EITHER
            Slew: FAST
            Input Sync needed: False
            Output Sync needed: False
            SC shield enabled: False
            POR State: ANY
            LCD Mode: COMMON
            Register Mode: RegComb
            CaSense Mode: NEITHER
            Treat as pin: True
            Is OE Registered: False
            Uses Analog: True
            Can contain Digital: False
            Is SIO: False
            SIO Output Buf: NONREGULATED
            SIO Input Buf: SINGLE_ENDED
            SIO HiFreq: LOW
            SIO Hyst: DISABLED
            SIO Vtrip: MULTIPLIER_0_5
            SIO Multiplier Index: 0
            SIO RefSel: VCC_IO
            Required Capabilities: ANALOG
            Initial Value: 0
            IO Voltage: 0
        PORT MAP (
            pa_out => Pin_AnalogIN_2(0)__PA ,
            analog_term => Net_4274 ,
            pad => Pin_AnalogIN_2(0)_PAD );
        Properties:
        {
        }

    Pin : Name = Pin_Engine_PWM(0)
        Attributes:
            In Group/Port: True
            In Sync Option: AUTO
            Out Sync Option: NOSYNC
            Interrupt generated: False
            Interrupt mode: NONE
            Drive mode: CMOS_OUT
            VTrip: EITHER
            Slew: FAST
            Input Sync needed: False
            Output Sync needed: False
            SC shield enabled: False
            POR State: ANY
            LCD Mode: COMMON
            Register Mode: RegComb
            CaSense Mode: NEITHER
            Treat as pin: True
            Is OE Registered: False
            Uses Analog: False
            Can contain Digital: True
            Is SIO: False
            SIO Output Buf: NONREGULATED
            SIO Input Buf: SINGLE_ENDED
            SIO HiFreq: LOW
            SIO Hyst: DISABLED
            SIO Vtrip: MULTIPLIER_0_5
            SIO Multiplier Index: 0
            SIO RefSel: VCC_IO
            Required Capabilities: DIGITAL, ROUTABLE
            Initial Value: 0
            IO Voltage: 0
        PORT MAP (
            pa_out => Pin_Engine_PWM(0)__PA ,
            pin_input => Net_4126 ,
            pad => Pin_Engine_PWM(0)_PAD );
        Properties:
        {
        }

    Pin : Name = Pin_Toggle(0)
        Attributes:
            In Group/Port: True
            In Sync Option: AUTO
            Out Sync Option: NOSYNC
            Interrupt generated: False
            Interrupt mode: NONE
            Drive mode: CMOS_OUT
            VTrip: EITHER
            Slew: FAST
            Input Sync needed: False
            Output Sync needed: False
            SC shield enabled: False
            POR State: ANY
            LCD Mode: COMMON
            Register Mode: RegComb
            CaSense Mode: NEITHER
            Treat as pin: True
            Is OE Registered: False
            Uses Analog: False
            Can contain Digital: True
            Is SIO: False
            SIO Output Buf: NONREGULATED
            SIO Input Buf: SINGLE_ENDED
            SIO HiFreq: LOW
            SIO Hyst: DISABLED
            SIO Vtrip: MULTIPLIER_0_5
            SIO Multiplier Index: 0
            SIO RefSel: VCC_IO
            Required Capabilities: DIGITAL
            Initial Value: 0
            IO Voltage: 0
        PORT MAP (
            pa_out => Pin_Toggle(0)__PA ,
            pad => Pin_Toggle(0)_PAD );
        Properties:
        {
        }
    </CYPRESSTAG>
    <CYPRESSTAG name="Macrocell listing" icon="FILE_RPT_EQUATION">

    ------------------------------------------------------------
    Macrocell listing
    ------------------------------------------------------------

    MacroCell: Name=Net_666, Mode=(Combinatorial)
        Total # of inputs        : 4
        Total # of product terms : 1
            Clock Enable: True
        Main Equation            : 1 pterm
        !(
              !Net_664 * !Net_665 * !Net_667 * !Net_668
        );
        Output = Net_666 (fanout=1)

    MacroCell: Name=Net_4090, Mode=(Combinatorial)
        Total # of inputs        : 1
        Total # of product terms : 1
            Clock Enable: True
        Main Equation            : 1 pterm
        (
              !\UART_LOG:BUART:txn\
        );
        Output = Net_4090 (fanout=1)

    MacroCell: Name=\UART_LOG:BUART:counter_load_not\, Mode=(Combinatorial)
        Total # of inputs        : 4
        Total # of product terms : 2
            Clock Enable: True
        Main Equation            : 2 pterms
        !(
              !\UART_LOG:BUART:tx_state_1\ * !\UART_LOG:BUART:tx_state_0\ * 
              \UART_LOG:BUART:tx_bitclk_enable_pre\
            + !\UART_LOG:BUART:tx_state_1\ * !\UART_LOG:BUART:tx_state_0\ * 
              !\UART_LOG:BUART:tx_state_2\
        );
        Output = \UART_LOG:BUART:counter_load_not\ (fanout=1)

    MacroCell: Name=\UART_LOG:BUART:tx_status_0\, Mode=(Combinatorial)
        Total # of inputs        : 5
        Total # of product terms : 1
            Clock Enable: True
        Main Equation            : 1 pterm
        (
              !\UART_LOG:BUART:tx_state_1\ * !\UART_LOG:BUART:tx_state_0\ * 
              \UART_LOG:BUART:tx_bitclk_enable_pre\ * 
              \UART_LOG:BUART:tx_fifo_empty\ * \UART_LOG:BUART:tx_state_2\
        );
        Output = \UART_LOG:BUART:tx_status_0\ (fanout=1)

    MacroCell: Name=\UART_LOG:BUART:tx_status_2\, Mode=(Combinatorial)
        Total # of inputs        : 1
        Total # of product terms : 1
            Clock Enable: True
        Main Equation            : 1 pterm
        (
              !\UART_LOG:BUART:tx_fifo_notfull\
        );
        Output = \UART_LOG:BUART:tx_status_2\ (fanout=1)

    MacroCell: Name=\UART_LOG:BUART:rx_counter_load\, Mode=(Combinatorial)
        Total # of inputs        : 4
        Total # of product terms : 1
            Clock Enable: True
        Main Equation            : 1 pterm
        (
              !\UART_LOG:BUART:tx_ctrl_mark_last\ * 
              !\UART_LOG:BUART:rx_state_0\ * !\UART_LOG:BUART:rx_state_3\ * 
              !\UART_LOG:BUART:rx_state_2\
        );
        Output = \UART_LOG:BUART:rx_counter_load\ (fanout=1)

    MacroCell: Name=\UART_LOG:BUART:rx_postpoll\, Mode=(Combinatorial)
        Total # of inputs        : 3
        Total # of product terms : 2
            Clock Enable: True
        Main Equation            : 2 pterms
        (
              MODIN1_1
            + MODIN1_0 * Net_4091_SYNCOUT
        );
        Output = \UART_LOG:BUART:rx_postpoll\ (fanout=1)

    MacroCell: Name=\UART_LOG:BUART:rx_status_4\, Mode=(Combinatorial)
        Total # of inputs        : 2
        Total # of product terms : 1
            Clock Enable: True
        Main Equation            : 1 pterm
        (
              \UART_LOG:BUART:rx_load_fifo\ * \UART_LOG:BUART:rx_fifofull\
        );
        Output = \UART_LOG:BUART:rx_status_4\ (fanout=1)

    MacroCell: Name=\UART_LOG:BUART:rx_status_5\, Mode=(Combinatorial)
        Total # of inputs        : 2
        Total # of product terms : 1
            Clock Enable: True
        Main Equation            : 1 pterm
        (
              \UART_LOG:BUART:rx_fifonotempty\ * 
              \UART_LOG:BUART:rx_state_stop1_reg\
        );
        Output = \UART_LOG:BUART:rx_status_5\ (fanout=1)

    MacroCell: Name=Net_4105, Mode=(Combinatorial)
        Total # of inputs        : 1
        Total # of product terms : 1
            Clock Enable: True
        Main Equation            : 1 pterm
        (
              !\UART_PSOC:BUART:txn\
        );
        Output = Net_4105 (fanout=1)

    MacroCell: Name=\UART_PSOC:BUART:counter_load_not\, Mode=(Combinatorial)
        Total # of inputs        : 4
        Total # of product terms : 2
            Clock Enable: True
        Main Equation            : 2 pterms
        !(
              !\UART_PSOC:BUART:tx_state_1\ * !\UART_PSOC:BUART:tx_state_0\ * 
              \UART_PSOC:BUART:tx_bitclk_enable_pre\
            + !\UART_PSOC:BUART:tx_state_1\ * !\UART_PSOC:BUART:tx_state_0\ * 
              !\UART_PSOC:BUART:tx_state_2\
        );
        Output = \UART_PSOC:BUART:counter_load_not\ (fanout=1)

    MacroCell: Name=\UART_PSOC:BUART:tx_status_0\, Mode=(Combinatorial)
        Total # of inputs        : 5
        Total # of product terms : 1
            Clock Enable: True
        Main Equation            : 1 pterm
        (
              !\UART_PSOC:BUART:tx_state_1\ * !\UART_PSOC:BUART:tx_state_0\ * 
              \UART_PSOC:BUART:tx_bitclk_enable_pre\ * 
              \UART_PSOC:BUART:tx_fifo_empty\ * \UART_PSOC:BUART:tx_state_2\
        );
        Output = \UART_PSOC:BUART:tx_status_0\ (fanout=1)

    MacroCell: Name=\UART_PSOC:BUART:tx_status_2\, Mode=(Combinatorial)
        Total # of inputs        : 1
        Total # of product terms : 1
            Clock Enable: True
        Main Equation            : 1 pterm
        (
              !\UART_PSOC:BUART:tx_fifo_notfull\
        );
        Output = \UART_PSOC:BUART:tx_status_2\ (fanout=1)

    MacroCell: Name=\UART_PSOC:BUART:rx_counter_load\, Mode=(Combinatorial)
        Total # of inputs        : 4
        Total # of product terms : 1
            Clock Enable: True
        Main Equation            : 1 pterm
        (
              !\UART_PSOC:BUART:tx_ctrl_mark_last\ * 
              !\UART_PSOC:BUART:rx_state_0\ * !\UART_PSOC:BUART:rx_state_3\ * 
              !\UART_PSOC:BUART:rx_state_2\
        );
        Output = \UART_PSOC:BUART:rx_counter_load\ (fanout=1)

    MacroCell: Name=\UART_PSOC:BUART:rx_postpoll\, Mode=(Combinatorial)
        Total # of inputs        : 3
        Total # of product terms : 2
            Clock Enable: True
        Main Equation            : 2 pterms
        (
              \UART_PSOC:BUART:pollcount_1\
            + \UART_PSOC:BUART:pollcount_0\ * Net_4103_SYNCOUT
        );
        Output = \UART_PSOC:BUART:rx_postpoll\ (fanout=1)

    MacroCell: Name=\UART_PSOC:BUART:rx_status_4\, Mode=(Combinatorial)
        Total # of inputs        : 2
        Total # of product terms : 1
            Clock Enable: True
        Main Equation            : 1 pterm
        (
              \UART_PSOC:BUART:rx_load_fifo\ * \UART_PSOC:BUART:rx_fifofull\
        );
        Output = \UART_PSOC:BUART:rx_status_4\ (fanout=1)

    MacroCell: Name=\UART_PSOC:BUART:rx_status_5\, Mode=(Combinatorial)
        Total # of inputs        : 2
        Total # of product terms : 1
            Clock Enable: True
        Main Equation            : 1 pterm
        (
              \UART_PSOC:BUART:rx_fifonotempty\ * 
              \UART_PSOC:BUART:rx_state_stop1_reg\
        );
        Output = \UART_PSOC:BUART:rx_status_5\ (fanout=1)

    MacroCell: Name=\ENGINE_PWM:PWMUDB:status_2\, Mode=(Combinatorial)
        Total # of inputs        : 2
        Total # of product terms : 1
            Clock Enable: True
        Main Equation            : 1 pterm
        (
              \ENGINE_PWM:PWMUDB:runmode_enable\ * \ENGINE_PWM:PWMUDB:tc_i\
        );
        Output = \ENGINE_PWM:PWMUDB:status_2\ (fanout=1)

    MacroCell: Name=\ENGINE_DECODER:Cnt16:CounterUDB:reload\, Mode=(Combinatorial)
        Total # of inputs        : 3
        Total # of product terms : 1
            Clock Enable: True
        Main Equation            : 1 pterm
        !(
              !\ENGINE_DECODER:Net_1260\ * 
              !\ENGINE_DECODER:Cnt16:CounterUDB:status_1\ * 
              !\ENGINE_DECODER:Cnt16:CounterUDB:overflow\
        );
        Output = \ENGINE_DECODER:Cnt16:CounterUDB:reload\ (fanout=2)

    MacroCell: Name=\ENGINE_DECODER:Cnt16:CounterUDB:status_0\, Mode=(Combinatorial)
        Total # of inputs        : 2
        Total # of product terms : 1
            Clock Enable: True
        Main Equation            : 1 pterm
        (
              \ENGINE_DECODER:Cnt16:CounterUDB:cmp_out_i\ * 
              !\ENGINE_DECODER:Cnt16:CounterUDB:prevCompare\
        );
        Output = \ENGINE_DECODER:Cnt16:CounterUDB:status_0\ (fanout=1)

    MacroCell: Name=\ENGINE_DECODER:Cnt16:CounterUDB:status_2\, Mode=(Combinatorial)
        Total # of inputs        : 2
        Total # of product terms : 1
            Clock Enable: True
        Main Equation            : 1 pterm
        (
              \ENGINE_DECODER:Cnt16:CounterUDB:overflow\ * 
              !\ENGINE_DECODER:Cnt16:CounterUDB:overflow_reg_i\
        );
        Output = \ENGINE_DECODER:Cnt16:CounterUDB:status_2\ (fanout=1)

    MacroCell: Name=\ENGINE_DECODER:Cnt16:CounterUDB:status_3\, Mode=(Combinatorial)
        Total # of inputs        : 2
        Total # of product terms : 1
            Clock Enable: True
        Main Equation            : 1 pterm
        (
              \ENGINE_DECODER:Cnt16:CounterUDB:status_1\ * 
              !\ENGINE_DECODER:Cnt16:CounterUDB:underflow_reg_i\
        );
        Output = \ENGINE_DECODER:Cnt16:CounterUDB:status_3\ (fanout=1)

    MacroCell: Name=\ENGINE_DECODER:Cnt16:CounterUDB:count_enable\, Mode=(Combinatorial)
        Total # of inputs        : 3
        Total # of product terms : 1
            Clock Enable: True
        Main Equation            : 1 pterm
        (
              \ENGINE_DECODER:Cnt16:CounterUDB:control_7\ * 
              !\ENGINE_DECODER:Cnt16:CounterUDB:count_stored_i\ * 
              \ENGINE_DECODER:Net_1203\
        );
        Output = \ENGINE_DECODER:Cnt16:CounterUDB:count_enable\ (fanout=2)

    MacroCell: Name=\ENGINE_DECODER:Net_530\, Mode=(Combinatorial)
        Total # of inputs        : 3
        Total # of product terms : 1
            Clock Enable: True
        Main Equation            : 1 pterm
        (
              \ENGINE_DECODER:Net_1275\ * \ENGINE_DECODER:Net_1251\ * 
              !\ENGINE_DECODER:Cnt16:CounterUDB:prevCompare\
        );
        Output = \ENGINE_DECODER:Net_530\ (fanout=1)

    MacroCell: Name=\ENGINE_DECODER:Net_611\, Mode=(Combinatorial)
        Total # of inputs        : 3
        Total # of product terms : 1
            Clock Enable: True
        Main Equation            : 1 pterm
        (
              \ENGINE_DECODER:Net_1275\ * !\ENGINE_DECODER:Net_1251\ * 
              !\ENGINE_DECODER:Cnt16:CounterUDB:prevCompare\
        );
        Output = \ENGINE_DECODER:Net_611\ (fanout=1)

    MacroCell: Name=\ENGINE_DECODER:bQuadDec:quad_A_delayed_0\, Mode=(D-Register)
        Total # of inputs        : 1
        Total # of product terms : 1
        List of special equations: 
            Clock  = (Net_2319) => Global
            Clock Enable: True
        Main Equation            : 1 pterm
        (
              Net_3908
        );
        Output = \ENGINE_DECODER:bQuadDec:quad_A_delayed_0\ (fanout=2)

    MacroCell: Name=\ENGINE_DECODER:bQuadDec:quad_A_delayed_1\, Mode=(D-Register)
        Total # of inputs        : 1
        Total # of product terms : 1
        List of special equations: 
            Clock  = (Net_2319) => Global
            Clock Enable: True
        Main Equation            : 1 pterm
        (
              \ENGINE_DECODER:bQuadDec:quad_A_delayed_0\
        );
        Output = \ENGINE_DECODER:bQuadDec:quad_A_delayed_1\ (fanout=2)

    MacroCell: Name=\ENGINE_DECODER:bQuadDec:quad_A_delayed_2\, Mode=(D-Register)
        Total # of inputs        : 1
        Total # of product terms : 1
        List of special equations: 
            Clock  = (Net_2319) => Global
            Clock Enable: True
        Main Equation            : 1 pterm
        (
              \ENGINE_DECODER:bQuadDec:quad_A_delayed_1\
        );
        Output = \ENGINE_DECODER:bQuadDec:quad_A_delayed_2\ (fanout=1)

    MacroCell: Name=\ENGINE_DECODER:bQuadDec:quad_B_delayed_0\, Mode=(D-Register)
        Total # of inputs        : 1
        Total # of product terms : 1
        List of special equations: 
            Clock  = (Net_2319) => Global
            Clock Enable: True
        Main Equation            : 1 pterm
        (
              Net_3898
        );
        Output = \ENGINE_DECODER:bQuadDec:quad_B_delayed_0\ (fanout=2)

    MacroCell: Name=\ENGINE_DECODER:bQuadDec:quad_B_delayed_1\, Mode=(D-Register)
        Total # of inputs        : 1
        Total # of product terms : 1
        List of special equations: 
            Clock  = (Net_2319) => Global
            Clock Enable: True
        Main Equation            : 1 pterm
        (
              \ENGINE_DECODER:bQuadDec:quad_B_delayed_0\
        );
        Output = \ENGINE_DECODER:bQuadDec:quad_B_delayed_1\ (fanout=2)

    MacroCell: Name=\ENGINE_DECODER:bQuadDec:quad_B_delayed_2\, Mode=(D-Register)
        Total # of inputs        : 1
        Total # of product terms : 1
        List of special equations: 
            Clock  = (Net_2319) => Global
            Clock Enable: True
        Main Equation            : 1 pterm
        (
              \ENGINE_DECODER:bQuadDec:quad_B_delayed_1\
        );
        Output = \ENGINE_DECODER:bQuadDec:quad_B_delayed_2\ (fanout=1)

    MacroCell: Name=\UART_LOG:BUART:txn\, Mode=(D-Register)
        Total # of inputs        : 7
        Total # of product terms : 5
        List of special equations: 
            Clock  = (\UART_LOG:Net_9\) => Global
            Clock Enable: True
        Main Equation            : 5 pterms
        (
              \UART_LOG:BUART:txn\ * \UART_LOG:BUART:tx_state_1\ * 
              !\UART_LOG:BUART:tx_bitclk\
            + \UART_LOG:BUART:txn\ * \UART_LOG:BUART:tx_state_2\
            + !\UART_LOG:BUART:tx_state_1\ * \UART_LOG:BUART:tx_state_0\ * 
              !\UART_LOG:BUART:tx_shift_out\ * !\UART_LOG:BUART:tx_state_2\
            + !\UART_LOG:BUART:tx_state_1\ * \UART_LOG:BUART:tx_state_0\ * 
              !\UART_LOG:BUART:tx_state_2\ * !\UART_LOG:BUART:tx_bitclk\
            + \UART_LOG:BUART:tx_state_1\ * !\UART_LOG:BUART:tx_state_0\ * 
              !\UART_LOG:BUART:tx_shift_out\ * !\UART_LOG:BUART:tx_state_2\ * 
              !\UART_LOG:BUART:tx_counter_dp\ * \UART_LOG:BUART:tx_bitclk\
        );
        Output = \UART_LOG:BUART:txn\ (fanout=2)

    MacroCell: Name=\UART_LOG:BUART:tx_state_1\, Mode=(T-Register)
        Total # of inputs        : 6
        Total # of product terms : 3
        List of special equations: 
            Clock  = (\UART_LOG:Net_9\) => Global
            Clock Enable: True
        Main Equation            : 3 pterms
        (
              \UART_LOG:BUART:tx_state_1\ * \UART_LOG:BUART:tx_state_0\ * 
              \UART_LOG:BUART:tx_bitclk_enable_pre\ * 
              \UART_LOG:BUART:tx_state_2\
            + \UART_LOG:BUART:tx_state_1\ * !\UART_LOG:BUART:tx_state_2\ * 
              \UART_LOG:BUART:tx_counter_dp\ * \UART_LOG:BUART:tx_bitclk\
            + \UART_LOG:BUART:tx_state_0\ * !\UART_LOG:BUART:tx_state_2\ * 
              \UART_LOG:BUART:tx_bitclk\
        );
        Output = \UART_LOG:BUART:tx_state_1\ (fanout=8)

    MacroCell: Name=\UART_LOG:BUART:tx_state_0\, Mode=(T-Register)
        Total # of inputs        : 6
        Total # of product terms : 4
        List of special equations: 
            Clock  = (\UART_LOG:Net_9\) => Global
            Clock Enable: True
        Main Equation            : 4 pterms
        (
              !\UART_LOG:BUART:tx_state_1\ * !\UART_LOG:BUART:tx_state_0\ * 
              \UART_LOG:BUART:tx_bitclk_enable_pre\ * 
              !\UART_LOG:BUART:tx_fifo_empty\
            + !\UART_LOG:BUART:tx_state_1\ * !\UART_LOG:BUART:tx_state_0\ * 
              !\UART_LOG:BUART:tx_fifo_empty\ * !\UART_LOG:BUART:tx_state_2\
            + \UART_LOG:BUART:tx_state_1\ * \UART_LOG:BUART:tx_state_0\ * 
              \UART_LOG:BUART:tx_bitclk_enable_pre\ * 
              \UART_LOG:BUART:tx_fifo_empty\ * \UART_LOG:BUART:tx_state_2\
            + \UART_LOG:BUART:tx_state_0\ * !\UART_LOG:BUART:tx_state_2\ * 
              \UART_LOG:BUART:tx_bitclk\
        );
        Output = \UART_LOG:BUART:tx_state_0\ (fanout=8)

    MacroCell: Name=\UART_LOG:BUART:tx_state_2\, Mode=(T-Register)
        Total # of inputs        : 6
        Total # of product terms : 4
        List of special equations: 
            Clock  = (\UART_LOG:Net_9\) => Global
            Clock Enable: True
        Main Equation            : 4 pterms
        (
              !\UART_LOG:BUART:tx_state_1\ * !\UART_LOG:BUART:tx_state_0\ * 
              \UART_LOG:BUART:tx_bitclk_enable_pre\ * 
              \UART_LOG:BUART:tx_state_2\
            + \UART_LOG:BUART:tx_state_1\ * \UART_LOG:BUART:tx_state_0\ * 
              \UART_LOG:BUART:tx_bitclk_enable_pre\ * 
              \UART_LOG:BUART:tx_state_2\
            + \UART_LOG:BUART:tx_state_1\ * \UART_LOG:BUART:tx_state_0\ * 
              !\UART_LOG:BUART:tx_state_2\ * \UART_LOG:BUART:tx_bitclk\
            + \UART_LOG:BUART:tx_state_1\ * !\UART_LOG:BUART:tx_state_2\ * 
              \UART_LOG:BUART:tx_counter_dp\ * \UART_LOG:BUART:tx_bitclk\
        );
        Output = \UART_LOG:BUART:tx_state_2\ (fanout=7)

    MacroCell: Name=\UART_LOG:BUART:tx_bitclk\, Mode=(D-Register)
        Total # of inputs        : 4
        Total # of product terms : 2
        List of special equations: 
            Clock  = (\UART_LOG:Net_9\) => Global
            Clock Enable: True
        Main Equation            : 2 pterms
        !(
              !\UART_LOG:BUART:tx_state_1\ * !\UART_LOG:BUART:tx_state_0\ * 
              \UART_LOG:BUART:tx_state_2\
            + !\UART_LOG:BUART:tx_bitclk_enable_pre\
        );
        Output = \UART_LOG:BUART:tx_bitclk\ (fanout=4)

    MacroCell: Name=\UART_LOG:BUART:tx_ctrl_mark_last\, Mode=(T-Register)
        Total # of inputs        : 0
        Total # of product terms : 0
        List of special equations: 
            Clock  = (\UART_LOG:Net_9\) => Global
            Clock Enable: True
        Main Equation            : 0 pterms
        (
            0
        );
        Output = \UART_LOG:BUART:tx_ctrl_mark_last\ (fanout=8)

    MacroCell: Name=\UART_LOG:BUART:rx_state_0\, Mode=(T-Register)
        Total # of inputs        : 11
        Total # of product terms : 4
        List of special equations: 
            Clock  = (\UART_LOG:Net_9\) => Global
            Clock Enable: True
        Main Equation            : 4 pterms
        (
              !\UART_LOG:BUART:tx_ctrl_mark_last\ * 
              !\UART_LOG:BUART:rx_state_0\ * 
              \UART_LOG:BUART:rx_bitclk_enable\ * 
              !\UART_LOG:BUART:rx_state_3\ * \UART_LOG:BUART:rx_state_2\ * 
              !MODIN1_1 * !MODIN1_0
            + !\UART_LOG:BUART:tx_ctrl_mark_last\ * 
              !\UART_LOG:BUART:rx_state_0\ * 
              \UART_LOG:BUART:rx_bitclk_enable\ * 
              !\UART_LOG:BUART:rx_state_3\ * \UART_LOG:BUART:rx_state_2\ * 
              !MODIN1_1 * !Net_4091_SYNCOUT
            + !\UART_LOG:BUART:tx_ctrl_mark_last\ * 
              \UART_LOG:BUART:rx_state_0\ * !\UART_LOG:BUART:rx_state_3\ * 
              !\UART_LOG:BUART:rx_state_2\ * !MODIN4_6 * !MODIN4_5
            + !\UART_LOG:BUART:tx_ctrl_mark_last\ * 
              \UART_LOG:BUART:rx_state_0\ * !\UART_LOG:BUART:rx_state_3\ * 
              !\UART_LOG:BUART:rx_state_2\ * !MODIN4_6 * !MODIN4_4
        );
        Output = \UART_LOG:BUART:rx_state_0\ (fanout=8)

    MacroCell: Name=\UART_LOG:BUART:rx_load_fifo\, Mode=(D-Register)
        Total # of inputs        : 8
        Total # of product terms : 3
        List of special equations: 
            Clock  = (\UART_LOG:Net_9\) => Global
            Clock Enable: True
        Main Equation            : 3 pterms
        (
              !\UART_LOG:BUART:tx_ctrl_mark_last\ * 
              !\UART_LOG:BUART:rx_state_0\ * 
              \UART_LOG:BUART:rx_bitclk_enable\ * \UART_LOG:BUART:rx_state_3\ * 
              !\UART_LOG:BUART:rx_state_2\
            + !\UART_LOG:BUART:tx_ctrl_mark_last\ * 
              \UART_LOG:BUART:rx_state_0\ * !\UART_LOG:BUART:rx_state_3\ * 
              !\UART_LOG:BUART:rx_state_2\ * !MODIN4_6 * !MODIN4_5
            + !\UART_LOG:BUART:tx_ctrl_mark_last\ * 
              \UART_LOG:BUART:rx_state_0\ * !\UART_LOG:BUART:rx_state_3\ * 
              !\UART_LOG:BUART:rx_state_2\ * !MODIN4_6 * !MODIN4_4
        );
        Output = \UART_LOG:BUART:rx_load_fifo\ (fanout=2)

    MacroCell: Name=\UART_LOG:BUART:rx_state_3\, Mode=(T-Register)
        Total # of inputs        : 8
        Total # of product terms : 3
        List of special equations: 
            Clock  = (\UART_LOG:Net_9\) => Global
            Clock Enable: True
        Main Equation            : 3 pterms
        (
              !\UART_LOG:BUART:tx_ctrl_mark_last\ * 
              !\UART_LOG:BUART:rx_state_0\ * 
              \UART_LOG:BUART:rx_bitclk_enable\ * \UART_LOG:BUART:rx_state_3\ * 
              \UART_LOG:BUART:rx_state_2\
            + !\UART_LOG:BUART:tx_ctrl_mark_last\ * 
              \UART_LOG:BUART:rx_state_0\ * !\UART_LOG:BUART:rx_state_3\ * 
              !\UART_LOG:BUART:rx_state_2\ * !MODIN4_6 * !MODIN4_5
            + !\UART_LOG:BUART:tx_ctrl_mark_last\ * 
              \UART_LOG:BUART:rx_state_0\ * !\UART_LOG:BUART:rx_state_3\ * 
              !\UART_LOG:BUART:rx_state_2\ * !MODIN4_6 * !MODIN4_4
        );
        Output = \UART_LOG:BUART:rx_state_3\ (fanout=7)

    MacroCell: Name=\UART_LOG:BUART:rx_state_2\, Mode=(T-Register)
        Total # of inputs        : 10
        Total # of product terms : 5
        List of special equations: 
            Clock  = (\UART_LOG:Net_9\) => Global
            Clock Enable: True
        Main Equation            : 5 pterms
        (
              !\UART_LOG:BUART:tx_ctrl_mark_last\ * 
              !\UART_LOG:BUART:rx_state_0\ * 
              \UART_LOG:BUART:rx_bitclk_enable\ * \UART_LOG:BUART:rx_state_3\
            + !\UART_LOG:BUART:tx_ctrl_mark_last\ * 
              !\UART_LOG:BUART:rx_state_0\ * 
              \UART_LOG:BUART:rx_bitclk_enable\ * \UART_LOG:BUART:rx_state_2\
            + !\UART_LOG:BUART:tx_ctrl_mark_last\ * 
              !\UART_LOG:BUART:rx_state_0\ * !\UART_LOG:BUART:rx_state_3\ * 
              !\UART_LOG:BUART:rx_state_2\ * \UART_LOG:BUART:rx_last\ * 
              !Net_4091_SYNCOUT
            + !\UART_LOG:BUART:tx_ctrl_mark_last\ * 
              \UART_LOG:BUART:rx_state_0\ * !\UART_LOG:BUART:rx_state_3\ * 
              !\UART_LOG:BUART:rx_state_2\ * !MODIN4_6 * !MODIN4_5
            + !\UART_LOG:BUART:tx_ctrl_mark_last\ * 
              \UART_LOG:BUART:rx_state_0\ * !\UART_LOG:BUART:rx_state_3\ * 
              !\UART_LOG:BUART:rx_state_2\ * !MODIN4_6 * !MODIN4_4
        );
        Output = \UART_LOG:BUART:rx_state_2\ (fanout=7)

    MacroCell: Name=\UART_LOG:BUART:rx_bitclk_enable\, Mode=(D-Register)
        Total # of inputs        : 3
        Total # of product terms : 1
        List of special equations: 
            Clock  = (\UART_LOG:Net_9\) => Global
            Clock Enable: True
        Main Equation            : 1 pterm
        (
              !\UART_LOG:BUART:rx_count_2\ * !\UART_LOG:BUART:rx_count_1\ * 
              !\UART_LOG:BUART:rx_count_0\
        );
        Output = \UART_LOG:BUART:rx_bitclk_enable\ (fanout=6)

    MacroCell: Name=\UART_LOG:BUART:rx_state_stop1_reg\, Mode=(D-Register)
        Total # of inputs        : 4
        Total # of product terms : 1
        List of special equations: 
            Clock  = (\UART_LOG:Net_9\) => Global
            Clock Enable: True
        Main Equation            : 1 pterm
        !(
              !\UART_LOG:BUART:tx_ctrl_mark_last\ * 
              !\UART_LOG:BUART:rx_state_0\ * \UART_LOG:BUART:rx_state_3\ * 
              \UART_LOG:BUART:rx_state_2\
        );
        Output = \UART_LOG:BUART:rx_state_stop1_reg\ (fanout=1)

    MacroCell: Name=MODIN1_1, Mode=(D-Register)
        Total # of inputs        : 5
        Total # of product terms : 3
        List of special equations: 
            Clock  = (\UART_LOG:Net_9\) => Global
            Clock Enable: True
        Main Equation            : 3 pterms
        (
              !\UART_LOG:BUART:rx_count_2\ * !\UART_LOG:BUART:rx_count_1\ * 
              !MODIN1_1 * MODIN1_0 * Net_4091_SYNCOUT
            + !\UART_LOG:BUART:rx_count_2\ * !\UART_LOG:BUART:rx_count_1\ * 
              MODIN1_1 * !MODIN1_0
            + !\UART_LOG:BUART:rx_count_2\ * !\UART_LOG:BUART:rx_count_1\ * 
              MODIN1_1 * !Net_4091_SYNCOUT
        );
        Output = MODIN1_1 (fanout=4)

    MacroCell: Name=MODIN1_0, Mode=(D-Register)
        Total # of inputs        : 4
        Total # of product terms : 2
        List of special equations: 
            Clock  = (\UART_LOG:Net_9\) => Global
            Clock Enable: True
        Main Equation            : 2 pterms
        (
              !\UART_LOG:BUART:rx_count_2\ * !\UART_LOG:BUART:rx_count_1\ * 
              !MODIN1_0 * Net_4091_SYNCOUT
            + !\UART_LOG:BUART:rx_count_2\ * !\UART_LOG:BUART:rx_count_1\ * 
              MODIN1_0 * !Net_4091_SYNCOUT
        );
        Output = MODIN1_0 (fanout=5)

    MacroCell: Name=\UART_LOG:BUART:rx_status_3\, Mode=(D-Register)
        Total # of inputs        : 8
        Total # of product terms : 2
        List of special equations: 
            Clock  = (\UART_LOG:Net_9\) => Global
            Clock Enable: True
        Main Equation            : 2 pterms
        (
              !\UART_LOG:BUART:tx_ctrl_mark_last\ * 
              !\UART_LOG:BUART:rx_state_0\ * 
              \UART_LOG:BUART:rx_bitclk_enable\ * \UART_LOG:BUART:rx_state_3\ * 
              \UART_LOG:BUART:rx_state_2\ * !MODIN1_1 * !MODIN1_0
            + !\UART_LOG:BUART:tx_ctrl_mark_last\ * 
              !\UART_LOG:BUART:rx_state_0\ * 
              \UART_LOG:BUART:rx_bitclk_enable\ * \UART_LOG:BUART:rx_state_3\ * 
              \UART_LOG:BUART:rx_state_2\ * !MODIN1_1 * !Net_4091_SYNCOUT
        );
        Output = \UART_LOG:BUART:rx_status_3\ (fanout=1)

    MacroCell: Name=\UART_LOG:BUART:rx_last\, Mode=(D-Register)
        Total # of inputs        : 1
        Total # of product terms : 1
        List of special equations: 
            Clock  = (\UART_LOG:Net_9\) => Global
            Clock Enable: True
        Main Equation            : 1 pterm
        (
              Net_4091_SYNCOUT
        );
        Output = \UART_LOG:BUART:rx_last\ (fanout=1)

    MacroCell: Name=\UART_PSOC:BUART:txn\, Mode=(D-Register)
        Total # of inputs        : 7
        Total # of product terms : 5
        List of special equations: 
            Clock  = (\UART_PSOC:Net_9\) => Global
            Clock Enable: True
        Main Equation            : 5 pterms
        (
              \UART_PSOC:BUART:txn\ * \UART_PSOC:BUART:tx_state_1\ * 
              !\UART_PSOC:BUART:tx_bitclk\
            + \UART_PSOC:BUART:txn\ * \UART_PSOC:BUART:tx_state_2\
            + !\UART_PSOC:BUART:tx_state_1\ * \UART_PSOC:BUART:tx_state_0\ * 
              !\UART_PSOC:BUART:tx_shift_out\ * !\UART_PSOC:BUART:tx_state_2\
            + !\UART_PSOC:BUART:tx_state_1\ * \UART_PSOC:BUART:tx_state_0\ * 
              !\UART_PSOC:BUART:tx_state_2\ * !\UART_PSOC:BUART:tx_bitclk\
            + \UART_PSOC:BUART:tx_state_1\ * !\UART_PSOC:BUART:tx_state_0\ * 
              !\UART_PSOC:BUART:tx_shift_out\ * !\UART_PSOC:BUART:tx_state_2\ * 
              !\UART_PSOC:BUART:tx_counter_dp\ * \UART_PSOC:BUART:tx_bitclk\
        );
        Output = \UART_PSOC:BUART:txn\ (fanout=2)

    MacroCell: Name=\UART_PSOC:BUART:tx_state_1\, Mode=(T-Register)
        Total # of inputs        : 6
        Total # of product terms : 3
        List of special equations: 
            Clock  = (\UART_PSOC:Net_9\) => Global
            Clock Enable: True
        Main Equation            : 3 pterms
        (
              \UART_PSOC:BUART:tx_state_1\ * \UART_PSOC:BUART:tx_state_0\ * 
              \UART_PSOC:BUART:tx_bitclk_enable_pre\ * 
              \UART_PSOC:BUART:tx_state_2\
            + \UART_PSOC:BUART:tx_state_1\ * !\UART_PSOC:BUART:tx_state_2\ * 
              \UART_PSOC:BUART:tx_counter_dp\ * \UART_PSOC:BUART:tx_bitclk\
            + \UART_PSOC:BUART:tx_state_0\ * !\UART_PSOC:BUART:tx_state_2\ * 
              \UART_PSOC:BUART:tx_bitclk\
        );
        Output = \UART_PSOC:BUART:tx_state_1\ (fanout=8)

    MacroCell: Name=\UART_PSOC:BUART:tx_state_0\, Mode=(T-Register)
        Total # of inputs        : 6
        Total # of product terms : 4
        List of special equations: 
            Clock  = (\UART_PSOC:Net_9\) => Global
            Clock Enable: True
        Main Equation            : 4 pterms
        (
              !\UART_PSOC:BUART:tx_state_1\ * !\UART_PSOC:BUART:tx_state_0\ * 
              \UART_PSOC:BUART:tx_bitclk_enable_pre\ * 
              !\UART_PSOC:BUART:tx_fifo_empty\
            + !\UART_PSOC:BUART:tx_state_1\ * !\UART_PSOC:BUART:tx_state_0\ * 
              !\UART_PSOC:BUART:tx_fifo_empty\ * 
              !\UART_PSOC:BUART:tx_state_2\
            + \UART_PSOC:BUART:tx_state_1\ * \UART_PSOC:BUART:tx_state_0\ * 
              \UART_PSOC:BUART:tx_bitclk_enable_pre\ * 
              \UART_PSOC:BUART:tx_fifo_empty\ * \UART_PSOC:BUART:tx_state_2\
            + \UART_PSOC:BUART:tx_state_0\ * !\UART_PSOC:BUART:tx_state_2\ * 
              \UART_PSOC:BUART:tx_bitclk\
        );
        Output = \UART_PSOC:BUART:tx_state_0\ (fanout=8)

    MacroCell: Name=\UART_PSOC:BUART:tx_state_2\, Mode=(T-Register)
        Total # of inputs        : 6
        Total # of product terms : 4
        List of special equations: 
            Clock  = (\UART_PSOC:Net_9\) => Global
            Clock Enable: True
        Main Equation            : 4 pterms
        (
              !\UART_PSOC:BUART:tx_state_1\ * !\UART_PSOC:BUART:tx_state_0\ * 
              \UART_PSOC:BUART:tx_bitclk_enable_pre\ * 
              \UART_PSOC:BUART:tx_state_2\
            + \UART_PSOC:BUART:tx_state_1\ * \UART_PSOC:BUART:tx_state_0\ * 
              \UART_PSOC:BUART:tx_bitclk_enable_pre\ * 
              \UART_PSOC:BUART:tx_state_2\
            + \UART_PSOC:BUART:tx_state_1\ * \UART_PSOC:BUART:tx_state_0\ * 
              !\UART_PSOC:BUART:tx_state_2\ * \UART_PSOC:BUART:tx_bitclk\
            + \UART_PSOC:BUART:tx_state_1\ * !\UART_PSOC:BUART:tx_state_2\ * 
              \UART_PSOC:BUART:tx_counter_dp\ * \UART_PSOC:BUART:tx_bitclk\
        );
        Output = \UART_PSOC:BUART:tx_state_2\ (fanout=7)

    MacroCell: Name=\UART_PSOC:BUART:tx_bitclk\, Mode=(D-Register)
        Total # of inputs        : 4
        Total # of product terms : 2
        List of special equations: 
            Clock  = (\UART_PSOC:Net_9\) => Global
            Clock Enable: True
        Main Equation            : 2 pterms
        !(
              !\UART_PSOC:BUART:tx_state_1\ * !\UART_PSOC:BUART:tx_state_0\ * 
              \UART_PSOC:BUART:tx_state_2\
            + !\UART_PSOC:BUART:tx_bitclk_enable_pre\
        );
        Output = \UART_PSOC:BUART:tx_bitclk\ (fanout=4)

    MacroCell: Name=\UART_PSOC:BUART:tx_ctrl_mark_last\, Mode=(T-Register)
        Total # of inputs        : 0
        Total # of product terms : 0
        List of special equations: 
            Clock  = (\UART_PSOC:Net_9\) => Global
            Clock Enable: True
        Main Equation            : 0 pterms
        (
            0
        );
        Output = \UART_PSOC:BUART:tx_ctrl_mark_last\ (fanout=8)

    MacroCell: Name=\UART_PSOC:BUART:rx_state_0\, Mode=(T-Register)
        Total # of inputs        : 11
        Total # of product terms : 4
        List of special equations: 
            Clock  = (\UART_PSOC:Net_9\) => Global
            Clock Enable: True
        Main Equation            : 4 pterms
        (
              !\UART_PSOC:BUART:tx_ctrl_mark_last\ * 
              !\UART_PSOC:BUART:rx_state_0\ * 
              \UART_PSOC:BUART:rx_bitclk_enable\ * 
              !\UART_PSOC:BUART:rx_state_3\ * \UART_PSOC:BUART:rx_state_2\ * 
              !\UART_PSOC:BUART:pollcount_1\ * !\UART_PSOC:BUART:pollcount_0\
            + !\UART_PSOC:BUART:tx_ctrl_mark_last\ * 
              !\UART_PSOC:BUART:rx_state_0\ * 
              \UART_PSOC:BUART:rx_bitclk_enable\ * 
              !\UART_PSOC:BUART:rx_state_3\ * \UART_PSOC:BUART:rx_state_2\ * 
              !\UART_PSOC:BUART:pollcount_1\ * !Net_4103_SYNCOUT
            + !\UART_PSOC:BUART:tx_ctrl_mark_last\ * 
              \UART_PSOC:BUART:rx_state_0\ * !\UART_PSOC:BUART:rx_state_3\ * 
              !\UART_PSOC:BUART:rx_state_2\ * !\UART_PSOC:BUART:rx_count_6\ * 
              !\UART_PSOC:BUART:rx_count_5\
            + !\UART_PSOC:BUART:tx_ctrl_mark_last\ * 
              \UART_PSOC:BUART:rx_state_0\ * !\UART_PSOC:BUART:rx_state_3\ * 
              !\UART_PSOC:BUART:rx_state_2\ * !\UART_PSOC:BUART:rx_count_6\ * 
              !\UART_PSOC:BUART:rx_count_4\
        );
        Output = \UART_PSOC:BUART:rx_state_0\ (fanout=8)

    MacroCell: Name=\UART_PSOC:BUART:rx_load_fifo\, Mode=(D-Register)
        Total # of inputs        : 8
        Total # of product terms : 3
        List of special equations: 
            Clock  = (\UART_PSOC:Net_9\) => Global
            Clock Enable: True
        Main Equation            : 3 pterms
        (
              !\UART_PSOC:BUART:tx_ctrl_mark_last\ * 
              !\UART_PSOC:BUART:rx_state_0\ * 
              \UART_PSOC:BUART:rx_bitclk_enable\ * 
              \UART_PSOC:BUART:rx_state_3\ * !\UART_PSOC:BUART:rx_state_2\
            + !\UART_PSOC:BUART:tx_ctrl_mark_last\ * 
              \UART_PSOC:BUART:rx_state_0\ * !\UART_PSOC:BUART:rx_state_3\ * 
              !\UART_PSOC:BUART:rx_state_2\ * !\UART_PSOC:BUART:rx_count_6\ * 
              !\UART_PSOC:BUART:rx_count_5\
            + !\UART_PSOC:BUART:tx_ctrl_mark_last\ * 
              \UART_PSOC:BUART:rx_state_0\ * !\UART_PSOC:BUART:rx_state_3\ * 
              !\UART_PSOC:BUART:rx_state_2\ * !\UART_PSOC:BUART:rx_count_6\ * 
              !\UART_PSOC:BUART:rx_count_4\
        );
        Output = \UART_PSOC:BUART:rx_load_fifo\ (fanout=2)

    MacroCell: Name=\UART_PSOC:BUART:rx_state_3\, Mode=(T-Register)
        Total # of inputs        : 8
        Total # of product terms : 3
        List of special equations: 
            Clock  = (\UART_PSOC:Net_9\) => Global
            Clock Enable: True
        Main Equation            : 3 pterms
        (
              !\UART_PSOC:BUART:tx_ctrl_mark_last\ * 
              !\UART_PSOC:BUART:rx_state_0\ * 
              \UART_PSOC:BUART:rx_bitclk_enable\ * 
              \UART_PSOC:BUART:rx_state_3\ * \UART_PSOC:BUART:rx_state_2\
            + !\UART_PSOC:BUART:tx_ctrl_mark_last\ * 
              \UART_PSOC:BUART:rx_state_0\ * !\UART_PSOC:BUART:rx_state_3\ * 
              !\UART_PSOC:BUART:rx_state_2\ * !\UART_PSOC:BUART:rx_count_6\ * 
              !\UART_PSOC:BUART:rx_count_5\
            + !\UART_PSOC:BUART:tx_ctrl_mark_last\ * 
              \UART_PSOC:BUART:rx_state_0\ * !\UART_PSOC:BUART:rx_state_3\ * 
              !\UART_PSOC:BUART:rx_state_2\ * !\UART_PSOC:BUART:rx_count_6\ * 
              !\UART_PSOC:BUART:rx_count_4\
        );
        Output = \UART_PSOC:BUART:rx_state_3\ (fanout=7)

    MacroCell: Name=\UART_PSOC:BUART:rx_state_2\, Mode=(T-Register)
        Total # of inputs        : 10
        Total # of product terms : 5
        List of special equations: 
            Clock  = (\UART_PSOC:Net_9\) => Global
            Clock Enable: True
        Main Equation            : 5 pterms
        (
              !\UART_PSOC:BUART:tx_ctrl_mark_last\ * 
              !\UART_PSOC:BUART:rx_state_0\ * 
              \UART_PSOC:BUART:rx_bitclk_enable\ * 
              \UART_PSOC:BUART:rx_state_3\
            + !\UART_PSOC:BUART:tx_ctrl_mark_last\ * 
              !\UART_PSOC:BUART:rx_state_0\ * 
              \UART_PSOC:BUART:rx_bitclk_enable\ * 
              \UART_PSOC:BUART:rx_state_2\
            + !\UART_PSOC:BUART:tx_ctrl_mark_last\ * 
              !\UART_PSOC:BUART:rx_state_0\ * !\UART_PSOC:BUART:rx_state_3\ * 
              !\UART_PSOC:BUART:rx_state_2\ * \UART_PSOC:BUART:rx_last\ * 
              !Net_4103_SYNCOUT
            + !\UART_PSOC:BUART:tx_ctrl_mark_last\ * 
              \UART_PSOC:BUART:rx_state_0\ * !\UART_PSOC:BUART:rx_state_3\ * 
              !\UART_PSOC:BUART:rx_state_2\ * !\UART_PSOC:BUART:rx_count_6\ * 
              !\UART_PSOC:BUART:rx_count_5\
            + !\UART_PSOC:BUART:tx_ctrl_mark_last\ * 
              \UART_PSOC:BUART:rx_state_0\ * !\UART_PSOC:BUART:rx_state_3\ * 
              !\UART_PSOC:BUART:rx_state_2\ * !\UART_PSOC:BUART:rx_count_6\ * 
              !\UART_PSOC:BUART:rx_count_4\
        );
        Output = \UART_PSOC:BUART:rx_state_2\ (fanout=7)

    MacroCell: Name=\UART_PSOC:BUART:rx_bitclk_enable\, Mode=(D-Register)
        Total # of inputs        : 3
        Total # of product terms : 1
        List of special equations: 
            Clock  = (\UART_PSOC:Net_9\) => Global
            Clock Enable: True
        Main Equation            : 1 pterm
        (
              !\UART_PSOC:BUART:rx_count_2\ * !\UART_PSOC:BUART:rx_count_1\ * 
              !\UART_PSOC:BUART:rx_count_0\
        );
        Output = \UART_PSOC:BUART:rx_bitclk_enable\ (fanout=6)

    MacroCell: Name=\UART_PSOC:BUART:rx_state_stop1_reg\, Mode=(D-Register)
        Total # of inputs        : 4
        Total # of product terms : 1
        List of special equations: 
            Clock  = (\UART_PSOC:Net_9\) => Global
            Clock Enable: True
        Main Equation            : 1 pterm
        !(
              !\UART_PSOC:BUART:tx_ctrl_mark_last\ * 
              !\UART_PSOC:BUART:rx_state_0\ * \UART_PSOC:BUART:rx_state_3\ * 
              \UART_PSOC:BUART:rx_state_2\
        );
        Output = \UART_PSOC:BUART:rx_state_stop1_reg\ (fanout=1)

    MacroCell: Name=\UART_PSOC:BUART:pollcount_1\, Mode=(D-Register)
        Total # of inputs        : 5
        Total # of product terms : 3
        List of special equations: 
            Clock  = (\UART_PSOC:Net_9\) => Global
            Clock Enable: True
        Main Equation            : 3 pterms
        (
              !\UART_PSOC:BUART:rx_count_2\ * !\UART_PSOC:BUART:rx_count_1\ * 
              !\UART_PSOC:BUART:pollcount_1\ * \UART_PSOC:BUART:pollcount_0\ * 
              Net_4103_SYNCOUT
            + !\UART_PSOC:BUART:rx_count_2\ * !\UART_PSOC:BUART:rx_count_1\ * 
              \UART_PSOC:BUART:pollcount_1\ * !\UART_PSOC:BUART:pollcount_0\
            + !\UART_PSOC:BUART:rx_count_2\ * !\UART_PSOC:BUART:rx_count_1\ * 
              \UART_PSOC:BUART:pollcount_1\ * !Net_4103_SYNCOUT
        );
        Output = \UART_PSOC:BUART:pollcount_1\ (fanout=4)

    MacroCell: Name=\UART_PSOC:BUART:pollcount_0\, Mode=(D-Register)
        Total # of inputs        : 4
        Total # of product terms : 2
        List of special equations: 
            Clock  = (\UART_PSOC:Net_9\) => Global
            Clock Enable: True
        Main Equation            : 2 pterms
        (
              !\UART_PSOC:BUART:rx_count_2\ * !\UART_PSOC:BUART:rx_count_1\ * 
              !\UART_PSOC:BUART:pollcount_0\ * Net_4103_SYNCOUT
            + !\UART_PSOC:BUART:rx_count_2\ * !\UART_PSOC:BUART:rx_count_1\ * 
              \UART_PSOC:BUART:pollcount_0\ * !Net_4103_SYNCOUT
        );
        Output = \UART_PSOC:BUART:pollcount_0\ (fanout=5)

    MacroCell: Name=\UART_PSOC:BUART:rx_status_3\, Mode=(D-Register)
        Total # of inputs        : 8
        Total # of product terms : 2
        List of special equations: 
            Clock  = (\UART_PSOC:Net_9\) => Global
            Clock Enable: True
        Main Equation            : 2 pterms
        (
              !\UART_PSOC:BUART:tx_ctrl_mark_last\ * 
              !\UART_PSOC:BUART:rx_state_0\ * 
              \UART_PSOC:BUART:rx_bitclk_enable\ * 
              \UART_PSOC:BUART:rx_state_3\ * \UART_PSOC:BUART:rx_state_2\ * 
              !\UART_PSOC:BUART:pollcount_1\ * !\UART_PSOC:BUART:pollcount_0\
            + !\UART_PSOC:BUART:tx_ctrl_mark_last\ * 
              !\UART_PSOC:BUART:rx_state_0\ * 
              \UART_PSOC:BUART:rx_bitclk_enable\ * 
              \UART_PSOC:BUART:rx_state_3\ * \UART_PSOC:BUART:rx_state_2\ * 
              !\UART_PSOC:BUART:pollcount_1\ * !Net_4103_SYNCOUT
        );
        Output = \UART_PSOC:BUART:rx_status_3\ (fanout=1)

    MacroCell: Name=\UART_PSOC:BUART:rx_last\, Mode=(D-Register)
        Total # of inputs        : 1
        Total # of product terms : 1
        List of special equations: 
            Clock  = (\UART_PSOC:Net_9\) => Global
            Clock Enable: True
        Main Equation            : 1 pterm
        (
              Net_4103_SYNCOUT
        );
        Output = \UART_PSOC:BUART:rx_last\ (fanout=1)

    MacroCell: Name=\ENGINE_PWM:PWMUDB:runmode_enable\, Mode=(D-Register)
        Total # of inputs        : 1
        Total # of product terms : 1
        List of special equations: 
            Clock  = (Net_2319) => Global
            Clock Enable: True
        Main Equation            : 1 pterm
        (
              \ENGINE_PWM:PWMUDB:control_7\
        );
        Output = \ENGINE_PWM:PWMUDB:runmode_enable\ (fanout=4)

    MacroCell: Name=\ENGINE_PWM:PWMUDB:prevCompare1\, Mode=(D-Register)
        Total # of inputs        : 1
        Total # of product terms : 1
        List of special equations: 
            Clock  = (Net_2319) => Global
            Clock Enable: True
        Main Equation            : 1 pterm
        (
              \ENGINE_PWM:PWMUDB:cmp1_less\
        );
        Output = \ENGINE_PWM:PWMUDB:prevCompare1\ (fanout=1)

    MacroCell: Name=\ENGINE_PWM:PWMUDB:status_0\, Mode=(D-Register)
        Total # of inputs        : 2
        Total # of product terms : 1
        List of special equations: 
            Clock  = (Net_2319) => Global
            Clock Enable: True
        Main Equation            : 1 pterm
        (
              !\ENGINE_PWM:PWMUDB:prevCompare1\ * 
              \ENGINE_PWM:PWMUDB:cmp1_less\
        );
        Output = \ENGINE_PWM:PWMUDB:status_0\ (fanout=1)

    MacroCell: Name=Net_4126, Mode=(D-Register)
        Total # of inputs        : 2
        Total # of product terms : 1
        List of special equations: 
            Clock  = (Net_2319) => Global
            Clock Enable: True
        Main Equation            : 1 pterm
        (
              \ENGINE_PWM:PWMUDB:runmode_enable\ * 
              \ENGINE_PWM:PWMUDB:cmp1_less\
        );
        Output = Net_4126 (fanout=1)

    MacroCell: Name=\ENGINE_DECODER:Net_1251\, Mode=(D-Register)
        Total # of inputs        : 8
        Total # of product terms : 4
        List of special equations: 
            Clock  = (Net_2319) => Global
            Clock Enable: True
        Main Equation            : 4 pterms
        (
              \ENGINE_DECODER:Net_1251\ * !\ENGINE_DECODER:Net_1260\ * 
              !\ENGINE_DECODER:bQuadDec:quad_A_filt\ * 
              !\ENGINE_DECODER:bQuadDec:error\ * 
              !\ENGINE_DECODER:bQuadDec:state_0\
            + \ENGINE_DECODER:Net_1251\ * !\ENGINE_DECODER:Net_1260\ * 
              \ENGINE_DECODER:bQuadDec:quad_A_filt\ * 
              !\ENGINE_DECODER:bQuadDec:error\ * 
              \ENGINE_DECODER:bQuadDec:state_0\
            + \ENGINE_DECODER:Net_1251\ * !\ENGINE_DECODER:Net_1260\ * 
              !\ENGINE_DECODER:bQuadDec:quad_B_filt\ * 
              !\ENGINE_DECODER:bQuadDec:error\ * 
              \ENGINE_DECODER:bQuadDec:state_1\
            + \ENGINE_DECODER:Net_1251_split\
        );
        Output = \ENGINE_DECODER:Net_1251\ (fanout=6)

    MacroCell: Name=\ENGINE_DECODER:Cnt16:CounterUDB:overflow_reg_i\, Mode=(D-Register)
        Total # of inputs        : 1
        Total # of product terms : 1
        List of special equations: 
            Clock  = (Net_2319) => Global
            Clock Enable: True
        Main Equation            : 1 pterm
        (
              \ENGINE_DECODER:Cnt16:CounterUDB:overflow\
        );
        Output = \ENGINE_DECODER:Cnt16:CounterUDB:overflow_reg_i\ (fanout=1)

    MacroCell: Name=\ENGINE_DECODER:Cnt16:CounterUDB:underflow_reg_i\, Mode=(D-Register)
        Total # of inputs        : 1
        Total # of product terms : 1
        List of special equations: 
            Clock  = (Net_2319) => Global
            Clock Enable: True
        Main Equation            : 1 pterm
        (
              \ENGINE_DECODER:Cnt16:CounterUDB:status_1\
        );
        Output = \ENGINE_DECODER:Cnt16:CounterUDB:underflow_reg_i\ (fanout=1)

    MacroCell: Name=\ENGINE_DECODER:Net_1275\, Mode=(D-Register)
        Total # of inputs        : 2
        Total # of product terms : 1
        List of special equations: 
            Clock  = (Net_2319) => Global
            Clock Enable: True
        Main Equation            : 1 pterm
        !(
              !\ENGINE_DECODER:Cnt16:CounterUDB:status_1\ * 
              !\ENGINE_DECODER:Cnt16:CounterUDB:overflow\
        );
        Output = \ENGINE_DECODER:Net_1275\ (fanout=2)

    MacroCell: Name=\ENGINE_DECODER:Cnt16:CounterUDB:prevCompare\, Mode=(D-Register)
        Total # of inputs        : 1
        Total # of product terms : 1
        List of special equations: 
            Clock  = (Net_2319) => Global
            Clock Enable: True
        Main Equation            : 1 pterm
        (
              \ENGINE_DECODER:Cnt16:CounterUDB:cmp_out_i\
        );
        Output = \ENGINE_DECODER:Cnt16:CounterUDB:prevCompare\ (fanout=3)

    MacroCell: Name=\ENGINE_DECODER:Net_1251_split\, Mode=(Combinatorial)
        Total # of inputs        : 7
        Total # of product terms : 8
            Clock Enable: True
        Main Equation            : 8 pterms
        (
              \ENGINE_DECODER:Net_1251\ * !\ENGINE_DECODER:Net_1260\ * 
              \ENGINE_DECODER:bQuadDec:quad_B_filt\ * 
              !\ENGINE_DECODER:bQuadDec:error\ * 
              !\ENGINE_DECODER:bQuadDec:state_1\
            + \ENGINE_DECODER:Net_1251\ * !\ENGINE_DECODER:Net_1260\ * 
              \ENGINE_DECODER:bQuadDec:error\ * 
              !\ENGINE_DECODER:bQuadDec:state_1\ * 
              !\ENGINE_DECODER:bQuadDec:state_0\
            + \ENGINE_DECODER:Net_1251\ * 
              !\ENGINE_DECODER:bQuadDec:quad_A_filt\ * 
              !\ENGINE_DECODER:bQuadDec:error\ * 
              !\ENGINE_DECODER:bQuadDec:state_1\ * 
              !\ENGINE_DECODER:bQuadDec:state_0\
            + \ENGINE_DECODER:Net_1251\ * 
              \ENGINE_DECODER:bQuadDec:quad_B_filt\ * 
              !\ENGINE_DECODER:bQuadDec:error\ * 
              !\ENGINE_DECODER:bQuadDec:state_1\ * 
              !\ENGINE_DECODER:bQuadDec:state_0\
            + !\ENGINE_DECODER:Net_1260\ * 
              !\ENGINE_DECODER:bQuadDec:quad_A_filt\ * 
              !\ENGINE_DECODER:bQuadDec:quad_B_filt\ * 
              !\ENGINE_DECODER:bQuadDec:error\ * 
              \ENGINE_DECODER:bQuadDec:state_1\ * 
              !\ENGINE_DECODER:bQuadDec:state_0\
            + !\ENGINE_DECODER:Net_1260\ * 
              \ENGINE_DECODER:bQuadDec:quad_A_filt\ * 
              !\ENGINE_DECODER:bQuadDec:quad_B_filt\ * 
              !\ENGINE_DECODER:bQuadDec:error\ * 
              \ENGINE_DECODER:bQuadDec:state_1\ * 
              \ENGINE_DECODER:bQuadDec:state_0\
            + !\ENGINE_DECODER:Net_1260\ * 
              \ENGINE_DECODER:bQuadDec:quad_A_filt\ * 
              \ENGINE_DECODER:bQuadDec:quad_B_filt\ * 
              !\ENGINE_DECODER:bQuadDec:error\ * 
              !\ENGINE_DECODER:bQuadDec:state_1\ * 
              \ENGINE_DECODER:bQuadDec:state_0\
            + !\ENGINE_DECODER:bQuadDec:quad_A_filt\ * 
              \ENGINE_DECODER:bQuadDec:quad_B_filt\ * 
              !\ENGINE_DECODER:bQuadDec:error\ * 
              !\ENGINE_DECODER:bQuadDec:state_1\ * 
              !\ENGINE_DECODER:bQuadDec:state_0\
        );
        Output = \ENGINE_DECODER:Net_1251_split\ (fanout=1)

    MacroCell: Name=\ENGINE_DECODER:Cnt16:CounterUDB:count_stored_i\, Mode=(D-Register)
        Total # of inputs        : 1
        Total # of product terms : 1
        List of special equations: 
            Clock  = (Net_2319) => Global
            Clock Enable: True
        Main Equation            : 1 pterm
        (
              \ENGINE_DECODER:Net_1203\
        );
        Output = \ENGINE_DECODER:Cnt16:CounterUDB:count_stored_i\ (fanout=1)

    MacroCell: Name=\ENGINE_DECODER:Net_1203\, Mode=(D-Register)
        Total # of inputs        : 7
        Total # of product terms : 3
        List of special equations: 
            Clock  = (Net_2319) => Global
            Clock Enable: True
        Main Equation            : 3 pterms
        (
              !\ENGINE_DECODER:Net_1260\ * \ENGINE_DECODER:Net_1203\ * 
              \ENGINE_DECODER:bQuadDec:error\ * 
              !\ENGINE_DECODER:bQuadDec:state_1\ * 
              !\ENGINE_DECODER:bQuadDec:state_0\
            + !\ENGINE_DECODER:Net_1260\ * 
              !\ENGINE_DECODER:bQuadDec:quad_A_filt\ * 
              !\ENGINE_DECODER:bQuadDec:quad_B_filt\ * 
              !\ENGINE_DECODER:bQuadDec:error\ * 
              !\ENGINE_DECODER:bQuadDec:state_1\ * 
              \ENGINE_DECODER:bQuadDec:state_0\
            + !\ENGINE_DECODER:bQuadDec:quad_A_filt\ * 
              \ENGINE_DECODER:bQuadDec:quad_B_filt\ * 
              !\ENGINE_DECODER:bQuadDec:error\ * 
              !\ENGINE_DECODER:bQuadDec:state_1\ * 
              !\ENGINE_DECODER:bQuadDec:state_0\
        );
        Output = \ENGINE_DECODER:Net_1203\ (fanout=3)

    MacroCell: Name=\ENGINE_DECODER:bQuadDec:quad_A_filt\, Mode=(T-Register)
        Total # of inputs        : 4
        Total # of product terms : 2
        List of special equations: 
            Clock  = (Net_2319) => Global
            Clock Enable: True
        Main Equation            : 2 pterms
        (
              !\ENGINE_DECODER:bQuadDec:quad_A_delayed_0\ * 
              !\ENGINE_DECODER:bQuadDec:quad_A_delayed_1\ * 
              !\ENGINE_DECODER:bQuadDec:quad_A_delayed_2\ * 
              \ENGINE_DECODER:bQuadDec:quad_A_filt\
            + \ENGINE_DECODER:bQuadDec:quad_A_delayed_0\ * 
              \ENGINE_DECODER:bQuadDec:quad_A_delayed_1\ * 
              \ENGINE_DECODER:bQuadDec:quad_A_delayed_2\ * 
              !\ENGINE_DECODER:bQuadDec:quad_A_filt\
        );
        Output = \ENGINE_DECODER:bQuadDec:quad_A_filt\ (fanout=7)

    MacroCell: Name=\ENGINE_DECODER:bQuadDec:quad_B_filt\, Mode=(T-Register)
        Total # of inputs        : 4
        Total # of product terms : 2
        List of special equations: 
            Clock  = (Net_2319) => Global
            Clock Enable: True
        Main Equation            : 2 pterms
        (
              !\ENGINE_DECODER:bQuadDec:quad_B_delayed_0\ * 
              !\ENGINE_DECODER:bQuadDec:quad_B_delayed_1\ * 
              !\ENGINE_DECODER:bQuadDec:quad_B_delayed_2\ * 
              \ENGINE_DECODER:bQuadDec:quad_B_filt\
            + \ENGINE_DECODER:bQuadDec:quad_B_delayed_0\ * 
              \ENGINE_DECODER:bQuadDec:quad_B_delayed_1\ * 
              \ENGINE_DECODER:bQuadDec:quad_B_delayed_2\ * 
              !\ENGINE_DECODER:bQuadDec:quad_B_filt\
        );
        Output = \ENGINE_DECODER:bQuadDec:quad_B_filt\ (fanout=7)

    MacroCell: Name=\ENGINE_DECODER:Net_1260\, Mode=(D-Register)
        Total # of inputs        : 4
        Total # of product terms : 3
        List of special equations: 
            Clock  = (Net_2319) => Global
            Clock Enable: True
        Main Equation            : 3 pterms
        !(
              !\ENGINE_DECODER:Net_1260\ * !\ENGINE_DECODER:bQuadDec:error\
            + !\ENGINE_DECODER:Net_1260\ * !\ENGINE_DECODER:bQuadDec:state_1\ * 
              !\ENGINE_DECODER:bQuadDec:state_0\
            + !\ENGINE_DECODER:bQuadDec:error\ * 
              !\ENGINE_DECODER:bQuadDec:state_1\ * 
              !\ENGINE_DECODER:bQuadDec:state_0\
        );
        Output = \ENGINE_DECODER:Net_1260\ (fanout=10)

    MacroCell: Name=\ENGINE_DECODER:bQuadDec:error\, Mode=(D-Register)
        Total # of inputs        : 6
        Total # of product terms : 4
        List of special equations: 
            Clock  = (Net_2319) => Global
            Clock Enable: True
        Main Equation            : 4 pterms
        (
              !\ENGINE_DECODER:Net_1260\ * 
              !\ENGINE_DECODER:bQuadDec:quad_A_filt\ * 
              !\ENGINE_DECODER:bQuadDec:quad_B_filt\ * 
              !\ENGINE_DECODER:bQuadDec:error\ * 
              \ENGINE_DECODER:bQuadDec:state_1\ * 
              \ENGINE_DECODER:bQuadDec:state_0\
            + !\ENGINE_DECODER:Net_1260\ * 
              !\ENGINE_DECODER:bQuadDec:quad_A_filt\ * 
              \ENGINE_DECODER:bQuadDec:quad_B_filt\ * 
              !\ENGINE_DECODER:bQuadDec:error\ * 
              \ENGINE_DECODER:bQuadDec:state_1\ * 
              !\ENGINE_DECODER:bQuadDec:state_0\
            + !\ENGINE_DECODER:Net_1260\ * 
              \ENGINE_DECODER:bQuadDec:quad_A_filt\ * 
              !\ENGINE_DECODER:bQuadDec:quad_B_filt\ * 
              !\ENGINE_DECODER:bQuadDec:error\ * 
              !\ENGINE_DECODER:bQuadDec:state_1\ * 
              \ENGINE_DECODER:bQuadDec:state_0\
            + \ENGINE_DECODER:bQuadDec:quad_A_filt\ * 
              \ENGINE_DECODER:bQuadDec:quad_B_filt\ * 
              !\ENGINE_DECODER:bQuadDec:error\ * 
              !\ENGINE_DECODER:bQuadDec:state_1\ * 
              !\ENGINE_DECODER:bQuadDec:state_0\
        );
        Output = \ENGINE_DECODER:bQuadDec:error\ (fanout=8)

    MacroCell: Name=\ENGINE_DECODER:bQuadDec:state_1\, Mode=(D-Register)
        Total # of inputs        : 6
        Total # of product terms : 4
        List of special equations: 
            Clock  = (Net_2319) => Global
            Clock Enable: True
        Main Equation            : 4 pterms
        (
              !\ENGINE_DECODER:Net_1260\ * 
              \ENGINE_DECODER:bQuadDec:quad_A_filt\ * 
              \ENGINE_DECODER:bQuadDec:quad_B_filt\ * 
              !\ENGINE_DECODER:bQuadDec:error\ * 
              \ENGINE_DECODER:bQuadDec:state_0\
            + !\ENGINE_DECODER:Net_1260\ * 
              \ENGINE_DECODER:bQuadDec:quad_A_filt\ * 
              !\ENGINE_DECODER:bQuadDec:error\ * 
              \ENGINE_DECODER:bQuadDec:state_1\
            + !\ENGINE_DECODER:Net_1260\ * 
              \ENGINE_DECODER:bQuadDec:quad_A_filt\ * 
              \ENGINE_DECODER:bQuadDec:error\ * 
              !\ENGINE_DECODER:bQuadDec:state_1\ * 
              !\ENGINE_DECODER:bQuadDec:state_0\
            + \ENGINE_DECODER:bQuadDec:quad_A_filt\ * 
              !\ENGINE_DECODER:bQuadDec:quad_B_filt\ * 
              !\ENGINE_DECODER:bQuadDec:error\ * 
              !\ENGINE_DECODER:bQuadDec:state_1\ * 
              !\ENGINE_DECODER:bQuadDec:state_0\
        );
        Output = \ENGINE_DECODER:bQuadDec:state_1\ (fanout=7)

    MacroCell: Name=\ENGINE_DECODER:bQuadDec:state_0\, Mode=(D-Register)
        Total # of inputs        : 6
        Total # of product terms : 4
        List of special equations: 
            Clock  = (Net_2319) => Global
            Clock Enable: True
        Main Equation            : 4 pterms
        (
              !\ENGINE_DECODER:Net_1260\ * 
              \ENGINE_DECODER:bQuadDec:quad_A_filt\ * 
              \ENGINE_DECODER:bQuadDec:quad_B_filt\ * 
              !\ENGINE_DECODER:bQuadDec:error\ * 
              \ENGINE_DECODER:bQuadDec:state_1\
            + !\ENGINE_DECODER:Net_1260\ * 
              \ENGINE_DECODER:bQuadDec:quad_B_filt\ * 
              !\ENGINE_DECODER:bQuadDec:error\ * 
              \ENGINE_DECODER:bQuadDec:state_0\
            + !\ENGINE_DECODER:Net_1260\ * 
              \ENGINE_DECODER:bQuadDec:quad_B_filt\ * 
              \ENGINE_DECODER:bQuadDec:error\ * 
              !\ENGINE_DECODER:bQuadDec:state_1\ * 
              !\ENGINE_DECODER:bQuadDec:state_0\
            + !\ENGINE_DECODER:bQuadDec:quad_A_filt\ * 
              \ENGINE_DECODER:bQuadDec:quad_B_filt\ * 
              !\ENGINE_DECODER:bQuadDec:error\ * 
              !\ENGINE_DECODER:bQuadDec:state_1\ * 
              !\ENGINE_DECODER:bQuadDec:state_0\
        );
        Output = \ENGINE_DECODER:bQuadDec:state_0\ (fanout=7)
    </CYPRESSTAG>
    <CYPRESSTAG name="Datapath listing">

    ------------------------------------------------------------
    Datapath listing
    ------------------------------------------------------------

    datapathcell: Name =\UART_LOG:BUART:sTX:TxShifter:u0\
        PORT MAP (
            clock => \UART_LOG:Net_9\ ,
            cs_addr_2 => \UART_LOG:BUART:tx_state_1\ ,
            cs_addr_1 => \UART_LOG:BUART:tx_state_0\ ,
            cs_addr_0 => \UART_LOG:BUART:tx_bitclk_enable_pre\ ,
            so_comb => \UART_LOG:BUART:tx_shift_out\ ,
            f0_bus_stat_comb => \UART_LOG:BUART:tx_fifo_notfull\ ,
            f0_blk_stat_comb => \UART_LOG:BUART:tx_fifo_empty\ );
        Properties:
        {
            a0_init = "00000000"
            a1_init = "00000000"
            ce0_sync = 1
            ce1_sync = 1
            cl0_sync = 1
            cl1_sync = 1
            cmsb_sync = 1
            co_msb_sync = 1
            cy_dpconfig = "0000000000000000000000000000000000000000000000000000000011000000000000000000000000000010010000000000000000000000000000000000000011111111000000001111111111111111000000000000000001000100111100000000000000001100"
            d0_init = "00000000"
            d1_init = "00000000"
            f0_blk_sync = 1
            f0_bus_sync = 1
            f1_blk_sync = 1
            f1_bus_sync = 1
            ff0_sync = 1
            ff1_sync = 1
            ov_msb_sync = 1
            so_sync = 1
            z0_sync = 1
            z1_sync = 1
        }
        Clock Polarity: Active High
        Clock Enable: True

    datapathcell: Name =\UART_LOG:BUART:sTX:sCLOCK:TxBitClkGen\
        PORT MAP (
            clock => \UART_LOG:Net_9\ ,
            cs_addr_0 => \UART_LOG:BUART:counter_load_not\ ,
            ce0_reg => \UART_LOG:BUART:tx_bitclk_enable_pre\ ,
            ce1_reg => \UART_LOG:BUART:tx_counter_dp\ );
        Properties:
        {
            a0_init = "00000000"
            a1_init = "00000000"
            ce0_sync = 1
            ce1_sync = 1
            cl0_sync = 1
            cl1_sync = 1
            cmsb_sync = 1
            co_msb_sync = 1
            cy_dpconfig = "1010100001000000001000000100000000000000000000000000000000000000000000000000000000000000000000000000000000000000000000000000000011111111000000001111111100000111001000000100000000000101111100000000000000001000"
            d0_init = "00000000"
            d1_init = "00000000"
            f0_blk_sync = 1
            f0_bus_sync = 1
            f1_blk_sync = 1
            f1_bus_sync = 1
            ff0_sync = 1
            ff1_sync = 1
            ov_msb_sync = 1
            so_sync = 1
            z0_sync = 1
            z1_sync = 1
        }
        Clock Polarity: Active High
        Clock Enable: True

    datapathcell: Name =\UART_LOG:BUART:sRX:RxShifter:u0\
        PORT MAP (
            clock => \UART_LOG:Net_9\ ,
            cs_addr_2 => \UART_LOG:BUART:tx_ctrl_mark_last\ ,
            cs_addr_1 => \UART_LOG:BUART:rx_state_0\ ,
            cs_addr_0 => \UART_LOG:BUART:rx_bitclk_enable\ ,
            route_si => \UART_LOG:BUART:rx_postpoll\ ,
            f0_load => \UART_LOG:BUART:rx_load_fifo\ ,
            f0_bus_stat_comb => \UART_LOG:BUART:rx_fifonotempty\ ,
            f0_blk_stat_comb => \UART_LOG:BUART:rx_fifofull\ );
        Properties:
        {
            a0_init = "00000000"
            a1_init = "00000000"
            ce0_sync = 1
            ce1_sync = 1
            cl0_sync = 1
            cl1_sync = 1
            cmsb_sync = 1
            co_msb_sync = 1
            cy_dpconfig = "0000000000000000000000000000000000000000000000000000001001000000000100000000000000010000001100000001000000000000000100100001000011111111000000001111111111111111101000000110001001000001111100000000000000001100"
            d0_init = "00000000"
            d1_init = "00000000"
            f0_blk_sync = 1
            f0_bus_sync = 1
            f1_blk_sync = 1
            f1_bus_sync = 1
            ff0_sync = 1
            ff1_sync = 1
            ov_msb_sync = 1
            so_sync = 1
            z0_sync = 1
            z1_sync = 1
        }
        Clock Polarity: Active High
        Clock Enable: True

    datapathcell: Name =\UART_PSOC:BUART:sTX:TxShifter:u0\
        PORT MAP (
            clock => \UART_PSOC:Net_9\ ,
            cs_addr_2 => \UART_PSOC:BUART:tx_state_1\ ,
            cs_addr_1 => \UART_PSOC:BUART:tx_state_0\ ,
            cs_addr_0 => \UART_PSOC:BUART:tx_bitclk_enable_pre\ ,
            so_comb => \UART_PSOC:BUART:tx_shift_out\ ,
            f0_bus_stat_comb => \UART_PSOC:BUART:tx_fifo_notfull\ ,
            f0_blk_stat_comb => \UART_PSOC:BUART:tx_fifo_empty\ );
        Properties:
        {
            a0_init = "00000000"
            a1_init = "00000000"
            ce0_sync = 1
            ce1_sync = 1
            cl0_sync = 1
            cl1_sync = 1
            cmsb_sync = 1
            co_msb_sync = 1
            cy_dpconfig = "0000000000000000000000000000000000000000000000000000000011000000000000000000000000000010010000000000000000000000000000000000000011111111000000001111111111111111000000000000000001000100111100000000000000001100"
            d0_init = "00000000"
            d1_init = "00000000"
            f0_blk_sync = 1
            f0_bus_sync = 1
            f1_blk_sync = 1
            f1_bus_sync = 1
            ff0_sync = 1
            ff1_sync = 1
            ov_msb_sync = 1
            so_sync = 1
            z0_sync = 1
            z1_sync = 1
        }
        Clock Polarity: Active High
        Clock Enable: True

    datapathcell: Name =\UART_PSOC:BUART:sTX:sCLOCK:TxBitClkGen\
        PORT MAP (
            clock => \UART_PSOC:Net_9\ ,
            cs_addr_0 => \UART_PSOC:BUART:counter_load_not\ ,
            ce0_reg => \UART_PSOC:BUART:tx_bitclk_enable_pre\ ,
            ce1_reg => \UART_PSOC:BUART:tx_counter_dp\ );
        Properties:
        {
            a0_init = "00000000"
            a1_init = "00000000"
            ce0_sync = 1
            ce1_sync = 1
            cl0_sync = 1
            cl1_sync = 1
            cmsb_sync = 1
            co_msb_sync = 1
            cy_dpconfig = "1010100001000000001000000100000000000000000000000000000000000000000000000000000000000000000000000000000000000000000000000000000011111111000000001111111100000111001000000100000000000101111100000000000000001000"
            d0_init = "00000000"
            d1_init = "00000000"
            f0_blk_sync = 1
            f0_bus_sync = 1
            f1_blk_sync = 1
            f1_bus_sync = 1
            ff0_sync = 1
            ff1_sync = 1
            ov_msb_sync = 1
            so_sync = 1
            z0_sync = 1
            z1_sync = 1
        }
        Clock Polarity: Active High
        Clock Enable: True

    datapathcell: Name =\UART_PSOC:BUART:sRX:RxShifter:u0\
        PORT MAP (
            clock => \UART_PSOC:Net_9\ ,
            cs_addr_2 => \UART_PSOC:BUART:tx_ctrl_mark_last\ ,
            cs_addr_1 => \UART_PSOC:BUART:rx_state_0\ ,
            cs_addr_0 => \UART_PSOC:BUART:rx_bitclk_enable\ ,
            route_si => \UART_PSOC:BUART:rx_postpoll\ ,
            f0_load => \UART_PSOC:BUART:rx_load_fifo\ ,
            f0_bus_stat_comb => \UART_PSOC:BUART:rx_fifonotempty\ ,
            f0_blk_stat_comb => \UART_PSOC:BUART:rx_fifofull\ );
        Properties:
        {
            a0_init = "00000000"
            a1_init = "00000000"
            ce0_sync = 1
            ce1_sync = 1
            cl0_sync = 1
            cl1_sync = 1
            cmsb_sync = 1
            co_msb_sync = 1
            cy_dpconfig = "0000000000000000000000000000000000000000000000000000001001000000000100000000000000010000001100000001000000000000000100100001000011111111000000001111111111111111101000000110001001000001111100000000000000001100"
            d0_init = "00000000"
            d1_init = "00000000"
            f0_blk_sync = 1
            f0_bus_sync = 1
            f1_blk_sync = 1
            f1_bus_sync = 1
            ff0_sync = 1
            ff1_sync = 1
            ov_msb_sync = 1
            so_sync = 1
            z0_sync = 1
            z1_sync = 1
        }
        Clock Polarity: Active High
        Clock Enable: True

    datapathcell: Name =\ENGINE_PWM:PWMUDB:sP16:pwmdp:u0\
        PORT MAP (
            clock => Net_2319 ,
            cs_addr_2 => \ENGINE_PWM:PWMUDB:tc_i\ ,
            cs_addr_1 => \ENGINE_PWM:PWMUDB:runmode_enable\ ,
            chain_out => \ENGINE_PWM:PWMUDB:sP16:pwmdp:carry\ );
        Properties:
        {
            a0_init = "00000000"
            a1_init = "00000000"
            ce0_sync = 1
            ce1_sync = 1
            cl0_sync = 1
            cl1_sync = 1
            cmsb_sync = 1
            co_msb_sync = 1
            cy_dpconfig = "0000000001000000000000001100000001000000010000000000000011000000000000001100000000000000110000000000000011000000000000001100000011111111000000001111111111111111101000000000000000000100000000000000000000011000"
            d0_init = "00000000"
            d1_init = "00000000"
            f0_blk_sync = 1
            f0_bus_sync = 1
            f1_blk_sync = 1
            f1_bus_sync = 1
            ff0_sync = 1
            ff1_sync = 1
            ov_msb_sync = 1
            so_sync = 1
            z0_sync = 1
            z1_sync = 1
        }
        Clock Polarity: Active High
        Clock Enable: True
        Next in chain : \ENGINE_PWM:PWMUDB:sP16:pwmdp:u1\

    datapathcell: Name =\ENGINE_PWM:PWMUDB:sP16:pwmdp:u1\
        PORT MAP (
            clock => Net_2319 ,
            cs_addr_2 => \ENGINE_PWM:PWMUDB:tc_i\ ,
            cs_addr_1 => \ENGINE_PWM:PWMUDB:runmode_enable\ ,
            cl0_comb => \ENGINE_PWM:PWMUDB:cmp1_less\ ,
            z0_comb => \ENGINE_PWM:PWMUDB:tc_i\ ,
            f1_blk_stat_comb => \ENGINE_PWM:PWMUDB:status_3\ ,
            chain_in => \ENGINE_PWM:PWMUDB:sP16:pwmdp:carry\ );
        Properties:
        {
            a0_init = "00000000"
            a1_init = "00000000"
            ce0_sync = 1
            ce1_sync = 1
            cl0_sync = 1
            cl1_sync = 1
            cmsb_sync = 1
            co_msb_sync = 1
            cy_dpconfig = "0000000001000000000000001100000001000000010000000000000011000000000000001100000000000000110000000000000011000000000000001100000011111111000000001111111111111111101011110000000000000100000011110000000000011000"
            d0_init = "00000000"
            d1_init = "00000000"
            f0_blk_sync = 1
            f0_bus_sync = 1
            f1_blk_sync = 1
            f1_bus_sync = 1
            ff0_sync = 1
            ff1_sync = 1
            ov_msb_sync = 1
            so_sync = 1
            z0_sync = 1
            z1_sync = 1
        }
        Clock Polarity: Active High
        Clock Enable: True
        Previous in chain : \ENGINE_PWM:PWMUDB:sP16:pwmdp:u0\

    datapathcell: Name =\ENGINE_DECODER:Cnt16:CounterUDB:sC16:counterdp:u0\
        PORT MAP (
            clock => Net_2319 ,
            cs_addr_2 => \ENGINE_DECODER:Net_1251\ ,
            cs_addr_1 => \ENGINE_DECODER:Cnt16:CounterUDB:count_enable\ ,
            cs_addr_0 => \ENGINE_DECODER:Cnt16:CounterUDB:reload\ ,
            chain_out => \ENGINE_DECODER:Cnt16:CounterUDB:sC16:counterdp:carry\ );
        Properties:
        {
            a0_init = "00000000"
            a1_init = "00000000"
            ce0_sync = 1
            ce1_sync = 1
            cl0_sync = 1
            cl1_sync = 1
            cmsb_sync = 1
            co_msb_sync = 1
            cy_dpconfig = "0000000001000000000000001000000001000000010000000000000010000000000000000100000000000000100000000010000001000000000000001000000011111111000000001111111111111111101000000000000000000001000000000000000000011000"
            d0_init = "00000000"
            d1_init = "00000000"
            f0_blk_sync = 1
            f0_bus_sync = 1
            f1_blk_sync = 1
            f1_bus_sync = 1
            ff0_sync = 1
            ff1_sync = 1
            ov_msb_sync = 1
            so_sync = 1
            z0_sync = 1
            z1_sync = 1
        }
        Clock Polarity: Active High
        Clock Enable: True
        Next in chain : \ENGINE_DECODER:Cnt16:CounterUDB:sC16:counterdp:u1\

    datapathcell: Name =\ENGINE_DECODER:Cnt16:CounterUDB:sC16:counterdp:u1\
        PORT MAP (
            clock => Net_2319 ,
            cs_addr_2 => \ENGINE_DECODER:Net_1251\ ,
            cs_addr_1 => \ENGINE_DECODER:Cnt16:CounterUDB:count_enable\ ,
            cs_addr_0 => \ENGINE_DECODER:Cnt16:CounterUDB:reload\ ,
            z0_comb => \ENGINE_DECODER:Cnt16:CounterUDB:status_1\ ,
            f0_comb => \ENGINE_DECODER:Cnt16:CounterUDB:overflow\ ,
            ce1_comb => \ENGINE_DECODER:Cnt16:CounterUDB:cmp_out_i\ ,
            f0_bus_stat_comb => \ENGINE_DECODER:Cnt16:CounterUDB:status_6\ ,
            f0_blk_stat_comb => \ENGINE_DECODER:Cnt16:CounterUDB:status_5\ ,
            chain_in => \ENGINE_DECODER:Cnt16:CounterUDB:sC16:counterdp:carry\ );
        Properties:
        {
            a0_init = "00000000"
            a1_init = "00000000"
            ce0_sync = 1
            ce1_sync = 1
            cl0_sync = 1
            cl1_sync = 1
            cmsb_sync = 1
            co_msb_sync = 1
            cy_dpconfig = "0000000001000000000000001000000001000000010000000000000010000000000000000100000000000000100000000010000001000000000000001000000011111111000000001111111111111111101011110000000000000001000001110000000000011000"
            d0_init = "00000000"
            d1_init = "00000000"
            f0_blk_sync = 1
            f0_bus_sync = 1
            f1_blk_sync = 1
            f1_bus_sync = 1
            ff0_sync = 1
            ff1_sync = 1
            ov_msb_sync = 1
            so_sync = 1
            z0_sync = 1
            z1_sync = 1
        }
        Clock Polarity: Active High
        Clock Enable: True
        Previous in chain : \ENGINE_DECODER:Cnt16:CounterUDB:sC16:counterdp:u0\
    </CYPRESSTAG>
    <CYPRESSTAG name="Status register listing">

    ------------------------------------------------------------
    Status register listing
    ------------------------------------------------------------

    statuscell: Name =\EB_Status_Reg_2:sts:sts_reg\
        PORT MAP (
            status_4 => Net_4083 ,
            status_3 => Net_4082 ,
            status_2 => Net_4081 ,
            status_1 => Net_4080 ,
            status_0 => Net_4129 );
        Properties:
        {
            cy_force_order = 1
            cy_md_select = "00000000"
        }
        Clock Enable: True

    statuscell: Name =\EB_Status_Reg_1:sts:sts_reg\
        PORT MAP (
            status_4 => Net_4085 ,
            status_3 => Net_4077 ,
            status_2 => Net_4078 ,
            status_1 => Net_4079 ,
            status_0 => Net_4084 );
        Properties:
        {
            cy_force_order = 1
            cy_md_select = "00000000"
        }
        Clock Enable: True
    </CYPRESSTAG>
    <CYPRESSTAG name="StatusI register listing">

    ------------------------------------------------------------
    StatusI register listing
    ------------------------------------------------------------

    statusicell: Name =\UART_LOG:BUART:sTX:TxSts\
        PORT MAP (
            clock => \UART_LOG:Net_9\ ,
            status_3 => \UART_LOG:BUART:tx_fifo_notfull\ ,
            status_2 => \UART_LOG:BUART:tx_status_2\ ,
            status_1 => \UART_LOG:BUART:tx_fifo_empty\ ,
            status_0 => \UART_LOG:BUART:tx_status_0\ );
        Properties:
        {
            cy_force_order = 1
            cy_int_mask = "1111111"
            cy_md_select = "0000001"
        }
        Clock Polarity: Active High
        Clock Enable: True

    statusicell: Name =\UART_LOG:BUART:sRX:RxSts\
        PORT MAP (
            clock => \UART_LOG:Net_9\ ,
            status_5 => \UART_LOG:BUART:rx_status_5\ ,
            status_4 => \UART_LOG:BUART:rx_status_4\ ,
            status_3 => \UART_LOG:BUART:rx_status_3\ );
        Properties:
        {
            cy_force_order = 1
            cy_int_mask = "1111111"
            cy_md_select = "1011111"
        }
        Clock Polarity: Active High
        Clock Enable: True

    statusicell: Name =\UART_PSOC:BUART:sTX:TxSts\
        PORT MAP (
            clock => \UART_PSOC:Net_9\ ,
            status_3 => \UART_PSOC:BUART:tx_fifo_notfull\ ,
            status_2 => \UART_PSOC:BUART:tx_status_2\ ,
            status_1 => \UART_PSOC:BUART:tx_fifo_empty\ ,
            status_0 => \UART_PSOC:BUART:tx_status_0\ ,
            interrupt => Net_4110 );
        Properties:
        {
            cy_force_order = 1
            cy_int_mask = "1111111"
            cy_md_select = "0000001"
        }
        Clock Polarity: Active High
        Clock Enable: True

    statusicell: Name =\UART_PSOC:BUART:sRX:RxSts\
        PORT MAP (
            clock => \UART_PSOC:Net_9\ ,
            status_5 => \UART_PSOC:BUART:rx_status_5\ ,
            status_4 => \UART_PSOC:BUART:rx_status_4\ ,
            status_3 => \UART_PSOC:BUART:rx_status_3\ ,
            interrupt => Net_4111 );
        Properties:
        {
            cy_force_order = 1
            cy_int_mask = "1111111"
            cy_md_select = "1011111"
        }
        Clock Polarity: Active High
        Clock Enable: True

    statusicell: Name =\ENGINE_PWM:PWMUDB:genblk8:stsreg\
        PORT MAP (
            clock => Net_2319 ,
            status_3 => \ENGINE_PWM:PWMUDB:status_3\ ,
            status_2 => \ENGINE_PWM:PWMUDB:status_2\ ,
            status_0 => \ENGINE_PWM:PWMUDB:status_0\ );
        Properties:
        {
            cy_force_order = 1
            cy_int_mask = "1111111"
            cy_md_select = "0100111"
        }
        Clock Polarity: Active High
        Clock Enable: True

    statusicell: Name =\ENGINE_DECODER:Cnt16:CounterUDB:sSTSReg:stsreg\
        PORT MAP (
            reset => \ENGINE_DECODER:Net_1260\ ,
            clock => Net_2319 ,
            status_6 => \ENGINE_DECODER:Cnt16:CounterUDB:status_6\ ,
            status_5 => \ENGINE_DECODER:Cnt16:CounterUDB:status_5\ ,
            status_3 => \ENGINE_DECODER:Cnt16:CounterUDB:status_3\ ,
            status_2 => \ENGINE_DECODER:Cnt16:CounterUDB:status_2\ ,
            status_1 => \ENGINE_DECODER:Cnt16:CounterUDB:status_1\ ,
            status_0 => \ENGINE_DECODER:Cnt16:CounterUDB:status_0\ );
        Properties:
        {
            cy_force_order = 1
            cy_int_mask = "1111111"
            cy_md_select = "0011111"
        }
        Clock Polarity: Active High
        Clock Enable: True

    statusicell: Name =\ENGINE_DECODER:bQuadDec:Stsreg\
        PORT MAP (
            clock => Net_2319 ,
            status_3 => \ENGINE_DECODER:bQuadDec:error\ ,
            status_2 => \ENGINE_DECODER:Net_1260\ ,
            status_1 => \ENGINE_DECODER:Net_611\ ,
            status_0 => \ENGINE_DECODER:Net_530\ ,
            interrupt => Net_4256 );
        Properties:
        {
            cy_force_order = 1
            cy_int_mask = "0001111"
            cy_md_select = "0001111"
        }
        Clock Polarity: Active High
        Clock Enable: True
    </CYPRESSTAG>
    <CYPRESSTAG name="Sync listing">

    ------------------------------------------------------------
    Sync listing
    ------------------------------------------------------------

    synccell: Name =SCL(0)_SYNC
        PORT MAP (
            in => \I2C:Net_1109_0\ ,
            out => \I2C:Net_1109_0_SYNCOUT\ ,
            clock => ClockBlock_BUS_CLK );
        Clock Polarity: Active High
        Clock Enable: True

    synccell: Name =PSOC_RX(0)_SYNC
        PORT MAP (
            in => Net_4103 ,
            out => Net_4103_SYNCOUT ,
            clock => ClockBlock_BUS_CLK );
        Clock Polarity: Active High
        Clock Enable: True

    synccell: Name =DEBUG_RX(0)_SYNC
        PORT MAP (
            in => Net_4091 ,
            out => Net_4091_SYNCOUT ,
            clock => ClockBlock_BUS_CLK );
        Clock Polarity: Active High
        Clock Enable: True

    synccell: Name =SDA(0)_SYNC
        PORT MAP (
            in => \I2C:Net_1109_1\ ,
            out => \I2C:Net_1109_1_SYNCOUT\ ,
            clock => ClockBlock_BUS_CLK );
        Clock Polarity: Active High
        Clock Enable: True
    </CYPRESSTAG>
    <CYPRESSTAG name="Control register listing">

    ------------------------------------------------------------
    Control register listing
    ------------------------------------------------------------

    controlcell: Name =\ENGINE_PWM:PWMUDB:genblk1:ctrlreg\
        PORT MAP (
            clock => Net_2319 ,
            control_7 => \ENGINE_PWM:PWMUDB:control_7\ ,
            control_6 => \ENGINE_PWM:PWMUDB:control_6\ ,
            control_5 => \ENGINE_PWM:PWMUDB:control_5\ ,
            control_4 => \ENGINE_PWM:PWMUDB:control_4\ ,
            control_3 => \ENGINE_PWM:PWMUDB:control_3\ ,
            control_2 => \ENGINE_PWM:PWMUDB:control_2\ ,
            control_1 => \ENGINE_PWM:PWMUDB:control_1\ ,
            control_0 => \ENGINE_PWM:PWMUDB:control_0\ );
        Properties:
        {
            cy_ctrl_mode_0 = "11111111"
            cy_ctrl_mode_1 = "00000000"
            cy_ext_reset = 0
            cy_force_order = 1
            cy_init_value = "00000000"
        }
        Clock Polarity: Active High
        Clock Enable: True

    controlcell: Name =\ENGINE_DECODER:Cnt16:CounterUDB:sCTRLReg:ctrlreg\
        PORT MAP (
            clock => Net_2319 ,
            control_7 => \ENGINE_DECODER:Cnt16:CounterUDB:control_7\ ,
            control_6 => \ENGINE_DECODER:Cnt16:CounterUDB:control_6\ ,
            control_5 => \ENGINE_DECODER:Cnt16:CounterUDB:control_5\ ,
            control_4 => \ENGINE_DECODER:Cnt16:CounterUDB:control_4\ ,
            control_3 => \ENGINE_DECODER:Cnt16:CounterUDB:control_3\ ,
            control_2 => \ENGINE_DECODER:Cnt16:CounterUDB:control_2\ ,
            control_1 => \ENGINE_DECODER:Cnt16:CounterUDB:control_1\ ,
            control_0 => \ENGINE_DECODER:Cnt16:CounterUDB:control_0\ );
        Properties:
        {
            cy_ctrl_mode_0 = "11111111"
            cy_ctrl_mode_1 = "00000000"
            cy_ext_reset = 0
            cy_force_order = 1
            cy_init_value = "00000000"
        }
        Clock Polarity: Active High
        Clock Enable: True

    controlcell: Name =\ENGINE_Direction:Sync:ctrl_reg\
        PORT MAP (
            control_7 => \ENGINE_Direction:control_7\ ,
            control_6 => \ENGINE_Direction:control_6\ ,
            control_5 => \ENGINE_Direction:control_5\ ,
            control_4 => \ENGINE_Direction:control_4\ ,
            control_3 => \ENGINE_Direction:control_3\ ,
            control_2 => \ENGINE_Direction:control_2\ ,
            control_1 => Net_4257 ,
            control_0 => Net_4260 );
        Properties:
        {
            cy_ctrl_mode_0 = "00000000"
            cy_ctrl_mode_1 = "00000000"
            cy_ext_reset = 0
            cy_force_order = 1
            cy_init_value = "00000000"
        }
        Clock Enable: True
    </CYPRESSTAG>
    <CYPRESSTAG name="Count7 listing">

    ------------------------------------------------------------
    Count7 listing
    ------------------------------------------------------------

    count7cell: Name =\UART_LOG:BUART:sRX:RxBitCounter\
        PORT MAP (
            clock => \UART_LOG:Net_9\ ,
            load => \UART_LOG:BUART:rx_counter_load\ ,
            count_6 => MODIN4_6 ,
            count_5 => MODIN4_5 ,
            count_4 => MODIN4_4 ,
            count_3 => MODIN4_3 ,
            count_2 => \UART_LOG:BUART:rx_count_2\ ,
            count_1 => \UART_LOG:BUART:rx_count_1\ ,
            count_0 => \UART_LOG:BUART:rx_count_0\ ,
            tc => \UART_LOG:BUART:rx_count7_tc\ );
        Properties:
        {
            cy_alt_mode = 0
            cy_init_value = "0000000"
            cy_period = "1110010"
            cy_route_en = 1
            cy_route_ld = 1
        }
        Clock Polarity: Active High
        Clock Enable: True

    count7cell: Name =\UART_PSOC:BUART:sRX:RxBitCounter\
        PORT MAP (
            clock => \UART_PSOC:Net_9\ ,
            load => \UART_PSOC:BUART:rx_counter_load\ ,
            count_6 => \UART_PSOC:BUART:rx_count_6\ ,
            count_5 => \UART_PSOC:BUART:rx_count_5\ ,
            count_4 => \UART_PSOC:BUART:rx_count_4\ ,
            count_3 => \UART_PSOC:BUART:rx_count_3\ ,
            count_2 => \UART_PSOC:BUART:rx_count_2\ ,
            count_1 => \UART_PSOC:BUART:rx_count_1\ ,
            count_0 => \UART_PSOC:BUART:rx_count_0\ ,
            tc => \UART_PSOC:BUART:rx_count7_tc\ );
        Properties:
        {
            cy_alt_mode = 0
            cy_init_value = "0000000"
            cy_period = "1110010"
            cy_route_en = 1
            cy_route_ld = 1
        }
        Clock Polarity: Active High
        Clock Enable: True
    </CYPRESSTAG>
    <CYPRESSTAG name="DRQ listing">
    </CYPRESSTAG>
    <CYPRESSTAG name="Interrupt listing">

    ------------------------------------------------------------
    Interrupt listing
    ------------------------------------------------------------

    interrupt: Name =isr_Button
        PORT MAP (
            interrupt => Net_666 );
        Properties:
        {
            int_type = "00"
            is_nmi = 0
        }

    interrupt: Name =\UART_PSOC:TXInternalInterrupt\
        PORT MAP (
            interrupt => Net_4110 );
        Properties:
        {
            int_type = "10"
            is_nmi = 0
        }

    interrupt: Name =\USBUART:dp_int\
        PORT MAP (
            interrupt => \USBUART:Net_1010\ );
        Properties:
        {
            int_type = "10"
            is_nmi = 0
        }

    interrupt: Name =\USBUART:ep_3\
        PORT MAP (
            interrupt => \USBUART:ep_int_3\ );
        Properties:
        {
            int_type = "10"
            is_nmi = 0
        }

    interrupt: Name =\USBUART:ep_2\
        PORT MAP (
            interrupt => \USBUART:ep_int_2\ );
        Properties:
        {
            int_type = "10"
            is_nmi = 0
        }

    interrupt: Name =\USBUART:ep_1\
        PORT MAP (
            interrupt => \USBUART:ep_int_1\ );
        Properties:
        {
            int_type = "10"
            is_nmi = 0
        }

    interrupt: Name =\USBUART:ep_0\
        PORT MAP (
            interrupt => \USBUART:ep_int_0\ );
        Properties:
        {
            int_type = "10"
            is_nmi = 0
        }

    interrupt: Name =\USBUART:bus_reset\
        PORT MAP (
            interrupt => \USBUART:Net_1876\ );
        Properties:
        {
            int_type = "10"
            is_nmi = 0
        }

    interrupt: Name =\USBUART:arb_int\
        PORT MAP (
            interrupt => \USBUART:Net_1889\ );
        Properties:
        {
            int_type = "10"
            is_nmi = 0
        }

    interrupt: Name =\USBUART:sof_int\
        PORT MAP (
            interrupt => Net_4135 );
        Properties:
        {
            int_type = "10"
            is_nmi = 0
        }

    interrupt: Name =\ADC_SAR_1:IRQ\
        PORT MAP (
            interrupt => Net_4270 );
        Properties:
        {
            int_type = "10"
            is_nmi = 0
        }

    interrupt: Name =\I2C:I2C_IRQ\
        PORT MAP (
            interrupt => \I2C:Net_697\ );
        Properties:
        {
            int_type = "00"
            is_nmi = 0
        }

    interrupt: Name =\ENGINE_DECODER:isr\
        PORT MAP (
            interrupt => Net_4256 );
        Properties:
        {
            int_type = "10"
            is_nmi = 0
        }

    interrupt: Name =\ADC_SAR_2:IRQ\
        PORT MAP (
            interrupt => Net_4277 );
        Properties:
        {
            int_type = "10"
            is_nmi = 0
        }

    interrupt: Name =isr_uart_psoc_rx
        PORT MAP (
            interrupt => Net_4111 );
        Properties:
        {
            int_type = "10"
            is_nmi = 0
        }
    </CYPRESSTAG>
</CYPRESSTAG>
<CYPRESSTAG name="Technology mapping summary" expanded>

------------------------------------------------------------
Technology mapping summary
------------------------------------------------------------

Resource Type                 : Used : Free :  Max :  % Used
============================================================
Digital Clocks                :    4 :    4 :    8 : 50.00 %
Analog Clocks                 :    2 :    2 :    4 : 50.00 %
CapSense Buffers              :    0 :    2 :    2 :  0.00 %
Digital Filter Block          :    0 :    1 :    1 :  0.00 %
Interrupts                    :   15 :   17 :   32 : 46.88 %
IO                            :   37 :   11 :   48 : 77.08 %
Segment LCD                   :    0 :    1 :    1 :  0.00 %
CAN 2.0b                      :    0 :    1 :    1 :  0.00 %
I2C                           :    1 :    0 :    1 : 100.00 %
USB                           :    1 :    0 :    1 : 100.00 %
DMA Channels                  :    0 :   24 :   24 :  0.00 %
Timer                         :    0 :    4 :    4 :  0.00 %
UDB                           :      :      :      :        
  Macrocells                  :   81 :  111 :  192 : 42.19 %
  Unique P-terms              :  144 :  240 :  384 : 37.50 %
  Total P-terms               :  164 :      :      :        
  Datapath Cells              :   10 :   14 :   24 : 41.67 %
  Status Cells                :   12 :   12 :   24 : 50.00 %
    Status Registers          :    2 :      :      :        
    StatusI Registers         :    7 :      :      :        
    Sync Cells (x4)           :    1 :      :      :        
    Routed Count7 Load/Enable :    2 :      :      :        
  Control Cells               :    5 :   19 :   24 : 20.83 %
    Control Registers         :    3 :      :      :        
    Count7 Cells              :    2 :      :      :        
Opamp                         :    0 :    4 :    4 :  0.00 %
Comparator                    :    0 :    4 :    4 :  0.00 %
Delta-Sigma ADC               :    0 :    1 :    1 :  0.00 %
LPF                           :    0 :    2 :    2 :  0.00 %
SAR ADC                       :    2 :    0 :    2 : 100.00 %
Analog (SC/CT) Blocks         :    0 :    4 :    4 :  0.00 %
DAC                           :      :      :      :        
  VIDAC                       :    0 :    4 :    4 :  0.00 %
</CYPRESSTAG>
Technology Mapping: Elapsed time ==> 0s.274ms
Tech Mapping phase: Elapsed time ==> 0s.345ms
</CYPRESSTAG>
<CYPRESSTAG name="Analog Placement">
Initial Analog Placement Results:
IO_0@[IOP=(0)][IoId=(0)] : BUTTON_1(0) (fixed)
IO_1@[IOP=(0)][IoId=(1)] : BUTTON_2(0) (fixed)
IO_2@[IOP=(0)][IoId=(2)] : BUTTON_3(0) (fixed)
IO_3@[IOP=(0)][IoId=(3)] : BUTTON_4(0) (fixed)
IO_6@[IOP=(12)][IoId=(6)] : DEBUG_RX(0) (fixed)
IO_7@[IOP=(12)][IoId=(7)] : DEBUG_TX(0) (fixed)
IO_2@[IOP=(3)][IoId=(2)] : EB_1(0) (fixed)
IO_3@[IOP=(15)][IoId=(3)] : EB_10(0) (fixed)
IO_3@[IOP=(3)][IoId=(3)] : EB_2(0) (fixed)
IO_4@[IOP=(3)][IoId=(4)] : EB_3(0) (fixed)
IO_5@[IOP=(3)][IoId=(5)] : EB_4(0) (fixed)
IO_6@[IOP=(3)][IoId=(6)] : EB_5(0) (fixed)
IO_7@[IOP=(3)][IoId=(7)] : EB_6(0) (fixed)
IO_0@[IOP=(15)][IoId=(0)] : EB_7(0) (fixed)
IO_1@[IOP=(15)][IoId=(1)] : EB_8(0) (fixed)
IO_2@[IOP=(15)][IoId=(2)] : EB_9(0) (fixed)
IO_0@[IOP=(2)][IoId=(0)] : LED_1(0) (fixed)
IO_2@[IOP=(1)][IoId=(2)] : LED_2(0) (fixed)
IO_7@[IOP=(2)][IoId=(7)] : LED_3(0) (fixed)
IO_4@[IOP=(12)][IoId=(4)] : LED_4(0) (fixed)
IO_2@[IOP=(12)][IoId=(2)] : PSOC_RX(0) (fixed)
IO_3@[IOP=(12)][IoId=(3)] : PSOC_TX(0) (fixed)
IO_4@[IOP=(0)][IoId=(4)] : Pin_AnalogIN_1(0) (fixed)
IO_5@[IOP=(0)][IoId=(5)] : Pin_AnalogIN_2(0) (fixed)
IO_6@[IOP=(0)][IoId=(6)] : Pin_AnalogIN_3(0) (fixed)
IO_5@[IOP=(1)][IoId=(5)] : Pin_Encoder_A(0) (fixed)
IO_4@[IOP=(1)][IoId=(4)] : Pin_Encoder_B(0) (fixed)
IO_3@[IOP=(2)][IoId=(3)] : Pin_Engine_Mode_1(0) (fixed)
IO_4@[IOP=(2)][IoId=(4)] : Pin_Engine_Mode_2(0) (fixed)
IO_5@[IOP=(2)][IoId=(5)] : Pin_Engine_PWM(0) (fixed)
IO_0@[IOP=(3)][IoId=(0)] : Pin_Safe_1(0) (fixed)
IO_1@[IOP=(3)][IoId=(1)] : Pin_Safe_2(0) (fixed)
IO_1@[IOP=(2)][IoId=(1)] : Pin_Toggle(0) (fixed)
IO_0@[IOP=(12)][IoId=(0)] : SCL(0) (fixed)
IO_1@[IOP=(12)][IoId=(1)] : SDA(0) (fixed)
IO_7@[IOP=(15)][IoId=(7)] : \USBUART:Dm(0)\ (fixed)
IO_6@[IOP=(15)][IoId=(6)] : \USBUART:Dp(0)\ (fixed)
SAR[1]@[FFB(SAR,1)] : \ADC_SAR_1:ADC_SAR\
Vref[13]@[FFB(Vref,13)] : \ADC_SAR_1:vRef_Vdda_1\
SAR[0]@[FFB(SAR,0)] : \ADC_SAR_2:ADC_SAR\
USB[0]@[FFB(USB,0)] : \USBUART:USB\
Log: apr.M0058: The analog placement iterative improvement is 91% done. (App=cydsfit)
Analog Placement Results:
IO_0@[IOP=(0)][IoId=(0)] : BUTTON_1(0) (fixed)
IO_1@[IOP=(0)][IoId=(1)] : BUTTON_2(0) (fixed)
IO_2@[IOP=(0)][IoId=(2)] : BUTTON_3(0) (fixed)
IO_3@[IOP=(0)][IoId=(3)] : BUTTON_4(0) (fixed)
IO_6@[IOP=(12)][IoId=(6)] : DEBUG_RX(0) (fixed)
IO_7@[IOP=(12)][IoId=(7)] : DEBUG_TX(0) (fixed)
IO_2@[IOP=(3)][IoId=(2)] : EB_1(0) (fixed)
IO_3@[IOP=(15)][IoId=(3)] : EB_10(0) (fixed)
IO_3@[IOP=(3)][IoId=(3)] : EB_2(0) (fixed)
IO_4@[IOP=(3)][IoId=(4)] : EB_3(0) (fixed)
IO_5@[IOP=(3)][IoId=(5)] : EB_4(0) (fixed)
IO_6@[IOP=(3)][IoId=(6)] : EB_5(0) (fixed)
IO_7@[IOP=(3)][IoId=(7)] : EB_6(0) (fixed)
IO_0@[IOP=(15)][IoId=(0)] : EB_7(0) (fixed)
IO_1@[IOP=(15)][IoId=(1)] : EB_8(0) (fixed)
IO_2@[IOP=(15)][IoId=(2)] : EB_9(0) (fixed)
IO_0@[IOP=(2)][IoId=(0)] : LED_1(0) (fixed)
IO_2@[IOP=(1)][IoId=(2)] : LED_2(0) (fixed)
IO_7@[IOP=(2)][IoId=(7)] : LED_3(0) (fixed)
IO_4@[IOP=(12)][IoId=(4)] : LED_4(0) (fixed)
IO_2@[IOP=(12)][IoId=(2)] : PSOC_RX(0) (fixed)
IO_3@[IOP=(12)][IoId=(3)] : PSOC_TX(0) (fixed)
IO_4@[IOP=(0)][IoId=(4)] : Pin_AnalogIN_1(0) (fixed)
IO_5@[IOP=(0)][IoId=(5)] : Pin_AnalogIN_2(0) (fixed)
IO_6@[IOP=(0)][IoId=(6)] : Pin_AnalogIN_3(0) (fixed)
IO_5@[IOP=(1)][IoId=(5)] : Pin_Encoder_A(0) (fixed)
IO_4@[IOP=(1)][IoId=(4)] : Pin_Encoder_B(0) (fixed)
IO_3@[IOP=(2)][IoId=(3)] : Pin_Engine_Mode_1(0) (fixed)
IO_4@[IOP=(2)][IoId=(4)] : Pin_Engine_Mode_2(0) (fixed)
IO_5@[IOP=(2)][IoId=(5)] : Pin_Engine_PWM(0) (fixed)
IO_0@[IOP=(3)][IoId=(0)] : Pin_Safe_1(0) (fixed)
IO_1@[IOP=(3)][IoId=(1)] : Pin_Safe_2(0) (fixed)
IO_1@[IOP=(2)][IoId=(1)] : Pin_Toggle(0) (fixed)
IO_0@[IOP=(12)][IoId=(0)] : SCL(0) (fixed)
IO_1@[IOP=(12)][IoId=(1)] : SDA(0) (fixed)
IO_7@[IOP=(15)][IoId=(7)] : \USBUART:Dm(0)\ (fixed)
IO_6@[IOP=(15)][IoId=(6)] : \USBUART:Dp(0)\ (fixed)
SAR[0]@[FFB(SAR,0)] : \ADC_SAR_1:ADC_SAR\
Vref[13]@[FFB(Vref,13)] : \ADC_SAR_1:vRef_Vdda_1\
SAR[1]@[FFB(SAR,1)] : \ADC_SAR_2:ADC_SAR\
USB[0]@[FFB(USB,0)] : \USBUART:USB\

Analog Placement phase: Elapsed time ==> 0s.331ms
</CYPRESSTAG>
<CYPRESSTAG name="Analog Routing">
Analog Routing phase: Elapsed time ==> 0s.001ms
</CYPRESSTAG>
<CYPRESSTAG name="Analog Code Generation">
============ Analog Final Answer Routes ============
Dump of CyAnalogRoutingResultsDB
Map of net to items {
  Net: Net_4267 {
    sar_0_vplus
    agl4_x_sar_0_vplus
    agl4
    agl4_x_p0_4
    p0_4
  }
  Net: Net_4274 {
    sar_1_vplus
    agr5_x_sar_1_vplus
    agr5
    agl5_x_agr5
    agl5
    agl5_x_p0_5
    p0_5
  }
  Net: \ADC_SAR_1:Net_126\ {
    sar_0_vrefhi
    sar_0_vminus_x_sar_0_vrefhi
    sar_0_vminus
  }
  Net: \ADC_SAR_1:Net_209\ {
  }
  Net: \ADC_SAR_1:Net_235\ {
    sar_1_vref
    sar_1_vref_x_sar_1_vref_vdda_vdda_2
    sar_1_vref_vdda_vdda_2
    common_sar_vref_vdda/2_x_sar_1_vref_vdda_vdda_2
    common_sar_vref_vdda/2
    common_sar_vref_vdda/2_x_sar_0_vref_vdda_vdda_2
    sar_0_vref_vdda_vdda_2
    sar_0_vref_x_sar_0_vref_vdda_vdda_2
    sar_0_vref
  }
  Net: \ADC_SAR_2:Net_126\ {
    sar_1_vrefhi
    sar_1_vminus_x_sar_1_vrefhi
    sar_1_vminus
  }
  Net: \ADC_SAR_2:Net_209\ {
  }
}
Map of item to net {
  sar_0_vplus                                      -> Net_4267
  agl4_x_sar_0_vplus                               -> Net_4267
  agl4                                             -> Net_4267
  agl4_x_p0_4                                      -> Net_4267
  p0_4                                             -> Net_4267
  sar_1_vplus                                      -> Net_4274
  agr5_x_sar_1_vplus                               -> Net_4274
  agr5                                             -> Net_4274
  agl5_x_agr5                                      -> Net_4274
  agl5                                             -> Net_4274
  agl5_x_p0_5                                      -> Net_4274
  p0_5                                             -> Net_4274
  sar_0_vrefhi                                     -> \ADC_SAR_1:Net_126\
  sar_0_vminus_x_sar_0_vrefhi                      -> \ADC_SAR_1:Net_126\
  sar_0_vminus                                     -> \ADC_SAR_1:Net_126\
  sar_1_vref                                       -> \ADC_SAR_1:Net_235\
  sar_1_vref_x_sar_1_vref_vdda_vdda_2              -> \ADC_SAR_1:Net_235\
  sar_1_vref_vdda_vdda_2                           -> \ADC_SAR_1:Net_235\
  common_sar_vref_vdda/2_x_sar_1_vref_vdda_vdda_2  -> \ADC_SAR_1:Net_235\
  common_sar_vref_vdda/2                           -> \ADC_SAR_1:Net_235\
  common_sar_vref_vdda/2_x_sar_0_vref_vdda_vdda_2  -> \ADC_SAR_1:Net_235\
  sar_0_vref_vdda_vdda_2                           -> \ADC_SAR_1:Net_235\
  sar_0_vref_x_sar_0_vref_vdda_vdda_2              -> \ADC_SAR_1:Net_235\
  sar_0_vref                                       -> \ADC_SAR_1:Net_235\
  sar_1_vrefhi                                     -> \ADC_SAR_2:Net_126\
  sar_1_vminus_x_sar_1_vrefhi                      -> \ADC_SAR_2:Net_126\
  sar_1_vminus                                     -> \ADC_SAR_2:Net_126\
}
Mux Info {
}
Dump of CyP35AnalogRoutingResultsDB
IsVddaHalfUsedForComp = False
IsVddaHalfUsedForSar0 = True
IsVddaHalfUsedForSar1 = True
Analog Code Generation phase: Elapsed time ==> 0s.189ms
</CYPRESSTAG>
<CYPRESSTAG name="Digital Placement">
<CYPRESSTAG name="Detailed placement messages">
I2076: Total run-time: 1.6 sec.

</CYPRESSTAG>
<CYPRESSTAG name="PLD Packing">
<CYPRESSTAG name="PLD Packing Summary" expanded>

------------------------------------------------------------
PLD Packing Summary
------------------------------------------------------------
            Resource Type : Used : Free :  Max :  % Used
    ====================================================
                     PLDs :   28 :   20 :   48 :  58.33%

<CYPRESSTAG name="PLD Statistics">

        PLD Resource Type :     Average/LAB
    =======================================
                   Inputs :            6.39
                   Pterms :            5.46
               Macrocells :            2.89
</CYPRESSTAG>
<CYPRESSTAG name="Packed PLD Contents">
Packed PLD Contents not displayed at this verbose level.</CYPRESSTAG>
</CYPRESSTAG>
PLD Packing: Elapsed time ==> 0s.001ms
</CYPRESSTAG>
<CYPRESSTAG name="Partitioning">
<CYPRESSTAG name="Initial Partitioning Summary">
Initial Partitioning Summary not displayed at this verbose level.</CYPRESSTAG>
<CYPRESSTAG name="Final Partitioning Summary">
Final Partitioning Summary not displayed at this verbose level.</CYPRESSTAG>
Partitioning: Elapsed time ==> 0s.165ms
</CYPRESSTAG>
<CYPRESSTAG name="Final Placement Summary">

------------------------------------------------------------
Final Placement Summary
------------------------------------------------------------

       Resource Type :      Count : Avg Inputs : Avg Outputs
    ========================================================
                 UDB :         14 :      10.79 :       5.79
<CYPRESSTAG name="Final Placement Details">
<CYPRESSTAG name="Component Details">

------------------------------------------------------------
Component Placement Details
------------------------------------------------------------
UDB [UDB=(0,0)] is empty.
UDB [UDB=(0,1)] is empty.
UDB [UDB=(0,2)] is empty.
UDB [UDB=(0,3)] is empty.
UDB [UDB=(0,4)] contents:
LAB@[UDB=(0,4)][LB=0] #macrocells=4, #inputs=4, #pterms=4
{
    [McSlotId=0]:     MacroCell: Name=\ENGINE_DECODER:bQuadDec:quad_A_delayed_0\, Mode=(D-Register) @ [UDB=(0,4)][LB=0][MC=0]
        Total # of inputs        : 1
        Total # of product terms : 1
        List of special equations: 
            Clock  = (Net_2319) => Global
            Clock Enable: True
        Main Equation            : 1 pterm
        (
              Net_3908
        );
        Output = \ENGINE_DECODER:bQuadDec:quad_A_delayed_0\ (fanout=2)
        Properties               : 
        {
        }

    [McSlotId=1]:     MacroCell: Name=\ENGINE_PWM:PWMUDB:status_2\, Mode=(Combinatorial) @ [UDB=(0,4)][LB=0][MC=1]
        Total # of inputs        : 2
        Total # of product terms : 1
            Clock Enable: True
        Main Equation            : 1 pterm
        (
              \ENGINE_PWM:PWMUDB:runmode_enable\ * \ENGINE_PWM:PWMUDB:tc_i\
        );
        Output = \ENGINE_PWM:PWMUDB:status_2\ (fanout=1)
        Properties               : 
        {
        }

    [McSlotId=2]:     MacroCell: Name=Net_4126, Mode=(D-Register) @ [UDB=(0,4)][LB=0][MC=2]
        Total # of inputs        : 2
        Total # of product terms : 1
        List of special equations: 
            Clock  = (Net_2319) => Global
            Clock Enable: True
        Main Equation            : 1 pterm
        (
              \ENGINE_PWM:PWMUDB:runmode_enable\ * 
              \ENGINE_PWM:PWMUDB:cmp1_less\
        );
        Output = Net_4126 (fanout=1)
        Properties               : 
        {
        }

    [McSlotId=3]:     MacroCell: Name=\ENGINE_PWM:PWMUDB:prevCompare1\, Mode=(D-Register) @ [UDB=(0,4)][LB=0][MC=3]
        Total # of inputs        : 1
        Total # of product terms : 1
        List of special equations: 
            Clock  = (Net_2319) => Global
            Clock Enable: True
        Main Equation            : 1 pterm
        (
              \ENGINE_PWM:PWMUDB:cmp1_less\
        );
        Output = \ENGINE_PWM:PWMUDB:prevCompare1\ (fanout=1)
        Properties               : 
        {
        }
}

LAB@[UDB=(0,4)][LB=1] #macrocells=1, #inputs=2, #pterms=1
{
    [McSlotId=0]:     MacroCell: Name=\ENGINE_PWM:PWMUDB:status_0\, Mode=(D-Register) @ [UDB=(0,4)][LB=1][MC=0]
        Total # of inputs        : 2
        Total # of product terms : 1
        List of special equations: 
            Clock  = (Net_2319) => Global
            Clock Enable: True
        Main Equation            : 1 pterm
        (
              !\ENGINE_PWM:PWMUDB:prevCompare1\ * 
              \ENGINE_PWM:PWMUDB:cmp1_less\
        );
        Output = \ENGINE_PWM:PWMUDB:status_0\ (fanout=1)
        Properties               : 
        {
        }

    [McSlotId=1]: (empty)
    [McSlotId=2]: (empty)
    [McSlotId=3]: (empty)
}

datapathcell: Name =\ENGINE_PWM:PWMUDB:sP16:pwmdp:u1\
    PORT MAP (
        clock => Net_2319 ,
        cs_addr_2 => \ENGINE_PWM:PWMUDB:tc_i\ ,
        cs_addr_1 => \ENGINE_PWM:PWMUDB:runmode_enable\ ,
        cl0_comb => \ENGINE_PWM:PWMUDB:cmp1_less\ ,
        z0_comb => \ENGINE_PWM:PWMUDB:tc_i\ ,
        f1_blk_stat_comb => \ENGINE_PWM:PWMUDB:status_3\ ,
        chain_in => \ENGINE_PWM:PWMUDB:sP16:pwmdp:carry\ );
    Properties:
    {
        a0_init = "00000000"
        a1_init = "00000000"
        ce0_sync = 1
        ce1_sync = 1
        cl0_sync = 1
        cl1_sync = 1
        cmsb_sync = 1
        co_msb_sync = 1
        cy_dpconfig = "0000000001000000000000001100000001000000010000000000000011000000000000001100000000000000110000000000000011000000000000001100000011111111000000001111111111111111101011110000000000000100000011110000000000011000"
        d0_init = "00000000"
        d1_init = "00000000"
        f0_blk_sync = 1
        f0_bus_sync = 1
        f1_blk_sync = 1
        f1_bus_sync = 1
        ff0_sync = 1
        ff1_sync = 1
        ov_msb_sync = 1
        so_sync = 1
        z0_sync = 1
        z1_sync = 1
    }
    Clock Polarity: Active High
    Clock Enable: True
    Previous in chain : \ENGINE_PWM:PWMUDB:sP16:pwmdp:u0\

statusicell: Name =\ENGINE_PWM:PWMUDB:genblk8:stsreg\
    PORT MAP (
        clock => Net_2319 ,
        status_3 => \ENGINE_PWM:PWMUDB:status_3\ ,
        status_2 => \ENGINE_PWM:PWMUDB:status_2\ ,
        status_0 => \ENGINE_PWM:PWMUDB:status_0\ );
    Properties:
    {
        cy_force_order = 1
        cy_int_mask = "1111111"
        cy_md_select = "0100111"
    }
    Clock Polarity: Active High
    Clock Enable: True

controlcell: Name =\ENGINE_Direction:Sync:ctrl_reg\
    PORT MAP (
        control_7 => \ENGINE_Direction:control_7\ ,
        control_6 => \ENGINE_Direction:control_6\ ,
        control_5 => \ENGINE_Direction:control_5\ ,
        control_4 => \ENGINE_Direction:control_4\ ,
        control_3 => \ENGINE_Direction:control_3\ ,
        control_2 => \ENGINE_Direction:control_2\ ,
        control_1 => Net_4257 ,
        control_0 => Net_4260 );
    Properties:
    {
        cy_ctrl_mode_0 = "00000000"
        cy_ctrl_mode_1 = "00000000"
        cy_ext_reset = 0
        cy_force_order = 1
        cy_init_value = "00000000"
    }
    Clock Enable: True

UDB [UDB=(0,5)] is empty.
UDB [UDB=(1,0)] is empty.
UDB [UDB=(1,1)] is empty.
UDB [UDB=(1,2)] is empty.
UDB [UDB=(1,3)] is empty.
UDB [UDB=(1,4)] contents:
LAB@[UDB=(1,4)][LB=0] #macrocells=3, #inputs=3, #pterms=3
{
    [McSlotId=0]:     MacroCell: Name=\ENGINE_DECODER:Cnt16:CounterUDB:status_0\, Mode=(Combinatorial) @ [UDB=(1,4)][LB=0][MC=0]
        Total # of inputs        : 2
        Total # of product terms : 1
            Clock Enable: True
        Main Equation            : 1 pterm
        (
              \ENGINE_DECODER:Cnt16:CounterUDB:cmp_out_i\ * 
              !\ENGINE_DECODER:Cnt16:CounterUDB:prevCompare\
        );
        Output = \ENGINE_DECODER:Cnt16:CounterUDB:status_0\ (fanout=1)
        Properties               : 
        {
        }

    [McSlotId=1]:     MacroCell: Name=\ENGINE_PWM:PWMUDB:runmode_enable\, Mode=(D-Register) @ [UDB=(1,4)][LB=0][MC=1]
        Total # of inputs        : 1
        Total # of product terms : 1
        List of special equations: 
            Clock  = (Net_2319) => Global
            Clock Enable: True
        Main Equation            : 1 pterm
        (
              \ENGINE_PWM:PWMUDB:control_7\
        );
        Output = \ENGINE_PWM:PWMUDB:runmode_enable\ (fanout=4)
        Properties               : 
        {
        }

    [McSlotId=2]: (empty)
    [McSlotId=3]:     MacroCell: Name=\ENGINE_DECODER:Cnt16:CounterUDB:prevCompare\, Mode=(D-Register) @ [UDB=(1,4)][LB=0][MC=3]
        Total # of inputs        : 1
        Total # of product terms : 1
        List of special equations: 
            Clock  = (Net_2319) => Global
            Clock Enable: True
        Main Equation            : 1 pterm
        (
              \ENGINE_DECODER:Cnt16:CounterUDB:cmp_out_i\
        );
        Output = \ENGINE_DECODER:Cnt16:CounterUDB:prevCompare\ (fanout=3)
        Properties               : 
        {
        }
}

LAB@[UDB=(1,4)][LB=1] #macrocells=4, #inputs=12, #pterms=7
{
    [McSlotId=0]:     MacroCell: Name=\ENGINE_DECODER:Net_530\, Mode=(Combinatorial) @ [UDB=(1,4)][LB=1][MC=0]
        Total # of inputs        : 3
        Total # of product terms : 1
            Clock Enable: True
        Main Equation            : 1 pterm
        (
              \ENGINE_DECODER:Net_1275\ * \ENGINE_DECODER:Net_1251\ * 
              !\ENGINE_DECODER:Cnt16:CounterUDB:prevCompare\
        );
        Output = \ENGINE_DECODER:Net_530\ (fanout=1)
        Properties               : 
        {
        }

    [McSlotId=1]:     MacroCell: Name=\ENGINE_DECODER:Net_611\, Mode=(Combinatorial) @ [UDB=(1,4)][LB=1][MC=1]
        Total # of inputs        : 3
        Total # of product terms : 1
            Clock Enable: True
        Main Equation            : 1 pterm
        (
              \ENGINE_DECODER:Net_1275\ * !\ENGINE_DECODER:Net_1251\ * 
              !\ENGINE_DECODER:Cnt16:CounterUDB:prevCompare\
        );
        Output = \ENGINE_DECODER:Net_611\ (fanout=1)
        Properties               : 
        {
        }

    [McSlotId=2]:     MacroCell: Name=\ENGINE_DECODER:Net_1251\, Mode=(D-Register) @ [UDB=(1,4)][LB=1][MC=2]
        Total # of inputs        : 8
        Total # of product terms : 4
        List of special equations: 
            Clock  = (Net_2319) => Global
            Clock Enable: True
        Main Equation            : 4 pterms
        (
              \ENGINE_DECODER:Net_1251\ * !\ENGINE_DECODER:Net_1260\ * 
              !\ENGINE_DECODER:bQuadDec:quad_A_filt\ * 
              !\ENGINE_DECODER:bQuadDec:error\ * 
              !\ENGINE_DECODER:bQuadDec:state_0\
            + \ENGINE_DECODER:Net_1251\ * !\ENGINE_DECODER:Net_1260\ * 
              \ENGINE_DECODER:bQuadDec:quad_A_filt\ * 
              !\ENGINE_DECODER:bQuadDec:error\ * 
              \ENGINE_DECODER:bQuadDec:state_0\
            + \ENGINE_DECODER:Net_1251\ * !\ENGINE_DECODER:Net_1260\ * 
              !\ENGINE_DECODER:bQuadDec:quad_B_filt\ * 
              !\ENGINE_DECODER:bQuadDec:error\ * 
              \ENGINE_DECODER:bQuadDec:state_1\
            + \ENGINE_DECODER:Net_1251_split\
        );
        Output = \ENGINE_DECODER:Net_1251\ (fanout=6)
        Properties               : 
        {
        }

    [McSlotId=3]:     MacroCell: Name=\UART_PSOC:BUART:rx_status_4\, Mode=(Combinatorial) @ [UDB=(1,4)][LB=1][MC=3]
        Total # of inputs        : 2
        Total # of product terms : 1
            Clock Enable: True
        Main Equation            : 1 pterm
        (
              \UART_PSOC:BUART:rx_load_fifo\ * \UART_PSOC:BUART:rx_fifofull\
        );
        Output = \UART_PSOC:BUART:rx_status_4\ (fanout=1)
        Properties               : 
        {
        }
}

datapathcell: Name =\ENGINE_PWM:PWMUDB:sP16:pwmdp:u0\
    PORT MAP (
        clock => Net_2319 ,
        cs_addr_2 => \ENGINE_PWM:PWMUDB:tc_i\ ,
        cs_addr_1 => \ENGINE_PWM:PWMUDB:runmode_enable\ ,
        chain_out => \ENGINE_PWM:PWMUDB:sP16:pwmdp:carry\ );
    Properties:
    {
        a0_init = "00000000"
        a1_init = "00000000"
        ce0_sync = 1
        ce1_sync = 1
        cl0_sync = 1
        cl1_sync = 1
        cmsb_sync = 1
        co_msb_sync = 1
        cy_dpconfig = "0000000001000000000000001100000001000000010000000000000011000000000000001100000000000000110000000000000011000000000000001100000011111111000000001111111111111111101000000000000000000100000000000000000000011000"
        d0_init = "00000000"
        d1_init = "00000000"
        f0_blk_sync = 1
        f0_bus_sync = 1
        f1_blk_sync = 1
        f1_bus_sync = 1
        ff0_sync = 1
        ff1_sync = 1
        ov_msb_sync = 1
        so_sync = 1
        z0_sync = 1
        z1_sync = 1
    }
    Clock Polarity: Active High
    Clock Enable: True
    Next in chain : \ENGINE_PWM:PWMUDB:sP16:pwmdp:u1\

statusicell: Name =\ENGINE_DECODER:bQuadDec:Stsreg\
    PORT MAP (
        clock => Net_2319 ,
        status_3 => \ENGINE_DECODER:bQuadDec:error\ ,
        status_2 => \ENGINE_DECODER:Net_1260\ ,
        status_1 => \ENGINE_DECODER:Net_611\ ,
        status_0 => \ENGINE_DECODER:Net_530\ ,
        interrupt => Net_4256 );
    Properties:
    {
        cy_force_order = 1
        cy_int_mask = "0001111"
        cy_md_select = "0001111"
    }
    Clock Polarity: Active High
    Clock Enable: True

controlcell: Name =\ENGINE_PWM:PWMUDB:genblk1:ctrlreg\
    PORT MAP (
        clock => Net_2319 ,
        control_7 => \ENGINE_PWM:PWMUDB:control_7\ ,
        control_6 => \ENGINE_PWM:PWMUDB:control_6\ ,
        control_5 => \ENGINE_PWM:PWMUDB:control_5\ ,
        control_4 => \ENGINE_PWM:PWMUDB:control_4\ ,
        control_3 => \ENGINE_PWM:PWMUDB:control_3\ ,
        control_2 => \ENGINE_PWM:PWMUDB:control_2\ ,
        control_1 => \ENGINE_PWM:PWMUDB:control_1\ ,
        control_0 => \ENGINE_PWM:PWMUDB:control_0\ );
    Properties:
    {
        cy_ctrl_mode_0 = "11111111"
        cy_ctrl_mode_1 = "00000000"
        cy_ext_reset = 0
        cy_force_order = 1
        cy_init_value = "00000000"
    }
    Clock Polarity: Active High
    Clock Enable: True

UDB [UDB=(1,5)] is empty.
UDB [UDB=(2,0)] contents:
LAB@[UDB=(2,0)][LB=0] #macrocells=2, #inputs=8, #pterms=8
{
    [McSlotId=0]:     MacroCell: Name=\UART_LOG:BUART:txn\, Mode=(D-Register) @ [UDB=(2,0)][LB=0][MC=0]
        Total # of inputs        : 7
        Total # of product terms : 5
        List of special equations: 
            Clock  = (\UART_LOG:Net_9\) => Global
            Clock Enable: True
        Main Equation            : 5 pterms
        (
              \UART_LOG:BUART:txn\ * \UART_LOG:BUART:tx_state_1\ * 
              !\UART_LOG:BUART:tx_bitclk\
            + \UART_LOG:BUART:txn\ * \UART_LOG:BUART:tx_state_2\
            + !\UART_LOG:BUART:tx_state_1\ * \UART_LOG:BUART:tx_state_0\ * 
              !\UART_LOG:BUART:tx_shift_out\ * !\UART_LOG:BUART:tx_state_2\
            + !\UART_LOG:BUART:tx_state_1\ * \UART_LOG:BUART:tx_state_0\ * 
              !\UART_LOG:BUART:tx_state_2\ * !\UART_LOG:BUART:tx_bitclk\
            + \UART_LOG:BUART:tx_state_1\ * !\UART_LOG:BUART:tx_state_0\ * 
              !\UART_LOG:BUART:tx_shift_out\ * !\UART_LOG:BUART:tx_state_2\ * 
              !\UART_LOG:BUART:tx_counter_dp\ * \UART_LOG:BUART:tx_bitclk\
        );
        Output = \UART_LOG:BUART:txn\ (fanout=2)
        Properties               : 
        {
        }

    [McSlotId=1]:     MacroCell: Name=\UART_LOG:BUART:tx_state_1\, Mode=(T-Register) @ [UDB=(2,0)][LB=0][MC=1]
        Total # of inputs        : 6
        Total # of product terms : 3
        List of special equations: 
            Clock  = (\UART_LOG:Net_9\) => Global
            Clock Enable: True
        Main Equation            : 3 pterms
        (
              \UART_LOG:BUART:tx_state_1\ * \UART_LOG:BUART:tx_state_0\ * 
              \UART_LOG:BUART:tx_bitclk_enable_pre\ * 
              \UART_LOG:BUART:tx_state_2\
            + \UART_LOG:BUART:tx_state_1\ * !\UART_LOG:BUART:tx_state_2\ * 
              \UART_LOG:BUART:tx_counter_dp\ * \UART_LOG:BUART:tx_bitclk\
            + \UART_LOG:BUART:tx_state_0\ * !\UART_LOG:BUART:tx_state_2\ * 
              \UART_LOG:BUART:tx_bitclk\
        );
        Output = \UART_LOG:BUART:tx_state_1\ (fanout=8)
        Properties               : 
        {
        }

    [McSlotId=2]: (empty)
    [McSlotId=3]: (empty)
}

LAB@[UDB=(2,0)][LB=1] #macrocells=3, #inputs=7, #pterms=6
{
    [McSlotId=0]: (empty)
    [McSlotId=1]:     MacroCell: Name=\UART_LOG:BUART:tx_status_2\, Mode=(Combinatorial) @ [UDB=(2,0)][LB=1][MC=1]
        Total # of inputs        : 1
        Total # of product terms : 1
            Clock Enable: True
        Main Equation            : 1 pterm
        (
              !\UART_LOG:BUART:tx_fifo_notfull\
        );
        Output = \UART_LOG:BUART:tx_status_2\ (fanout=1)
        Properties               : 
        {
        }

    [McSlotId=2]:     MacroCell: Name=\UART_LOG:BUART:tx_status_0\, Mode=(Combinatorial) @ [UDB=(2,0)][LB=1][MC=2]
        Total # of inputs        : 5
        Total # of product terms : 1
            Clock Enable: True
        Main Equation            : 1 pterm
        (
              !\UART_LOG:BUART:tx_state_1\ * !\UART_LOG:BUART:tx_state_0\ * 
              \UART_LOG:BUART:tx_bitclk_enable_pre\ * 
              \UART_LOG:BUART:tx_fifo_empty\ * \UART_LOG:BUART:tx_state_2\
        );
        Output = \UART_LOG:BUART:tx_status_0\ (fanout=1)
        Properties               : 
        {
        }

    [McSlotId=3]:     MacroCell: Name=\UART_LOG:BUART:tx_state_0\, Mode=(T-Register) @ [UDB=(2,0)][LB=1][MC=3]
        Total # of inputs        : 6
        Total # of product terms : 4
        List of special equations: 
            Clock  = (\UART_LOG:Net_9\) => Global
            Clock Enable: True
        Main Equation            : 4 pterms
        (
              !\UART_LOG:BUART:tx_state_1\ * !\UART_LOG:BUART:tx_state_0\ * 
              \UART_LOG:BUART:tx_bitclk_enable_pre\ * 
              !\UART_LOG:BUART:tx_fifo_empty\
            + !\UART_LOG:BUART:tx_state_1\ * !\UART_LOG:BUART:tx_state_0\ * 
              !\UART_LOG:BUART:tx_fifo_empty\ * !\UART_LOG:BUART:tx_state_2\
            + \UART_LOG:BUART:tx_state_1\ * \UART_LOG:BUART:tx_state_0\ * 
              \UART_LOG:BUART:tx_bitclk_enable_pre\ * 
              \UART_LOG:BUART:tx_fifo_empty\ * \UART_LOG:BUART:tx_state_2\
            + \UART_LOG:BUART:tx_state_0\ * !\UART_LOG:BUART:tx_state_2\ * 
              \UART_LOG:BUART:tx_bitclk\
        );
        Output = \UART_LOG:BUART:tx_state_0\ (fanout=8)
        Properties               : 
        {
        }
}

datapathcell: Name =\UART_LOG:BUART:sTX:TxShifter:u0\
    PORT MAP (
        clock => \UART_LOG:Net_9\ ,
        cs_addr_2 => \UART_LOG:BUART:tx_state_1\ ,
        cs_addr_1 => \UART_LOG:BUART:tx_state_0\ ,
        cs_addr_0 => \UART_LOG:BUART:tx_bitclk_enable_pre\ ,
        so_comb => \UART_LOG:BUART:tx_shift_out\ ,
        f0_bus_stat_comb => \UART_LOG:BUART:tx_fifo_notfull\ ,
        f0_blk_stat_comb => \UART_LOG:BUART:tx_fifo_empty\ );
    Properties:
    {
        a0_init = "00000000"
        a1_init = "00000000"
        ce0_sync = 1
        ce1_sync = 1
        cl0_sync = 1
        cl1_sync = 1
        cmsb_sync = 1
        co_msb_sync = 1
        cy_dpconfig = "0000000000000000000000000000000000000000000000000000000011000000000000000000000000000010010000000000000000000000000000000000000011111111000000001111111111111111000000000000000001000100111100000000000000001100"
        d0_init = "00000000"
        d1_init = "00000000"
        f0_blk_sync = 1
        f0_bus_sync = 1
        f1_blk_sync = 1
        f1_bus_sync = 1
        ff0_sync = 1
        ff1_sync = 1
        ov_msb_sync = 1
        so_sync = 1
        z0_sync = 1
        z1_sync = 1
    }
    Clock Polarity: Active High
    Clock Enable: True

statusicell: Name =\UART_LOG:BUART:sTX:TxSts\
    PORT MAP (
        clock => \UART_LOG:Net_9\ ,
        status_3 => \UART_LOG:BUART:tx_fifo_notfull\ ,
        status_2 => \UART_LOG:BUART:tx_status_2\ ,
        status_1 => \UART_LOG:BUART:tx_fifo_empty\ ,
        status_0 => \UART_LOG:BUART:tx_status_0\ );
    Properties:
    {
        cy_force_order = 1
        cy_int_mask = "1111111"
        cy_md_select = "0000001"
    }
    Clock Polarity: Active High
    Clock Enable: True

UDB [UDB=(2,1)] contents:
LAB@[UDB=(2,1)][LB=0] #macrocells=4, #inputs=8, #pterms=7
{
    [McSlotId=0]:     MacroCell: Name=\ENGINE_DECODER:Net_1260\, Mode=(D-Register) @ [UDB=(2,1)][LB=0][MC=0]
        Total # of inputs        : 4
        Total # of product terms : 3
        List of special equations: 
            Clock  = (Net_2319) => Global
            Clock Enable: True
        Main Equation            : 3 pterms
        !(
              !\ENGINE_DECODER:Net_1260\ * !\ENGINE_DECODER:bQuadDec:error\
            + !\ENGINE_DECODER:Net_1260\ * !\ENGINE_DECODER:bQuadDec:state_1\ * 
              !\ENGINE_DECODER:bQuadDec:state_0\
            + !\ENGINE_DECODER:bQuadDec:error\ * 
              !\ENGINE_DECODER:bQuadDec:state_1\ * 
              !\ENGINE_DECODER:bQuadDec:state_0\
        );
        Output = \ENGINE_DECODER:Net_1260\ (fanout=10)
        Properties               : 
        {
        }

    [McSlotId=1]:     MacroCell: Name=\ENGINE_DECODER:bQuadDec:quad_A_filt\, Mode=(T-Register) @ [UDB=(2,1)][LB=0][MC=1]
        Total # of inputs        : 4
        Total # of product terms : 2
        List of special equations: 
            Clock  = (Net_2319) => Global
            Clock Enable: True
        Main Equation            : 2 pterms
        (
              !\ENGINE_DECODER:bQuadDec:quad_A_delayed_0\ * 
              !\ENGINE_DECODER:bQuadDec:quad_A_delayed_1\ * 
              !\ENGINE_DECODER:bQuadDec:quad_A_delayed_2\ * 
              \ENGINE_DECODER:bQuadDec:quad_A_filt\
            + \ENGINE_DECODER:bQuadDec:quad_A_delayed_0\ * 
              \ENGINE_DECODER:bQuadDec:quad_A_delayed_1\ * 
              \ENGINE_DECODER:bQuadDec:quad_A_delayed_2\ * 
              !\ENGINE_DECODER:bQuadDec:quad_A_filt\
        );
        Output = \ENGINE_DECODER:bQuadDec:quad_A_filt\ (fanout=7)
        Properties               : 
        {
        }

    [McSlotId=2]:     MacroCell: Name=\ENGINE_DECODER:bQuadDec:quad_A_delayed_2\, Mode=(D-Register) @ [UDB=(2,1)][LB=0][MC=2]
        Total # of inputs        : 1
        Total # of product terms : 1
        List of special equations: 
            Clock  = (Net_2319) => Global
            Clock Enable: True
        Main Equation            : 1 pterm
        (
              \ENGINE_DECODER:bQuadDec:quad_A_delayed_1\
        );
        Output = \ENGINE_DECODER:bQuadDec:quad_A_delayed_2\ (fanout=1)
        Properties               : 
        {
        }

    [McSlotId=3]:     MacroCell: Name=\ENGINE_DECODER:bQuadDec:quad_A_delayed_1\, Mode=(D-Register) @ [UDB=(2,1)][LB=0][MC=3]
        Total # of inputs        : 1
        Total # of product terms : 1
        List of special equations: 
            Clock  = (Net_2319) => Global
            Clock Enable: True
        Main Equation            : 1 pterm
        (
              \ENGINE_DECODER:bQuadDec:quad_A_delayed_0\
        );
        Output = \ENGINE_DECODER:bQuadDec:quad_A_delayed_1\ (fanout=2)
        Properties               : 
        {
        }
}

LAB@[UDB=(2,1)][LB=1] #macrocells=3, #inputs=4, #pterms=3
{
    [McSlotId=0]:     MacroCell: Name=Net_4090, Mode=(Combinatorial) @ [UDB=(2,1)][LB=1][MC=0]
        Total # of inputs        : 1
        Total # of product terms : 1
            Clock Enable: True
        Main Equation            : 1 pterm
        (
              !\UART_LOG:BUART:txn\
        );
        Output = Net_4090 (fanout=1)
        Properties               : 
        {
        }

    [McSlotId=1]:     MacroCell: Name=\UART_PSOC:BUART:rx_status_5\, Mode=(Combinatorial) @ [UDB=(2,1)][LB=1][MC=1]
        Total # of inputs        : 2
        Total # of product terms : 1
            Clock Enable: True
        Main Equation            : 1 pterm
        (
              \UART_PSOC:BUART:rx_fifonotempty\ * 
              \UART_PSOC:BUART:rx_state_stop1_reg\
        );
        Output = \UART_PSOC:BUART:rx_status_5\ (fanout=1)
        Properties               : 
        {
        }

    [McSlotId=2]: (empty)
    [McSlotId=3]:     MacroCell: Name=\UART_PSOC:BUART:tx_status_2\, Mode=(Combinatorial) @ [UDB=(2,1)][LB=1][MC=3]
        Total # of inputs        : 1
        Total # of product terms : 1
            Clock Enable: True
        Main Equation            : 1 pterm
        (
              !\UART_PSOC:BUART:tx_fifo_notfull\
        );
        Output = \UART_PSOC:BUART:tx_status_2\ (fanout=1)
        Properties               : 
        {
        }
}

statusicell: Name =\UART_PSOC:BUART:sRX:RxSts\
    PORT MAP (
        clock => \UART_PSOC:Net_9\ ,
        status_5 => \UART_PSOC:BUART:rx_status_5\ ,
        status_4 => \UART_PSOC:BUART:rx_status_4\ ,
        status_3 => \UART_PSOC:BUART:rx_status_3\ ,
        interrupt => Net_4111 );
    Properties:
    {
        cy_force_order = 1
        cy_int_mask = "1111111"
        cy_md_select = "1011111"
    }
    Clock Polarity: Active High
    Clock Enable: True

UDB [UDB=(2,2)] contents:
LAB@[UDB=(2,2)][LB=0] #macrocells=4, #inputs=4, #pterms=4
{
    [McSlotId=0]:     MacroCell: Name=\ENGINE_DECODER:Cnt16:CounterUDB:reload\, Mode=(Combinatorial) @ [UDB=(2,2)][LB=0][MC=0]
        Total # of inputs        : 3
        Total # of product terms : 1
            Clock Enable: True
        Main Equation            : 1 pterm
        !(
              !\ENGINE_DECODER:Net_1260\ * 
              !\ENGINE_DECODER:Cnt16:CounterUDB:status_1\ * 
              !\ENGINE_DECODER:Cnt16:CounterUDB:overflow\
        );
        Output = \ENGINE_DECODER:Cnt16:CounterUDB:reload\ (fanout=2)
        Properties               : 
        {
        }

    [McSlotId=1]:     MacroCell: Name=\ENGINE_DECODER:Net_1275\, Mode=(D-Register) @ [UDB=(2,2)][LB=0][MC=1]
        Total # of inputs        : 2
        Total # of product terms : 1
        List of special equations: 
            Clock  = (Net_2319) => Global
            Clock Enable: True
        Main Equation            : 1 pterm
        !(
              !\ENGINE_DECODER:Cnt16:CounterUDB:status_1\ * 
              !\ENGINE_DECODER:Cnt16:CounterUDB:overflow\
        );
        Output = \ENGINE_DECODER:Net_1275\ (fanout=2)
        Properties               : 
        {
        }

    [McSlotId=2]:     MacroCell: Name=\ENGINE_DECODER:Cnt16:CounterUDB:overflow_reg_i\, Mode=(D-Register) @ [UDB=(2,2)][LB=0][MC=2]
        Total # of inputs        : 1
        Total # of product terms : 1
        List of special equations: 
            Clock  = (Net_2319) => Global
            Clock Enable: True
        Main Equation            : 1 pterm
        (
              \ENGINE_DECODER:Cnt16:CounterUDB:overflow\
        );
        Output = \ENGINE_DECODER:Cnt16:CounterUDB:overflow_reg_i\ (fanout=1)
        Properties               : 
        {
        }

    [McSlotId=3]:     MacroCell: Name=\ENGINE_DECODER:Cnt16:CounterUDB:status_2\, Mode=(Combinatorial) @ [UDB=(2,2)][LB=0][MC=3]
        Total # of inputs        : 2
        Total # of product terms : 1
            Clock Enable: True
        Main Equation            : 1 pterm
        (
              \ENGINE_DECODER:Cnt16:CounterUDB:overflow\ * 
              !\ENGINE_DECODER:Cnt16:CounterUDB:overflow_reg_i\
        );
        Output = \ENGINE_DECODER:Cnt16:CounterUDB:status_2\ (fanout=1)
        Properties               : 
        {
        }
}

LAB@[UDB=(2,2)][LB=1] #macrocells=1, #inputs=7, #pterms=8
{
    [McSlotId=0]:     MacroCell: Name=\ENGINE_DECODER:Net_1251_split\, Mode=(Combinatorial) @ [UDB=(2,2)][LB=1][MC=0]
        Total # of inputs        : 7
        Total # of product terms : 8
            Clock Enable: True
        Main Equation            : 8 pterms
        (
              \ENGINE_DECODER:Net_1251\ * !\ENGINE_DECODER:Net_1260\ * 
              \ENGINE_DECODER:bQuadDec:quad_B_filt\ * 
              !\ENGINE_DECODER:bQuadDec:error\ * 
              !\ENGINE_DECODER:bQuadDec:state_1\
            + \ENGINE_DECODER:Net_1251\ * !\ENGINE_DECODER:Net_1260\ * 
              \ENGINE_DECODER:bQuadDec:error\ * 
              !\ENGINE_DECODER:bQuadDec:state_1\ * 
              !\ENGINE_DECODER:bQuadDec:state_0\
            + \ENGINE_DECODER:Net_1251\ * 
              !\ENGINE_DECODER:bQuadDec:quad_A_filt\ * 
              !\ENGINE_DECODER:bQuadDec:error\ * 
              !\ENGINE_DECODER:bQuadDec:state_1\ * 
              !\ENGINE_DECODER:bQuadDec:state_0\
            + \ENGINE_DECODER:Net_1251\ * 
              \ENGINE_DECODER:bQuadDec:quad_B_filt\ * 
              !\ENGINE_DECODER:bQuadDec:error\ * 
              !\ENGINE_DECODER:bQuadDec:state_1\ * 
              !\ENGINE_DECODER:bQuadDec:state_0\
            + !\ENGINE_DECODER:Net_1260\ * 
              !\ENGINE_DECODER:bQuadDec:quad_A_filt\ * 
              !\ENGINE_DECODER:bQuadDec:quad_B_filt\ * 
              !\ENGINE_DECODER:bQuadDec:error\ * 
              \ENGINE_DECODER:bQuadDec:state_1\ * 
              !\ENGINE_DECODER:bQuadDec:state_0\
            + !\ENGINE_DECODER:Net_1260\ * 
              \ENGINE_DECODER:bQuadDec:quad_A_filt\ * 
              !\ENGINE_DECODER:bQuadDec:quad_B_filt\ * 
              !\ENGINE_DECODER:bQuadDec:error\ * 
              \ENGINE_DECODER:bQuadDec:state_1\ * 
              \ENGINE_DECODER:bQuadDec:state_0\
            + !\ENGINE_DECODER:Net_1260\ * 
              \ENGINE_DECODER:bQuadDec:quad_A_filt\ * 
              \ENGINE_DECODER:bQuadDec:quad_B_filt\ * 
              !\ENGINE_DECODER:bQuadDec:error\ * 
              !\ENGINE_DECODER:bQuadDec:state_1\ * 
              \ENGINE_DECODER:bQuadDec:state_0\
            + !\ENGINE_DECODER:bQuadDec:quad_A_filt\ * 
              \ENGINE_DECODER:bQuadDec:quad_B_filt\ * 
              !\ENGINE_DECODER:bQuadDec:error\ * 
              !\ENGINE_DECODER:bQuadDec:state_1\ * 
              !\ENGINE_DECODER:bQuadDec:state_0\
        );
        Output = \ENGINE_DECODER:Net_1251_split\ (fanout=1)
        Properties               : 
        {
        }

    [McSlotId=1]: (empty)
    [McSlotId=2]: (empty)
    [McSlotId=3]: (empty)
}

datapathcell: Name =\ENGINE_DECODER:Cnt16:CounterUDB:sC16:counterdp:u1\
    PORT MAP (
        clock => Net_2319 ,
        cs_addr_2 => \ENGINE_DECODER:Net_1251\ ,
        cs_addr_1 => \ENGINE_DECODER:Cnt16:CounterUDB:count_enable\ ,
        cs_addr_0 => \ENGINE_DECODER:Cnt16:CounterUDB:reload\ ,
        z0_comb => \ENGINE_DECODER:Cnt16:CounterUDB:status_1\ ,
        f0_comb => \ENGINE_DECODER:Cnt16:CounterUDB:overflow\ ,
        ce1_comb => \ENGINE_DECODER:Cnt16:CounterUDB:cmp_out_i\ ,
        f0_bus_stat_comb => \ENGINE_DECODER:Cnt16:CounterUDB:status_6\ ,
        f0_blk_stat_comb => \ENGINE_DECODER:Cnt16:CounterUDB:status_5\ ,
        chain_in => \ENGINE_DECODER:Cnt16:CounterUDB:sC16:counterdp:carry\ );
    Properties:
    {
        a0_init = "00000000"
        a1_init = "00000000"
        ce0_sync = 1
        ce1_sync = 1
        cl0_sync = 1
        cl1_sync = 1
        cmsb_sync = 1
        co_msb_sync = 1
        cy_dpconfig = "0000000001000000000000001000000001000000010000000000000010000000000000000100000000000000100000000010000001000000000000001000000011111111000000001111111111111111101011110000000000000001000001110000000000011000"
        d0_init = "00000000"
        d1_init = "00000000"
        f0_blk_sync = 1
        f0_bus_sync = 1
        f1_blk_sync = 1
        f1_bus_sync = 1
        ff0_sync = 1
        ff1_sync = 1
        ov_msb_sync = 1
        so_sync = 1
        z0_sync = 1
        z1_sync = 1
    }
    Clock Polarity: Active High
    Clock Enable: True
    Previous in chain : \ENGINE_DECODER:Cnt16:CounterUDB:sC16:counterdp:u0\

statusicell: Name =\ENGINE_DECODER:Cnt16:CounterUDB:sSTSReg:stsreg\
    PORT MAP (
        reset => \ENGINE_DECODER:Net_1260\ ,
        clock => Net_2319 ,
        status_6 => \ENGINE_DECODER:Cnt16:CounterUDB:status_6\ ,
        status_5 => \ENGINE_DECODER:Cnt16:CounterUDB:status_5\ ,
        status_3 => \ENGINE_DECODER:Cnt16:CounterUDB:status_3\ ,
        status_2 => \ENGINE_DECODER:Cnt16:CounterUDB:status_2\ ,
        status_1 => \ENGINE_DECODER:Cnt16:CounterUDB:status_1\ ,
        status_0 => \ENGINE_DECODER:Cnt16:CounterUDB:status_0\ );
    Properties:
    {
        cy_force_order = 1
        cy_int_mask = "1111111"
        cy_md_select = "0011111"
    }
    Clock Polarity: Active High
    Clock Enable: True

UDB [UDB=(2,3)] contents:
LAB@[UDB=(2,3)][LB=0] #macrocells=2, #inputs=7, #pterms=6
{
    [McSlotId=0]: (empty)
    [McSlotId=1]: (empty)
    [McSlotId=2]:     MacroCell: Name=Net_4105, Mode=(Combinatorial) @ [UDB=(2,3)][LB=0][MC=2]
        Total # of inputs        : 1
        Total # of product terms : 1
            Clock Enable: True
        Main Equation            : 1 pterm
        (
              !\UART_PSOC:BUART:txn\
        );
        Output = Net_4105 (fanout=1)
        Properties               : 
        {
        }

    [McSlotId=3]:     MacroCell: Name=\UART_PSOC:BUART:txn\, Mode=(D-Register) @ [UDB=(2,3)][LB=0][MC=3]
        Total # of inputs        : 7
        Total # of product terms : 5
        List of special equations: 
            Clock  = (\UART_PSOC:Net_9\) => Global
            Clock Enable: True
        Main Equation            : 5 pterms
        (
              \UART_PSOC:BUART:txn\ * \UART_PSOC:BUART:tx_state_1\ * 
              !\UART_PSOC:BUART:tx_bitclk\
            + \UART_PSOC:BUART:txn\ * \UART_PSOC:BUART:tx_state_2\
            + !\UART_PSOC:BUART:tx_state_1\ * \UART_PSOC:BUART:tx_state_0\ * 
              !\UART_PSOC:BUART:tx_shift_out\ * !\UART_PSOC:BUART:tx_state_2\
            + !\UART_PSOC:BUART:tx_state_1\ * \UART_PSOC:BUART:tx_state_0\ * 
              !\UART_PSOC:BUART:tx_state_2\ * !\UART_PSOC:BUART:tx_bitclk\
            + \UART_PSOC:BUART:tx_state_1\ * !\UART_PSOC:BUART:tx_state_0\ * 
              !\UART_PSOC:BUART:tx_shift_out\ * !\UART_PSOC:BUART:tx_state_2\ * 
              !\UART_PSOC:BUART:tx_counter_dp\ * \UART_PSOC:BUART:tx_bitclk\
        );
        Output = \UART_PSOC:BUART:txn\ (fanout=2)
        Properties               : 
        {
        }
}

LAB@[UDB=(2,3)][LB=1] #macrocells=3, #inputs=6, #pterms=7
{
    [McSlotId=0]:     MacroCell: Name=\UART_PSOC:BUART:tx_bitclk\, Mode=(D-Register) @ [UDB=(2,3)][LB=1][MC=0]
        Total # of inputs        : 4
        Total # of product terms : 2
        List of special equations: 
            Clock  = (\UART_PSOC:Net_9\) => Global
            Clock Enable: True
        Main Equation            : 2 pterms
        !(
              !\UART_PSOC:BUART:tx_state_1\ * !\UART_PSOC:BUART:tx_state_0\ * 
              \UART_PSOC:BUART:tx_state_2\
            + !\UART_PSOC:BUART:tx_bitclk_enable_pre\
        );
        Output = \UART_PSOC:BUART:tx_bitclk\ (fanout=4)
        Properties               : 
        {
        }

    [McSlotId=1]:     MacroCell: Name=\UART_PSOC:BUART:tx_state_0\, Mode=(T-Register) @ [UDB=(2,3)][LB=1][MC=1]
        Total # of inputs        : 6
        Total # of product terms : 4
        List of special equations: 
            Clock  = (\UART_PSOC:Net_9\) => Global
            Clock Enable: True
        Main Equation            : 4 pterms
        (
              !\UART_PSOC:BUART:tx_state_1\ * !\UART_PSOC:BUART:tx_state_0\ * 
              \UART_PSOC:BUART:tx_bitclk_enable_pre\ * 
              !\UART_PSOC:BUART:tx_fifo_empty\
            + !\UART_PSOC:BUART:tx_state_1\ * !\UART_PSOC:BUART:tx_state_0\ * 
              !\UART_PSOC:BUART:tx_fifo_empty\ * 
              !\UART_PSOC:BUART:tx_state_2\
            + \UART_PSOC:BUART:tx_state_1\ * \UART_PSOC:BUART:tx_state_0\ * 
              \UART_PSOC:BUART:tx_bitclk_enable_pre\ * 
              \UART_PSOC:BUART:tx_fifo_empty\ * \UART_PSOC:BUART:tx_state_2\
            + \UART_PSOC:BUART:tx_state_0\ * !\UART_PSOC:BUART:tx_state_2\ * 
              \UART_PSOC:BUART:tx_bitclk\
        );
        Output = \UART_PSOC:BUART:tx_state_0\ (fanout=8)
        Properties               : 
        {
        }

    [McSlotId=2]:     MacroCell: Name=\UART_PSOC:BUART:tx_status_0\, Mode=(Combinatorial) @ [UDB=(2,3)][LB=1][MC=2]
        Total # of inputs        : 5
        Total # of product terms : 1
            Clock Enable: True
        Main Equation            : 1 pterm
        (
              !\UART_PSOC:BUART:tx_state_1\ * !\UART_PSOC:BUART:tx_state_0\ * 
              \UART_PSOC:BUART:tx_bitclk_enable_pre\ * 
              \UART_PSOC:BUART:tx_fifo_empty\ * \UART_PSOC:BUART:tx_state_2\
        );
        Output = \UART_PSOC:BUART:tx_status_0\ (fanout=1)
        Properties               : 
        {
        }

    [McSlotId=3]: (empty)
}

datapathcell: Name =\UART_PSOC:BUART:sTX:TxShifter:u0\
    PORT MAP (
        clock => \UART_PSOC:Net_9\ ,
        cs_addr_2 => \UART_PSOC:BUART:tx_state_1\ ,
        cs_addr_1 => \UART_PSOC:BUART:tx_state_0\ ,
        cs_addr_0 => \UART_PSOC:BUART:tx_bitclk_enable_pre\ ,
        so_comb => \UART_PSOC:BUART:tx_shift_out\ ,
        f0_bus_stat_comb => \UART_PSOC:BUART:tx_fifo_notfull\ ,
        f0_blk_stat_comb => \UART_PSOC:BUART:tx_fifo_empty\ );
    Properties:
    {
        a0_init = "00000000"
        a1_init = "00000000"
        ce0_sync = 1
        ce1_sync = 1
        cl0_sync = 1
        cl1_sync = 1
        cmsb_sync = 1
        co_msb_sync = 1
        cy_dpconfig = "0000000000000000000000000000000000000000000000000000000011000000000000000000000000000010010000000000000000000000000000000000000011111111000000001111111111111111000000000000000001000100111100000000000000001100"
        d0_init = "00000000"
        d1_init = "00000000"
        f0_blk_sync = 1
        f0_bus_sync = 1
        f1_blk_sync = 1
        f1_bus_sync = 1
        ff0_sync = 1
        ff1_sync = 1
        ov_msb_sync = 1
        so_sync = 1
        z0_sync = 1
        z1_sync = 1
    }
    Clock Polarity: Active High
    Clock Enable: True

statusicell: Name =\UART_PSOC:BUART:sTX:TxSts\
    PORT MAP (
        clock => \UART_PSOC:Net_9\ ,
        status_3 => \UART_PSOC:BUART:tx_fifo_notfull\ ,
        status_2 => \UART_PSOC:BUART:tx_status_2\ ,
        status_1 => \UART_PSOC:BUART:tx_fifo_empty\ ,
        status_0 => \UART_PSOC:BUART:tx_status_0\ ,
        interrupt => Net_4110 );
    Properties:
    {
        cy_force_order = 1
        cy_int_mask = "1111111"
        cy_md_select = "0000001"
    }
    Clock Polarity: Active High
    Clock Enable: True

UDB [UDB=(2,4)] contents:
LAB@[UDB=(2,4)][LB=0] #macrocells=4, #inputs=5, #pterms=8
{
    [McSlotId=0]:     MacroCell: Name=\UART_PSOC:BUART:pollcount_1\, Mode=(D-Register) @ [UDB=(2,4)][LB=0][MC=0]
        Total # of inputs        : 5
        Total # of product terms : 3
        List of special equations: 
            Clock  = (\UART_PSOC:Net_9\) => Global
            Clock Enable: True
        Main Equation            : 3 pterms
        (
              !\UART_PSOC:BUART:rx_count_2\ * !\UART_PSOC:BUART:rx_count_1\ * 
              !\UART_PSOC:BUART:pollcount_1\ * \UART_PSOC:BUART:pollcount_0\ * 
              Net_4103_SYNCOUT
            + !\UART_PSOC:BUART:rx_count_2\ * !\UART_PSOC:BUART:rx_count_1\ * 
              \UART_PSOC:BUART:pollcount_1\ * !\UART_PSOC:BUART:pollcount_0\
            + !\UART_PSOC:BUART:rx_count_2\ * !\UART_PSOC:BUART:rx_count_1\ * 
              \UART_PSOC:BUART:pollcount_1\ * !Net_4103_SYNCOUT
        );
        Output = \UART_PSOC:BUART:pollcount_1\ (fanout=4)
        Properties               : 
        {
        }

    [McSlotId=1]:     MacroCell: Name=\UART_PSOC:BUART:rx_postpoll\, Mode=(Combinatorial) @ [UDB=(2,4)][LB=0][MC=1]
        Total # of inputs        : 3
        Total # of product terms : 2
            Clock Enable: True
        Main Equation            : 2 pterms
        (
              \UART_PSOC:BUART:pollcount_1\
            + \UART_PSOC:BUART:pollcount_0\ * Net_4103_SYNCOUT
        );
        Output = \UART_PSOC:BUART:rx_postpoll\ (fanout=1)
        Properties               : 
        {
        }

    [McSlotId=2]:     MacroCell: Name=\UART_PSOC:BUART:rx_last\, Mode=(D-Register) @ [UDB=(2,4)][LB=0][MC=2]
        Total # of inputs        : 1
        Total # of product terms : 1
        List of special equations: 
            Clock  = (\UART_PSOC:Net_9\) => Global
            Clock Enable: True
        Main Equation            : 1 pterm
        (
              Net_4103_SYNCOUT
        );
        Output = \UART_PSOC:BUART:rx_last\ (fanout=1)
        Properties               : 
        {
        }

    [McSlotId=3]:     MacroCell: Name=\UART_PSOC:BUART:pollcount_0\, Mode=(D-Register) @ [UDB=(2,4)][LB=0][MC=3]
        Total # of inputs        : 4
        Total # of product terms : 2
        List of special equations: 
            Clock  = (\UART_PSOC:Net_9\) => Global
            Clock Enable: True
        Main Equation            : 2 pterms
        (
              !\UART_PSOC:BUART:rx_count_2\ * !\UART_PSOC:BUART:rx_count_1\ * 
              !\UART_PSOC:BUART:pollcount_0\ * Net_4103_SYNCOUT
            + !\UART_PSOC:BUART:rx_count_2\ * !\UART_PSOC:BUART:rx_count_1\ * 
              \UART_PSOC:BUART:pollcount_0\ * !Net_4103_SYNCOUT
        );
        Output = \UART_PSOC:BUART:pollcount_0\ (fanout=5)
        Properties               : 
        {
        }
}

LAB@[UDB=(2,4)][LB=1] #macrocells=4, #inputs=5, #pterms=8
{
    [McSlotId=0]:     MacroCell: Name=MODIN1_0, Mode=(D-Register) @ [UDB=(2,4)][LB=1][MC=0]
        Total # of inputs        : 4
        Total # of product terms : 2
        List of special equations: 
            Clock  = (\UART_LOG:Net_9\) => Global
            Clock Enable: True
        Main Equation            : 2 pterms
        (
              !\UART_LOG:BUART:rx_count_2\ * !\UART_LOG:BUART:rx_count_1\ * 
              !MODIN1_0 * Net_4091_SYNCOUT
            + !\UART_LOG:BUART:rx_count_2\ * !\UART_LOG:BUART:rx_count_1\ * 
              MODIN1_0 * !Net_4091_SYNCOUT
        );
        Output = MODIN1_0 (fanout=5)
        Properties               : 
        {
        }

    [McSlotId=1]:     MacroCell: Name=\UART_LOG:BUART:rx_postpoll\, Mode=(Combinatorial) @ [UDB=(2,4)][LB=1][MC=1]
        Total # of inputs        : 3
        Total # of product terms : 2
            Clock Enable: True
        Main Equation            : 2 pterms
        (
              MODIN1_1
            + MODIN1_0 * Net_4091_SYNCOUT
        );
        Output = \UART_LOG:BUART:rx_postpoll\ (fanout=1)
        Properties               : 
        {
        }

    [McSlotId=2]:     MacroCell: Name=\UART_LOG:BUART:rx_last\, Mode=(D-Register) @ [UDB=(2,4)][LB=1][MC=2]
        Total # of inputs        : 1
        Total # of product terms : 1
        List of special equations: 
            Clock  = (\UART_LOG:Net_9\) => Global
            Clock Enable: True
        Main Equation            : 1 pterm
        (
              Net_4091_SYNCOUT
        );
        Output = \UART_LOG:BUART:rx_last\ (fanout=1)
        Properties               : 
        {
        }

    [McSlotId=3]:     MacroCell: Name=MODIN1_1, Mode=(D-Register) @ [UDB=(2,4)][LB=1][MC=3]
        Total # of inputs        : 5
        Total # of product terms : 3
        List of special equations: 
            Clock  = (\UART_LOG:Net_9\) => Global
            Clock Enable: True
        Main Equation            : 3 pterms
        (
              !\UART_LOG:BUART:rx_count_2\ * !\UART_LOG:BUART:rx_count_1\ * 
              !MODIN1_1 * MODIN1_0 * Net_4091_SYNCOUT
            + !\UART_LOG:BUART:rx_count_2\ * !\UART_LOG:BUART:rx_count_1\ * 
              MODIN1_1 * !MODIN1_0
            + !\UART_LOG:BUART:rx_count_2\ * !\UART_LOG:BUART:rx_count_1\ * 
              MODIN1_1 * !Net_4091_SYNCOUT
        );
        Output = MODIN1_1 (fanout=4)
        Properties               : 
        {
        }
}

synccell: Name =PSOC_RX(0)_SYNC
    PORT MAP (
        in => Net_4103 ,
        out => Net_4103_SYNCOUT ,
        clock => ClockBlock_BUS_CLK );
    Properties:
    {
    }
    Clock Polarity: Active High
    Clock Enable: True

synccell: Name =DEBUG_RX(0)_SYNC
    PORT MAP (
        in => Net_4091 ,
        out => Net_4091_SYNCOUT ,
        clock => ClockBlock_BUS_CLK );
    Properties:
    {
    }
    Clock Polarity: Active High
    Clock Enable: True

UDB [UDB=(2,5)] contents:
LAB@[UDB=(2,5)][LB=0] #macrocells=4, #inputs=12, #pterms=8
{
    [McSlotId=0]:     MacroCell: Name=\UART_PSOC:BUART:rx_state_0\, Mode=(T-Register) @ [UDB=(2,5)][LB=0][MC=0]
        Total # of inputs        : 11
        Total # of product terms : 4
        List of special equations: 
            Clock  = (\UART_PSOC:Net_9\) => Global
            Clock Enable: True
        Main Equation            : 4 pterms
        (
              !\UART_PSOC:BUART:tx_ctrl_mark_last\ * 
              !\UART_PSOC:BUART:rx_state_0\ * 
              \UART_PSOC:BUART:rx_bitclk_enable\ * 
              !\UART_PSOC:BUART:rx_state_3\ * \UART_PSOC:BUART:rx_state_2\ * 
              !\UART_PSOC:BUART:pollcount_1\ * !\UART_PSOC:BUART:pollcount_0\
            + !\UART_PSOC:BUART:tx_ctrl_mark_last\ * 
              !\UART_PSOC:BUART:rx_state_0\ * 
              \UART_PSOC:BUART:rx_bitclk_enable\ * 
              !\UART_PSOC:BUART:rx_state_3\ * \UART_PSOC:BUART:rx_state_2\ * 
              !\UART_PSOC:BUART:pollcount_1\ * !Net_4103_SYNCOUT
            + !\UART_PSOC:BUART:tx_ctrl_mark_last\ * 
              \UART_PSOC:BUART:rx_state_0\ * !\UART_PSOC:BUART:rx_state_3\ * 
              !\UART_PSOC:BUART:rx_state_2\ * !\UART_PSOC:BUART:rx_count_6\ * 
              !\UART_PSOC:BUART:rx_count_5\
            + !\UART_PSOC:BUART:tx_ctrl_mark_last\ * 
              \UART_PSOC:BUART:rx_state_0\ * !\UART_PSOC:BUART:rx_state_3\ * 
              !\UART_PSOC:BUART:rx_state_2\ * !\UART_PSOC:BUART:rx_count_6\ * 
              !\UART_PSOC:BUART:rx_count_4\
        );
        Output = \UART_PSOC:BUART:rx_state_0\ (fanout=8)
        Properties               : 
        {
        }

    [McSlotId=1]:     MacroCell: Name=\UART_PSOC:BUART:rx_state_2\, Mode=(T-Register) @ [UDB=(2,5)][LB=0][MC=1]
        Total # of inputs        : 10
        Total # of product terms : 5
        List of special equations: 
            Clock  = (\UART_PSOC:Net_9\) => Global
            Clock Enable: True
        Main Equation            : 5 pterms
        (
              !\UART_PSOC:BUART:tx_ctrl_mark_last\ * 
              !\UART_PSOC:BUART:rx_state_0\ * 
              \UART_PSOC:BUART:rx_bitclk_enable\ * 
              \UART_PSOC:BUART:rx_state_3\
            + !\UART_PSOC:BUART:tx_ctrl_mark_last\ * 
              !\UART_PSOC:BUART:rx_state_0\ * 
              \UART_PSOC:BUART:rx_bitclk_enable\ * 
              \UART_PSOC:BUART:rx_state_2\
            + !\UART_PSOC:BUART:tx_ctrl_mark_last\ * 
              !\UART_PSOC:BUART:rx_state_0\ * !\UART_PSOC:BUART:rx_state_3\ * 
              !\UART_PSOC:BUART:rx_state_2\ * \UART_PSOC:BUART:rx_last\ * 
              !Net_4103_SYNCOUT
            + !\UART_PSOC:BUART:tx_ctrl_mark_last\ * 
              \UART_PSOC:BUART:rx_state_0\ * !\UART_PSOC:BUART:rx_state_3\ * 
              !\UART_PSOC:BUART:rx_state_2\ * !\UART_PSOC:BUART:rx_count_6\ * 
              !\UART_PSOC:BUART:rx_count_5\
            + !\UART_PSOC:BUART:tx_ctrl_mark_last\ * 
              \UART_PSOC:BUART:rx_state_0\ * !\UART_PSOC:BUART:rx_state_3\ * 
              !\UART_PSOC:BUART:rx_state_2\ * !\UART_PSOC:BUART:rx_count_6\ * 
              !\UART_PSOC:BUART:rx_count_4\
        );
        Output = \UART_PSOC:BUART:rx_state_2\ (fanout=7)
        Properties               : 
        {
        }

    [McSlotId=2]:     MacroCell: Name=\UART_PSOC:BUART:rx_state_3\, Mode=(T-Register) @ [UDB=(2,5)][LB=0][MC=2]
        Total # of inputs        : 8
        Total # of product terms : 3
        List of special equations: 
            Clock  = (\UART_PSOC:Net_9\) => Global
            Clock Enable: True
        Main Equation            : 3 pterms
        (
              !\UART_PSOC:BUART:tx_ctrl_mark_last\ * 
              !\UART_PSOC:BUART:rx_state_0\ * 
              \UART_PSOC:BUART:rx_bitclk_enable\ * 
              \UART_PSOC:BUART:rx_state_3\ * \UART_PSOC:BUART:rx_state_2\
            + !\UART_PSOC:BUART:tx_ctrl_mark_last\ * 
              \UART_PSOC:BUART:rx_state_0\ * !\UART_PSOC:BUART:rx_state_3\ * 
              !\UART_PSOC:BUART:rx_state_2\ * !\UART_PSOC:BUART:rx_count_6\ * 
              !\UART_PSOC:BUART:rx_count_5\
            + !\UART_PSOC:BUART:tx_ctrl_mark_last\ * 
              \UART_PSOC:BUART:rx_state_0\ * !\UART_PSOC:BUART:rx_state_3\ * 
              !\UART_PSOC:BUART:rx_state_2\ * !\UART_PSOC:BUART:rx_count_6\ * 
              !\UART_PSOC:BUART:rx_count_4\
        );
        Output = \UART_PSOC:BUART:rx_state_3\ (fanout=7)
        Properties               : 
        {
        }

    [McSlotId=3]:     MacroCell: Name=\UART_PSOC:BUART:tx_ctrl_mark_last\, Mode=(T-Register) @ [UDB=(2,5)][LB=0][MC=3]
        Total # of inputs        : 0
        Total # of product terms : 0
        List of special equations: 
            Clock  = (\UART_PSOC:Net_9\) => Global
            Clock Enable: True
        Main Equation            : 0 pterms
        (
            0
        );
        Output = \UART_PSOC:BUART:tx_ctrl_mark_last\ (fanout=8)
        Properties               : 
        {
        }
}

LAB@[UDB=(2,5)][LB=1] #macrocells=4, #inputs=11, #pterms=7
{
    [McSlotId=0]:     MacroCell: Name=\UART_PSOC:BUART:rx_status_3\, Mode=(D-Register) @ [UDB=(2,5)][LB=1][MC=0]
        Total # of inputs        : 8
        Total # of product terms : 2
        List of special equations: 
            Clock  = (\UART_PSOC:Net_9\) => Global
            Clock Enable: True
        Main Equation            : 2 pterms
        (
              !\UART_PSOC:BUART:tx_ctrl_mark_last\ * 
              !\UART_PSOC:BUART:rx_state_0\ * 
              \UART_PSOC:BUART:rx_bitclk_enable\ * 
              \UART_PSOC:BUART:rx_state_3\ * \UART_PSOC:BUART:rx_state_2\ * 
              !\UART_PSOC:BUART:pollcount_1\ * !\UART_PSOC:BUART:pollcount_0\
            + !\UART_PSOC:BUART:tx_ctrl_mark_last\ * 
              !\UART_PSOC:BUART:rx_state_0\ * 
              \UART_PSOC:BUART:rx_bitclk_enable\ * 
              \UART_PSOC:BUART:rx_state_3\ * \UART_PSOC:BUART:rx_state_2\ * 
              !\UART_PSOC:BUART:pollcount_1\ * !Net_4103_SYNCOUT
        );
        Output = \UART_PSOC:BUART:rx_status_3\ (fanout=1)
        Properties               : 
        {
        }

    [McSlotId=1]:     MacroCell: Name=\UART_PSOC:BUART:rx_state_stop1_reg\, Mode=(D-Register) @ [UDB=(2,5)][LB=1][MC=1]
        Total # of inputs        : 4
        Total # of product terms : 1
        List of special equations: 
            Clock  = (\UART_PSOC:Net_9\) => Global
            Clock Enable: True
        Main Equation            : 1 pterm
        !(
              !\UART_PSOC:BUART:tx_ctrl_mark_last\ * 
              !\UART_PSOC:BUART:rx_state_0\ * \UART_PSOC:BUART:rx_state_3\ * 
              \UART_PSOC:BUART:rx_state_2\
        );
        Output = \UART_PSOC:BUART:rx_state_stop1_reg\ (fanout=1)
        Properties               : 
        {
        }

    [McSlotId=2]:     MacroCell: Name=\UART_PSOC:BUART:rx_load_fifo\, Mode=(D-Register) @ [UDB=(2,5)][LB=1][MC=2]
        Total # of inputs        : 8
        Total # of product terms : 3
        List of special equations: 
            Clock  = (\UART_PSOC:Net_9\) => Global
            Clock Enable: True
        Main Equation            : 3 pterms
        (
              !\UART_PSOC:BUART:tx_ctrl_mark_last\ * 
              !\UART_PSOC:BUART:rx_state_0\ * 
              \UART_PSOC:BUART:rx_bitclk_enable\ * 
              \UART_PSOC:BUART:rx_state_3\ * !\UART_PSOC:BUART:rx_state_2\
            + !\UART_PSOC:BUART:tx_ctrl_mark_last\ * 
              \UART_PSOC:BUART:rx_state_0\ * !\UART_PSOC:BUART:rx_state_3\ * 
              !\UART_PSOC:BUART:rx_state_2\ * !\UART_PSOC:BUART:rx_count_6\ * 
              !\UART_PSOC:BUART:rx_count_5\
            + !\UART_PSOC:BUART:tx_ctrl_mark_last\ * 
              \UART_PSOC:BUART:rx_state_0\ * !\UART_PSOC:BUART:rx_state_3\ * 
              !\UART_PSOC:BUART:rx_state_2\ * !\UART_PSOC:BUART:rx_count_6\ * 
              !\UART_PSOC:BUART:rx_count_4\
        );
        Output = \UART_PSOC:BUART:rx_load_fifo\ (fanout=2)
        Properties               : 
        {
        }

    [McSlotId=3]:     MacroCell: Name=\UART_PSOC:BUART:rx_counter_load\, Mode=(Combinatorial) @ [UDB=(2,5)][LB=1][MC=3]
        Total # of inputs        : 4
        Total # of product terms : 1
            Clock Enable: True
        Main Equation            : 1 pterm
        (
              !\UART_PSOC:BUART:tx_ctrl_mark_last\ * 
              !\UART_PSOC:BUART:rx_state_0\ * !\UART_PSOC:BUART:rx_state_3\ * 
              !\UART_PSOC:BUART:rx_state_2\
        );
        Output = \UART_PSOC:BUART:rx_counter_load\ (fanout=2)
        Properties               : 
        {
        }
}

datapathcell: Name =\UART_PSOC:BUART:sRX:RxShifter:u0\
    PORT MAP (
        clock => \UART_PSOC:Net_9\ ,
        cs_addr_2 => \UART_PSOC:BUART:tx_ctrl_mark_last\ ,
        cs_addr_1 => \UART_PSOC:BUART:rx_state_0\ ,
        cs_addr_0 => \UART_PSOC:BUART:rx_bitclk_enable\ ,
        route_si => \UART_PSOC:BUART:rx_postpoll\ ,
        f0_load => \UART_PSOC:BUART:rx_load_fifo\ ,
        f0_bus_stat_comb => \UART_PSOC:BUART:rx_fifonotempty\ ,
        f0_blk_stat_comb => \UART_PSOC:BUART:rx_fifofull\ );
    Properties:
    {
        a0_init = "00000000"
        a1_init = "00000000"
        ce0_sync = 1
        ce1_sync = 1
        cl0_sync = 1
        cl1_sync = 1
        cmsb_sync = 1
        co_msb_sync = 1
        cy_dpconfig = "0000000000000000000000000000000000000000000000000000001001000000000100000000000000010000001100000001000000000000000100100001000011111111000000001111111111111111101000000110001001000001111100000000000000001100"
        d0_init = "00000000"
        d1_init = "00000000"
        f0_blk_sync = 1
        f0_bus_sync = 1
        f1_blk_sync = 1
        f1_bus_sync = 1
        ff0_sync = 1
        ff1_sync = 1
        ov_msb_sync = 1
        so_sync = 1
        z0_sync = 1
        z1_sync = 1
    }
    Clock Polarity: Active High
    Clock Enable: True

count7cell: Name =\UART_PSOC:BUART:sRX:RxBitCounter\
    PORT MAP (
        clock => \UART_PSOC:Net_9\ ,
        load => \UART_PSOC:BUART:rx_counter_load\ ,
        count_6 => \UART_PSOC:BUART:rx_count_6\ ,
        count_5 => \UART_PSOC:BUART:rx_count_5\ ,
        count_4 => \UART_PSOC:BUART:rx_count_4\ ,
        count_3 => \UART_PSOC:BUART:rx_count_3\ ,
        count_2 => \UART_PSOC:BUART:rx_count_2\ ,
        count_1 => \UART_PSOC:BUART:rx_count_1\ ,
        count_0 => \UART_PSOC:BUART:rx_count_0\ ,
        tc => \UART_PSOC:BUART:rx_count7_tc\ );
    Properties:
    {
        cy_alt_mode = 0
        cy_init_value = "0000000"
        cy_period = "1110010"
        cy_route_en = 1
        cy_route_ld = 1
    }
    Clock Polarity: Active High
    Clock Enable: True

UDB [UDB=(3,0)] contents:
LAB@[UDB=(3,0)][LB=0] #macrocells=2, #inputs=6, #pterms=4
{
    [McSlotId=0]:     MacroCell: Name=\UART_LOG:BUART:tx_state_2\, Mode=(T-Register) @ [UDB=(3,0)][LB=0][MC=0]
        Total # of inputs        : 6
        Total # of product terms : 4
        List of special equations: 
            Clock  = (\UART_LOG:Net_9\) => Global
            Clock Enable: True
        Main Equation            : 4 pterms
        (
              !\UART_LOG:BUART:tx_state_1\ * !\UART_LOG:BUART:tx_state_0\ * 
              \UART_LOG:BUART:tx_bitclk_enable_pre\ * 
              \UART_LOG:BUART:tx_state_2\
            + \UART_LOG:BUART:tx_state_1\ * \UART_LOG:BUART:tx_state_0\ * 
              \UART_LOG:BUART:tx_bitclk_enable_pre\ * 
              \UART_LOG:BUART:tx_state_2\
            + \UART_LOG:BUART:tx_state_1\ * \UART_LOG:BUART:tx_state_0\ * 
              !\UART_LOG:BUART:tx_state_2\ * \UART_LOG:BUART:tx_bitclk\
            + \UART_LOG:BUART:tx_state_1\ * !\UART_LOG:BUART:tx_state_2\ * 
              \UART_LOG:BUART:tx_counter_dp\ * \UART_LOG:BUART:tx_bitclk\
        );
        Output = \UART_LOG:BUART:tx_state_2\ (fanout=7)
        Properties               : 
        {
        }

    [McSlotId=1]: (empty)
    [McSlotId=2]: (empty)
    [McSlotId=3]:     MacroCell: Name=\UART_LOG:BUART:tx_ctrl_mark_last\, Mode=(T-Register) @ [UDB=(3,0)][LB=0][MC=3]
        Total # of inputs        : 0
        Total # of product terms : 0
        List of special equations: 
            Clock  = (\UART_LOG:Net_9\) => Global
            Clock Enable: True
        Main Equation            : 0 pterms
        (
            0
        );
        Output = \UART_LOG:BUART:tx_ctrl_mark_last\ (fanout=8)
        Properties               : 
        {
        }
}

LAB@[UDB=(3,0)][LB=1] #macrocells=2, #inputs=4, #pterms=4
{
    [McSlotId=0]:     MacroCell: Name=\UART_LOG:BUART:counter_load_not\, Mode=(Combinatorial) @ [UDB=(3,0)][LB=1][MC=0]
        Total # of inputs        : 4
        Total # of product terms : 2
            Clock Enable: True
        Main Equation            : 2 pterms
        !(
              !\UART_LOG:BUART:tx_state_1\ * !\UART_LOG:BUART:tx_state_0\ * 
              \UART_LOG:BUART:tx_bitclk_enable_pre\
            + !\UART_LOG:BUART:tx_state_1\ * !\UART_LOG:BUART:tx_state_0\ * 
              !\UART_LOG:BUART:tx_state_2\
        );
        Output = \UART_LOG:BUART:counter_load_not\ (fanout=1)
        Properties               : 
        {
        }

    [McSlotId=1]: (empty)
    [McSlotId=2]: (empty)
    [McSlotId=3]:     MacroCell: Name=\UART_LOG:BUART:tx_bitclk\, Mode=(D-Register) @ [UDB=(3,0)][LB=1][MC=3]
        Total # of inputs        : 4
        Total # of product terms : 2
        List of special equations: 
            Clock  = (\UART_LOG:Net_9\) => Global
            Clock Enable: True
        Main Equation            : 2 pterms
        !(
              !\UART_LOG:BUART:tx_state_1\ * !\UART_LOG:BUART:tx_state_0\ * 
              \UART_LOG:BUART:tx_state_2\
            + !\UART_LOG:BUART:tx_bitclk_enable_pre\
        );
        Output = \UART_LOG:BUART:tx_bitclk\ (fanout=4)
        Properties               : 
        {
        }
}

datapathcell: Name =\UART_LOG:BUART:sTX:sCLOCK:TxBitClkGen\
    PORT MAP (
        clock => \UART_LOG:Net_9\ ,
        cs_addr_0 => \UART_LOG:BUART:counter_load_not\ ,
        ce0_reg => \UART_LOG:BUART:tx_bitclk_enable_pre\ ,
        ce1_reg => \UART_LOG:BUART:tx_counter_dp\ );
    Properties:
    {
        a0_init = "00000000"
        a1_init = "00000000"
        ce0_sync = 1
        ce1_sync = 1
        cl0_sync = 1
        cl1_sync = 1
        cmsb_sync = 1
        co_msb_sync = 1
        cy_dpconfig = "1010100001000000001000000100000000000000000000000000000000000000000000000000000000000000000000000000000000000000000000000000000011111111000000001111111100000111001000000100000000000101111100000000000000001000"
        d0_init = "00000000"
        d1_init = "00000000"
        f0_blk_sync = 1
        f0_bus_sync = 1
        f1_blk_sync = 1
        f1_bus_sync = 1
        ff0_sync = 1
        ff1_sync = 1
        ov_msb_sync = 1
        so_sync = 1
        z0_sync = 1
        z1_sync = 1
    }
    Clock Polarity: Active High
    Clock Enable: True

synccell: Name =SDA(0)_SYNC
    PORT MAP (
        in => \I2C:Net_1109_1\ ,
        out => \I2C:Net_1109_1_SYNCOUT\ ,
        clock => ClockBlock_BUS_CLK );
    Properties:
    {
    }
    Clock Polarity: Active High
    Clock Enable: True

synccell: Name =SCL(0)_SYNC
    PORT MAP (
        in => \I2C:Net_1109_0\ ,
        out => \I2C:Net_1109_0_SYNCOUT\ ,
        clock => ClockBlock_BUS_CLK );
    Properties:
    {
    }
    Clock Polarity: Active High
    Clock Enable: True

UDB [UDB=(3,1)] contents:
LAB@[UDB=(3,1)][LB=0] #macrocells=4, #inputs=6, #pterms=5
{
    [McSlotId=0]:     MacroCell: Name=\UART_LOG:BUART:rx_status_5\, Mode=(Combinatorial) @ [UDB=(3,1)][LB=0][MC=0]
        Total # of inputs        : 2
        Total # of product terms : 1
            Clock Enable: True
        Main Equation            : 1 pterm
        (
              \UART_LOG:BUART:rx_fifonotempty\ * 
              \UART_LOG:BUART:rx_state_stop1_reg\
        );
        Output = \UART_LOG:BUART:rx_status_5\ (fanout=1)
        Properties               : 
        {
        }

    [McSlotId=1]:     MacroCell: Name=\ENGINE_DECODER:bQuadDec:quad_B_filt\, Mode=(T-Register) @ [UDB=(3,1)][LB=0][MC=1]
        Total # of inputs        : 4
        Total # of product terms : 2
        List of special equations: 
            Clock  = (Net_2319) => Global
            Clock Enable: True
        Main Equation            : 2 pterms
        (
              !\ENGINE_DECODER:bQuadDec:quad_B_delayed_0\ * 
              !\ENGINE_DECODER:bQuadDec:quad_B_delayed_1\ * 
              !\ENGINE_DECODER:bQuadDec:quad_B_delayed_2\ * 
              \ENGINE_DECODER:bQuadDec:quad_B_filt\
            + \ENGINE_DECODER:bQuadDec:quad_B_delayed_0\ * 
              \ENGINE_DECODER:bQuadDec:quad_B_delayed_1\ * 
              \ENGINE_DECODER:bQuadDec:quad_B_delayed_2\ * 
              !\ENGINE_DECODER:bQuadDec:quad_B_filt\
        );
        Output = \ENGINE_DECODER:bQuadDec:quad_B_filt\ (fanout=7)
        Properties               : 
        {
        }

    [McSlotId=2]:     MacroCell: Name=\ENGINE_DECODER:bQuadDec:quad_B_delayed_2\, Mode=(D-Register) @ [UDB=(3,1)][LB=0][MC=2]
        Total # of inputs        : 1
        Total # of product terms : 1
        List of special equations: 
            Clock  = (Net_2319) => Global
            Clock Enable: True
        Main Equation            : 1 pterm
        (
              \ENGINE_DECODER:bQuadDec:quad_B_delayed_1\
        );
        Output = \ENGINE_DECODER:bQuadDec:quad_B_delayed_2\ (fanout=1)
        Properties               : 
        {
        }

    [McSlotId=3]:     MacroCell: Name=\ENGINE_DECODER:bQuadDec:quad_B_delayed_1\, Mode=(D-Register) @ [UDB=(3,1)][LB=0][MC=3]
        Total # of inputs        : 1
        Total # of product terms : 1
        List of special equations: 
            Clock  = (Net_2319) => Global
            Clock Enable: True
        Main Equation            : 1 pterm
        (
              \ENGINE_DECODER:bQuadDec:quad_B_delayed_0\
        );
        Output = \ENGINE_DECODER:bQuadDec:quad_B_delayed_1\ (fanout=2)
        Properties               : 
        {
        }
}

LAB@[UDB=(3,1)][LB=1] #macrocells=4, #inputs=9, #pterms=8
{
    [McSlotId=0]:     MacroCell: Name=\ENGINE_DECODER:bQuadDec:state_0\, Mode=(D-Register) @ [UDB=(3,1)][LB=1][MC=0]
        Total # of inputs        : 6
        Total # of product terms : 4
        List of special equations: 
            Clock  = (Net_2319) => Global
            Clock Enable: True
        Main Equation            : 4 pterms
        (
              !\ENGINE_DECODER:Net_1260\ * 
              \ENGINE_DECODER:bQuadDec:quad_A_filt\ * 
              \ENGINE_DECODER:bQuadDec:quad_B_filt\ * 
              !\ENGINE_DECODER:bQuadDec:error\ * 
              \ENGINE_DECODER:bQuadDec:state_1\
            + !\ENGINE_DECODER:Net_1260\ * 
              \ENGINE_DECODER:bQuadDec:quad_B_filt\ * 
              !\ENGINE_DECODER:bQuadDec:error\ * 
              \ENGINE_DECODER:bQuadDec:state_0\
            + !\ENGINE_DECODER:Net_1260\ * 
              \ENGINE_DECODER:bQuadDec:quad_B_filt\ * 
              \ENGINE_DECODER:bQuadDec:error\ * 
              !\ENGINE_DECODER:bQuadDec:state_1\ * 
              !\ENGINE_DECODER:bQuadDec:state_0\
            + !\ENGINE_DECODER:bQuadDec:quad_A_filt\ * 
              \ENGINE_DECODER:bQuadDec:quad_B_filt\ * 
              !\ENGINE_DECODER:bQuadDec:error\ * 
              !\ENGINE_DECODER:bQuadDec:state_1\ * 
              !\ENGINE_DECODER:bQuadDec:state_0\
        );
        Output = \ENGINE_DECODER:bQuadDec:state_0\ (fanout=7)
        Properties               : 
        {
        }

    [McSlotId=1]:     MacroCell: Name=\ENGINE_DECODER:Net_1203\, Mode=(D-Register) @ [UDB=(3,1)][LB=1][MC=1]
        Total # of inputs        : 7
        Total # of product terms : 3
        List of special equations: 
            Clock  = (Net_2319) => Global
            Clock Enable: True
        Main Equation            : 3 pterms
        (
              !\ENGINE_DECODER:Net_1260\ * \ENGINE_DECODER:Net_1203\ * 
              \ENGINE_DECODER:bQuadDec:error\ * 
              !\ENGINE_DECODER:bQuadDec:state_1\ * 
              !\ENGINE_DECODER:bQuadDec:state_0\
            + !\ENGINE_DECODER:Net_1260\ * 
              !\ENGINE_DECODER:bQuadDec:quad_A_filt\ * 
              !\ENGINE_DECODER:bQuadDec:quad_B_filt\ * 
              !\ENGINE_DECODER:bQuadDec:error\ * 
              !\ENGINE_DECODER:bQuadDec:state_1\ * 
              \ENGINE_DECODER:bQuadDec:state_0\
            + !\ENGINE_DECODER:bQuadDec:quad_A_filt\ * 
              \ENGINE_DECODER:bQuadDec:quad_B_filt\ * 
              !\ENGINE_DECODER:bQuadDec:error\ * 
              !\ENGINE_DECODER:bQuadDec:state_1\ * 
              !\ENGINE_DECODER:bQuadDec:state_0\
        );
        Output = \ENGINE_DECODER:Net_1203\ (fanout=3)
        Properties               : 
        {
        }

    [McSlotId=2]:     MacroCell: Name=\ENGINE_DECODER:Cnt16:CounterUDB:count_enable\, Mode=(Combinatorial) @ [UDB=(3,1)][LB=1][MC=2]
        Total # of inputs        : 3
        Total # of product terms : 1
            Clock Enable: True
        Main Equation            : 1 pterm
        (
              \ENGINE_DECODER:Cnt16:CounterUDB:control_7\ * 
              !\ENGINE_DECODER:Cnt16:CounterUDB:count_stored_i\ * 
              \ENGINE_DECODER:Net_1203\
        );
        Output = \ENGINE_DECODER:Cnt16:CounterUDB:count_enable\ (fanout=2)
        Properties               : 
        {
        }

    [McSlotId=3]:     MacroCell: Name=\ENGINE_DECODER:Cnt16:CounterUDB:count_stored_i\, Mode=(D-Register) @ [UDB=(3,1)][LB=1][MC=3]
        Total # of inputs        : 1
        Total # of product terms : 1
        List of special equations: 
            Clock  = (Net_2319) => Global
            Clock Enable: True
        Main Equation            : 1 pterm
        (
              \ENGINE_DECODER:Net_1203\
        );
        Output = \ENGINE_DECODER:Cnt16:CounterUDB:count_stored_i\ (fanout=1)
        Properties               : 
        {
        }
}

statuscell: Name =\EB_Status_Reg_2:sts:sts_reg\
    PORT MAP (
        status_4 => Net_4083 ,
        status_3 => Net_4082 ,
        status_2 => Net_4081 ,
        status_1 => Net_4080 ,
        status_0 => Net_4129 );
    Properties:
    {
        cy_force_order = 1
        cy_md_select = "00000000"
    }
    Clock Enable: True

controlcell: Name =\ENGINE_DECODER:Cnt16:CounterUDB:sCTRLReg:ctrlreg\
    PORT MAP (
        clock => Net_2319 ,
        control_7 => \ENGINE_DECODER:Cnt16:CounterUDB:control_7\ ,
        control_6 => \ENGINE_DECODER:Cnt16:CounterUDB:control_6\ ,
        control_5 => \ENGINE_DECODER:Cnt16:CounterUDB:control_5\ ,
        control_4 => \ENGINE_DECODER:Cnt16:CounterUDB:control_4\ ,
        control_3 => \ENGINE_DECODER:Cnt16:CounterUDB:control_3\ ,
        control_2 => \ENGINE_DECODER:Cnt16:CounterUDB:control_2\ ,
        control_1 => \ENGINE_DECODER:Cnt16:CounterUDB:control_1\ ,
        control_0 => \ENGINE_DECODER:Cnt16:CounterUDB:control_0\ );
    Properties:
    {
        cy_ctrl_mode_0 = "11111111"
        cy_ctrl_mode_1 = "00000000"
        cy_ext_reset = 0
        cy_force_order = 1
        cy_init_value = "00000000"
    }
    Clock Polarity: Active High
    Clock Enable: True

UDB [UDB=(3,2)] contents:
LAB@[UDB=(3,2)][LB=0] #macrocells=3, #inputs=7, #pterms=3
{
    [McSlotId=0]:     MacroCell: Name=Net_666, Mode=(Combinatorial) @ [UDB=(3,2)][LB=0][MC=0]
        Total # of inputs        : 4
        Total # of product terms : 1
            Clock Enable: True
        Main Equation            : 1 pterm
        !(
              !Net_664 * !Net_665 * !Net_667 * !Net_668
        );
        Output = Net_666 (fanout=1)
        Properties               : 
        {
        }

    [McSlotId=1]: (empty)
    [McSlotId=2]:     MacroCell: Name=\ENGINE_DECODER:bQuadDec:quad_B_delayed_0\, Mode=(D-Register) @ [UDB=(3,2)][LB=0][MC=2]
        Total # of inputs        : 1
        Total # of product terms : 1
        List of special equations: 
            Clock  = (Net_2319) => Global
            Clock Enable: True
        Main Equation            : 1 pterm
        (
              Net_3898
        );
        Output = \ENGINE_DECODER:bQuadDec:quad_B_delayed_0\ (fanout=2)
        Properties               : 
        {
        }

    [McSlotId=3]:     MacroCell: Name=\ENGINE_DECODER:Cnt16:CounterUDB:status_3\, Mode=(Combinatorial) @ [UDB=(3,2)][LB=0][MC=3]
        Total # of inputs        : 2
        Total # of product terms : 1
            Clock Enable: True
        Main Equation            : 1 pterm
        (
              \ENGINE_DECODER:Cnt16:CounterUDB:status_1\ * 
              !\ENGINE_DECODER:Cnt16:CounterUDB:underflow_reg_i\
        );
        Output = \ENGINE_DECODER:Cnt16:CounterUDB:status_3\ (fanout=1)
        Properties               : 
        {
        }
}

LAB@[UDB=(3,2)][LB=1] #macrocells=2, #inputs=6, #pterms=8
{
    [McSlotId=0]:     MacroCell: Name=\ENGINE_DECODER:bQuadDec:state_1\, Mode=(D-Register) @ [UDB=(3,2)][LB=1][MC=0]
        Total # of inputs        : 6
        Total # of product terms : 4
        List of special equations: 
            Clock  = (Net_2319) => Global
            Clock Enable: True
        Main Equation            : 4 pterms
        (
              !\ENGINE_DECODER:Net_1260\ * 
              \ENGINE_DECODER:bQuadDec:quad_A_filt\ * 
              \ENGINE_DECODER:bQuadDec:quad_B_filt\ * 
              !\ENGINE_DECODER:bQuadDec:error\ * 
              \ENGINE_DECODER:bQuadDec:state_0\
            + !\ENGINE_DECODER:Net_1260\ * 
              \ENGINE_DECODER:bQuadDec:quad_A_filt\ * 
              !\ENGINE_DECODER:bQuadDec:error\ * 
              \ENGINE_DECODER:bQuadDec:state_1\
            + !\ENGINE_DECODER:Net_1260\ * 
              \ENGINE_DECODER:bQuadDec:quad_A_filt\ * 
              \ENGINE_DECODER:bQuadDec:error\ * 
              !\ENGINE_DECODER:bQuadDec:state_1\ * 
              !\ENGINE_DECODER:bQuadDec:state_0\
            + \ENGINE_DECODER:bQuadDec:quad_A_filt\ * 
              !\ENGINE_DECODER:bQuadDec:quad_B_filt\ * 
              !\ENGINE_DECODER:bQuadDec:error\ * 
              !\ENGINE_DECODER:bQuadDec:state_1\ * 
              !\ENGINE_DECODER:bQuadDec:state_0\
        );
        Output = \ENGINE_DECODER:bQuadDec:state_1\ (fanout=7)
        Properties               : 
        {
        }

    [McSlotId=1]:     MacroCell: Name=\ENGINE_DECODER:bQuadDec:error\, Mode=(D-Register) @ [UDB=(3,2)][LB=1][MC=1]
        Total # of inputs        : 6
        Total # of product terms : 4
        List of special equations: 
            Clock  = (Net_2319) => Global
            Clock Enable: True
        Main Equation            : 4 pterms
        (
              !\ENGINE_DECODER:Net_1260\ * 
              !\ENGINE_DECODER:bQuadDec:quad_A_filt\ * 
              !\ENGINE_DECODER:bQuadDec:quad_B_filt\ * 
              !\ENGINE_DECODER:bQuadDec:error\ * 
              \ENGINE_DECODER:bQuadDec:state_1\ * 
              \ENGINE_DECODER:bQuadDec:state_0\
            + !\ENGINE_DECODER:Net_1260\ * 
              !\ENGINE_DECODER:bQuadDec:quad_A_filt\ * 
              \ENGINE_DECODER:bQuadDec:quad_B_filt\ * 
              !\ENGINE_DECODER:bQuadDec:error\ * 
              \ENGINE_DECODER:bQuadDec:state_1\ * 
              !\ENGINE_DECODER:bQuadDec:state_0\
            + !\ENGINE_DECODER:Net_1260\ * 
              \ENGINE_DECODER:bQuadDec:quad_A_filt\ * 
              !\ENGINE_DECODER:bQuadDec:quad_B_filt\ * 
              !\ENGINE_DECODER:bQuadDec:error\ * 
              !\ENGINE_DECODER:bQuadDec:state_1\ * 
              \ENGINE_DECODER:bQuadDec:state_0\
            + \ENGINE_DECODER:bQuadDec:quad_A_filt\ * 
              \ENGINE_DECODER:bQuadDec:quad_B_filt\ * 
              !\ENGINE_DECODER:bQuadDec:error\ * 
              !\ENGINE_DECODER:bQuadDec:state_1\ * 
              !\ENGINE_DECODER:bQuadDec:state_0\
        );
        Output = \ENGINE_DECODER:bQuadDec:error\ (fanout=8)
        Properties               : 
        {
        }

    [McSlotId=2]: (empty)
    [McSlotId=3]: (empty)
}

datapathcell: Name =\ENGINE_DECODER:Cnt16:CounterUDB:sC16:counterdp:u0\
    PORT MAP (
        clock => Net_2319 ,
        cs_addr_2 => \ENGINE_DECODER:Net_1251\ ,
        cs_addr_1 => \ENGINE_DECODER:Cnt16:CounterUDB:count_enable\ ,
        cs_addr_0 => \ENGINE_DECODER:Cnt16:CounterUDB:reload\ ,
        chain_out => \ENGINE_DECODER:Cnt16:CounterUDB:sC16:counterdp:carry\ );
    Properties:
    {
        a0_init = "00000000"
        a1_init = "00000000"
        ce0_sync = 1
        ce1_sync = 1
        cl0_sync = 1
        cl1_sync = 1
        cmsb_sync = 1
        co_msb_sync = 1
        cy_dpconfig = "0000000001000000000000001000000001000000010000000000000010000000000000000100000000000000100000000010000001000000000000001000000011111111000000001111111111111111101000000000000000000001000000000000000000011000"
        d0_init = "00000000"
        d1_init = "00000000"
        f0_blk_sync = 1
        f0_bus_sync = 1
        f1_blk_sync = 1
        f1_bus_sync = 1
        ff0_sync = 1
        ff1_sync = 1
        ov_msb_sync = 1
        so_sync = 1
        z0_sync = 1
        z1_sync = 1
    }
    Clock Polarity: Active High
    Clock Enable: True
    Next in chain : \ENGINE_DECODER:Cnt16:CounterUDB:sC16:counterdp:u1\

statusicell: Name =\UART_LOG:BUART:sRX:RxSts\
    PORT MAP (
        clock => \UART_LOG:Net_9\ ,
        status_5 => \UART_LOG:BUART:rx_status_5\ ,
        status_4 => \UART_LOG:BUART:rx_status_4\ ,
        status_3 => \UART_LOG:BUART:rx_status_3\ );
    Properties:
    {
        cy_force_order = 1
        cy_int_mask = "1111111"
        cy_md_select = "1011111"
    }
    Clock Polarity: Active High
    Clock Enable: True

UDB [UDB=(3,3)] contents:
LAB@[UDB=(3,3)][LB=0] #macrocells=3, #inputs=6, #pterms=7
{
    [McSlotId=0]:     MacroCell: Name=\UART_PSOC:BUART:tx_state_1\, Mode=(T-Register) @ [UDB=(3,3)][LB=0][MC=0]
        Total # of inputs        : 6
        Total # of product terms : 3
        List of special equations: 
            Clock  = (\UART_PSOC:Net_9\) => Global
            Clock Enable: True
        Main Equation            : 3 pterms
        (
              \UART_PSOC:BUART:tx_state_1\ * \UART_PSOC:BUART:tx_state_0\ * 
              \UART_PSOC:BUART:tx_bitclk_enable_pre\ * 
              \UART_PSOC:BUART:tx_state_2\
            + \UART_PSOC:BUART:tx_state_1\ * !\UART_PSOC:BUART:tx_state_2\ * 
              \UART_PSOC:BUART:tx_counter_dp\ * \UART_PSOC:BUART:tx_bitclk\
            + \UART_PSOC:BUART:tx_state_0\ * !\UART_PSOC:BUART:tx_state_2\ * 
              \UART_PSOC:BUART:tx_bitclk\
        );
        Output = \UART_PSOC:BUART:tx_state_1\ (fanout=8)
        Properties               : 
        {
        }

    [McSlotId=1]:     MacroCell: Name=\UART_PSOC:BUART:tx_state_2\, Mode=(T-Register) @ [UDB=(3,3)][LB=0][MC=1]
        Total # of inputs        : 6
        Total # of product terms : 4
        List of special equations: 
            Clock  = (\UART_PSOC:Net_9\) => Global
            Clock Enable: True
        Main Equation            : 4 pterms
        (
              !\UART_PSOC:BUART:tx_state_1\ * !\UART_PSOC:BUART:tx_state_0\ * 
              \UART_PSOC:BUART:tx_bitclk_enable_pre\ * 
              \UART_PSOC:BUART:tx_state_2\
            + \UART_PSOC:BUART:tx_state_1\ * \UART_PSOC:BUART:tx_state_0\ * 
              \UART_PSOC:BUART:tx_bitclk_enable_pre\ * 
              \UART_PSOC:BUART:tx_state_2\
            + \UART_PSOC:BUART:tx_state_1\ * \UART_PSOC:BUART:tx_state_0\ * 
              !\UART_PSOC:BUART:tx_state_2\ * \UART_PSOC:BUART:tx_bitclk\
            + \UART_PSOC:BUART:tx_state_1\ * !\UART_PSOC:BUART:tx_state_2\ * 
              \UART_PSOC:BUART:tx_counter_dp\ * \UART_PSOC:BUART:tx_bitclk\
        );
        Output = \UART_PSOC:BUART:tx_state_2\ (fanout=7)
        Properties               : 
        {
        }

    [McSlotId=2]:     MacroCell: Name=\UART_PSOC:BUART:counter_load_not\, Mode=(Combinatorial) @ [UDB=(3,3)][LB=0][MC=2]
        Total # of inputs        : 4
        Total # of product terms : 2
            Clock Enable: True
        Main Equation            : 2 pterms
        !(
              !\UART_PSOC:BUART:tx_state_1\ * !\UART_PSOC:BUART:tx_state_0\ * 
              \UART_PSOC:BUART:tx_bitclk_enable_pre\
            + !\UART_PSOC:BUART:tx_state_1\ * !\UART_PSOC:BUART:tx_state_0\ * 
              !\UART_PSOC:BUART:tx_state_2\
        );
        Output = \UART_PSOC:BUART:counter_load_not\ (fanout=1)
        Properties               : 
        {
        }

    [McSlotId=3]: (empty)
}

LAB@[UDB=(3,3)][LB=1] #macrocells=4, #inputs=10, #pterms=8
{
    [McSlotId=0]:     MacroCell: Name=\UART_LOG:BUART:rx_state_3\, Mode=(T-Register) @ [UDB=(3,3)][LB=1][MC=0]
        Total # of inputs        : 8
        Total # of product terms : 3
        List of special equations: 
            Clock  = (\UART_LOG:Net_9\) => Global
            Clock Enable: True
        Main Equation            : 3 pterms
        (
              !\UART_LOG:BUART:tx_ctrl_mark_last\ * 
              !\UART_LOG:BUART:rx_state_0\ * 
              \UART_LOG:BUART:rx_bitclk_enable\ * \UART_LOG:BUART:rx_state_3\ * 
              \UART_LOG:BUART:rx_state_2\
            + !\UART_LOG:BUART:tx_ctrl_mark_last\ * 
              \UART_LOG:BUART:rx_state_0\ * !\UART_LOG:BUART:rx_state_3\ * 
              !\UART_LOG:BUART:rx_state_2\ * !MODIN4_6 * !MODIN4_5
            + !\UART_LOG:BUART:tx_ctrl_mark_last\ * 
              \UART_LOG:BUART:rx_state_0\ * !\UART_LOG:BUART:rx_state_3\ * 
              !\UART_LOG:BUART:rx_state_2\ * !MODIN4_6 * !MODIN4_4
        );
        Output = \UART_LOG:BUART:rx_state_3\ (fanout=7)
        Properties               : 
        {
        }

    [McSlotId=1]:     MacroCell: Name=\UART_LOG:BUART:rx_state_2\, Mode=(T-Register) @ [UDB=(3,3)][LB=1][MC=1]
        Total # of inputs        : 10
        Total # of product terms : 5
        List of special equations: 
            Clock  = (\UART_LOG:Net_9\) => Global
            Clock Enable: True
        Main Equation            : 5 pterms
        (
              !\UART_LOG:BUART:tx_ctrl_mark_last\ * 
              !\UART_LOG:BUART:rx_state_0\ * 
              \UART_LOG:BUART:rx_bitclk_enable\ * \UART_LOG:BUART:rx_state_3\
            + !\UART_LOG:BUART:tx_ctrl_mark_last\ * 
              !\UART_LOG:BUART:rx_state_0\ * 
              \UART_LOG:BUART:rx_bitclk_enable\ * \UART_LOG:BUART:rx_state_2\
            + !\UART_LOG:BUART:tx_ctrl_mark_last\ * 
              !\UART_LOG:BUART:rx_state_0\ * !\UART_LOG:BUART:rx_state_3\ * 
              !\UART_LOG:BUART:rx_state_2\ * \UART_LOG:BUART:rx_last\ * 
              !Net_4091_SYNCOUT
            + !\UART_LOG:BUART:tx_ctrl_mark_last\ * 
              \UART_LOG:BUART:rx_state_0\ * !\UART_LOG:BUART:rx_state_3\ * 
              !\UART_LOG:BUART:rx_state_2\ * !MODIN4_6 * !MODIN4_5
            + !\UART_LOG:BUART:tx_ctrl_mark_last\ * 
              \UART_LOG:BUART:rx_state_0\ * !\UART_LOG:BUART:rx_state_3\ * 
              !\UART_LOG:BUART:rx_state_2\ * !MODIN4_6 * !MODIN4_4
        );
        Output = \UART_LOG:BUART:rx_state_2\ (fanout=7)
        Properties               : 
        {
        }

    [McSlotId=2]:     MacroCell: Name=\UART_LOG:BUART:rx_counter_load\, Mode=(Combinatorial) @ [UDB=(3,3)][LB=1][MC=2]
        Total # of inputs        : 4
        Total # of product terms : 1
            Clock Enable: True
        Main Equation            : 1 pterm
        (
              !\UART_LOG:BUART:tx_ctrl_mark_last\ * 
              !\UART_LOG:BUART:rx_state_0\ * !\UART_LOG:BUART:rx_state_3\ * 
              !\UART_LOG:BUART:rx_state_2\
        );
        Output = \UART_LOG:BUART:rx_counter_load\ (fanout=2)
        Properties               : 
        {
        }

    [McSlotId=3]:     MacroCell: Name=\UART_LOG:BUART:rx_state_stop1_reg\, Mode=(D-Register) @ [UDB=(3,3)][LB=1][MC=3]
        Total # of inputs        : 4
        Total # of product terms : 1
        List of special equations: 
            Clock  = (\UART_LOG:Net_9\) => Global
            Clock Enable: True
        Main Equation            : 1 pterm
        !(
              !\UART_LOG:BUART:tx_ctrl_mark_last\ * 
              !\UART_LOG:BUART:rx_state_0\ * \UART_LOG:BUART:rx_state_3\ * 
              \UART_LOG:BUART:rx_state_2\
        );
        Output = \UART_LOG:BUART:rx_state_stop1_reg\ (fanout=1)
        Properties               : 
        {
        }
}

datapathcell: Name =\UART_PSOC:BUART:sTX:sCLOCK:TxBitClkGen\
    PORT MAP (
        clock => \UART_PSOC:Net_9\ ,
        cs_addr_0 => \UART_PSOC:BUART:counter_load_not\ ,
        ce0_reg => \UART_PSOC:BUART:tx_bitclk_enable_pre\ ,
        ce1_reg => \UART_PSOC:BUART:tx_counter_dp\ );
    Properties:
    {
        a0_init = "00000000"
        a1_init = "00000000"
        ce0_sync = 1
        ce1_sync = 1
        cl0_sync = 1
        cl1_sync = 1
        cmsb_sync = 1
        co_msb_sync = 1
        cy_dpconfig = "1010100001000000001000000100000000000000000000000000000000000000000000000000000000000000000000000000000000000000000000000000000011111111000000001111111100000111001000000100000000000101111100000000000000001000"
        d0_init = "00000000"
        d1_init = "00000000"
        f0_blk_sync = 1
        f0_bus_sync = 1
        f1_blk_sync = 1
        f1_bus_sync = 1
        ff0_sync = 1
        ff1_sync = 1
        ov_msb_sync = 1
        so_sync = 1
        z0_sync = 1
        z1_sync = 1
    }
    Clock Polarity: Active High
    Clock Enable: True

UDB [UDB=(3,4)] contents:
LAB@[UDB=(3,4)][LB=0] #macrocells=3, #inputs=11, #pterms=7
{
    [McSlotId=0]:     MacroCell: Name=\UART_LOG:BUART:rx_status_3\, Mode=(D-Register) @ [UDB=(3,4)][LB=0][MC=0]
        Total # of inputs        : 8
        Total # of product terms : 2
        List of special equations: 
            Clock  = (\UART_LOG:Net_9\) => Global
            Clock Enable: True
        Main Equation            : 2 pterms
        (
              !\UART_LOG:BUART:tx_ctrl_mark_last\ * 
              !\UART_LOG:BUART:rx_state_0\ * 
              \UART_LOG:BUART:rx_bitclk_enable\ * \UART_LOG:BUART:rx_state_3\ * 
              \UART_LOG:BUART:rx_state_2\ * !MODIN1_1 * !MODIN1_0
            + !\UART_LOG:BUART:tx_ctrl_mark_last\ * 
              !\UART_LOG:BUART:rx_state_0\ * 
              \UART_LOG:BUART:rx_bitclk_enable\ * \UART_LOG:BUART:rx_state_3\ * 
              \UART_LOG:BUART:rx_state_2\ * !MODIN1_1 * !Net_4091_SYNCOUT
        );
        Output = \UART_LOG:BUART:rx_status_3\ (fanout=1)
        Properties               : 
        {
        }

    [McSlotId=1]: (empty)
    [McSlotId=2]:     MacroCell: Name=\UART_LOG:BUART:rx_state_0\, Mode=(T-Register) @ [UDB=(3,4)][LB=0][MC=2]
        Total # of inputs        : 11
        Total # of product terms : 4
        List of special equations: 
            Clock  = (\UART_LOG:Net_9\) => Global
            Clock Enable: True
        Main Equation            : 4 pterms
        (
              !\UART_LOG:BUART:tx_ctrl_mark_last\ * 
              !\UART_LOG:BUART:rx_state_0\ * 
              \UART_LOG:BUART:rx_bitclk_enable\ * 
              !\UART_LOG:BUART:rx_state_3\ * \UART_LOG:BUART:rx_state_2\ * 
              !MODIN1_1 * !MODIN1_0
            + !\UART_LOG:BUART:tx_ctrl_mark_last\ * 
              !\UART_LOG:BUART:rx_state_0\ * 
              \UART_LOG:BUART:rx_bitclk_enable\ * 
              !\UART_LOG:BUART:rx_state_3\ * \UART_LOG:BUART:rx_state_2\ * 
              !MODIN1_1 * !Net_4091_SYNCOUT
            + !\UART_LOG:BUART:tx_ctrl_mark_last\ * 
              \UART_LOG:BUART:rx_state_0\ * !\UART_LOG:BUART:rx_state_3\ * 
              !\UART_LOG:BUART:rx_state_2\ * !MODIN4_6 * !MODIN4_5
            + !\UART_LOG:BUART:tx_ctrl_mark_last\ * 
              \UART_LOG:BUART:rx_state_0\ * !\UART_LOG:BUART:rx_state_3\ * 
              !\UART_LOG:BUART:rx_state_2\ * !MODIN4_6 * !MODIN4_4
        );
        Output = \UART_LOG:BUART:rx_state_0\ (fanout=8)
        Properties               : 
        {
        }

    [McSlotId=3]:     MacroCell: Name=\UART_LOG:BUART:rx_load_fifo\, Mode=(D-Register) @ [UDB=(3,4)][LB=0][MC=3]
        Total # of inputs        : 8
        Total # of product terms : 3
        List of special equations: 
            Clock  = (\UART_LOG:Net_9\) => Global
            Clock Enable: True
        Main Equation            : 3 pterms
        (
              !\UART_LOG:BUART:tx_ctrl_mark_last\ * 
              !\UART_LOG:BUART:rx_state_0\ * 
              \UART_LOG:BUART:rx_bitclk_enable\ * \UART_LOG:BUART:rx_state_3\ * 
              !\UART_LOG:BUART:rx_state_2\
            + !\UART_LOG:BUART:tx_ctrl_mark_last\ * 
              \UART_LOG:BUART:rx_state_0\ * !\UART_LOG:BUART:rx_state_3\ * 
              !\UART_LOG:BUART:rx_state_2\ * !MODIN4_6 * !MODIN4_5
            + !\UART_LOG:BUART:tx_ctrl_mark_last\ * 
              \UART_LOG:BUART:rx_state_0\ * !\UART_LOG:BUART:rx_state_3\ * 
              !\UART_LOG:BUART:rx_state_2\ * !MODIN4_6 * !MODIN4_4
        );
        Output = \UART_LOG:BUART:rx_load_fifo\ (fanout=2)
        Properties               : 
        {
        }
}

LAB@[UDB=(3,4)][LB=1] #macrocells=2, #inputs=5, #pterms=2
{
    [McSlotId=0]:     MacroCell: Name=\UART_LOG:BUART:rx_bitclk_enable\, Mode=(D-Register) @ [UDB=(3,4)][LB=1][MC=0]
        Total # of inputs        : 3
        Total # of product terms : 1
        List of special equations: 
            Clock  = (\UART_LOG:Net_9\) => Global
            Clock Enable: True
        Main Equation            : 1 pterm
        (
              !\UART_LOG:BUART:rx_count_2\ * !\UART_LOG:BUART:rx_count_1\ * 
              !\UART_LOG:BUART:rx_count_0\
        );
        Output = \UART_LOG:BUART:rx_bitclk_enable\ (fanout=6)
        Properties               : 
        {
        }

    [McSlotId=1]: (empty)
    [McSlotId=2]:     MacroCell: Name=\UART_LOG:BUART:rx_status_4\, Mode=(Combinatorial) @ [UDB=(3,4)][LB=1][MC=2]
        Total # of inputs        : 2
        Total # of product terms : 1
            Clock Enable: True
        Main Equation            : 1 pterm
        (
              \UART_LOG:BUART:rx_load_fifo\ * \UART_LOG:BUART:rx_fifofull\
        );
        Output = \UART_LOG:BUART:rx_status_4\ (fanout=1)
        Properties               : 
        {
        }

    [McSlotId=3]: (empty)
}

datapathcell: Name =\UART_LOG:BUART:sRX:RxShifter:u0\
    PORT MAP (
        clock => \UART_LOG:Net_9\ ,
        cs_addr_2 => \UART_LOG:BUART:tx_ctrl_mark_last\ ,
        cs_addr_1 => \UART_LOG:BUART:rx_state_0\ ,
        cs_addr_0 => \UART_LOG:BUART:rx_bitclk_enable\ ,
        route_si => \UART_LOG:BUART:rx_postpoll\ ,
        f0_load => \UART_LOG:BUART:rx_load_fifo\ ,
        f0_bus_stat_comb => \UART_LOG:BUART:rx_fifonotempty\ ,
        f0_blk_stat_comb => \UART_LOG:BUART:rx_fifofull\ );
    Properties:
    {
        a0_init = "00000000"
        a1_init = "00000000"
        ce0_sync = 1
        ce1_sync = 1
        cl0_sync = 1
        cl1_sync = 1
        cmsb_sync = 1
        co_msb_sync = 1
        cy_dpconfig = "0000000000000000000000000000000000000000000000000000001001000000000100000000000000010000001100000001000000000000000100100001000011111111000000001111111111111111101000000110001001000001111100000000000000001100"
        d0_init = "00000000"
        d1_init = "00000000"
        f0_blk_sync = 1
        f0_bus_sync = 1
        f1_blk_sync = 1
        f1_bus_sync = 1
        ff0_sync = 1
        ff1_sync = 1
        ov_msb_sync = 1
        so_sync = 1
        z0_sync = 1
        z1_sync = 1
    }
    Clock Polarity: Active High
    Clock Enable: True

count7cell: Name =\UART_LOG:BUART:sRX:RxBitCounter\
    PORT MAP (
        clock => \UART_LOG:Net_9\ ,
        load => \UART_LOG:BUART:rx_counter_load\ ,
        count_6 => MODIN4_6 ,
        count_5 => MODIN4_5 ,
        count_4 => MODIN4_4 ,
        count_3 => MODIN4_3 ,
        count_2 => \UART_LOG:BUART:rx_count_2\ ,
        count_1 => \UART_LOG:BUART:rx_count_1\ ,
        count_0 => \UART_LOG:BUART:rx_count_0\ ,
        tc => \UART_LOG:BUART:rx_count7_tc\ );
    Properties:
    {
        cy_alt_mode = 0
        cy_init_value = "0000000"
        cy_period = "1110010"
        cy_route_en = 1
        cy_route_ld = 1
    }
    Clock Polarity: Active High
    Clock Enable: True

UDB [UDB=(3,5)] contents:
LAB@[UDB=(3,5)][LB=0] #macrocells=1, #inputs=1, #pterms=1
{
    [McSlotId=0]: (empty)
    [McSlotId=1]: (empty)
    [McSlotId=2]: (empty)
    [McSlotId=3]:     MacroCell: Name=\ENGINE_DECODER:Cnt16:CounterUDB:underflow_reg_i\, Mode=(D-Register) @ [UDB=(3,5)][LB=0][MC=3]
        Total # of inputs        : 1
        Total # of product terms : 1
        List of special equations: 
            Clock  = (Net_2319) => Global
            Clock Enable: True
        Main Equation            : 1 pterm
        (
              \ENGINE_DECODER:Cnt16:CounterUDB:status_1\
        );
        Output = \ENGINE_DECODER:Cnt16:CounterUDB:underflow_reg_i\ (fanout=1)
        Properties               : 
        {
        }
}

LAB@[UDB=(3,5)][LB=1] #macrocells=1, #inputs=3, #pterms=1
{
    [McSlotId=0]: (empty)
    [McSlotId=1]:     MacroCell: Name=\UART_PSOC:BUART:rx_bitclk_enable\, Mode=(D-Register) @ [UDB=(3,5)][LB=1][MC=1]
        Total # of inputs        : 3
        Total # of product terms : 1
        List of special equations: 
            Clock  = (\UART_PSOC:Net_9\) => Global
            Clock Enable: True
        Main Equation            : 1 pterm
        (
              !\UART_PSOC:BUART:rx_count_2\ * !\UART_PSOC:BUART:rx_count_1\ * 
              !\UART_PSOC:BUART:rx_count_0\
        );
        Output = \UART_PSOC:BUART:rx_bitclk_enable\ (fanout=6)
        Properties               : 
        {
        }

    [McSlotId=2]: (empty)
    [McSlotId=3]: (empty)
}

statuscell: Name =\EB_Status_Reg_1:sts:sts_reg\
    PORT MAP (
        status_4 => Net_4085 ,
        status_3 => Net_4077 ,
        status_2 => Net_4078 ,
        status_1 => Net_4079 ,
        status_0 => Net_4084 );
    Properties:
    {
        cy_force_order = 1
        cy_md_select = "00000000"
    }
    Clock Enable: True

Intr container @ [IntrContainer=(0)]: 
  Intr@ [IntrContainer=(0)][IntrId=(0)] 
    interrupt: Name =\ADC_SAR_1:IRQ\
        PORT MAP (
            interrupt => Net_4270 );
        Properties:
        {
            int_type = "10"
            is_nmi = 0
        }
  Intr@ [IntrContainer=(0)][IntrId=(1)] 
    interrupt: Name =\ADC_SAR_2:IRQ\
        PORT MAP (
            interrupt => Net_4277 );
        Properties:
        {
            int_type = "10"
            is_nmi = 0
        }
  Intr@ [IntrContainer=(0)][IntrId=(2)] 
    interrupt: Name =\ENGINE_DECODER:isr\
        PORT MAP (
            interrupt => Net_4256 );
        Properties:
        {
            int_type = "10"
            is_nmi = 0
        }
  Intr@ [IntrContainer=(0)][IntrId=(3)] 
    interrupt: Name =\UART_PSOC:TXInternalInterrupt\
        PORT MAP (
            interrupt => Net_4110 );
        Properties:
        {
            int_type = "10"
            is_nmi = 0
        }
  Intr@ [IntrContainer=(0)][IntrId=(4)] 
    interrupt: Name =\USBUART:ep_1\
        PORT MAP (
            interrupt => \USBUART:ep_int_1\ );
        Properties:
        {
            int_type = "10"
            is_nmi = 0
        }
  Intr@ [IntrContainer=(0)][IntrId=(5)] 
    interrupt: Name =\USBUART:ep_2\
        PORT MAP (
            interrupt => \USBUART:ep_int_2\ );
        Properties:
        {
            int_type = "10"
            is_nmi = 0
        }
  Intr@ [IntrContainer=(0)][IntrId=(6)] 
    interrupt: Name =\USBUART:ep_3\
        PORT MAP (
            interrupt => \USBUART:ep_int_3\ );
        Properties:
        {
            int_type = "10"
            is_nmi = 0
        }
  Intr@ [IntrContainer=(0)][IntrId=(7)] 
    interrupt: Name =isr_Button
        PORT MAP (
            interrupt => Net_666 );
        Properties:
        {
            int_type = "00"
            is_nmi = 0
        }
  Intr@ [IntrContainer=(0)][IntrId=(8)] 
    interrupt: Name =isr_uart_psoc_rx
        PORT MAP (
            interrupt => Net_4111 );
        Properties:
        {
            int_type = "10"
            is_nmi = 0
        }
  Intr@ [IntrContainer=(0)][IntrId=(12)] 
    interrupt: Name =\USBUART:dp_int\
        PORT MAP (
            interrupt => \USBUART:Net_1010\ );
        Properties:
        {
            int_type = "10"
            is_nmi = 0
        }
  Intr@ [IntrContainer=(0)][IntrId=(15)] 
    interrupt: Name =\I2C:I2C_IRQ\
        PORT MAP (
            interrupt => \I2C:Net_697\ );
        Properties:
        {
            int_type = "00"
            is_nmi = 0
        }
  Intr@ [IntrContainer=(0)][IntrId=(21)] 
    interrupt: Name =\USBUART:sof_int\
        PORT MAP (
            interrupt => Net_4135 );
        Properties:
        {
            int_type = "10"
            is_nmi = 0
        }
  Intr@ [IntrContainer=(0)][IntrId=(22)] 
    interrupt: Name =\USBUART:arb_int\
        PORT MAP (
            interrupt => \USBUART:Net_1889\ );
        Properties:
        {
            int_type = "10"
            is_nmi = 0
        }
  Intr@ [IntrContainer=(0)][IntrId=(23)] 
    interrupt: Name =\USBUART:bus_reset\
        PORT MAP (
            interrupt => \USBUART:Net_1876\ );
        Properties:
        {
            int_type = "10"
            is_nmi = 0
        }
  Intr@ [IntrContainer=(0)][IntrId=(24)] 
    interrupt: Name =\USBUART:ep_0\
        PORT MAP (
            interrupt => \USBUART:ep_int_0\ );
        Properties:
        {
            int_type = "10"
            is_nmi = 0
        }
Drq container @ [DrqContainer=(0)]: empty
Port 0 contains the following IO cells:
[IoId=0]: 
Pin : Name = BUTTON_1(0)
    Attributes:
        In Group/Port: True
        In Sync Option: NOSYNC
        Out Sync Option: AUTO
        Interrupt generated: False
        Interrupt mode: NONE
        Drive mode: CMOS_OUT
        VTrip: CMOS
        Slew: FAST
        Input Sync needed: False
        Output Sync needed: False
        SC shield enabled: False
        POR State: ANY
        LCD Mode: COMMON
        Register Mode: RegComb
        CaSense Mode: NEITHER
        Treat as pin: True
        Is OE Registered: False
        Uses Analog: False
        Can contain Digital: True
        Is SIO: False
        SIO Output Buf: NONREGULATED
        SIO Input Buf: SINGLE_ENDED
        SIO HiFreq: LOW
        SIO Hyst: DISABLED
        SIO Vtrip: MULTIPLIER_0_5
        SIO Multiplier Index: 0
        SIO RefSel: VCC_IO
        Required Capabilities: DIGITAL, ROUTABLE
        Initial Value: 0
        IO Voltage: 0
    PORT MAP (
        pa_out => BUTTON_1(0)__PA ,
        fb => Net_664 ,
        pad => BUTTON_1(0)_PAD );
    Properties:
    {
    }

[IoId=1]: 
Pin : Name = BUTTON_2(0)
    Attributes:
        In Group/Port: True
        In Sync Option: NOSYNC
        Out Sync Option: AUTO
        Interrupt generated: False
        Interrupt mode: NONE
        Drive mode: CMOS_OUT
        VTrip: CMOS
        Slew: FAST
        Input Sync needed: False
        Output Sync needed: False
        SC shield enabled: False
        POR State: ANY
        LCD Mode: COMMON
        Register Mode: RegComb
        CaSense Mode: NEITHER
        Treat as pin: True
        Is OE Registered: False
        Uses Analog: False
        Can contain Digital: True
        Is SIO: False
        SIO Output Buf: NONREGULATED
        SIO Input Buf: SINGLE_ENDED
        SIO HiFreq: LOW
        SIO Hyst: DISABLED
        SIO Vtrip: MULTIPLIER_0_5
        SIO Multiplier Index: 0
        SIO RefSel: VCC_IO
        Required Capabilities: DIGITAL, ROUTABLE
        Initial Value: 0
        IO Voltage: 0
    PORT MAP (
        pa_out => BUTTON_2(0)__PA ,
        fb => Net_665 ,
        pad => BUTTON_2(0)_PAD );
    Properties:
    {
    }

[IoId=2]: 
Pin : Name = BUTTON_3(0)
    Attributes:
        In Group/Port: True
        In Sync Option: NOSYNC
        Out Sync Option: AUTO
        Interrupt generated: False
        Interrupt mode: NONE
        Drive mode: CMOS_OUT
        VTrip: CMOS
        Slew: FAST
        Input Sync needed: False
        Output Sync needed: False
        SC shield enabled: False
        POR State: ANY
        LCD Mode: COMMON
        Register Mode: RegComb
        CaSense Mode: NEITHER
        Treat as pin: True
        Is OE Registered: False
        Uses Analog: False
        Can contain Digital: True
        Is SIO: False
        SIO Output Buf: NONREGULATED
        SIO Input Buf: SINGLE_ENDED
        SIO HiFreq: LOW
        SIO Hyst: DISABLED
        SIO Vtrip: MULTIPLIER_0_5
        SIO Multiplier Index: 0
        SIO RefSel: VCC_IO
        Required Capabilities: DIGITAL, ROUTABLE
        Initial Value: 0
        IO Voltage: 0
    PORT MAP (
        pa_out => BUTTON_3(0)__PA ,
        fb => Net_667 ,
        pad => BUTTON_3(0)_PAD );
    Properties:
    {
    }

[IoId=3]: 
Pin : Name = BUTTON_4(0)
    Attributes:
        In Group/Port: True
        In Sync Option: NOSYNC
        Out Sync Option: AUTO
        Interrupt generated: False
        Interrupt mode: NONE
        Drive mode: CMOS_OUT
        VTrip: CMOS
        Slew: FAST
        Input Sync needed: False
        Output Sync needed: False
        SC shield enabled: False
        POR State: ANY
        LCD Mode: COMMON
        Register Mode: RegComb
        CaSense Mode: NEITHER
        Treat as pin: True
        Is OE Registered: False
        Uses Analog: False
        Can contain Digital: True
        Is SIO: False
        SIO Output Buf: NONREGULATED
        SIO Input Buf: SINGLE_ENDED
        SIO HiFreq: LOW
        SIO Hyst: DISABLED
        SIO Vtrip: MULTIPLIER_0_5
        SIO Multiplier Index: 0
        SIO RefSel: VCC_IO
        Required Capabilities: DIGITAL, ROUTABLE
        Initial Value: 0
        IO Voltage: 0
    PORT MAP (
        pa_out => BUTTON_4(0)__PA ,
        fb => Net_668 ,
        pad => BUTTON_4(0)_PAD );
    Properties:
    {
    }

[IoId=4]: 
Pin : Name = Pin_AnalogIN_1(0)
    Attributes:
        In Group/Port: True
        In Sync Option: AUTO
        Out Sync Option: AUTO
        Interrupt generated: False
        Interrupt mode: NONE
        Drive mode: HI_Z_ANALOG
        VTrip: EITHER
        Slew: FAST
        Input Sync needed: False
        Output Sync needed: False
        SC shield enabled: False
        POR State: ANY
        LCD Mode: COMMON
        Register Mode: RegComb
        CaSense Mode: NEITHER
        Treat as pin: True
        Is OE Registered: False
        Uses Analog: True
        Can contain Digital: False
        Is SIO: False
        SIO Output Buf: NONREGULATED
        SIO Input Buf: SINGLE_ENDED
        SIO HiFreq: LOW
        SIO Hyst: DISABLED
        SIO Vtrip: MULTIPLIER_0_5
        SIO Multiplier Index: 0
        SIO RefSel: VCC_IO
        Required Capabilities: ANALOG
        Initial Value: 0
        IO Voltage: 0
    PORT MAP (
        pa_out => Pin_AnalogIN_1(0)__PA ,
        analog_term => Net_4267 ,
        pad => Pin_AnalogIN_1(0)_PAD );
    Properties:
    {
    }

[IoId=5]: 
Pin : Name = Pin_AnalogIN_2(0)
    Attributes:
        In Group/Port: True
        In Sync Option: AUTO
        Out Sync Option: AUTO
        Interrupt generated: False
        Interrupt mode: NONE
        Drive mode: HI_Z_ANALOG
        VTrip: EITHER
        Slew: FAST
        Input Sync needed: False
        Output Sync needed: False
        SC shield enabled: False
        POR State: ANY
        LCD Mode: COMMON
        Register Mode: RegComb
        CaSense Mode: NEITHER
        Treat as pin: True
        Is OE Registered: False
        Uses Analog: True
        Can contain Digital: False
        Is SIO: False
        SIO Output Buf: NONREGULATED
        SIO Input Buf: SINGLE_ENDED
        SIO HiFreq: LOW
        SIO Hyst: DISABLED
        SIO Vtrip: MULTIPLIER_0_5
        SIO Multiplier Index: 0
        SIO RefSel: VCC_IO
        Required Capabilities: ANALOG
        Initial Value: 0
        IO Voltage: 0
    PORT MAP (
        pa_out => Pin_AnalogIN_2(0)__PA ,
        analog_term => Net_4274 ,
        pad => Pin_AnalogIN_2(0)_PAD );
    Properties:
    {
    }

[IoId=6]: 
Pin : Name = Pin_AnalogIN_3(0)
    Attributes:
        In Group/Port: True
        In Sync Option: NOSYNC
        Out Sync Option: AUTO
        Interrupt generated: False
        Interrupt mode: NONE
        Drive mode: HI_Z_DIGITAL
        VTrip: CMOS
        Slew: FAST
        Input Sync needed: False
        Output Sync needed: False
        SC shield enabled: False
        POR State: ANY
        LCD Mode: COMMON
        Register Mode: RegComb
        CaSense Mode: NEITHER
        Treat as pin: True
        Is OE Registered: False
        Uses Analog: False
        Can contain Digital: True
        Is SIO: False
        SIO Output Buf: NONREGULATED
        SIO Input Buf: SINGLE_ENDED
        SIO HiFreq: LOW
        SIO Hyst: DISABLED
        SIO Vtrip: MULTIPLIER_0_5
        SIO Multiplier Index: 0
        SIO RefSel: VCC_IO
        Required Capabilities: DIGITAL
        Initial Value: 0
        IO Voltage: 0
    PORT MAP (
        pa_out => Pin_AnalogIN_3(0)__PA ,
        pad => Pin_AnalogIN_3(0)_PAD );
    Properties:
    {
    }

Port 1 contains the following IO cells:
[IoId=2]: 
Pin : Name = LED_2(0)
    Attributes:
        In Group/Port: True
        In Sync Option: NOSYNC
        Out Sync Option: AUTO
        Interrupt generated: False
        Interrupt mode: NONE
        Drive mode: HI_Z_DIGITAL
        VTrip: CMOS
        Slew: FAST
        Input Sync needed: False
        Output Sync needed: False
        SC shield enabled: False
        POR State: ANY
        LCD Mode: COMMON
        Register Mode: RegComb
        CaSense Mode: NEITHER
        Treat as pin: True
        Is OE Registered: False
        Uses Analog: False
        Can contain Digital: True
        Is SIO: False
        SIO Output Buf: NONREGULATED
        SIO Input Buf: SINGLE_ENDED
        SIO HiFreq: LOW
        SIO Hyst: DISABLED
        SIO Vtrip: MULTIPLIER_0_5
        SIO Multiplier Index: 0
        SIO RefSel: VCC_IO
        Required Capabilities: DIGITAL
        Initial Value: 0
        IO Voltage: 0
    PORT MAP (
        pa_out => LED_2(0)__PA ,
        pad => LED_2(0)_PAD );
    Properties:
    {
    }

[IoId=4]: 
Pin : Name = Pin_Encoder_B(0)
    Attributes:
        In Group/Port: True
        In Sync Option: NOSYNC
        Out Sync Option: AUTO
        Interrupt generated: False
        Interrupt mode: NONE
        Drive mode: HI_Z_DIGITAL
        VTrip: CMOS
        Slew: FAST
        Input Sync needed: False
        Output Sync needed: False
        SC shield enabled: False
        POR State: ANY
        LCD Mode: COMMON
        Register Mode: RegComb
        CaSense Mode: NEITHER
        Treat as pin: True
        Is OE Registered: False
        Uses Analog: False
        Can contain Digital: True
        Is SIO: False
        SIO Output Buf: NONREGULATED
        SIO Input Buf: SINGLE_ENDED
        SIO HiFreq: LOW
        SIO Hyst: DISABLED
        SIO Vtrip: MULTIPLIER_0_5
        SIO Multiplier Index: 0
        SIO RefSel: VCC_IO
        Required Capabilities: DIGITAL, ROUTABLE
        Initial Value: 0
        IO Voltage: 0
    PORT MAP (
        pa_out => Pin_Encoder_B(0)__PA ,
        fb => Net_3898 ,
        pad => Pin_Encoder_B(0)_PAD );
    Properties:
    {
    }

[IoId=5]: 
Pin : Name = Pin_Encoder_A(0)
    Attributes:
        In Group/Port: True
        In Sync Option: NOSYNC
        Out Sync Option: AUTO
        Interrupt generated: False
        Interrupt mode: NONE
        Drive mode: HI_Z_DIGITAL
        VTrip: CMOS
        Slew: FAST
        Input Sync needed: False
        Output Sync needed: False
        SC shield enabled: False
        POR State: ANY
        LCD Mode: COMMON
        Register Mode: RegComb
        CaSense Mode: NEITHER
        Treat as pin: True
        Is OE Registered: False
        Uses Analog: False
        Can contain Digital: True
        Is SIO: False
        SIO Output Buf: NONREGULATED
        SIO Input Buf: SINGLE_ENDED
        SIO HiFreq: LOW
        SIO Hyst: DISABLED
        SIO Vtrip: MULTIPLIER_0_5
        SIO Multiplier Index: 0
        SIO RefSel: VCC_IO
        Required Capabilities: DIGITAL, ROUTABLE
        Initial Value: 0
        IO Voltage: 0
    PORT MAP (
        pa_out => Pin_Encoder_A(0)__PA ,
        fb => Net_3908 ,
        pad => Pin_Encoder_A(0)_PAD );
    Properties:
    {
    }

Port 2 contains the following IO cells:
[IoId=0]: 
Pin : Name = LED_1(0)
    Attributes:
        In Group/Port: True
        In Sync Option: NOSYNC
        Out Sync Option: AUTO
        Interrupt generated: False
        Interrupt mode: NONE
        Drive mode: HI_Z_DIGITAL
        VTrip: CMOS
        Slew: FAST
        Input Sync needed: False
        Output Sync needed: False
        SC shield enabled: False
        POR State: ANY
        LCD Mode: COMMON
        Register Mode: RegComb
        CaSense Mode: NEITHER
        Treat as pin: True
        Is OE Registered: False
        Uses Analog: False
        Can contain Digital: True
        Is SIO: False
        SIO Output Buf: NONREGULATED
        SIO Input Buf: SINGLE_ENDED
        SIO HiFreq: LOW
        SIO Hyst: DISABLED
        SIO Vtrip: MULTIPLIER_0_5
        SIO Multiplier Index: 0
        SIO RefSel: VCC_IO
        Required Capabilities: DIGITAL
        Initial Value: 0
        IO Voltage: 0
    PORT MAP (
        pa_out => LED_1(0)__PA ,
        pad => LED_1(0)_PAD );
    Properties:
    {
    }

[IoId=1]: 
Pin : Name = Pin_Toggle(0)
    Attributes:
        In Group/Port: True
        In Sync Option: AUTO
        Out Sync Option: NOSYNC
        Interrupt generated: False
        Interrupt mode: NONE
        Drive mode: CMOS_OUT
        VTrip: EITHER
        Slew: FAST
        Input Sync needed: False
        Output Sync needed: False
        SC shield enabled: False
        POR State: ANY
        LCD Mode: COMMON
        Register Mode: RegComb
        CaSense Mode: NEITHER
        Treat as pin: True
        Is OE Registered: False
        Uses Analog: False
        Can contain Digital: True
        Is SIO: False
        SIO Output Buf: NONREGULATED
        SIO Input Buf: SINGLE_ENDED
        SIO HiFreq: LOW
        SIO Hyst: DISABLED
        SIO Vtrip: MULTIPLIER_0_5
        SIO Multiplier Index: 0
        SIO RefSel: VCC_IO
        Required Capabilities: DIGITAL
        Initial Value: 0
        IO Voltage: 0
    PORT MAP (
        pa_out => Pin_Toggle(0)__PA ,
        pad => Pin_Toggle(0)_PAD );
    Properties:
    {
    }

[IoId=3]: 
Pin : Name = Pin_Engine_Mode_1(0)
    Attributes:
        In Group/Port: True
        In Sync Option: AUTO
        Out Sync Option: NOSYNC
        Interrupt generated: False
        Interrupt mode: NONE
        Drive mode: CMOS_OUT
        VTrip: EITHER
        Slew: FAST
        Input Sync needed: False
        Output Sync needed: False
        SC shield enabled: False
        POR State: ANY
        LCD Mode: COMMON
        Register Mode: RegComb
        CaSense Mode: NEITHER
        Treat as pin: True
        Is OE Registered: False
        Uses Analog: False
        Can contain Digital: True
        Is SIO: False
        SIO Output Buf: NONREGULATED
        SIO Input Buf: SINGLE_ENDED
        SIO HiFreq: LOW
        SIO Hyst: DISABLED
        SIO Vtrip: MULTIPLIER_0_5
        SIO Multiplier Index: 0
        SIO RefSel: VCC_IO
        Required Capabilities: DIGITAL, ROUTABLE
        Initial Value: 0
        IO Voltage: 0
    PORT MAP (
        pa_out => Pin_Engine_Mode_1(0)__PA ,
        pin_input => Net_4260 ,
        pad => Pin_Engine_Mode_1(0)_PAD );
    Properties:
    {
    }

[IoId=4]: 
Pin : Name = Pin_Engine_Mode_2(0)
    Attributes:
        In Group/Port: True
        In Sync Option: AUTO
        Out Sync Option: NOSYNC
        Interrupt generated: False
        Interrupt mode: NONE
        Drive mode: CMOS_OUT
        VTrip: EITHER
        Slew: FAST
        Input Sync needed: False
        Output Sync needed: False
        SC shield enabled: False
        POR State: ANY
        LCD Mode: COMMON
        Register Mode: RegComb
        CaSense Mode: NEITHER
        Treat as pin: True
        Is OE Registered: False
        Uses Analog: False
        Can contain Digital: True
        Is SIO: False
        SIO Output Buf: NONREGULATED
        SIO Input Buf: SINGLE_ENDED
        SIO HiFreq: LOW
        SIO Hyst: DISABLED
        SIO Vtrip: MULTIPLIER_0_5
        SIO Multiplier Index: 0
        SIO RefSel: VCC_IO
        Required Capabilities: DIGITAL, ROUTABLE
        Initial Value: 0
        IO Voltage: 0
    PORT MAP (
        pa_out => Pin_Engine_Mode_2(0)__PA ,
        pin_input => Net_4257 ,
        pad => Pin_Engine_Mode_2(0)_PAD );
    Properties:
    {
    }

[IoId=5]: 
Pin : Name = Pin_Engine_PWM(0)
    Attributes:
        In Group/Port: True
        In Sync Option: AUTO
        Out Sync Option: NOSYNC
        Interrupt generated: False
        Interrupt mode: NONE
        Drive mode: CMOS_OUT
        VTrip: EITHER
        Slew: FAST
        Input Sync needed: False
        Output Sync needed: False
        SC shield enabled: False
        POR State: ANY
        LCD Mode: COMMON
        Register Mode: RegComb
        CaSense Mode: NEITHER
        Treat as pin: True
        Is OE Registered: False
        Uses Analog: False
        Can contain Digital: True
        Is SIO: False
        SIO Output Buf: NONREGULATED
        SIO Input Buf: SINGLE_ENDED
        SIO HiFreq: LOW
        SIO Hyst: DISABLED
        SIO Vtrip: MULTIPLIER_0_5
        SIO Multiplier Index: 0
        SIO RefSel: VCC_IO
        Required Capabilities: DIGITAL, ROUTABLE
        Initial Value: 0
        IO Voltage: 0
    PORT MAP (
        pa_out => Pin_Engine_PWM(0)__PA ,
        pin_input => Net_4126 ,
        pad => Pin_Engine_PWM(0)_PAD );
    Properties:
    {
    }

[IoId=7]: 
Pin : Name = LED_3(0)
    Attributes:
        In Group/Port: True
        In Sync Option: NOSYNC
        Out Sync Option: AUTO
        Interrupt generated: False
        Interrupt mode: NONE
        Drive mode: HI_Z_DIGITAL
        VTrip: CMOS
        Slew: FAST
        Input Sync needed: False
        Output Sync needed: False
        SC shield enabled: False
        POR State: ANY
        LCD Mode: COMMON
        Register Mode: RegComb
        CaSense Mode: NEITHER
        Treat as pin: True
        Is OE Registered: False
        Uses Analog: False
        Can contain Digital: True
        Is SIO: False
        SIO Output Buf: NONREGULATED
        SIO Input Buf: SINGLE_ENDED
        SIO HiFreq: LOW
        SIO Hyst: DISABLED
        SIO Vtrip: MULTIPLIER_0_5
        SIO Multiplier Index: 0
        SIO RefSel: VCC_IO
        Required Capabilities: DIGITAL
        Initial Value: 0
        IO Voltage: 0
    PORT MAP (
        pa_out => LED_3(0)__PA ,
        pad => LED_3(0)_PAD );
    Properties:
    {
    }

Port 3 contains the following IO cells:
[IoId=0]: 
Pin : Name = Pin_Safe_1(0)
    Attributes:
        In Group/Port: True
        In Sync Option: AUTO
        Out Sync Option: NOSYNC
        Interrupt generated: False
        Interrupt mode: NONE
        Drive mode: CMOS_OUT
        VTrip: EITHER
        Slew: FAST
        Input Sync needed: False
        Output Sync needed: False
        SC shield enabled: False
        POR State: ANY
        LCD Mode: COMMON
        Register Mode: RegComb
        CaSense Mode: NEITHER
        Treat as pin: True
        Is OE Registered: False
        Uses Analog: False
        Can contain Digital: True
        Is SIO: False
        SIO Output Buf: NONREGULATED
        SIO Input Buf: SINGLE_ENDED
        SIO HiFreq: LOW
        SIO Hyst: DISABLED
        SIO Vtrip: MULTIPLIER_0_5
        SIO Multiplier Index: 0
        SIO RefSel: VCC_IO
        Required Capabilities: DIGITAL
        Initial Value: 0
        IO Voltage: 0
    PORT MAP (
        pa_out => Pin_Safe_1(0)__PA ,
        pad => Pin_Safe_1(0)_PAD );
    Properties:
    {
    }

[IoId=1]: 
Pin : Name = Pin_Safe_2(0)
    Attributes:
        In Group/Port: True
        In Sync Option: AUTO
        Out Sync Option: NOSYNC
        Interrupt generated: False
        Interrupt mode: NONE
        Drive mode: CMOS_OUT
        VTrip: EITHER
        Slew: FAST
        Input Sync needed: False
        Output Sync needed: False
        SC shield enabled: False
        POR State: ANY
        LCD Mode: COMMON
        Register Mode: RegComb
        CaSense Mode: NEITHER
        Treat as pin: True
        Is OE Registered: False
        Uses Analog: False
        Can contain Digital: True
        Is SIO: False
        SIO Output Buf: NONREGULATED
        SIO Input Buf: SINGLE_ENDED
        SIO HiFreq: LOW
        SIO Hyst: DISABLED
        SIO Vtrip: MULTIPLIER_0_5
        SIO Multiplier Index: 0
        SIO RefSel: VCC_IO
        Required Capabilities: DIGITAL
        Initial Value: 0
        IO Voltage: 0
    PORT MAP (
        pa_out => Pin_Safe_2(0)__PA ,
        pad => Pin_Safe_2(0)_PAD );
    Properties:
    {
    }

[IoId=2]: 
Pin : Name = EB_1(0)
    Attributes:
        In Group/Port: True
        In Sync Option: NOSYNC
        Out Sync Option: AUTO
        Interrupt generated: False
        Interrupt mode: NONE
        Drive mode: RES_PULL_DOWN
        VTrip: CMOS
        Slew: FAST
        Input Sync needed: False
        Output Sync needed: False
        SC shield enabled: False
        POR State: ANY
        LCD Mode: COMMON
        Register Mode: RegComb
        CaSense Mode: NEITHER
        Treat as pin: True
        Is OE Registered: False
        Uses Analog: False
        Can contain Digital: True
        Is SIO: False
        SIO Output Buf: NONREGULATED
        SIO Input Buf: SINGLE_ENDED
        SIO HiFreq: LOW
        SIO Hyst: DISABLED
        SIO Vtrip: MULTIPLIER_0_5
        SIO Multiplier Index: 0
        SIO RefSel: VCC_IO
        Required Capabilities: DIGITAL, ROUTABLE
        Initial Value: 0
        IO Voltage: 0
    PORT MAP (
        pa_out => EB_1(0)__PA ,
        fb => Net_4084 ,
        pad => EB_1(0)_PAD );
    Properties:
    {
    }

[IoId=3]: 
Pin : Name = EB_2(0)
    Attributes:
        In Group/Port: True
        In Sync Option: NOSYNC
        Out Sync Option: AUTO
        Interrupt generated: False
        Interrupt mode: NONE
        Drive mode: RES_PULL_DOWN
        VTrip: CMOS
        Slew: FAST
        Input Sync needed: False
        Output Sync needed: False
        SC shield enabled: False
        POR State: ANY
        LCD Mode: COMMON
        Register Mode: RegComb
        CaSense Mode: NEITHER
        Treat as pin: True
        Is OE Registered: False
        Uses Analog: False
        Can contain Digital: True
        Is SIO: False
        SIO Output Buf: NONREGULATED
        SIO Input Buf: SINGLE_ENDED
        SIO HiFreq: LOW
        SIO Hyst: DISABLED
        SIO Vtrip: MULTIPLIER_0_5
        SIO Multiplier Index: 0
        SIO RefSel: VCC_IO
        Required Capabilities: DIGITAL, ROUTABLE
        Initial Value: 0
        IO Voltage: 0
    PORT MAP (
        pa_out => EB_2(0)__PA ,
        fb => Net_4079 ,
        pad => EB_2(0)_PAD );
    Properties:
    {
    }

[IoId=4]: 
Pin : Name = EB_3(0)
    Attributes:
        In Group/Port: True
        In Sync Option: NOSYNC
        Out Sync Option: AUTO
        Interrupt generated: False
        Interrupt mode: NONE
        Drive mode: RES_PULL_DOWN
        VTrip: CMOS
        Slew: FAST
        Input Sync needed: False
        Output Sync needed: False
        SC shield enabled: False
        POR State: ANY
        LCD Mode: COMMON
        Register Mode: RegComb
        CaSense Mode: NEITHER
        Treat as pin: True
        Is OE Registered: False
        Uses Analog: False
        Can contain Digital: True
        Is SIO: False
        SIO Output Buf: NONREGULATED
        SIO Input Buf: SINGLE_ENDED
        SIO HiFreq: LOW
        SIO Hyst: DISABLED
        SIO Vtrip: MULTIPLIER_0_5
        SIO Multiplier Index: 0
        SIO RefSel: VCC_IO
        Required Capabilities: DIGITAL, ROUTABLE
        Initial Value: 0
        IO Voltage: 0
    PORT MAP (
        pa_out => EB_3(0)__PA ,
        fb => Net_4078 ,
        pad => EB_3(0)_PAD );
    Properties:
    {
    }

[IoId=5]: 
Pin : Name = EB_4(0)
    Attributes:
        In Group/Port: True
        In Sync Option: NOSYNC
        Out Sync Option: AUTO
        Interrupt generated: False
        Interrupt mode: NONE
        Drive mode: RES_PULL_DOWN
        VTrip: CMOS
        Slew: FAST
        Input Sync needed: False
        Output Sync needed: False
        SC shield enabled: False
        POR State: ANY
        LCD Mode: COMMON
        Register Mode: RegComb
        CaSense Mode: NEITHER
        Treat as pin: True
        Is OE Registered: False
        Uses Analog: False
        Can contain Digital: True
        Is SIO: False
        SIO Output Buf: NONREGULATED
        SIO Input Buf: SINGLE_ENDED
        SIO HiFreq: LOW
        SIO Hyst: DISABLED
        SIO Vtrip: MULTIPLIER_0_5
        SIO Multiplier Index: 0
        SIO RefSel: VCC_IO
        Required Capabilities: DIGITAL, ROUTABLE
        Initial Value: 0
        IO Voltage: 0
    PORT MAP (
        pa_out => EB_4(0)__PA ,
        fb => Net_4077 ,
        pad => EB_4(0)_PAD );
    Properties:
    {
    }

[IoId=6]: 
Pin : Name = EB_5(0)
    Attributes:
        In Group/Port: True
        In Sync Option: NOSYNC
        Out Sync Option: AUTO
        Interrupt generated: False
        Interrupt mode: NONE
        Drive mode: RES_PULL_DOWN
        VTrip: CMOS
        Slew: FAST
        Input Sync needed: False
        Output Sync needed: False
        SC shield enabled: False
        POR State: ANY
        LCD Mode: COMMON
        Register Mode: RegComb
        CaSense Mode: NEITHER
        Treat as pin: True
        Is OE Registered: False
        Uses Analog: False
        Can contain Digital: True
        Is SIO: False
        SIO Output Buf: NONREGULATED
        SIO Input Buf: SINGLE_ENDED
        SIO HiFreq: LOW
        SIO Hyst: DISABLED
        SIO Vtrip: MULTIPLIER_0_5
        SIO Multiplier Index: 0
        SIO RefSel: VCC_IO
        Required Capabilities: DIGITAL, ROUTABLE
        Initial Value: 0
        IO Voltage: 0
    PORT MAP (
        pa_out => EB_5(0)__PA ,
        fb => Net_4085 ,
        pad => EB_5(0)_PAD );
    Properties:
    {
    }

[IoId=7]: 
Pin : Name = EB_6(0)
    Attributes:
        In Group/Port: True
        In Sync Option: NOSYNC
        Out Sync Option: AUTO
        Interrupt generated: False
        Interrupt mode: NONE
        Drive mode: RES_PULL_DOWN
        VTrip: CMOS
        Slew: FAST
        Input Sync needed: False
        Output Sync needed: False
        SC shield enabled: False
        POR State: ANY
        LCD Mode: COMMON
        Register Mode: RegComb
        CaSense Mode: NEITHER
        Treat as pin: True
        Is OE Registered: False
        Uses Analog: False
        Can contain Digital: True
        Is SIO: False
        SIO Output Buf: NONREGULATED
        SIO Input Buf: SINGLE_ENDED
        SIO HiFreq: LOW
        SIO Hyst: DISABLED
        SIO Vtrip: MULTIPLIER_0_5
        SIO Multiplier Index: 0
        SIO RefSel: VCC_IO
        Required Capabilities: DIGITAL, ROUTABLE
        Initial Value: 0
        IO Voltage: 0
    PORT MAP (
        pa_out => EB_6(0)__PA ,
        fb => Net_4129 ,
        pad => EB_6(0)_PAD );
    Properties:
    {
    }

Port 12 contains the following IO cells:
[IoId=0]: 
Pin : Name = SCL(0)
    Attributes:
        In Group/Port: True
        In Sync Option: SYNC
        Out Sync Option: NOSYNC
        Interrupt generated: False
        Interrupt mode: NONE
        Drive mode: OPEN_DRAIN_LO
        VTrip: CMOS
        Slew: FAST
        Input Sync needed: False
        Output Sync needed: False
        SC shield enabled: False
        POR State: ANY
        LCD Mode: COMMON
        Register Mode: RegComb
        CaSense Mode: NEITHER
        Treat as pin: True
        Is OE Registered: False
        Uses Analog: False
        Can contain Digital: True
        Is SIO: False
        SIO Output Buf: NONREGULATED
        SIO Input Buf: SINGLE_ENDED
        SIO HiFreq: LOW
        SIO Hyst: DISABLED
        SIO Vtrip: MULTIPLIER_0_5
        SIO Multiplier Index: 0
        SIO RefSel: VCC_IO
        Required Capabilities: DIGITAL, ROUTABLE
        Initial Value: 1
        IO Voltage: 0
    PORT MAP (
        pa_out => SCL(0)__PA ,
        fb => \I2C:Net_1109_0\ ,
        pin_input => \I2C:Net_643_0\ ,
        pad => SCL(0)_PAD );
    Properties:
    {
    }

[IoId=1]: 
Pin : Name = SDA(0)
    Attributes:
        In Group/Port: True
        In Sync Option: SYNC
        Out Sync Option: NOSYNC
        Interrupt generated: False
        Interrupt mode: NONE
        Drive mode: OPEN_DRAIN_LO
        VTrip: CMOS
        Slew: FAST
        Input Sync needed: False
        Output Sync needed: False
        SC shield enabled: False
        POR State: ANY
        LCD Mode: COMMON
        Register Mode: RegComb
        CaSense Mode: NEITHER
        Treat as pin: True
        Is OE Registered: False
        Uses Analog: False
        Can contain Digital: True
        Is SIO: False
        SIO Output Buf: NONREGULATED
        SIO Input Buf: SINGLE_ENDED
        SIO HiFreq: LOW
        SIO Hyst: DISABLED
        SIO Vtrip: MULTIPLIER_0_5
        SIO Multiplier Index: 0
        SIO RefSel: VCC_IO
        Required Capabilities: DIGITAL, ROUTABLE
        Initial Value: 1
        IO Voltage: 0
    PORT MAP (
        pa_out => SDA(0)__PA ,
        fb => \I2C:Net_1109_1\ ,
        pin_input => \I2C:sda_x_wire\ ,
        pad => SDA(0)_PAD );
    Properties:
    {
    }

[IoId=2]: 
Pin : Name = PSOC_RX(0)
    Attributes:
        In Group/Port: True
        In Sync Option: SYNC
        Out Sync Option: AUTO
        Interrupt generated: False
        Interrupt mode: NONE
        Drive mode: HI_Z_DIGITAL
        VTrip: CMOS
        Slew: FAST
        Input Sync needed: False
        Output Sync needed: False
        SC shield enabled: False
        POR State: ANY
        LCD Mode: COMMON
        Register Mode: RegComb
        CaSense Mode: NEITHER
        Treat as pin: True
        Is OE Registered: False
        Uses Analog: False
        Can contain Digital: True
        Is SIO: False
        SIO Output Buf: NONREGULATED
        SIO Input Buf: SINGLE_ENDED
        SIO HiFreq: LOW
        SIO Hyst: DISABLED
        SIO Vtrip: MULTIPLIER_0_5
        SIO Multiplier Index: 0
        SIO RefSel: VCC_IO
        Required Capabilities: DIGITAL, ROUTABLE
        Initial Value: 0
        IO Voltage: 0
    PORT MAP (
        pa_out => PSOC_RX(0)__PA ,
        fb => Net_4103 ,
        pad => PSOC_RX(0)_PAD );
    Properties:
    {
    }

[IoId=3]: 
Pin : Name = PSOC_TX(0)
    Attributes:
        In Group/Port: True
        In Sync Option: AUTO
        Out Sync Option: NOSYNC
        Interrupt generated: False
        Interrupt mode: NONE
        Drive mode: CMOS_OUT
        VTrip: EITHER
        Slew: FAST
        Input Sync needed: False
        Output Sync needed: False
        SC shield enabled: False
        POR State: ANY
        LCD Mode: COMMON
        Register Mode: RegComb
        CaSense Mode: NEITHER
        Treat as pin: True
        Is OE Registered: False
        Uses Analog: False
        Can contain Digital: True
        Is SIO: False
        SIO Output Buf: NONREGULATED
        SIO Input Buf: SINGLE_ENDED
        SIO HiFreq: LOW
        SIO Hyst: DISABLED
        SIO Vtrip: MULTIPLIER_0_5
        SIO Multiplier Index: 0
        SIO RefSel: VCC_IO
        Required Capabilities: DIGITAL, ROUTABLE
        Initial Value: 1
        IO Voltage: 0
    PORT MAP (
        pa_out => PSOC_TX(0)__PA ,
        pin_input => Net_4105 ,
        pad => PSOC_TX(0)_PAD );
    Properties:
    {
    }

[IoId=4]: 
Pin : Name = LED_4(0)
    Attributes:
        In Group/Port: True
        In Sync Option: NOSYNC
        Out Sync Option: AUTO
        Interrupt generated: False
        Interrupt mode: NONE
        Drive mode: HI_Z_DIGITAL
        VTrip: CMOS
        Slew: FAST
        Input Sync needed: False
        Output Sync needed: False
        SC shield enabled: False
        POR State: ANY
        LCD Mode: COMMON
        Register Mode: RegComb
        CaSense Mode: NEITHER
        Treat as pin: True
        Is OE Registered: False
        Uses Analog: False
        Can contain Digital: True
        Is SIO: False
        SIO Output Buf: NONREGULATED
        SIO Input Buf: SINGLE_ENDED
        SIO HiFreq: LOW
        SIO Hyst: DISABLED
        SIO Vtrip: MULTIPLIER_0_5
        SIO Multiplier Index: 0
        SIO RefSel: VCC_IO
        Required Capabilities: DIGITAL
        Initial Value: 0
        IO Voltage: 0
    PORT MAP (
        pa_out => LED_4(0)__PA ,
        pad => LED_4(0)_PAD );
    Properties:
    {
    }

[IoId=6]: 
Pin : Name = DEBUG_RX(0)
    Attributes:
        In Group/Port: True
        In Sync Option: SYNC
        Out Sync Option: AUTO
        Interrupt generated: False
        Interrupt mode: NONE
        Drive mode: HI_Z_DIGITAL
        VTrip: CMOS
        Slew: FAST
        Input Sync needed: False
        Output Sync needed: False
        SC shield enabled: False
        POR State: ANY
        LCD Mode: COMMON
        Register Mode: RegComb
        CaSense Mode: NEITHER
        Treat as pin: True
        Is OE Registered: False
        Uses Analog: False
        Can contain Digital: True
        Is SIO: False
        SIO Output Buf: NONREGULATED
        SIO Input Buf: SINGLE_ENDED
        SIO HiFreq: LOW
        SIO Hyst: DISABLED
        SIO Vtrip: MULTIPLIER_0_5
        SIO Multiplier Index: 0
        SIO RefSel: VCC_IO
        Required Capabilities: DIGITAL, ROUTABLE
        Initial Value: 0
        IO Voltage: 0
    PORT MAP (
        pa_out => DEBUG_RX(0)__PA ,
        fb => Net_4091 ,
        pad => DEBUG_RX(0)_PAD );
    Properties:
    {
    }

[IoId=7]: 
Pin : Name = DEBUG_TX(0)
    Attributes:
        In Group/Port: True
        In Sync Option: AUTO
        Out Sync Option: NOSYNC
        Interrupt generated: False
        Interrupt mode: NONE
        Drive mode: CMOS_OUT
        VTrip: EITHER
        Slew: FAST
        Input Sync needed: False
        Output Sync needed: False
        SC shield enabled: False
        POR State: ANY
        LCD Mode: COMMON
        Register Mode: RegComb
        CaSense Mode: NEITHER
        Treat as pin: True
        Is OE Registered: False
        Uses Analog: False
        Can contain Digital: True
        Is SIO: False
        SIO Output Buf: NONREGULATED
        SIO Input Buf: SINGLE_ENDED
        SIO HiFreq: LOW
        SIO Hyst: DISABLED
        SIO Vtrip: MULTIPLIER_0_5
        SIO Multiplier Index: 0
        SIO RefSel: VCC_IO
        Required Capabilities: DIGITAL, ROUTABLE
        Initial Value: 1
        IO Voltage: 0
    PORT MAP (
        pa_out => DEBUG_TX(0)__PA ,
        pin_input => Net_4090 ,
        pad => DEBUG_TX(0)_PAD );
    Properties:
    {
    }

Port 15 generates interrupt for logical port:
    logicalport: Name =\USBUART:Dp\
        PORT MAP (
            in_clock_en => tmpOE__EB_4_net_0 ,
            in_reset => zero ,
            out_clock_en => tmpOE__EB_4_net_0 ,
            out_reset => zero ,
            interrupt => \USBUART:Net_1010\ ,
            in_clock => ClockBlock_BUS_CLK );
        Properties:
        {
            drive_mode = "000"
            ibuf_enabled = "0"
            id = "beca5e2d-f70f-4900-a4db-7eca1ed3126e/618a72fc-5ddd-4df5-958f-a3d55102db42"
            init_dr_st = "1"
            input_buffer_sel = "00"
            input_clk_en = 0
            input_sync = "1"
            input_sync_mode = "0"
            intr_mode = "10"
            invert_in_clock = 0
            invert_in_clock_en = 0
            invert_in_reset = 0
            invert_out_clock = 0
            invert_out_clock_en = 0
            invert_out_reset = 0
            io_voltage = ""
            layout_mode = "CONTIGUOUS"
            oe_conn = "0"
            oe_reset = 0
            oe_sync = "0"
            output_clk_en = 0
            output_clock_mode = "0"
            output_conn = "0"
            output_mode = "0"
            output_reset = 0
            output_sync = "0"
            ovt_hyst_trim = "0"
            ovt_needed = "0"
            ovt_slew_control = "00"
            pa_in_clock = -1
            pa_in_clock_en = -1
            pa_in_reset = -1
            pa_out_clock = -1
            pa_out_clock_en = -1
            pa_out_reset = -1
            pin_aliases = ""
            pin_mode = "I"
            por_state = 4
            port_alias_group = ""
            port_alias_required = 0
            sio_group_cnt = 0
            sio_hifreq = "00000000"
            sio_hyst = "1"
            sio_ibuf = "00000000"
            sio_info = "00"
            sio_obuf = "00000000"
            sio_refsel = "00000000"
            sio_vohsel = "00000000"
            sio_vtrip = "00000000"
            slew_rate = "0"
            spanning = 0
            sw_only = 0
            use_annotation = "0"
            vtrip = "00"
            width = 1
        }
    and contains the following IO cells:
[IoId=0]: 
Pin : Name = EB_7(0)
    Attributes:
        In Group/Port: True
        In Sync Option: NOSYNC
        Out Sync Option: AUTO
        Interrupt generated: False
        Interrupt mode: NONE
        Drive mode: RES_PULL_DOWN
        VTrip: CMOS
        Slew: FAST
        Input Sync needed: False
        Output Sync needed: False
        SC shield enabled: False
        POR State: ANY
        LCD Mode: COMMON
        Register Mode: RegComb
        CaSense Mode: NEITHER
        Treat as pin: True
        Is OE Registered: False
        Uses Analog: False
        Can contain Digital: True
        Is SIO: False
        SIO Output Buf: NONREGULATED
        SIO Input Buf: SINGLE_ENDED
        SIO HiFreq: LOW
        SIO Hyst: DISABLED
        SIO Vtrip: MULTIPLIER_0_5
        SIO Multiplier Index: 0
        SIO RefSel: VCC_IO
        Required Capabilities: DIGITAL, ROUTABLE
        Initial Value: 0
        IO Voltage: 0
    PORT MAP (
        pa_out => EB_7(0)__PA ,
        fb => Net_4080 ,
        pad => EB_7(0)_PAD );
    Properties:
    {
    }

[IoId=1]: 
Pin : Name = EB_8(0)
    Attributes:
        In Group/Port: True
        In Sync Option: NOSYNC
        Out Sync Option: AUTO
        Interrupt generated: False
        Interrupt mode: NONE
        Drive mode: RES_PULL_DOWN
        VTrip: CMOS
        Slew: FAST
        Input Sync needed: False
        Output Sync needed: False
        SC shield enabled: False
        POR State: ANY
        LCD Mode: COMMON
        Register Mode: RegComb
        CaSense Mode: NEITHER
        Treat as pin: True
        Is OE Registered: False
        Uses Analog: False
        Can contain Digital: True
        Is SIO: False
        SIO Output Buf: NONREGULATED
        SIO Input Buf: SINGLE_ENDED
        SIO HiFreq: LOW
        SIO Hyst: DISABLED
        SIO Vtrip: MULTIPLIER_0_5
        SIO Multiplier Index: 0
        SIO RefSel: VCC_IO
        Required Capabilities: DIGITAL, ROUTABLE
        Initial Value: 0
        IO Voltage: 0
    PORT MAP (
        pa_out => EB_8(0)__PA ,
        fb => Net_4081 ,
        pad => EB_8(0)_PAD );
    Properties:
    {
    }

[IoId=2]: 
Pin : Name = EB_9(0)
    Attributes:
        In Group/Port: True
        In Sync Option: NOSYNC
        Out Sync Option: AUTO
        Interrupt generated: False
        Interrupt mode: NONE
        Drive mode: RES_PULL_DOWN
        VTrip: CMOS
        Slew: FAST
        Input Sync needed: False
        Output Sync needed: False
        SC shield enabled: False
        POR State: ANY
        LCD Mode: COMMON
        Register Mode: RegComb
        CaSense Mode: NEITHER
        Treat as pin: True
        Is OE Registered: False
        Uses Analog: False
        Can contain Digital: True
        Is SIO: False
        SIO Output Buf: NONREGULATED
        SIO Input Buf: SINGLE_ENDED
        SIO HiFreq: LOW
        SIO Hyst: DISABLED
        SIO Vtrip: MULTIPLIER_0_5
        SIO Multiplier Index: 0
        SIO RefSel: VCC_IO
        Required Capabilities: DIGITAL, ROUTABLE
        Initial Value: 0
        IO Voltage: 0
    PORT MAP (
        pa_out => EB_9(0)__PA ,
        fb => Net_4082 ,
        pad => EB_9(0)_PAD );
    Properties:
    {
    }

[IoId=3]: 
Pin : Name = EB_10(0)
    Attributes:
        In Group/Port: True
        In Sync Option: NOSYNC
        Out Sync Option: AUTO
        Interrupt generated: False
        Interrupt mode: NONE
        Drive mode: RES_PULL_DOWN
        VTrip: CMOS
        Slew: FAST
        Input Sync needed: False
        Output Sync needed: False
        SC shield enabled: False
        POR State: ANY
        LCD Mode: COMMON
        Register Mode: RegComb
        CaSense Mode: NEITHER
        Treat as pin: True
        Is OE Registered: False
        Uses Analog: False
        Can contain Digital: True
        Is SIO: False
        SIO Output Buf: NONREGULATED
        SIO Input Buf: SINGLE_ENDED
        SIO HiFreq: LOW
        SIO Hyst: DISABLED
        SIO Vtrip: MULTIPLIER_0_5
        SIO Multiplier Index: 0
        SIO RefSel: VCC_IO
        Required Capabilities: DIGITAL, ROUTABLE
        Initial Value: 0
        IO Voltage: 0
    PORT MAP (
        pa_out => EB_10(0)__PA ,
        fb => Net_4083 ,
        pad => EB_10(0)_PAD );
    Properties:
    {
    }

[IoId=6]: 
Pin : Name = \USBUART:Dp(0)\
    Attributes:
        In Group/Port: True
        In Sync Option: SYNC
        Out Sync Option: AUTO
        Interrupt generated: True
        Interrupt mode: FALLING
        Drive mode: HI_Z_ANALOG
        VTrip: CMOS
        Slew: FAST
        Input Sync needed: True
        Output Sync needed: False
        SC shield enabled: False
        POR State: ANY
        LCD Mode: COMMON
        Register Mode: RegComb
        CaSense Mode: NEITHER
        Treat as pin: False
        Is OE Registered: False
        Uses Analog: True
        Can contain Digital: True
        Is SIO: False
        SIO Output Buf: NONREGULATED
        SIO Input Buf: SINGLE_ENDED
        SIO HiFreq: LOW
        SIO Hyst: DISABLED
        SIO Vtrip: MULTIPLIER_0_5
        SIO Multiplier Index: 0
        SIO RefSel: VCC_IO
        Required Capabilities: USB_D_PLUS
        Initial Value: 1
        IO Voltage: 0
    PORT MAP (
        pa_out => \USBUART:Dp(0)\__PA ,
        analog_term => \USBUART:Net_1000\ ,
        pad => \USBUART:Dp(0)_PAD\ );
    Properties:
    {
    }

[IoId=7]: 
Pin : Name = \USBUART:Dm(0)\
    Attributes:
        In Group/Port: True
        In Sync Option: AUTO
        Out Sync Option: AUTO
        Interrupt generated: False
        Interrupt mode: NONE
        Drive mode: HI_Z_ANALOG
        VTrip: EITHER
        Slew: FAST
        Input Sync needed: False
        Output Sync needed: False
        SC shield enabled: False
        POR State: ANY
        LCD Mode: COMMON
        Register Mode: RegComb
        CaSense Mode: NEITHER
        Treat as pin: True
        Is OE Registered: False
        Uses Analog: True
        Can contain Digital: False
        Is SIO: False
        SIO Output Buf: NONREGULATED
        SIO Input Buf: SINGLE_ENDED
        SIO HiFreq: LOW
        SIO Hyst: DISABLED
        SIO Vtrip: MULTIPLIER_0_5
        SIO Multiplier Index: 0
        SIO RefSel: VCC_IO
        Required Capabilities: USB_D_MINUS
        Initial Value: 0
        IO Voltage: 0
    PORT MAP (
        pa_out => \USBUART:Dm(0)\__PA ,
        analog_term => \USBUART:Net_597\ ,
        pad => \USBUART:Dm(0)_PAD\ );
    Properties:
    {
    }

ARM group 0: empty
CAN group 0: empty
Cache group 0: empty
CapSense group 0: empty
Clock group 0: 
    Clock Block @ F(Clock,0): 
    clockblockcell: Name =ClockBlock
        PORT MAP (
            imo => ClockBlock_IMO ,
            pllout => ClockBlock_PLL_OUT ,
            ilo => ClockBlock_ILO ,
            clk_100k => ClockBlock_100k ,
            clk_1k => ClockBlock_1k ,
            clk_32k => ClockBlock_32k ,
            xtal => ClockBlock_XTAL ,
            clk_32k_xtal => ClockBlock_XTAL_32KHZ ,
            clk_sync => ClockBlock_MASTER_CLK ,
            clk_bus_glb => ClockBlock_BUS_CLK ,
            clk_bus => ClockBlock_BUS_CLK_local ,
            dclk_glb_0 => Net_2091 ,
            dclk_0 => Net_2091_local ,
            dclk_glb_1 => Net_2319 ,
            dclk_1 => Net_2319_local ,
            aclk_glb_0 => \ADC_SAR_2:Net_385\ ,
            aclk_0 => \ADC_SAR_2:Net_385_local\ ,
            clk_a_dig_glb_0 => \ADC_SAR_2:Net_381\ ,
            clk_a_dig_0 => \ADC_SAR_2:Net_381_local\ ,
            aclk_glb_1 => \ADC_SAR_1:Net_385\ ,
            aclk_1 => \ADC_SAR_1:Net_385_local\ ,
            clk_a_dig_glb_1 => \ADC_SAR_1:Net_381\ ,
            clk_a_dig_1 => \ADC_SAR_1:Net_381_local\ ,
            dclk_glb_2 => \UART_PSOC:Net_9\ ,
            dclk_2 => \UART_PSOC:Net_9_local\ ,
            dclk_glb_3 => \UART_LOG:Net_9\ ,
            dclk_3 => \UART_LOG:Net_9_local\ );
        Properties:
        {
        }
Comparator group 0: empty
DFB group 0: empty
DSM group 0: empty
Decimator group 0: empty
EMIF group 0: empty
I2C group 0: 
    I2C Block @ F(I2C,0): 
    i2ccell: Name =\I2C:I2C_FF\
        PORT MAP (
            clock => ClockBlock_BUS_CLK ,
            scl_in => \I2C:Net_1109_0\ ,
            sda_in => \I2C:Net_1109_1\ ,
            scl_out => \I2C:Net_643_0\ ,
            sda_out => \I2C:sda_x_wire\ ,
            interrupt => \I2C:Net_697\ );
        Properties:
        {
            cy_registers = ""
            use_wakeup = 0
        }
LCD group 0: empty
LVD group 0: empty
PICU group 0: empty
PM group 0: empty
SC group 0: empty
SPC group 0: empty
Timer group 0: empty
USB group 0: 
    USB Block @ F(USB,0): 
    usbcell: Name =\USBUART:USB\
        PORT MAP (
            dp => \USBUART:Net_1000\ ,
            dm => \USBUART:Net_597\ ,
            sof_int => Net_4135 ,
            arb_int => \USBUART:Net_1889\ ,
            usb_int => \USBUART:Net_1876\ ,
            ept_int_8 => \USBUART:ep_int_8\ ,
            ept_int_7 => \USBUART:ep_int_7\ ,
            ept_int_6 => \USBUART:ep_int_6\ ,
            ept_int_5 => \USBUART:ep_int_5\ ,
            ept_int_4 => \USBUART:ep_int_4\ ,
            ept_int_3 => \USBUART:ep_int_3\ ,
            ept_int_2 => \USBUART:ep_int_2\ ,
            ept_int_1 => \USBUART:ep_int_1\ ,
            ept_int_0 => \USBUART:ep_int_0\ ,
            ord_int => \USBUART:Net_95\ ,
            dma_req_7 => \USBUART:dma_request_7\ ,
            dma_req_6 => \USBUART:dma_request_6\ ,
            dma_req_5 => \USBUART:dma_request_5\ ,
            dma_req_4 => \USBUART:dma_request_4\ ,
            dma_req_3 => \USBUART:dma_request_3\ ,
            dma_req_2 => \USBUART:dma_request_2\ ,
            dma_req_1 => \USBUART:dma_request_1\ ,
            dma_req_0 => \USBUART:dma_request_0\ ,
            dma_termin => \USBUART:dma_terminate\ );
        Properties:
        {
            cy_registers = ""
        }
VIDAC group 0: empty
OpAmp group 0: empty
CsAbuf group 0: empty
Vref group 0: 
    Vref Block @ F(Vref,13): 
    vrefcell: Name =\ADC_SAR_1:vRef_Vdda_1\
        PORT MAP (
            vout => \ADC_SAR_1:Net_235\ );
        Properties:
        {
            autoenable = 1
            guid = "4720866E-BC14-478d-B8A0-3E44F38CADAC"
            ignoresleep = 0
            name = "Vdda/2"
        }
LPF group 0: empty
SAR group 0: 
    SAR Block @ F(SAR,0): 
    sarcell: Name =\ADC_SAR_1:ADC_SAR\
        PORT MAP (
            vplus => Net_4267 ,
            vminus => \ADC_SAR_1:Net_126\ ,
            ext_pin => \ADC_SAR_1:Net_209\ ,
            vrefhi_out => \ADC_SAR_1:Net_126\ ,
            vref => \ADC_SAR_1:Net_235\ ,
            clock => \ADC_SAR_1:Net_385\ ,
            pump_clock => \ADC_SAR_1:Net_385\ ,
            irq => \ADC_SAR_1:Net_252\ ,
            next => Net_4273 ,
            data_out_udb_11 => \ADC_SAR_1:Net_207_11\ ,
            data_out_udb_10 => \ADC_SAR_1:Net_207_10\ ,
            data_out_udb_9 => \ADC_SAR_1:Net_207_9\ ,
            data_out_udb_8 => \ADC_SAR_1:Net_207_8\ ,
            data_out_udb_7 => \ADC_SAR_1:Net_207_7\ ,
            data_out_udb_6 => \ADC_SAR_1:Net_207_6\ ,
            data_out_udb_5 => \ADC_SAR_1:Net_207_5\ ,
            data_out_udb_4 => \ADC_SAR_1:Net_207_4\ ,
            data_out_udb_3 => \ADC_SAR_1:Net_207_3\ ,
            data_out_udb_2 => \ADC_SAR_1:Net_207_2\ ,
            data_out_udb_1 => \ADC_SAR_1:Net_207_1\ ,
            data_out_udb_0 => \ADC_SAR_1:Net_207_0\ ,
            eof_udb => Net_4270 );
        Properties:
        {
            cy_registers = ""
        }
    SAR Block @ F(SAR,1): 
    sarcell: Name =\ADC_SAR_2:ADC_SAR\
        PORT MAP (
            vplus => Net_4274 ,
            vminus => \ADC_SAR_2:Net_126\ ,
            ext_pin => \ADC_SAR_2:Net_209\ ,
            vrefhi_out => \ADC_SAR_2:Net_126\ ,
            vref => \ADC_SAR_1:Net_235\ ,
            clock => \ADC_SAR_2:Net_385\ ,
            pump_clock => \ADC_SAR_2:Net_385\ ,
            irq => \ADC_SAR_2:Net_252\ ,
            next => Net_4280 ,
            data_out_udb_11 => \ADC_SAR_2:Net_207_11\ ,
            data_out_udb_10 => \ADC_SAR_2:Net_207_10\ ,
            data_out_udb_9 => \ADC_SAR_2:Net_207_9\ ,
            data_out_udb_8 => \ADC_SAR_2:Net_207_8\ ,
            data_out_udb_7 => \ADC_SAR_2:Net_207_7\ ,
            data_out_udb_6 => \ADC_SAR_2:Net_207_6\ ,
            data_out_udb_5 => \ADC_SAR_2:Net_207_5\ ,
            data_out_udb_4 => \ADC_SAR_2:Net_207_4\ ,
            data_out_udb_3 => \ADC_SAR_2:Net_207_3\ ,
            data_out_udb_2 => \ADC_SAR_2:Net_207_2\ ,
            data_out_udb_1 => \ADC_SAR_2:Net_207_1\ ,
            data_out_udb_0 => \ADC_SAR_2:Net_207_0\ ,
            eof_udb => Net_4277 );
        Properties:
        {
            cy_registers = ""
        }
ANAIF group 0: empty
PHUB group 0: empty
</CYPRESSTAG>
<CYPRESSTAG name="Port Configuration Details">

------------------------------------------------------------
Port Configuration report
------------------------------------------------------------
     |     |       | Interrupt |                  |                      | 
Port | Pin | Fixed |      Type |       Drive Mode |                 Name | Connections
-----+-----+-------+-----------+------------------+----------------------+-------------------------------------------
   0 |   0 |     * |      NONE |         CMOS_OUT |          BUTTON_1(0) | FB(Net_664)
     |   1 |     * |      NONE |         CMOS_OUT |          BUTTON_2(0) | FB(Net_665)
     |   2 |     * |      NONE |         CMOS_OUT |          BUTTON_3(0) | FB(Net_667)
     |   3 |     * |      NONE |         CMOS_OUT |          BUTTON_4(0) | FB(Net_668)
     |   4 |     * |      NONE |      HI_Z_ANALOG |    Pin_AnalogIN_1(0) | Analog(Net_4267)
     |   5 |     * |      NONE |      HI_Z_ANALOG |    Pin_AnalogIN_2(0) | Analog(Net_4274)
     |   6 |     * |      NONE |     HI_Z_DIGITAL |    Pin_AnalogIN_3(0) | 
-----+-----+-------+-----------+------------------+----------------------+-------------------------------------------
   1 |   2 |     * |      NONE |     HI_Z_DIGITAL |             LED_2(0) | 
     |   4 |     * |      NONE |     HI_Z_DIGITAL |     Pin_Encoder_B(0) | FB(Net_3898)
     |   5 |     * |      NONE |     HI_Z_DIGITAL |     Pin_Encoder_A(0) | FB(Net_3908)
-----+-----+-------+-----------+------------------+----------------------+-------------------------------------------
   2 |   0 |     * |      NONE |     HI_Z_DIGITAL |             LED_1(0) | 
     |   1 |     * |      NONE |         CMOS_OUT |        Pin_Toggle(0) | 
     |   3 |     * |      NONE |         CMOS_OUT | Pin_Engine_Mode_1(0) | In(Net_4260)
     |   4 |     * |      NONE |         CMOS_OUT | Pin_Engine_Mode_2(0) | In(Net_4257)
     |   5 |     * |      NONE |         CMOS_OUT |    Pin_Engine_PWM(0) | In(Net_4126)
     |   7 |     * |      NONE |     HI_Z_DIGITAL |             LED_3(0) | 
-----+-----+-------+-----------+------------------+----------------------+-------------------------------------------
   3 |   0 |     * |      NONE |         CMOS_OUT |        Pin_Safe_1(0) | 
     |   1 |     * |      NONE |         CMOS_OUT |        Pin_Safe_2(0) | 
     |   2 |     * |      NONE |    RES_PULL_DOWN |              EB_1(0) | FB(Net_4084)
     |   3 |     * |      NONE |    RES_PULL_DOWN |              EB_2(0) | FB(Net_4079)
     |   4 |     * |      NONE |    RES_PULL_DOWN |              EB_3(0) | FB(Net_4078)
     |   5 |     * |      NONE |    RES_PULL_DOWN |              EB_4(0) | FB(Net_4077)
     |   6 |     * |      NONE |    RES_PULL_DOWN |              EB_5(0) | FB(Net_4085)
     |   7 |     * |      NONE |    RES_PULL_DOWN |              EB_6(0) | FB(Net_4129)
-----+-----+-------+-----------+------------------+----------------------+-------------------------------------------
  12 |   0 |     * |      NONE |    OPEN_DRAIN_LO |               SCL(0) | FB(\I2C:Net_1109_0\), In(\I2C:Net_643_0\)
     |   1 |     * |      NONE |    OPEN_DRAIN_LO |               SDA(0) | FB(\I2C:Net_1109_1\), In(\I2C:sda_x_wire\)
     |   2 |     * |      NONE |     HI_Z_DIGITAL |           PSOC_RX(0) | FB(Net_4103)
     |   3 |     * |      NONE |         CMOS_OUT |           PSOC_TX(0) | In(Net_4105)
     |   4 |     * |      NONE |     HI_Z_DIGITAL |             LED_4(0) | 
     |   6 |     * |      NONE |     HI_Z_DIGITAL |          DEBUG_RX(0) | FB(Net_4091)
     |   7 |     * |      NONE |         CMOS_OUT |          DEBUG_TX(0) | In(Net_4090)
-----+-----+-------+-----------+------------------+----------------------+-------------------------------------------
  15 |   0 |     * |      NONE |    RES_PULL_DOWN |              EB_7(0) | FB(Net_4080)
     |   1 |     * |      NONE |    RES_PULL_DOWN |              EB_8(0) | FB(Net_4081)
     |   2 |     * |      NONE |    RES_PULL_DOWN |              EB_9(0) | FB(Net_4082)
     |   3 |     * |      NONE |    RES_PULL_DOWN |             EB_10(0) | FB(Net_4083)
     |   6 |     * |   FALLING |      HI_Z_ANALOG |      \USBUART:Dp(0)\ | Analog(\USBUART:Net_1000\)
     |   7 |     * |      NONE |      HI_Z_ANALOG |      \USBUART:Dm(0)\ | Analog(\USBUART:Net_597\)
---------------------------------------------------------------------------------------------------------------------
</CYPRESSTAG>
</CYPRESSTAG>
</CYPRESSTAG>
Digital component placer commit/Report: Elapsed time ==> 0s.145ms
Digital Placement phase: Elapsed time ==> 2s.178ms
</CYPRESSTAG>
<CYPRESSTAG name="Digital Routing">
"C:\tool\Cypress\PSoC Creator\4.2\PSoC Creator\bin/sjrouter.exe" --xml-path "C:\tool\Cypress\PSoC Creator\4.2\PSoC Creator\dev\psoc5/psoc5lp/route_arch-rrg.cydata" --vh2-path "50_PSOC1_DualChannel_r.vh2" --pcf-path "50_PSOC1_DualChannel.pco" --des-name "50_PSOC1_DualChannel" --dsf-path "50_PSOC1_DualChannel.dsf" --sdc-path "50_PSOC1_DualChannel.sdc" --lib-path "50_PSOC1_DualChannel_r.lib"
Routing successful.
Digital Routing phase: Elapsed time ==> 2s.219ms
</CYPRESSTAG>
<CYPRESSTAG name="Bitstream Generation">
Bitstream Generation phase: Elapsed time ==> 0s.137ms
</CYPRESSTAG>
<CYPRESSTAG name="Bitstream Verification">
Bitstream Verification phase: Elapsed time ==> 0s.027ms
</CYPRESSTAG>
<CYPRESSTAG name="Static timing analysis">
Timing report is in 50_PSOC1_DualChannel_timing.html.
Static timing analysis phase: Elapsed time ==> 0s.469ms
</CYPRESSTAG>
<CYPRESSTAG name="Data reporting">
Data reporting phase: Elapsed time ==> 0s.000ms
</CYPRESSTAG>
<CYPRESSTAG name="Database update...">
Design database save phase: Elapsed time ==> 0s.209ms
</CYPRESSTAG>
cydsfit: Elapsed time ==> 6s.150ms
</CYPRESSTAG>
Fitter phase: Elapsed time ==> 6s.151ms
API generation phase: Elapsed time ==> 2s.969ms
Dependency generation phase: Elapsed time ==> 0s.010ms
Cleanup phase: Elapsed time ==> 0s.000ms
