--------------- Rebuild Started: 07/05/2020 18:25:05 Project: 50_PSOC1_DualChannel, Configuration: ARM GCC 5.4-2016-q2-update Debug ---------------
Deleting file ".\CortexM3\ARM_GCC_541\Debug\main.o"
Deleting file ".\CortexM3\ARM_GCC_541\Debug\swc_control.o"
Deleting file ".\CortexM3\ARM_GCC_541\Debug\swc_pedal.o"
Deleting file ".\CortexM3\ARM_GCC_541\Debug\swc_engine.o"
Deleting file ".\CortexM3\ARM_GCC_541\Debug\swc_hmi.o"
Deleting file ".\CortexM3\ARM_GCC_541\Debug\error.o"
Deleting file ".\CortexM3\ARM_GCC_541\Debug\swc_com.o"
Deleting file ".\CortexM3\ARM_GCC_541\Debug\trcStreamingPort.o"
Deleting file ".\CortexM3\ARM_GCC_541\Debug\trcKernelPort.o"
Deleting file ".\CortexM3\ARM_GCC_541\Debug\trcSnapshotRecorder.o"
Deleting file ".\CortexM3\ARM_GCC_541\Debug\trcStreamingRecorder.o"
Deleting file ".\CortexM3\ARM_GCC_541\Debug\button.o"
Deleting file ".\CortexM3\ARM_GCC_541\Debug\led.o"
Deleting file ".\CortexM3\ARM_GCC_541\Debug\poti.o"
Deleting file ".\CortexM3\ARM_GCC_541\Debug\engine.o"
Deleting file ".\CortexM3\ARM_GCC_541\Debug\SSD1306.o"
Deleting file ".\CortexM3\ARM_GCC_541\Debug\vI2C_noOS.o"
Deleting file ".\CortexM3\ARM_GCC_541\Debug\engine_cfg.o"
Deleting file ".\CortexM3\ARM_GCC_541\Debug\watchdog.o"
Deleting file ".\CortexM3\ARM_GCC_541\Debug\ex_wdg.o"
Deleting file ".\CortexM3\ARM_GCC_541\Debug\logging.o"
Deleting file ".\CortexM3\ARM_GCC_541\Debug\rte.o"
Deleting file ".\CortexM3\ARM_GCC_541\Debug\rte_activation.o"
Deleting file ".\CortexM3\ARM_GCC_541\Debug\rte_signalpool.o"
Deleting file ".\CortexM3\ARM_GCC_541\Debug\speed_type.o"
Deleting file ".\CortexM3\ARM_GCC_541\Debug\pedal_type.o"
Deleting file ".\CortexM3\ARM_GCC_541\Debug\button_type.o"
Deleting file ".\CortexM3\ARM_GCC_541\Debug\pwm_type.o"
Deleting file ".\CortexM3\ARM_GCC_541\Debug\carstate_type.o"
Deleting file ".\CortexM3\ARM_GCC_541\Debug\event_type.o"
Deleting file ".\CortexM3\ARM_GCC_541\Debug\led_type.o"
Deleting file ".\CortexM3\ARM_GCC_541\Debug\drivingparam_type.o"
Deleting file ".\CortexM3\ARM_GCC_541\Debug\dip_type.o"
Deleting file ".\CortexM3\ARM_GCC_541\Debug\uartprot_type.o"
Deleting file ".\CortexM3\ARM_GCC_541\Debug\cyfitter_cfg.o"
Deleting file ".\CortexM3\ARM_GCC_541\Debug\cymetadata.o"
Deleting file ".\CortexM3\ARM_GCC_541\Debug\ErikaOS_1_ee_activate.o"
Deleting file ".\CortexM3\ARM_GCC_541\Debug\ErikaOS_1_ee_alcancel.o"
Deleting file ".\CortexM3\ARM_GCC_541\Debug\ErikaOS_1_ee_alget.o"
Deleting file ".\CortexM3\ARM_GCC_541\Debug\ErikaOS_1_ee_algetbase.o"
Deleting file ".\CortexM3\ARM_GCC_541\Debug\ErikaOS_1_ee_alsetabs.o"
Deleting file ".\CortexM3\ARM_GCC_541\Debug\ErikaOS_1_ee_alsetrel.o"
Deleting file ".\CortexM3\ARM_GCC_541\Debug\ErikaOS_1_ee_altick.o"
Deleting file ".\CortexM3\ARM_GCC_541\Debug\ErikaOS_1_ee_chaintas.o"
Deleting file ".\CortexM3\ARM_GCC_541\Debug\ErikaOS_1_ee_evclear.o"
Deleting file ".\CortexM3\ARM_GCC_541\Debug\ErikaOS_1_ee_evget.o"
Deleting file ".\CortexM3\ARM_GCC_541\Debug\ErikaOS_1_ee_evset.o"
Deleting file ".\CortexM3\ARM_GCC_541\Debug\ErikaOS_1_ee_evwait.o"
Deleting file ".\CortexM3\ARM_GCC_541\Debug\ErikaOS_1_ee_force_schedule.o"
Deleting file ".\CortexM3\ARM_GCC_541\Debug\ErikaOS_1_ee_getcountervalue.o"
Deleting file ".\CortexM3\ARM_GCC_541\Debug\ErikaOS_1_ee_getelapsedvalue.o"
Deleting file ".\CortexM3\ARM_GCC_541\Debug\ErikaOS_1_ee_gettaskid.o"
Deleting file ".\CortexM3\ARM_GCC_541\Debug\ErikaOS_1_ee_gettaskstate.o"
Deleting file ".\CortexM3\ARM_GCC_541\Debug\ErikaOS_1_ee_iparam.o"
Deleting file ".\CortexM3\ARM_GCC_541\Debug\ErikaOS_1_ee_irqendin.o"
Deleting file ".\CortexM3\ARM_GCC_541\Debug\ErikaOS_1_ee_lockres.o"
Deleting file ".\CortexM3\ARM_GCC_541\Debug\ErikaOS_1_ee_lookup.o"
Deleting file ".\CortexM3\ARM_GCC_541\Debug\ErikaOS_1_ee_rq_exchg.o"
Deleting file ".\CortexM3\ARM_GCC_541\Debug\ErikaOS_1_ee_rq_first.o"
Deleting file ".\CortexM3\ARM_GCC_541\Debug\ErikaOS_1_ee_rq_inser.o"
Deleting file ".\CortexM3\ARM_GCC_541\Debug\ErikaOS_1_ee_schedule.o"
Deleting file ".\CortexM3\ARM_GCC_541\Debug\ErikaOS_1_ee_semgetvalue.o"
Deleting file ".\CortexM3\ARM_GCC_541\Debug\ErikaOS_1_ee_sempost.o"
Deleting file ".\CortexM3\ARM_GCC_541\Debug\ErikaOS_1_ee_semtrywait.o"
Deleting file ".\CortexM3\ARM_GCC_541\Debug\ErikaOS_1_ee_semwait.o"
Deleting file ".\CortexM3\ARM_GCC_541\Debug\ErikaOS_1_ee_shtdown.o"
Deleting file ".\CortexM3\ARM_GCC_541\Debug\ErikaOS_1_ee_startos.o"
Deleting file ".\CortexM3\ARM_GCC_541\Debug\ErikaOS_1_ee_terminat.o"
Deleting file ".\CortexM3\ARM_GCC_541\Debug\ErikaOS_1_ee_thendin.o"
Deleting file ".\CortexM3\ARM_GCC_541\Debug\ErikaOS_1_ee_tnterm.o"
Deleting file ".\CortexM3\ARM_GCC_541\Debug\ErikaOS_1_ee_tstub.o"
Deleting file ".\CortexM3\ARM_GCC_541\Debug\ErikaOS_1_ee_ulockallres.o"
Deleting file ".\CortexM3\ARM_GCC_541\Debug\ErikaOS_1_ee_ulockres.o"
Deleting file ".\CortexM3\ARM_GCC_541\Debug\ErikaOS_1_cortex_mx_ee_context.o"
Deleting file ".\CortexM3\ARM_GCC_541\Debug\ErikaOS_1_cortex_mx_ee_system_timer.o"
Deleting file ".\CortexM3\ARM_GCC_541\Debug\ErikaOS_1_cortex_mx_ee_utils.o"
Deleting file ".\CortexM3\ARM_GCC_541\Debug\ErikaOS_1_ee_gnu_change_context_isr.o"
Deleting file ".\CortexM3\ARM_GCC_541\Debug\ErikaOS_1_ee_gnu_irq_stack.o"
Deleting file ".\CortexM3\ARM_GCC_541\Debug\ErikaOS_1_ee_gnu_multi_context.o"
Deleting file ".\CortexM3\ARM_GCC_541\Debug\ErikaOS_1_ee_gnu_oo.o"
Deleting file ".\CortexM3\ARM_GCC_541\Debug\ErikaOS_1_common_ee_hal_structs.o"
Deleting file ".\CortexM3\ARM_GCC_541\Debug\ErikaOS_1_eecfg.o"
Deleting file ".\CortexM3\ARM_GCC_541\Debug\EB_4.o"
Deleting file ".\CortexM3\ARM_GCC_541\Debug\EB_3.o"
Deleting file ".\CortexM3\ARM_GCC_541\Debug\EB_2.o"
Deleting file ".\CortexM3\ARM_GCC_541\Debug\EB_7.o"
Deleting file ".\CortexM3\ARM_GCC_541\Debug\EB_8.o"
Deleting file ".\CortexM3\ARM_GCC_541\Debug\EB_9.o"
Deleting file ".\CortexM3\ARM_GCC_541\Debug\EB_10.o"
Deleting file ".\CortexM3\ARM_GCC_541\Debug\LED_4.o"
Deleting file ".\CortexM3\ARM_GCC_541\Debug\EB_1.o"
Deleting file ".\CortexM3\ARM_GCC_541\Debug\EB_5.o"
Deleting file ".\CortexM3\ARM_GCC_541\Debug\BUTTON_1.o"
Deleting file ".\CortexM3\ARM_GCC_541\Debug\isr_Button.o"
Deleting file ".\CortexM3\ARM_GCC_541\Debug\BUTTON_2.o"
Deleting file ".\CortexM3\ARM_GCC_541\Debug\BUTTON_3.o"
Deleting file ".\CortexM3\ARM_GCC_541\Debug\BUTTON_4.o"
Deleting file ".\CortexM3\ARM_GCC_541\Debug\LED_1.o"
Deleting file ".\CortexM3\ARM_GCC_541\Debug\LED_3.o"
Deleting file ".\CortexM3\ARM_GCC_541\Debug\LED_2.o"
Deleting file ".\CortexM3\ARM_GCC_541\Debug\UART_LOG.o"
Deleting file ".\CortexM3\ARM_GCC_541\Debug\UART_LOG_PM.o"
Deleting file ".\CortexM3\ARM_GCC_541\Debug\UART_LOG_INT.o"
Deleting file ".\CortexM3\ARM_GCC_541\Debug\UART_LOG_BOOT.o"
Deleting file ".\CortexM3\ARM_GCC_541\Debug\UART_PSOC.o"
Deleting file ".\CortexM3\ARM_GCC_541\Debug\UART_PSOC_PM.o"
Deleting file ".\CortexM3\ARM_GCC_541\Debug\UART_PSOC_INT.o"
Deleting file ".\CortexM3\ARM_GCC_541\Debug\UART_PSOC_BOOT.o"
Deleting file ".\CortexM3\ARM_GCC_541\Debug\ENGINE_PWM.o"
Deleting file ".\CortexM3\ARM_GCC_541\Debug\ENGINE_PWM_PM.o"
Deleting file ".\CortexM3\ARM_GCC_541\Debug\Pin_Safe_1.o"
Deleting file ".\CortexM3\ARM_GCC_541\Debug\Pin_Safe_2.o"
Deleting file ".\CortexM3\ARM_GCC_541\Debug\EB_Status_Reg_2.o"
Deleting file ".\CortexM3\ARM_GCC_541\Debug\EB_6.o"
Deleting file ".\CortexM3\ARM_GCC_541\Debug\USBUART.o"
Deleting file ".\CortexM3\ARM_GCC_541\Debug\USBUART_audio.o"
Deleting file ".\CortexM3\ARM_GCC_541\Debug\USBUART_boot.o"
Deleting file ".\CortexM3\ARM_GCC_541\Debug\USBUART_cdc.o"
Deleting file ".\CortexM3\ARM_GCC_541\Debug\USBUART_cls.o"
Deleting file ".\CortexM3\ARM_GCC_541\Debug\USBUART_descr.o"
Deleting file ".\CortexM3\ARM_GCC_541\Debug\USBUART_drv.o"
Deleting file ".\CortexM3\ARM_GCC_541\Debug\USBUART_episr.o"
Deleting file ".\CortexM3\ARM_GCC_541\Debug\USBUART_hid.o"
Deleting file ".\CortexM3\ARM_GCC_541\Debug\USBUART_pm.o"
Deleting file ".\CortexM3\ARM_GCC_541\Debug\USBUART_std.o"
Deleting file ".\CortexM3\ARM_GCC_541\Debug\USBUART_vnd.o"
Deleting file ".\CortexM3\ARM_GCC_541\Debug\USBUART_midi.o"
Deleting file ".\CortexM3\ARM_GCC_541\Debug\USBUART_msc.o"
Deleting file ".\CortexM3\ARM_GCC_541\Debug\Clock_SR.o"
Deleting file ".\CortexM3\ARM_GCC_541\Debug\EB_Status_Reg_1.o"
Deleting file ".\CortexM3\ARM_GCC_541\Debug\Pin_AnalogIN_1.o"
Deleting file ".\CortexM3\ARM_GCC_541\Debug\Pin_AnalogIN_3.o"
Deleting file ".\CortexM3\ARM_GCC_541\Debug\SCL.o"
Deleting file ".\CortexM3\ARM_GCC_541\Debug\SDA.o"
Deleting file ".\CortexM3\ARM_GCC_541\Debug\I2C.o"
Deleting file ".\CortexM3\ARM_GCC_541\Debug\I2C_BOOT.o"
Deleting file ".\CortexM3\ARM_GCC_541\Debug\I2C_INT.o"
Deleting file ".\CortexM3\ARM_GCC_541\Debug\I2C_PM.o"
Deleting file ".\CortexM3\ARM_GCC_541\Debug\I2C_SLAVE.o"
Deleting file ".\CortexM3\ARM_GCC_541\Debug\I2C_MASTER.o"
Deleting file ".\CortexM3\ARM_GCC_541\Debug\Clock_PWM.o"
Deleting file ".\CortexM3\ARM_GCC_541\Debug\ENGINE_DECODER.o"
Deleting file ".\CortexM3\ARM_GCC_541\Debug\ENGINE_DECODER_INT.o"
Deleting file ".\CortexM3\ARM_GCC_541\Debug\ENGINE_DECODER_PM.o"
Deleting file ".\CortexM3\ARM_GCC_541\Debug\Pin_Encoder_A.o"
Deleting file ".\CortexM3\ARM_GCC_541\Debug\Pin_Encoder_B.o"
Deleting file ".\CortexM3\ARM_GCC_541\Debug\ENGINE_Direction.o"
Deleting file ".\CortexM3\ARM_GCC_541\Debug\ENGINE_Direction_PM.o"
Deleting file ".\CortexM3\ARM_GCC_541\Debug\Pin_Engine_Mode_1.o"
Deleting file ".\CortexM3\ARM_GCC_541\Debug\Pin_Engine_Mode_2.o"
Deleting file ".\CortexM3\ARM_GCC_541\Debug\Pin_AnalogIN_2.o"
Deleting file ".\CortexM3\ARM_GCC_541\Debug\Pin_Engine_PWM.o"
Deleting file ".\CortexM3\ARM_GCC_541\Debug\UART_LOG_IntClock.o"
Deleting file ".\CortexM3\ARM_GCC_541\Debug\UART_PSOC_IntClock.o"
Deleting file ".\CortexM3\ARM_GCC_541\Debug\USBUART_Dm.o"
Deleting file ".\CortexM3\ARM_GCC_541\Debug\USBUART_Dp.o"
Deleting file ".\CortexM3\ARM_GCC_541\Debug\ENGINE_DECODER_isr.o"
Deleting file ".\CortexM3\ARM_GCC_541\Debug\ENGINE_DECODER_Cnt16.o"
Deleting file ".\CortexM3\ARM_GCC_541\Debug\ENGINE_DECODER_Cnt16_PM.o"
Deleting file ".\CortexM3\ARM_GCC_541\Debug\cy_em_eeprom.o"
Deleting file ".\CortexM3\ARM_GCC_541\Debug\Cm3Start.o"
Deleting file ".\CortexM3\ARM_GCC_541\Debug\CyBootAsmGnu.o"
Deleting file ".\CortexM3\ARM_GCC_541\Debug\CyDmac.o"
Deleting file ".\CortexM3\ARM_GCC_541\Debug\CyFlash.o"
Deleting file ".\CortexM3\ARM_GCC_541\Debug\CyLib.o"
Deleting file ".\CortexM3\ARM_GCC_541\Debug\cyPm.o"
Deleting file ".\CortexM3\ARM_GCC_541\Debug\CySpc.o"
Deleting file ".\CortexM3\ARM_GCC_541\Debug\cyutils.o"
Deleting file ".\CortexM3\ARM_GCC_541\Debug\ADC_SAR_1.o"
Deleting file ".\CortexM3\ARM_GCC_541\Debug\ADC_SAR_1_INT.o"
Deleting file ".\CortexM3\ARM_GCC_541\Debug\ADC_SAR_1_PM.o"
Deleting file ".\CortexM3\ARM_GCC_541\Debug\ADC_SAR_2.o"
Deleting file ".\CortexM3\ARM_GCC_541\Debug\ADC_SAR_2_INT.o"
Deleting file ".\CortexM3\ARM_GCC_541\Debug\ADC_SAR_2_PM.o"
Deleting file ".\CortexM3\ARM_GCC_541\Debug\ADC_SAR_1_IRQ.o"
Deleting file ".\CortexM3\ARM_GCC_541\Debug\ADC_SAR_1_theACLK.o"
Deleting file ".\CortexM3\ARM_GCC_541\Debug\ADC_SAR_2_IRQ.o"
Deleting file ".\CortexM3\ARM_GCC_541\Debug\ADC_SAR_2_theACLK.o"
Deleting file ".\CortexM3\ARM_GCC_541\Debug\isr_uart_psoc_rx.o"
Deleting file ".\CortexM3\ARM_GCC_541\Debug\Pin_Toggle.o"
Deleting file ".\CortexM3\ARM_GCC_541\Debug\50_PSOC1_DualChannel.hex"
Deleting file ".\CortexM3\ARM_GCC_541\Debug\50_PSOC1_DualChannel.elf"
Deleting file ".\CortexM3\ARM_GCC_541\Debug\50_PSOC1_DualChannel.map"
Deleting file ".\50_PSOC1_DualChannel.cycdx"
Deleting file ".\50_PSOC1_DualChannel.svd"
Deleting file ".\50_PSOC1_DualChannel.rpt"
Deleting file ".\50_PSOC1_DualChannel_timing.html"
Deleting file ".\CortexM3\ARM_GCC_541\Debug\.deps\SOURCE_C__ARM_GCC_GENERIC.P"
Deleting file ".\CortexM3\ARM_GCC_541\Debug\.deps\SOURCE_ASM__ARM_GCC_GENERIC.P"
cydsfit.exe -.appdatapath "C:\Users\Fromm\AppData\Local\Cypress Semiconductor\PSoC Creator\4.2" -.fdsnotice -.fdswarpdepfile=warp_dependencies.txt -.fdselabdepfile=elab_dependencies.txt -.fdsbldfile=generated_files.txt -.fdsreffile=referenced_files.txt -p D:\50_HDA\60_Lehre\40_Vorlesungen\17_SECS\20_Lecture\__work\50_PSOC1_DualChannel.cydsn\50_PSOC1_DualChannel.cyprj -d CY8C5888LTQ-LP097 -s D:\50_HDA\60_Lehre\40_Vorlesungen\17_SECS\20_Lecture\__work\50_PSOC1_DualChannel.cydsn\Generated_Source\PSoC5 -- -yv2 -q10 -ygs -o2 -v3 -.fftcfgtype=LE
Elaborating Design...
HDL Generation...
Synthesis...
Tech Mapping...
Info: plm.M0038: The pin named LED_4(0) at location P12[4] prevents usage of special purposes: I2C:SCL. (App=cydsfit)
Analog Placement...
Log: apr.M0058: The analog placement iterative improvement is 91% done. (App=cydsfit)
Analog Routing...
Analog Code Generation...
Digital Placement...
Digital Routing...
Bitstream Generation...
Bitstream Verification...
Static timing analysis...
API Generation...
Dependency Generation...
Cleanup...
arm-none-eabi-gcc.exe -mcpu=cortex-m3 -mthumb -I.\source\asw -I.\source\bsw -I.\source\bsw\TraceRecorder -I.\source\bsw\TraceRecorder\config -I.\source\bsw\TraceRecorder\include -I.\source\bsw\TraceRecorder\streamport -I.\source\bsw\Services -I.\source\bsw\Board -I.\source\rte -I. -IGenerated_Source\PSoC5 -Wa,-alh=.\CortexM3\ARM_GCC_541\Debug/main.lst -g -D DEBUG -D CY_CORE_ID=0 -Wall -ffunction-sections -ffat-lto-objects -Og -c source\asw\main.c -o .\CortexM3\ARM_GCC_541\Debug\main.o
In file included from Generated_Source\PSoC5/ErikaOS_1_ee_api.inc:73:0,
                 from Generated_Source\PSoC5/ErikaOS_1_ee.h:129,
                 from Generated_Source\PSoC5/project.h:22,
                 from source\asw\main.c:32:
.\source\bsw\Services/ringbuffer.h: In function 'Ringbuffer_Read':
Generated_Source\PSoC5/ErikaOS_1_ee_oo_api.inc:136:35: warning: implicit declaration of function 'EE_oo_GetResource' [-Wimplicit-function-declaration]
 #define GetResource               EE_oo_GetResource
                                   ^
.\source\bsw\Services/ringbuffer.h:111:9: note: in expansion of macro 'GetResource'
         GetResource(rb->erika_ressource);
         ^
Generated_Source\PSoC5/ErikaOS_1_ee_oo_api.inc:140:35: warning: implicit declaration of function 'EE_oo_ReleaseResource' [-Wimplicit-function-declaration]
 #define ReleaseResource           EE_oo_ReleaseResource
                                   ^
.\source\bsw\Services/ringbuffer.h:132:9: note: in expansion of macro 'ReleaseResource'
         ReleaseResource(rb->erika_ressource);
         ^
source\asw\main.c: In function 'Functsk_Init':
arm-none-eabi-gcc.exe -mcpu=cortex-m3 -mthumb -I.\source\asw -I.\source\bsw -I.\source\bsw\TraceRecorder -I.\source\bsw\TraceRecorder\config -I.\source\bsw\TraceRecorder\include -I.\source\bsw\TraceRecorder\streamport -I.\source\bsw\Services -I.\source\bsw\Board -I.\source\rte -I. -IGenerated_Source\PSoC5 -Wa,-alh=.\CortexM3\ARM_GCC_541\Debug/swc_control.lst -g -D DEBUG -D CY_CORE_ID=0 -Wall -ffunction-sections -ffat-lto-objects -Og -c source\asw\swc_control.c -o .\CortexM3\ARM_GCC_541\Debug\swc_control.o
source\asw\main.c:109:10: warning: unused variable 'result' [-Wunused-variable]
     RC_t result;
          ^
source\asw\main.c: In function 'Functsk_EventDispatcher':
source\asw\main.c:184:9: warning: implicit declaration of function 'WD_hitCheckpoint' [-Wimplicit-function-declaration]
         WD_hitCheckpoint(0);
         ^
source\asw\main.c: In function 'Functsk_Background':
source\asw\main.c:220:25: warning: implicit declaration of function 'WD_allCheckpointsHit' [-Wimplicit-function-declaration]
             if (TRUE == WD_allCheckpointsHit())
                         ^
source\asw\main.c: In function 'ISR2_isr_uart_psoc_rx':
source\asw\main.c:282:10: warning: unused variable 'result' [-Wunused-variable]
     RC_t result = Ringbuffer_Put(&REMOTE_rx_buffer,data);
          ^
In file included from Generated_Source\PSoC5/ErikaOS_1_ee_api.inc:73:0,
                 from Generated_Source\PSoC5/ErikaOS_1_ee.h:129,
                 from Generated_Source\PSoC5/project.h:22,
                 from .\source\bsw/global.h:66,
                 from .\source\rte/rte.h:80,
                 from source\asw\swc_control.c:6:
.\source\bsw\Services/ringbuffer.h: In function 'Ringbuffer_Read':
Generated_Source\PSoC5/ErikaOS_1_ee_oo_api.inc:136:35: warning: implicit declaration of function 'EE_oo_GetResource' [-Wimplicit-function-declaration]
 #define GetResource               EE_oo_GetResource
                                   ^
.\source\bsw\Services/ringbuffer.h:111:9: note: in expansion of macro 'GetResource'
         GetResource(rb->erika_ressource);
         ^
Generated_Source\PSoC5/ErikaOS_1_ee_oo_api.inc:140:35: warning: implicit declaration of function 'EE_oo_ReleaseResource' [-Wimplicit-function-declaration]
 #define ReleaseResource           EE_oo_ReleaseResource
                                   ^
.\source\bsw\Services/ringbuffer.h:132:9: note: in expansion of macro 'ReleaseResource'
         ReleaseResource(rb->erika_ressource);
         ^
source\asw\swc_control.c: In function 'CTRL_checkUserInput_run':
source\asw\swc_control.c:60:10: warning: variable 'result' set but not used [-Wunused-but-set-variable]
     RC_t result = RC_SUCCESS;
          ^
source\asw\swc_control.c: In function 'CTRL__engineStop':
source\asw\swc_control.c:311:10: warning: variable 'result' set but not used [-Wunused-but-set-variable]
     RC_t result = RC_SUCCESS;
          ^
source\asw\swc_control.c: In function 'CTRL__setTargetSpeed':
source\asw\swc_control.c:343:10: warning: variable 'result' set but not used [-Wunused-but-set-variable]
     RC_t result = RC_SUCCESS;
          ^
source\asw\swc_control.c: In function 'CTRL__reduceTargetSpeed':
source\asw\swc_control.c:390:10: warning: variable 'result' set but not used [-Wunused-but-set-variable]
     RC_t result = RC_SUCCESS;
          ^
source\asw\swc_control.c: In function 'CTRL__engineIsStopped':
source\asw\swc_control.c:478:10: warning: unused variable 'result' [-Wunused-variable]
     RC_t result = RC_SUCCESS;
          ^
arm-none-eabi-gcc.exe -mcpu=cortex-m3 -mthumb -I.\source\asw -I.\source\bsw -I.\source\bsw\TraceRecorder -I.\source\bsw\TraceRecorder\config -I.\source\bsw\TraceRecorder\include -I.\source\bsw\TraceRecorder\streamport -I.\source\bsw\Services -I.\source\bsw\Board -I.\source\rte -I. -IGenerated_Source\PSoC5 -Wa,-alh=.\CortexM3\ARM_GCC_541\Debug/swc_pedal.lst -g -D DEBUG -D CY_CORE_ID=0 -Wall -ffunction-sections -ffat-lto-objects -Og -c source\asw\swc_pedal.c -o .\CortexM3\ARM_GCC_541\Debug\swc_pedal.o
In file included from Generated_Source\PSoC5/ErikaOS_1_ee_api.inc:73:0,
                 from Generated_Source\PSoC5/ErikaOS_1_ee.h:129,
                 from Generated_Source\PSoC5/project.h:22,
                 from .\source\bsw/global.h:66,
                 from .\source\rte/rte.h:80,
                 from source\asw\swc_pedal.c:6:
.\source\bsw\Services/ringbuffer.h: In function 'Ringbuffer_Read':
arm-none-eabi-gcc.exe -mcpu=cortex-m3 -mthumb -I.\source\asw -I.\source\bsw -I.\source\bsw\TraceRecorder -I.\source\bsw\TraceRecorder\config -I.\source\bsw\TraceRecorder\include -I.\source\bsw\TraceRecorder\streamport -I.\source\bsw\Services -I.\source\bsw\Board -I.\source\rte -I. -IGenerated_Source\PSoC5 -Wa,-alh=.\CortexM3\ARM_GCC_541\Debug/swc_engine.lst -g -D DEBUG -D CY_CORE_ID=0 -Wall -ffunction-sections -ffat-lto-objects -Og -c source\asw\swc_engine.c -o .\CortexM3\ARM_GCC_541\Debug\swc_engine.o
Generated_Source\PSoC5/ErikaOS_1_ee_oo_api.inc:136:35: warning: implicit declaration of function 'EE_oo_GetResource' [-Wimplicit-function-declaration]
 #define GetResource               EE_oo_GetResource
                                   ^
.\source\bsw\Services/ringbuffer.h:111:9: note: in expansion of macro 'GetResource'
         GetResource(rb->erika_ressource);
         ^
Generated_Source\PSoC5/ErikaOS_1_ee_oo_api.inc:140:35: warning: implicit declaration of function 'EE_oo_ReleaseResource' [-Wimplicit-function-declaration]
 #define ReleaseResource           EE_oo_ReleaseResource
                                   ^
.\source\bsw\Services/ringbuffer.h:132:9: note: in expansion of macro 'ReleaseResource'
         ReleaseResource(rb->erika_ressource);
         ^
source\asw\swc_pedal.c: In function 'PEDAL_init_run':
source\asw\swc_pedal.c:19:10: warning: unused variable 'result' [-Wunused-variable]
     RC_t result = POTI_Init();
          ^
source\asw\swc_pedal.c: In function 'PEDAL_readCheckAdc_run':
source\asw\swc_pedal.c:26:10: warning: variable 'result' set but not used [-Wunused-but-set-variable]
     RC_t result = RC_SUCCESS;
          ^
In file included from source\asw\swc_pedal.c:9:0:
source\asw\swc_pedal.c: In function 'PEDAL_errorHandler_run':
source\asw\swc_pedal.c:56:40: warning: format '%d' expects argument of type 'int', but argument 3 has type 'uint32_t {aka long unsigned int}' [-Wformat=]
         LOG_I("PEDAL_errorHandler_run","ERROR - wrong data from ADC : %d",pedalAge);
                                        ^
.\source\bsw\Services/logging.h:97:31: note: in definition of macro 'LOG'
         sprintf (msg.message, __VA_ARGS__);         \
                               ^
source\asw\swc_pedal.c:56:9: note: in expansion of macro 'LOG_I'
         LOG_I("PEDAL_errorHandler_run","ERROR - wrong data from ADC : %d",pedalAge);
         ^
source\asw\swc_pedal.c:56:40: warning: format '%d' expects argument of type 'int', but argument 3 has type 'uint32_t {aka long unsigned int}' [-Wformat=]
         LOG_I("PEDAL_errorHandler_run","ERROR - wrong data from ADC : %d",pedalAge);
                                        ^
.\source\bsw\Services/logging.h:97:31: note: in definition of macro 'LOG'
         sprintf (msg.message, __VA_ARGS__);         \
                               ^
source\asw\swc_pedal.c:56:9: note: in expansion of macro 'LOG_I'
         LOG_I("PEDAL_errorHandler_run","ERROR - wrong data from ADC : %d",pedalAge);
         ^
source\asw\swc_pedal.c:39:10: warning: variable 'result' set but not used [-Wunused-but-set-variable]
     RC_t result = RC_SUCCESS;
          ^
In file included from Generated_Source\PSoC5/ErikaOS_1_ee_api.inc:73:0,
                 from Generated_Source\PSoC5/ErikaOS_1_ee.h:129,
                 from Generated_Source\PSoC5/project.h:22,
                 from .\source\bsw/global.h:66,
                 from .\source\rte/rte.h:80,
                 from source\asw\swc_engine.c:6:
.\source\bsw\Services/ringbuffer.h: In function 'Ringbuffer_Read':
Generated_Source\PSoC5/ErikaOS_1_ee_oo_api.inc:136:35: warning: implicit declaration of function 'EE_oo_GetResource' [-Wimplicit-function-declaration]
 #define GetResource               EE_oo_GetResource
                                   ^
.\source\bsw\Services/ringbuffer.h:111:9: note: in expansion of macro 'GetResource'
         GetResource(rb->erika_ressource);
         ^
Generated_Source\PSoC5/ErikaOS_1_ee_oo_api.inc:140:35: warning: implicit declaration of function 'EE_oo_ReleaseResource' [-Wimplicit-function-declaration]
 #define ReleaseResource           EE_oo_ReleaseResource
                                   ^
.\source\bsw\Services/ringbuffer.h:132:9: note: in expansion of macro 'ReleaseResource'
         ReleaseResource(rb->erika_ressource);
         ^
source\asw\swc_engine.c: In function 'ENGINE_init_run':
source\asw\swc_engine.c:21:10: warning: unused variable 'result' [-Wunused-variable]
     RC_t result = ENG_Init();
          ^
source\asw\swc_engine.c: In function 'ENGINE_setControlSpeed_run':
source\asw\swc_engine.c:40:9: warning: implicit declaration of function 'abs' [-Wimplicit-function-declaration]
     if (abs(targetSpeed.m_rpm) > allowedTargetSpeed.m_maxSpeed)
         ^
source\asw\swc_engine.c: In function 'ENGINE_errorHandler_run':
source\asw\swc_engine.c:110:14: warning: variable 'result' set but not used [-Wunused-but-set-variable]
         RC_t result = RTE_PWM_set(&SO_CONTROLSPEED_signal, controlSpeed);
              ^
arm-none-eabi-gcc.exe -mcpu=cortex-m3 -mthumb -I.\source\asw -I.\source\bsw -I.\source\bsw\TraceRecorder -I.\source\bsw\TraceRecorder\config -I.\source\bsw\TraceRecorder\include -I.\source\bsw\TraceRecorder\streamport -I.\source\bsw\Services -I.\source\bsw\Board -I.\source\rte -I. -IGenerated_Source\PSoC5 -Wa,-alh=.\CortexM3\ARM_GCC_541\Debug/swc_hmi.lst -g -D DEBUG -D CY_CORE_ID=0 -Wall -ffunction-sections -ffat-lto-objects -Og -c source\asw\swc_hmi.c -o .\CortexM3\ARM_GCC_541\Debug\swc_hmi.o
In file included from Generated_Source\PSoC5/ErikaOS_1_ee_api.inc:73:0,
                 from Generated_Source\PSoC5/ErikaOS_1_ee.h:129,
                 from Generated_Source\PSoC5/project.h:22,
                 from .\source\bsw/global.h:66,
                 from .\source\rte/rte.h:80,
                 from source\asw\swc_hmi.c:6:
.\source\bsw\Services/ringbuffer.h: In function 'Ringbuffer_Read':
Generated_Source\PSoC5/ErikaOS_1_ee_oo_api.inc:136:35: warning: implicit declaration of function 'EE_oo_GetResource' [-Wimplicit-function-declaration]
 #define GetResource               EE_oo_GetResource
                                   ^
.\source\bsw\Services/ringbuffer.h:111:9: note: in expansion of macro 'GetResource'
         GetResource(rb->erika_ressource);
         ^
Generated_Source\PSoC5/ErikaOS_1_ee_oo_api.inc:140:35: warning: implicit declaration of function 'EE_oo_ReleaseResource' [-Wimplicit-function-declaration]
 #define ReleaseResource           EE_oo_ReleaseResource
                                   ^
.\source\bsw\Services/ringbuffer.h:132:9: note: in expansion of macro 'ReleaseResource'
         ReleaseResource(rb->erika_ressource);
         ^
source\asw\swc_hmi.c: In function 'HMI_init_run':
source\asw\swc_hmi.c:18:10: warning: variable 'result' set but not used [-Wunused-but-set-variable]
     RC_t result = RC_ERROR;
          ^
arm-none-eabi-gcc.exe -mcpu=cortex-m3 -mthumb -I.\source\asw -I.\source\bsw -I.\source\bsw\TraceRecorder -I.\source\bsw\TraceRecorder\config -I.\source\bsw\TraceRecorder\include -I.\source\bsw\TraceRecorder\streamport -I.\source\bsw\Services -I.\source\bsw\Board -I.\source\rte -I. -IGenerated_Source\PSoC5 -Wa,-alh=.\CortexM3\ARM_GCC_541\Debug/error.lst -g -D DEBUG -D CY_CORE_ID=0 -Wall -ffunction-sections -ffat-lto-objects -Og -c source\asw\error.c -o .\CortexM3\ARM_GCC_541\Debug\error.o
In file included from Generated_Source\PSoC5/ErikaOS_1_ee_api.inc:73:0,
                 from Generated_Source\PSoC5/ErikaOS_1_ee.h:129,
                 from Generated_Source\PSoC5/project.h:22,
                 from .\source\bsw/global.h:66,
                 from .\source\rte/rte.h:80,
                 from source\asw\error.c:24:
.\source\bsw\Services/ringbuffer.h: In function 'Ringbuffer_Read':
arm-none-eabi-gcc.exe -mcpu=cortex-m3 -mthumb -I.\source\asw -I.\source\bsw -I.\source\bsw\TraceRecorder -I.\source\bsw\TraceRecorder\config -I.\source\bsw\TraceRecorder\include -I.\source\bsw\TraceRecorder\streamport -I.\source\bsw\Services -I.\source\bsw\Board -I.\source\rte -I. -IGenerated_Source\PSoC5 -Wa,-alh=.\CortexM3\ARM_GCC_541\Debug/swc_com.lst -g -D DEBUG -D CY_CORE_ID=0 -Wall -ffunction-sections -ffat-lto-objects -Og -c source\asw\swc_com.c -o .\CortexM3\ARM_GCC_541\Debug\swc_com.o
Generated_Source\PSoC5/ErikaOS_1_ee_oo_api.inc:136:35: warning: implicit declaration of function 'EE_oo_GetResource' [-Wimplicit-function-declaration]
 #define GetResource               EE_oo_GetResource
                                   ^
.\source\bsw\Services/ringbuffer.h:111:9: note: in expansion of macro 'GetResource'
         GetResource(rb->erika_ressource);
         ^
Generated_Source\PSoC5/ErikaOS_1_ee_oo_api.inc:140:35: warning: implicit declaration of function 'EE_oo_ReleaseResource' [-Wimplicit-function-declaration]
 #define ReleaseResource           EE_oo_ReleaseResource
                                   ^
.\source\bsw\Services/ringbuffer.h:132:9: note: in expansion of macro 'ReleaseResource'
         ReleaseResource(rb->erika_ressource);
         ^
In file included from Generated_Source\PSoC5/ErikaOS_1_ee_api.inc:73:0,
                 from Generated_Source\PSoC5/ErikaOS_1_ee.h:129,
                 from Generated_Source\PSoC5/project.h:22,
                 from .\source\bsw/global.h:66,
                 from .\source\rte/rte.h:80,
                 from source\asw\swc_com.c:6:
.\source\bsw\Services/ringbuffer.h: In function 'Ringbuffer_Read':
Generated_Source\PSoC5/ErikaOS_1_ee_oo_api.inc:136:35: warning: implicit declaration of function 'EE_oo_GetResource' [-Wimplicit-function-declaration]
 #define GetResource               EE_oo_GetResource
                                   ^
.\source\bsw\Services/ringbuffer.h:111:9: note: in expansion of macro 'GetResource'
         GetResource(rb->erika_ressource);
         ^
Generated_Source\PSoC5/ErikaOS_1_ee_oo_api.inc:140:35: warning: implicit declaration of function 'EE_oo_ReleaseResource' [-Wimplicit-function-declaration]
 #define ReleaseResource           EE_oo_ReleaseResource
                                   ^
.\source\bsw\Services/ringbuffer.h:132:9: note: in expansion of macro 'ReleaseResource'
         ReleaseResource(rb->erika_ressource);
         ^
source\asw\swc_com.c: In function 'COM_init_run':
source\asw\swc_com.c:18:10: warning: variable 'result' set but not used [-Wunused-but-set-variable]
     RC_t result = RC_SUCCESS;
          ^
arm-none-eabi-gcc.exe -mcpu=cortex-m3 -mthumb -I.\source\asw -I.\source\bsw -I.\source\bsw\TraceRecorder -I.\source\bsw\TraceRecorder\config -I.\source\bsw\TraceRecorder\include -I.\source\bsw\TraceRecorder\streamport -I.\source\bsw\Services -I.\source\bsw\Board -I.\source\rte -I. -IGenerated_Source\PSoC5 -Wa,-alh=.\CortexM3\ARM_GCC_541\Debug/trcStreamingPort.lst -g -D DEBUG -D CY_CORE_ID=0 -Wall -ffunction-sections -ffat-lto-objects -Og -c source\bsw\TraceRecorder\streamport\trcStreamingPort.c -o .\CortexM3\ARM_GCC_541\Debug\trcStreamingPort.o
arm-none-eabi-gcc.exe -mcpu=cortex-m3 -mthumb -I.\source\asw -I.\source\bsw -I.\source\bsw\TraceRecorder -I.\source\bsw\TraceRecorder\config -I.\source\bsw\TraceRecorder\include -I.\source\bsw\TraceRecorder\streamport -I.\source\bsw\Services -I.\source\bsw\Board -I.\source\rte -I. -IGenerated_Source\PSoC5 -Wa,-alh=.\CortexM3\ARM_GCC_541\Debug/trcKernelPort.lst -g -D DEBUG -D CY_CORE_ID=0 -Wall -ffunction-sections -ffat-lto-objects -Og -c source\bsw\TraceRecorder\trcKernelPort.c -o .\CortexM3\ARM_GCC_541\Debug\trcKernelPort.o
In file included from .\source\bsw\TraceRecorder\include/trcRecorder.h:83:0,
                 from .\source\bsw\TraceRecorder\include/ERIKAPorting.h:24,
                 from source\bsw\TraceRecorder\trcKernelPort.c:45:
source\bsw\TraceRecorder\trcKernelPort.c: In function 'FuncTzCtrl':
arm-none-eabi-gcc.exe -mcpu=cortex-m3 -mthumb -I.\source\asw -I.\source\bsw -I.\source\bsw\TraceRecorder -I.\source\bsw\TraceRecorder\config -I.\source\bsw\TraceRecorder\include -I.\source\bsw\TraceRecorder\streamport -I.\source\bsw\Services -I.\source\bsw\Board -I.\source\rte -I. -IGenerated_Source\PSoC5 -Wa,-alh=.\CortexM3\ARM_GCC_541\Debug/trcSnapshotRecorder.lst -g -D DEBUG -D CY_CORE_ID=0 -Wall -ffunction-sections -ffat-lto-objects -Og -c source\bsw\TraceRecorder\trcSnapshotRecorder.c -o .\CortexM3\ARM_GCC_541\Debug\trcSnapshotRecorder.o
source\bsw\TraceRecorder\trcKernelPort.c:161:39: warning: passing argument 1 of 'trcUARTReceive' from incompatible pointer type [-Wincompatible-pointer-types]
    status = TRC_STREAM_PORT_READ_DATA(&msg, sizeof(TracealyzerCommandType), (int32_t*)&bytes);
                                       ^
.\source\bsw\TraceRecorder\streamport/trcStreamingPort.h:144:83: note: in definition of macro 'TRC_STREAM_PORT_READ_DATA'
 #define TRC_STREAM_PORT_READ_DATA(_ptrData, _size, _ptrBytesRead)  trcUARTReceive(_ptrData, _size, _ptrBytesRead)
                                                                                   ^
In file included from .\source\bsw\TraceRecorder\include/trcRecorder.h:83:0,
                 from .\source\bsw\TraceRecorder\include/ERIKAPorting.h:24,
                 from source\bsw\TraceRecorder\trcKernelPort.c:45:
.\source\bsw\TraceRecorder\streamport/trcStreamingPort.h:103:9: note: expected 'uint8_t * {aka unsigned char *}' but argument is of type 'TracealyzerCommandType * {aka struct <anonymous> *}'
 int32_t trcUARTReceive(uint8_t* p_data, uint32_t size, int32_t* p_NumBytes);
         ^
In file included from .\source\bsw\TraceRecorder\include/trcRecorder.h:83:0,
                 from .\source\bsw\TraceRecorder\include/ERIKAPorting.h:24,
                 from source\bsw\TraceRecorder\trcKernelPort.c:45:
source\bsw\TraceRecorder\trcKernelPort.c: In function 'vTraceEnable':
source\bsw\TraceRecorder\trcKernelPort.c:377:39: warning: passing argument 1 of 'trcUARTReceive' from incompatible pointer type [-Wincompatible-pointer-types]
    status = TRC_STREAM_PORT_READ_DATA(&msg, sizeof(TracealyzerCommandType), (int32_t*)&bytes);
                                       ^
.\source\bsw\TraceRecorder\streamport/trcStreamingPort.h:144:83: note: in definition of macro 'TRC_STREAM_PORT_READ_DATA'
 #define TRC_STREAM_PORT_READ_DATA(_ptrData, _size, _ptrBytesRead)  trcUARTReceive(_ptrData, _size, _ptrBytesRead)
                                                                                   ^
In file included from .\source\bsw\TraceRecorder\include/trcRecorder.h:83:0,
                 from .\source\bsw\TraceRecorder\include/ERIKAPorting.h:24,
                 from source\bsw\TraceRecorder\trcKernelPort.c:45:
.\source\bsw\TraceRecorder\streamport/trcStreamingPort.h:103:9: note: expected 'uint8_t * {aka unsigned char *}' but argument is of type 'TracealyzerCommandType * {aka struct <anonymous> *}'
 int32_t trcUARTReceive(uint8_t* p_data, uint32_t size, int32_t* p_NumBytes);
         ^
arm-none-eabi-gcc.exe -mcpu=cortex-m3 -mthumb -I.\source\asw -I.\source\bsw -I.\source\bsw\TraceRecorder -I.\source\bsw\TraceRecorder\config -I.\source\bsw\TraceRecorder\include -I.\source\bsw\TraceRecorder\streamport -I.\source\bsw\Services -I.\source\bsw\Board -I.\source\rte -I. -IGenerated_Source\PSoC5 -Wa,-alh=.\CortexM3\ARM_GCC_541\Debug/trcStreamingRecorder.lst -g -D DEBUG -D CY_CORE_ID=0 -Wall -ffunction-sections -ffat-lto-objects -Og -c source\bsw\TraceRecorder\trcStreamingRecorder.c -o .\CortexM3\ARM_GCC_541\Debug\trcStreamingRecorder.o
In file included from .\source\bsw\TraceRecorder\include/trcRecorder.h:84:0,
                 from source\bsw\TraceRecorder\trcStreamingRecorder.c:45:
source\bsw\TraceRecorder\trcStreamingRecorder.c: In function 'vTraceStoreISREnd':
.\source\bsw\TraceRecorder\include/trcKernelPort.h:1414:34: warning: implicit declaration of function 'prvTraceGetCurrentTaskId' [-Wimplicit-function-declaration]
 #define TRACE_GET_CURRENT_TASK() prvTraceGetCurrentTaskId()
                                  ^
source\bsw\TraceRecorder\trcStreamingRecorder.c:614:55: note: in expansion of macro 'TRACE_GET_CURRENT_TASK'
    prvTraceStoreEvent1(PSF_EVENT_TS_RESUME, (uint32_t)TRACE_GET_CURRENT_TASK());
                                                       ^
source\bsw\TraceRecorder\trcStreamingRecorder.c: In function 'prvSetRecorderEnabled':
source\bsw\TraceRecorder\trcStreamingRecorder.c:805:14: warning: assignment makes pointer from integer without a cast [-Wint-conversion]
  currentTask = TRACE_GET_CURRENT_TASK();
              ^
In file included from .\source\bsw\TraceRecorder\include/trcRecorder.h:83:0,
                 from source\bsw\TraceRecorder\trcStreamingRecorder.c:45:
source\bsw\TraceRecorder\trcStreamingRecorder.c: In function 'prvPagedEventBufferTransfer':
source\bsw\TraceRecorder\trcStreamingRecorder.c:1755:6: warning: pointer targets in passing argument 1 of 'trcUARTTransmit' differ in signedness [-Wpointer-sign]
      &EventBuffer[pageToTransfer * (TRC_CFG_PAGED_EVENT_BUFFER_PAGE_SIZE) + bytesTransferredTotal],
      ^
.\source\bsw\TraceRecorder\streamport/trcStreamingPort.h:147:85: note: in definition of macro 'TRC_STREAM_PORT_WRITE_DATA'
 #define TRC_STREAM_PORT_WRITE_DATA(_ptrData, _size, _ptrBytesSent)  trcUARTTransmit(_ptrData, _size, _ptrBytesSent)
                                                                                     ^
In file included from .\source\bsw\TraceRecorder\include/trcRecorder.h:83:0,
                 from source\bsw\TraceRecorder\trcStreamingRecorder.c:45:
.\source\bsw\TraceRecorder\streamport/trcStreamingPort.h:112:9: note: expected 'uint8_t * {aka unsigned char *}' but argument is of type 'char *'
 int32_t trcUARTTransmit(uint8_t* p_data, uint32_t size, int32_t* p_NumBytes);
         ^
arm-none-eabi-gcc.exe -mcpu=cortex-m3 -mthumb -I.\source\asw -I.\source\bsw -I.\source\bsw\TraceRecorder -I.\source\bsw\TraceRecorder\config -I.\source\bsw\TraceRecorder\include -I.\source\bsw\TraceRecorder\streamport -I.\source\bsw\Services -I.\source\bsw\Board -I.\source\rte -I. -IGenerated_Source\PSoC5 -Wa,-alh=.\CortexM3\ARM_GCC_541\Debug/button.lst -g -D DEBUG -D CY_CORE_ID=0 -Wall -ffunction-sections -ffat-lto-objects -Og -c source\bsw\Board\button.c -o .\CortexM3\ARM_GCC_541\Debug\button.o
arm-none-eabi-gcc.exe -mcpu=cortex-m3 -mthumb -I.\source\asw -I.\source\bsw -I.\source\bsw\TraceRecorder -I.\source\bsw\TraceRecorder\config -I.\source\bsw\TraceRecorder\include -I.\source\bsw\TraceRecorder\streamport -I.\source\bsw\Services -I.\source\bsw\Board -I.\source\rte -I. -IGenerated_Source\PSoC5 -Wa,-alh=.\CortexM3\ARM_GCC_541\Debug/led.lst -g -D DEBUG -D CY_CORE_ID=0 -Wall -ffunction-sections -ffat-lto-objects -Og -c source\bsw\Board\led.c -o .\CortexM3\ARM_GCC_541\Debug\led.o
In file included from Generated_Source\PSoC5/ErikaOS_1_ee_api.inc:73:0,
                 from Generated_Source\PSoC5/ErikaOS_1_ee.h:129,
                 from Generated_Source\PSoC5/project.h:22,
                 from source\bsw\Board\led.c:24:
.\source\bsw\Services/ringbuffer.h: In function 'Ringbuffer_Read':
Generated_Source\PSoC5/ErikaOS_1_ee_oo_api.inc:136:35: warning: implicit declaration of function 'EE_oo_GetResource' [-Wimplicit-function-declaration]
 #define GetResource               EE_oo_GetResource
                                   ^
.\source\bsw\Services/ringbuffer.h:111:9: note: in expansion of macro 'GetResource'
         GetResource(rb->erika_ressource);
         ^
Generated_Source\PSoC5/ErikaOS_1_ee_oo_api.inc:140:35: warning: implicit declaration of function 'EE_oo_ReleaseResource' [-Wimplicit-function-declaration]
 #define ReleaseResource           EE_oo_ReleaseResource
                                   ^
.\source\bsw\Services/ringbuffer.h:132:9: note: in expansion of macro 'ReleaseResource'
         ReleaseResource(rb->erika_ressource);
         ^
arm-none-eabi-gcc.exe -mcpu=cortex-m3 -mthumb -I.\source\asw -I.\source\bsw -I.\source\bsw\TraceRecorder -I.\source\bsw\TraceRecorder\config -I.\source\bsw\TraceRecorder\include -I.\source\bsw\TraceRecorder\streamport -I.\source\bsw\Services -I.\source\bsw\Board -I.\source\rte -I. -IGenerated_Source\PSoC5 -Wa,-alh=.\CortexM3\ARM_GCC_541\Debug/poti.lst -g -D DEBUG -D CY_CORE_ID=0 -Wall -ffunction-sections -ffat-lto-objects -Og -c source\bsw\Board\poti.c -o .\CortexM3\ARM_GCC_541\Debug\poti.o
In file included from Generated_Source\PSoC5/ErikaOS_1_ee_api.inc:73:0,
                 from Generated_Source\PSoC5/ErikaOS_1_ee.h:129,
                 from Generated_Source\PSoC5/project.h:22,
                 from .\source\bsw/global.h:66,
                 from .\source\bsw\Services/logging.h:33,
                 from source\bsw\Board\poti.c:24:
.\source\bsw\Services/ringbuffer.h: In function 'Ringbuffer_Read':
Generated_Source\PSoC5/ErikaOS_1_ee_oo_api.inc:136:35: warning: implicit declaration of function 'EE_oo_GetResource' [-Wimplicit-function-declaration]
 #define GetResource               EE_oo_GetResource
                                   ^
.\source\bsw\Services/ringbuffer.h:111:9: note: in expansion of macro 'GetResource'
         GetResource(rb->erika_ressource);
         ^
Generated_Source\PSoC5/ErikaOS_1_ee_oo_api.inc:140:35: warning: implicit declaration of function 'EE_oo_ReleaseResource' [-Wimplicit-function-declaration]
 #define ReleaseResource           EE_oo_ReleaseResource
                                   ^
.\source\bsw\Services/ringbuffer.h:132:9: note: in expansion of macro 'ReleaseResource'
         ReleaseResource(rb->erika_ressource);
         ^
arm-none-eabi-gcc.exe -mcpu=cortex-m3 -mthumb -I.\source\asw -I.\source\bsw -I.\source\bsw\TraceRecorder -I.\source\bsw\TraceRecorder\config -I.\source\bsw\TraceRecorder\include -I.\source\bsw\TraceRecorder\streamport -I.\source\bsw\Services -I.\source\bsw\Board -I.\source\rte -I. -IGenerated_Source\PSoC5 -Wa,-alh=.\CortexM3\ARM_GCC_541\Debug/engine.lst -g -D DEBUG -D CY_CORE_ID=0 -Wall -ffunction-sections -ffat-lto-objects -Og -c source\bsw\Board\engine.c -o .\CortexM3\ARM_GCC_541\Debug\engine.o
In file included from Generated_Source\PSoC5/ErikaOS_1_ee_api.inc:73:0,
                 from Generated_Source\PSoC5/ErikaOS_1_ee.h:129,
                 from Generated_Source\PSoC5/project.h:22,
                 from source\bsw\Board\engine.c:23:
.\source\bsw\Services/ringbuffer.h: In function 'Ringbuffer_Read':
Generated_Source\PSoC5/ErikaOS_1_ee_oo_api.inc:136:35: warning: implicit declaration of function 'EE_oo_GetResource' [-Wimplicit-function-declaration]
 #define GetResource               EE_oo_GetResource
                                   ^
.\source\bsw\Services/ringbuffer.h:111:9: note: in expansion of macro 'GetResource'
         GetResource(rb->erika_ressource);
         ^
Generated_Source\PSoC5/ErikaOS_1_ee_oo_api.inc:140:35: warning: implicit declaration of function 'EE_oo_ReleaseResource' [-Wimplicit-function-declaration]
 #define ReleaseResource           EE_oo_ReleaseResource
                                   ^
.\source\bsw\Services/ringbuffer.h:132:9: note: in expansion of macro 'ReleaseResource'
         ReleaseResource(rb->erika_ressource);
         ^
source\bsw\Board\engine.c: In function 'ENG_SetEngineOpenLoop':
source\bsw\Board\engine.c:234:15: warning: assignment discards 'const' qualifier from pointer target type [-Wdiscarded-qualifiers]
         curve = ENG_cal_backward;
               ^
arm-none-eabi-gcc.exe -mcpu=cortex-m3 -mthumb -I.\source\asw -I.\source\bsw -I.\source\bsw\TraceRecorder -I.\source\bsw\TraceRecorder\config -I.\source\bsw\TraceRecorder\include -I.\source\bsw\TraceRecorder\streamport -I.\source\bsw\Services -I.\source\bsw\Board -I.\source\rte -I. -IGenerated_Source\PSoC5 -Wa,-alh=.\CortexM3\ARM_GCC_541\Debug/SSD1306.lst -g -D DEBUG -D CY_CORE_ID=0 -Wall -ffunction-sections -ffat-lto-objects -Og -c source\bsw\Board\SSD1306.c -o .\CortexM3\ARM_GCC_541\Debug\SSD1306.o
source\bsw\Board\engine.c:239:15: warning: assignment discards 'const' qualifier from pointer target type [-Wdiscarded-qualifiers]
         curve = ENG_cal_forward;
               ^
source\bsw\Board\engine.c:244:15: warning: implicit declaration of function 'abs' [-Wimplicit-function-declaration]
         if ( (abs(targetspeed) >= abs(curve[index].m_targetspeed)) && 
               ^
source\bsw\Board\engine.c: In function 'ENG_SetEngineClosedLoopPID':
source\bsw\Board\engine.c:299:10: warning: unused variable 'result' [-Wunused-variable]
     RC_t result = RC_ERROR;
          ^
source\bsw\Board\engine.c: In function 'ENG_Init':
source\bsw\Board\engine.c:77:1: warning: control reaches end of non-void function [-Wreturn-type]
 }
 ^
source\bsw\Board\engine.c: In function 'ENG_GetPWM':
source\bsw\Board\engine.c:204:1: warning: control reaches end of non-void function [-Wreturn-type]
 }
 ^
source\bsw\Board\engine.c: In function 'ENG_ResetPID':
source\bsw\Board\engine.c:385:1: warning: control reaches end of non-void function [-Wreturn-type]
 }
 ^
In file included from Generated_Source\PSoC5/ErikaOS_1_ee_api.inc:73:0,
                 from Generated_Source\PSoC5/ErikaOS_1_ee.h:129,
                 from Generated_Source\PSoC5/project.h:22,
                 from .\source\bsw/global.h:66,
                 from source\bsw\Board\SSD1306.h:40,
                 from source\bsw\Board\SSD1306.c:21:
.\source\bsw\Services/ringbuffer.h: In function 'Ringbuffer_Read':
Generated_Source\PSoC5/ErikaOS_1_ee_oo_api.inc:136:35: warning: implicit declaration of function 'EE_oo_GetResource' [-Wimplicit-function-declaration]
 #define GetResource               EE_oo_GetResource
                                   ^
.\source\bsw\Services/ringbuffer.h:111:9: note: in expansion of macro 'GetResource'
         GetResource(rb->erika_ressource);
         ^
Generated_Source\PSoC5/ErikaOS_1_ee_oo_api.inc:140:35: warning: implicit declaration of function 'EE_oo_ReleaseResource' [-Wimplicit-function-declaration]
 #define ReleaseResource           EE_oo_ReleaseResource
                                   ^
.\source\bsw\Services/ringbuffer.h:132:9: note: in expansion of macro 'ReleaseResource'
         ReleaseResource(rb->erika_ressource);
         ^
source\bsw\Board\SSD1306.c: In function '_SSD1306_set_instruction':
source\bsw\Board\SSD1306.c:249:1: warning: control reaches end of non-void function [-Wreturn-type]
 }
 ^
source\bsw\Board\SSD1306.c: In function 'SSD1306_write_line':
source\bsw\Board\SSD1306.c:327:1: warning: control reaches end of non-void function [-Wreturn-type]
 }
 ^
arm-none-eabi-gcc.exe -mcpu=cortex-m3 -mthumb -I.\source\asw -I.\source\bsw -I.\source\bsw\TraceRecorder -I.\source\bsw\TraceRecorder\config -I.\source\bsw\TraceRecorder\include -I.\source\bsw\TraceRecorder\streamport -I.\source\bsw\Services -I.\source\bsw\Board -I.\source\rte -I. -IGenerated_Source\PSoC5 -Wa,-alh=.\CortexM3\ARM_GCC_541\Debug/vI2C_noOS.lst -g -D DEBUG -D CY_CORE_ID=0 -Wall -ffunction-sections -ffat-lto-objects -Og -c source\bsw\Board\vI2C_noOS.c -o .\CortexM3\ARM_GCC_541\Debug\vI2C_noOS.o
In file included from Generated_Source\PSoC5/ErikaOS_1_ee_api.inc:73:0,
                 from Generated_Source\PSoC5/ErikaOS_1_ee.h:129,
                 from Generated_Source\PSoC5/project.h:22,
                 from .\source\bsw/global.h:66,
                 from .\source\bsw\Services/logging.h:33,
                 from source\bsw\Board\vI2C_noOS.c:22:
.\source\bsw\Services/ringbuffer.h: In function 'Ringbuffer_Read':
arm-none-eabi-gcc.exe -mcpu=cortex-m3 -mthumb -I.\source\asw -I.\source\bsw -I.\source\bsw\TraceRecorder -I.\source\bsw\TraceRecorder\config -I.\source\bsw\TraceRecorder\include -I.\source\bsw\TraceRecorder\streamport -I.\source\bsw\Services -I.\source\bsw\Board -I.\source\rte -I. -IGenerated_Source\PSoC5 -Wa,-alh=.\CortexM3\ARM_GCC_541\Debug/engine_cfg.lst -g -D DEBUG -D CY_CORE_ID=0 -Wall -ffunction-sections -ffat-lto-objects -Og -c source\bsw\Board\engine_cfg.c -o .\CortexM3\ARM_GCC_541\Debug\engine_cfg.o
Generated_Source\PSoC5/ErikaOS_1_ee_oo_api.inc:136:35: warning: implicit declaration of function 'EE_oo_GetResource' [-Wimplicit-function-declaration]
 #define GetResource               EE_oo_GetResource
                                   ^
.\source\bsw\Services/ringbuffer.h:111:9: note: in expansion of macro 'GetResource'
         GetResource(rb->erika_ressource);
         ^
Generated_Source\PSoC5/ErikaOS_1_ee_oo_api.inc:140:35: warning: implicit declaration of function 'EE_oo_ReleaseResource' [-Wimplicit-function-declaration]
 #define ReleaseResource           EE_oo_ReleaseResource
                                   ^
.\source\bsw\Services/ringbuffer.h:132:9: note: in expansion of macro 'ReleaseResource'
         ReleaseResource(rb->erika_ressource);
         ^
source\bsw\Board\vI2C_noOS.c: In function 'vI2C_send':
source\bsw\Board\vI2C_noOS.c:97:19: warning: operation on 'vI2C__RB.write' may be undefined [-Wsequence-point]
     vI2C__RB.write=(++vI2C__RB.write)%CFG_I2C_QUEUE_L;
                   ^
source\bsw\Board\vI2C_noOS.c: In function 'vI2C__send_HW':
source\bsw\Board\vI2C_noOS.c:142:22: warning: operation on 'vI2C__RB.read' may be undefined [-Wsequence-point]
         vI2C__RB.read=(++vI2C__RB.read)%CFG_I2C_QUEUE_L;
                      ^
source\bsw\Board\vI2C_noOS.c: In function 'vI2C_done_hdl':
source\bsw\Board\vI2C_noOS.c:169:22: warning: operation on 'vI2C__RB.read' may be undefined [-Wsequence-point]
         vI2C__RB.read=(++vI2C__RB.read)%CFG_I2C_QUEUE_L;
                      ^
arm-none-eabi-gcc.exe -mcpu=cortex-m3 -mthumb -I.\source\asw -I.\source\bsw -I.\source\bsw\TraceRecorder -I.\source\bsw\TraceRecorder\config -I.\source\bsw\TraceRecorder\include -I.\source\bsw\TraceRecorder\streamport -I.\source\bsw\Services -I.\source\bsw\Board -I.\source\rte -I. -IGenerated_Source\PSoC5 -Wa,-alh=.\CortexM3\ARM_GCC_541\Debug/watchdog.lst -g -D DEBUG -D CY_CORE_ID=0 -Wall -ffunction-sections -ffat-lto-objects -Og -c source\bsw\Board\watchdog.c -o .\CortexM3\ARM_GCC_541\Debug\watchdog.o
In file included from Generated_Source\PSoC5/ErikaOS_1_ee_api.inc:73:0,
                 from Generated_Source\PSoC5/ErikaOS_1_ee.h:129,
                 from Generated_Source\PSoC5/project.h:22,
                 from source\bsw\Board\watchdog.c:23:
.\source\bsw\Services/ringbuffer.h: In function 'Ringbuffer_Read':
Generated_Source\PSoC5/ErikaOS_1_ee_oo_api.inc:136:35: warning: implicit declaration of function 'EE_oo_GetResource' [-Wimplicit-function-declaration]
 #define GetResource               EE_oo_GetResource
                                   ^
.\source\bsw\Services/ringbuffer.h:111:9: note: in expansion of macro 'GetResource'
         GetResource(rb->erika_ressource);
         ^
Generated_Source\PSoC5/ErikaOS_1_ee_oo_api.inc:140:35: warning: implicit declaration of function 'EE_oo_ReleaseResource' [-Wimplicit-function-declaration]
 #define ReleaseResource           EE_oo_ReleaseResource
                                   ^
.\source\bsw\Services/ringbuffer.h:132:9: note: in expansion of macro 'ReleaseResource'
         ReleaseResource(rb->erika_ressource);
         ^
source\bsw\Board\watchdog.c: In function 'WD_Start':
source\bsw\Board\watchdog.c:70:9: warning: label 'WD_TO_1024' defined but not used [-Wunused-label]
         WD_TO_1024 : CyWdtStart(CYWDT_1024_TICKS, CYWDT_LPMODE_NOCHANGE); break;
         ^
source\bsw\Board\watchdog.c:69:9: warning: label 'WD_TO_128' defined but not used [-Wunused-label]
         WD_TO_128 : CyWdtStart(CYWDT_128_TICKS, CYWDT_LPMODE_NOCHANGE); break;
         ^
source\bsw\Board\watchdog.c:68:9: warning: label 'WD_TO_16' defined but not used [-Wunused-label]
         WD_TO_16 : CyWdtStart(CYWDT_16_TICKS, CYWDT_LPMODE_NOCHANGE); break;
         ^
source\bsw\Board\watchdog.c:67:9: warning: label 'WD_TO_2' defined but not used [-Wunused-label]
         WD_TO_2 : CyWdtStart(CYWDT_2_TICKS, CYWDT_LPMODE_NOCHANGE); break;
         ^
source\bsw\Board\watchdog.c: In function 'WD_hitCheckpoint':
source\bsw\Board\watchdog.c:153:10: warning: variable 'result' set but not used [-Wunused-but-set-variable]
     RC_t result = RC_SUCCESS;
          ^
source\bsw\Board\watchdog.c: In function 'WD_ActivateCheckpoints':
source\bsw\Board\watchdog.c:99:1: warning: control reaches end of non-void function [-Wreturn-type]
 }
 ^
source\bsw\Board\watchdog.c: In function 'WD_hitCheckpoint':
source\bsw\Board\watchdog.c:163:1: warning: control reaches end of non-void function [-Wreturn-type]
 }
 ^
arm-none-eabi-gcc.exe -mcpu=cortex-m3 -mthumb -I.\source\asw -I.\source\bsw -I.\source\bsw\TraceRecorder -I.\source\bsw\TraceRecorder\config -I.\source\bsw\TraceRecorder\include -I.\source\bsw\TraceRecorder\streamport -I.\source\bsw\Services -I.\source\bsw\Board -I.\source\rte -I. -IGenerated_Source\PSoC5 -Wa,-alh=.\CortexM3\ARM_GCC_541\Debug/ex_wdg.lst -g -D DEBUG -D CY_CORE_ID=0 -Wall -ffunction-sections -ffat-lto-objects -Og -c source\bsw\Board\ex_wdg.c -o .\CortexM3\ARM_GCC_541\Debug\ex_wdg.o
source\bsw\Board\ex_wdg.c: In function 'EXWDG_Init':
arm-none-eabi-gcc.exe -mcpu=cortex-m3 -mthumb -I.\source\asw -I.\source\bsw -I.\source\bsw\TraceRecorder -I.\source\bsw\TraceRecorder\config -I.\source\bsw\TraceRecorder\include -I.\source\bsw\TraceRecorder\streamport -I.\source\bsw\Services -I.\source\bsw\Board -I.\source\rte -I. -IGenerated_Source\PSoC5 -Wa,-alh=.\CortexM3\ARM_GCC_541\Debug/logging.lst -g -D DEBUG -D CY_CORE_ID=0 -Wall -ffunction-sections -ffat-lto-objects -Og -c source\bsw\Services\logging.c -o .\CortexM3\ARM_GCC_541\Debug\logging.o
source\bsw\Board\ex_wdg.c:73:1: warning: control reaches end of non-void function [-Wreturn-type]
 }
 ^
source\bsw\Board\ex_wdg.c: In function 'EXWDG_Trigger':
source\bsw\Board\ex_wdg.c:88:1: warning: control reaches end of non-void function [-Wreturn-type]
 }
 ^
In file included from Generated_Source\PSoC5/ErikaOS_1_ee_api.inc:73:0,
                 from Generated_Source\PSoC5/ErikaOS_1_ee.h:129,
                 from Generated_Source\PSoC5/project.h:22,
                 from source\bsw\Services\logging.c:21:
source\bsw\Services\ringbuffer.h: In function 'Ringbuffer_Read':
Generated_Source\PSoC5/ErikaOS_1_ee_oo_api.inc:136:35: warning: implicit declaration of function 'EE_oo_GetResource' [-Wimplicit-function-declaration]
 #define GetResource               EE_oo_GetResource
                                   ^
source\bsw\Services\ringbuffer.h:111:9: note: in expansion of macro 'GetResource'
         GetResource(rb->erika_ressource);
         ^
Generated_Source\PSoC5/ErikaOS_1_ee_oo_api.inc:140:35: warning: implicit declaration of function 'EE_oo_ReleaseResource' [-Wimplicit-function-declaration]
 #define ReleaseResource           EE_oo_ReleaseResource
                                   ^
source\bsw\Services\ringbuffer.h:132:9: note: in expansion of macro 'ReleaseResource'
         ReleaseResource(rb->erika_ressource);
         ^
source\bsw\Services\logging.c: In function 'LOG_Init':
source\bsw\Services\logging.c:54:1: warning: control reaches end of non-void function [-Wreturn-type]
 }
 ^
arm-none-eabi-gcc.exe -mcpu=cortex-m3 -mthumb -I.\source\asw -I.\source\bsw -I.\source\bsw\TraceRecorder -I.\source\bsw\TraceRecorder\config -I.\source\bsw\TraceRecorder\include -I.\source\bsw\TraceRecorder\streamport -I.\source\bsw\Services -I.\source\bsw\Board -I.\source\rte -I. -IGenerated_Source\PSoC5 -Wa,-alh=.\CortexM3\ARM_GCC_541\Debug/rte.lst -g -D DEBUG -D CY_CORE_ID=0 -Wall -ffunction-sections -ffat-lto-objects -Og -c source\rte\rte.c -o .\CortexM3\ARM_GCC_541\Debug\rte.o
source\rte\rte.c: In function 'RTE_ProcessCyclicTable':
source\rte\rte.c:74:1: warning: control reaches end of non-void function [-Wreturn-type]
 }
 ^
source\rte\rte.c: In function 'RTE_ProcessEventTable':
source\rte\rte.c:94:1: warning: control reaches end of non-void function [-Wreturn-type]
 }
 ^
arm-none-eabi-gcc.exe -mcpu=cortex-m3 -mthumb -I.\source\asw -I.\source\bsw -I.\source\bsw\TraceRecorder -I.\source\bsw\TraceRecorder\config -I.\source\bsw\TraceRecorder\include -I.\source\bsw\TraceRecorder\streamport -I.\source\bsw\Services -I.\source\bsw\Board -I.\source\rte -I. -IGenerated_Source\PSoC5 -Wa,-alh=.\CortexM3\ARM_GCC_541\Debug/rte_activation.lst -g -D DEBUG -D CY_CORE_ID=0 -Wall -ffunction-sections -ffat-lto-objects -Og -c source\rte\rte_activation.c -o .\CortexM3\ARM_GCC_541\Debug\rte_activation.o
arm-none-eabi-gcc.exe -mcpu=cortex-m3 -mthumb -I.\source\asw -I.\source\bsw -I.\source\bsw\TraceRecorder -I.\source\bsw\TraceRecorder\config -I.\source\bsw\TraceRecorder\include -I.\source\bsw\TraceRecorder\streamport -I.\source\bsw\Services -I.\source\bsw\Board -I.\source\rte -I. -IGenerated_Source\PSoC5 -Wa,-alh=.\CortexM3\ARM_GCC_541\Debug/rte_signalpool.lst -g -D DEBUG -D CY_CORE_ID=0 -Wall -ffunction-sections -ffat-lto-objects -Og -c source\rte\rte_signalpool.c -o .\CortexM3\ARM_GCC_541\Debug\rte_signalpool.o
In file included from Generated_Source\PSoC5/ErikaOS_1_ee_api.inc:73:0,
                 from Generated_Source\PSoC5/ErikaOS_1_ee.h:129,
                 from Generated_Source\PSoC5/project.h:22,
                 from source\rte\rte_signalpool.c:5:
.\source\bsw\Services/ringbuffer.h: In function 'Ringbuffer_Read':
Generated_Source\PSoC5/ErikaOS_1_ee_oo_api.inc:136:35: warning: implicit declaration of function 'EE_oo_GetResource' [-Wimplicit-function-declaration]
 #define GetResource               EE_oo_GetResource
                                   ^
.\source\bsw\Services/ringbuffer.h:111:9: note: in expansion of macro 'GetResource'
         GetResource(rb->erika_ressource);
         ^
Generated_Source\PSoC5/ErikaOS_1_ee_oo_api.inc:140:35: warning: implicit declaration of function 'EE_oo_ReleaseResource' [-Wimplicit-function-declaration]
 #define ReleaseResource           EE_oo_ReleaseResource
                                   ^
.\source\bsw\Services/ringbuffer.h:132:9: note: in expansion of macro 'ReleaseResource'
         ReleaseResource(rb->erika_ressource);
         ^
In file included from source\rte\carstate_signal.h:20:0,
                 from source\rte\rte_signalpool.h:13,
                 from source\rte\rte_signalpool.c:7:
source\rte\rte_signalpool.c: At top level:
source\rte\carState_type.h:40:54: warning: excess elements in struct initializer
 #define CARSTATE_INIT_DATA ((CARSTATE_data_t){ISIDLE,0, DIRECTION_NEUTRAL})
                                                      ^
source\rte\rte_signalpool.c:242:25: note: in expansion of macro 'CARSTATE_INIT_DATA'
    /* init value    */  CARSTATE_INIT_DATA,
                         ^
source\rte\carState_type.h:40:54: note: (near initialization for '(anonymous)')
 #define CARSTATE_INIT_DATA ((CARSTATE_data_t){ISIDLE,0, DIRECTION_NEUTRAL})
                                                      ^
source\rte\rte_signalpool.c:242:25: note: in expansion of macro 'CARSTATE_INIT_DATA'
    /* init value    */  CARSTATE_INIT_DATA,
                         ^
source\rte\carState_type.h:40:57: warning: excess elements in struct initializer
 #define CARSTATE_INIT_DATA ((CARSTATE_data_t){ISIDLE,0, DIRECTION_NEUTRAL})
                                                         ^
source\rte\rte_signalpool.c:242:25: note: in expansion of macro 'CARSTATE_INIT_DATA'
    /* init value    */  CARSTATE_INIT_DATA,
                         ^
source\rte\carState_type.h:40:57: note: (near initialization for '(anonymous)')
 #define CARSTATE_INIT_DATA ((CARSTATE_data_t){ISIDLE,0, DIRECTION_NEUTRAL})
                                                         ^
source\rte\rte_signalpool.c:242:25: note: in expansion of macro 'CARSTATE_INIT_DATA'
    /* init value    */  CARSTATE_INIT_DATA,
                         ^
arm-none-eabi-gcc.exe -mcpu=cortex-m3 -mthumb -I.\source\asw -I.\source\bsw -I.\source\bsw\TraceRecorder -I.\source\bsw\TraceRecorder\config -I.\source\bsw\TraceRecorder\include -I.\source\bsw\TraceRecorder\streamport -I.\source\bsw\Services -I.\source\bsw\Board -I.\source\rte -I. -IGenerated_Source\PSoC5 -Wa,-alh=.\CortexM3\ARM_GCC_541\Debug/speed_type.lst -g -D DEBUG -D CY_CORE_ID=0 -Wall -ffunction-sections -ffat-lto-objects -Og -c source\rte\speed_type.c -o .\CortexM3\ARM_GCC_541\Debug\speed_type.o
arm-none-eabi-gcc.exe -mcpu=cortex-m3 -mthumb -I.\source\asw -I.\source\bsw -I.\source\bsw\TraceRecorder -I.\source\bsw\TraceRecorder\config -I.\source\bsw\TraceRecorder\include -I.\source\bsw\TraceRecorder\streamport -I.\source\bsw\Services -I.\source\bsw\Board -I.\source\rte -I. -IGenerated_Source\PSoC5 -Wa,-alh=.\CortexM3\ARM_GCC_541\Debug/pedal_type.lst -g -D DEBUG -D CY_CORE_ID=0 -Wall -ffunction-sections -ffat-lto-objects -Og -c source\rte\pedal_type.c -o .\CortexM3\ARM_GCC_541\Debug\pedal_type.o
In file included from Generated_Source\PSoC5/ErikaOS_1_ee_api.inc:73:0,
                 from Generated_Source\PSoC5/ErikaOS_1_ee.h:129,
                 from Generated_Source\PSoC5/project.h:22,
                 from source\rte\pedal_type.c:8:
.\source\bsw\Services/ringbuffer.h: In function 'Ringbuffer_Read':
arm-none-eabi-gcc.exe -mcpu=cortex-m3 -mthumb -I.\source\asw -I.\source\bsw -I.\source\bsw\TraceRecorder -I.\source\bsw\TraceRecorder\config -I.\source\bsw\TraceRecorder\include -I.\source\bsw\TraceRecorder\streamport -I.\source\bsw\Services -I.\source\bsw\Board -I.\source\rte -I. -IGenerated_Source\PSoC5 -Wa,-alh=.\CortexM3\ARM_GCC_541\Debug/button_type.lst -g -D DEBUG -D CY_CORE_ID=0 -Wall -ffunction-sections -ffat-lto-objects -Og -c source\rte\button_type.c -o .\CortexM3\ARM_GCC_541\Debug\button_type.o
Generated_Source\PSoC5/ErikaOS_1_ee_oo_api.inc:136:35: warning: implicit declaration of function 'EE_oo_GetResource' [-Wimplicit-function-declaration]
 #define GetResource               EE_oo_GetResource
                                   ^
.\source\bsw\Services/ringbuffer.h:111:9: note: in expansion of macro 'GetResource'
         GetResource(rb->erika_ressource);
         ^
Generated_Source\PSoC5/ErikaOS_1_ee_oo_api.inc:140:35: warning: implicit declaration of function 'EE_oo_ReleaseResource' [-Wimplicit-function-declaration]
 #define ReleaseResource           EE_oo_ReleaseResource
                                   ^
.\source\bsw\Services/ringbuffer.h:132:9: note: in expansion of macro 'ReleaseResource'
         ReleaseResource(rb->erika_ressource);
         ^
In file included from Generated_Source\PSoC5/ErikaOS_1_ee_api.inc:73:0,
                 from Generated_Source\PSoC5/ErikaOS_1_ee.h:129,
                 from Generated_Source\PSoC5/project.h:22,
                 from source\rte\button_type.c:8:
.\source\bsw\Services/ringbuffer.h: In function 'Ringbuffer_Read':
Generated_Source\PSoC5/ErikaOS_1_ee_oo_api.inc:136:35: warning: implicit declaration of function 'EE_oo_GetResource' [-Wimplicit-function-declaration]
 #define GetResource               EE_oo_GetResource
                                   ^
.\source\bsw\Services/ringbuffer.h:111:9: note: in expansion of macro 'GetResource'
         GetResource(rb->erika_ressource);
         ^
Generated_Source\PSoC5/ErikaOS_1_ee_oo_api.inc:140:35: warning: implicit declaration of function 'EE_oo_ReleaseResource' [-Wimplicit-function-declaration]
 #define ReleaseResource           EE_oo_ReleaseResource
                                   ^
.\source\bsw\Services/ringbuffer.h:132:9: note: in expansion of macro 'ReleaseResource'
         ReleaseResource(rb->erika_ressource);
         ^
arm-none-eabi-gcc.exe -mcpu=cortex-m3 -mthumb -I.\source\asw -I.\source\bsw -I.\source\bsw\TraceRecorder -I.\source\bsw\TraceRecorder\config -I.\source\bsw\TraceRecorder\include -I.\source\bsw\TraceRecorder\streamport -I.\source\bsw\Services -I.\source\bsw\Board -I.\source\rte -I. -IGenerated_Source\PSoC5 -Wa,-alh=.\CortexM3\ARM_GCC_541\Debug/pwm_type.lst -g -D DEBUG -D CY_CORE_ID=0 -Wall -ffunction-sections -ffat-lto-objects -Og -c source\rte\pwm_type.c -o .\CortexM3\ARM_GCC_541\Debug\pwm_type.o
arm-none-eabi-gcc.exe -mcpu=cortex-m3 -mthumb -I.\source\asw -I.\source\bsw -I.\source\bsw\TraceRecorder -I.\source\bsw\TraceRecorder\config -I.\source\bsw\TraceRecorder\include -I.\source\bsw\TraceRecorder\streamport -I.\source\bsw\Services -I.\source\bsw\Board -I.\source\rte -I. -IGenerated_Source\PSoC5 -Wa,-alh=.\CortexM3\ARM_GCC_541\Debug/carstate_type.lst -g -D DEBUG -D CY_CORE_ID=0 -Wall -ffunction-sections -ffat-lto-objects -Og -c source\rte\carstate_type.c -o .\CortexM3\ARM_GCC_541\Debug\carstate_type.o
arm-none-eabi-gcc.exe -mcpu=cortex-m3 -mthumb -I.\source\asw -I.\source\bsw -I.\source\bsw\TraceRecorder -I.\source\bsw\TraceRecorder\config -I.\source\bsw\TraceRecorder\include -I.\source\bsw\TraceRecorder\streamport -I.\source\bsw\Services -I.\source\bsw\Board -I.\source\rte -I. -IGenerated_Source\PSoC5 -Wa,-alh=.\CortexM3\ARM_GCC_541\Debug/event_type.lst -g -D DEBUG -D CY_CORE_ID=0 -Wall -ffunction-sections -ffat-lto-objects -Og -c source\rte\event_type.c -o .\CortexM3\ARM_GCC_541\Debug\event_type.o
arm-none-eabi-gcc.exe -mcpu=cortex-m3 -mthumb -I.\source\asw -I.\source\bsw -I.\source\bsw\TraceRecorder -I.\source\bsw\TraceRecorder\config -I.\source\bsw\TraceRecorder\include -I.\source\bsw\TraceRecorder\streamport -I.\source\bsw\Services -I.\source\bsw\Board -I.\source\rte -I. -IGenerated_Source\PSoC5 -Wa,-alh=.\CortexM3\ARM_GCC_541\Debug/led_type.lst -g -D DEBUG -D CY_CORE_ID=0 -Wall -ffunction-sections -ffat-lto-objects -Og -c source\rte\led_type.c -o .\CortexM3\ARM_GCC_541\Debug\led_type.o
arm-none-eabi-gcc.exe -mcpu=cortex-m3 -mthumb -I.\source\asw -I.\source\bsw -I.\source\bsw\TraceRecorder -I.\source\bsw\TraceRecorder\config -I.\source\bsw\TraceRecorder\include -I.\source\bsw\TraceRecorder\streamport -I.\source\bsw\Services -I.\source\bsw\Board -I.\source\rte -I. -IGenerated_Source\PSoC5 -Wa,-alh=.\CortexM3\ARM_GCC_541\Debug/drivingparam_type.lst -g -D DEBUG -D CY_CORE_ID=0 -Wall -ffunction-sections -ffat-lto-objects -Og -c source\rte\drivingparam_type.c -o .\CortexM3\ARM_GCC_541\Debug\drivingparam_type.o
In file included from Generated_Source\PSoC5/ErikaOS_1_ee_api.inc:73:0,
                 from Generated_Source\PSoC5/ErikaOS_1_ee.h:129,
                 from Generated_Source\PSoC5/project.h:22,
                 from source\rte\drivingparam_type.c:8:
.\source\bsw\Services/ringbuffer.h: In function 'Ringbuffer_Read':
arm-none-eabi-gcc.exe -mcpu=cortex-m3 -mthumb -I.\source\asw -I.\source\bsw -I.\source\bsw\TraceRecorder -I.\source\bsw\TraceRecorder\config -I.\source\bsw\TraceRecorder\include -I.\source\bsw\TraceRecorder\streamport -I.\source\bsw\Services -I.\source\bsw\Board -I.\source\rte -I. -IGenerated_Source\PSoC5 -Wa,-alh=.\CortexM3\ARM_GCC_541\Debug/dip_type.lst -g -D DEBUG -D CY_CORE_ID=0 -Wall -ffunction-sections -ffat-lto-objects -Og -c source\rte\dip_type.c -o .\CortexM3\ARM_GCC_541\Debug\dip_type.o
Generated_Source\PSoC5/ErikaOS_1_ee_oo_api.inc:136:35: warning: implicit declaration of function 'EE_oo_GetResource' [-Wimplicit-function-declaration]
 #define GetResource               EE_oo_GetResource
                                   ^
.\source\bsw\Services/ringbuffer.h:111:9: note: in expansion of macro 'GetResource'
         GetResource(rb->erika_ressource);
         ^
Generated_Source\PSoC5/ErikaOS_1_ee_oo_api.inc:140:35: warning: implicit declaration of function 'EE_oo_ReleaseResource' [-Wimplicit-function-declaration]
 #define ReleaseResource           EE_oo_ReleaseResource
                                   ^
.\source\bsw\Services/ringbuffer.h:132:9: note: in expansion of macro 'ReleaseResource'
         ReleaseResource(rb->erika_ressource);
         ^
source\rte\drivingparam_type.c: In function 'DRIVINGPARAM_driverOut':
source\rte\drivingparam_type.c:47:9: warning: enumeration value 'ERROR_ALLOK' not handled in switch [-Wswitch]
         switch (data->m_error)
         ^
arm-none-eabi-gcc.exe -mcpu=cortex-m3 -mthumb -I.\source\asw -I.\source\bsw -I.\source\bsw\TraceRecorder -I.\source\bsw\TraceRecorder\config -I.\source\bsw\TraceRecorder\include -I.\source\bsw\TraceRecorder\streamport -I.\source\bsw\Services -I.\source\bsw\Board -I.\source\rte -I. -IGenerated_Source\PSoC5 -Wa,-alh=.\CortexM3\ARM_GCC_541\Debug/uartprot_type.lst -g -D DEBUG -D CY_CORE_ID=0 -Wall -ffunction-sections -ffat-lto-objects -Og -c source\rte\uartprot_type.c -o .\CortexM3\ARM_GCC_541\Debug\uartprot_type.o
In file included from Generated_Source\PSoC5/ErikaOS_1_ee_api.inc:73:0,
                 from Generated_Source\PSoC5/ErikaOS_1_ee.h:129,
                 from Generated_Source\PSoC5/project.h:22,
                 from source\rte\uartprot_type.c:8:
.\source\bsw\Services/ringbuffer.h: In function 'Ringbuffer_Read':
Generated_Source\PSoC5/ErikaOS_1_ee_oo_api.inc:136:35: warning: implicit declaration of function 'EE_oo_GetResource' [-Wimplicit-function-declaration]
 #define GetResource               EE_oo_GetResource
                                   ^
.\source\bsw\Services/ringbuffer.h:111:9: note: in expansion of macro 'GetResource'
         GetResource(rb->erika_ressource);
         ^
Generated_Source\PSoC5/ErikaOS_1_ee_oo_api.inc:140:35: warning: implicit declaration of function 'EE_oo_ReleaseResource' [-Wimplicit-function-declaration]
 #define ReleaseResource           EE_oo_ReleaseResource
                                   ^
.\source\bsw\Services/ringbuffer.h:132:9: note: in expansion of macro 'ReleaseResource'
         ReleaseResource(rb->erika_ressource);
         ^
arm-none-eabi-gcc.exe -mcpu=cortex-m3 -mthumb -I.\source\asw -I.\source\bsw -I.\source\bsw\TraceRecorder -I.\source\bsw\TraceRecorder\config -I.\source\bsw\TraceRecorder\include -I.\source\bsw\TraceRecorder\streamport -I.\source\bsw\Services -I.\source\bsw\Board -I.\source\rte -I. -IGenerated_Source\PSoC5 -Wa,-alh=.\CortexM3\ARM_GCC_541\Debug/cyfitter_cfg.lst -g -D DEBUG -D CY_CORE_ID=0 -Wall -ffunction-sections -ffat-lto-objects -Og -c Generated_Source\PSoC5\cyfitter_cfg.c -o .\CortexM3\ARM_GCC_541\Debug\cyfitter_cfg.o
arm-none-eabi-gcc.exe -mcpu=cortex-m3 -mthumb -I.\source\asw -I.\source\bsw -I.\source\bsw\TraceRecorder -I.\source\bsw\TraceRecorder\config -I.\source\bsw\TraceRecorder\include -I.\source\bsw\TraceRecorder\streamport -I.\source\bsw\Services -I.\source\bsw\Board -I.\source\rte -I. -IGenerated_Source\PSoC5 -Wa,-alh=.\CortexM3\ARM_GCC_541\Debug/cymetadata.lst -g -D DEBUG -D CY_CORE_ID=0 -Wall -ffunction-sections -ffat-lto-objects -Og -c Generated_Source\PSoC5\cymetadata.c -o .\CortexM3\ARM_GCC_541\Debug\cymetadata.o
arm-none-eabi-gcc.exe -mcpu=cortex-m3 -mthumb -I.\source\asw -I.\source\bsw -I.\source\bsw\TraceRecorder -I.\source\bsw\TraceRecorder\config -I.\source\bsw\TraceRecorder\include -I.\source\bsw\TraceRecorder\streamport -I.\source\bsw\Services -I.\source\bsw\Board -I.\source\rte -I. -IGenerated_Source\PSoC5 -Wa,-alh=.\CortexM3\ARM_GCC_541\Debug/ErikaOS_1_ee_activate.lst -g -D DEBUG -D CY_CORE_ID=0 -Wall -ffunction-sections -ffat-lto-objects -Og -c Generated_Source\PSoC5\ErikaOS_1_ee_activate.c -o .\CortexM3\ARM_GCC_541\Debug\ErikaOS_1_ee_activate.o
arm-none-eabi-gcc.exe -mcpu=cortex-m3 -mthumb -I.\source\asw -I.\source\bsw -I.\source\bsw\TraceRecorder -I.\source\bsw\TraceRecorder\config -I.\source\bsw\TraceRecorder\include -I.\source\bsw\TraceRecorder\streamport -I.\source\bsw\Services -I.\source\bsw\Board -I.\source\rte -I. -IGenerated_Source\PSoC5 -Wa,-alh=.\CortexM3\ARM_GCC_541\Debug/ErikaOS_1_ee_alcancel.lst -g -D DEBUG -D CY_CORE_ID=0 -Wall -ffunction-sections -ffat-lto-objects -Og -c Generated_Source\PSoC5\ErikaOS_1_ee_alcancel.c -o .\CortexM3\ARM_GCC_541\Debug\ErikaOS_1_ee_alcancel.o
arm-none-eabi-gcc.exe -mcpu=cortex-m3 -mthumb -I.\source\asw -I.\source\bsw -I.\source\bsw\TraceRecorder -I.\source\bsw\TraceRecorder\config -I.\source\bsw\TraceRecorder\include -I.\source\bsw\TraceRecorder\streamport -I.\source\bsw\Services -I.\source\bsw\Board -I.\source\rte -I. -IGenerated_Source\PSoC5 -Wa,-alh=.\CortexM3\ARM_GCC_541\Debug/ErikaOS_1_ee_alget.lst -g -D DEBUG -D CY_CORE_ID=0 -Wall -ffunction-sections -ffat-lto-objects -Og -c Generated_Source\PSoC5\ErikaOS_1_ee_alget.c -o .\CortexM3\ARM_GCC_541\Debug\ErikaOS_1_ee_alget.o
arm-none-eabi-gcc.exe -mcpu=cortex-m3 -mthumb -I.\source\asw -I.\source\bsw -I.\source\bsw\TraceRecorder -I.\source\bsw\TraceRecorder\config -I.\source\bsw\TraceRecorder\include -I.\source\bsw\TraceRecorder\streamport -I.\source\bsw\Services -I.\source\bsw\Board -I.\source\rte -I. -IGenerated_Source\PSoC5 -Wa,-alh=.\CortexM3\ARM_GCC_541\Debug/ErikaOS_1_ee_algetbase.lst -g -D DEBUG -D CY_CORE_ID=0 -Wall -ffunction-sections -ffat-lto-objects -Og -c Generated_Source\PSoC5\ErikaOS_1_ee_algetbase.c -o .\CortexM3\ARM_GCC_541\Debug\ErikaOS_1_ee_algetbase.o
arm-none-eabi-gcc.exe -mcpu=cortex-m3 -mthumb -I.\source\asw -I.\source\bsw -I.\source\bsw\TraceRecorder -I.\source\bsw\TraceRecorder\config -I.\source\bsw\TraceRecorder\include -I.\source\bsw\TraceRecorder\streamport -I.\source\bsw\Services -I.\source\bsw\Board -I.\source\rte -I. -IGenerated_Source\PSoC5 -Wa,-alh=.\CortexM3\ARM_GCC_541\Debug/ErikaOS_1_ee_alsetabs.lst -g -D DEBUG -D CY_CORE_ID=0 -Wall -ffunction-sections -ffat-lto-objects -Og -c Generated_Source\PSoC5\ErikaOS_1_ee_alsetabs.c -o .\CortexM3\ARM_GCC_541\Debug\ErikaOS_1_ee_alsetabs.o
arm-none-eabi-gcc.exe -mcpu=cortex-m3 -mthumb -I.\source\asw -I.\source\bsw -I.\source\bsw\TraceRecorder -I.\source\bsw\TraceRecorder\config -I.\source\bsw\TraceRecorder\include -I.\source\bsw\TraceRecorder\streamport -I.\source\bsw\Services -I.\source\bsw\Board -I.\source\rte -I. -IGenerated_Source\PSoC5 -Wa,-alh=.\CortexM3\ARM_GCC_541\Debug/ErikaOS_1_ee_alsetrel.lst -g -D DEBUG -D CY_CORE_ID=0 -Wall -ffunction-sections -ffat-lto-objects -Og -c Generated_Source\PSoC5\ErikaOS_1_ee_alsetrel.c -o .\CortexM3\ARM_GCC_541\Debug\ErikaOS_1_ee_alsetrel.o
arm-none-eabi-gcc.exe -mcpu=cortex-m3 -mthumb -I.\source\asw -I.\source\bsw -I.\source\bsw\TraceRecorder -I.\source\bsw\TraceRecorder\config -I.\source\bsw\TraceRecorder\include -I.\source\bsw\TraceRecorder\streamport -I.\source\bsw\Services -I.\source\bsw\Board -I.\source\rte -I. -IGenerated_Source\PSoC5 -Wa,-alh=.\CortexM3\ARM_GCC_541\Debug/ErikaOS_1_ee_altick.lst -g -D DEBUG -D CY_CORE_ID=0 -Wall -ffunction-sections -ffat-lto-objects -Og -c Generated_Source\PSoC5\ErikaOS_1_ee_altick.c -o .\CortexM3\ARM_GCC_541\Debug\ErikaOS_1_ee_altick.o
arm-none-eabi-gcc.exe -mcpu=cortex-m3 -mthumb -I.\source\asw -I.\source\bsw -I.\source\bsw\TraceRecorder -I.\source\bsw\TraceRecorder\config -I.\source\bsw\TraceRecorder\include -I.\source\bsw\TraceRecorder\streamport -I.\source\bsw\Services -I.\source\bsw\Board -I.\source\rte -I. -IGenerated_Source\PSoC5 -Wa,-alh=.\CortexM3\ARM_GCC_541\Debug/ErikaOS_1_ee_chaintas.lst -g -D DEBUG -D CY_CORE_ID=0 -Wall -ffunction-sections -ffat-lto-objects -Og -c Generated_Source\PSoC5\ErikaOS_1_ee_chaintas.c -o .\CortexM3\ARM_GCC_541\Debug\ErikaOS_1_ee_chaintas.o
arm-none-eabi-gcc.exe -mcpu=cortex-m3 -mthumb -I.\source\asw -I.\source\bsw -I.\source\bsw\TraceRecorder -I.\source\bsw\TraceRecorder\config -I.\source\bsw\TraceRecorder\include -I.\source\bsw\TraceRecorder\streamport -I.\source\bsw\Services -I.\source\bsw\Board -I.\source\rte -I. -IGenerated_Source\PSoC5 -Wa,-alh=.\CortexM3\ARM_GCC_541\Debug/ErikaOS_1_ee_evclear.lst -g -D DEBUG -D CY_CORE_ID=0 -Wall -ffunction-sections -ffat-lto-objects -Og -c Generated_Source\PSoC5\ErikaOS_1_ee_evclear.c -o .\CortexM3\ARM_GCC_541\Debug\ErikaOS_1_ee_evclear.o
arm-none-eabi-gcc.exe -mcpu=cortex-m3 -mthumb -I.\source\asw -I.\source\bsw -I.\source\bsw\TraceRecorder -I.\source\bsw\TraceRecorder\config -I.\source\bsw\TraceRecorder\include -I.\source\bsw\TraceRecorder\streamport -I.\source\bsw\Services -I.\source\bsw\Board -I.\source\rte -I. -IGenerated_Source\PSoC5 -Wa,-alh=.\CortexM3\ARM_GCC_541\Debug/ErikaOS_1_ee_evget.lst -g -D DEBUG -D CY_CORE_ID=0 -Wall -ffunction-sections -ffat-lto-objects -Og -c Generated_Source\PSoC5\ErikaOS_1_ee_evget.c -o .\CortexM3\ARM_GCC_541\Debug\ErikaOS_1_ee_evget.o
arm-none-eabi-gcc.exe -mcpu=cortex-m3 -mthumb -I.\source\asw -I.\source\bsw -I.\source\bsw\TraceRecorder -I.\source\bsw\TraceRecorder\config -I.\source\bsw\TraceRecorder\include -I.\source\bsw\TraceRecorder\streamport -I.\source\bsw\Services -I.\source\bsw\Board -I.\source\rte -I. -IGenerated_Source\PSoC5 -Wa,-alh=.\CortexM3\ARM_GCC_541\Debug/ErikaOS_1_ee_evset.lst -g -D DEBUG -D CY_CORE_ID=0 -Wall -ffunction-sections -ffat-lto-objects -Og -c Generated_Source\PSoC5\ErikaOS_1_ee_evset.c -o .\CortexM3\ARM_GCC_541\Debug\ErikaOS_1_ee_evset.o
arm-none-eabi-gcc.exe -mcpu=cortex-m3 -mthumb -I.\source\asw -I.\source\bsw -I.\source\bsw\TraceRecorder -I.\source\bsw\TraceRecorder\config -I.\source\bsw\TraceRecorder\include -I.\source\bsw\TraceRecorder\streamport -I.\source\bsw\Services -I.\source\bsw\Board -I.\source\rte -I. -IGenerated_Source\PSoC5 -Wa,-alh=.\CortexM3\ARM_GCC_541\Debug/ErikaOS_1_ee_evwait.lst -g -D DEBUG -D CY_CORE_ID=0 -Wall -ffunction-sections -ffat-lto-objects -Og -c Generated_Source\PSoC5\ErikaOS_1_ee_evwait.c -o .\CortexM3\ARM_GCC_541\Debug\ErikaOS_1_ee_evwait.o
arm-none-eabi-gcc.exe -mcpu=cortex-m3 -mthumb -I.\source\asw -I.\source\bsw -I.\source\bsw\TraceRecorder -I.\source\bsw\TraceRecorder\config -I.\source\bsw\TraceRecorder\include -I.\source\bsw\TraceRecorder\streamport -I.\source\bsw\Services -I.\source\bsw\Board -I.\source\rte -I. -IGenerated_Source\PSoC5 -Wa,-alh=.\CortexM3\ARM_GCC_541\Debug/ErikaOS_1_ee_force_schedule.lst -g -D DEBUG -D CY_CORE_ID=0 -Wall -ffunction-sections -ffat-lto-objects -Og -c Generated_Source\PSoC5\ErikaOS_1_ee_force_schedule.c -o .\CortexM3\ARM_GCC_541\Debug\ErikaOS_1_ee_force_schedule.o
arm-none-eabi-gcc.exe -mcpu=cortex-m3 -mthumb -I.\source\asw -I.\source\bsw -I.\source\bsw\TraceRecorder -I.\source\bsw\TraceRecorder\config -I.\source\bsw\TraceRecorder\include -I.\source\bsw\TraceRecorder\streamport -I.\source\bsw\Services -I.\source\bsw\Board -I.\source\rte -I. -IGenerated_Source\PSoC5 -Wa,-alh=.\CortexM3\ARM_GCC_541\Debug/ErikaOS_1_ee_getcountervalue.lst -g -D DEBUG -D CY_CORE_ID=0 -Wall -ffunction-sections -ffat-lto-objects -Og -c Generated_Source\PSoC5\ErikaOS_1_ee_getcountervalue.c -o .\CortexM3\ARM_GCC_541\Debug\ErikaOS_1_ee_getcountervalue.o
arm-none-eabi-gcc.exe -mcpu=cortex-m3 -mthumb -I.\source\asw -I.\source\bsw -I.\source\bsw\TraceRecorder -I.\source\bsw\TraceRecorder\config -I.\source\bsw\TraceRecorder\include -I.\source\bsw\TraceRecorder\streamport -I.\source\bsw\Services -I.\source\bsw\Board -I.\source\rte -I. -IGenerated_Source\PSoC5 -Wa,-alh=.\CortexM3\ARM_GCC_541\Debug/ErikaOS_1_ee_getelapsedvalue.lst -g -D DEBUG -D CY_CORE_ID=0 -Wall -ffunction-sections -ffat-lto-objects -Og -c Generated_Source\PSoC5\ErikaOS_1_ee_getelapsedvalue.c -o .\CortexM3\ARM_GCC_541\Debug\ErikaOS_1_ee_getelapsedvalue.o
arm-none-eabi-gcc.exe -mcpu=cortex-m3 -mthumb -I.\source\asw -I.\source\bsw -I.\source\bsw\TraceRecorder -I.\source\bsw\TraceRecorder\config -I.\source\bsw\TraceRecorder\include -I.\source\bsw\TraceRecorder\streamport -I.\source\bsw\Services -I.\source\bsw\Board -I.\source\rte -I. -IGenerated_Source\PSoC5 -Wa,-alh=.\CortexM3\ARM_GCC_541\Debug/ErikaOS_1_ee_gettaskid.lst -g -D DEBUG -D CY_CORE_ID=0 -Wall -ffunction-sections -ffat-lto-objects -Og -c Generated_Source\PSoC5\ErikaOS_1_ee_gettaskid.c -o .\CortexM3\ARM_GCC_541\Debug\ErikaOS_1_ee_gettaskid.o
arm-none-eabi-gcc.exe -mcpu=cortex-m3 -mthumb -I.\source\asw -I.\source\bsw -I.\source\bsw\TraceRecorder -I.\source\bsw\TraceRecorder\config -I.\source\bsw\TraceRecorder\include -I.\source\bsw\TraceRecorder\streamport -I.\source\bsw\Services -I.\source\bsw\Board -I.\source\rte -I. -IGenerated_Source\PSoC5 -Wa,-alh=.\CortexM3\ARM_GCC_541\Debug/ErikaOS_1_ee_gettaskstate.lst -g -D DEBUG -D CY_CORE_ID=0 -Wall -ffunction-sections -ffat-lto-objects -Og -c Generated_Source\PSoC5\ErikaOS_1_ee_gettaskstate.c -o .\CortexM3\ARM_GCC_541\Debug\ErikaOS_1_ee_gettaskstate.o
arm-none-eabi-gcc.exe -mcpu=cortex-m3 -mthumb -I.\source\asw -I.\source\bsw -I.\source\bsw\TraceRecorder -I.\source\bsw\TraceRecorder\config -I.\source\bsw\TraceRecorder\include -I.\source\bsw\TraceRecorder\streamport -I.\source\bsw\Services -I.\source\bsw\Board -I.\source\rte -I. -IGenerated_Source\PSoC5 -Wa,-alh=.\CortexM3\ARM_GCC_541\Debug/ErikaOS_1_ee_iparam.lst -g -D DEBUG -D CY_CORE_ID=0 -Wall -ffunction-sections -ffat-lto-objects -Og -c Generated_Source\PSoC5\ErikaOS_1_ee_iparam.c -o .\CortexM3\ARM_GCC_541\Debug\ErikaOS_1_ee_iparam.o
arm-none-eabi-gcc.exe -mcpu=cortex-m3 -mthumb -I.\source\asw -I.\source\bsw -I.\source\bsw\TraceRecorder -I.\source\bsw\TraceRecorder\config -I.\source\bsw\TraceRecorder\include -I.\source\bsw\TraceRecorder\streamport -I.\source\bsw\Services -I.\source\bsw\Board -I.\source\rte -I. -IGenerated_Source\PSoC5 -Wa,-alh=.\CortexM3\ARM_GCC_541\Debug/ErikaOS_1_ee_irqendin.lst -g -D DEBUG -D CY_CORE_ID=0 -Wall -ffunction-sections -ffat-lto-objects -Og -c Generated_Source\PSoC5\ErikaOS_1_ee_irqendin.c -o .\CortexM3\ARM_GCC_541\Debug\ErikaOS_1_ee_irqendin.o
arm-none-eabi-gcc.exe -mcpu=cortex-m3 -mthumb -I.\source\asw -I.\source\bsw -I.\source\bsw\TraceRecorder -I.\source\bsw\TraceRecorder\config -I.\source\bsw\TraceRecorder\include -I.\source\bsw\TraceRecorder\streamport -I.\source\bsw\Services -I.\source\bsw\Board -I.\source\rte -I. -IGenerated_Source\PSoC5 -Wa,-alh=.\CortexM3\ARM_GCC_541\Debug/ErikaOS_1_ee_lockres.lst -g -D DEBUG -D CY_CORE_ID=0 -Wall -ffunction-sections -ffat-lto-objects -Og -c Generated_Source\PSoC5\ErikaOS_1_ee_lockres.c -o .\CortexM3\ARM_GCC_541\Debug\ErikaOS_1_ee_lockres.o
arm-none-eabi-gcc.exe -mcpu=cortex-m3 -mthumb -I.\source\asw -I.\source\bsw -I.\source\bsw\TraceRecorder -I.\source\bsw\TraceRecorder\config -I.\source\bsw\TraceRecorder\include -I.\source\bsw\TraceRecorder\streamport -I.\source\bsw\Services -I.\source\bsw\Board -I.\source\rte -I. -IGenerated_Source\PSoC5 -Wa,-alh=.\CortexM3\ARM_GCC_541\Debug/ErikaOS_1_ee_lookup.lst -g -D DEBUG -D CY_CORE_ID=0 -Wall -ffunction-sections -ffat-lto-objects -Og -c Generated_Source\PSoC5\ErikaOS_1_ee_lookup.c -o .\CortexM3\ARM_GCC_541\Debug\ErikaOS_1_ee_lookup.o
arm-none-eabi-gcc.exe -mcpu=cortex-m3 -mthumb -I.\source\asw -I.\source\bsw -I.\source\bsw\TraceRecorder -I.\source\bsw\TraceRecorder\config -I.\source\bsw\TraceRecorder\include -I.\source\bsw\TraceRecorder\streamport -I.\source\bsw\Services -I.\source\bsw\Board -I.\source\rte -I. -IGenerated_Source\PSoC5 -Wa,-alh=.\CortexM3\ARM_GCC_541\Debug/ErikaOS_1_ee_rq_exchg.lst -g -D DEBUG -D CY_CORE_ID=0 -Wall -ffunction-sections -ffat-lto-objects -Og -c Generated_Source\PSoC5\ErikaOS_1_ee_rq_exchg.c -o .\CortexM3\ARM_GCC_541\Debug\ErikaOS_1_ee_rq_exchg.o
arm-none-eabi-gcc.exe -mcpu=cortex-m3 -mthumb -I.\source\asw -I.\source\bsw -I.\source\bsw\TraceRecorder -I.\source\bsw\TraceRecorder\config -I.\source\bsw\TraceRecorder\include -I.\source\bsw\TraceRecorder\streamport -I.\source\bsw\Services -I.\source\bsw\Board -I.\source\rte -I. -IGenerated_Source\PSoC5 -Wa,-alh=.\CortexM3\ARM_GCC_541\Debug/ErikaOS_1_ee_rq_first.lst -g -D DEBUG -D CY_CORE_ID=0 -Wall -ffunction-sections -ffat-lto-objects -Og -c Generated_Source\PSoC5\ErikaOS_1_ee_rq_first.c -o .\CortexM3\ARM_GCC_541\Debug\ErikaOS_1_ee_rq_first.o
arm-none-eabi-gcc.exe -mcpu=cortex-m3 -mthumb -I.\source\asw -I.\source\bsw -I.\source\bsw\TraceRecorder -I.\source\bsw\TraceRecorder\config -I.\source\bsw\TraceRecorder\include -I.\source\bsw\TraceRecorder\streamport -I.\source\bsw\Services -I.\source\bsw\Board -I.\source\rte -I. -IGenerated_Source\PSoC5 -Wa,-alh=.\CortexM3\ARM_GCC_541\Debug/ErikaOS_1_ee_rq_inser.lst -g -D DEBUG -D CY_CORE_ID=0 -Wall -ffunction-sections -ffat-lto-objects -Og -c Generated_Source\PSoC5\ErikaOS_1_ee_rq_inser.c -o .\CortexM3\ARM_GCC_541\Debug\ErikaOS_1_ee_rq_inser.o
arm-none-eabi-gcc.exe -mcpu=cortex-m3 -mthumb -I.\source\asw -I.\source\bsw -I.\source\bsw\TraceRecorder -I.\source\bsw\TraceRecorder\config -I.\source\bsw\TraceRecorder\include -I.\source\bsw\TraceRecorder\streamport -I.\source\bsw\Services -I.\source\bsw\Board -I.\source\rte -I. -IGenerated_Source\PSoC5 -Wa,-alh=.\CortexM3\ARM_GCC_541\Debug/ErikaOS_1_ee_schedule.lst -g -D DEBUG -D CY_CORE_ID=0 -Wall -ffunction-sections -ffat-lto-objects -Og -c Generated_Source\PSoC5\ErikaOS_1_ee_schedule.c -o .\CortexM3\ARM_GCC_541\Debug\ErikaOS_1_ee_schedule.o
arm-none-eabi-gcc.exe -mcpu=cortex-m3 -mthumb -I.\source\asw -I.\source\bsw -I.\source\bsw\TraceRecorder -I.\source\bsw\TraceRecorder\config -I.\source\bsw\TraceRecorder\include -I.\source\bsw\TraceRecorder\streamport -I.\source\bsw\Services -I.\source\bsw\Board -I.\source\rte -I. -IGenerated_Source\PSoC5 -Wa,-alh=.\CortexM3\ARM_GCC_541\Debug/ErikaOS_1_ee_semgetvalue.lst -g -D DEBUG -D CY_CORE_ID=0 -Wall -ffunction-sections -ffat-lto-objects -Og -c Generated_Source\PSoC5\ErikaOS_1_ee_semgetvalue.c -o .\CortexM3\ARM_GCC_541\Debug\ErikaOS_1_ee_semgetvalue.o
arm-none-eabi-gcc.exe -mcpu=cortex-m3 -mthumb -I.\source\asw -I.\source\bsw -I.\source\bsw\TraceRecorder -I.\source\bsw\TraceRecorder\config -I.\source\bsw\TraceRecorder\include -I.\source\bsw\TraceRecorder\streamport -I.\source\bsw\Services -I.\source\bsw\Board -I.\source\rte -I. -IGenerated_Source\PSoC5 -Wa,-alh=.\CortexM3\ARM_GCC_541\Debug/ErikaOS_1_ee_sempost.lst -g -D DEBUG -D CY_CORE_ID=0 -Wall -ffunction-sections -ffat-lto-objects -Og -c Generated_Source\PSoC5\ErikaOS_1_ee_sempost.c -o .\CortexM3\ARM_GCC_541\Debug\ErikaOS_1_ee_sempost.o
arm-none-eabi-gcc.exe -mcpu=cortex-m3 -mthumb -I.\source\asw -I.\source\bsw -I.\source\bsw\TraceRecorder -I.\source\bsw\TraceRecorder\config -I.\source\bsw\TraceRecorder\include -I.\source\bsw\TraceRecorder\streamport -I.\source\bsw\Services -I.\source\bsw\Board -I.\source\rte -I. -IGenerated_Source\PSoC5 -Wa,-alh=.\CortexM3\ARM_GCC_541\Debug/ErikaOS_1_ee_semtrywait.lst -g -D DEBUG -D CY_CORE_ID=0 -Wall -ffunction-sections -ffat-lto-objects -Og -c Generated_Source\PSoC5\ErikaOS_1_ee_semtrywait.c -o .\CortexM3\ARM_GCC_541\Debug\ErikaOS_1_ee_semtrywait.o
arm-none-eabi-gcc.exe -mcpu=cortex-m3 -mthumb -I.\source\asw -I.\source\bsw -I.\source\bsw\TraceRecorder -I.\source\bsw\TraceRecorder\config -I.\source\bsw\TraceRecorder\include -I.\source\bsw\TraceRecorder\streamport -I.\source\bsw\Services -I.\source\bsw\Board -I.\source\rte -I. -IGenerated_Source\PSoC5 -Wa,-alh=.\CortexM3\ARM_GCC_541\Debug/ErikaOS_1_ee_semwait.lst -g -D DEBUG -D CY_CORE_ID=0 -Wall -ffunction-sections -ffat-lto-objects -Og -c Generated_Source\PSoC5\ErikaOS_1_ee_semwait.c -o .\CortexM3\ARM_GCC_541\Debug\ErikaOS_1_ee_semwait.o
arm-none-eabi-gcc.exe -mcpu=cortex-m3 -mthumb -I.\source\asw -I.\source\bsw -I.\source\bsw\TraceRecorder -I.\source\bsw\TraceRecorder\config -I.\source\bsw\TraceRecorder\include -I.\source\bsw\TraceRecorder\streamport -I.\source\bsw\Services -I.\source\bsw\Board -I.\source\rte -I. -IGenerated_Source\PSoC5 -Wa,-alh=.\CortexM3\ARM_GCC_541\Debug/ErikaOS_1_ee_shtdown.lst -g -D DEBUG -D CY_CORE_ID=0 -Wall -ffunction-sections -ffat-lto-objects -Og -c Generated_Source\PSoC5\ErikaOS_1_ee_shtdown.c -o .\CortexM3\ARM_GCC_541\Debug\ErikaOS_1_ee_shtdown.o
arm-none-eabi-gcc.exe -mcpu=cortex-m3 -mthumb -I.\source\asw -I.\source\bsw -I.\source\bsw\TraceRecorder -I.\source\bsw\TraceRecorder\config -I.\source\bsw\TraceRecorder\include -I.\source\bsw\TraceRecorder\streamport -I.\source\bsw\Services -I.\source\bsw\Board -I.\source\rte -I. -IGenerated_Source\PSoC5 -Wa,-alh=.\CortexM3\ARM_GCC_541\Debug/ErikaOS_1_ee_startos.lst -g -D DEBUG -D CY_CORE_ID=0 -Wall -ffunction-sections -ffat-lto-objects -Og -c Generated_Source\PSoC5\ErikaOS_1_ee_startos.c -o .\CortexM3\ARM_GCC_541\Debug\ErikaOS_1_ee_startos.o
In file included from Generated_Source\PSoC5\ErikaOS_1_ee_startos.c:332:0:
Generated_Source\PSoC5\ErikaOS_1_ee_startos.c: In function 'EE_oo_StartOS':
Generated_Source\PSoC5\CyLib.h:59:15: warning: unused variable 'cydelay_32k_ms' [-Wunused-variable]
 extern uint32 cydelay_32k_ms;
               ^
Generated_Source\PSoC5\CyLib.h:58:15: warning: unused variable 'cydelay_freq_mhz' [-Wunused-variable]
 extern uint8  cydelay_freq_mhz;
               ^
Generated_Source\PSoC5\CyLib.h:57:15: warning: unused variable 'cydelay_freq_khz' [-Wunused-variable]
 extern uint32 cydelay_freq_khz;
               ^
Generated_Source\PSoC5\CyLib.h:56:15: warning: unused variable 'cydelay_freq_hz' [-Wunused-variable]
 extern uint32 cydelay_freq_hz;
               ^
Generated_Source\PSoC5\CyLib.h:44:22: warning: unused variable 'CyResetStatus' [-Wunused-variable]
 extern uint8 CYXDATA CyResetStatus;
                      ^
In file included from Generated_Source\PSoC5\cyPm.h:25:0,
                 from Generated_Source\PSoC5\CyLib.h:29,
                 from Generated_Source\PSoC5\ErikaOS_1_ee_startos.c:332:
Generated_Source\PSoC5\CyFlash.h:28:14: warning: unused variable 'dieTemperature' [-Wunused-variable]
 extern uint8 dieTemperature[CY_FLASH_DIE_TEMP_DATA_SIZE];
              ^
In file included from Generated_Source\PSoC5\CyFlash.h:24:0,
                 from Generated_Source\PSoC5\cyPm.h:25,
                 from Generated_Source\PSoC5\CyLib.h:29,
                 from Generated_Source\PSoC5\ErikaOS_1_ee_startos.c:332:
Generated_Source\PSoC5\CySpc.h:28:14: warning: unused variable 'SpcLockState' [-Wunused-variable]
 extern uint8 SpcLockState;
              ^
In file included from Generated_Source\PSoC5\CyLib.h:26:0,
                 from Generated_Source\PSoC5\ErikaOS_1_ee_startos.c:332:
Generated_Source\PSoC5\cytypes.h:487:25: warning: typedef 'int8' locally defined but not used [-Wunused-local-typedefs]
 typedef signed   char   int8;
                         ^
Generated_Source\PSoC5\cytypes.h:488:25: warning: typedef 'int16' locally defined but not used [-Wunused-local-typedefs]
 typedef signed   short  int16;
                         ^
Generated_Source\PSoC5\cytypes.h:489:25: warning: typedef 'int32' locally defined but not used [-Wunused-local-typedefs]
 typedef signed   long   int32;
                         ^
Generated_Source\PSoC5\cytypes.h:490:25: warning: typedef 'float32' locally defined but not used [-Wunused-local-typedefs]
 typedef          float  float32;
                         ^
Generated_Source\PSoC5\cytypes.h:494:34: warning: typedef 'float64' locally defined but not used [-Wunused-local-typedefs]
     typedef               double float64;
                                  ^
Generated_Source\PSoC5\cytypes.h:495:34: warning: typedef 'int64' locally defined but not used [-Wunused-local-typedefs]
     typedef          long long   int64;
                                  ^
Generated_Source\PSoC5\cytypes.h:496:34: warning: typedef 'uint64' locally defined but not used [-Wunused-local-typedefs]
     typedef unsigned long long   uint64;
                                  ^
Generated_Source\PSoC5\cytypes.h:501:25: warning: typedef 'char8' locally defined but not used [-Wunused-local-typedefs]
 typedef          char   char8;
                         ^
Generated_Source\PSoC5\cytypes.h:654:33: warning: typedef 'reg8' locally defined but not used [-Wunused-local-typedefs]
 typedef volatile uint8  CYXDATA reg8;
                                 ^
Generated_Source\PSoC5\cytypes.h:655:33: warning: typedef 'reg16' locally defined but not used [-Wunused-local-typedefs]
 typedef volatile uint16 CYXDATA reg16;
                                 ^
Generated_Source\PSoC5\cytypes.h:656:33: warning: typedef 'reg32' locally defined but not used [-Wunused-local-typedefs]
 typedef volatile uint32 CYXDATA reg32;
                                 ^
In file included from Generated_Source\PSoC5\CyLib.h:29:0,
                 from Generated_Source\PSoC5\ErikaOS_1_ee_startos.c:332:
Generated_Source\PSoC5\cyPm.h:267:3: warning: typedef 'CY_PM_CLOCK_BACKUP_STRUCT' locally defined but not used [-Wunused-local-typedefs]
 } CY_PM_CLOCK_BACKUP_STRUCT;
   ^
arm-none-eabi-gcc.exe -mcpu=cortex-m3 -mthumb -I.\source\asw -I.\source\bsw -I.\source\bsw\TraceRecorder -I.\source\bsw\TraceRecorder\config -I.\source\bsw\TraceRecorder\include -I.\source\bsw\TraceRecorder\streamport -I.\source\bsw\Services -I.\source\bsw\Board -I.\source\rte -I. -IGenerated_Source\PSoC5 -Wa,-alh=.\CortexM3\ARM_GCC_541\Debug/ErikaOS_1_ee_terminat.lst -g -D DEBUG -D CY_CORE_ID=0 -Wall -ffunction-sections -ffat-lto-objects -Og -c Generated_Source\PSoC5\ErikaOS_1_ee_terminat.c -o .\CortexM3\ARM_GCC_541\Debug\ErikaOS_1_ee_terminat.o
Generated_Source\PSoC5\cyPm.h:315:3: warning: typedef 'CY_PM_BACKUP_STRUCT' locally defined but not used [-Wunused-local-typedefs]
 } CY_PM_BACKUP_STRUCT;
   ^
arm-none-eabi-gcc.exe -mcpu=cortex-m3 -mthumb -I.\source\asw -I.\source\bsw -I.\source\bsw\TraceRecorder -I.\source\bsw\TraceRecorder\config -I.\source\bsw\TraceRecorder\include -I.\source\bsw\TraceRecorder\streamport -I.\source\bsw\Services -I.\source\bsw\Board -I.\source\rte -I. -IGenerated_Source\PSoC5 -Wa,-alh=.\CortexM3\ARM_GCC_541\Debug/ErikaOS_1_ee_thendin.lst -g -D DEBUG -D CY_CORE_ID=0 -Wall -ffunction-sections -ffat-lto-objects -Og -c Generated_Source\PSoC5\ErikaOS_1_ee_thendin.c -o .\CortexM3\ARM_GCC_541\Debug\ErikaOS_1_ee_thendin.o
arm-none-eabi-gcc.exe -mcpu=cortex-m3 -mthumb -I.\source\asw -I.\source\bsw -I.\source\bsw\TraceRecorder -I.\source\bsw\TraceRecorder\config -I.\source\bsw\TraceRecorder\include -I.\source\bsw\TraceRecorder\streamport -I.\source\bsw\Services -I.\source\bsw\Board -I.\source\rte -I. -IGenerated_Source\PSoC5 -Wa,-alh=.\CortexM3\ARM_GCC_541\Debug/ErikaOS_1_ee_tnterm.lst -g -D DEBUG -D CY_CORE_ID=0 -Wall -ffunction-sections -ffat-lto-objects -Og -c Generated_Source\PSoC5\ErikaOS_1_ee_tnterm.c -o .\CortexM3\ARM_GCC_541\Debug\ErikaOS_1_ee_tnterm.o
arm-none-eabi-gcc.exe -mcpu=cortex-m3 -mthumb -I.\source\asw -I.\source\bsw -I.\source\bsw\TraceRecorder -I.\source\bsw\TraceRecorder\config -I.\source\bsw\TraceRecorder\include -I.\source\bsw\TraceRecorder\streamport -I.\source\bsw\Services -I.\source\bsw\Board -I.\source\rte -I. -IGenerated_Source\PSoC5 -Wa,-alh=.\CortexM3\ARM_GCC_541\Debug/ErikaOS_1_ee_tstub.lst -g -D DEBUG -D CY_CORE_ID=0 -Wall -ffunction-sections -ffat-lto-objects -Og -c Generated_Source\PSoC5\ErikaOS_1_ee_tstub.c -o .\CortexM3\ARM_GCC_541\Debug\ErikaOS_1_ee_tstub.o
arm-none-eabi-gcc.exe -mcpu=cortex-m3 -mthumb -I.\source\asw -I.\source\bsw -I.\source\bsw\TraceRecorder -I.\source\bsw\TraceRecorder\config -I.\source\bsw\TraceRecorder\include -I.\source\bsw\TraceRecorder\streamport -I.\source\bsw\Services -I.\source\bsw\Board -I.\source\rte -I. -IGenerated_Source\PSoC5 -Wa,-alh=.\CortexM3\ARM_GCC_541\Debug/ErikaOS_1_ee_ulockallres.lst -g -D DEBUG -D CY_CORE_ID=0 -Wall -ffunction-sections -ffat-lto-objects -Og -c Generated_Source\PSoC5\ErikaOS_1_ee_ulockallres.c -o .\CortexM3\ARM_GCC_541\Debug\ErikaOS_1_ee_ulockallres.o
arm-none-eabi-gcc.exe -mcpu=cortex-m3 -mthumb -I.\source\asw -I.\source\bsw -I.\source\bsw\TraceRecorder -I.\source\bsw\TraceRecorder\config -I.\source\bsw\TraceRecorder\include -I.\source\bsw\TraceRecorder\streamport -I.\source\bsw\Services -I.\source\bsw\Board -I.\source\rte -I. -IGenerated_Source\PSoC5 -Wa,-alh=.\CortexM3\ARM_GCC_541\Debug/ErikaOS_1_ee_ulockres.lst -g -D DEBUG -D CY_CORE_ID=0 -Wall -ffunction-sections -ffat-lto-objects -Og -c Generated_Source\PSoC5\ErikaOS_1_ee_ulockres.c -o .\CortexM3\ARM_GCC_541\Debug\ErikaOS_1_ee_ulockres.o
arm-none-eabi-gcc.exe -mcpu=cortex-m3 -mthumb -I.\source\asw -I.\source\bsw -I.\source\bsw\TraceRecorder -I.\source\bsw\TraceRecorder\config -I.\source\bsw\TraceRecorder\include -I.\source\bsw\TraceRecorder\streamport -I.\source\bsw\Services -I.\source\bsw\Board -I.\source\rte -I. -IGenerated_Source\PSoC5 -Wa,-alh=.\CortexM3\ARM_GCC_541\Debug/ErikaOS_1_cortex_mx_ee_context.lst -g -D DEBUG -D CY_CORE_ID=0 -Wall -ffunction-sections -ffat-lto-objects -Og -c Generated_Source\PSoC5\ErikaOS_1_cortex_mx_ee_context.c -o .\CortexM3\ARM_GCC_541\Debug\ErikaOS_1_cortex_mx_ee_context.o
arm-none-eabi-gcc.exe -mcpu=cortex-m3 -mthumb -I.\source\asw -I.\source\bsw -I.\source\bsw\TraceRecorder -I.\source\bsw\TraceRecorder\config -I.\source\bsw\TraceRecorder\include -I.\source\bsw\TraceRecorder\streamport -I.\source\bsw\Services -I.\source\bsw\Board -I.\source\rte -I. -IGenerated_Source\PSoC5 -Wa,-alh=.\CortexM3\ARM_GCC_541\Debug/ErikaOS_1_cortex_mx_ee_system_timer.lst -g -D DEBUG -D CY_CORE_ID=0 -Wall -ffunction-sections -ffat-lto-objects -Og -c Generated_Source\PSoC5\ErikaOS_1_cortex_mx_ee_system_timer.c -o .\CortexM3\ARM_GCC_541\Debug\ErikaOS_1_cortex_mx_ee_system_timer.o
arm-none-eabi-gcc.exe -mcpu=cortex-m3 -mthumb -I.\source\asw -I.\source\bsw -I.\source\bsw\TraceRecorder -I.\source\bsw\TraceRecorder\config -I.\source\bsw\TraceRecorder\include -I.\source\bsw\TraceRecorder\streamport -I.\source\bsw\Services -I.\source\bsw\Board -I.\source\rte -I. -IGenerated_Source\PSoC5 -Wa,-alh=.\CortexM3\ARM_GCC_541\Debug/ErikaOS_1_cortex_mx_ee_utils.lst -g -D DEBUG -D CY_CORE_ID=0 -Wall -ffunction-sections -ffat-lto-objects -Og -c Generated_Source\PSoC5\ErikaOS_1_cortex_mx_ee_utils.c -o .\CortexM3\ARM_GCC_541\Debug\ErikaOS_1_cortex_mx_ee_utils.o
arm-none-eabi-gcc.exe -mcpu=cortex-m3 -mthumb -I.\source\asw -I.\source\bsw -I.\source\bsw\TraceRecorder -I.\source\bsw\TraceRecorder\config -I.\source\bsw\TraceRecorder\include -I.\source\bsw\TraceRecorder\streamport -I.\source\bsw\Services -I.\source\bsw\Board -I.\source\rte -I. -IGenerated_Source\PSoC5 -Wa,-alh=.\CortexM3\ARM_GCC_541\Debug/ErikaOS_1_common_ee_hal_structs.lst -g -D DEBUG -D CY_CORE_ID=0 -Wall -ffunction-sections -ffat-lto-objects -Og -c Generated_Source\PSoC5\ErikaOS_1_common_ee_hal_structs.c -o .\CortexM3\ARM_GCC_541\Debug\ErikaOS_1_common_ee_hal_structs.o
arm-none-eabi-gcc.exe -mcpu=cortex-m3 -mthumb -I.\source\asw -I.\source\bsw -I.\source\bsw\TraceRecorder -I.\source\bsw\TraceRecorder\config -I.\source\bsw\TraceRecorder\include -I.\source\bsw\TraceRecorder\streamport -I.\source\bsw\Services -I.\source\bsw\Board -I.\source\rte -I. -IGenerated_Source\PSoC5 -Wa,-alh=.\CortexM3\ARM_GCC_541\Debug/ErikaOS_1_eecfg.lst -g -D DEBUG -D CY_CORE_ID=0 -Wall -ffunction-sections -ffat-lto-objects -Og -c Generated_Source\PSoC5\ErikaOS_1_eecfg.c -o .\CortexM3\ARM_GCC_541\Debug\ErikaOS_1_eecfg.o
Generated_Source\PSoC5\ErikaOS_1_eecfg.c:1943:62: warning: initialization from incompatible pointer type [-Wincompatible-pointer-types]
         { (EE_OO_AUTOSTART_TASK_MODE_OSDEFAULTAPPMODE_SIZE), EE_oo_autostart_task_mode_OSDEFAULTAPPMODE}
                                                              ^
Generated_Source\PSoC5\ErikaOS_1_eecfg.c:1943:62: note: (near initialization for 'EE_oo_autostart_task_data[0].task')
arm-none-eabi-gcc.exe -mcpu=cortex-m3 -mthumb -I.\source\asw -I.\source\bsw -I.\source\bsw\TraceRecorder -I.\source\bsw\TraceRecorder\config -I.\source\bsw\TraceRecorder\include -I.\source\bsw\TraceRecorder\streamport -I.\source\bsw\Services -I.\source\bsw\Board -I.\source\rte -I. -IGenerated_Source\PSoC5 -Wa,-alh=.\CortexM3\ARM_GCC_541\Debug/EB_4.lst -g -D DEBUG -D CY_CORE_ID=0 -Wall -ffunction-sections -ffat-lto-objects -Og -c Generated_Source\PSoC5\EB_4.c -o .\CortexM3\ARM_GCC_541\Debug\EB_4.o
arm-none-eabi-gcc.exe -mcpu=cortex-m3 -mthumb -I.\source\asw -I.\source\bsw -I.\source\bsw\TraceRecorder -I.\source\bsw\TraceRecorder\config -I.\source\bsw\TraceRecorder\include -I.\source\bsw\TraceRecorder\streamport -I.\source\bsw\Services -I.\source\bsw\Board -I.\source\rte -I. -IGenerated_Source\PSoC5 -Wa,-alh=.\CortexM3\ARM_GCC_541\Debug/EB_3.lst -g -D DEBUG -D CY_CORE_ID=0 -Wall -ffunction-sections -ffat-lto-objects -Og -c Generated_Source\PSoC5\EB_3.c -o .\CortexM3\ARM_GCC_541\Debug\EB_3.o
arm-none-eabi-gcc.exe -mcpu=cortex-m3 -mthumb -I.\source\asw -I.\source\bsw -I.\source\bsw\TraceRecorder -I.\source\bsw\TraceRecorder\config -I.\source\bsw\TraceRecorder\include -I.\source\bsw\TraceRecorder\streamport -I.\source\bsw\Services -I.\source\bsw\Board -I.\source\rte -I. -IGenerated_Source\PSoC5 -Wa,-alh=.\CortexM3\ARM_GCC_541\Debug/EB_2.lst -g -D DEBUG -D CY_CORE_ID=0 -Wall -ffunction-sections -ffat-lto-objects -Og -c Generated_Source\PSoC5\EB_2.c -o .\CortexM3\ARM_GCC_541\Debug\EB_2.o
arm-none-eabi-gcc.exe -mcpu=cortex-m3 -mthumb -I.\source\asw -I.\source\bsw -I.\source\bsw\TraceRecorder -I.\source\bsw\TraceRecorder\config -I.\source\bsw\TraceRecorder\include -I.\source\bsw\TraceRecorder\streamport -I.\source\bsw\Services -I.\source\bsw\Board -I.\source\rte -I. -IGenerated_Source\PSoC5 -Wa,-alh=.\CortexM3\ARM_GCC_541\Debug/EB_7.lst -g -D DEBUG -D CY_CORE_ID=0 -Wall -ffunction-sections -ffat-lto-objects -Og -c Generated_Source\PSoC5\EB_7.c -o .\CortexM3\ARM_GCC_541\Debug\EB_7.o
arm-none-eabi-gcc.exe -mcpu=cortex-m3 -mthumb -I.\source\asw -I.\source\bsw -I.\source\bsw\TraceRecorder -I.\source\bsw\TraceRecorder\config -I.\source\bsw\TraceRecorder\include -I.\source\bsw\TraceRecorder\streamport -I.\source\bsw\Services -I.\source\bsw\Board -I.\source\rte -I. -IGenerated_Source\PSoC5 -Wa,-alh=.\CortexM3\ARM_GCC_541\Debug/EB_8.lst -g -D DEBUG -D CY_CORE_ID=0 -Wall -ffunction-sections -ffat-lto-objects -Og -c Generated_Source\PSoC5\EB_8.c -o .\CortexM3\ARM_GCC_541\Debug\EB_8.o
arm-none-eabi-gcc.exe -mcpu=cortex-m3 -mthumb -I.\source\asw -I.\source\bsw -I.\source\bsw\TraceRecorder -I.\source\bsw\TraceRecorder\config -I.\source\bsw\TraceRecorder\include -I.\source\bsw\TraceRecorder\streamport -I.\source\bsw\Services -I.\source\bsw\Board -I.\source\rte -I. -IGenerated_Source\PSoC5 -Wa,-alh=.\CortexM3\ARM_GCC_541\Debug/EB_9.lst -g -D DEBUG -D CY_CORE_ID=0 -Wall -ffunction-sections -ffat-lto-objects -Og -c Generated_Source\PSoC5\EB_9.c -o .\CortexM3\ARM_GCC_541\Debug\EB_9.o
arm-none-eabi-gcc.exe -mcpu=cortex-m3 -mthumb -I.\source\asw -I.\source\bsw -I.\source\bsw\TraceRecorder -I.\source\bsw\TraceRecorder\config -I.\source\bsw\TraceRecorder\include -I.\source\bsw\TraceRecorder\streamport -I.\source\bsw\Services -I.\source\bsw\Board -I.\source\rte -I. -IGenerated_Source\PSoC5 -Wa,-alh=.\CortexM3\ARM_GCC_541\Debug/EB_10.lst -g -D DEBUG -D CY_CORE_ID=0 -Wall -ffunction-sections -ffat-lto-objects -Og -c Generated_Source\PSoC5\EB_10.c -o .\CortexM3\ARM_GCC_541\Debug\EB_10.o
arm-none-eabi-gcc.exe -mcpu=cortex-m3 -mthumb -I.\source\asw -I.\source\bsw -I.\source\bsw\TraceRecorder -I.\source\bsw\TraceRecorder\config -I.\source\bsw\TraceRecorder\include -I.\source\bsw\TraceRecorder\streamport -I.\source\bsw\Services -I.\source\bsw\Board -I.\source\rte -I. -IGenerated_Source\PSoC5 -Wa,-alh=.\CortexM3\ARM_GCC_541\Debug/LED_4.lst -g -D DEBUG -D CY_CORE_ID=0 -Wall -ffunction-sections -ffat-lto-objects -Og -c Generated_Source\PSoC5\LED_4.c -o .\CortexM3\ARM_GCC_541\Debug\LED_4.o
arm-none-eabi-gcc.exe -mcpu=cortex-m3 -mthumb -I.\source\asw -I.\source\bsw -I.\source\bsw\TraceRecorder -I.\source\bsw\TraceRecorder\config -I.\source\bsw\TraceRecorder\include -I.\source\bsw\TraceRecorder\streamport -I.\source\bsw\Services -I.\source\bsw\Board -I.\source\rte -I. -IGenerated_Source\PSoC5 -Wa,-alh=.\CortexM3\ARM_GCC_541\Debug/EB_1.lst -g -D DEBUG -D CY_CORE_ID=0 -Wall -ffunction-sections -ffat-lto-objects -Og -c Generated_Source\PSoC5\EB_1.c -o .\CortexM3\ARM_GCC_541\Debug\EB_1.o
arm-none-eabi-gcc.exe -mcpu=cortex-m3 -mthumb -I.\source\asw -I.\source\bsw -I.\source\bsw\TraceRecorder -I.\source\bsw\TraceRecorder\config -I.\source\bsw\TraceRecorder\include -I.\source\bsw\TraceRecorder\streamport -I.\source\bsw\Services -I.\source\bsw\Board -I.\source\rte -I. -IGenerated_Source\PSoC5 -Wa,-alh=.\CortexM3\ARM_GCC_541\Debug/EB_5.lst -g -D DEBUG -D CY_CORE_ID=0 -Wall -ffunction-sections -ffat-lto-objects -Og -c Generated_Source\PSoC5\EB_5.c -o .\CortexM3\ARM_GCC_541\Debug\EB_5.o
arm-none-eabi-gcc.exe -mcpu=cortex-m3 -mthumb -I.\source\asw -I.\source\bsw -I.\source\bsw\TraceRecorder -I.\source\bsw\TraceRecorder\config -I.\source\bsw\TraceRecorder\include -I.\source\bsw\TraceRecorder\streamport -I.\source\bsw\Services -I.\source\bsw\Board -I.\source\rte -I. -IGenerated_Source\PSoC5 -Wa,-alh=.\CortexM3\ARM_GCC_541\Debug/BUTTON_1.lst -g -D DEBUG -D CY_CORE_ID=0 -Wall -ffunction-sections -ffat-lto-objects -Og -c Generated_Source\PSoC5\BUTTON_1.c -o .\CortexM3\ARM_GCC_541\Debug\BUTTON_1.o
arm-none-eabi-gcc.exe -mcpu=cortex-m3 -mthumb -I.\source\asw -I.\source\bsw -I.\source\bsw\TraceRecorder -I.\source\bsw\TraceRecorder\config -I.\source\bsw\TraceRecorder\include -I.\source\bsw\TraceRecorder\streamport -I.\source\bsw\Services -I.\source\bsw\Board -I.\source\rte -I. -IGenerated_Source\PSoC5 -Wa,-alh=.\CortexM3\ARM_GCC_541\Debug/isr_Button.lst -g -D DEBUG -D CY_CORE_ID=0 -Wall -ffunction-sections -ffat-lto-objects -Og -c Generated_Source\PSoC5\isr_Button.c -o .\CortexM3\ARM_GCC_541\Debug\isr_Button.o
arm-none-eabi-gcc.exe -mcpu=cortex-m3 -mthumb -I.\source\asw -I.\source\bsw -I.\source\bsw\TraceRecorder -I.\source\bsw\TraceRecorder\config -I.\source\bsw\TraceRecorder\include -I.\source\bsw\TraceRecorder\streamport -I.\source\bsw\Services -I.\source\bsw\Board -I.\source\rte -I. -IGenerated_Source\PSoC5 -Wa,-alh=.\CortexM3\ARM_GCC_541\Debug/BUTTON_2.lst -g -D DEBUG -D CY_CORE_ID=0 -Wall -ffunction-sections -ffat-lto-objects -Og -c Generated_Source\PSoC5\BUTTON_2.c -o .\CortexM3\ARM_GCC_541\Debug\BUTTON_2.o
arm-none-eabi-gcc.exe -mcpu=cortex-m3 -mthumb -I.\source\asw -I.\source\bsw -I.\source\bsw\TraceRecorder -I.\source\bsw\TraceRecorder\config -I.\source\bsw\TraceRecorder\include -I.\source\bsw\TraceRecorder\streamport -I.\source\bsw\Services -I.\source\bsw\Board -I.\source\rte -I. -IGenerated_Source\PSoC5 -Wa,-alh=.\CortexM3\ARM_GCC_541\Debug/BUTTON_3.lst -g -D DEBUG -D CY_CORE_ID=0 -Wall -ffunction-sections -ffat-lto-objects -Og -c Generated_Source\PSoC5\BUTTON_3.c -o .\CortexM3\ARM_GCC_541\Debug\BUTTON_3.o
arm-none-eabi-gcc.exe -mcpu=cortex-m3 -mthumb -I.\source\asw -I.\source\bsw -I.\source\bsw\TraceRecorder -I.\source\bsw\TraceRecorder\config -I.\source\bsw\TraceRecorder\include -I.\source\bsw\TraceRecorder\streamport -I.\source\bsw\Services -I.\source\bsw\Board -I.\source\rte -I. -IGenerated_Source\PSoC5 -Wa,-alh=.\CortexM3\ARM_GCC_541\Debug/BUTTON_4.lst -g -D DEBUG -D CY_CORE_ID=0 -Wall -ffunction-sections -ffat-lto-objects -Og -c Generated_Source\PSoC5\BUTTON_4.c -o .\CortexM3\ARM_GCC_541\Debug\BUTTON_4.o
arm-none-eabi-gcc.exe -mcpu=cortex-m3 -mthumb -I.\source\asw -I.\source\bsw -I.\source\bsw\TraceRecorder -I.\source\bsw\TraceRecorder\config -I.\source\bsw\TraceRecorder\include -I.\source\bsw\TraceRecorder\streamport -I.\source\bsw\Services -I.\source\bsw\Board -I.\source\rte -I. -IGenerated_Source\PSoC5 -Wa,-alh=.\CortexM3\ARM_GCC_541\Debug/LED_1.lst -g -D DEBUG -D CY_CORE_ID=0 -Wall -ffunction-sections -ffat-lto-objects -Og -c Generated_Source\PSoC5\LED_1.c -o .\CortexM3\ARM_GCC_541\Debug\LED_1.o
arm-none-eabi-gcc.exe -mcpu=cortex-m3 -mthumb -I.\source\asw -I.\source\bsw -I.\source\bsw\TraceRecorder -I.\source\bsw\TraceRecorder\config -I.\source\bsw\TraceRecorder\include -I.\source\bsw\TraceRecorder\streamport -I.\source\bsw\Services -I.\source\bsw\Board -I.\source\rte -I. -IGenerated_Source\PSoC5 -Wa,-alh=.\CortexM3\ARM_GCC_541\Debug/LED_3.lst -g -D DEBUG -D CY_CORE_ID=0 -Wall -ffunction-sections -ffat-lto-objects -Og -c Generated_Source\PSoC5\LED_3.c -o .\CortexM3\ARM_GCC_541\Debug\LED_3.o
arm-none-eabi-gcc.exe -mcpu=cortex-m3 -mthumb -I.\source\asw -I.\source\bsw -I.\source\bsw\TraceRecorder -I.\source\bsw\TraceRecorder\config -I.\source\bsw\TraceRecorder\include -I.\source\bsw\TraceRecorder\streamport -I.\source\bsw\Services -I.\source\bsw\Board -I.\source\rte -I. -IGenerated_Source\PSoC5 -Wa,-alh=.\CortexM3\ARM_GCC_541\Debug/LED_2.lst -g -D DEBUG -D CY_CORE_ID=0 -Wall -ffunction-sections -ffat-lto-objects -Og -c Generated_Source\PSoC5\LED_2.c -o .\CortexM3\ARM_GCC_541\Debug\LED_2.o
arm-none-eabi-gcc.exe -mcpu=cortex-m3 -mthumb -I.\source\asw -I.\source\bsw -I.\source\bsw\TraceRecorder -I.\source\bsw\TraceRecorder\config -I.\source\bsw\TraceRecorder\include -I.\source\bsw\TraceRecorder\streamport -I.\source\bsw\Services -I.\source\bsw\Board -I.\source\rte -I. -IGenerated_Source\PSoC5 -Wa,-alh=.\CortexM3\ARM_GCC_541\Debug/UART_LOG.lst -g -D DEBUG -D CY_CORE_ID=0 -Wall -ffunction-sections -ffat-lto-objects -Og -c Generated_Source\PSoC5\UART_LOG.c -o .\CortexM3\ARM_GCC_541\Debug\UART_LOG.o
arm-none-eabi-gcc.exe -mcpu=cortex-m3 -mthumb -I.\source\asw -I.\source\bsw -I.\source\bsw\TraceRecorder -I.\source\bsw\TraceRecorder\config -I.\source\bsw\TraceRecorder\include -I.\source\bsw\TraceRecorder\streamport -I.\source\bsw\Services -I.\source\bsw\Board -I.\source\rte -I. -IGenerated_Source\PSoC5 -Wa,-alh=.\CortexM3\ARM_GCC_541\Debug/UART_LOG_PM.lst -g -D DEBUG -D CY_CORE_ID=0 -Wall -ffunction-sections -ffat-lto-objects -Og -c Generated_Source\PSoC5\UART_LOG_PM.c -o .\CortexM3\ARM_GCC_541\Debug\UART_LOG_PM.o
arm-none-eabi-gcc.exe -mcpu=cortex-m3 -mthumb -I.\source\asw -I.\source\bsw -I.\source\bsw\TraceRecorder -I.\source\bsw\TraceRecorder\config -I.\source\bsw\TraceRecorder\include -I.\source\bsw\TraceRecorder\streamport -I.\source\bsw\Services -I.\source\bsw\Board -I.\source\rte -I. -IGenerated_Source\PSoC5 -Wa,-alh=.\CortexM3\ARM_GCC_541\Debug/UART_LOG_INT.lst -g -D DEBUG -D CY_CORE_ID=0 -Wall -ffunction-sections -ffat-lto-objects -Og -c Generated_Source\PSoC5\UART_LOG_INT.c -o .\CortexM3\ARM_GCC_541\Debug\UART_LOG_INT.o
arm-none-eabi-gcc.exe -mcpu=cortex-m3 -mthumb -I.\source\asw -I.\source\bsw -I.\source\bsw\TraceRecorder -I.\source\bsw\TraceRecorder\config -I.\source\bsw\TraceRecorder\include -I.\source\bsw\TraceRecorder\streamport -I.\source\bsw\Services -I.\source\bsw\Board -I.\source\rte -I. -IGenerated_Source\PSoC5 -Wa,-alh=.\CortexM3\ARM_GCC_541\Debug/UART_LOG_BOOT.lst -g -D DEBUG -D CY_CORE_ID=0 -Wall -ffunction-sections -ffat-lto-objects -Og -c Generated_Source\PSoC5\UART_LOG_BOOT.c -o .\CortexM3\ARM_GCC_541\Debug\UART_LOG_BOOT.o
arm-none-eabi-gcc.exe -mcpu=cortex-m3 -mthumb -I.\source\asw -I.\source\bsw -I.\source\bsw\TraceRecorder -I.\source\bsw\TraceRecorder\config -I.\source\bsw\TraceRecorder\include -I.\source\bsw\TraceRecorder\streamport -I.\source\bsw\Services -I.\source\bsw\Board -I.\source\rte -I. -IGenerated_Source\PSoC5 -Wa,-alh=.\CortexM3\ARM_GCC_541\Debug/UART_PSOC.lst -g -D DEBUG -D CY_CORE_ID=0 -Wall -ffunction-sections -ffat-lto-objects -Og -c Generated_Source\PSoC5\UART_PSOC.c -o .\CortexM3\ARM_GCC_541\Debug\UART_PSOC.o
arm-none-eabi-gcc.exe -mcpu=cortex-m3 -mthumb -I.\source\asw -I.\source\bsw -I.\source\bsw\TraceRecorder -I.\source\bsw\TraceRecorder\config -I.\source\bsw\TraceRecorder\include -I.\source\bsw\TraceRecorder\streamport -I.\source\bsw\Services -I.\source\bsw\Board -I.\source\rte -I. -IGenerated_Source\PSoC5 -Wa,-alh=.\CortexM3\ARM_GCC_541\Debug/UART_PSOC_PM.lst -g -D DEBUG -D CY_CORE_ID=0 -Wall -ffunction-sections -ffat-lto-objects -Og -c Generated_Source\PSoC5\UART_PSOC_PM.c -o .\CortexM3\ARM_GCC_541\Debug\UART_PSOC_PM.o
arm-none-eabi-gcc.exe -mcpu=cortex-m3 -mthumb -I.\source\asw -I.\source\bsw -I.\source\bsw\TraceRecorder -I.\source\bsw\TraceRecorder\config -I.\source\bsw\TraceRecorder\include -I.\source\bsw\TraceRecorder\streamport -I.\source\bsw\Services -I.\source\bsw\Board -I.\source\rte -I. -IGenerated_Source\PSoC5 -Wa,-alh=.\CortexM3\ARM_GCC_541\Debug/UART_PSOC_INT.lst -g -D DEBUG -D CY_CORE_ID=0 -Wall -ffunction-sections -ffat-lto-objects -Og -c Generated_Source\PSoC5\UART_PSOC_INT.c -o .\CortexM3\ARM_GCC_541\Debug\UART_PSOC_INT.o
arm-none-eabi-gcc.exe -mcpu=cortex-m3 -mthumb -I.\source\asw -I.\source\bsw -I.\source\bsw\TraceRecorder -I.\source\bsw\TraceRecorder\config -I.\source\bsw\TraceRecorder\include -I.\source\bsw\TraceRecorder\streamport -I.\source\bsw\Services -I.\source\bsw\Board -I.\source\rte -I. -IGenerated_Source\PSoC5 -Wa,-alh=.\CortexM3\ARM_GCC_541\Debug/UART_PSOC_BOOT.lst -g -D DEBUG -D CY_CORE_ID=0 -Wall -ffunction-sections -ffat-lto-objects -Og -c Generated_Source\PSoC5\UART_PSOC_BOOT.c -o .\CortexM3\ARM_GCC_541\Debug\UART_PSOC_BOOT.o
arm-none-eabi-gcc.exe -mcpu=cortex-m3 -mthumb -I.\source\asw -I.\source\bsw -I.\source\bsw\TraceRecorder -I.\source\bsw\TraceRecorder\config -I.\source\bsw\TraceRecorder\include -I.\source\bsw\TraceRecorder\streamport -I.\source\bsw\Services -I.\source\bsw\Board -I.\source\rte -I. -IGenerated_Source\PSoC5 -Wa,-alh=.\CortexM3\ARM_GCC_541\Debug/ENGINE_PWM.lst -g -D DEBUG -D CY_CORE_ID=0 -Wall -ffunction-sections -ffat-lto-objects -Og -c Generated_Source\PSoC5\ENGINE_PWM.c -o .\CortexM3\ARM_GCC_541\Debug\ENGINE_PWM.o
arm-none-eabi-gcc.exe -mcpu=cortex-m3 -mthumb -I.\source\asw -I.\source\bsw -I.\source\bsw\TraceRecorder -I.\source\bsw\TraceRecorder\config -I.\source\bsw\TraceRecorder\include -I.\source\bsw\TraceRecorder\streamport -I.\source\bsw\Services -I.\source\bsw\Board -I.\source\rte -I. -IGenerated_Source\PSoC5 -Wa,-alh=.\CortexM3\ARM_GCC_541\Debug/ENGINE_PWM_PM.lst -g -D DEBUG -D CY_CORE_ID=0 -Wall -ffunction-sections -ffat-lto-objects -Og -c Generated_Source\PSoC5\ENGINE_PWM_PM.c -o .\CortexM3\ARM_GCC_541\Debug\ENGINE_PWM_PM.o
arm-none-eabi-gcc.exe -mcpu=cortex-m3 -mthumb -I.\source\asw -I.\source\bsw -I.\source\bsw\TraceRecorder -I.\source\bsw\TraceRecorder\config -I.\source\bsw\TraceRecorder\include -I.\source\bsw\TraceRecorder\streamport -I.\source\bsw\Services -I.\source\bsw\Board -I.\source\rte -I. -IGenerated_Source\PSoC5 -Wa,-alh=.\CortexM3\ARM_GCC_541\Debug/Pin_Safe_1.lst -g -D DEBUG -D CY_CORE_ID=0 -Wall -ffunction-sections -ffat-lto-objects -Og -c Generated_Source\PSoC5\Pin_Safe_1.c -o .\CortexM3\ARM_GCC_541\Debug\Pin_Safe_1.o
arm-none-eabi-gcc.exe -mcpu=cortex-m3 -mthumb -I.\source\asw -I.\source\bsw -I.\source\bsw\TraceRecorder -I.\source\bsw\TraceRecorder\config -I.\source\bsw\TraceRecorder\include -I.\source\bsw\TraceRecorder\streamport -I.\source\bsw\Services -I.\source\bsw\Board -I.\source\rte -I. -IGenerated_Source\PSoC5 -Wa,-alh=.\CortexM3\ARM_GCC_541\Debug/Pin_Safe_2.lst -g -D DEBUG -D CY_CORE_ID=0 -Wall -ffunction-sections -ffat-lto-objects -Og -c Generated_Source\PSoC5\Pin_Safe_2.c -o .\CortexM3\ARM_GCC_541\Debug\Pin_Safe_2.o
arm-none-eabi-gcc.exe -mcpu=cortex-m3 -mthumb -I.\source\asw -I.\source\bsw -I.\source\bsw\TraceRecorder -I.\source\bsw\TraceRecorder\config -I.\source\bsw\TraceRecorder\include -I.\source\bsw\TraceRecorder\streamport -I.\source\bsw\Services -I.\source\bsw\Board -I.\source\rte -I. -IGenerated_Source\PSoC5 -Wa,-alh=.\CortexM3\ARM_GCC_541\Debug/EB_Status_Reg_2.lst -g -D DEBUG -D CY_CORE_ID=0 -Wall -ffunction-sections -ffat-lto-objects -Og -c Generated_Source\PSoC5\EB_Status_Reg_2.c -o .\CortexM3\ARM_GCC_541\Debug\EB_Status_Reg_2.o
arm-none-eabi-gcc.exe -mcpu=cortex-m3 -mthumb -I.\source\asw -I.\source\bsw -I.\source\bsw\TraceRecorder -I.\source\bsw\TraceRecorder\config -I.\source\bsw\TraceRecorder\include -I.\source\bsw\TraceRecorder\streamport -I.\source\bsw\Services -I.\source\bsw\Board -I.\source\rte -I. -IGenerated_Source\PSoC5 -Wa,-alh=.\CortexM3\ARM_GCC_541\Debug/EB_6.lst -g -D DEBUG -D CY_CORE_ID=0 -Wall -ffunction-sections -ffat-lto-objects -Og -c Generated_Source\PSoC5\EB_6.c -o .\CortexM3\ARM_GCC_541\Debug\EB_6.o
arm-none-eabi-gcc.exe -mcpu=cortex-m3 -mthumb -I.\source\asw -I.\source\bsw -I.\source\bsw\TraceRecorder -I.\source\bsw\TraceRecorder\config -I.\source\bsw\TraceRecorder\include -I.\source\bsw\TraceRecorder\streamport -I.\source\bsw\Services -I.\source\bsw\Board -I.\source\rte -I. -IGenerated_Source\PSoC5 -Wa,-alh=.\CortexM3\ARM_GCC_541\Debug/USBUART.lst -g -D DEBUG -D CY_CORE_ID=0 -Wall -ffunction-sections -ffat-lto-objects -Og -c Generated_Source\PSoC5\USBUART.c -o .\CortexM3\ARM_GCC_541\Debug\USBUART.o
arm-none-eabi-gcc.exe -mcpu=cortex-m3 -mthumb -I.\source\asw -I.\source\bsw -I.\source\bsw\TraceRecorder -I.\source\bsw\TraceRecorder\config -I.\source\bsw\TraceRecorder\include -I.\source\bsw\TraceRecorder\streamport -I.\source\bsw\Services -I.\source\bsw\Board -I.\source\rte -I. -IGenerated_Source\PSoC5 -Wa,-alh=.\CortexM3\ARM_GCC_541\Debug/USBUART_audio.lst -g -D DEBUG -D CY_CORE_ID=0 -Wall -ffunction-sections -ffat-lto-objects -Og -c Generated_Source\PSoC5\USBUART_audio.c -o .\CortexM3\ARM_GCC_541\Debug\USBUART_audio.o
arm-none-eabi-gcc.exe -mcpu=cortex-m3 -mthumb -I.\source\asw -I.\source\bsw -I.\source\bsw\TraceRecorder -I.\source\bsw\TraceRecorder\config -I.\source\bsw\TraceRecorder\include -I.\source\bsw\TraceRecorder\streamport -I.\source\bsw\Services -I.\source\bsw\Board -I.\source\rte -I. -IGenerated_Source\PSoC5 -Wa,-alh=.\CortexM3\ARM_GCC_541\Debug/USBUART_boot.lst -g -D DEBUG -D CY_CORE_ID=0 -Wall -ffunction-sections -ffat-lto-objects -Og -c Generated_Source\PSoC5\USBUART_boot.c -o .\CortexM3\ARM_GCC_541\Debug\USBUART_boot.o
arm-none-eabi-gcc.exe -mcpu=cortex-m3 -mthumb -I.\source\asw -I.\source\bsw -I.\source\bsw\TraceRecorder -I.\source\bsw\TraceRecorder\config -I.\source\bsw\TraceRecorder\include -I.\source\bsw\TraceRecorder\streamport -I.\source\bsw\Services -I.\source\bsw\Board -I.\source\rte -I. -IGenerated_Source\PSoC5 -Wa,-alh=.\CortexM3\ARM_GCC_541\Debug/USBUART_cdc.lst -g -D DEBUG -D CY_CORE_ID=0 -Wall -ffunction-sections -ffat-lto-objects -Og -c Generated_Source\PSoC5\USBUART_cdc.c -o .\CortexM3\ARM_GCC_541\Debug\USBUART_cdc.o
arm-none-eabi-gcc.exe -mcpu=cortex-m3 -mthumb -I.\source\asw -I.\source\bsw -I.\source\bsw\TraceRecorder -I.\source\bsw\TraceRecorder\config -I.\source\bsw\TraceRecorder\include -I.\source\bsw\TraceRecorder\streamport -I.\source\bsw\Services -I.\source\bsw\Board -I.\source\rte -I. -IGenerated_Source\PSoC5 -Wa,-alh=.\CortexM3\ARM_GCC_541\Debug/USBUART_cls.lst -g -D DEBUG -D CY_CORE_ID=0 -Wall -ffunction-sections -ffat-lto-objects -Og -c Generated_Source\PSoC5\USBUART_cls.c -o .\CortexM3\ARM_GCC_541\Debug\USBUART_cls.o
arm-none-eabi-gcc.exe -mcpu=cortex-m3 -mthumb -I.\source\asw -I.\source\bsw -I.\source\bsw\TraceRecorder -I.\source\bsw\TraceRecorder\config -I.\source\bsw\TraceRecorder\include -I.\source\bsw\TraceRecorder\streamport -I.\source\bsw\Services -I.\source\bsw\Board -I.\source\rte -I. -IGenerated_Source\PSoC5 -Wa,-alh=.\CortexM3\ARM_GCC_541\Debug/USBUART_descr.lst -g -D DEBUG -D CY_CORE_ID=0 -Wall -ffunction-sections -ffat-lto-objects -Og -c Generated_Source\PSoC5\USBUART_descr.c -o .\CortexM3\ARM_GCC_541\Debug\USBUART_descr.o
arm-none-eabi-gcc.exe -mcpu=cortex-m3 -mthumb -I.\source\asw -I.\source\bsw -I.\source\bsw\TraceRecorder -I.\source\bsw\TraceRecorder\config -I.\source\bsw\TraceRecorder\include -I.\source\bsw\TraceRecorder\streamport -I.\source\bsw\Services -I.\source\bsw\Board -I.\source\rte -I. -IGenerated_Source\PSoC5 -Wa,-alh=.\CortexM3\ARM_GCC_541\Debug/USBUART_drv.lst -g -D DEBUG -D CY_CORE_ID=0 -Wall -ffunction-sections -ffat-lto-objects -Og -c Generated_Source\PSoC5\USBUART_drv.c -o .\CortexM3\ARM_GCC_541\Debug\USBUART_drv.o
arm-none-eabi-gcc.exe -mcpu=cortex-m3 -mthumb -I.\source\asw -I.\source\bsw -I.\source\bsw\TraceRecorder -I.\source\bsw\TraceRecorder\config -I.\source\bsw\TraceRecorder\include -I.\source\bsw\TraceRecorder\streamport -I.\source\bsw\Services -I.\source\bsw\Board -I.\source\rte -I. -IGenerated_Source\PSoC5 -Wa,-alh=.\CortexM3\ARM_GCC_541\Debug/USBUART_episr.lst -g -D DEBUG -D CY_CORE_ID=0 -Wall -ffunction-sections -ffat-lto-objects -Og -c Generated_Source\PSoC5\USBUART_episr.c -o .\CortexM3\ARM_GCC_541\Debug\USBUART_episr.o
arm-none-eabi-gcc.exe -mcpu=cortex-m3 -mthumb -I.\source\asw -I.\source\bsw -I.\source\bsw\TraceRecorder -I.\source\bsw\TraceRecorder\config -I.\source\bsw\TraceRecorder\include -I.\source\bsw\TraceRecorder\streamport -I.\source\bsw\Services -I.\source\bsw\Board -I.\source\rte -I. -IGenerated_Source\PSoC5 -Wa,-alh=.\CortexM3\ARM_GCC_541\Debug/USBUART_hid.lst -g -D DEBUG -D CY_CORE_ID=0 -Wall -ffunction-sections -ffat-lto-objects -Og -c Generated_Source\PSoC5\USBUART_hid.c -o .\CortexM3\ARM_GCC_541\Debug\USBUART_hid.o
arm-none-eabi-gcc.exe -mcpu=cortex-m3 -mthumb -I.\source\asw -I.\source\bsw -I.\source\bsw\TraceRecorder -I.\source\bsw\TraceRecorder\config -I.\source\bsw\TraceRecorder\include -I.\source\bsw\TraceRecorder\streamport -I.\source\bsw\Services -I.\source\bsw\Board -I.\source\rte -I. -IGenerated_Source\PSoC5 -Wa,-alh=.\CortexM3\ARM_GCC_541\Debug/USBUART_pm.lst -g -D DEBUG -D CY_CORE_ID=0 -Wall -ffunction-sections -ffat-lto-objects -Og -c Generated_Source\PSoC5\USBUART_pm.c -o .\CortexM3\ARM_GCC_541\Debug\USBUART_pm.o
arm-none-eabi-gcc.exe -mcpu=cortex-m3 -mthumb -I.\source\asw -I.\source\bsw -I.\source\bsw\TraceRecorder -I.\source\bsw\TraceRecorder\config -I.\source\bsw\TraceRecorder\include -I.\source\bsw\TraceRecorder\streamport -I.\source\bsw\Services -I.\source\bsw\Board -I.\source\rte -I. -IGenerated_Source\PSoC5 -Wa,-alh=.\CortexM3\ARM_GCC_541\Debug/USBUART_std.lst -g -D DEBUG -D CY_CORE_ID=0 -Wall -ffunction-sections -ffat-lto-objects -Og -c Generated_Source\PSoC5\USBUART_std.c -o .\CortexM3\ARM_GCC_541\Debug\USBUART_std.o
arm-none-eabi-gcc.exe -mcpu=cortex-m3 -mthumb -I.\source\asw -I.\source\bsw -I.\source\bsw\TraceRecorder -I.\source\bsw\TraceRecorder\config -I.\source\bsw\TraceRecorder\include -I.\source\bsw\TraceRecorder\streamport -I.\source\bsw\Services -I.\source\bsw\Board -I.\source\rte -I. -IGenerated_Source\PSoC5 -Wa,-alh=.\CortexM3\ARM_GCC_541\Debug/USBUART_vnd.lst -g -D DEBUG -D CY_CORE_ID=0 -Wall -ffunction-sections -ffat-lto-objects -Og -c Generated_Source\PSoC5\USBUART_vnd.c -o .\CortexM3\ARM_GCC_541\Debug\USBUART_vnd.o
arm-none-eabi-gcc.exe -mcpu=cortex-m3 -mthumb -I.\source\asw -I.\source\bsw -I.\source\bsw\TraceRecorder -I.\source\bsw\TraceRecorder\config -I.\source\bsw\TraceRecorder\include -I.\source\bsw\TraceRecorder\streamport -I.\source\bsw\Services -I.\source\bsw\Board -I.\source\rte -I. -IGenerated_Source\PSoC5 -Wa,-alh=.\CortexM3\ARM_GCC_541\Debug/USBUART_midi.lst -g -D DEBUG -D CY_CORE_ID=0 -Wall -ffunction-sections -ffat-lto-objects -Og -c Generated_Source\PSoC5\USBUART_midi.c -o .\CortexM3\ARM_GCC_541\Debug\USBUART_midi.o
arm-none-eabi-gcc.exe -mcpu=cortex-m3 -mthumb -I.\source\asw -I.\source\bsw -I.\source\bsw\TraceRecorder -I.\source\bsw\TraceRecorder\config -I.\source\bsw\TraceRecorder\include -I.\source\bsw\TraceRecorder\streamport -I.\source\bsw\Services -I.\source\bsw\Board -I.\source\rte -I. -IGenerated_Source\PSoC5 -Wa,-alh=.\CortexM3\ARM_GCC_541\Debug/USBUART_msc.lst -g -D DEBUG -D CY_CORE_ID=0 -Wall -ffunction-sections -ffat-lto-objects -Og -c Generated_Source\PSoC5\USBUART_msc.c -o .\CortexM3\ARM_GCC_541\Debug\USBUART_msc.o
arm-none-eabi-gcc.exe -mcpu=cortex-m3 -mthumb -I.\source\asw -I.\source\bsw -I.\source\bsw\TraceRecorder -I.\source\bsw\TraceRecorder\config -I.\source\bsw\TraceRecorder\include -I.\source\bsw\TraceRecorder\streamport -I.\source\bsw\Services -I.\source\bsw\Board -I.\source\rte -I. -IGenerated_Source\PSoC5 -Wa,-alh=.\CortexM3\ARM_GCC_541\Debug/Clock_SR.lst -g -D DEBUG -D CY_CORE_ID=0 -Wall -ffunction-sections -ffat-lto-objects -Og -c Generated_Source\PSoC5\Clock_SR.c -o .\CortexM3\ARM_GCC_541\Debug\Clock_SR.o
arm-none-eabi-gcc.exe -mcpu=cortex-m3 -mthumb -I.\source\asw -I.\source\bsw -I.\source\bsw\TraceRecorder -I.\source\bsw\TraceRecorder\config -I.\source\bsw\TraceRecorder\include -I.\source\bsw\TraceRecorder\streamport -I.\source\bsw\Services -I.\source\bsw\Board -I.\source\rte -I. -IGenerated_Source\PSoC5 -Wa,-alh=.\CortexM3\ARM_GCC_541\Debug/EB_Status_Reg_1.lst -g -D DEBUG -D CY_CORE_ID=0 -Wall -ffunction-sections -ffat-lto-objects -Og -c Generated_Source\PSoC5\EB_Status_Reg_1.c -o .\CortexM3\ARM_GCC_541\Debug\EB_Status_Reg_1.o
arm-none-eabi-gcc.exe -mcpu=cortex-m3 -mthumb -I.\source\asw -I.\source\bsw -I.\source\bsw\TraceRecorder -I.\source\bsw\TraceRecorder\config -I.\source\bsw\TraceRecorder\include -I.\source\bsw\TraceRecorder\streamport -I.\source\bsw\Services -I.\source\bsw\Board -I.\source\rte -I. -IGenerated_Source\PSoC5 -Wa,-alh=.\CortexM3\ARM_GCC_541\Debug/Pin_AnalogIN_1.lst -g -D DEBUG -D CY_CORE_ID=0 -Wall -ffunction-sections -ffat-lto-objects -Og -c Generated_Source\PSoC5\Pin_AnalogIN_1.c -o .\CortexM3\ARM_GCC_541\Debug\Pin_AnalogIN_1.o
arm-none-eabi-gcc.exe -mcpu=cortex-m3 -mthumb -I.\source\asw -I.\source\bsw -I.\source\bsw\TraceRecorder -I.\source\bsw\TraceRecorder\config -I.\source\bsw\TraceRecorder\include -I.\source\bsw\TraceRecorder\streamport -I.\source\bsw\Services -I.\source\bsw\Board -I.\source\rte -I. -IGenerated_Source\PSoC5 -Wa,-alh=.\CortexM3\ARM_GCC_541\Debug/Pin_AnalogIN_3.lst -g -D DEBUG -D CY_CORE_ID=0 -Wall -ffunction-sections -ffat-lto-objects -Og -c Generated_Source\PSoC5\Pin_AnalogIN_3.c -o .\CortexM3\ARM_GCC_541\Debug\Pin_AnalogIN_3.o
arm-none-eabi-gcc.exe -mcpu=cortex-m3 -mthumb -I.\source\asw -I.\source\bsw -I.\source\bsw\TraceRecorder -I.\source\bsw\TraceRecorder\config -I.\source\bsw\TraceRecorder\include -I.\source\bsw\TraceRecorder\streamport -I.\source\bsw\Services -I.\source\bsw\Board -I.\source\rte -I. -IGenerated_Source\PSoC5 -Wa,-alh=.\CortexM3\ARM_GCC_541\Debug/SCL.lst -g -D DEBUG -D CY_CORE_ID=0 -Wall -ffunction-sections -ffat-lto-objects -Og -c Generated_Source\PSoC5\SCL.c -o .\CortexM3\ARM_GCC_541\Debug\SCL.o
arm-none-eabi-gcc.exe -mcpu=cortex-m3 -mthumb -I.\source\asw -I.\source\bsw -I.\source\bsw\TraceRecorder -I.\source\bsw\TraceRecorder\config -I.\source\bsw\TraceRecorder\include -I.\source\bsw\TraceRecorder\streamport -I.\source\bsw\Services -I.\source\bsw\Board -I.\source\rte -I. -IGenerated_Source\PSoC5 -Wa,-alh=.\CortexM3\ARM_GCC_541\Debug/SDA.lst -g -D DEBUG -D CY_CORE_ID=0 -Wall -ffunction-sections -ffat-lto-objects -Og -c Generated_Source\PSoC5\SDA.c -o .\CortexM3\ARM_GCC_541\Debug\SDA.o
arm-none-eabi-gcc.exe -mcpu=cortex-m3 -mthumb -I.\source\asw -I.\source\bsw -I.\source\bsw\TraceRecorder -I.\source\bsw\TraceRecorder\config -I.\source\bsw\TraceRecorder\include -I.\source\bsw\TraceRecorder\streamport -I.\source\bsw\Services -I.\source\bsw\Board -I.\source\rte -I. -IGenerated_Source\PSoC5 -Wa,-alh=.\CortexM3\ARM_GCC_541\Debug/I2C.lst -g -D DEBUG -D CY_CORE_ID=0 -Wall -ffunction-sections -ffat-lto-objects -Og -c Generated_Source\PSoC5\I2C.c -o .\CortexM3\ARM_GCC_541\Debug\I2C.o
arm-none-eabi-gcc.exe -mcpu=cortex-m3 -mthumb -I.\source\asw -I.\source\bsw -I.\source\bsw\TraceRecorder -I.\source\bsw\TraceRecorder\config -I.\source\bsw\TraceRecorder\include -I.\source\bsw\TraceRecorder\streamport -I.\source\bsw\Services -I.\source\bsw\Board -I.\source\rte -I. -IGenerated_Source\PSoC5 -Wa,-alh=.\CortexM3\ARM_GCC_541\Debug/I2C_BOOT.lst -g -D DEBUG -D CY_CORE_ID=0 -Wall -ffunction-sections -ffat-lto-objects -Og -c Generated_Source\PSoC5\I2C_BOOT.c -o .\CortexM3\ARM_GCC_541\Debug\I2C_BOOT.o
arm-none-eabi-gcc.exe -mcpu=cortex-m3 -mthumb -I.\source\asw -I.\source\bsw -I.\source\bsw\TraceRecorder -I.\source\bsw\TraceRecorder\config -I.\source\bsw\TraceRecorder\include -I.\source\bsw\TraceRecorder\streamport -I.\source\bsw\Services -I.\source\bsw\Board -I.\source\rte -I. -IGenerated_Source\PSoC5 -Wa,-alh=.\CortexM3\ARM_GCC_541\Debug/I2C_INT.lst -g -D DEBUG -D CY_CORE_ID=0 -Wall -ffunction-sections -ffat-lto-objects -Og -c Generated_Source\PSoC5\I2C_INT.c -o .\CortexM3\ARM_GCC_541\Debug\I2C_INT.o
arm-none-eabi-gcc.exe -mcpu=cortex-m3 -mthumb -I.\source\asw -I.\source\bsw -I.\source\bsw\TraceRecorder -I.\source\bsw\TraceRecorder\config -I.\source\bsw\TraceRecorder\include -I.\source\bsw\TraceRecorder\streamport -I.\source\bsw\Services -I.\source\bsw\Board -I.\source\rte -I. -IGenerated_Source\PSoC5 -Wa,-alh=.\CortexM3\ARM_GCC_541\Debug/I2C_PM.lst -g -D DEBUG -D CY_CORE_ID=0 -Wall -ffunction-sections -ffat-lto-objects -Og -c Generated_Source\PSoC5\I2C_PM.c -o .\CortexM3\ARM_GCC_541\Debug\I2C_PM.o
arm-none-eabi-gcc.exe -mcpu=cortex-m3 -mthumb -I.\source\asw -I.\source\bsw -I.\source\bsw\TraceRecorder -I.\source\bsw\TraceRecorder\config -I.\source\bsw\TraceRecorder\include -I.\source\bsw\TraceRecorder\streamport -I.\source\bsw\Services -I.\source\bsw\Board -I.\source\rte -I. -IGenerated_Source\PSoC5 -Wa,-alh=.\CortexM3\ARM_GCC_541\Debug/I2C_SLAVE.lst -g -D DEBUG -D CY_CORE_ID=0 -Wall -ffunction-sections -ffat-lto-objects -Og -c Generated_Source\PSoC5\I2C_SLAVE.c -o .\CortexM3\ARM_GCC_541\Debug\I2C_SLAVE.o
arm-none-eabi-gcc.exe -mcpu=cortex-m3 -mthumb -I.\source\asw -I.\source\bsw -I.\source\bsw\TraceRecorder -I.\source\bsw\TraceRecorder\config -I.\source\bsw\TraceRecorder\include -I.\source\bsw\TraceRecorder\streamport -I.\source\bsw\Services -I.\source\bsw\Board -I.\source\rte -I. -IGenerated_Source\PSoC5 -Wa,-alh=.\CortexM3\ARM_GCC_541\Debug/I2C_MASTER.lst -g -D DEBUG -D CY_CORE_ID=0 -Wall -ffunction-sections -ffat-lto-objects -Og -c Generated_Source\PSoC5\I2C_MASTER.c -o .\CortexM3\ARM_GCC_541\Debug\I2C_MASTER.o
arm-none-eabi-gcc.exe -mcpu=cortex-m3 -mthumb -I.\source\asw -I.\source\bsw -I.\source\bsw\TraceRecorder -I.\source\bsw\TraceRecorder\config -I.\source\bsw\TraceRecorder\include -I.\source\bsw\TraceRecorder\streamport -I.\source\bsw\Services -I.\source\bsw\Board -I.\source\rte -I. -IGenerated_Source\PSoC5 -Wa,-alh=.\CortexM3\ARM_GCC_541\Debug/Clock_PWM.lst -g -D DEBUG -D CY_CORE_ID=0 -Wall -ffunction-sections -ffat-lto-objects -Og -c Generated_Source\PSoC5\Clock_PWM.c -o .\CortexM3\ARM_GCC_541\Debug\Clock_PWM.o
arm-none-eabi-gcc.exe -mcpu=cortex-m3 -mthumb -I.\source\asw -I.\source\bsw -I.\source\bsw\TraceRecorder -I.\source\bsw\TraceRecorder\config -I.\source\bsw\TraceRecorder\include -I.\source\bsw\TraceRecorder\streamport -I.\source\bsw\Services -I.\source\bsw\Board -I.\source\rte -I. -IGenerated_Source\PSoC5 -Wa,-alh=.\CortexM3\ARM_GCC_541\Debug/ENGINE_DECODER.lst -g -D DEBUG -D CY_CORE_ID=0 -Wall -ffunction-sections -ffat-lto-objects -Og -c Generated_Source\PSoC5\ENGINE_DECODER.c -o .\CortexM3\ARM_GCC_541\Debug\ENGINE_DECODER.o
arm-none-eabi-gcc.exe -mcpu=cortex-m3 -mthumb -I.\source\asw -I.\source\bsw -I.\source\bsw\TraceRecorder -I.\source\bsw\TraceRecorder\config -I.\source\bsw\TraceRecorder\include -I.\source\bsw\TraceRecorder\streamport -I.\source\bsw\Services -I.\source\bsw\Board -I.\source\rte -I. -IGenerated_Source\PSoC5 -Wa,-alh=.\CortexM3\ARM_GCC_541\Debug/ENGINE_DECODER_INT.lst -g -D DEBUG -D CY_CORE_ID=0 -Wall -ffunction-sections -ffat-lto-objects -Og -c Generated_Source\PSoC5\ENGINE_DECODER_INT.c -o .\CortexM3\ARM_GCC_541\Debug\ENGINE_DECODER_INT.o
arm-none-eabi-gcc.exe -mcpu=cortex-m3 -mthumb -I.\source\asw -I.\source\bsw -I.\source\bsw\TraceRecorder -I.\source\bsw\TraceRecorder\config -I.\source\bsw\TraceRecorder\include -I.\source\bsw\TraceRecorder\streamport -I.\source\bsw\Services -I.\source\bsw\Board -I.\source\rte -I. -IGenerated_Source\PSoC5 -Wa,-alh=.\CortexM3\ARM_GCC_541\Debug/ENGINE_DECODER_PM.lst -g -D DEBUG -D CY_CORE_ID=0 -Wall -ffunction-sections -ffat-lto-objects -Og -c Generated_Source\PSoC5\ENGINE_DECODER_PM.c -o .\CortexM3\ARM_GCC_541\Debug\ENGINE_DECODER_PM.o
arm-none-eabi-gcc.exe -mcpu=cortex-m3 -mthumb -I.\source\asw -I.\source\bsw -I.\source\bsw\TraceRecorder -I.\source\bsw\TraceRecorder\config -I.\source\bsw\TraceRecorder\include -I.\source\bsw\TraceRecorder\streamport -I.\source\bsw\Services -I.\source\bsw\Board -I.\source\rte -I. -IGenerated_Source\PSoC5 -Wa,-alh=.\CortexM3\ARM_GCC_541\Debug/Pin_Encoder_A.lst -g -D DEBUG -D CY_CORE_ID=0 -Wall -ffunction-sections -ffat-lto-objects -Og -c Generated_Source\PSoC5\Pin_Encoder_A.c -o .\CortexM3\ARM_GCC_541\Debug\Pin_Encoder_A.o
arm-none-eabi-gcc.exe -mcpu=cortex-m3 -mthumb -I.\source\asw -I.\source\bsw -I.\source\bsw\TraceRecorder -I.\source\bsw\TraceRecorder\config -I.\source\bsw\TraceRecorder\include -I.\source\bsw\TraceRecorder\streamport -I.\source\bsw\Services -I.\source\bsw\Board -I.\source\rte -I. -IGenerated_Source\PSoC5 -Wa,-alh=.\CortexM3\ARM_GCC_541\Debug/Pin_Encoder_B.lst -g -D DEBUG -D CY_CORE_ID=0 -Wall -ffunction-sections -ffat-lto-objects -Og -c Generated_Source\PSoC5\Pin_Encoder_B.c -o .\CortexM3\ARM_GCC_541\Debug\Pin_Encoder_B.o
arm-none-eabi-gcc.exe -mcpu=cortex-m3 -mthumb -I.\source\asw -I.\source\bsw -I.\source\bsw\TraceRecorder -I.\source\bsw\TraceRecorder\config -I.\source\bsw\TraceRecorder\include -I.\source\bsw\TraceRecorder\streamport -I.\source\bsw\Services -I.\source\bsw\Board -I.\source\rte -I. -IGenerated_Source\PSoC5 -Wa,-alh=.\CortexM3\ARM_GCC_541\Debug/ENGINE_Direction.lst -g -D DEBUG -D CY_CORE_ID=0 -Wall -ffunction-sections -ffat-lto-objects -Og -c Generated_Source\PSoC5\ENGINE_Direction.c -o .\CortexM3\ARM_GCC_541\Debug\ENGINE_Direction.o
arm-none-eabi-gcc.exe -mcpu=cortex-m3 -mthumb -I.\source\asw -I.\source\bsw -I.\source\bsw\TraceRecorder -I.\source\bsw\TraceRecorder\config -I.\source\bsw\TraceRecorder\include -I.\source\bsw\TraceRecorder\streamport -I.\source\bsw\Services -I.\source\bsw\Board -I.\source\rte -I. -IGenerated_Source\PSoC5 -Wa,-alh=.\CortexM3\ARM_GCC_541\Debug/ENGINE_Direction_PM.lst -g -D DEBUG -D CY_CORE_ID=0 -Wall -ffunction-sections -ffat-lto-objects -Og -c Generated_Source\PSoC5\ENGINE_Direction_PM.c -o .\CortexM3\ARM_GCC_541\Debug\ENGINE_Direction_PM.o
arm-none-eabi-gcc.exe -mcpu=cortex-m3 -mthumb -I.\source\asw -I.\source\bsw -I.\source\bsw\TraceRecorder -I.\source\bsw\TraceRecorder\config -I.\source\bsw\TraceRecorder\include -I.\source\bsw\TraceRecorder\streamport -I.\source\bsw\Services -I.\source\bsw\Board -I.\source\rte -I. -IGenerated_Source\PSoC5 -Wa,-alh=.\CortexM3\ARM_GCC_541\Debug/Pin_Engine_Mode_1.lst -g -D DEBUG -D CY_CORE_ID=0 -Wall -ffunction-sections -ffat-lto-objects -Og -c Generated_Source\PSoC5\Pin_Engine_Mode_1.c -o .\CortexM3\ARM_GCC_541\Debug\Pin_Engine_Mode_1.o
arm-none-eabi-gcc.exe -mcpu=cortex-m3 -mthumb -I.\source\asw -I.\source\bsw -I.\source\bsw\TraceRecorder -I.\source\bsw\TraceRecorder\config -I.\source\bsw\TraceRecorder\include -I.\source\bsw\TraceRecorder\streamport -I.\source\bsw\Services -I.\source\bsw\Board -I.\source\rte -I. -IGenerated_Source\PSoC5 -Wa,-alh=.\CortexM3\ARM_GCC_541\Debug/Pin_Engine_Mode_2.lst -g -D DEBUG -D CY_CORE_ID=0 -Wall -ffunction-sections -ffat-lto-objects -Og -c Generated_Source\PSoC5\Pin_Engine_Mode_2.c -o .\CortexM3\ARM_GCC_541\Debug\Pin_Engine_Mode_2.o
arm-none-eabi-gcc.exe -mcpu=cortex-m3 -mthumb -I.\source\asw -I.\source\bsw -I.\source\bsw\TraceRecorder -I.\source\bsw\TraceRecorder\config -I.\source\bsw\TraceRecorder\include -I.\source\bsw\TraceRecorder\streamport -I.\source\bsw\Services -I.\source\bsw\Board -I.\source\rte -I. -IGenerated_Source\PSoC5 -Wa,-alh=.\CortexM3\ARM_GCC_541\Debug/Pin_AnalogIN_2.lst -g -D DEBUG -D CY_CORE_ID=0 -Wall -ffunction-sections -ffat-lto-objects -Og -c Generated_Source\PSoC5\Pin_AnalogIN_2.c -o .\CortexM3\ARM_GCC_541\Debug\Pin_AnalogIN_2.o
arm-none-eabi-gcc.exe -mcpu=cortex-m3 -mthumb -I.\source\asw -I.\source\bsw -I.\source\bsw\TraceRecorder -I.\source\bsw\TraceRecorder\config -I.\source\bsw\TraceRecorder\include -I.\source\bsw\TraceRecorder\streamport -I.\source\bsw\Services -I.\source\bsw\Board -I.\source\rte -I. -IGenerated_Source\PSoC5 -Wa,-alh=.\CortexM3\ARM_GCC_541\Debug/Pin_Engine_PWM.lst -g -D DEBUG -D CY_CORE_ID=0 -Wall -ffunction-sections -ffat-lto-objects -Og -c Generated_Source\PSoC5\Pin_Engine_PWM.c -o .\CortexM3\ARM_GCC_541\Debug\Pin_Engine_PWM.o
arm-none-eabi-gcc.exe -mcpu=cortex-m3 -mthumb -I.\source\asw -I.\source\bsw -I.\source\bsw\TraceRecorder -I.\source\bsw\TraceRecorder\config -I.\source\bsw\TraceRecorder\include -I.\source\bsw\TraceRecorder\streamport -I.\source\bsw\Services -I.\source\bsw\Board -I.\source\rte -I. -IGenerated_Source\PSoC5 -Wa,-alh=.\CortexM3\ARM_GCC_541\Debug/UART_LOG_IntClock.lst -g -D DEBUG -D CY_CORE_ID=0 -Wall -ffunction-sections -ffat-lto-objects -Og -c Generated_Source\PSoC5\UART_LOG_IntClock.c -o .\CortexM3\ARM_GCC_541\Debug\UART_LOG_IntClock.o
arm-none-eabi-gcc.exe -mcpu=cortex-m3 -mthumb -I.\source\asw -I.\source\bsw -I.\source\bsw\TraceRecorder -I.\source\bsw\TraceRecorder\config -I.\source\bsw\TraceRecorder\include -I.\source\bsw\TraceRecorder\streamport -I.\source\bsw\Services -I.\source\bsw\Board -I.\source\rte -I. -IGenerated_Source\PSoC5 -Wa,-alh=.\CortexM3\ARM_GCC_541\Debug/UART_PSOC_IntClock.lst -g -D DEBUG -D CY_CORE_ID=0 -Wall -ffunction-sections -ffat-lto-objects -Og -c Generated_Source\PSoC5\UART_PSOC_IntClock.c -o .\CortexM3\ARM_GCC_541\Debug\UART_PSOC_IntClock.o
arm-none-eabi-gcc.exe -mcpu=cortex-m3 -mthumb -I.\source\asw -I.\source\bsw -I.\source\bsw\TraceRecorder -I.\source\bsw\TraceRecorder\config -I.\source\bsw\TraceRecorder\include -I.\source\bsw\TraceRecorder\streamport -I.\source\bsw\Services -I.\source\bsw\Board -I.\source\rte -I. -IGenerated_Source\PSoC5 -Wa,-alh=.\CortexM3\ARM_GCC_541\Debug/USBUART_Dm.lst -g -D DEBUG -D CY_CORE_ID=0 -Wall -ffunction-sections -ffat-lto-objects -Og -c Generated_Source\PSoC5\USBUART_Dm.c -o .\CortexM3\ARM_GCC_541\Debug\USBUART_Dm.o
arm-none-eabi-gcc.exe -mcpu=cortex-m3 -mthumb -I.\source\asw -I.\source\bsw -I.\source\bsw\TraceRecorder -I.\source\bsw\TraceRecorder\config -I.\source\bsw\TraceRecorder\include -I.\source\bsw\TraceRecorder\streamport -I.\source\bsw\Services -I.\source\bsw\Board -I.\source\rte -I. -IGenerated_Source\PSoC5 -Wa,-alh=.\CortexM3\ARM_GCC_541\Debug/USBUART_Dp.lst -g -D DEBUG -D CY_CORE_ID=0 -Wall -ffunction-sections -ffat-lto-objects -Og -c Generated_Source\PSoC5\USBUART_Dp.c -o .\CortexM3\ARM_GCC_541\Debug\USBUART_Dp.o
arm-none-eabi-gcc.exe -mcpu=cortex-m3 -mthumb -I.\source\asw -I.\source\bsw -I.\source\bsw\TraceRecorder -I.\source\bsw\TraceRecorder\config -I.\source\bsw\TraceRecorder\include -I.\source\bsw\TraceRecorder\streamport -I.\source\bsw\Services -I.\source\bsw\Board -I.\source\rte -I. -IGenerated_Source\PSoC5 -Wa,-alh=.\CortexM3\ARM_GCC_541\Debug/ENGINE_DECODER_isr.lst -g -D DEBUG -D CY_CORE_ID=0 -Wall -ffunction-sections -ffat-lto-objects -Og -c Generated_Source\PSoC5\ENGINE_DECODER_isr.c -o .\CortexM3\ARM_GCC_541\Debug\ENGINE_DECODER_isr.o
arm-none-eabi-gcc.exe -mcpu=cortex-m3 -mthumb -I.\source\asw -I.\source\bsw -I.\source\bsw\TraceRecorder -I.\source\bsw\TraceRecorder\config -I.\source\bsw\TraceRecorder\include -I.\source\bsw\TraceRecorder\streamport -I.\source\bsw\Services -I.\source\bsw\Board -I.\source\rte -I. -IGenerated_Source\PSoC5 -Wa,-alh=.\CortexM3\ARM_GCC_541\Debug/ENGINE_DECODER_Cnt16.lst -g -D DEBUG -D CY_CORE_ID=0 -Wall -ffunction-sections -ffat-lto-objects -Og -c Generated_Source\PSoC5\ENGINE_DECODER_Cnt16.c -o .\CortexM3\ARM_GCC_541\Debug\ENGINE_DECODER_Cnt16.o
arm-none-eabi-gcc.exe -mcpu=cortex-m3 -mthumb -I.\source\asw -I.\source\bsw -I.\source\bsw\TraceRecorder -I.\source\bsw\TraceRecorder\config -I.\source\bsw\TraceRecorder\include -I.\source\bsw\TraceRecorder\streamport -I.\source\bsw\Services -I.\source\bsw\Board -I.\source\rte -I. -IGenerated_Source\PSoC5 -Wa,-alh=.\CortexM3\ARM_GCC_541\Debug/ENGINE_DECODER_Cnt16_PM.lst -g -D DEBUG -D CY_CORE_ID=0 -Wall -ffunction-sections -ffat-lto-objects -Og -c Generated_Source\PSoC5\ENGINE_DECODER_Cnt16_PM.c -o .\CortexM3\ARM_GCC_541\Debug\ENGINE_DECODER_Cnt16_PM.o
arm-none-eabi-gcc.exe -mcpu=cortex-m3 -mthumb -I.\source\asw -I.\source\bsw -I.\source\bsw\TraceRecorder -I.\source\bsw\TraceRecorder\config -I.\source\bsw\TraceRecorder\include -I.\source\bsw\TraceRecorder\streamport -I.\source\bsw\Services -I.\source\bsw\Board -I.\source\rte -I. -IGenerated_Source\PSoC5 -Wa,-alh=.\CortexM3\ARM_GCC_541\Debug/cy_em_eeprom.lst -g -D DEBUG -D CY_CORE_ID=0 -Wall -ffunction-sections -ffat-lto-objects -Og -c Generated_Source\PSoC5\cy_em_eeprom.c -o .\CortexM3\ARM_GCC_541\Debug\cy_em_eeprom.o
arm-none-eabi-gcc.exe -mcpu=cortex-m3 -mthumb -I.\source\asw -I.\source\bsw -I.\source\bsw\TraceRecorder -I.\source\bsw\TraceRecorder\config -I.\source\bsw\TraceRecorder\include -I.\source\bsw\TraceRecorder\streamport -I.\source\bsw\Services -I.\source\bsw\Board -I.\source\rte -I. -IGenerated_Source\PSoC5 -Wa,-alh=.\CortexM3\ARM_GCC_541\Debug/Cm3Start.lst -g -D DEBUG -D CY_CORE_ID=0 -Wall -ffunction-sections -ffat-lto-objects -Og -c Generated_Source\PSoC5\Cm3Start.c -o .\CortexM3\ARM_GCC_541\Debug\Cm3Start.o
arm-none-eabi-gcc.exe -mcpu=cortex-m3 -mthumb -I.\source\asw -I.\source\bsw -I.\source\bsw\TraceRecorder -I.\source\bsw\TraceRecorder\config -I.\source\bsw\TraceRecorder\include -I.\source\bsw\TraceRecorder\streamport -I.\source\bsw\Services -I.\source\bsw\Board -I.\source\rte -I. -IGenerated_Source\PSoC5 -Wa,-alh=.\CortexM3\ARM_GCC_541\Debug/CyDmac.lst -g -D DEBUG -D CY_CORE_ID=0 -Wall -ffunction-sections -ffat-lto-objects -Og -c Generated_Source\PSoC5\CyDmac.c -o .\CortexM3\ARM_GCC_541\Debug\CyDmac.o
arm-none-eabi-gcc.exe -mcpu=cortex-m3 -mthumb -I.\source\asw -I.\source\bsw -I.\source\bsw\TraceRecorder -I.\source\bsw\TraceRecorder\config -I.\source\bsw\TraceRecorder\include -I.\source\bsw\TraceRecorder\streamport -I.\source\bsw\Services -I.\source\bsw\Board -I.\source\rte -I. -IGenerated_Source\PSoC5 -Wa,-alh=.\CortexM3\ARM_GCC_541\Debug/CyFlash.lst -g -D DEBUG -D CY_CORE_ID=0 -Wall -ffunction-sections -ffat-lto-objects -Og -c Generated_Source\PSoC5\CyFlash.c -o .\CortexM3\ARM_GCC_541\Debug\CyFlash.o
arm-none-eabi-gcc.exe -mcpu=cortex-m3 -mthumb -I.\source\asw -I.\source\bsw -I.\source\bsw\TraceRecorder -I.\source\bsw\TraceRecorder\config -I.\source\bsw\TraceRecorder\include -I.\source\bsw\TraceRecorder\streamport -I.\source\bsw\Services -I.\source\bsw\Board -I.\source\rte -I. -IGenerated_Source\PSoC5 -Wa,-alh=.\CortexM3\ARM_GCC_541\Debug/CyLib.lst -g -D DEBUG -D CY_CORE_ID=0 -Wall -ffunction-sections -ffat-lto-objects -Og -c Generated_Source\PSoC5\CyLib.c -o .\CortexM3\ARM_GCC_541\Debug\CyLib.o
arm-none-eabi-gcc.exe -mcpu=cortex-m3 -mthumb -I.\source\asw -I.\source\bsw -I.\source\bsw\TraceRecorder -I.\source\bsw\TraceRecorder\config -I.\source\bsw\TraceRecorder\include -I.\source\bsw\TraceRecorder\streamport -I.\source\bsw\Services -I.\source\bsw\Board -I.\source\rte -I. -IGenerated_Source\PSoC5 -Wa,-alh=.\CortexM3\ARM_GCC_541\Debug/cyPm.lst -g -D DEBUG -D CY_CORE_ID=0 -Wall -ffunction-sections -ffat-lto-objects -Og -c Generated_Source\PSoC5\cyPm.c -o .\CortexM3\ARM_GCC_541\Debug\cyPm.o
arm-none-eabi-gcc.exe -mcpu=cortex-m3 -mthumb -I.\source\asw -I.\source\bsw -I.\source\bsw\TraceRecorder -I.\source\bsw\TraceRecorder\config -I.\source\bsw\TraceRecorder\include -I.\source\bsw\TraceRecorder\streamport -I.\source\bsw\Services -I.\source\bsw\Board -I.\source\rte -I. -IGenerated_Source\PSoC5 -Wa,-alh=.\CortexM3\ARM_GCC_541\Debug/CySpc.lst -g -D DEBUG -D CY_CORE_ID=0 -Wall -ffunction-sections -ffat-lto-objects -Og -c Generated_Source\PSoC5\CySpc.c -o .\CortexM3\ARM_GCC_541\Debug\CySpc.o
arm-none-eabi-gcc.exe -mcpu=cortex-m3 -mthumb -I.\source\asw -I.\source\bsw -I.\source\bsw\TraceRecorder -I.\source\bsw\TraceRecorder\config -I.\source\bsw\TraceRecorder\include -I.\source\bsw\TraceRecorder\streamport -I.\source\bsw\Services -I.\source\bsw\Board -I.\source\rte -I. -IGenerated_Source\PSoC5 -Wa,-alh=.\CortexM3\ARM_GCC_541\Debug/cyutils.lst -g -D DEBUG -D CY_CORE_ID=0 -Wall -ffunction-sections -ffat-lto-objects -Og -c Generated_Source\PSoC5\cyutils.c -o .\CortexM3\ARM_GCC_541\Debug\cyutils.o
arm-none-eabi-gcc.exe -mcpu=cortex-m3 -mthumb -I.\source\asw -I.\source\bsw -I.\source\bsw\TraceRecorder -I.\source\bsw\TraceRecorder\config -I.\source\bsw\TraceRecorder\include -I.\source\bsw\TraceRecorder\streamport -I.\source\bsw\Services -I.\source\bsw\Board -I.\source\rte -I. -IGenerated_Source\PSoC5 -Wa,-alh=.\CortexM3\ARM_GCC_541\Debug/ADC_SAR_1.lst -g -D DEBUG -D CY_CORE_ID=0 -Wall -ffunction-sections -ffat-lto-objects -Og -c Generated_Source\PSoC5\ADC_SAR_1.c -o .\CortexM3\ARM_GCC_541\Debug\ADC_SAR_1.o
arm-none-eabi-gcc.exe -mcpu=cortex-m3 -mthumb -I.\source\asw -I.\source\bsw -I.\source\bsw\TraceRecorder -I.\source\bsw\TraceRecorder\config -I.\source\bsw\TraceRecorder\include -I.\source\bsw\TraceRecorder\streamport -I.\source\bsw\Services -I.\source\bsw\Board -I.\source\rte -I. -IGenerated_Source\PSoC5 -Wa,-alh=.\CortexM3\ARM_GCC_541\Debug/ADC_SAR_1_INT.lst -g -D DEBUG -D CY_CORE_ID=0 -Wall -ffunction-sections -ffat-lto-objects -Og -c Generated_Source\PSoC5\ADC_SAR_1_INT.c -o .\CortexM3\ARM_GCC_541\Debug\ADC_SAR_1_INT.o
arm-none-eabi-gcc.exe -mcpu=cortex-m3 -mthumb -I.\source\asw -I.\source\bsw -I.\source\bsw\TraceRecorder -I.\source\bsw\TraceRecorder\config -I.\source\bsw\TraceRecorder\include -I.\source\bsw\TraceRecorder\streamport -I.\source\bsw\Services -I.\source\bsw\Board -I.\source\rte -I. -IGenerated_Source\PSoC5 -Wa,-alh=.\CortexM3\ARM_GCC_541\Debug/ADC_SAR_1_PM.lst -g -D DEBUG -D CY_CORE_ID=0 -Wall -ffunction-sections -ffat-lto-objects -Og -c Generated_Source\PSoC5\ADC_SAR_1_PM.c -o .\CortexM3\ARM_GCC_541\Debug\ADC_SAR_1_PM.o
arm-none-eabi-gcc.exe -mcpu=cortex-m3 -mthumb -I.\source\asw -I.\source\bsw -I.\source\bsw\TraceRecorder -I.\source\bsw\TraceRecorder\config -I.\source\bsw\TraceRecorder\include -I.\source\bsw\TraceRecorder\streamport -I.\source\bsw\Services -I.\source\bsw\Board -I.\source\rte -I. -IGenerated_Source\PSoC5 -Wa,-alh=.\CortexM3\ARM_GCC_541\Debug/ADC_SAR_2.lst -g -D DEBUG -D CY_CORE_ID=0 -Wall -ffunction-sections -ffat-lto-objects -Og -c Generated_Source\PSoC5\ADC_SAR_2.c -o .\CortexM3\ARM_GCC_541\Debug\ADC_SAR_2.o
arm-none-eabi-gcc.exe -mcpu=cortex-m3 -mthumb -I.\source\asw -I.\source\bsw -I.\source\bsw\TraceRecorder -I.\source\bsw\TraceRecorder\config -I.\source\bsw\TraceRecorder\include -I.\source\bsw\TraceRecorder\streamport -I.\source\bsw\Services -I.\source\bsw\Board -I.\source\rte -I. -IGenerated_Source\PSoC5 -Wa,-alh=.\CortexM3\ARM_GCC_541\Debug/ADC_SAR_2_INT.lst -g -D DEBUG -D CY_CORE_ID=0 -Wall -ffunction-sections -ffat-lto-objects -Og -c Generated_Source\PSoC5\ADC_SAR_2_INT.c -o .\CortexM3\ARM_GCC_541\Debug\ADC_SAR_2_INT.o
arm-none-eabi-gcc.exe -mcpu=cortex-m3 -mthumb -I.\source\asw -I.\source\bsw -I.\source\bsw\TraceRecorder -I.\source\bsw\TraceRecorder\config -I.\source\bsw\TraceRecorder\include -I.\source\bsw\TraceRecorder\streamport -I.\source\bsw\Services -I.\source\bsw\Board -I.\source\rte -I. -IGenerated_Source\PSoC5 -Wa,-alh=.\CortexM3\ARM_GCC_541\Debug/ADC_SAR_2_PM.lst -g -D DEBUG -D CY_CORE_ID=0 -Wall -ffunction-sections -ffat-lto-objects -Og -c Generated_Source\PSoC5\ADC_SAR_2_PM.c -o .\CortexM3\ARM_GCC_541\Debug\ADC_SAR_2_PM.o
arm-none-eabi-gcc.exe -mcpu=cortex-m3 -mthumb -I.\source\asw -I.\source\bsw -I.\source\bsw\TraceRecorder -I.\source\bsw\TraceRecorder\config -I.\source\bsw\TraceRecorder\include -I.\source\bsw\TraceRecorder\streamport -I.\source\bsw\Services -I.\source\bsw\Board -I.\source\rte -I. -IGenerated_Source\PSoC5 -Wa,-alh=.\CortexM3\ARM_GCC_541\Debug/ADC_SAR_1_IRQ.lst -g -D DEBUG -D CY_CORE_ID=0 -Wall -ffunction-sections -ffat-lto-objects -Og -c Generated_Source\PSoC5\ADC_SAR_1_IRQ.c -o .\CortexM3\ARM_GCC_541\Debug\ADC_SAR_1_IRQ.o
arm-none-eabi-gcc.exe -mcpu=cortex-m3 -mthumb -I.\source\asw -I.\source\bsw -I.\source\bsw\TraceRecorder -I.\source\bsw\TraceRecorder\config -I.\source\bsw\TraceRecorder\include -I.\source\bsw\TraceRecorder\streamport -I.\source\bsw\Services -I.\source\bsw\Board -I.\source\rte -I. -IGenerated_Source\PSoC5 -Wa,-alh=.\CortexM3\ARM_GCC_541\Debug/ADC_SAR_1_theACLK.lst -g -D DEBUG -D CY_CORE_ID=0 -Wall -ffunction-sections -ffat-lto-objects -Og -c Generated_Source\PSoC5\ADC_SAR_1_theACLK.c -o .\CortexM3\ARM_GCC_541\Debug\ADC_SAR_1_theACLK.o
arm-none-eabi-gcc.exe -mcpu=cortex-m3 -mthumb -I.\source\asw -I.\source\bsw -I.\source\bsw\TraceRecorder -I.\source\bsw\TraceRecorder\config -I.\source\bsw\TraceRecorder\include -I.\source\bsw\TraceRecorder\streamport -I.\source\bsw\Services -I.\source\bsw\Board -I.\source\rte -I. -IGenerated_Source\PSoC5 -Wa,-alh=.\CortexM3\ARM_GCC_541\Debug/ADC_SAR_2_IRQ.lst -g -D DEBUG -D CY_CORE_ID=0 -Wall -ffunction-sections -ffat-lto-objects -Og -c Generated_Source\PSoC5\ADC_SAR_2_IRQ.c -o .\CortexM3\ARM_GCC_541\Debug\ADC_SAR_2_IRQ.o
arm-none-eabi-gcc.exe -mcpu=cortex-m3 -mthumb -I.\source\asw -I.\source\bsw -I.\source\bsw\TraceRecorder -I.\source\bsw\TraceRecorder\config -I.\source\bsw\TraceRecorder\include -I.\source\bsw\TraceRecorder\streamport -I.\source\bsw\Services -I.\source\bsw\Board -I.\source\rte -I. -IGenerated_Source\PSoC5 -Wa,-alh=.\CortexM3\ARM_GCC_541\Debug/ADC_SAR_2_theACLK.lst -g -D DEBUG -D CY_CORE_ID=0 -Wall -ffunction-sections -ffat-lto-objects -Og -c Generated_Source\PSoC5\ADC_SAR_2_theACLK.c -o .\CortexM3\ARM_GCC_541\Debug\ADC_SAR_2_theACLK.o
arm-none-eabi-gcc.exe -mcpu=cortex-m3 -mthumb -I.\source\asw -I.\source\bsw -I.\source\bsw\TraceRecorder -I.\source\bsw\TraceRecorder\config -I.\source\bsw\TraceRecorder\include -I.\source\bsw\TraceRecorder\streamport -I.\source\bsw\Services -I.\source\bsw\Board -I.\source\rte -I. -IGenerated_Source\PSoC5 -Wa,-alh=.\CortexM3\ARM_GCC_541\Debug/isr_uart_psoc_rx.lst -g -D DEBUG -D CY_CORE_ID=0 -Wall -ffunction-sections -ffat-lto-objects -Og -c Generated_Source\PSoC5\isr_uart_psoc_rx.c -o .\CortexM3\ARM_GCC_541\Debug\isr_uart_psoc_rx.o
arm-none-eabi-gcc.exe -mcpu=cortex-m3 -mthumb -I.\source\asw -I.\source\bsw -I.\source\bsw\TraceRecorder -I.\source\bsw\TraceRecorder\config -I.\source\bsw\TraceRecorder\include -I.\source\bsw\TraceRecorder\streamport -I.\source\bsw\Services -I.\source\bsw\Board -I.\source\rte -I. -IGenerated_Source\PSoC5 -Wa,-alh=.\CortexM3\ARM_GCC_541\Debug/Pin_Toggle.lst -g -D DEBUG -D CY_CORE_ID=0 -Wall -ffunction-sections -ffat-lto-objects -Og -c Generated_Source\PSoC5\Pin_Toggle.c -o .\CortexM3\ARM_GCC_541\Debug\Pin_Toggle.o
arm-none-eabi-as.exe -mcpu=cortex-m3 -mthumb -I. -IGenerated_Source\PSoC5 -alh=.\CortexM3\ARM_GCC_541\Debug/ErikaOS_1_ee_gnu_change_context_isr.lst -g -W -o .\CortexM3\ARM_GCC_541\Debug\ErikaOS_1_ee_gnu_change_context_isr.o Generated_Source\PSoC5\ErikaOS_1_ee_gnu_change_context_isr.s
arm-none-eabi-as.exe -mcpu=cortex-m3 -mthumb -I. -IGenerated_Source\PSoC5 -alh=.\CortexM3\ARM_GCC_541\Debug/ErikaOS_1_ee_gnu_irq_stack.lst -g -W -o .\CortexM3\ARM_GCC_541\Debug\ErikaOS_1_ee_gnu_irq_stack.o Generated_Source\PSoC5\ErikaOS_1_ee_gnu_irq_stack.s
arm-none-eabi-as.exe -mcpu=cortex-m3 -mthumb -I. -IGenerated_Source\PSoC5 -alh=.\CortexM3\ARM_GCC_541\Debug/ErikaOS_1_ee_gnu_multi_context.lst -g -W -o .\CortexM3\ARM_GCC_541\Debug\ErikaOS_1_ee_gnu_multi_context.o Generated_Source\PSoC5\ErikaOS_1_ee_gnu_multi_context.s
arm-none-eabi-as.exe -mcpu=cortex-m3 -mthumb -I. -IGenerated_Source\PSoC5 -alh=.\CortexM3\ARM_GCC_541\Debug/ErikaOS_1_ee_gnu_oo.lst -g -W -o .\CortexM3\ARM_GCC_541\Debug\ErikaOS_1_ee_gnu_oo.o Generated_Source\PSoC5\ErikaOS_1_ee_gnu_oo.s
arm-none-eabi-as.exe -mcpu=cortex-m3 -mthumb -I. -IGenerated_Source\PSoC5 -alh=.\CortexM3\ARM_GCC_541\Debug/CyBootAsmGnu.lst -g -W -o .\CortexM3\ARM_GCC_541\Debug\CyBootAsmGnu.o Generated_Source\PSoC5\CyBootAsmGnu.s
arm-none-eabi-ar.exe -rs .\CortexM3\ARM_GCC_541\Debug\50_PSOC1_DualChannel.a .\CortexM3\ARM_GCC_541\Debug\ErikaOS_1_ee_activate.o .\CortexM3\ARM_GCC_541\Debug\ErikaOS_1_ee_alcancel.o .\CortexM3\ARM_GCC_541\Debug\ErikaOS_1_ee_alget.o .\CortexM3\ARM_GCC_541\Debug\ErikaOS_1_ee_algetbase.o .\CortexM3\ARM_GCC_541\Debug\ErikaOS_1_ee_alsetabs.o .\CortexM3\ARM_GCC_541\Debug\ErikaOS_1_ee_alsetrel.o .\CortexM3\ARM_GCC_541\Debug\ErikaOS_1_ee_altick.o .\CortexM3\ARM_GCC_541\Debug\ErikaOS_1_ee_chaintas.o .\CortexM3\ARM_GCC_541\Debug\ErikaOS_1_ee_evclear.o .\CortexM3\ARM_GCC_541\Debug\ErikaOS_1_ee_evget.o .\CortexM3\ARM_GCC_541\Debug\ErikaOS_1_ee_evset.o .\CortexM3\ARM_GCC_541\Debug\ErikaOS_1_ee_evwait.o .\CortexM3\ARM_GCC_541\Debug\ErikaOS_1_ee_force_schedule.o .\CortexM3\ARM_GCC_541\Debug\ErikaOS_1_ee_getcountervalue.o .\CortexM3\ARM_GCC_541\Debug\ErikaOS_1_ee_getelapsedvalue.o .\CortexM3\ARM_GCC_541\Debug\ErikaOS_1_ee_gettaskid.o .\CortexM3\ARM_GCC_541\Debug\ErikaOS_1_ee_gettaskstate.o .\CortexM3\ARM_GCC_541\Debug\ErikaOS_1_ee_iparam.o .\CortexM3\ARM_GCC_541\Debug\ErikaOS_1_ee_irqendin.o .\CortexM3\ARM_GCC_541\Debug\ErikaOS_1_ee_lockres.o .\CortexM3\ARM_GCC_541\Debug\ErikaOS_1_ee_lookup.o .\CortexM3\ARM_GCC_541\Debug\ErikaOS_1_ee_rq_exchg.o .\CortexM3\ARM_GCC_541\Debug\ErikaOS_1_ee_rq_first.o .\CortexM3\ARM_GCC_541\Debug\ErikaOS_1_ee_rq_inser.o .\CortexM3\ARM_GCC_541\Debug\ErikaOS_1_ee_schedule.o .\CortexM3\ARM_GCC_541\Debug\ErikaOS_1_ee_semgetvalue.o .\CortexM3\ARM_GCC_541\Debug\ErikaOS_1_ee_sempost.o .\CortexM3\ARM_GCC_541\Debug\ErikaOS_1_ee_semtrywait.o .\CortexM3\ARM_GCC_541\Debug\ErikaOS_1_ee_semwait.o .\CortexM3\ARM_GCC_541\Debug\ErikaOS_1_ee_shtdown.o .\CortexM3\ARM_GCC_541\Debug\ErikaOS_1_ee_startos.o .\CortexM3\ARM_GCC_541\Debug\ErikaOS_1_ee_terminat.o .\CortexM3\ARM_GCC_541\Debug\ErikaOS_1_ee_thendin.o .\CortexM3\ARM_GCC_541\Debug\ErikaOS_1_ee_tnterm.o .\CortexM3\ARM_GCC_541\Debug\ErikaOS_1_ee_tstub.o .\CortexM3\ARM_GCC_541\Debug\ErikaOS_1_ee_ulockallres.o .\CortexM3\ARM_GCC_541\Debug\ErikaOS_1_ee_ulockres.o .\CortexM3\ARM_GCC_541\Debug\ErikaOS_1_cortex_mx_ee_context.o .\CortexM3\ARM_GCC_541\Debug\ErikaOS_1_cortex_mx_ee_system_timer.o .\CortexM3\ARM_GCC_541\Debug\ErikaOS_1_cortex_mx_ee_utils.o .\CortexM3\ARM_GCC_541\Debug\ErikaOS_1_common_ee_hal_structs.o .\CortexM3\ARM_GCC_541\Debug\ErikaOS_1_eecfg.o .\CortexM3\ARM_GCC_541\Debug\EB_4.o .\CortexM3\ARM_GCC_541\Debug\EB_3.o .\CortexM3\ARM_GCC_541\Debug\EB_2.o .\CortexM3\ARM_GCC_541\Debug\EB_7.o .\CortexM3\ARM_GCC_541\Debug\EB_8.o .\CortexM3\ARM_GCC_541\Debug\EB_9.o .\CortexM3\ARM_GCC_541\Debug\EB_10.o .\CortexM3\ARM_GCC_541\Debug\LED_4.o .\CortexM3\ARM_GCC_541\Debug\EB_1.o .\CortexM3\ARM_GCC_541\Debug\EB_5.o .\CortexM3\ARM_GCC_541\Debug\BUTTON_1.o .\CortexM3\ARM_GCC_541\Debug\isr_Button.o .\CortexM3\ARM_GCC_541\Debug\BUTTON_2.o .\CortexM3\ARM_GCC_541\Debug\BUTTON_3.o .\CortexM3\ARM_GCC_541\Debug\BUTTON_4.o .\CortexM3\ARM_GCC_541\Debug\LED_1.o .\CortexM3\ARM_GCC_541\Debug\LED_3.o .\CortexM3\ARM_GCC_541\Debug\LED_2.o .\CortexM3\ARM_GCC_541\Debug\UART_LOG.o .\CortexM3\ARM_GCC_541\Debug\UART_LOG_PM.o .\CortexM3\ARM_GCC_541\Debug\UART_LOG_INT.o .\CortexM3\ARM_GCC_541\Debug\UART_LOG_BOOT.o .\CortexM3\ARM_GCC_541\Debug\UART_PSOC.o .\CortexM3\ARM_GCC_541\Debug\UART_PSOC_PM.o .\CortexM3\ARM_GCC_541\Debug\UART_PSOC_INT.o .\CortexM3\ARM_GCC_541\Debug\UART_PSOC_BOOT.o .\CortexM3\ARM_GCC_541\Debug\ENGINE_PWM.o .\CortexM3\ARM_GCC_541\Debug\ENGINE_PWM_PM.o .\CortexM3\ARM_GCC_541\Debug\Pin_Safe_1.o .\CortexM3\ARM_GCC_541\Debug\Pin_Safe_2.o .\CortexM3\ARM_GCC_541\Debug\EB_Status_Reg_2.o .\CortexM3\ARM_GCC_541\Debug\EB_6.o .\CortexM3\ARM_GCC_541\Debug\USBUART.o .\CortexM3\ARM_GCC_541\Debug\USBUART_audio.o .\CortexM3\ARM_GCC_541\Debug\USBUART_boot.o .\CortexM3\ARM_GCC_541\Debug\USBUART_cdc.o .\CortexM3\ARM_GCC_541\Debug\USBUART_cls.o .\CortexM3\ARM_GCC_541\Debug\USBUART_descr.o .\CortexM3\ARM_GCC_541\Debug\USBUART_drv.o .\CortexM3\ARM_GCC_541\Debug\USBUART_episr.o .\CortexM3\ARM_GCC_541\Debug\USBUART_hid.o .\CortexM3\ARM_GCC_541\Debug\USBUART_pm.o .\CortexM3\ARM_GCC_541\Debug\USBUART_std.o .\CortexM3\ARM_GCC_541\Debug\USBUART_vnd.o .\CortexM3\ARM_GCC_541\Debug\USBUART_midi.o .\CortexM3\ARM_GCC_541\Debug\USBUART_msc.o .\CortexM3\ARM_GCC_541\Debug\Clock_SR.o .\CortexM3\ARM_GCC_541\Debug\EB_Status_Reg_1.o .\CortexM3\ARM_GCC_541\Debug\Pin_AnalogIN_1.o .\CortexM3\ARM_GCC_541\Debug\Pin_AnalogIN_3.o .\CortexM3\ARM_GCC_541\Debug\SCL.o .\CortexM3\ARM_GCC_541\Debug\SDA.o .\CortexM3\ARM_GCC_541\Debug\I2C.o .\CortexM3\ARM_GCC_541\Debug\I2C_BOOT.o .\CortexM3\ARM_GCC_541\Debug\I2C_INT.o .\CortexM3\ARM_GCC_541\Debug\I2C_PM.o .\CortexM3\ARM_GCC_541\Debug\I2C_SLAVE.o .\CortexM3\ARM_GCC_541\Debug\I2C_MASTER.o .\CortexM3\ARM_GCC_541\Debug\Clock_PWM.o .\CortexM3\ARM_GCC_541\Debug\ENGINE_DECODER.o .\CortexM3\ARM_GCC_541\Debug\ENGINE_DECODER_INT.o .\CortexM3\ARM_GCC_541\Debug\ENGINE_DECODER_PM.o .\CortexM3\ARM_GCC_541\Debug\Pin_Encoder_A.o .\CortexM3\ARM_GCC_541\Debug\Pin_Encoder_B.o .\CortexM3\ARM_GCC_541\Debug\ENGINE_Direction.o .\CortexM3\ARM_GCC_541\Debug\ENGINE_Direction_PM.o .\CortexM3\ARM_GCC_541\Debug\Pin_Engine_Mode_1.o .\CortexM3\ARM_GCC_541\Debug\Pin_Engine_Mode_2.o .\CortexM3\ARM_GCC_541\Debug\Pin_AnalogIN_2.o .\CortexM3\ARM_GCC_541\Debug\Pin_Engine_PWM.o .\CortexM3\ARM_GCC_541\Debug\UART_LOG_IntClock.o .\CortexM3\ARM_GCC_541\Debug\UART_PSOC_IntClock.o .\CortexM3\ARM_GCC_541\Debug\USBUART_Dm.o .\CortexM3\ARM_GCC_541\Debug\USBUART_Dp.o .\CortexM3\ARM_GCC_541\Debug\ENGINE_DECODER_isr.o .\CortexM3\ARM_GCC_541\Debug\ENGINE_DECODER_Cnt16.o .\CortexM3\ARM_GCC_541\Debug\ENGINE_DECODER_Cnt16_PM.o .\CortexM3\ARM_GCC_541\Debug\cy_em_eeprom.o .\CortexM3\ARM_GCC_541\Debug\CyDmac.o .\CortexM3\ARM_GCC_541\Debug\CyFlash.o .\CortexM3\ARM_GCC_541\Debug\CyLib.o .\CortexM3\ARM_GCC_541\Debug\cyPm.o .\CortexM3\ARM_GCC_541\Debug\CySpc.o .\CortexM3\ARM_GCC_541\Debug\cyutils.o .\CortexM3\ARM_GCC_541\Debug\ADC_SAR_1.o .\CortexM3\ARM_GCC_541\Debug\ADC_SAR_1_INT.o .\CortexM3\ARM_GCC_541\Debug\ADC_SAR_1_PM.o .\CortexM3\ARM_GCC_541\Debug\ADC_SAR_2.o .\CortexM3\ARM_GCC_541\Debug\ADC_SAR_2_INT.o .\CortexM3\ARM_GCC_541\Debug\ADC_SAR_2_PM.o .\CortexM3\ARM_GCC_541\Debug\ADC_SAR_1_IRQ.o .\CortexM3\ARM_GCC_541\Debug\ADC_SAR_1_theACLK.o .\CortexM3\ARM_GCC_541\Debug\ADC_SAR_2_IRQ.o .\CortexM3\ARM_GCC_541\Debug\ADC_SAR_2_theACLK.o .\CortexM3\ARM_GCC_541\Debug\isr_uart_psoc_rx.o .\CortexM3\ARM_GCC_541\Debug\Pin_Toggle.o .\CortexM3\ARM_GCC_541\Debug\ErikaOS_1_ee_gnu_change_context_isr.o .\CortexM3\ARM_GCC_541\Debug\ErikaOS_1_ee_gnu_irq_stack.o .\CortexM3\ARM_GCC_541\Debug\ErikaOS_1_ee_gnu_multi_context.o .\CortexM3\ARM_GCC_541\Debug\ErikaOS_1_ee_gnu_oo.o .\CortexM3\ARM_GCC_541\Debug\CyBootAsmGnu.o
arm-none-eabi-ar.exe: creating .\CortexM3\ARM_GCC_541\Debug\50_PSOC1_DualChannel.a
arm-none-eabi-gcc.exe -Wl,--start-group -o D:\50_HDA\60_Lehre\40_Vorlesungen\17_SECS\20_Lecture\__work\50_PSOC1_DualChannel.cydsn\CortexM3\ARM_GCC_541\Debug\50_PSOC1_DualChannel.elf .\CortexM3\ARM_GCC_541\Debug\main.o .\CortexM3\ARM_GCC_541\Debug\swc_control.o .\CortexM3\ARM_GCC_541\Debug\swc_pedal.o .\CortexM3\ARM_GCC_541\Debug\swc_engine.o .\CortexM3\ARM_GCC_541\Debug\swc_hmi.o .\CortexM3\ARM_GCC_541\Debug\error.o .\CortexM3\ARM_GCC_541\Debug\swc_com.o .\CortexM3\ARM_GCC_541\Debug\trcStreamingPort.o .\CortexM3\ARM_GCC_541\Debug\trcKernelPort.o .\CortexM3\ARM_GCC_541\Debug\trcSnapshotRecorder.o .\CortexM3\ARM_GCC_541\Debug\trcStreamingRecorder.o .\CortexM3\ARM_GCC_541\Debug\button.o .\CortexM3\ARM_GCC_541\Debug\led.o .\CortexM3\ARM_GCC_541\Debug\poti.o .\CortexM3\ARM_GCC_541\Debug\engine.o .\CortexM3\ARM_GCC_541\Debug\SSD1306.o .\CortexM3\ARM_GCC_541\Debug\vI2C_noOS.o .\CortexM3\ARM_GCC_541\Debug\engine_cfg.o .\CortexM3\ARM_GCC_541\Debug\watchdog.o .\CortexM3\ARM_GCC_541\Debug\ex_wdg.o .\CortexM3\ARM_GCC_541\Debug\logging.o .\CortexM3\ARM_GCC_541\Debug\rte.o .\CortexM3\ARM_GCC_541\Debug\rte_activation.o .\CortexM3\ARM_GCC_541\Debug\rte_signalpool.o .\CortexM3\ARM_GCC_541\Debug\speed_type.o .\CortexM3\ARM_GCC_541\Debug\pedal_type.o .\CortexM3\ARM_GCC_541\Debug\button_type.o .\CortexM3\ARM_GCC_541\Debug\pwm_type.o .\CortexM3\ARM_GCC_541\Debug\carstate_type.o .\CortexM3\ARM_GCC_541\Debug\event_type.o .\CortexM3\ARM_GCC_541\Debug\led_type.o .\CortexM3\ARM_GCC_541\Debug\drivingparam_type.o .\CortexM3\ARM_GCC_541\Debug\dip_type.o .\CortexM3\ARM_GCC_541\Debug\uartprot_type.o .\CortexM3\ARM_GCC_541\Debug\cyfitter_cfg.o .\CortexM3\ARM_GCC_541\Debug\cymetadata.o .\CortexM3\ARM_GCC_541\Debug\Cm3Start.o .\CortexM3\ARM_GCC_541\Debug\50_PSOC1_DualChannel.a "C:\tool\Cypress\PSoC Creator\4.2\PSoC Creator\psoc\content\cycomponentlibrary\CyComponentLibrary.cylib\CortexM3\ARM_GCC_541\Debug\CyComponentLibrary.a" -mcpu=cortex-m3 -mthumb -L Generated_Source\PSoC5 -Wl,-Map,.\CortexM3\ARM_GCC_541\Debug/50_PSOC1_DualChannel.map -T Generated_Source\PSoC5\cm3gcc.ld -specs=nano.specs -Wl,--gc-sections -g -ffunction-sections -Og -ffat-lto-objects -Wl,--end-group
cyelftool.exe -C D:\50_HDA\60_Lehre\40_Vorlesungen\17_SECS\20_Lecture\__work\50_PSOC1_DualChannel.cydsn\CortexM3\ARM_GCC_541\Debug\50_PSOC1_DualChannel.elf --flash_row_size 256 --flash_size 262144 --flash_offset 0x00000000
No ELF section .cychecksum found, creating one
Application checksum calculated and stored in ELF section .cychecksum
Checksum calculated and stored in ELF section .cymeta
cyelftool.exe -S D:\50_HDA\60_Lehre\40_Vorlesungen\17_SECS\20_Lecture\__work\50_PSOC1_DualChannel.cydsn\CortexM3\ARM_GCC_541\Debug\50_PSOC1_DualChannel.elf
Flash used: 32926 of 262144 bytes (12,6 %).
SRAM used: 15273 of 65536 bytes (23,3 %). Stack: 2048 bytes. Heap: 128 bytes.
--------------- Rebuild Succeeded: 07/05/2020 18:25:44 ---------------
