TRACE::2022-11-18.08:44:50::SCWPlatform::Trying to open the hw design at C:/Users/SESA630813/work-2/4EV_HandsOn_platt/hw/Block_4EV_HandsOn.xsa
TRACE::2022-11-18.08:44:50::SCWPlatform::DSA given C:/Users/SESA630813/work-2/4EV_HandsOn_platt/hw/Block_4EV_HandsOn.xsa
TRACE::2022-11-18.08:44:50::SCWPlatform::DSA absoulate path C:/Users/SESA630813/work-2/4EV_HandsOn_platt/hw/Block_4EV_HandsOn.xsa
TRACE::2022-11-18.08:44:50::SCWPlatform::DSA directory C:/Users/SESA630813/work-2/4EV_HandsOn_platt/hw
TRACE::2022-11-18.08:44:50::SCWPlatform:: Platform Path C:/Users/SESA630813/work-2/4EV_HandsOn_platt/hw/Block_4EV_HandsOn.xsa
TRACE::2022-11-18.08:44:50::SCWPlatform:: Unique name xilinx:::0.0
TRACE::2022-11-18.08:44:50::SCWPlatform::Do not have an existing db opened. 
TRACE::2022-11-18.08:44:56::SCWPlatform::Opened new HwDB with name Block_4EV_wrapper_0
TRACE::2022-11-18.08:44:56::SCWWriter::formatted JSON is {
	"platformName":	"4EV_HandsOn_platt",
	"sprVersion":	"2.0",
	"mode":	"gui",
	"dsaType":	"Fixed",
	"platformDesc":	"4EV_HandsOn_platt",
	"platHandOff":	"C:/Schneider/ScriptingPath/enclustra/4EV-Hands-On/Block_4EV_HandsOn.xsa",
	"platIntHandOff":	"<platformDir>/hw/Block_4EV_HandsOn.xsa",
	"deviceType":	"zynqMP",
	"platIsPrebuiltAutogen":	"false",
	"platIsNoBootBsp":	"false",
	"hasFsblMakeHasChanges":	"false",
	"hasPmufwMakeHasChanges":	"false",
	"platPreBuiltFlag":	false,
	"platformSamplesDir":	""
}
TRACE::2022-11-18.08:44:56::SCWWriter::formatted JSON is {
	"platformName":	"4EV_HandsOn_platt",
	"sprVersion":	"2.0",
	"mode":	"gui",
	"dsaType":	"Fixed",
	"platformDesc":	"4EV_HandsOn_platt",
	"platHandOff":	"C:/Schneider/ScriptingPath/enclustra/4EV-Hands-On/Block_4EV_HandsOn.xsa",
	"platIntHandOff":	"<platformDir>/hw/Block_4EV_HandsOn.xsa",
	"deviceType":	"zynqMP",
	"platIsPrebuiltAutogen":	"false",
	"platIsNoBootBsp":	"false",
	"hasFsblMakeHasChanges":	"false",
	"hasPmufwMakeHasChanges":	"false",
	"platPreBuiltFlag":	false,
	"platformSamplesDir":	"",
	"platActiveSys":	"4EV_HandsOn_platt",
	"systems":	[{
			"systemName":	"4EV_HandsOn_platt",
			"systemDesc":	"4EV_HandsOn_platt",
			"sysIsBootAutoGen":	"true",
			"systemDispName":	"4EV_HandsOn_platt"
		}]
}
TRACE::2022-11-18.08:44:56::SCWPlatform::Boot application domains not present, creating them
TRACE::2022-11-18.08:44:56::SCWDomain::checking for install qemu data   : 
TRACE::2022-11-18.08:44:56::SCWDomain:: Using the QEMU Data from install at  : C:/Xilinx3/Vitis/2021.2/data/emulation/platforms/zynqmp/sw/a53_standalone/qemu/
TRACE::2022-11-18.08:44:56::SCWDomain:: Using the QEMU args  from install at  : C:/Xilinx3/Vitis/2021.2/data/emulation/platforms/zynqmp/sw/a53_standalone/qemu/qemu_args.txt
TRACE::2022-11-18.08:44:56::SCWDomain:: Using the PMUQEMU args from install at  : C:/Xilinx3/Vitis/2021.2/data/emulation/platforms/zynqmp/sw/a53_standalone/qemu/pmu_args.txt
TRACE::2022-11-18.08:44:56::SCWPlatform::Trying to open the hw design at C:/Users/SESA630813/work-2/4EV_HandsOn_platt/hw/Block_4EV_HandsOn.xsa
TRACE::2022-11-18.08:44:56::SCWPlatform::DSA given C:/Users/SESA630813/work-2/4EV_HandsOn_platt/hw/Block_4EV_HandsOn.xsa
TRACE::2022-11-18.08:44:56::SCWPlatform::DSA absoulate path C:/Users/SESA630813/work-2/4EV_HandsOn_platt/hw/Block_4EV_HandsOn.xsa
TRACE::2022-11-18.08:44:56::SCWPlatform::DSA directory C:/Users/SESA630813/work-2/4EV_HandsOn_platt/hw
TRACE::2022-11-18.08:44:56::SCWPlatform:: Platform Path C:/Users/SESA630813/work-2/4EV_HandsOn_platt/hw/Block_4EV_HandsOn.xsa
TRACE::2022-11-18.08:44:56::SCWPlatform:: Unique name xilinx:::0.0
TRACE::2022-11-18.08:44:56::SCWPlatform::Trying to set the existing hwdb with name Block_4EV_wrapper_0
TRACE::2022-11-18.08:44:56::SCWPlatform::Opened existing hwdb Block_4EV_wrapper_0
TRACE::2022-11-18.08:44:56::SCWPlatform::Found the Hw Db part of the input DSA
TRACE::2022-11-18.08:44:56::SCWPlatform::Trying to open the hw design at C:/Users/SESA630813/work-2/4EV_HandsOn_platt/hw/Block_4EV_HandsOn.xsa
TRACE::2022-11-18.08:44:56::SCWPlatform::DSA given C:/Users/SESA630813/work-2/4EV_HandsOn_platt/hw/Block_4EV_HandsOn.xsa
TRACE::2022-11-18.08:44:56::SCWPlatform::DSA absoulate path C:/Users/SESA630813/work-2/4EV_HandsOn_platt/hw/Block_4EV_HandsOn.xsa
TRACE::2022-11-18.08:44:56::SCWPlatform::DSA directory C:/Users/SESA630813/work-2/4EV_HandsOn_platt/hw
TRACE::2022-11-18.08:44:56::SCWPlatform:: Platform Path C:/Users/SESA630813/work-2/4EV_HandsOn_platt/hw/Block_4EV_HandsOn.xsa
TRACE::2022-11-18.08:44:56::SCWPlatform:: Unique name xilinx:::0.0
TRACE::2022-11-18.08:44:56::SCWPlatform::Trying to set the existing hwdb with name Block_4EV_wrapper_0
TRACE::2022-11-18.08:44:56::SCWPlatform::Opened existing hwdb Block_4EV_wrapper_0
TRACE::2022-11-18.08:44:56::SCWPlatform::Found the Hw Db part of the input DSA
TRACE::2022-11-18.08:44:56::SCWPlatform::Trying to open the hw design at C:/Users/SESA630813/work-2/4EV_HandsOn_platt/hw/Block_4EV_HandsOn.xsa
TRACE::2022-11-18.08:44:56::SCWPlatform::DSA given C:/Users/SESA630813/work-2/4EV_HandsOn_platt/hw/Block_4EV_HandsOn.xsa
TRACE::2022-11-18.08:44:56::SCWPlatform::DSA absoulate path C:/Users/SESA630813/work-2/4EV_HandsOn_platt/hw/Block_4EV_HandsOn.xsa
TRACE::2022-11-18.08:44:56::SCWPlatform::DSA directory C:/Users/SESA630813/work-2/4EV_HandsOn_platt/hw
TRACE::2022-11-18.08:44:56::SCWPlatform:: Platform Path C:/Users/SESA630813/work-2/4EV_HandsOn_platt/hw/Block_4EV_HandsOn.xsa
TRACE::2022-11-18.08:44:56::SCWPlatform:: Unique name xilinx:::0.0
TRACE::2022-11-18.08:44:56::SCWPlatform::Trying to set the existing hwdb with name Block_4EV_wrapper_0
TRACE::2022-11-18.08:44:56::SCWPlatform::Opened existing hwdb Block_4EV_wrapper_0
TRACE::2022-11-18.08:44:56::SCWPlatform::Found the Hw Db part of the input DSA
TRACE::2022-11-18.08:44:56::SCWPlatform::Boot application domain added for zynqmp_fsbl
TRACE::2022-11-18.08:44:56::SCWPlatform::Generating the sources  .
TRACE::2022-11-18.08:44:56::SCWBDomain::Generating boot domain sources.
TRACE::2022-11-18.08:44:56::SCWBDomain:: Generating the zynqmp_fsbl Application.
TRACE::2022-11-18.08:44:56::SCWPlatform::Trying to open the hw design at C:/Users/SESA630813/work-2/4EV_HandsOn_platt/hw/Block_4EV_HandsOn.xsa
TRACE::2022-11-18.08:44:56::SCWPlatform::DSA given C:/Users/SESA630813/work-2/4EV_HandsOn_platt/hw/Block_4EV_HandsOn.xsa
TRACE::2022-11-18.08:44:56::SCWPlatform::DSA absoulate path C:/Users/SESA630813/work-2/4EV_HandsOn_platt/hw/Block_4EV_HandsOn.xsa
TRACE::2022-11-18.08:44:56::SCWPlatform::DSA directory C:/Users/SESA630813/work-2/4EV_HandsOn_platt/hw
TRACE::2022-11-18.08:44:56::SCWPlatform:: Platform Path C:/Users/SESA630813/work-2/4EV_HandsOn_platt/hw/Block_4EV_HandsOn.xsa
TRACE::2022-11-18.08:44:56::SCWPlatform:: Unique name xilinx:::0.0
TRACE::2022-11-18.08:44:56::SCWPlatform::Trying to set the existing hwdb with name Block_4EV_wrapper_0
TRACE::2022-11-18.08:44:56::SCWPlatform::Opened existing hwdb Block_4EV_wrapper_0
TRACE::2022-11-18.08:44:56::SCWPlatform::Found the Hw Db part of the input DSA
TRACE::2022-11-18.08:44:56::SCWMssOS::Checking the sw design at  C:/Users/SESA630813/work-2/4EV_HandsOn_platt/zynqmp_fsbl/zynqmp_fsbl_bsp/system.mss
TRACE::2022-11-18.08:44:56::SCWMssOS::DEBUG:  swdes dump  
TRACE::2022-11-18.08:44:56::SCWMssOS::No sw design opened at  C:/Users/SESA630813/work-2/4EV_HandsOn_platt/zynqmp_fsbl/zynqmp_fsbl_bsp/system.mss
TRACE::2022-11-18.08:44:56::SCWMssOS::mss does not exists at C:/Users/SESA630813/work-2/4EV_HandsOn_platt/zynqmp_fsbl/zynqmp_fsbl_bsp/system.mss
TRACE::2022-11-18.08:44:56::SCWMssOS::Creating sw design at  C:/Users/SESA630813/work-2/4EV_HandsOn_platt/zynqmp_fsbl/zynqmp_fsbl_bsp/system.mss
TRACE::2022-11-18.08:44:56::SCWMssOS::Adding the swdes entry, created swdb C:/Users/SESA630813/work-2/4EV_HandsOn_platt/zynqmp_fsbl/zynqmp_fsbl_bsp/system.mss with des name C:/Users/SESA630813/work-2/4EV_HandsOn_platt/zynqmp_fsbl/zynqmp_fsbl_bsp/system.mss
TRACE::2022-11-18.08:44:56::SCWMssOS::updating the scw layer changes to swdes at   C:/Users/SESA630813/work-2/4EV_HandsOn_platt/zynqmp_fsbl/zynqmp_fsbl_bsp/system.mss
TRACE::2022-11-18.08:44:56::SCWMssOS::Writing mss at C:/Users/SESA630813/work-2/4EV_HandsOn_platt/zynqmp_fsbl/zynqmp_fsbl_bsp/system.mss
TRACE::2022-11-18.08:44:56::SCWMssOS::Completed writing the mss file at C:/Users/SESA630813/work-2/4EV_HandsOn_platt/zynqmp_fsbl/zynqmp_fsbl_bsp
TRACE::2022-11-18.08:44:56::SCWMssOS::Picking up changes from newly written mss file into SCW Layer. 
TRACE::2022-11-18.08:44:57::SCWMssOS::Updated the changes from newly written mss file into SCW Layer. 
TRACE::2022-11-18.08:44:57::SCWBDomain::Completed writing the mss file at C:/Users/SESA630813/work-2/4EV_HandsOn_platt/zynqmp_fsbl/zynqmp_fsbl_bsp
TRACE::2022-11-18.08:45:03::SCWPlatform::Generating sources Done.
TRACE::2022-11-18.08:45:03::SCWDomain::checking for install qemu data   : 
TRACE::2022-11-18.08:45:03::SCWDomain:: Using the QEMU Data from install at  : C:/Xilinx3/Vitis/2021.2/data/emulation/platforms/zynqmp/sw/a53_standalone/qemu/
TRACE::2022-11-18.08:45:03::SCWDomain:: Using the QEMU args  from install at  : C:/Xilinx3/Vitis/2021.2/data/emulation/platforms/zynqmp/sw/a53_standalone/qemu/qemu_args.txt
TRACE::2022-11-18.08:45:03::SCWDomain:: Using the PMUQEMU args from install at  : C:/Xilinx3/Vitis/2021.2/data/emulation/platforms/zynqmp/sw/a53_standalone/qemu/pmu_args.txt
TRACE::2022-11-18.08:45:03::SCWPlatform::Trying to open the hw design at C:/Users/SESA630813/work-2/4EV_HandsOn_platt/hw/Block_4EV_HandsOn.xsa
TRACE::2022-11-18.08:45:03::SCWPlatform::DSA given C:/Users/SESA630813/work-2/4EV_HandsOn_platt/hw/Block_4EV_HandsOn.xsa
TRACE::2022-11-18.08:45:03::SCWPlatform::DSA absoulate path C:/Users/SESA630813/work-2/4EV_HandsOn_platt/hw/Block_4EV_HandsOn.xsa
TRACE::2022-11-18.08:45:03::SCWPlatform::DSA directory C:/Users/SESA630813/work-2/4EV_HandsOn_platt/hw
TRACE::2022-11-18.08:45:03::SCWPlatform:: Platform Path C:/Users/SESA630813/work-2/4EV_HandsOn_platt/hw/Block_4EV_HandsOn.xsa
TRACE::2022-11-18.08:45:03::SCWPlatform:: Unique name xilinx:::0.0
TRACE::2022-11-18.08:45:03::SCWPlatform::Trying to set the existing hwdb with name Block_4EV_wrapper_0
TRACE::2022-11-18.08:45:03::SCWPlatform::Opened existing hwdb Block_4EV_wrapper_0
TRACE::2022-11-18.08:45:03::SCWPlatform::Found the Hw Db part of the input DSA
TRACE::2022-11-18.08:45:03::SCWPlatform::Boot application domain added for zynqmp_pmufw
TRACE::2022-11-18.08:45:03::SCWPlatform::Generating the sources  .
TRACE::2022-11-18.08:45:03::SCWBDomain::Generating boot domain sources.
TRACE::2022-11-18.08:45:03::SCWBDomain:: Generating the zynqmp_pmufw Application.
TRACE::2022-11-18.08:45:03::SCWPlatform::Trying to open the hw design at C:/Users/SESA630813/work-2/4EV_HandsOn_platt/hw/Block_4EV_HandsOn.xsa
TRACE::2022-11-18.08:45:03::SCWPlatform::DSA given C:/Users/SESA630813/work-2/4EV_HandsOn_platt/hw/Block_4EV_HandsOn.xsa
TRACE::2022-11-18.08:45:03::SCWPlatform::DSA absoulate path C:/Users/SESA630813/work-2/4EV_HandsOn_platt/hw/Block_4EV_HandsOn.xsa
TRACE::2022-11-18.08:45:03::SCWPlatform::DSA directory C:/Users/SESA630813/work-2/4EV_HandsOn_platt/hw
TRACE::2022-11-18.08:45:03::SCWPlatform:: Platform Path C:/Users/SESA630813/work-2/4EV_HandsOn_platt/hw/Block_4EV_HandsOn.xsa
TRACE::2022-11-18.08:45:03::SCWPlatform:: Unique name xilinx:::0.0
TRACE::2022-11-18.08:45:03::SCWPlatform::Trying to set the existing hwdb with name Block_4EV_wrapper_0
TRACE::2022-11-18.08:45:03::SCWPlatform::Opened existing hwdb Block_4EV_wrapper_0
TRACE::2022-11-18.08:45:03::SCWPlatform::Found the Hw Db part of the input DSA
TRACE::2022-11-18.08:45:03::SCWMssOS::Checking the sw design at  C:/Users/SESA630813/work-2/4EV_HandsOn_platt/zynqmp_pmufw/zynqmp_pmufw_bsp/system.mss
TRACE::2022-11-18.08:45:03::SCWMssOS::DEBUG:  swdes dump  
TRACE::2022-11-18.08:45:03::SCWMssOS::No sw design opened at  C:/Users/SESA630813/work-2/4EV_HandsOn_platt/zynqmp_pmufw/zynqmp_pmufw_bsp/system.mss
TRACE::2022-11-18.08:45:03::SCWMssOS::mss does not exists at C:/Users/SESA630813/work-2/4EV_HandsOn_platt/zynqmp_pmufw/zynqmp_pmufw_bsp/system.mss
TRACE::2022-11-18.08:45:03::SCWMssOS::Creating sw design at  C:/Users/SESA630813/work-2/4EV_HandsOn_platt/zynqmp_pmufw/zynqmp_pmufw_bsp/system.mss
TRACE::2022-11-18.08:45:03::SCWMssOS::Adding the swdes entry, created swdb C:/Users/SESA630813/work-2/4EV_HandsOn_platt/zynqmp_pmufw/zynqmp_pmufw_bsp/system.mss with des name C:/Users/SESA630813/work-2/4EV_HandsOn_platt/zynqmp_pmufw/zynqmp_pmufw_bsp/system.mss
TRACE::2022-11-18.08:45:03::SCWMssOS::updating the scw layer changes to swdes at   C:/Users/SESA630813/work-2/4EV_HandsOn_platt/zynqmp_pmufw/zynqmp_pmufw_bsp/system.mss
TRACE::2022-11-18.08:45:03::SCWMssOS::Writing mss at C:/Users/SESA630813/work-2/4EV_HandsOn_platt/zynqmp_pmufw/zynqmp_pmufw_bsp/system.mss
TRACE::2022-11-18.08:45:03::SCWMssOS::Completed writing the mss file at C:/Users/SESA630813/work-2/4EV_HandsOn_platt/zynqmp_pmufw/zynqmp_pmufw_bsp
TRACE::2022-11-18.08:45:03::SCWMssOS::Picking up changes from newly written mss file into SCW Layer. 
TRACE::2022-11-18.08:45:03::SCWMssOS::Updated the changes from newly written mss file into SCW Layer. 
TRACE::2022-11-18.08:45:03::SCWBDomain::Completed writing the mss file at C:/Users/SESA630813/work-2/4EV_HandsOn_platt/zynqmp_pmufw/zynqmp_pmufw_bsp
TRACE::2022-11-18.08:45:08::SCWPlatform::Generating sources Done.
TRACE::2022-11-18.08:45:08::SCWPlatform::Trying to open the hw design at C:/Users/SESA630813/work-2/4EV_HandsOn_platt/hw/Block_4EV_HandsOn.xsa
TRACE::2022-11-18.08:45:08::SCWPlatform::DSA given C:/Users/SESA630813/work-2/4EV_HandsOn_platt/hw/Block_4EV_HandsOn.xsa
TRACE::2022-11-18.08:45:08::SCWPlatform::DSA absoulate path C:/Users/SESA630813/work-2/4EV_HandsOn_platt/hw/Block_4EV_HandsOn.xsa
TRACE::2022-11-18.08:45:08::SCWPlatform::DSA directory C:/Users/SESA630813/work-2/4EV_HandsOn_platt/hw
TRACE::2022-11-18.08:45:08::SCWPlatform:: Platform Path C:/Users/SESA630813/work-2/4EV_HandsOn_platt/hw/Block_4EV_HandsOn.xsa
TRACE::2022-11-18.08:45:08::SCWPlatform:: Unique name xilinx:::0.0
TRACE::2022-11-18.08:45:08::SCWPlatform::Trying to set the existing hwdb with name Block_4EV_wrapper_0
TRACE::2022-11-18.08:45:08::SCWPlatform::Opened existing hwdb Block_4EV_wrapper_0
TRACE::2022-11-18.08:45:08::SCWPlatform::Found the Hw Db part of the input DSA
TRACE::2022-11-18.08:45:08::SCWMssOS::Checking the sw design at  C:/Users/SESA630813/work-2/4EV_HandsOn_platt/zynqmp_fsbl/zynqmp_fsbl_bsp/system.mss
TRACE::2022-11-18.08:45:08::SCWMssOS::DEBUG:  swdes dump  
TRACE::2022-11-18.08:45:08::SCWMssOS::No sw design opened at  C:/Users/SESA630813/work-2/4EV_HandsOn_platt/zynqmp_fsbl/zynqmp_fsbl_bsp/system.mss
TRACE::2022-11-18.08:45:08::SCWMssOS::mss exists loading the mss file  C:/Users/SESA630813/work-2/4EV_HandsOn_platt/zynqmp_fsbl/zynqmp_fsbl_bsp/system.mss
TRACE::2022-11-18.08:45:08::SCWMssOS::Opened the sw design from mss  C:/Users/SESA630813/work-2/4EV_HandsOn_platt/zynqmp_fsbl/zynqmp_fsbl_bsp/system.mss
TRACE::2022-11-18.08:45:08::SCWMssOS::Adding the swdes entry C:/Users/SESA630813/work-2/4EV_HandsOn_platt/zynqmp_fsbl/zynqmp_fsbl_bsp/system.mss with des name system
TRACE::2022-11-18.08:45:08::SCWMssOS::updating the scw layer about changes
TRACE::2022-11-18.08:45:08::SCWMssOS::Opened the sw design.  C:/Users/SESA630813/work-2/4EV_HandsOn_platt/zynqmp_fsbl/zynqmp_fsbl_bsp/system.mss
TRACE::2022-11-18.08:45:08::SCWPlatform::Trying to open the hw design at C:/Users/SESA630813/work-2/4EV_HandsOn_platt/hw/Block_4EV_HandsOn.xsa
TRACE::2022-11-18.08:45:08::SCWPlatform::DSA given C:/Users/SESA630813/work-2/4EV_HandsOn_platt/hw/Block_4EV_HandsOn.xsa
TRACE::2022-11-18.08:45:08::SCWPlatform::DSA absoulate path C:/Users/SESA630813/work-2/4EV_HandsOn_platt/hw/Block_4EV_HandsOn.xsa
TRACE::2022-11-18.08:45:08::SCWPlatform::DSA directory C:/Users/SESA630813/work-2/4EV_HandsOn_platt/hw
TRACE::2022-11-18.08:45:08::SCWPlatform:: Platform Path C:/Users/SESA630813/work-2/4EV_HandsOn_platt/hw/Block_4EV_HandsOn.xsa
TRACE::2022-11-18.08:45:08::SCWPlatform:: Unique name xilinx:::0.0
TRACE::2022-11-18.08:45:08::SCWPlatform::Trying to set the existing hwdb with name Block_4EV_wrapper_0
TRACE::2022-11-18.08:45:08::SCWPlatform::Opened existing hwdb Block_4EV_wrapper_0
TRACE::2022-11-18.08:45:08::SCWPlatform::Found the Hw Db part of the input DSA
TRACE::2022-11-18.08:45:08::SCWMssOS::Checking the sw design at  C:/Users/SESA630813/work-2/4EV_HandsOn_platt/zynqmp_pmufw/zynqmp_pmufw_bsp/system.mss
TRACE::2022-11-18.08:45:08::SCWMssOS::DEBUG:  swdes dump  C:/Users/SESA630813/work-2/4EV_HandsOn_platt/zynqmp_fsbl/zynqmp_fsbl_bsp/system.mss|system||

TRACE::2022-11-18.08:45:08::SCWMssOS::No sw design opened at  C:/Users/SESA630813/work-2/4EV_HandsOn_platt/zynqmp_pmufw/zynqmp_pmufw_bsp/system.mss
TRACE::2022-11-18.08:45:08::SCWMssOS::mss exists loading the mss file  C:/Users/SESA630813/work-2/4EV_HandsOn_platt/zynqmp_pmufw/zynqmp_pmufw_bsp/system.mss
TRACE::2022-11-18.08:45:08::SCWMssOS::Opened the sw design from mss  C:/Users/SESA630813/work-2/4EV_HandsOn_platt/zynqmp_pmufw/zynqmp_pmufw_bsp/system.mss
TRACE::2022-11-18.08:45:08::SCWMssOS::Adding the swdes entry C:/Users/SESA630813/work-2/4EV_HandsOn_platt/zynqmp_pmufw/zynqmp_pmufw_bsp/system.mss with des name system_0
TRACE::2022-11-18.08:45:08::SCWMssOS::updating the scw layer about changes
TRACE::2022-11-18.08:45:08::SCWMssOS::Opened the sw design.  C:/Users/SESA630813/work-2/4EV_HandsOn_platt/zynqmp_pmufw/zynqmp_pmufw_bsp/system.mss
TRACE::2022-11-18.08:45:08::SCWMssOS::Saving the mss changes C:/Users/SESA630813/work-2/4EV_HandsOn_platt/zynqmp_fsbl/zynqmp_fsbl_bsp/system.mss
TRACE::2022-11-18.08:45:08::SCWMssOS::Found a swdesign opened with the mssfile.
TRACE::2022-11-18.08:45:08::SCWMssOS::Completed writemss as part of save.
TRACE::2022-11-18.08:45:08::SCWMssOS::Commit changes completed.
TRACE::2022-11-18.08:45:08::SCWMssOS::Saving the mss changes C:/Users/SESA630813/work-2/4EV_HandsOn_platt/zynqmp_pmufw/zynqmp_pmufw_bsp/system.mss
TRACE::2022-11-18.08:45:08::SCWMssOS::Found a swdesign opened with the mssfile.
TRACE::2022-11-18.08:45:08::SCWMssOS::Completed writemss as part of save.
TRACE::2022-11-18.08:45:08::SCWMssOS::Commit changes completed.
TRACE::2022-11-18.08:45:08::SCWPlatform::Trying to open the hw design at C:/Users/SESA630813/work-2/4EV_HandsOn_platt/hw/Block_4EV_HandsOn.xsa
TRACE::2022-11-18.08:45:08::SCWPlatform::DSA given C:/Users/SESA630813/work-2/4EV_HandsOn_platt/hw/Block_4EV_HandsOn.xsa
TRACE::2022-11-18.08:45:08::SCWPlatform::DSA absoulate path C:/Users/SESA630813/work-2/4EV_HandsOn_platt/hw/Block_4EV_HandsOn.xsa
TRACE::2022-11-18.08:45:08::SCWPlatform::DSA directory C:/Users/SESA630813/work-2/4EV_HandsOn_platt/hw
TRACE::2022-11-18.08:45:08::SCWPlatform:: Platform Path C:/Users/SESA630813/work-2/4EV_HandsOn_platt/hw/Block_4EV_HandsOn.xsa
TRACE::2022-11-18.08:45:08::SCWPlatform:: Unique name xilinx:::0.0
TRACE::2022-11-18.08:45:08::SCWPlatform::Trying to set the existing hwdb with name Block_4EV_wrapper_0
TRACE::2022-11-18.08:45:08::SCWPlatform::Opened existing hwdb Block_4EV_wrapper_0
TRACE::2022-11-18.08:45:08::SCWPlatform::Found the Hw Db part of the input DSA
TRACE::2022-11-18.08:45:08::SCWMssOS::Checking the sw design at  C:/Users/SESA630813/work-2/4EV_HandsOn_platt/zynqmp_fsbl/zynqmp_fsbl_bsp/system.mss
TRACE::2022-11-18.08:45:08::SCWMssOS::DEBUG:  swdes dump  C:/Users/SESA630813/work-2/4EV_HandsOn_platt/zynqmp_fsbl/zynqmp_fsbl_bsp/system.mss|system||
C:/Users/SESA630813/work-2/4EV_HandsOn_platt/zynqmp_pmufw/zynqmp_pmufw_bsp/system.mss|system_0||

TRACE::2022-11-18.08:45:08::SCWMssOS::Sw design exists and opened at  C:/Users/SESA630813/work-2/4EV_HandsOn_platt/zynqmp_fsbl/zynqmp_fsbl_bsp/system.mss
TRACE::2022-11-18.08:45:08::SCWPlatform::Trying to open the hw design at C:/Users/SESA630813/work-2/4EV_HandsOn_platt/hw/Block_4EV_HandsOn.xsa
TRACE::2022-11-18.08:45:08::SCWPlatform::DSA given C:/Users/SESA630813/work-2/4EV_HandsOn_platt/hw/Block_4EV_HandsOn.xsa
TRACE::2022-11-18.08:45:08::SCWPlatform::DSA absoulate path C:/Users/SESA630813/work-2/4EV_HandsOn_platt/hw/Block_4EV_HandsOn.xsa
TRACE::2022-11-18.08:45:08::SCWPlatform::DSA directory C:/Users/SESA630813/work-2/4EV_HandsOn_platt/hw
TRACE::2022-11-18.08:45:08::SCWPlatform:: Platform Path C:/Users/SESA630813/work-2/4EV_HandsOn_platt/hw/Block_4EV_HandsOn.xsa
TRACE::2022-11-18.08:45:08::SCWPlatform:: Unique name xilinx:::0.0
TRACE::2022-11-18.08:45:08::SCWPlatform::Trying to set the existing hwdb with name Block_4EV_wrapper_0
TRACE::2022-11-18.08:45:08::SCWPlatform::Opened existing hwdb Block_4EV_wrapper_0
TRACE::2022-11-18.08:45:08::SCWPlatform::Found the Hw Db part of the input DSA
TRACE::2022-11-18.08:45:08::SCWMssOS::Checking the sw design at  C:/Users/SESA630813/work-2/4EV_HandsOn_platt/zynqmp_fsbl/zynqmp_fsbl_bsp/system.mss
TRACE::2022-11-18.08:45:08::SCWMssOS::DEBUG:  swdes dump  C:/Users/SESA630813/work-2/4EV_HandsOn_platt/zynqmp_fsbl/zynqmp_fsbl_bsp/system.mss|system||
C:/Users/SESA630813/work-2/4EV_HandsOn_platt/zynqmp_pmufw/zynqmp_pmufw_bsp/system.mss|system_0||

TRACE::2022-11-18.08:45:08::SCWMssOS::Sw design exists and opened at  C:/Users/SESA630813/work-2/4EV_HandsOn_platt/zynqmp_fsbl/zynqmp_fsbl_bsp/system.mss
TRACE::2022-11-18.08:45:08::SCWPlatform::Trying to open the hw design at C:/Users/SESA630813/work-2/4EV_HandsOn_platt/hw/Block_4EV_HandsOn.xsa
TRACE::2022-11-18.08:45:08::SCWPlatform::DSA given C:/Users/SESA630813/work-2/4EV_HandsOn_platt/hw/Block_4EV_HandsOn.xsa
TRACE::2022-11-18.08:45:08::SCWPlatform::DSA absoulate path C:/Users/SESA630813/work-2/4EV_HandsOn_platt/hw/Block_4EV_HandsOn.xsa
TRACE::2022-11-18.08:45:08::SCWPlatform::DSA directory C:/Users/SESA630813/work-2/4EV_HandsOn_platt/hw
TRACE::2022-11-18.08:45:08::SCWPlatform:: Platform Path C:/Users/SESA630813/work-2/4EV_HandsOn_platt/hw/Block_4EV_HandsOn.xsa
TRACE::2022-11-18.08:45:08::SCWPlatform:: Unique name xilinx:::0.0
TRACE::2022-11-18.08:45:08::SCWPlatform::Trying to set the existing hwdb with name Block_4EV_wrapper_0
TRACE::2022-11-18.08:45:08::SCWPlatform::Opened existing hwdb Block_4EV_wrapper_0
TRACE::2022-11-18.08:45:08::SCWPlatform::Found the Hw Db part of the input DSA
TRACE::2022-11-18.08:45:08::SCWMssOS::Checking the sw design at  C:/Users/SESA630813/work-2/4EV_HandsOn_platt/zynqmp_fsbl/zynqmp_fsbl_bsp/system.mss
TRACE::2022-11-18.08:45:08::SCWMssOS::DEBUG:  swdes dump  C:/Users/SESA630813/work-2/4EV_HandsOn_platt/zynqmp_fsbl/zynqmp_fsbl_bsp/system.mss|system||
C:/Users/SESA630813/work-2/4EV_HandsOn_platt/zynqmp_pmufw/zynqmp_pmufw_bsp/system.mss|system_0||

TRACE::2022-11-18.08:45:08::SCWMssOS::Sw design exists and opened at  C:/Users/SESA630813/work-2/4EV_HandsOn_platt/zynqmp_fsbl/zynqmp_fsbl_bsp/system.mss
TRACE::2022-11-18.08:45:08::SCWPlatform::Trying to open the hw design at C:/Users/SESA630813/work-2/4EV_HandsOn_platt/hw/Block_4EV_HandsOn.xsa
TRACE::2022-11-18.08:45:08::SCWPlatform::DSA given C:/Users/SESA630813/work-2/4EV_HandsOn_platt/hw/Block_4EV_HandsOn.xsa
TRACE::2022-11-18.08:45:08::SCWPlatform::DSA absoulate path C:/Users/SESA630813/work-2/4EV_HandsOn_platt/hw/Block_4EV_HandsOn.xsa
TRACE::2022-11-18.08:45:08::SCWPlatform::DSA directory C:/Users/SESA630813/work-2/4EV_HandsOn_platt/hw
TRACE::2022-11-18.08:45:08::SCWPlatform:: Platform Path C:/Users/SESA630813/work-2/4EV_HandsOn_platt/hw/Block_4EV_HandsOn.xsa
TRACE::2022-11-18.08:45:08::SCWPlatform:: Unique name xilinx:::0.0
TRACE::2022-11-18.08:45:08::SCWPlatform::Trying to set the existing hwdb with name Block_4EV_wrapper_0
TRACE::2022-11-18.08:45:08::SCWPlatform::Opened existing hwdb Block_4EV_wrapper_0
TRACE::2022-11-18.08:45:08::SCWPlatform::Found the Hw Db part of the input DSA
TRACE::2022-11-18.08:45:08::SCWMssOS::Checking the sw design at  C:/Users/SESA630813/work-2/4EV_HandsOn_platt/zynqmp_pmufw/zynqmp_pmufw_bsp/system.mss
TRACE::2022-11-18.08:45:08::SCWMssOS::DEBUG:  swdes dump  C:/Users/SESA630813/work-2/4EV_HandsOn_platt/zynqmp_fsbl/zynqmp_fsbl_bsp/system.mss|system||
C:/Users/SESA630813/work-2/4EV_HandsOn_platt/zynqmp_pmufw/zynqmp_pmufw_bsp/system.mss|system_0||

TRACE::2022-11-18.08:45:08::SCWMssOS::Sw design exists and opened at  C:/Users/SESA630813/work-2/4EV_HandsOn_platt/zynqmp_pmufw/zynqmp_pmufw_bsp/system.mss
TRACE::2022-11-18.08:45:08::SCWPlatform::Trying to open the hw design at C:/Users/SESA630813/work-2/4EV_HandsOn_platt/hw/Block_4EV_HandsOn.xsa
TRACE::2022-11-18.08:45:08::SCWPlatform::DSA given C:/Users/SESA630813/work-2/4EV_HandsOn_platt/hw/Block_4EV_HandsOn.xsa
TRACE::2022-11-18.08:45:08::SCWPlatform::DSA absoulate path C:/Users/SESA630813/work-2/4EV_HandsOn_platt/hw/Block_4EV_HandsOn.xsa
TRACE::2022-11-18.08:45:08::SCWPlatform::DSA directory C:/Users/SESA630813/work-2/4EV_HandsOn_platt/hw
TRACE::2022-11-18.08:45:08::SCWPlatform:: Platform Path C:/Users/SESA630813/work-2/4EV_HandsOn_platt/hw/Block_4EV_HandsOn.xsa
TRACE::2022-11-18.08:45:08::SCWPlatform:: Unique name xilinx:::0.0
TRACE::2022-11-18.08:45:08::SCWPlatform::Trying to set the existing hwdb with name Block_4EV_wrapper_0
TRACE::2022-11-18.08:45:08::SCWPlatform::Opened existing hwdb Block_4EV_wrapper_0
TRACE::2022-11-18.08:45:08::SCWPlatform::Found the Hw Db part of the input DSA
TRACE::2022-11-18.08:45:08::SCWMssOS::Checking the sw design at  C:/Users/SESA630813/work-2/4EV_HandsOn_platt/zynqmp_pmufw/zynqmp_pmufw_bsp/system.mss
TRACE::2022-11-18.08:45:08::SCWMssOS::DEBUG:  swdes dump  C:/Users/SESA630813/work-2/4EV_HandsOn_platt/zynqmp_fsbl/zynqmp_fsbl_bsp/system.mss|system||
C:/Users/SESA630813/work-2/4EV_HandsOn_platt/zynqmp_pmufw/zynqmp_pmufw_bsp/system.mss|system_0||

TRACE::2022-11-18.08:45:08::SCWMssOS::Sw design exists and opened at  C:/Users/SESA630813/work-2/4EV_HandsOn_platt/zynqmp_pmufw/zynqmp_pmufw_bsp/system.mss
TRACE::2022-11-18.08:45:08::SCWPlatform::Trying to open the hw design at C:/Users/SESA630813/work-2/4EV_HandsOn_platt/hw/Block_4EV_HandsOn.xsa
TRACE::2022-11-18.08:45:08::SCWPlatform::DSA given C:/Users/SESA630813/work-2/4EV_HandsOn_platt/hw/Block_4EV_HandsOn.xsa
TRACE::2022-11-18.08:45:08::SCWPlatform::DSA absoulate path C:/Users/SESA630813/work-2/4EV_HandsOn_platt/hw/Block_4EV_HandsOn.xsa
TRACE::2022-11-18.08:45:08::SCWPlatform::DSA directory C:/Users/SESA630813/work-2/4EV_HandsOn_platt/hw
TRACE::2022-11-18.08:45:08::SCWPlatform:: Platform Path C:/Users/SESA630813/work-2/4EV_HandsOn_platt/hw/Block_4EV_HandsOn.xsa
TRACE::2022-11-18.08:45:08::SCWPlatform:: Unique name xilinx:::0.0
TRACE::2022-11-18.08:45:08::SCWPlatform::Trying to set the existing hwdb with name Block_4EV_wrapper_0
TRACE::2022-11-18.08:45:08::SCWPlatform::Opened existing hwdb Block_4EV_wrapper_0
TRACE::2022-11-18.08:45:08::SCWPlatform::Found the Hw Db part of the input DSA
TRACE::2022-11-18.08:45:08::SCWMssOS::Checking the sw design at  C:/Users/SESA630813/work-2/4EV_HandsOn_platt/zynqmp_pmufw/zynqmp_pmufw_bsp/system.mss
TRACE::2022-11-18.08:45:08::SCWMssOS::DEBUG:  swdes dump  C:/Users/SESA630813/work-2/4EV_HandsOn_platt/zynqmp_fsbl/zynqmp_fsbl_bsp/system.mss|system||
C:/Users/SESA630813/work-2/4EV_HandsOn_platt/zynqmp_pmufw/zynqmp_pmufw_bsp/system.mss|system_0||

TRACE::2022-11-18.08:45:08::SCWMssOS::Sw design exists and opened at  C:/Users/SESA630813/work-2/4EV_HandsOn_platt/zynqmp_pmufw/zynqmp_pmufw_bsp/system.mss
TRACE::2022-11-18.08:45:08::SCWWriter::formatted JSON is {
	"platformName":	"4EV_HandsOn_platt",
	"sprVersion":	"2.0",
	"mode":	"gui",
	"dsaType":	"Fixed",
	"platformDesc":	"4EV_HandsOn_platt",
	"platHandOff":	"C:/Schneider/ScriptingPath/enclustra/4EV-Hands-On/Block_4EV_HandsOn.xsa",
	"platIntHandOff":	"<platformDir>/hw/Block_4EV_HandsOn.xsa",
	"deviceType":	"zynqMP",
	"platIsPrebuiltAutogen":	"false",
	"platIsNoBootBsp":	"false",
	"platFsblTarget":	"psu_cortexa53_0",
	"hasFsblMakeHasChanges":	"false",
	"hasPmufwMakeHasChanges":	"false",
	"fsblExtraCompilerFlags":	"-MMD -MP      -Wall -fmessage-length=0 -DARMA53_64 -Os -flto -ffat-lto-objects  ",
	"pmufwExtraCompilerFlags":	"-MMD -MP      -mlittle-endian -mxl-barrel-shift -mxl-pattern-compare -mcpu=v9.2 -mxl-soft-mul -Os -flto -ffat-lto-objects  ",
	"platPreBuiltFlag":	false,
	"platformSamplesDir":	"",
	"platActiveSys":	"4EV_HandsOn_platt",
	"systems":	[{
			"systemName":	"4EV_HandsOn_platt",
			"systemDesc":	"4EV_HandsOn_platt",
			"sysIsBootAutoGen":	"true",
			"systemDispName":	"4EV_HandsOn_platt",
			"sysActiveDom":	"zynqmp_pmufw",
			"sysDefaultDom":	"",
			"domains":	[{
					"domainName":	"zynqmp_fsbl",
					"domainDispName":	"zynqmp_fsbl",
					"domainDesc":	"FSBL Application BSP - Auto Generated.",
					"processors":	"psu_cortexa53_0",
					"os":	"standalone",
					"sdxOs":	"standalone",
					"debugEnable":	"",
					"domRuntimes":	["cpp"],
					"swRepo":	"",
					"mssOsVer":	"7.6",
					"mssFile":	"",
					"md5Digest":	"f0f90a35a6a229e56057b23e4b7162c6",
					"compatibleApp":	"zynqmp_fsbl",
					"domType":	"bootDomain",
					"arch":	"64-bit",
					"appSettings":	{
						"appCompilerFlags":	"",
						"appLinkerFlags":	""
					},
					"addedLibs":	["xilffs:4.6", "xilsecure:4.6", "xilpm:3.5"],
					"libOptions":	{
						"standalone":	{
							"zynqmp_fsbl_bsp":	"true",
							"libOptionNames":	["zynqmp_fsbl_bsp"]
						},
						"xilffs":	{
							"read_only":	"true",
							"use_mkfs":	"false",
							"libOptionNames":	["read_only", "use_mkfs"]
						},
						"xilsecure":	{
							"tpm_support":	"true",
							"libOptionNames":	["tpm_support"]
						},
						"libsContainingOptions":	["standalone", "xilffs", "xilsecure"]
					},
					"prebuiltLibs":	{
						"prebuiltIncPath":	[],
						"prebuiltLibPath":	[]
					},
					"isolation":	{
					}
				}, {
					"domainName":	"zynqmp_pmufw",
					"domainDispName":	"zynqmp_pmufw",
					"domainDesc":	"PMUFW Application BSP - Auto Generated.",
					"processors":	"psu_pmu_0",
					"os":	"standalone",
					"sdxOs":	"standalone",
					"debugEnable":	"",
					"domRuntimes":	["cpp"],
					"swRepo":	"",
					"mssOsVer":	"7.6",
					"mssFile":	"",
					"md5Digest":	"2252945fa1d34af486e1005da291d4dd",
					"compatibleApp":	"zynqmp_pmufw",
					"domType":	"bootDomain",
					"arch":	"32-bit",
					"appSettings":	{
						"appCompilerFlags":	"",
						"appLinkerFlags":	""
					},
					"addedLibs":	["xilfpga:6.1", "xilsecure:4.6", "xilskey:7.2"],
					"libOptions":	{
						"psu_pmu_0":	{
							"extra_compiler_flags":	"-g -ffunction-sections -fdata-sections -Wall -Wextra -fno-tree-loop-distribute-patterns  -Os -flto -ffat-lto-objects",
							"libOptionNames":	["extra_compiler_flags"]
						},
						"libsContainingOptions":	["psu_pmu_0"]
					},
					"prebuiltLibs":	{
						"prebuiltIncPath":	[],
						"prebuiltLibPath":	[]
					},
					"isolation":	{
					}
				}]
		}]
}
TRACE::2022-11-18.08:45:08::SCWPlatform::Trying to open the hw design at C:/Users/SESA630813/work-2/4EV_HandsOn_platt/hw/Block_4EV_HandsOn.xsa
TRACE::2022-11-18.08:45:08::SCWPlatform::DSA given C:/Users/SESA630813/work-2/4EV_HandsOn_platt/hw/Block_4EV_HandsOn.xsa
TRACE::2022-11-18.08:45:08::SCWPlatform::DSA absoulate path C:/Users/SESA630813/work-2/4EV_HandsOn_platt/hw/Block_4EV_HandsOn.xsa
TRACE::2022-11-18.08:45:08::SCWPlatform::DSA directory C:/Users/SESA630813/work-2/4EV_HandsOn_platt/hw
TRACE::2022-11-18.08:45:08::SCWPlatform:: Platform Path C:/Users/SESA630813/work-2/4EV_HandsOn_platt/hw/Block_4EV_HandsOn.xsa
TRACE::2022-11-18.08:45:08::SCWPlatform:: Unique name xilinx:::0.0
TRACE::2022-11-18.08:45:08::SCWPlatform::Trying to set the existing hwdb with name Block_4EV_wrapper_0
TRACE::2022-11-18.08:45:08::SCWPlatform::Opened existing hwdb Block_4EV_wrapper_0
TRACE::2022-11-18.08:45:08::SCWPlatform::Found the Hw Db part of the input DSA
TRACE::2022-11-18.08:45:08::SCWPlatform::Trying to open the hw design at C:/Users/SESA630813/work-2/4EV_HandsOn_platt/hw/Block_4EV_HandsOn.xsa
TRACE::2022-11-18.08:45:08::SCWPlatform::DSA given C:/Users/SESA630813/work-2/4EV_HandsOn_platt/hw/Block_4EV_HandsOn.xsa
TRACE::2022-11-18.08:45:08::SCWPlatform::DSA absoulate path C:/Users/SESA630813/work-2/4EV_HandsOn_platt/hw/Block_4EV_HandsOn.xsa
TRACE::2022-11-18.08:45:08::SCWPlatform::DSA directory C:/Users/SESA630813/work-2/4EV_HandsOn_platt/hw
TRACE::2022-11-18.08:45:08::SCWPlatform:: Platform Path C:/Users/SESA630813/work-2/4EV_HandsOn_platt/hw/Block_4EV_HandsOn.xsa
TRACE::2022-11-18.08:45:08::SCWPlatform:: Unique name xilinx:::0.0
TRACE::2022-11-18.08:45:08::SCWPlatform::Trying to set the existing hwdb with name Block_4EV_wrapper_0
TRACE::2022-11-18.08:45:08::SCWPlatform::Opened existing hwdb Block_4EV_wrapper_0
TRACE::2022-11-18.08:45:08::SCWPlatform::Found the Hw Db part of the input DSA
TRACE::2022-11-18.08:45:08::SCWDomain::checking for install qemu data   : 
TRACE::2022-11-18.08:45:08::SCWDomain:: Using the QEMU Data from install at  : C:/Xilinx3/Vitis/2021.2/data/emulation/platforms/zynqmp/sw/a53_standalone/qemu/
TRACE::2022-11-18.08:45:08::SCWDomain:: Using the QEMU args  from install at  : C:/Xilinx3/Vitis/2021.2/data/emulation/platforms/zynqmp/sw/a53_standalone/qemu/qemu_args.txt
TRACE::2022-11-18.08:45:08::SCWDomain:: Using the PMUQEMU args from install at  : C:/Xilinx3/Vitis/2021.2/data/emulation/platforms/zynqmp/sw/a53_standalone/qemu/pmu_args.txt
TRACE::2022-11-18.08:45:08::SCWPlatform::Trying to open the hw design at C:/Users/SESA630813/work-2/4EV_HandsOn_platt/hw/Block_4EV_HandsOn.xsa
TRACE::2022-11-18.08:45:08::SCWPlatform::DSA given C:/Users/SESA630813/work-2/4EV_HandsOn_platt/hw/Block_4EV_HandsOn.xsa
TRACE::2022-11-18.08:45:08::SCWPlatform::DSA absoulate path C:/Users/SESA630813/work-2/4EV_HandsOn_platt/hw/Block_4EV_HandsOn.xsa
TRACE::2022-11-18.08:45:08::SCWPlatform::DSA directory C:/Users/SESA630813/work-2/4EV_HandsOn_platt/hw
TRACE::2022-11-18.08:45:08::SCWPlatform:: Platform Path C:/Users/SESA630813/work-2/4EV_HandsOn_platt/hw/Block_4EV_HandsOn.xsa
TRACE::2022-11-18.08:45:08::SCWPlatform:: Unique name xilinx:::0.0
TRACE::2022-11-18.08:45:08::SCWPlatform::Trying to set the existing hwdb with name Block_4EV_wrapper_0
TRACE::2022-11-18.08:45:08::SCWPlatform::Opened existing hwdb Block_4EV_wrapper_0
TRACE::2022-11-18.08:45:08::SCWPlatform::Found the Hw Db part of the input DSA
TRACE::2022-11-18.08:45:08::SCWPlatform::Trying to open the hw design at C:/Users/SESA630813/work-2/4EV_HandsOn_platt/hw/Block_4EV_HandsOn.xsa
TRACE::2022-11-18.08:45:08::SCWPlatform::DSA given C:/Users/SESA630813/work-2/4EV_HandsOn_platt/hw/Block_4EV_HandsOn.xsa
TRACE::2022-11-18.08:45:08::SCWPlatform::DSA absoulate path C:/Users/SESA630813/work-2/4EV_HandsOn_platt/hw/Block_4EV_HandsOn.xsa
TRACE::2022-11-18.08:45:08::SCWPlatform::DSA directory C:/Users/SESA630813/work-2/4EV_HandsOn_platt/hw
TRACE::2022-11-18.08:45:08::SCWPlatform:: Platform Path C:/Users/SESA630813/work-2/4EV_HandsOn_platt/hw/Block_4EV_HandsOn.xsa
TRACE::2022-11-18.08:45:08::SCWPlatform:: Unique name xilinx:::0.0
TRACE::2022-11-18.08:45:08::SCWPlatform::Trying to set the existing hwdb with name Block_4EV_wrapper_0
TRACE::2022-11-18.08:45:08::SCWPlatform::Opened existing hwdb Block_4EV_wrapper_0
TRACE::2022-11-18.08:45:08::SCWPlatform::Found the Hw Db part of the input DSA
TRACE::2022-11-18.08:45:08::SCWPlatform::Trying to open the hw design at C:/Users/SESA630813/work-2/4EV_HandsOn_platt/hw/Block_4EV_HandsOn.xsa
TRACE::2022-11-18.08:45:09::SCWPlatform::DSA given C:/Users/SESA630813/work-2/4EV_HandsOn_platt/hw/Block_4EV_HandsOn.xsa
TRACE::2022-11-18.08:45:09::SCWPlatform::DSA absoulate path C:/Users/SESA630813/work-2/4EV_HandsOn_platt/hw/Block_4EV_HandsOn.xsa
TRACE::2022-11-18.08:45:09::SCWPlatform::DSA directory C:/Users/SESA630813/work-2/4EV_HandsOn_platt/hw
TRACE::2022-11-18.08:45:09::SCWPlatform:: Platform Path C:/Users/SESA630813/work-2/4EV_HandsOn_platt/hw/Block_4EV_HandsOn.xsa
TRACE::2022-11-18.08:45:09::SCWPlatform:: Unique name xilinx:::0.0
TRACE::2022-11-18.08:45:09::SCWPlatform::Trying to set the existing hwdb with name Block_4EV_wrapper_0
TRACE::2022-11-18.08:45:09::SCWPlatform::Opened existing hwdb Block_4EV_wrapper_0
TRACE::2022-11-18.08:45:09::SCWPlatform::Found the Hw Db part of the input DSA
TRACE::2022-11-18.08:45:09::SCWMssOS::Checking the sw design at  C:/Users/SESA630813/work-2/4EV_HandsOn_platt/psu_cortexa53_0/standalone_domain/bsp/system.mss
TRACE::2022-11-18.08:45:09::SCWMssOS::DEBUG:  swdes dump  C:/Users/SESA630813/work-2/4EV_HandsOn_platt/zynqmp_fsbl/zynqmp_fsbl_bsp/system.mss|system||
C:/Users/SESA630813/work-2/4EV_HandsOn_platt/zynqmp_pmufw/zynqmp_pmufw_bsp/system.mss|system_0||

TRACE::2022-11-18.08:45:09::SCWMssOS::No sw design opened at  C:/Users/SESA630813/work-2/4EV_HandsOn_platt/psu_cortexa53_0/standalone_domain/bsp/system.mss
TRACE::2022-11-18.08:45:09::SCWMssOS::mss does not exists at C:/Users/SESA630813/work-2/4EV_HandsOn_platt/psu_cortexa53_0/standalone_domain/bsp/system.mss
TRACE::2022-11-18.08:45:09::SCWMssOS::Creating sw design at  C:/Users/SESA630813/work-2/4EV_HandsOn_platt/psu_cortexa53_0/standalone_domain/bsp/system.mss
TRACE::2022-11-18.08:45:09::SCWMssOS::Adding the swdes entry, created swdb C:/Users/SESA630813/work-2/4EV_HandsOn_platt/psu_cortexa53_0/standalone_domain/bsp/system.mss with des name C:/Users/SESA630813/work-2/4EV_HandsOn_platt/psu_cortexa53_0/standalone_domain/bsp/system.mss
TRACE::2022-11-18.08:45:09::SCWMssOS::updating the scw layer changes to swdes at   C:/Users/SESA630813/work-2/4EV_HandsOn_platt/psu_cortexa53_0/standalone_domain/bsp/system.mss
TRACE::2022-11-18.08:45:09::SCWMssOS::Writing mss at C:/Users/SESA630813/work-2/4EV_HandsOn_platt/psu_cortexa53_0/standalone_domain/bsp/system.mss
TRACE::2022-11-18.08:45:09::SCWMssOS::Completed writing the mss file at C:/Users/SESA630813/work-2/4EV_HandsOn_platt/psu_cortexa53_0/standalone_domain/bsp
TRACE::2022-11-18.08:45:09::SCWMssOS::Picking up changes from newly written mss file into SCW Layer. 
TRACE::2022-11-18.08:45:09::SCWMssOS::Updated the changes from newly written mss file into SCW Layer. 
TRACE::2022-11-18.08:45:09::SCWMssOS::Completed writing the mss file at C:/Users/SESA630813/work-2/4EV_HandsOn_platt/psu_cortexa53_0/standalone_domain/bsp
TRACE::2022-11-18.08:45:09::SCWMssOS::Forcing BSP Sources regeneration.
TRACE::2022-11-18.08:45:13::SCWMssOS::Saving the mss changes C:/Users/SESA630813/work-2/4EV_HandsOn_platt/zynqmp_fsbl/zynqmp_fsbl_bsp/system.mss
TRACE::2022-11-18.08:45:13::SCWMssOS::Found a swdesign opened with the mssfile.
TRACE::2022-11-18.08:45:13::SCWMssOS::Completed writemss as part of save.
TRACE::2022-11-18.08:45:13::SCWMssOS::Commit changes completed.
TRACE::2022-11-18.08:45:13::SCWMssOS::Saving the mss changes C:/Users/SESA630813/work-2/4EV_HandsOn_platt/zynqmp_pmufw/zynqmp_pmufw_bsp/system.mss
TRACE::2022-11-18.08:45:13::SCWMssOS::Found a swdesign opened with the mssfile.
TRACE::2022-11-18.08:45:13::SCWMssOS::Completed writemss as part of save.
TRACE::2022-11-18.08:45:13::SCWMssOS::Commit changes completed.
TRACE::2022-11-18.08:45:13::SCWMssOS::Saving the mss changes C:/Users/SESA630813/work-2/4EV_HandsOn_platt/psu_cortexa53_0/standalone_domain/bsp/system.mss
TRACE::2022-11-18.08:45:13::SCWMssOS::Adding the swdes entry, mss present, able to open swdb C:/Users/SESA630813/work-2/4EV_HandsOn_platt/psu_cortexa53_0/standalone_domain/bsp/system.mss with des name system_1
TRACE::2022-11-18.08:45:13::SCWMssOS::Writing the mss file completed C:/Users/SESA630813/work-2/4EV_HandsOn_platt/psu_cortexa53_0/standalone_domain/bsp/system.mss
TRACE::2022-11-18.08:45:13::SCWMssOS::Commit changes completed.
TRACE::2022-11-18.08:45:13::SCWPlatform::Trying to open the hw design at C:/Users/SESA630813/work-2/4EV_HandsOn_platt/hw/Block_4EV_HandsOn.xsa
TRACE::2022-11-18.08:45:13::SCWPlatform::DSA given C:/Users/SESA630813/work-2/4EV_HandsOn_platt/hw/Block_4EV_HandsOn.xsa
TRACE::2022-11-18.08:45:13::SCWPlatform::DSA absoulate path C:/Users/SESA630813/work-2/4EV_HandsOn_platt/hw/Block_4EV_HandsOn.xsa
TRACE::2022-11-18.08:45:13::SCWPlatform::DSA directory C:/Users/SESA630813/work-2/4EV_HandsOn_platt/hw
TRACE::2022-11-18.08:45:13::SCWPlatform:: Platform Path C:/Users/SESA630813/work-2/4EV_HandsOn_platt/hw/Block_4EV_HandsOn.xsa
TRACE::2022-11-18.08:45:13::SCWPlatform:: Unique name xilinx:::0.0
TRACE::2022-11-18.08:45:13::SCWPlatform::Trying to set the existing hwdb with name Block_4EV_wrapper_0
TRACE::2022-11-18.08:45:13::SCWPlatform::Opened existing hwdb Block_4EV_wrapper_0
TRACE::2022-11-18.08:45:13::SCWPlatform::Found the Hw Db part of the input DSA
TRACE::2022-11-18.08:45:13::SCWMssOS::Checking the sw design at  C:/Users/SESA630813/work-2/4EV_HandsOn_platt/zynqmp_fsbl/zynqmp_fsbl_bsp/system.mss
TRACE::2022-11-18.08:45:13::SCWMssOS::DEBUG:  swdes dump  C:/Users/SESA630813/work-2/4EV_HandsOn_platt/psu_cortexa53_0/standalone_domain/bsp/system.mss|system_1||
C:/Users/SESA630813/work-2/4EV_HandsOn_platt/zynqmp_fsbl/zynqmp_fsbl_bsp/system.mss|system||
C:/Users/SESA630813/work-2/4EV_HandsOn_platt/zynqmp_pmufw/zynqmp_pmufw_bsp/system.mss|system_0||

TRACE::2022-11-18.08:45:13::SCWMssOS::Sw design exists and opened at  C:/Users/SESA630813/work-2/4EV_HandsOn_platt/zynqmp_fsbl/zynqmp_fsbl_bsp/system.mss
TRACE::2022-11-18.08:45:13::SCWPlatform::Trying to open the hw design at C:/Users/SESA630813/work-2/4EV_HandsOn_platt/hw/Block_4EV_HandsOn.xsa
TRACE::2022-11-18.08:45:13::SCWPlatform::DSA given C:/Users/SESA630813/work-2/4EV_HandsOn_platt/hw/Block_4EV_HandsOn.xsa
TRACE::2022-11-18.08:45:13::SCWPlatform::DSA absoulate path C:/Users/SESA630813/work-2/4EV_HandsOn_platt/hw/Block_4EV_HandsOn.xsa
TRACE::2022-11-18.08:45:13::SCWPlatform::DSA directory C:/Users/SESA630813/work-2/4EV_HandsOn_platt/hw
TRACE::2022-11-18.08:45:13::SCWPlatform:: Platform Path C:/Users/SESA630813/work-2/4EV_HandsOn_platt/hw/Block_4EV_HandsOn.xsa
TRACE::2022-11-18.08:45:13::SCWPlatform:: Unique name xilinx:::0.0
TRACE::2022-11-18.08:45:13::SCWPlatform::Trying to set the existing hwdb with name Block_4EV_wrapper_0
TRACE::2022-11-18.08:45:13::SCWPlatform::Opened existing hwdb Block_4EV_wrapper_0
TRACE::2022-11-18.08:45:13::SCWPlatform::Found the Hw Db part of the input DSA
TRACE::2022-11-18.08:45:13::SCWMssOS::Checking the sw design at  C:/Users/SESA630813/work-2/4EV_HandsOn_platt/zynqmp_fsbl/zynqmp_fsbl_bsp/system.mss
TRACE::2022-11-18.08:45:13::SCWMssOS::DEBUG:  swdes dump  C:/Users/SESA630813/work-2/4EV_HandsOn_platt/psu_cortexa53_0/standalone_domain/bsp/system.mss|system_1||
C:/Users/SESA630813/work-2/4EV_HandsOn_platt/zynqmp_fsbl/zynqmp_fsbl_bsp/system.mss|system||
C:/Users/SESA630813/work-2/4EV_HandsOn_platt/zynqmp_pmufw/zynqmp_pmufw_bsp/system.mss|system_0||

TRACE::2022-11-18.08:45:13::SCWMssOS::Sw design exists and opened at  C:/Users/SESA630813/work-2/4EV_HandsOn_platt/zynqmp_fsbl/zynqmp_fsbl_bsp/system.mss
TRACE::2022-11-18.08:45:13::SCWPlatform::Trying to open the hw design at C:/Users/SESA630813/work-2/4EV_HandsOn_platt/hw/Block_4EV_HandsOn.xsa
TRACE::2022-11-18.08:45:13::SCWPlatform::DSA given C:/Users/SESA630813/work-2/4EV_HandsOn_platt/hw/Block_4EV_HandsOn.xsa
TRACE::2022-11-18.08:45:13::SCWPlatform::DSA absoulate path C:/Users/SESA630813/work-2/4EV_HandsOn_platt/hw/Block_4EV_HandsOn.xsa
TRACE::2022-11-18.08:45:13::SCWPlatform::DSA directory C:/Users/SESA630813/work-2/4EV_HandsOn_platt/hw
TRACE::2022-11-18.08:45:13::SCWPlatform:: Platform Path C:/Users/SESA630813/work-2/4EV_HandsOn_platt/hw/Block_4EV_HandsOn.xsa
TRACE::2022-11-18.08:45:13::SCWPlatform:: Unique name xilinx:::0.0
TRACE::2022-11-18.08:45:13::SCWPlatform::Trying to set the existing hwdb with name Block_4EV_wrapper_0
TRACE::2022-11-18.08:45:13::SCWPlatform::Opened existing hwdb Block_4EV_wrapper_0
TRACE::2022-11-18.08:45:13::SCWPlatform::Found the Hw Db part of the input DSA
TRACE::2022-11-18.08:45:13::SCWMssOS::Checking the sw design at  C:/Users/SESA630813/work-2/4EV_HandsOn_platt/zynqmp_fsbl/zynqmp_fsbl_bsp/system.mss
TRACE::2022-11-18.08:45:13::SCWMssOS::DEBUG:  swdes dump  C:/Users/SESA630813/work-2/4EV_HandsOn_platt/psu_cortexa53_0/standalone_domain/bsp/system.mss|system_1||
C:/Users/SESA630813/work-2/4EV_HandsOn_platt/zynqmp_fsbl/zynqmp_fsbl_bsp/system.mss|system||
C:/Users/SESA630813/work-2/4EV_HandsOn_platt/zynqmp_pmufw/zynqmp_pmufw_bsp/system.mss|system_0||

TRACE::2022-11-18.08:45:13::SCWMssOS::Sw design exists and opened at  C:/Users/SESA630813/work-2/4EV_HandsOn_platt/zynqmp_fsbl/zynqmp_fsbl_bsp/system.mss
TRACE::2022-11-18.08:45:13::SCWPlatform::Trying to open the hw design at C:/Users/SESA630813/work-2/4EV_HandsOn_platt/hw/Block_4EV_HandsOn.xsa
TRACE::2022-11-18.08:45:13::SCWPlatform::DSA given C:/Users/SESA630813/work-2/4EV_HandsOn_platt/hw/Block_4EV_HandsOn.xsa
TRACE::2022-11-18.08:45:13::SCWPlatform::DSA absoulate path C:/Users/SESA630813/work-2/4EV_HandsOn_platt/hw/Block_4EV_HandsOn.xsa
TRACE::2022-11-18.08:45:13::SCWPlatform::DSA directory C:/Users/SESA630813/work-2/4EV_HandsOn_platt/hw
TRACE::2022-11-18.08:45:13::SCWPlatform:: Platform Path C:/Users/SESA630813/work-2/4EV_HandsOn_platt/hw/Block_4EV_HandsOn.xsa
TRACE::2022-11-18.08:45:13::SCWPlatform:: Unique name xilinx:::0.0
TRACE::2022-11-18.08:45:13::SCWPlatform::Trying to set the existing hwdb with name Block_4EV_wrapper_0
TRACE::2022-11-18.08:45:13::SCWPlatform::Opened existing hwdb Block_4EV_wrapper_0
TRACE::2022-11-18.08:45:13::SCWPlatform::Found the Hw Db part of the input DSA
TRACE::2022-11-18.08:45:13::SCWMssOS::Checking the sw design at  C:/Users/SESA630813/work-2/4EV_HandsOn_platt/zynqmp_pmufw/zynqmp_pmufw_bsp/system.mss
TRACE::2022-11-18.08:45:13::SCWMssOS::DEBUG:  swdes dump  C:/Users/SESA630813/work-2/4EV_HandsOn_platt/psu_cortexa53_0/standalone_domain/bsp/system.mss|system_1||
C:/Users/SESA630813/work-2/4EV_HandsOn_platt/zynqmp_fsbl/zynqmp_fsbl_bsp/system.mss|system||
C:/Users/SESA630813/work-2/4EV_HandsOn_platt/zynqmp_pmufw/zynqmp_pmufw_bsp/system.mss|system_0||

TRACE::2022-11-18.08:45:13::SCWMssOS::Sw design exists and opened at  C:/Users/SESA630813/work-2/4EV_HandsOn_platt/zynqmp_pmufw/zynqmp_pmufw_bsp/system.mss
TRACE::2022-11-18.08:45:13::SCWPlatform::Trying to open the hw design at C:/Users/SESA630813/work-2/4EV_HandsOn_platt/hw/Block_4EV_HandsOn.xsa
TRACE::2022-11-18.08:45:13::SCWPlatform::DSA given C:/Users/SESA630813/work-2/4EV_HandsOn_platt/hw/Block_4EV_HandsOn.xsa
TRACE::2022-11-18.08:45:13::SCWPlatform::DSA absoulate path C:/Users/SESA630813/work-2/4EV_HandsOn_platt/hw/Block_4EV_HandsOn.xsa
TRACE::2022-11-18.08:45:13::SCWPlatform::DSA directory C:/Users/SESA630813/work-2/4EV_HandsOn_platt/hw
TRACE::2022-11-18.08:45:13::SCWPlatform:: Platform Path C:/Users/SESA630813/work-2/4EV_HandsOn_platt/hw/Block_4EV_HandsOn.xsa
TRACE::2022-11-18.08:45:13::SCWPlatform:: Unique name xilinx:::0.0
TRACE::2022-11-18.08:45:13::SCWPlatform::Trying to set the existing hwdb with name Block_4EV_wrapper_0
TRACE::2022-11-18.08:45:13::SCWPlatform::Opened existing hwdb Block_4EV_wrapper_0
TRACE::2022-11-18.08:45:13::SCWPlatform::Found the Hw Db part of the input DSA
TRACE::2022-11-18.08:45:13::SCWMssOS::Checking the sw design at  C:/Users/SESA630813/work-2/4EV_HandsOn_platt/zynqmp_pmufw/zynqmp_pmufw_bsp/system.mss
TRACE::2022-11-18.08:45:13::SCWMssOS::DEBUG:  swdes dump  C:/Users/SESA630813/work-2/4EV_HandsOn_platt/psu_cortexa53_0/standalone_domain/bsp/system.mss|system_1||
C:/Users/SESA630813/work-2/4EV_HandsOn_platt/zynqmp_fsbl/zynqmp_fsbl_bsp/system.mss|system||
C:/Users/SESA630813/work-2/4EV_HandsOn_platt/zynqmp_pmufw/zynqmp_pmufw_bsp/system.mss|system_0||

TRACE::2022-11-18.08:45:13::SCWMssOS::Sw design exists and opened at  C:/Users/SESA630813/work-2/4EV_HandsOn_platt/zynqmp_pmufw/zynqmp_pmufw_bsp/system.mss
TRACE::2022-11-18.08:45:13::SCWPlatform::Trying to open the hw design at C:/Users/SESA630813/work-2/4EV_HandsOn_platt/hw/Block_4EV_HandsOn.xsa
TRACE::2022-11-18.08:45:13::SCWPlatform::DSA given C:/Users/SESA630813/work-2/4EV_HandsOn_platt/hw/Block_4EV_HandsOn.xsa
TRACE::2022-11-18.08:45:13::SCWPlatform::DSA absoulate path C:/Users/SESA630813/work-2/4EV_HandsOn_platt/hw/Block_4EV_HandsOn.xsa
TRACE::2022-11-18.08:45:13::SCWPlatform::DSA directory C:/Users/SESA630813/work-2/4EV_HandsOn_platt/hw
TRACE::2022-11-18.08:45:13::SCWPlatform:: Platform Path C:/Users/SESA630813/work-2/4EV_HandsOn_platt/hw/Block_4EV_HandsOn.xsa
TRACE::2022-11-18.08:45:13::SCWPlatform:: Unique name xilinx:::0.0
TRACE::2022-11-18.08:45:13::SCWPlatform::Trying to set the existing hwdb with name Block_4EV_wrapper_0
TRACE::2022-11-18.08:45:13::SCWPlatform::Opened existing hwdb Block_4EV_wrapper_0
TRACE::2022-11-18.08:45:13::SCWPlatform::Found the Hw Db part of the input DSA
TRACE::2022-11-18.08:45:13::SCWMssOS::Checking the sw design at  C:/Users/SESA630813/work-2/4EV_HandsOn_platt/zynqmp_pmufw/zynqmp_pmufw_bsp/system.mss
TRACE::2022-11-18.08:45:13::SCWMssOS::DEBUG:  swdes dump  C:/Users/SESA630813/work-2/4EV_HandsOn_platt/psu_cortexa53_0/standalone_domain/bsp/system.mss|system_1||
C:/Users/SESA630813/work-2/4EV_HandsOn_platt/zynqmp_fsbl/zynqmp_fsbl_bsp/system.mss|system||
C:/Users/SESA630813/work-2/4EV_HandsOn_platt/zynqmp_pmufw/zynqmp_pmufw_bsp/system.mss|system_0||

TRACE::2022-11-18.08:45:13::SCWMssOS::Sw design exists and opened at  C:/Users/SESA630813/work-2/4EV_HandsOn_platt/zynqmp_pmufw/zynqmp_pmufw_bsp/system.mss
TRACE::2022-11-18.08:45:13::SCWPlatform::Trying to open the hw design at C:/Users/SESA630813/work-2/4EV_HandsOn_platt/hw/Block_4EV_HandsOn.xsa
TRACE::2022-11-18.08:45:13::SCWPlatform::DSA given C:/Users/SESA630813/work-2/4EV_HandsOn_platt/hw/Block_4EV_HandsOn.xsa
TRACE::2022-11-18.08:45:13::SCWPlatform::DSA absoulate path C:/Users/SESA630813/work-2/4EV_HandsOn_platt/hw/Block_4EV_HandsOn.xsa
TRACE::2022-11-18.08:45:13::SCWPlatform::DSA directory C:/Users/SESA630813/work-2/4EV_HandsOn_platt/hw
TRACE::2022-11-18.08:45:13::SCWPlatform:: Platform Path C:/Users/SESA630813/work-2/4EV_HandsOn_platt/hw/Block_4EV_HandsOn.xsa
TRACE::2022-11-18.08:45:13::SCWPlatform:: Unique name xilinx:::0.0
TRACE::2022-11-18.08:45:13::SCWPlatform::Trying to set the existing hwdb with name Block_4EV_wrapper_0
TRACE::2022-11-18.08:45:13::SCWPlatform::Opened existing hwdb Block_4EV_wrapper_0
TRACE::2022-11-18.08:45:13::SCWPlatform::Found the Hw Db part of the input DSA
TRACE::2022-11-18.08:45:13::SCWMssOS::Checking the sw design at  C:/Users/SESA630813/work-2/4EV_HandsOn_platt/psu_cortexa53_0/standalone_domain/bsp/system.mss
TRACE::2022-11-18.08:45:13::SCWMssOS::DEBUG:  swdes dump  C:/Users/SESA630813/work-2/4EV_HandsOn_platt/psu_cortexa53_0/standalone_domain/bsp/system.mss|system_1||
C:/Users/SESA630813/work-2/4EV_HandsOn_platt/zynqmp_fsbl/zynqmp_fsbl_bsp/system.mss|system||
C:/Users/SESA630813/work-2/4EV_HandsOn_platt/zynqmp_pmufw/zynqmp_pmufw_bsp/system.mss|system_0||

TRACE::2022-11-18.08:45:13::SCWMssOS::Sw design exists and opened at  C:/Users/SESA630813/work-2/4EV_HandsOn_platt/psu_cortexa53_0/standalone_domain/bsp/system.mss
TRACE::2022-11-18.08:45:13::SCWPlatform::Trying to open the hw design at C:/Users/SESA630813/work-2/4EV_HandsOn_platt/hw/Block_4EV_HandsOn.xsa
TRACE::2022-11-18.08:45:13::SCWPlatform::DSA given C:/Users/SESA630813/work-2/4EV_HandsOn_platt/hw/Block_4EV_HandsOn.xsa
TRACE::2022-11-18.08:45:13::SCWPlatform::DSA absoulate path C:/Users/SESA630813/work-2/4EV_HandsOn_platt/hw/Block_4EV_HandsOn.xsa
TRACE::2022-11-18.08:45:13::SCWPlatform::DSA directory C:/Users/SESA630813/work-2/4EV_HandsOn_platt/hw
TRACE::2022-11-18.08:45:13::SCWPlatform:: Platform Path C:/Users/SESA630813/work-2/4EV_HandsOn_platt/hw/Block_4EV_HandsOn.xsa
TRACE::2022-11-18.08:45:13::SCWPlatform:: Unique name xilinx:::0.0
TRACE::2022-11-18.08:45:13::SCWPlatform::Trying to set the existing hwdb with name Block_4EV_wrapper_0
TRACE::2022-11-18.08:45:13::SCWPlatform::Opened existing hwdb Block_4EV_wrapper_0
TRACE::2022-11-18.08:45:13::SCWPlatform::Found the Hw Db part of the input DSA
TRACE::2022-11-18.08:45:13::SCWMssOS::Checking the sw design at  C:/Users/SESA630813/work-2/4EV_HandsOn_platt/psu_cortexa53_0/standalone_domain/bsp/system.mss
TRACE::2022-11-18.08:45:13::SCWMssOS::DEBUG:  swdes dump  C:/Users/SESA630813/work-2/4EV_HandsOn_platt/psu_cortexa53_0/standalone_domain/bsp/system.mss|system_1||
C:/Users/SESA630813/work-2/4EV_HandsOn_platt/zynqmp_fsbl/zynqmp_fsbl_bsp/system.mss|system||
C:/Users/SESA630813/work-2/4EV_HandsOn_platt/zynqmp_pmufw/zynqmp_pmufw_bsp/system.mss|system_0||

TRACE::2022-11-18.08:45:13::SCWMssOS::Sw design exists and opened at  C:/Users/SESA630813/work-2/4EV_HandsOn_platt/psu_cortexa53_0/standalone_domain/bsp/system.mss
TRACE::2022-11-18.08:45:13::SCWPlatform::Trying to open the hw design at C:/Users/SESA630813/work-2/4EV_HandsOn_platt/hw/Block_4EV_HandsOn.xsa
TRACE::2022-11-18.08:45:13::SCWPlatform::DSA given C:/Users/SESA630813/work-2/4EV_HandsOn_platt/hw/Block_4EV_HandsOn.xsa
TRACE::2022-11-18.08:45:13::SCWPlatform::DSA absoulate path C:/Users/SESA630813/work-2/4EV_HandsOn_platt/hw/Block_4EV_HandsOn.xsa
TRACE::2022-11-18.08:45:13::SCWPlatform::DSA directory C:/Users/SESA630813/work-2/4EV_HandsOn_platt/hw
TRACE::2022-11-18.08:45:13::SCWPlatform:: Platform Path C:/Users/SESA630813/work-2/4EV_HandsOn_platt/hw/Block_4EV_HandsOn.xsa
TRACE::2022-11-18.08:45:13::SCWPlatform:: Unique name xilinx:::0.0
TRACE::2022-11-18.08:45:13::SCWPlatform::Trying to set the existing hwdb with name Block_4EV_wrapper_0
TRACE::2022-11-18.08:45:13::SCWPlatform::Opened existing hwdb Block_4EV_wrapper_0
TRACE::2022-11-18.08:45:13::SCWPlatform::Found the Hw Db part of the input DSA
TRACE::2022-11-18.08:45:13::SCWMssOS::Checking the sw design at  C:/Users/SESA630813/work-2/4EV_HandsOn_platt/psu_cortexa53_0/standalone_domain/bsp/system.mss
TRACE::2022-11-18.08:45:13::SCWMssOS::DEBUG:  swdes dump  C:/Users/SESA630813/work-2/4EV_HandsOn_platt/psu_cortexa53_0/standalone_domain/bsp/system.mss|system_1||
C:/Users/SESA630813/work-2/4EV_HandsOn_platt/zynqmp_fsbl/zynqmp_fsbl_bsp/system.mss|system||
C:/Users/SESA630813/work-2/4EV_HandsOn_platt/zynqmp_pmufw/zynqmp_pmufw_bsp/system.mss|system_0||

TRACE::2022-11-18.08:45:13::SCWMssOS::Sw design exists and opened at  C:/Users/SESA630813/work-2/4EV_HandsOn_platt/psu_cortexa53_0/standalone_domain/bsp/system.mss
TRACE::2022-11-18.08:45:13::SCWWriter::formatted JSON is {
	"platformName":	"4EV_HandsOn_platt",
	"sprVersion":	"2.0",
	"mode":	"gui",
	"dsaType":	"Fixed",
	"platformDesc":	"4EV_HandsOn_platt",
	"platHandOff":	"C:/Schneider/ScriptingPath/enclustra/4EV-Hands-On/Block_4EV_HandsOn.xsa",
	"platIntHandOff":	"<platformDir>/hw/Block_4EV_HandsOn.xsa",
	"deviceType":	"zynqMP",
	"platIsPrebuiltAutogen":	"false",
	"platIsNoBootBsp":	"false",
	"platFsblTarget":	"psu_cortexa53_0",
	"hasFsblMakeHasChanges":	"false",
	"hasPmufwMakeHasChanges":	"false",
	"fsblExtraCompilerFlags":	"-MMD -MP      -Wall -fmessage-length=0 -DARMA53_64 -Os -flto -ffat-lto-objects  ",
	"pmufwExtraCompilerFlags":	"-MMD -MP      -mlittle-endian -mxl-barrel-shift -mxl-pattern-compare -mcpu=v9.2 -mxl-soft-mul -Os -flto -ffat-lto-objects  ",
	"platPreBuiltFlag":	false,
	"platformSamplesDir":	"",
	"platActiveSys":	"4EV_HandsOn_platt",
	"systems":	[{
			"systemName":	"4EV_HandsOn_platt",
			"systemDesc":	"4EV_HandsOn_platt",
			"sysIsBootAutoGen":	"true",
			"systemDispName":	"4EV_HandsOn_platt",
			"sysActiveDom":	"standalone_domain",
			"sysDefaultDom":	"standalone_domain",
			"domains":	[{
					"domainName":	"zynqmp_fsbl",
					"domainDispName":	"zynqmp_fsbl",
					"domainDesc":	"FSBL Application BSP - Auto Generated.",
					"processors":	"psu_cortexa53_0",
					"os":	"standalone",
					"sdxOs":	"standalone",
					"debugEnable":	"",
					"domRuntimes":	["cpp"],
					"swRepo":	"",
					"mssOsVer":	"7.6",
					"mssFile":	"",
					"md5Digest":	"f0f90a35a6a229e56057b23e4b7162c6",
					"compatibleApp":	"zynqmp_fsbl",
					"domType":	"bootDomain",
					"arch":	"64-bit",
					"appSettings":	{
						"appCompilerFlags":	"",
						"appLinkerFlags":	""
					},
					"addedLibs":	["xilffs:4.6", "xilsecure:4.6", "xilpm:3.5"],
					"libOptions":	{
						"standalone":	{
							"zynqmp_fsbl_bsp":	"true",
							"libOptionNames":	["zynqmp_fsbl_bsp"]
						},
						"xilffs":	{
							"read_only":	"true",
							"use_mkfs":	"false",
							"libOptionNames":	["read_only", "use_mkfs"]
						},
						"xilsecure":	{
							"tpm_support":	"true",
							"libOptionNames":	["tpm_support"]
						},
						"libsContainingOptions":	["standalone", "xilffs", "xilsecure"]
					},
					"prebuiltLibs":	{
						"prebuiltIncPath":	[],
						"prebuiltLibPath":	[]
					},
					"isolation":	{
					}
				}, {
					"domainName":	"zynqmp_pmufw",
					"domainDispName":	"zynqmp_pmufw",
					"domainDesc":	"PMUFW Application BSP - Auto Generated.",
					"processors":	"psu_pmu_0",
					"os":	"standalone",
					"sdxOs":	"standalone",
					"debugEnable":	"",
					"domRuntimes":	["cpp"],
					"swRepo":	"",
					"mssOsVer":	"7.6",
					"mssFile":	"",
					"md5Digest":	"2252945fa1d34af486e1005da291d4dd",
					"compatibleApp":	"zynqmp_pmufw",
					"domType":	"bootDomain",
					"arch":	"32-bit",
					"appSettings":	{
						"appCompilerFlags":	"",
						"appLinkerFlags":	""
					},
					"addedLibs":	["xilfpga:6.1", "xilsecure:4.6", "xilskey:7.2"],
					"libOptions":	{
						"psu_pmu_0":	{
							"extra_compiler_flags":	"-g -ffunction-sections -fdata-sections -Wall -Wextra -fno-tree-loop-distribute-patterns  -Os -flto -ffat-lto-objects",
							"libOptionNames":	["extra_compiler_flags"]
						},
						"libsContainingOptions":	["psu_pmu_0"]
					},
					"prebuiltLibs":	{
						"prebuiltIncPath":	[],
						"prebuiltLibPath":	[]
					},
					"isolation":	{
					}
				}, {
					"domainName":	"standalone_domain",
					"domainDispName":	"standalone_domain",
					"domainDesc":	"standalone_domain",
					"processors":	"psu_cortexa53_0",
					"os":	"standalone",
					"sdxOs":	"standalone",
					"qemuArgs":	"C:/Xilinx3/Vitis/2021.2/data/emulation/platforms/zynqmp/sw/a53_standalone/qemu/qemu_args.txt",
					"qemuData":	"C:/Xilinx3/Vitis/2021.2/data/emulation/platforms/zynqmp/sw/a53_standalone/qemu/",
					"pmuQemuArgs":	"C:/Xilinx3/Vitis/2021.2/data/emulation/platforms/zynqmp/sw/a53_standalone/qemu/pmu_args.txt",
					"debugEnable":	"False",
					"domRuntimes":	["cpp"],
					"swRepo":	"",
					"mssOsVer":	"7.6",
					"mssFile":	"",
					"md5Digest":	"a7380b93d62648222d0ccf0a3c72bcd4",
					"compatibleApp":	"",
					"domType":	"mssDomain",
					"arch":	"64-bit",
					"appSettings":	{
						"appCompilerFlags":	"",
						"appLinkerFlags":	""
					},
					"addedLibs":	[],
					"libOptions":	{
						"libsContainingOptions":	[]
					},
					"prebuiltLibs":	{
						"prebuiltIncPath":	[],
						"prebuiltLibPath":	[]
					},
					"isolation":	{
					}
				}]
		}]
}
LOG::2022-11-18.08:45:13::SCWPlatform::Started generating the artifacts platform 4EV_HandsOn_platt
TRACE::2022-11-18.08:45:13::SCWPlatform::Sanity checking of platform is completed
LOG::2022-11-18.08:45:13::SCWPlatform::Started generating the artifacts for system configuration 4EV_HandsOn_platt
LOG::2022-11-18.08:45:13::SCWSystem::Checking the domain zynqmp_fsbl
LOG::2022-11-18.08:45:13::SCWSystem::Doing application build for :  zynqmp_fsbl
TRACE::2022-11-18.08:45:13::SCWBDomain::Not a forced makefile updation, No changes are present. 
TRACE::2022-11-18.08:45:13::SCWDomain::Skipping the build for domain :  zynqmp_fsbl
LOG::2022-11-18.08:45:13::SCWSystem::Checking the domain zynqmp_pmufw
LOG::2022-11-18.08:45:13::SCWSystem::Doing application build for :  zynqmp_pmufw
TRACE::2022-11-18.08:45:13::SCWBDomain::Not a forced makefile updation, No changes are present. 
TRACE::2022-11-18.08:45:13::SCWDomain::Skipping the build for domain :  zynqmp_pmufw
LOG::2022-11-18.08:45:13::SCWSystem::Checking the domain standalone_domain
LOG::2022-11-18.08:45:13::SCWSystem::Not a boot domain 
LOG::2022-11-18.08:45:13::SCWSystem::Started Processing the domain standalone_domain
TRACE::2022-11-18.08:45:13::SCWDomain::Generating domain artifcats
TRACE::2022-11-18.08:45:13::SCWMssOS::Generating standalone artifcats
TRACE::2022-11-18.08:45:13::SCWMssOS::Copying the qemu file from  C:/Xilinx3/Vitis/2021.2/data/emulation/platforms/zynqmp/sw/a53_standalone/qemu/qemu_args.txt To C:/Users/SESA630813/work-2/4EV_HandsOn_platt/export/4EV_HandsOn_platt/sw/4EV_HandsOn_platt/qemu/
TRACE::2022-11-18.08:45:13::SCWMssOS::Copying the qemu file from  C:/Xilinx3/Vitis/2021.2/data/emulation/platforms/zynqmp/sw/a53_standalone/qemu/qemu_args.txt To C:/Users/SESA630813/work-2/4EV_HandsOn_platt/export/4EV_HandsOn_platt/sw/4EV_HandsOn_platt/qemu/
TRACE::2022-11-18.08:45:13::SCWMssOS::Copying the qemu file from  C:/Xilinx3/Vitis/2021.2/data/emulation/platforms/zynqmp/sw/a53_standalone/qemu/qemu_args.txt To C:/Users/SESA630813/work-2/4EV_HandsOn_platt/export/4EV_HandsOn_platt/sw/4EV_HandsOn_platt/standalone_domain/qemu/
TRACE::2022-11-18.08:45:13::SCWMssOS::Copying the qemu file from  C:/Xilinx3/Vitis/2021.2/data/emulation/platforms/zynqmp/sw/a53_standalone/qemu/qemu_args.txt To C:/Users/SESA630813/work-2/4EV_HandsOn_platt/export/4EV_HandsOn_platt/sw/4EV_HandsOn_platt/standalone_domain/qemu/
TRACE::2022-11-18.08:45:13::SCWMssOS:: Copying the user libraries. 
TRACE::2022-11-18.08:45:13::SCWPlatform::Trying to open the hw design at C:/Users/SESA630813/work-2/4EV_HandsOn_platt/hw/Block_4EV_HandsOn.xsa
TRACE::2022-11-18.08:45:13::SCWPlatform::DSA given C:/Users/SESA630813/work-2/4EV_HandsOn_platt/hw/Block_4EV_HandsOn.xsa
TRACE::2022-11-18.08:45:13::SCWPlatform::DSA absoulate path C:/Users/SESA630813/work-2/4EV_HandsOn_platt/hw/Block_4EV_HandsOn.xsa
TRACE::2022-11-18.08:45:13::SCWPlatform::DSA directory C:/Users/SESA630813/work-2/4EV_HandsOn_platt/hw
TRACE::2022-11-18.08:45:13::SCWPlatform:: Platform Path C:/Users/SESA630813/work-2/4EV_HandsOn_platt/hw/Block_4EV_HandsOn.xsa
TRACE::2022-11-18.08:45:13::SCWPlatform:: Unique name xilinx:::0.0
TRACE::2022-11-18.08:45:13::SCWPlatform::Trying to set the existing hwdb with name Block_4EV_wrapper_0
TRACE::2022-11-18.08:45:13::SCWPlatform::Opened existing hwdb Block_4EV_wrapper_0
TRACE::2022-11-18.08:45:13::SCWPlatform::Found the Hw Db part of the input DSA
TRACE::2022-11-18.08:45:13::SCWMssOS::Checking the sw design at  C:/Users/SESA630813/work-2/4EV_HandsOn_platt/psu_cortexa53_0/standalone_domain/bsp/system.mss
TRACE::2022-11-18.08:45:13::SCWMssOS::DEBUG:  swdes dump  C:/Users/SESA630813/work-2/4EV_HandsOn_platt/psu_cortexa53_0/standalone_domain/bsp/system.mss|system_1||
C:/Users/SESA630813/work-2/4EV_HandsOn_platt/zynqmp_fsbl/zynqmp_fsbl_bsp/system.mss|system||
C:/Users/SESA630813/work-2/4EV_HandsOn_platt/zynqmp_pmufw/zynqmp_pmufw_bsp/system.mss|system_0||

TRACE::2022-11-18.08:45:13::SCWMssOS::Sw design exists and opened at  C:/Users/SESA630813/work-2/4EV_HandsOn_platt/psu_cortexa53_0/standalone_domain/bsp/system.mss
TRACE::2022-11-18.08:45:13::SCWMssOS::Completed writing the mss file at C:/Users/SESA630813/work-2/4EV_HandsOn_platt/psu_cortexa53_0/standalone_domain/bsp
TRACE::2022-11-18.08:45:13::SCWMssOS::Mss edits present, copying mssfile into export location C:/Users/SESA630813/work-2/4EV_HandsOn_platt/psu_cortexa53_0/standalone_domain/bsp/system.mss
TRACE::2022-11-18.08:45:13::SCWMssOS::bsp generated is upto date with the mss file. Skipping bsp generation.
TRACE::2022-11-18.08:45:13::SCWMssOS::BSP is already built. skipping the bsp build ... 
TRACE::2022-11-18.08:45:13::SCWDomain::Skipping the build for domain :  standalone_domain
TRACE::2022-11-18.08:45:13::SCWMssOS::skipping the bsp build ... 
TRACE::2022-11-18.08:45:13::SCWMssOS::Copying to export directory.
TRACE::2022-11-18.08:45:13::SCWMssOS:: Checking if to create the Supporting Applications
TRACE::2022-11-18.08:45:13::SCWMssOS:: No Linux domain exists, trying to generate FSBL 
TRACE::2022-11-18.08:45:13::SCWMssOS:: Completed Standalone Artifacts creation 
LOG::2022-11-18.08:45:13::SCWSystem::Completed Processing the domain standalone_domain
LOG::2022-11-18.08:45:13::SCWSystem::Completed Processing the sysconfig 4EV_HandsOn_platt
LOG::2022-11-18.08:45:13::SCWPlatform::Completed generating the artifacts for system configuration 4EV_HandsOn_platt
TRACE::2022-11-18.08:45:13::SCWPlatform::Started preparing the platform 
TRACE::2022-11-18.08:45:13::SCWSystem::Writing the bif file for system config 4EV_HandsOn_platt
TRACE::2022-11-18.08:45:13::SCWSystem::dir created 
TRACE::2022-11-18.08:45:13::SCWSystem::Writing the bif 
TRACE::2022-11-18.08:45:13::SCWPlatform::Started writing the spfm file 
TRACE::2022-11-18.08:45:13::SCWPlatform::Started writing the xpfm file 
TRACE::2022-11-18.08:45:13::SCWPlatform::Completed generating the platform
TRACE::2022-11-18.08:45:13::SCWMssOS::Saving the mss changes C:/Users/SESA630813/work-2/4EV_HandsOn_platt/zynqmp_fsbl/zynqmp_fsbl_bsp/system.mss
TRACE::2022-11-18.08:45:13::SCWMssOS::Found a swdesign opened with the mssfile.
TRACE::2022-11-18.08:45:13::SCWMssOS::Completed writemss as part of save.
TRACE::2022-11-18.08:45:13::SCWMssOS::Commit changes completed.
TRACE::2022-11-18.08:45:13::SCWMssOS::Saving the mss changes C:/Users/SESA630813/work-2/4EV_HandsOn_platt/zynqmp_pmufw/zynqmp_pmufw_bsp/system.mss
TRACE::2022-11-18.08:45:13::SCWMssOS::Found a swdesign opened with the mssfile.
TRACE::2022-11-18.08:45:13::SCWMssOS::Completed writemss as part of save.
TRACE::2022-11-18.08:45:13::SCWMssOS::Commit changes completed.
TRACE::2022-11-18.08:45:13::SCWMssOS::Saving the mss changes C:/Users/SESA630813/work-2/4EV_HandsOn_platt/psu_cortexa53_0/standalone_domain/bsp/system.mss
TRACE::2022-11-18.08:45:13::SCWMssOS::Found a swdesign opened with the mssfile.
TRACE::2022-11-18.08:45:13::SCWMssOS::Completed writemss as part of save.
TRACE::2022-11-18.08:45:13::SCWMssOS::Commit changes completed.
TRACE::2022-11-18.08:45:13::SCWPlatform::Trying to open the hw design at C:/Users/SESA630813/work-2/4EV_HandsOn_platt/hw/Block_4EV_HandsOn.xsa
TRACE::2022-11-18.08:45:13::SCWPlatform::DSA given C:/Users/SESA630813/work-2/4EV_HandsOn_platt/hw/Block_4EV_HandsOn.xsa
TRACE::2022-11-18.08:45:13::SCWPlatform::DSA absoulate path C:/Users/SESA630813/work-2/4EV_HandsOn_platt/hw/Block_4EV_HandsOn.xsa
TRACE::2022-11-18.08:45:13::SCWPlatform::DSA directory C:/Users/SESA630813/work-2/4EV_HandsOn_platt/hw
TRACE::2022-11-18.08:45:13::SCWPlatform:: Platform Path C:/Users/SESA630813/work-2/4EV_HandsOn_platt/hw/Block_4EV_HandsOn.xsa
TRACE::2022-11-18.08:45:13::SCWPlatform:: Unique name xilinx:::0.0
TRACE::2022-11-18.08:45:13::SCWPlatform::Trying to set the existing hwdb with name Block_4EV_wrapper_0
TRACE::2022-11-18.08:45:13::SCWPlatform::Opened existing hwdb Block_4EV_wrapper_0
TRACE::2022-11-18.08:45:13::SCWPlatform::Found the Hw Db part of the input DSA
TRACE::2022-11-18.08:45:13::SCWMssOS::Checking the sw design at  C:/Users/SESA630813/work-2/4EV_HandsOn_platt/zynqmp_fsbl/zynqmp_fsbl_bsp/system.mss
TRACE::2022-11-18.08:45:13::SCWMssOS::DEBUG:  swdes dump  C:/Users/SESA630813/work-2/4EV_HandsOn_platt/psu_cortexa53_0/standalone_domain/bsp/system.mss|system_1||
C:/Users/SESA630813/work-2/4EV_HandsOn_platt/zynqmp_fsbl/zynqmp_fsbl_bsp/system.mss|system||
C:/Users/SESA630813/work-2/4EV_HandsOn_platt/zynqmp_pmufw/zynqmp_pmufw_bsp/system.mss|system_0||

TRACE::2022-11-18.08:45:13::SCWMssOS::Sw design exists and opened at  C:/Users/SESA630813/work-2/4EV_HandsOn_platt/zynqmp_fsbl/zynqmp_fsbl_bsp/system.mss
TRACE::2022-11-18.08:45:13::SCWPlatform::Trying to open the hw design at C:/Users/SESA630813/work-2/4EV_HandsOn_platt/hw/Block_4EV_HandsOn.xsa
TRACE::2022-11-18.08:45:13::SCWPlatform::DSA given C:/Users/SESA630813/work-2/4EV_HandsOn_platt/hw/Block_4EV_HandsOn.xsa
TRACE::2022-11-18.08:45:13::SCWPlatform::DSA absoulate path C:/Users/SESA630813/work-2/4EV_HandsOn_platt/hw/Block_4EV_HandsOn.xsa
TRACE::2022-11-18.08:45:13::SCWPlatform::DSA directory C:/Users/SESA630813/work-2/4EV_HandsOn_platt/hw
TRACE::2022-11-18.08:45:13::SCWPlatform:: Platform Path C:/Users/SESA630813/work-2/4EV_HandsOn_platt/hw/Block_4EV_HandsOn.xsa
TRACE::2022-11-18.08:45:13::SCWPlatform:: Unique name xilinx:::0.0
TRACE::2022-11-18.08:45:13::SCWPlatform::Trying to set the existing hwdb with name Block_4EV_wrapper_0
TRACE::2022-11-18.08:45:13::SCWPlatform::Opened existing hwdb Block_4EV_wrapper_0
TRACE::2022-11-18.08:45:13::SCWPlatform::Found the Hw Db part of the input DSA
TRACE::2022-11-18.08:45:13::SCWMssOS::Checking the sw design at  C:/Users/SESA630813/work-2/4EV_HandsOn_platt/zynqmp_fsbl/zynqmp_fsbl_bsp/system.mss
TRACE::2022-11-18.08:45:13::SCWMssOS::DEBUG:  swdes dump  C:/Users/SESA630813/work-2/4EV_HandsOn_platt/psu_cortexa53_0/standalone_domain/bsp/system.mss|system_1||
C:/Users/SESA630813/work-2/4EV_HandsOn_platt/zynqmp_fsbl/zynqmp_fsbl_bsp/system.mss|system||
C:/Users/SESA630813/work-2/4EV_HandsOn_platt/zynqmp_pmufw/zynqmp_pmufw_bsp/system.mss|system_0||

TRACE::2022-11-18.08:45:13::SCWMssOS::Sw design exists and opened at  C:/Users/SESA630813/work-2/4EV_HandsOn_platt/zynqmp_fsbl/zynqmp_fsbl_bsp/system.mss
TRACE::2022-11-18.08:45:13::SCWPlatform::Trying to open the hw design at C:/Users/SESA630813/work-2/4EV_HandsOn_platt/hw/Block_4EV_HandsOn.xsa
TRACE::2022-11-18.08:45:13::SCWPlatform::DSA given C:/Users/SESA630813/work-2/4EV_HandsOn_platt/hw/Block_4EV_HandsOn.xsa
TRACE::2022-11-18.08:45:13::SCWPlatform::DSA absoulate path C:/Users/SESA630813/work-2/4EV_HandsOn_platt/hw/Block_4EV_HandsOn.xsa
TRACE::2022-11-18.08:45:13::SCWPlatform::DSA directory C:/Users/SESA630813/work-2/4EV_HandsOn_platt/hw
TRACE::2022-11-18.08:45:13::SCWPlatform:: Platform Path C:/Users/SESA630813/work-2/4EV_HandsOn_platt/hw/Block_4EV_HandsOn.xsa
TRACE::2022-11-18.08:45:13::SCWPlatform:: Unique name xilinx:::0.0
TRACE::2022-11-18.08:45:13::SCWPlatform::Trying to set the existing hwdb with name Block_4EV_wrapper_0
TRACE::2022-11-18.08:45:13::SCWPlatform::Opened existing hwdb Block_4EV_wrapper_0
TRACE::2022-11-18.08:45:13::SCWPlatform::Found the Hw Db part of the input DSA
TRACE::2022-11-18.08:45:13::SCWMssOS::Checking the sw design at  C:/Users/SESA630813/work-2/4EV_HandsOn_platt/zynqmp_fsbl/zynqmp_fsbl_bsp/system.mss
TRACE::2022-11-18.08:45:13::SCWMssOS::DEBUG:  swdes dump  C:/Users/SESA630813/work-2/4EV_HandsOn_platt/psu_cortexa53_0/standalone_domain/bsp/system.mss|system_1||
C:/Users/SESA630813/work-2/4EV_HandsOn_platt/zynqmp_fsbl/zynqmp_fsbl_bsp/system.mss|system||
C:/Users/SESA630813/work-2/4EV_HandsOn_platt/zynqmp_pmufw/zynqmp_pmufw_bsp/system.mss|system_0||

TRACE::2022-11-18.08:45:13::SCWMssOS::Sw design exists and opened at  C:/Users/SESA630813/work-2/4EV_HandsOn_platt/zynqmp_fsbl/zynqmp_fsbl_bsp/system.mss
TRACE::2022-11-18.08:45:13::SCWPlatform::Trying to open the hw design at C:/Users/SESA630813/work-2/4EV_HandsOn_platt/hw/Block_4EV_HandsOn.xsa
TRACE::2022-11-18.08:45:13::SCWPlatform::DSA given C:/Users/SESA630813/work-2/4EV_HandsOn_platt/hw/Block_4EV_HandsOn.xsa
TRACE::2022-11-18.08:45:13::SCWPlatform::DSA absoulate path C:/Users/SESA630813/work-2/4EV_HandsOn_platt/hw/Block_4EV_HandsOn.xsa
TRACE::2022-11-18.08:45:13::SCWPlatform::DSA directory C:/Users/SESA630813/work-2/4EV_HandsOn_platt/hw
TRACE::2022-11-18.08:45:13::SCWPlatform:: Platform Path C:/Users/SESA630813/work-2/4EV_HandsOn_platt/hw/Block_4EV_HandsOn.xsa
TRACE::2022-11-18.08:45:13::SCWPlatform:: Unique name xilinx:::0.0
TRACE::2022-11-18.08:45:13::SCWPlatform::Trying to set the existing hwdb with name Block_4EV_wrapper_0
TRACE::2022-11-18.08:45:13::SCWPlatform::Opened existing hwdb Block_4EV_wrapper_0
TRACE::2022-11-18.08:45:13::SCWPlatform::Found the Hw Db part of the input DSA
TRACE::2022-11-18.08:45:13::SCWMssOS::Checking the sw design at  C:/Users/SESA630813/work-2/4EV_HandsOn_platt/zynqmp_pmufw/zynqmp_pmufw_bsp/system.mss
TRACE::2022-11-18.08:45:13::SCWMssOS::DEBUG:  swdes dump  C:/Users/SESA630813/work-2/4EV_HandsOn_platt/psu_cortexa53_0/standalone_domain/bsp/system.mss|system_1||
C:/Users/SESA630813/work-2/4EV_HandsOn_platt/zynqmp_fsbl/zynqmp_fsbl_bsp/system.mss|system||
C:/Users/SESA630813/work-2/4EV_HandsOn_platt/zynqmp_pmufw/zynqmp_pmufw_bsp/system.mss|system_0||

TRACE::2022-11-18.08:45:13::SCWMssOS::Sw design exists and opened at  C:/Users/SESA630813/work-2/4EV_HandsOn_platt/zynqmp_pmufw/zynqmp_pmufw_bsp/system.mss
TRACE::2022-11-18.08:45:13::SCWPlatform::Trying to open the hw design at C:/Users/SESA630813/work-2/4EV_HandsOn_platt/hw/Block_4EV_HandsOn.xsa
TRACE::2022-11-18.08:45:13::SCWPlatform::DSA given C:/Users/SESA630813/work-2/4EV_HandsOn_platt/hw/Block_4EV_HandsOn.xsa
TRACE::2022-11-18.08:45:13::SCWPlatform::DSA absoulate path C:/Users/SESA630813/work-2/4EV_HandsOn_platt/hw/Block_4EV_HandsOn.xsa
TRACE::2022-11-18.08:45:13::SCWPlatform::DSA directory C:/Users/SESA630813/work-2/4EV_HandsOn_platt/hw
TRACE::2022-11-18.08:45:13::SCWPlatform:: Platform Path C:/Users/SESA630813/work-2/4EV_HandsOn_platt/hw/Block_4EV_HandsOn.xsa
TRACE::2022-11-18.08:45:13::SCWPlatform:: Unique name xilinx:::0.0
TRACE::2022-11-18.08:45:13::SCWPlatform::Trying to set the existing hwdb with name Block_4EV_wrapper_0
TRACE::2022-11-18.08:45:13::SCWPlatform::Opened existing hwdb Block_4EV_wrapper_0
TRACE::2022-11-18.08:45:13::SCWPlatform::Found the Hw Db part of the input DSA
TRACE::2022-11-18.08:45:13::SCWMssOS::Checking the sw design at  C:/Users/SESA630813/work-2/4EV_HandsOn_platt/zynqmp_pmufw/zynqmp_pmufw_bsp/system.mss
TRACE::2022-11-18.08:45:13::SCWMssOS::DEBUG:  swdes dump  C:/Users/SESA630813/work-2/4EV_HandsOn_platt/psu_cortexa53_0/standalone_domain/bsp/system.mss|system_1||
C:/Users/SESA630813/work-2/4EV_HandsOn_platt/zynqmp_fsbl/zynqmp_fsbl_bsp/system.mss|system||
C:/Users/SESA630813/work-2/4EV_HandsOn_platt/zynqmp_pmufw/zynqmp_pmufw_bsp/system.mss|system_0||

TRACE::2022-11-18.08:45:13::SCWMssOS::Sw design exists and opened at  C:/Users/SESA630813/work-2/4EV_HandsOn_platt/zynqmp_pmufw/zynqmp_pmufw_bsp/system.mss
TRACE::2022-11-18.08:45:13::SCWPlatform::Trying to open the hw design at C:/Users/SESA630813/work-2/4EV_HandsOn_platt/hw/Block_4EV_HandsOn.xsa
TRACE::2022-11-18.08:45:13::SCWPlatform::DSA given C:/Users/SESA630813/work-2/4EV_HandsOn_platt/hw/Block_4EV_HandsOn.xsa
TRACE::2022-11-18.08:45:13::SCWPlatform::DSA absoulate path C:/Users/SESA630813/work-2/4EV_HandsOn_platt/hw/Block_4EV_HandsOn.xsa
TRACE::2022-11-18.08:45:13::SCWPlatform::DSA directory C:/Users/SESA630813/work-2/4EV_HandsOn_platt/hw
TRACE::2022-11-18.08:45:13::SCWPlatform:: Platform Path C:/Users/SESA630813/work-2/4EV_HandsOn_platt/hw/Block_4EV_HandsOn.xsa
TRACE::2022-11-18.08:45:13::SCWPlatform:: Unique name xilinx:::0.0
TRACE::2022-11-18.08:45:13::SCWPlatform::Trying to set the existing hwdb with name Block_4EV_wrapper_0
TRACE::2022-11-18.08:45:13::SCWPlatform::Opened existing hwdb Block_4EV_wrapper_0
TRACE::2022-11-18.08:45:13::SCWPlatform::Found the Hw Db part of the input DSA
TRACE::2022-11-18.08:45:13::SCWMssOS::Checking the sw design at  C:/Users/SESA630813/work-2/4EV_HandsOn_platt/zynqmp_pmufw/zynqmp_pmufw_bsp/system.mss
TRACE::2022-11-18.08:45:13::SCWMssOS::DEBUG:  swdes dump  C:/Users/SESA630813/work-2/4EV_HandsOn_platt/psu_cortexa53_0/standalone_domain/bsp/system.mss|system_1||
C:/Users/SESA630813/work-2/4EV_HandsOn_platt/zynqmp_fsbl/zynqmp_fsbl_bsp/system.mss|system||
C:/Users/SESA630813/work-2/4EV_HandsOn_platt/zynqmp_pmufw/zynqmp_pmufw_bsp/system.mss|system_0||

TRACE::2022-11-18.08:45:13::SCWMssOS::Sw design exists and opened at  C:/Users/SESA630813/work-2/4EV_HandsOn_platt/zynqmp_pmufw/zynqmp_pmufw_bsp/system.mss
TRACE::2022-11-18.08:45:13::SCWPlatform::Trying to open the hw design at C:/Users/SESA630813/work-2/4EV_HandsOn_platt/hw/Block_4EV_HandsOn.xsa
TRACE::2022-11-18.08:45:13::SCWPlatform::DSA given C:/Users/SESA630813/work-2/4EV_HandsOn_platt/hw/Block_4EV_HandsOn.xsa
TRACE::2022-11-18.08:45:13::SCWPlatform::DSA absoulate path C:/Users/SESA630813/work-2/4EV_HandsOn_platt/hw/Block_4EV_HandsOn.xsa
TRACE::2022-11-18.08:45:13::SCWPlatform::DSA directory C:/Users/SESA630813/work-2/4EV_HandsOn_platt/hw
TRACE::2022-11-18.08:45:13::SCWPlatform:: Platform Path C:/Users/SESA630813/work-2/4EV_HandsOn_platt/hw/Block_4EV_HandsOn.xsa
TRACE::2022-11-18.08:45:13::SCWPlatform:: Unique name xilinx:::0.0
TRACE::2022-11-18.08:45:13::SCWPlatform::Trying to set the existing hwdb with name Block_4EV_wrapper_0
TRACE::2022-11-18.08:45:13::SCWPlatform::Opened existing hwdb Block_4EV_wrapper_0
TRACE::2022-11-18.08:45:13::SCWPlatform::Found the Hw Db part of the input DSA
TRACE::2022-11-18.08:45:13::SCWMssOS::Checking the sw design at  C:/Users/SESA630813/work-2/4EV_HandsOn_platt/psu_cortexa53_0/standalone_domain/bsp/system.mss
TRACE::2022-11-18.08:45:13::SCWMssOS::DEBUG:  swdes dump  C:/Users/SESA630813/work-2/4EV_HandsOn_platt/psu_cortexa53_0/standalone_domain/bsp/system.mss|system_1||
C:/Users/SESA630813/work-2/4EV_HandsOn_platt/zynqmp_fsbl/zynqmp_fsbl_bsp/system.mss|system||
C:/Users/SESA630813/work-2/4EV_HandsOn_platt/zynqmp_pmufw/zynqmp_pmufw_bsp/system.mss|system_0||

TRACE::2022-11-18.08:45:13::SCWMssOS::Sw design exists and opened at  C:/Users/SESA630813/work-2/4EV_HandsOn_platt/psu_cortexa53_0/standalone_domain/bsp/system.mss
TRACE::2022-11-18.08:45:13::SCWPlatform::Trying to open the hw design at C:/Users/SESA630813/work-2/4EV_HandsOn_platt/hw/Block_4EV_HandsOn.xsa
TRACE::2022-11-18.08:45:13::SCWPlatform::DSA given C:/Users/SESA630813/work-2/4EV_HandsOn_platt/hw/Block_4EV_HandsOn.xsa
TRACE::2022-11-18.08:45:13::SCWPlatform::DSA absoulate path C:/Users/SESA630813/work-2/4EV_HandsOn_platt/hw/Block_4EV_HandsOn.xsa
TRACE::2022-11-18.08:45:13::SCWPlatform::DSA directory C:/Users/SESA630813/work-2/4EV_HandsOn_platt/hw
TRACE::2022-11-18.08:45:13::SCWPlatform:: Platform Path C:/Users/SESA630813/work-2/4EV_HandsOn_platt/hw/Block_4EV_HandsOn.xsa
TRACE::2022-11-18.08:45:13::SCWPlatform:: Unique name xilinx:::0.0
TRACE::2022-11-18.08:45:13::SCWPlatform::Trying to set the existing hwdb with name Block_4EV_wrapper_0
TRACE::2022-11-18.08:45:13::SCWPlatform::Opened existing hwdb Block_4EV_wrapper_0
TRACE::2022-11-18.08:45:13::SCWPlatform::Found the Hw Db part of the input DSA
TRACE::2022-11-18.08:45:13::SCWMssOS::Checking the sw design at  C:/Users/SESA630813/work-2/4EV_HandsOn_platt/psu_cortexa53_0/standalone_domain/bsp/system.mss
TRACE::2022-11-18.08:45:13::SCWMssOS::DEBUG:  swdes dump  C:/Users/SESA630813/work-2/4EV_HandsOn_platt/psu_cortexa53_0/standalone_domain/bsp/system.mss|system_1||
C:/Users/SESA630813/work-2/4EV_HandsOn_platt/zynqmp_fsbl/zynqmp_fsbl_bsp/system.mss|system||
C:/Users/SESA630813/work-2/4EV_HandsOn_platt/zynqmp_pmufw/zynqmp_pmufw_bsp/system.mss|system_0||

TRACE::2022-11-18.08:45:13::SCWMssOS::Sw design exists and opened at  C:/Users/SESA630813/work-2/4EV_HandsOn_platt/psu_cortexa53_0/standalone_domain/bsp/system.mss
TRACE::2022-11-18.08:45:13::SCWPlatform::Trying to open the hw design at C:/Users/SESA630813/work-2/4EV_HandsOn_platt/hw/Block_4EV_HandsOn.xsa
TRACE::2022-11-18.08:45:13::SCWPlatform::DSA given C:/Users/SESA630813/work-2/4EV_HandsOn_platt/hw/Block_4EV_HandsOn.xsa
TRACE::2022-11-18.08:45:13::SCWPlatform::DSA absoulate path C:/Users/SESA630813/work-2/4EV_HandsOn_platt/hw/Block_4EV_HandsOn.xsa
TRACE::2022-11-18.08:45:13::SCWPlatform::DSA directory C:/Users/SESA630813/work-2/4EV_HandsOn_platt/hw
TRACE::2022-11-18.08:45:13::SCWPlatform:: Platform Path C:/Users/SESA630813/work-2/4EV_HandsOn_platt/hw/Block_4EV_HandsOn.xsa
TRACE::2022-11-18.08:45:13::SCWPlatform:: Unique name xilinx:::0.0
TRACE::2022-11-18.08:45:13::SCWPlatform::Trying to set the existing hwdb with name Block_4EV_wrapper_0
TRACE::2022-11-18.08:45:13::SCWPlatform::Opened existing hwdb Block_4EV_wrapper_0
TRACE::2022-11-18.08:45:13::SCWPlatform::Found the Hw Db part of the input DSA
TRACE::2022-11-18.08:45:13::SCWMssOS::Checking the sw design at  C:/Users/SESA630813/work-2/4EV_HandsOn_platt/psu_cortexa53_0/standalone_domain/bsp/system.mss
TRACE::2022-11-18.08:45:13::SCWMssOS::DEBUG:  swdes dump  C:/Users/SESA630813/work-2/4EV_HandsOn_platt/psu_cortexa53_0/standalone_domain/bsp/system.mss|system_1||
C:/Users/SESA630813/work-2/4EV_HandsOn_platt/zynqmp_fsbl/zynqmp_fsbl_bsp/system.mss|system||
C:/Users/SESA630813/work-2/4EV_HandsOn_platt/zynqmp_pmufw/zynqmp_pmufw_bsp/system.mss|system_0||

TRACE::2022-11-18.08:45:13::SCWMssOS::Sw design exists and opened at  C:/Users/SESA630813/work-2/4EV_HandsOn_platt/psu_cortexa53_0/standalone_domain/bsp/system.mss
TRACE::2022-11-18.08:45:13::SCWWriter::formatted JSON is {
	"platformName":	"4EV_HandsOn_platt",
	"sprVersion":	"2.0",
	"mode":	"gui",
	"dsaType":	"Fixed",
	"platformDesc":	"4EV_HandsOn_platt",
	"platHandOff":	"C:/Schneider/ScriptingPath/enclustra/4EV-Hands-On/Block_4EV_HandsOn.xsa",
	"platIntHandOff":	"<platformDir>/hw/Block_4EV_HandsOn.xsa",
	"deviceType":	"zynqMP",
	"platIsPrebuiltAutogen":	"false",
	"platIsNoBootBsp":	"false",
	"platFsblTarget":	"psu_cortexa53_0",
	"hasFsblMakeHasChanges":	"false",
	"hasPmufwMakeHasChanges":	"false",
	"fsblExtraCompilerFlags":	"-MMD -MP      -Wall -fmessage-length=0 -DARMA53_64 -Os -flto -ffat-lto-objects  ",
	"pmufwExtraCompilerFlags":	"-MMD -MP      -mlittle-endian -mxl-barrel-shift -mxl-pattern-compare -mcpu=v9.2 -mxl-soft-mul -Os -flto -ffat-lto-objects  ",
	"platPreBuiltFlag":	false,
	"platformSamplesDir":	"",
	"platActiveSys":	"4EV_HandsOn_platt",
	"systems":	[{
			"systemName":	"4EV_HandsOn_platt",
			"systemDesc":	"4EV_HandsOn_platt",
			"sysIsBootAutoGen":	"true",
			"systemDispName":	"4EV_HandsOn_platt",
			"sysActiveDom":	"standalone_domain",
			"sysDefaultDom":	"standalone_domain",
			"domains":	[{
					"domainName":	"zynqmp_fsbl",
					"domainDispName":	"zynqmp_fsbl",
					"domainDesc":	"FSBL Application BSP - Auto Generated.",
					"processors":	"psu_cortexa53_0",
					"os":	"standalone",
					"sdxOs":	"standalone",
					"debugEnable":	"",
					"domRuntimes":	["cpp"],
					"swRepo":	"",
					"mssOsVer":	"7.6",
					"mssFile":	"",
					"md5Digest":	"f0f90a35a6a229e56057b23e4b7162c6",
					"compatibleApp":	"zynqmp_fsbl",
					"domType":	"bootDomain",
					"arch":	"64-bit",
					"appSettings":	{
						"appCompilerFlags":	"",
						"appLinkerFlags":	""
					},
					"addedLibs":	["xilffs:4.6", "xilsecure:4.6", "xilpm:3.5"],
					"libOptions":	{
						"standalone":	{
							"zynqmp_fsbl_bsp":	"true",
							"libOptionNames":	["zynqmp_fsbl_bsp"]
						},
						"xilffs":	{
							"read_only":	"true",
							"use_mkfs":	"false",
							"libOptionNames":	["read_only", "use_mkfs"]
						},
						"xilsecure":	{
							"tpm_support":	"true",
							"libOptionNames":	["tpm_support"]
						},
						"libsContainingOptions":	["standalone", "xilffs", "xilsecure"]
					},
					"prebuiltLibs":	{
						"prebuiltIncPath":	[],
						"prebuiltLibPath":	[]
					},
					"isolation":	{
					}
				}, {
					"domainName":	"zynqmp_pmufw",
					"domainDispName":	"zynqmp_pmufw",
					"domainDesc":	"PMUFW Application BSP - Auto Generated.",
					"processors":	"psu_pmu_0",
					"os":	"standalone",
					"sdxOs":	"standalone",
					"debugEnable":	"",
					"domRuntimes":	["cpp"],
					"swRepo":	"",
					"mssOsVer":	"7.6",
					"mssFile":	"",
					"md5Digest":	"2252945fa1d34af486e1005da291d4dd",
					"compatibleApp":	"zynqmp_pmufw",
					"domType":	"bootDomain",
					"arch":	"32-bit",
					"appSettings":	{
						"appCompilerFlags":	"",
						"appLinkerFlags":	""
					},
					"addedLibs":	["xilfpga:6.1", "xilsecure:4.6", "xilskey:7.2"],
					"libOptions":	{
						"psu_pmu_0":	{
							"extra_compiler_flags":	"-g -ffunction-sections -fdata-sections -Wall -Wextra -fno-tree-loop-distribute-patterns  -Os -flto -ffat-lto-objects",
							"libOptionNames":	["extra_compiler_flags"]
						},
						"libsContainingOptions":	["psu_pmu_0"]
					},
					"prebuiltLibs":	{
						"prebuiltIncPath":	[],
						"prebuiltLibPath":	[]
					},
					"isolation":	{
					}
				}, {
					"domainName":	"standalone_domain",
					"domainDispName":	"standalone_domain",
					"domainDesc":	"standalone_domain",
					"processors":	"psu_cortexa53_0",
					"os":	"standalone",
					"sdxOs":	"standalone",
					"qemuArgs":	"C:/Xilinx3/Vitis/2021.2/data/emulation/platforms/zynqmp/sw/a53_standalone/qemu/qemu_args.txt",
					"qemuData":	"C:/Xilinx3/Vitis/2021.2/data/emulation/platforms/zynqmp/sw/a53_standalone/qemu/",
					"pmuQemuArgs":	"C:/Xilinx3/Vitis/2021.2/data/emulation/platforms/zynqmp/sw/a53_standalone/qemu/pmu_args.txt",
					"debugEnable":	"False",
					"domRuntimes":	["cpp"],
					"swRepo":	"",
					"mssOsVer":	"7.6",
					"mssFile":	"",
					"md5Digest":	"a7380b93d62648222d0ccf0a3c72bcd4",
					"compatibleApp":	"",
					"domType":	"mssDomain",
					"arch":	"64-bit",
					"appSettings":	{
						"appCompilerFlags":	"",
						"appLinkerFlags":	""
					},
					"addedLibs":	[],
					"libOptions":	{
						"libsContainingOptions":	[]
					},
					"prebuiltLibs":	{
						"prebuiltIncPath":	[],
						"prebuiltLibPath":	[]
					},
					"isolation":	{
					}
				}]
		}]
}
KEYINFO::2022-11-18.08:45:13::SCWPlatform::updated the xpfm file.
TRACE::2022-11-18.08:45:13::SCWPlatform::Trying to open the hw design at C:/Users/SESA630813/work-2/4EV_HandsOn_platt/hw/Block_4EV_HandsOn.xsa
TRACE::2022-11-18.08:45:13::SCWPlatform::DSA given C:/Users/SESA630813/work-2/4EV_HandsOn_platt/hw/Block_4EV_HandsOn.xsa
TRACE::2022-11-18.08:45:13::SCWPlatform::DSA absoulate path C:/Users/SESA630813/work-2/4EV_HandsOn_platt/hw/Block_4EV_HandsOn.xsa
TRACE::2022-11-18.08:45:13::SCWPlatform::DSA directory C:/Users/SESA630813/work-2/4EV_HandsOn_platt/hw
TRACE::2022-11-18.08:45:13::SCWPlatform:: Platform Path C:/Users/SESA630813/work-2/4EV_HandsOn_platt/hw/Block_4EV_HandsOn.xsa
TRACE::2022-11-18.08:45:13::SCWPlatform:: Unique name xilinx:::0.0
TRACE::2022-11-18.08:45:13::SCWPlatform::Trying to set the existing hwdb with name Block_4EV_wrapper_0
TRACE::2022-11-18.08:45:13::SCWPlatform::Opened existing hwdb Block_4EV_wrapper_0
TRACE::2022-11-18.08:45:13::SCWPlatform::Found the Hw Db part of the input DSA
TRACE::2022-11-18.08:45:13::SCWMssOS::Checking the sw design at  C:/Users/SESA630813/work-2/4EV_HandsOn_platt/psu_cortexa53_0/standalone_domain/bsp/system.mss
TRACE::2022-11-18.08:45:13::SCWMssOS::DEBUG:  swdes dump  C:/Users/SESA630813/work-2/4EV_HandsOn_platt/psu_cortexa53_0/standalone_domain/bsp/system.mss|system_1||
C:/Users/SESA630813/work-2/4EV_HandsOn_platt/zynqmp_fsbl/zynqmp_fsbl_bsp/system.mss|system||
C:/Users/SESA630813/work-2/4EV_HandsOn_platt/zynqmp_pmufw/zynqmp_pmufw_bsp/system.mss|system_0||

TRACE::2022-11-18.08:45:13::SCWMssOS::Sw design exists and opened at  C:/Users/SESA630813/work-2/4EV_HandsOn_platt/psu_cortexa53_0/standalone_domain/bsp/system.mss
TRACE::2022-11-18.08:45:13::SCWMssOS::Saving the mss changes C:/Users/SESA630813/work-2/4EV_HandsOn_platt/zynqmp_fsbl/zynqmp_fsbl_bsp/system.mss
TRACE::2022-11-18.08:45:13::SCWMssOS::Found a swdesign opened with the mssfile.
TRACE::2022-11-18.08:45:13::SCWMssOS::Completed writemss as part of save.
TRACE::2022-11-18.08:45:13::SCWMssOS::Commit changes completed.
TRACE::2022-11-18.08:45:13::SCWMssOS::Saving the mss changes C:/Users/SESA630813/work-2/4EV_HandsOn_platt/zynqmp_pmufw/zynqmp_pmufw_bsp/system.mss
TRACE::2022-11-18.08:45:13::SCWMssOS::Found a swdesign opened with the mssfile.
TRACE::2022-11-18.08:45:13::SCWMssOS::Completed writemss as part of save.
TRACE::2022-11-18.08:45:13::SCWMssOS::Commit changes completed.
TRACE::2022-11-18.08:45:13::SCWMssOS::Saving the mss changes C:/Users/SESA630813/work-2/4EV_HandsOn_platt/psu_cortexa53_0/standalone_domain/bsp/system.mss
TRACE::2022-11-18.08:45:13::SCWMssOS::Found a swdesign opened with the mssfile.
TRACE::2022-11-18.08:45:13::SCWMssOS::Completed writemss as part of save.
TRACE::2022-11-18.08:45:13::SCWMssOS::Commit changes completed.
TRACE::2022-11-18.08:45:13::SCWPlatform::Trying to open the hw design at C:/Users/SESA630813/work-2/4EV_HandsOn_platt/hw/Block_4EV_HandsOn.xsa
TRACE::2022-11-18.08:45:13::SCWPlatform::DSA given C:/Users/SESA630813/work-2/4EV_HandsOn_platt/hw/Block_4EV_HandsOn.xsa
TRACE::2022-11-18.08:45:13::SCWPlatform::DSA absoulate path C:/Users/SESA630813/work-2/4EV_HandsOn_platt/hw/Block_4EV_HandsOn.xsa
TRACE::2022-11-18.08:45:13::SCWPlatform::DSA directory C:/Users/SESA630813/work-2/4EV_HandsOn_platt/hw
TRACE::2022-11-18.08:45:13::SCWPlatform:: Platform Path C:/Users/SESA630813/work-2/4EV_HandsOn_platt/hw/Block_4EV_HandsOn.xsa
TRACE::2022-11-18.08:45:13::SCWPlatform:: Unique name xilinx:::0.0
TRACE::2022-11-18.08:45:13::SCWPlatform::Trying to set the existing hwdb with name Block_4EV_wrapper_0
TRACE::2022-11-18.08:45:13::SCWPlatform::Opened existing hwdb Block_4EV_wrapper_0
TRACE::2022-11-18.08:45:13::SCWPlatform::Found the Hw Db part of the input DSA
TRACE::2022-11-18.08:45:13::SCWMssOS::Checking the sw design at  C:/Users/SESA630813/work-2/4EV_HandsOn_platt/zynqmp_fsbl/zynqmp_fsbl_bsp/system.mss
TRACE::2022-11-18.08:45:13::SCWMssOS::DEBUG:  swdes dump  C:/Users/SESA630813/work-2/4EV_HandsOn_platt/psu_cortexa53_0/standalone_domain/bsp/system.mss|system_1||
C:/Users/SESA630813/work-2/4EV_HandsOn_platt/zynqmp_fsbl/zynqmp_fsbl_bsp/system.mss|system||
C:/Users/SESA630813/work-2/4EV_HandsOn_platt/zynqmp_pmufw/zynqmp_pmufw_bsp/system.mss|system_0||

TRACE::2022-11-18.08:45:13::SCWMssOS::Sw design exists and opened at  C:/Users/SESA630813/work-2/4EV_HandsOn_platt/zynqmp_fsbl/zynqmp_fsbl_bsp/system.mss
TRACE::2022-11-18.08:45:13::SCWPlatform::Trying to open the hw design at C:/Users/SESA630813/work-2/4EV_HandsOn_platt/hw/Block_4EV_HandsOn.xsa
TRACE::2022-11-18.08:45:13::SCWPlatform::DSA given C:/Users/SESA630813/work-2/4EV_HandsOn_platt/hw/Block_4EV_HandsOn.xsa
TRACE::2022-11-18.08:45:13::SCWPlatform::DSA absoulate path C:/Users/SESA630813/work-2/4EV_HandsOn_platt/hw/Block_4EV_HandsOn.xsa
TRACE::2022-11-18.08:45:13::SCWPlatform::DSA directory C:/Users/SESA630813/work-2/4EV_HandsOn_platt/hw
TRACE::2022-11-18.08:45:13::SCWPlatform:: Platform Path C:/Users/SESA630813/work-2/4EV_HandsOn_platt/hw/Block_4EV_HandsOn.xsa
TRACE::2022-11-18.08:45:13::SCWPlatform:: Unique name xilinx:::0.0
TRACE::2022-11-18.08:45:13::SCWPlatform::Trying to set the existing hwdb with name Block_4EV_wrapper_0
TRACE::2022-11-18.08:45:13::SCWPlatform::Opened existing hwdb Block_4EV_wrapper_0
TRACE::2022-11-18.08:45:13::SCWPlatform::Found the Hw Db part of the input DSA
TRACE::2022-11-18.08:45:13::SCWMssOS::Checking the sw design at  C:/Users/SESA630813/work-2/4EV_HandsOn_platt/zynqmp_fsbl/zynqmp_fsbl_bsp/system.mss
TRACE::2022-11-18.08:45:13::SCWMssOS::DEBUG:  swdes dump  C:/Users/SESA630813/work-2/4EV_HandsOn_platt/psu_cortexa53_0/standalone_domain/bsp/system.mss|system_1||
C:/Users/SESA630813/work-2/4EV_HandsOn_platt/zynqmp_fsbl/zynqmp_fsbl_bsp/system.mss|system||
C:/Users/SESA630813/work-2/4EV_HandsOn_platt/zynqmp_pmufw/zynqmp_pmufw_bsp/system.mss|system_0||

TRACE::2022-11-18.08:45:13::SCWMssOS::Sw design exists and opened at  C:/Users/SESA630813/work-2/4EV_HandsOn_platt/zynqmp_fsbl/zynqmp_fsbl_bsp/system.mss
TRACE::2022-11-18.08:45:13::SCWPlatform::Trying to open the hw design at C:/Users/SESA630813/work-2/4EV_HandsOn_platt/hw/Block_4EV_HandsOn.xsa
TRACE::2022-11-18.08:45:13::SCWPlatform::DSA given C:/Users/SESA630813/work-2/4EV_HandsOn_platt/hw/Block_4EV_HandsOn.xsa
TRACE::2022-11-18.08:45:13::SCWPlatform::DSA absoulate path C:/Users/SESA630813/work-2/4EV_HandsOn_platt/hw/Block_4EV_HandsOn.xsa
TRACE::2022-11-18.08:45:13::SCWPlatform::DSA directory C:/Users/SESA630813/work-2/4EV_HandsOn_platt/hw
TRACE::2022-11-18.08:45:13::SCWPlatform:: Platform Path C:/Users/SESA630813/work-2/4EV_HandsOn_platt/hw/Block_4EV_HandsOn.xsa
TRACE::2022-11-18.08:45:13::SCWPlatform:: Unique name xilinx:::0.0
TRACE::2022-11-18.08:45:13::SCWPlatform::Trying to set the existing hwdb with name Block_4EV_wrapper_0
TRACE::2022-11-18.08:45:13::SCWPlatform::Opened existing hwdb Block_4EV_wrapper_0
TRACE::2022-11-18.08:45:13::SCWPlatform::Found the Hw Db part of the input DSA
TRACE::2022-11-18.08:45:13::SCWMssOS::Checking the sw design at  C:/Users/SESA630813/work-2/4EV_HandsOn_platt/zynqmp_fsbl/zynqmp_fsbl_bsp/system.mss
TRACE::2022-11-18.08:45:13::SCWMssOS::DEBUG:  swdes dump  C:/Users/SESA630813/work-2/4EV_HandsOn_platt/psu_cortexa53_0/standalone_domain/bsp/system.mss|system_1||
C:/Users/SESA630813/work-2/4EV_HandsOn_platt/zynqmp_fsbl/zynqmp_fsbl_bsp/system.mss|system||
C:/Users/SESA630813/work-2/4EV_HandsOn_platt/zynqmp_pmufw/zynqmp_pmufw_bsp/system.mss|system_0||

TRACE::2022-11-18.08:45:13::SCWMssOS::Sw design exists and opened at  C:/Users/SESA630813/work-2/4EV_HandsOn_platt/zynqmp_fsbl/zynqmp_fsbl_bsp/system.mss
TRACE::2022-11-18.08:45:13::SCWPlatform::Trying to open the hw design at C:/Users/SESA630813/work-2/4EV_HandsOn_platt/hw/Block_4EV_HandsOn.xsa
TRACE::2022-11-18.08:45:13::SCWPlatform::DSA given C:/Users/SESA630813/work-2/4EV_HandsOn_platt/hw/Block_4EV_HandsOn.xsa
TRACE::2022-11-18.08:45:13::SCWPlatform::DSA absoulate path C:/Users/SESA630813/work-2/4EV_HandsOn_platt/hw/Block_4EV_HandsOn.xsa
TRACE::2022-11-18.08:45:13::SCWPlatform::DSA directory C:/Users/SESA630813/work-2/4EV_HandsOn_platt/hw
TRACE::2022-11-18.08:45:13::SCWPlatform:: Platform Path C:/Users/SESA630813/work-2/4EV_HandsOn_platt/hw/Block_4EV_HandsOn.xsa
TRACE::2022-11-18.08:45:13::SCWPlatform:: Unique name xilinx:::0.0
TRACE::2022-11-18.08:45:13::SCWPlatform::Trying to set the existing hwdb with name Block_4EV_wrapper_0
TRACE::2022-11-18.08:45:13::SCWPlatform::Opened existing hwdb Block_4EV_wrapper_0
TRACE::2022-11-18.08:45:13::SCWPlatform::Found the Hw Db part of the input DSA
TRACE::2022-11-18.08:45:13::SCWMssOS::Checking the sw design at  C:/Users/SESA630813/work-2/4EV_HandsOn_platt/zynqmp_pmufw/zynqmp_pmufw_bsp/system.mss
TRACE::2022-11-18.08:45:13::SCWMssOS::DEBUG:  swdes dump  C:/Users/SESA630813/work-2/4EV_HandsOn_platt/psu_cortexa53_0/standalone_domain/bsp/system.mss|system_1||
C:/Users/SESA630813/work-2/4EV_HandsOn_platt/zynqmp_fsbl/zynqmp_fsbl_bsp/system.mss|system||
C:/Users/SESA630813/work-2/4EV_HandsOn_platt/zynqmp_pmufw/zynqmp_pmufw_bsp/system.mss|system_0||

TRACE::2022-11-18.08:45:13::SCWMssOS::Sw design exists and opened at  C:/Users/SESA630813/work-2/4EV_HandsOn_platt/zynqmp_pmufw/zynqmp_pmufw_bsp/system.mss
TRACE::2022-11-18.08:45:13::SCWPlatform::Trying to open the hw design at C:/Users/SESA630813/work-2/4EV_HandsOn_platt/hw/Block_4EV_HandsOn.xsa
TRACE::2022-11-18.08:45:13::SCWPlatform::DSA given C:/Users/SESA630813/work-2/4EV_HandsOn_platt/hw/Block_4EV_HandsOn.xsa
TRACE::2022-11-18.08:45:13::SCWPlatform::DSA absoulate path C:/Users/SESA630813/work-2/4EV_HandsOn_platt/hw/Block_4EV_HandsOn.xsa
TRACE::2022-11-18.08:45:13::SCWPlatform::DSA directory C:/Users/SESA630813/work-2/4EV_HandsOn_platt/hw
TRACE::2022-11-18.08:45:13::SCWPlatform:: Platform Path C:/Users/SESA630813/work-2/4EV_HandsOn_platt/hw/Block_4EV_HandsOn.xsa
TRACE::2022-11-18.08:45:13::SCWPlatform:: Unique name xilinx:::0.0
TRACE::2022-11-18.08:45:13::SCWPlatform::Trying to set the existing hwdb with name Block_4EV_wrapper_0
TRACE::2022-11-18.08:45:13::SCWPlatform::Opened existing hwdb Block_4EV_wrapper_0
TRACE::2022-11-18.08:45:13::SCWPlatform::Found the Hw Db part of the input DSA
TRACE::2022-11-18.08:45:13::SCWMssOS::Checking the sw design at  C:/Users/SESA630813/work-2/4EV_HandsOn_platt/zynqmp_pmufw/zynqmp_pmufw_bsp/system.mss
TRACE::2022-11-18.08:45:13::SCWMssOS::DEBUG:  swdes dump  C:/Users/SESA630813/work-2/4EV_HandsOn_platt/psu_cortexa53_0/standalone_domain/bsp/system.mss|system_1||
C:/Users/SESA630813/work-2/4EV_HandsOn_platt/zynqmp_fsbl/zynqmp_fsbl_bsp/system.mss|system||
C:/Users/SESA630813/work-2/4EV_HandsOn_platt/zynqmp_pmufw/zynqmp_pmufw_bsp/system.mss|system_0||

TRACE::2022-11-18.08:45:13::SCWMssOS::Sw design exists and opened at  C:/Users/SESA630813/work-2/4EV_HandsOn_platt/zynqmp_pmufw/zynqmp_pmufw_bsp/system.mss
TRACE::2022-11-18.08:45:13::SCWPlatform::Trying to open the hw design at C:/Users/SESA630813/work-2/4EV_HandsOn_platt/hw/Block_4EV_HandsOn.xsa
TRACE::2022-11-18.08:45:13::SCWPlatform::DSA given C:/Users/SESA630813/work-2/4EV_HandsOn_platt/hw/Block_4EV_HandsOn.xsa
TRACE::2022-11-18.08:45:13::SCWPlatform::DSA absoulate path C:/Users/SESA630813/work-2/4EV_HandsOn_platt/hw/Block_4EV_HandsOn.xsa
TRACE::2022-11-18.08:45:13::SCWPlatform::DSA directory C:/Users/SESA630813/work-2/4EV_HandsOn_platt/hw
TRACE::2022-11-18.08:45:13::SCWPlatform:: Platform Path C:/Users/SESA630813/work-2/4EV_HandsOn_platt/hw/Block_4EV_HandsOn.xsa
TRACE::2022-11-18.08:45:13::SCWPlatform:: Unique name xilinx:::0.0
TRACE::2022-11-18.08:45:13::SCWPlatform::Trying to set the existing hwdb with name Block_4EV_wrapper_0
TRACE::2022-11-18.08:45:13::SCWPlatform::Opened existing hwdb Block_4EV_wrapper_0
TRACE::2022-11-18.08:45:13::SCWPlatform::Found the Hw Db part of the input DSA
TRACE::2022-11-18.08:45:13::SCWMssOS::Checking the sw design at  C:/Users/SESA630813/work-2/4EV_HandsOn_platt/zynqmp_pmufw/zynqmp_pmufw_bsp/system.mss
TRACE::2022-11-18.08:45:13::SCWMssOS::DEBUG:  swdes dump  C:/Users/SESA630813/work-2/4EV_HandsOn_platt/psu_cortexa53_0/standalone_domain/bsp/system.mss|system_1||
C:/Users/SESA630813/work-2/4EV_HandsOn_platt/zynqmp_fsbl/zynqmp_fsbl_bsp/system.mss|system||
C:/Users/SESA630813/work-2/4EV_HandsOn_platt/zynqmp_pmufw/zynqmp_pmufw_bsp/system.mss|system_0||

TRACE::2022-11-18.08:45:13::SCWMssOS::Sw design exists and opened at  C:/Users/SESA630813/work-2/4EV_HandsOn_platt/zynqmp_pmufw/zynqmp_pmufw_bsp/system.mss
TRACE::2022-11-18.08:45:13::SCWPlatform::Trying to open the hw design at C:/Users/SESA630813/work-2/4EV_HandsOn_platt/hw/Block_4EV_HandsOn.xsa
TRACE::2022-11-18.08:45:13::SCWPlatform::DSA given C:/Users/SESA630813/work-2/4EV_HandsOn_platt/hw/Block_4EV_HandsOn.xsa
TRACE::2022-11-18.08:45:13::SCWPlatform::DSA absoulate path C:/Users/SESA630813/work-2/4EV_HandsOn_platt/hw/Block_4EV_HandsOn.xsa
TRACE::2022-11-18.08:45:13::SCWPlatform::DSA directory C:/Users/SESA630813/work-2/4EV_HandsOn_platt/hw
TRACE::2022-11-18.08:45:13::SCWPlatform:: Platform Path C:/Users/SESA630813/work-2/4EV_HandsOn_platt/hw/Block_4EV_HandsOn.xsa
TRACE::2022-11-18.08:45:13::SCWPlatform:: Unique name xilinx:::0.0
TRACE::2022-11-18.08:45:13::SCWPlatform::Trying to set the existing hwdb with name Block_4EV_wrapper_0
TRACE::2022-11-18.08:45:13::SCWPlatform::Opened existing hwdb Block_4EV_wrapper_0
TRACE::2022-11-18.08:45:13::SCWPlatform::Found the Hw Db part of the input DSA
TRACE::2022-11-18.08:45:13::SCWMssOS::Checking the sw design at  C:/Users/SESA630813/work-2/4EV_HandsOn_platt/psu_cortexa53_0/standalone_domain/bsp/system.mss
TRACE::2022-11-18.08:45:13::SCWMssOS::DEBUG:  swdes dump  C:/Users/SESA630813/work-2/4EV_HandsOn_platt/psu_cortexa53_0/standalone_domain/bsp/system.mss|system_1||
C:/Users/SESA630813/work-2/4EV_HandsOn_platt/zynqmp_fsbl/zynqmp_fsbl_bsp/system.mss|system||
C:/Users/SESA630813/work-2/4EV_HandsOn_platt/zynqmp_pmufw/zynqmp_pmufw_bsp/system.mss|system_0||

TRACE::2022-11-18.08:45:13::SCWMssOS::Sw design exists and opened at  C:/Users/SESA630813/work-2/4EV_HandsOn_platt/psu_cortexa53_0/standalone_domain/bsp/system.mss
TRACE::2022-11-18.08:45:13::SCWPlatform::Trying to open the hw design at C:/Users/SESA630813/work-2/4EV_HandsOn_platt/hw/Block_4EV_HandsOn.xsa
TRACE::2022-11-18.08:45:13::SCWPlatform::DSA given C:/Users/SESA630813/work-2/4EV_HandsOn_platt/hw/Block_4EV_HandsOn.xsa
TRACE::2022-11-18.08:45:13::SCWPlatform::DSA absoulate path C:/Users/SESA630813/work-2/4EV_HandsOn_platt/hw/Block_4EV_HandsOn.xsa
TRACE::2022-11-18.08:45:13::SCWPlatform::DSA directory C:/Users/SESA630813/work-2/4EV_HandsOn_platt/hw
TRACE::2022-11-18.08:45:13::SCWPlatform:: Platform Path C:/Users/SESA630813/work-2/4EV_HandsOn_platt/hw/Block_4EV_HandsOn.xsa
TRACE::2022-11-18.08:45:13::SCWPlatform:: Unique name xilinx:::0.0
TRACE::2022-11-18.08:45:13::SCWPlatform::Trying to set the existing hwdb with name Block_4EV_wrapper_0
TRACE::2022-11-18.08:45:13::SCWPlatform::Opened existing hwdb Block_4EV_wrapper_0
TRACE::2022-11-18.08:45:13::SCWPlatform::Found the Hw Db part of the input DSA
TRACE::2022-11-18.08:45:13::SCWMssOS::Checking the sw design at  C:/Users/SESA630813/work-2/4EV_HandsOn_platt/psu_cortexa53_0/standalone_domain/bsp/system.mss
TRACE::2022-11-18.08:45:13::SCWMssOS::DEBUG:  swdes dump  C:/Users/SESA630813/work-2/4EV_HandsOn_platt/psu_cortexa53_0/standalone_domain/bsp/system.mss|system_1||
C:/Users/SESA630813/work-2/4EV_HandsOn_platt/zynqmp_fsbl/zynqmp_fsbl_bsp/system.mss|system||
C:/Users/SESA630813/work-2/4EV_HandsOn_platt/zynqmp_pmufw/zynqmp_pmufw_bsp/system.mss|system_0||

TRACE::2022-11-18.08:45:13::SCWMssOS::Sw design exists and opened at  C:/Users/SESA630813/work-2/4EV_HandsOn_platt/psu_cortexa53_0/standalone_domain/bsp/system.mss
TRACE::2022-11-18.08:45:13::SCWPlatform::Trying to open the hw design at C:/Users/SESA630813/work-2/4EV_HandsOn_platt/hw/Block_4EV_HandsOn.xsa
TRACE::2022-11-18.08:45:13::SCWPlatform::DSA given C:/Users/SESA630813/work-2/4EV_HandsOn_platt/hw/Block_4EV_HandsOn.xsa
TRACE::2022-11-18.08:45:13::SCWPlatform::DSA absoulate path C:/Users/SESA630813/work-2/4EV_HandsOn_platt/hw/Block_4EV_HandsOn.xsa
TRACE::2022-11-18.08:45:13::SCWPlatform::DSA directory C:/Users/SESA630813/work-2/4EV_HandsOn_platt/hw
TRACE::2022-11-18.08:45:13::SCWPlatform:: Platform Path C:/Users/SESA630813/work-2/4EV_HandsOn_platt/hw/Block_4EV_HandsOn.xsa
TRACE::2022-11-18.08:45:13::SCWPlatform:: Unique name xilinx:::0.0
TRACE::2022-11-18.08:45:13::SCWPlatform::Trying to set the existing hwdb with name Block_4EV_wrapper_0
TRACE::2022-11-18.08:45:13::SCWPlatform::Opened existing hwdb Block_4EV_wrapper_0
TRACE::2022-11-18.08:45:13::SCWPlatform::Found the Hw Db part of the input DSA
TRACE::2022-11-18.08:45:13::SCWMssOS::Checking the sw design at  C:/Users/SESA630813/work-2/4EV_HandsOn_platt/psu_cortexa53_0/standalone_domain/bsp/system.mss
TRACE::2022-11-18.08:45:13::SCWMssOS::DEBUG:  swdes dump  C:/Users/SESA630813/work-2/4EV_HandsOn_platt/psu_cortexa53_0/standalone_domain/bsp/system.mss|system_1||
C:/Users/SESA630813/work-2/4EV_HandsOn_platt/zynqmp_fsbl/zynqmp_fsbl_bsp/system.mss|system||
C:/Users/SESA630813/work-2/4EV_HandsOn_platt/zynqmp_pmufw/zynqmp_pmufw_bsp/system.mss|system_0||

TRACE::2022-11-18.08:45:13::SCWMssOS::Sw design exists and opened at  C:/Users/SESA630813/work-2/4EV_HandsOn_platt/psu_cortexa53_0/standalone_domain/bsp/system.mss
TRACE::2022-11-18.08:45:13::SCWWriter::formatted JSON is {
	"platformName":	"4EV_HandsOn_platt",
	"sprVersion":	"2.0",
	"mode":	"gui",
	"dsaType":	"Fixed",
	"platformDesc":	"4EV_HandsOn_platt",
	"platHandOff":	"C:/Schneider/ScriptingPath/enclustra/4EV-Hands-On/Block_4EV_HandsOn.xsa",
	"platIntHandOff":	"<platformDir>/hw/Block_4EV_HandsOn.xsa",
	"deviceType":	"zynqMP",
	"platIsPrebuiltAutogen":	"false",
	"platIsNoBootBsp":	"false",
	"platFsblTarget":	"psu_cortexa53_0",
	"hasFsblMakeHasChanges":	"false",
	"hasPmufwMakeHasChanges":	"false",
	"fsblExtraCompilerFlags":	"-MMD -MP      -Wall -fmessage-length=0 -DARMA53_64 -Os -flto -ffat-lto-objects  ",
	"pmufwExtraCompilerFlags":	"-MMD -MP      -mlittle-endian -mxl-barrel-shift -mxl-pattern-compare -mcpu=v9.2 -mxl-soft-mul -Os -flto -ffat-lto-objects  ",
	"platPreBuiltFlag":	false,
	"platformSamplesDir":	"",
	"platActiveSys":	"4EV_HandsOn_platt",
	"systems":	[{
			"systemName":	"4EV_HandsOn_platt",
			"systemDesc":	"4EV_HandsOn_platt",
			"sysIsBootAutoGen":	"true",
			"systemDispName":	"4EV_HandsOn_platt",
			"sysActiveDom":	"standalone_domain",
			"sysDefaultDom":	"standalone_domain",
			"domains":	[{
					"domainName":	"zynqmp_fsbl",
					"domainDispName":	"zynqmp_fsbl",
					"domainDesc":	"FSBL Application BSP - Auto Generated.",
					"processors":	"psu_cortexa53_0",
					"os":	"standalone",
					"sdxOs":	"standalone",
					"debugEnable":	"",
					"domRuntimes":	["cpp"],
					"swRepo":	"",
					"mssOsVer":	"7.6",
					"mssFile":	"",
					"md5Digest":	"f0f90a35a6a229e56057b23e4b7162c6",
					"compatibleApp":	"zynqmp_fsbl",
					"domType":	"bootDomain",
					"arch":	"64-bit",
					"appSettings":	{
						"appCompilerFlags":	"",
						"appLinkerFlags":	""
					},
					"addedLibs":	["xilffs:4.6", "xilsecure:4.6", "xilpm:3.5"],
					"libOptions":	{
						"standalone":	{
							"zynqmp_fsbl_bsp":	"true",
							"libOptionNames":	["zynqmp_fsbl_bsp"]
						},
						"xilffs":	{
							"read_only":	"true",
							"use_mkfs":	"false",
							"libOptionNames":	["read_only", "use_mkfs"]
						},
						"xilsecure":	{
							"tpm_support":	"true",
							"libOptionNames":	["tpm_support"]
						},
						"libsContainingOptions":	["standalone", "xilffs", "xilsecure"]
					},
					"prebuiltLibs":	{
						"prebuiltIncPath":	[],
						"prebuiltLibPath":	[]
					},
					"isolation":	{
					}
				}, {
					"domainName":	"zynqmp_pmufw",
					"domainDispName":	"zynqmp_pmufw",
					"domainDesc":	"PMUFW Application BSP - Auto Generated.",
					"processors":	"psu_pmu_0",
					"os":	"standalone",
					"sdxOs":	"standalone",
					"debugEnable":	"",
					"domRuntimes":	["cpp"],
					"swRepo":	"",
					"mssOsVer":	"7.6",
					"mssFile":	"",
					"md5Digest":	"2252945fa1d34af486e1005da291d4dd",
					"compatibleApp":	"zynqmp_pmufw",
					"domType":	"bootDomain",
					"arch":	"32-bit",
					"appSettings":	{
						"appCompilerFlags":	"",
						"appLinkerFlags":	""
					},
					"addedLibs":	["xilfpga:6.1", "xilsecure:4.6", "xilskey:7.2"],
					"libOptions":	{
						"psu_pmu_0":	{
							"extra_compiler_flags":	"-g -ffunction-sections -fdata-sections -Wall -Wextra -fno-tree-loop-distribute-patterns  -Os -flto -ffat-lto-objects",
							"libOptionNames":	["extra_compiler_flags"]
						},
						"libsContainingOptions":	["psu_pmu_0"]
					},
					"prebuiltLibs":	{
						"prebuiltIncPath":	[],
						"prebuiltLibPath":	[]
					},
					"isolation":	{
					}
				}, {
					"domainName":	"standalone_domain",
					"domainDispName":	"standalone_domain",
					"domainDesc":	"standalone_domain",
					"processors":	"psu_cortexa53_0",
					"os":	"standalone",
					"sdxOs":	"standalone",
					"qemuArgs":	"C:/Xilinx3/Vitis/2021.2/data/emulation/platforms/zynqmp/sw/a53_standalone/qemu/qemu_args.txt",
					"qemuData":	"C:/Xilinx3/Vitis/2021.2/data/emulation/platforms/zynqmp/sw/a53_standalone/qemu/",
					"pmuQemuArgs":	"C:/Xilinx3/Vitis/2021.2/data/emulation/platforms/zynqmp/sw/a53_standalone/qemu/pmu_args.txt",
					"debugEnable":	"False",
					"domRuntimes":	["cpp"],
					"swRepo":	"",
					"mssOsVer":	"7.6",
					"mssFile":	"",
					"md5Digest":	"a7380b93d62648222d0ccf0a3c72bcd4",
					"compatibleApp":	"",
					"domType":	"mssDomain",
					"arch":	"64-bit",
					"appSettings":	{
						"appCompilerFlags":	"",
						"appLinkerFlags":	""
					},
					"addedLibs":	[],
					"libOptions":	{
						"libsContainingOptions":	[]
					},
					"prebuiltLibs":	{
						"prebuiltIncPath":	[],
						"prebuiltLibPath":	[]
					},
					"isolation":	{
					}
				}]
		}]
}
TRACE::2022-11-18.08:45:13::SCWPlatform::Trying to open the hw design at C:/Users/SESA630813/work-2/4EV_HandsOn_platt/hw/Block_4EV_HandsOn.xsa
TRACE::2022-11-18.08:45:13::SCWPlatform::DSA given C:/Users/SESA630813/work-2/4EV_HandsOn_platt/hw/Block_4EV_HandsOn.xsa
TRACE::2022-11-18.08:45:13::SCWPlatform::DSA absoulate path C:/Users/SESA630813/work-2/4EV_HandsOn_platt/hw/Block_4EV_HandsOn.xsa
TRACE::2022-11-18.08:45:13::SCWPlatform::DSA directory C:/Users/SESA630813/work-2/4EV_HandsOn_platt/hw
TRACE::2022-11-18.08:45:13::SCWPlatform:: Platform Path C:/Users/SESA630813/work-2/4EV_HandsOn_platt/hw/Block_4EV_HandsOn.xsa
TRACE::2022-11-18.08:45:13::SCWPlatform:: Unique name xilinx:::0.0
TRACE::2022-11-18.08:45:13::SCWPlatform::Trying to set the existing hwdb with name Block_4EV_wrapper_0
TRACE::2022-11-18.08:45:13::SCWPlatform::Opened existing hwdb Block_4EV_wrapper_0
TRACE::2022-11-18.08:45:13::SCWPlatform::Found the Hw Db part of the input DSA
TRACE::2022-11-18.08:45:13::SCWMssOS::Checking the sw design at  C:/Users/SESA630813/work-2/4EV_HandsOn_platt/psu_cortexa53_0/standalone_domain/bsp/system.mss
TRACE::2022-11-18.08:45:13::SCWMssOS::DEBUG:  swdes dump  C:/Users/SESA630813/work-2/4EV_HandsOn_platt/psu_cortexa53_0/standalone_domain/bsp/system.mss|system_1||
C:/Users/SESA630813/work-2/4EV_HandsOn_platt/zynqmp_fsbl/zynqmp_fsbl_bsp/system.mss|system||
C:/Users/SESA630813/work-2/4EV_HandsOn_platt/zynqmp_pmufw/zynqmp_pmufw_bsp/system.mss|system_0||

TRACE::2022-11-18.08:45:13::SCWMssOS::Sw design exists and opened at  C:/Users/SESA630813/work-2/4EV_HandsOn_platt/psu_cortexa53_0/standalone_domain/bsp/system.mss
TRACE::2022-11-18.08:45:13::SCWPlatform::Trying to open the hw design at C:/Users/SESA630813/work-2/4EV_HandsOn_platt/hw/Block_4EV_HandsOn.xsa
TRACE::2022-11-18.08:45:13::SCWPlatform::DSA given C:/Users/SESA630813/work-2/4EV_HandsOn_platt/hw/Block_4EV_HandsOn.xsa
TRACE::2022-11-18.08:45:13::SCWPlatform::DSA absoulate path C:/Users/SESA630813/work-2/4EV_HandsOn_platt/hw/Block_4EV_HandsOn.xsa
TRACE::2022-11-18.08:45:13::SCWPlatform::DSA directory C:/Users/SESA630813/work-2/4EV_HandsOn_platt/hw
TRACE::2022-11-18.08:45:13::SCWPlatform:: Platform Path C:/Users/SESA630813/work-2/4EV_HandsOn_platt/hw/Block_4EV_HandsOn.xsa
TRACE::2022-11-18.08:45:13::SCWPlatform:: Unique name xilinx:::0.0
TRACE::2022-11-18.08:45:13::SCWPlatform::Trying to set the existing hwdb with name Block_4EV_wrapper_0
TRACE::2022-11-18.08:45:13::SCWPlatform::Opened existing hwdb Block_4EV_wrapper_0
TRACE::2022-11-18.08:45:13::SCWPlatform::Found the Hw Db part of the input DSA
TRACE::2022-11-18.08:45:13::SCWMssOS::Checking the sw design at  C:/Users/SESA630813/work-2/4EV_HandsOn_platt/psu_cortexa53_0/standalone_domain/bsp/system.mss
TRACE::2022-11-18.08:45:13::SCWMssOS::DEBUG:  swdes dump  C:/Users/SESA630813/work-2/4EV_HandsOn_platt/psu_cortexa53_0/standalone_domain/bsp/system.mss|system_1||
C:/Users/SESA630813/work-2/4EV_HandsOn_platt/zynqmp_fsbl/zynqmp_fsbl_bsp/system.mss|system||
C:/Users/SESA630813/work-2/4EV_HandsOn_platt/zynqmp_pmufw/zynqmp_pmufw_bsp/system.mss|system_0||

TRACE::2022-11-18.08:45:13::SCWMssOS::Sw design exists and opened at  C:/Users/SESA630813/work-2/4EV_HandsOn_platt/psu_cortexa53_0/standalone_domain/bsp/system.mss
TRACE::2022-11-18.08:45:13::SCWPlatform::Trying to open the hw design at C:/Users/SESA630813/work-2/4EV_HandsOn_platt/hw/Block_4EV_HandsOn.xsa
TRACE::2022-11-18.08:45:13::SCWPlatform::DSA given C:/Users/SESA630813/work-2/4EV_HandsOn_platt/hw/Block_4EV_HandsOn.xsa
TRACE::2022-11-18.08:45:13::SCWPlatform::DSA absoulate path C:/Users/SESA630813/work-2/4EV_HandsOn_platt/hw/Block_4EV_HandsOn.xsa
TRACE::2022-11-18.08:45:13::SCWPlatform::DSA directory C:/Users/SESA630813/work-2/4EV_HandsOn_platt/hw
TRACE::2022-11-18.08:45:13::SCWPlatform:: Platform Path C:/Users/SESA630813/work-2/4EV_HandsOn_platt/hw/Block_4EV_HandsOn.xsa
TRACE::2022-11-18.08:45:13::SCWPlatform:: Unique name xilinx:::0.0
TRACE::2022-11-18.08:45:13::SCWPlatform::Trying to set the existing hwdb with name Block_4EV_wrapper_0
TRACE::2022-11-18.08:45:13::SCWPlatform::Opened existing hwdb Block_4EV_wrapper_0
TRACE::2022-11-18.08:45:13::SCWPlatform::Found the Hw Db part of the input DSA
TRACE::2022-11-18.08:45:13::SCWMssOS::Checking the sw design at  C:/Users/SESA630813/work-2/4EV_HandsOn_platt/psu_cortexa53_0/standalone_domain/bsp/system.mss
TRACE::2022-11-18.08:45:13::SCWMssOS::DEBUG:  swdes dump  C:/Users/SESA630813/work-2/4EV_HandsOn_platt/psu_cortexa53_0/standalone_domain/bsp/system.mss|system_1||
C:/Users/SESA630813/work-2/4EV_HandsOn_platt/zynqmp_fsbl/zynqmp_fsbl_bsp/system.mss|system||
C:/Users/SESA630813/work-2/4EV_HandsOn_platt/zynqmp_pmufw/zynqmp_pmufw_bsp/system.mss|system_0||

TRACE::2022-11-18.08:45:13::SCWMssOS::Sw design exists and opened at  C:/Users/SESA630813/work-2/4EV_HandsOn_platt/psu_cortexa53_0/standalone_domain/bsp/system.mss
TRACE::2022-11-18.08:45:13::SCWMssOS::Saving the mss changes C:/Users/SESA630813/work-2/4EV_HandsOn_platt/zynqmp_fsbl/zynqmp_fsbl_bsp/system.mss
TRACE::2022-11-18.08:45:13::SCWMssOS::Found a swdesign opened with the mssfile.
TRACE::2022-11-18.08:45:13::SCWMssOS::Completed writemss as part of save.
TRACE::2022-11-18.08:45:13::SCWMssOS::Commit changes completed.
TRACE::2022-11-18.08:45:13::SCWMssOS::Saving the mss changes C:/Users/SESA630813/work-2/4EV_HandsOn_platt/zynqmp_pmufw/zynqmp_pmufw_bsp/system.mss
TRACE::2022-11-18.08:45:13::SCWMssOS::Found a swdesign opened with the mssfile.
TRACE::2022-11-18.08:45:13::SCWMssOS::Completed writemss as part of save.
TRACE::2022-11-18.08:45:13::SCWMssOS::Commit changes completed.
TRACE::2022-11-18.08:45:13::SCWMssOS::Saving the mss changes C:/Users/SESA630813/work-2/4EV_HandsOn_platt/psu_cortexa53_0/standalone_domain/bsp/system.mss
TRACE::2022-11-18.08:45:13::SCWMssOS::Found a swdesign opened with the mssfile.
TRACE::2022-11-18.08:45:13::SCWMssOS::Completed writemss as part of save.
TRACE::2022-11-18.08:45:13::SCWMssOS::Commit changes completed.
TRACE::2022-11-18.08:45:13::SCWPlatform::Trying to open the hw design at C:/Users/SESA630813/work-2/4EV_HandsOn_platt/hw/Block_4EV_HandsOn.xsa
TRACE::2022-11-18.08:45:13::SCWPlatform::DSA given C:/Users/SESA630813/work-2/4EV_HandsOn_platt/hw/Block_4EV_HandsOn.xsa
TRACE::2022-11-18.08:45:13::SCWPlatform::DSA absoulate path C:/Users/SESA630813/work-2/4EV_HandsOn_platt/hw/Block_4EV_HandsOn.xsa
TRACE::2022-11-18.08:45:13::SCWPlatform::DSA directory C:/Users/SESA630813/work-2/4EV_HandsOn_platt/hw
TRACE::2022-11-18.08:45:13::SCWPlatform:: Platform Path C:/Users/SESA630813/work-2/4EV_HandsOn_platt/hw/Block_4EV_HandsOn.xsa
TRACE::2022-11-18.08:45:13::SCWPlatform:: Unique name xilinx:::0.0
TRACE::2022-11-18.08:45:13::SCWPlatform::Trying to set the existing hwdb with name Block_4EV_wrapper_0
TRACE::2022-11-18.08:45:13::SCWPlatform::Opened existing hwdb Block_4EV_wrapper_0
TRACE::2022-11-18.08:45:13::SCWPlatform::Found the Hw Db part of the input DSA
TRACE::2022-11-18.08:45:13::SCWMssOS::Checking the sw design at  C:/Users/SESA630813/work-2/4EV_HandsOn_platt/zynqmp_fsbl/zynqmp_fsbl_bsp/system.mss
TRACE::2022-11-18.08:45:13::SCWMssOS::DEBUG:  swdes dump  C:/Users/SESA630813/work-2/4EV_HandsOn_platt/psu_cortexa53_0/standalone_domain/bsp/system.mss|system_1||
C:/Users/SESA630813/work-2/4EV_HandsOn_platt/zynqmp_fsbl/zynqmp_fsbl_bsp/system.mss|system||
C:/Users/SESA630813/work-2/4EV_HandsOn_platt/zynqmp_pmufw/zynqmp_pmufw_bsp/system.mss|system_0||

TRACE::2022-11-18.08:45:13::SCWMssOS::Sw design exists and opened at  C:/Users/SESA630813/work-2/4EV_HandsOn_platt/zynqmp_fsbl/zynqmp_fsbl_bsp/system.mss
TRACE::2022-11-18.08:45:13::SCWPlatform::Trying to open the hw design at C:/Users/SESA630813/work-2/4EV_HandsOn_platt/hw/Block_4EV_HandsOn.xsa
TRACE::2022-11-18.08:45:13::SCWPlatform::DSA given C:/Users/SESA630813/work-2/4EV_HandsOn_platt/hw/Block_4EV_HandsOn.xsa
TRACE::2022-11-18.08:45:13::SCWPlatform::DSA absoulate path C:/Users/SESA630813/work-2/4EV_HandsOn_platt/hw/Block_4EV_HandsOn.xsa
TRACE::2022-11-18.08:45:13::SCWPlatform::DSA directory C:/Users/SESA630813/work-2/4EV_HandsOn_platt/hw
TRACE::2022-11-18.08:45:13::SCWPlatform:: Platform Path C:/Users/SESA630813/work-2/4EV_HandsOn_platt/hw/Block_4EV_HandsOn.xsa
TRACE::2022-11-18.08:45:13::SCWPlatform:: Unique name xilinx:::0.0
TRACE::2022-11-18.08:45:13::SCWPlatform::Trying to set the existing hwdb with name Block_4EV_wrapper_0
TRACE::2022-11-18.08:45:13::SCWPlatform::Opened existing hwdb Block_4EV_wrapper_0
TRACE::2022-11-18.08:45:13::SCWPlatform::Found the Hw Db part of the input DSA
TRACE::2022-11-18.08:45:13::SCWMssOS::Checking the sw design at  C:/Users/SESA630813/work-2/4EV_HandsOn_platt/zynqmp_fsbl/zynqmp_fsbl_bsp/system.mss
TRACE::2022-11-18.08:45:13::SCWMssOS::DEBUG:  swdes dump  C:/Users/SESA630813/work-2/4EV_HandsOn_platt/psu_cortexa53_0/standalone_domain/bsp/system.mss|system_1||
C:/Users/SESA630813/work-2/4EV_HandsOn_platt/zynqmp_fsbl/zynqmp_fsbl_bsp/system.mss|system||
C:/Users/SESA630813/work-2/4EV_HandsOn_platt/zynqmp_pmufw/zynqmp_pmufw_bsp/system.mss|system_0||

TRACE::2022-11-18.08:45:13::SCWMssOS::Sw design exists and opened at  C:/Users/SESA630813/work-2/4EV_HandsOn_platt/zynqmp_fsbl/zynqmp_fsbl_bsp/system.mss
TRACE::2022-11-18.08:45:13::SCWPlatform::Trying to open the hw design at C:/Users/SESA630813/work-2/4EV_HandsOn_platt/hw/Block_4EV_HandsOn.xsa
TRACE::2022-11-18.08:45:13::SCWPlatform::DSA given C:/Users/SESA630813/work-2/4EV_HandsOn_platt/hw/Block_4EV_HandsOn.xsa
TRACE::2022-11-18.08:45:13::SCWPlatform::DSA absoulate path C:/Users/SESA630813/work-2/4EV_HandsOn_platt/hw/Block_4EV_HandsOn.xsa
TRACE::2022-11-18.08:45:13::SCWPlatform::DSA directory C:/Users/SESA630813/work-2/4EV_HandsOn_platt/hw
TRACE::2022-11-18.08:45:13::SCWPlatform:: Platform Path C:/Users/SESA630813/work-2/4EV_HandsOn_platt/hw/Block_4EV_HandsOn.xsa
TRACE::2022-11-18.08:45:13::SCWPlatform:: Unique name xilinx:::0.0
TRACE::2022-11-18.08:45:13::SCWPlatform::Trying to set the existing hwdb with name Block_4EV_wrapper_0
TRACE::2022-11-18.08:45:13::SCWPlatform::Opened existing hwdb Block_4EV_wrapper_0
TRACE::2022-11-18.08:45:13::SCWPlatform::Found the Hw Db part of the input DSA
TRACE::2022-11-18.08:45:13::SCWMssOS::Checking the sw design at  C:/Users/SESA630813/work-2/4EV_HandsOn_platt/zynqmp_fsbl/zynqmp_fsbl_bsp/system.mss
TRACE::2022-11-18.08:45:13::SCWMssOS::DEBUG:  swdes dump  C:/Users/SESA630813/work-2/4EV_HandsOn_platt/psu_cortexa53_0/standalone_domain/bsp/system.mss|system_1||
C:/Users/SESA630813/work-2/4EV_HandsOn_platt/zynqmp_fsbl/zynqmp_fsbl_bsp/system.mss|system||
C:/Users/SESA630813/work-2/4EV_HandsOn_platt/zynqmp_pmufw/zynqmp_pmufw_bsp/system.mss|system_0||

TRACE::2022-11-18.08:45:13::SCWMssOS::Sw design exists and opened at  C:/Users/SESA630813/work-2/4EV_HandsOn_platt/zynqmp_fsbl/zynqmp_fsbl_bsp/system.mss
TRACE::2022-11-18.08:45:13::SCWPlatform::Trying to open the hw design at C:/Users/SESA630813/work-2/4EV_HandsOn_platt/hw/Block_4EV_HandsOn.xsa
TRACE::2022-11-18.08:45:13::SCWPlatform::DSA given C:/Users/SESA630813/work-2/4EV_HandsOn_platt/hw/Block_4EV_HandsOn.xsa
TRACE::2022-11-18.08:45:13::SCWPlatform::DSA absoulate path C:/Users/SESA630813/work-2/4EV_HandsOn_platt/hw/Block_4EV_HandsOn.xsa
TRACE::2022-11-18.08:45:13::SCWPlatform::DSA directory C:/Users/SESA630813/work-2/4EV_HandsOn_platt/hw
TRACE::2022-11-18.08:45:13::SCWPlatform:: Platform Path C:/Users/SESA630813/work-2/4EV_HandsOn_platt/hw/Block_4EV_HandsOn.xsa
TRACE::2022-11-18.08:45:13::SCWPlatform:: Unique name xilinx:::0.0
TRACE::2022-11-18.08:45:13::SCWPlatform::Trying to set the existing hwdb with name Block_4EV_wrapper_0
TRACE::2022-11-18.08:45:13::SCWPlatform::Opened existing hwdb Block_4EV_wrapper_0
TRACE::2022-11-18.08:45:13::SCWPlatform::Found the Hw Db part of the input DSA
TRACE::2022-11-18.08:45:13::SCWMssOS::Checking the sw design at  C:/Users/SESA630813/work-2/4EV_HandsOn_platt/zynqmp_pmufw/zynqmp_pmufw_bsp/system.mss
TRACE::2022-11-18.08:45:13::SCWMssOS::DEBUG:  swdes dump  C:/Users/SESA630813/work-2/4EV_HandsOn_platt/psu_cortexa53_0/standalone_domain/bsp/system.mss|system_1||
C:/Users/SESA630813/work-2/4EV_HandsOn_platt/zynqmp_fsbl/zynqmp_fsbl_bsp/system.mss|system||
C:/Users/SESA630813/work-2/4EV_HandsOn_platt/zynqmp_pmufw/zynqmp_pmufw_bsp/system.mss|system_0||

TRACE::2022-11-18.08:45:13::SCWMssOS::Sw design exists and opened at  C:/Users/SESA630813/work-2/4EV_HandsOn_platt/zynqmp_pmufw/zynqmp_pmufw_bsp/system.mss
TRACE::2022-11-18.08:45:13::SCWPlatform::Trying to open the hw design at C:/Users/SESA630813/work-2/4EV_HandsOn_platt/hw/Block_4EV_HandsOn.xsa
TRACE::2022-11-18.08:45:13::SCWPlatform::DSA given C:/Users/SESA630813/work-2/4EV_HandsOn_platt/hw/Block_4EV_HandsOn.xsa
TRACE::2022-11-18.08:45:13::SCWPlatform::DSA absoulate path C:/Users/SESA630813/work-2/4EV_HandsOn_platt/hw/Block_4EV_HandsOn.xsa
TRACE::2022-11-18.08:45:13::SCWPlatform::DSA directory C:/Users/SESA630813/work-2/4EV_HandsOn_platt/hw
TRACE::2022-11-18.08:45:13::SCWPlatform:: Platform Path C:/Users/SESA630813/work-2/4EV_HandsOn_platt/hw/Block_4EV_HandsOn.xsa
TRACE::2022-11-18.08:45:13::SCWPlatform:: Unique name xilinx:::0.0
TRACE::2022-11-18.08:45:13::SCWPlatform::Trying to set the existing hwdb with name Block_4EV_wrapper_0
TRACE::2022-11-18.08:45:13::SCWPlatform::Opened existing hwdb Block_4EV_wrapper_0
TRACE::2022-11-18.08:45:13::SCWPlatform::Found the Hw Db part of the input DSA
TRACE::2022-11-18.08:45:13::SCWMssOS::Checking the sw design at  C:/Users/SESA630813/work-2/4EV_HandsOn_platt/zynqmp_pmufw/zynqmp_pmufw_bsp/system.mss
TRACE::2022-11-18.08:45:13::SCWMssOS::DEBUG:  swdes dump  C:/Users/SESA630813/work-2/4EV_HandsOn_platt/psu_cortexa53_0/standalone_domain/bsp/system.mss|system_1||
C:/Users/SESA630813/work-2/4EV_HandsOn_platt/zynqmp_fsbl/zynqmp_fsbl_bsp/system.mss|system||
C:/Users/SESA630813/work-2/4EV_HandsOn_platt/zynqmp_pmufw/zynqmp_pmufw_bsp/system.mss|system_0||

TRACE::2022-11-18.08:45:13::SCWMssOS::Sw design exists and opened at  C:/Users/SESA630813/work-2/4EV_HandsOn_platt/zynqmp_pmufw/zynqmp_pmufw_bsp/system.mss
TRACE::2022-11-18.08:45:13::SCWPlatform::Trying to open the hw design at C:/Users/SESA630813/work-2/4EV_HandsOn_platt/hw/Block_4EV_HandsOn.xsa
TRACE::2022-11-18.08:45:13::SCWPlatform::DSA given C:/Users/SESA630813/work-2/4EV_HandsOn_platt/hw/Block_4EV_HandsOn.xsa
TRACE::2022-11-18.08:45:13::SCWPlatform::DSA absoulate path C:/Users/SESA630813/work-2/4EV_HandsOn_platt/hw/Block_4EV_HandsOn.xsa
TRACE::2022-11-18.08:45:13::SCWPlatform::DSA directory C:/Users/SESA630813/work-2/4EV_HandsOn_platt/hw
TRACE::2022-11-18.08:45:13::SCWPlatform:: Platform Path C:/Users/SESA630813/work-2/4EV_HandsOn_platt/hw/Block_4EV_HandsOn.xsa
TRACE::2022-11-18.08:45:13::SCWPlatform:: Unique name xilinx:::0.0
TRACE::2022-11-18.08:45:13::SCWPlatform::Trying to set the existing hwdb with name Block_4EV_wrapper_0
TRACE::2022-11-18.08:45:13::SCWPlatform::Opened existing hwdb Block_4EV_wrapper_0
TRACE::2022-11-18.08:45:13::SCWPlatform::Found the Hw Db part of the input DSA
TRACE::2022-11-18.08:45:13::SCWMssOS::Checking the sw design at  C:/Users/SESA630813/work-2/4EV_HandsOn_platt/zynqmp_pmufw/zynqmp_pmufw_bsp/system.mss
TRACE::2022-11-18.08:45:13::SCWMssOS::DEBUG:  swdes dump  C:/Users/SESA630813/work-2/4EV_HandsOn_platt/psu_cortexa53_0/standalone_domain/bsp/system.mss|system_1||
C:/Users/SESA630813/work-2/4EV_HandsOn_platt/zynqmp_fsbl/zynqmp_fsbl_bsp/system.mss|system||
C:/Users/SESA630813/work-2/4EV_HandsOn_platt/zynqmp_pmufw/zynqmp_pmufw_bsp/system.mss|system_0||

TRACE::2022-11-18.08:45:13::SCWMssOS::Sw design exists and opened at  C:/Users/SESA630813/work-2/4EV_HandsOn_platt/zynqmp_pmufw/zynqmp_pmufw_bsp/system.mss
TRACE::2022-11-18.08:45:13::SCWPlatform::Trying to open the hw design at C:/Users/SESA630813/work-2/4EV_HandsOn_platt/hw/Block_4EV_HandsOn.xsa
TRACE::2022-11-18.08:45:13::SCWPlatform::DSA given C:/Users/SESA630813/work-2/4EV_HandsOn_platt/hw/Block_4EV_HandsOn.xsa
TRACE::2022-11-18.08:45:13::SCWPlatform::DSA absoulate path C:/Users/SESA630813/work-2/4EV_HandsOn_platt/hw/Block_4EV_HandsOn.xsa
TRACE::2022-11-18.08:45:13::SCWPlatform::DSA directory C:/Users/SESA630813/work-2/4EV_HandsOn_platt/hw
TRACE::2022-11-18.08:45:13::SCWPlatform:: Platform Path C:/Users/SESA630813/work-2/4EV_HandsOn_platt/hw/Block_4EV_HandsOn.xsa
TRACE::2022-11-18.08:45:13::SCWPlatform:: Unique name xilinx:::0.0
TRACE::2022-11-18.08:45:13::SCWPlatform::Trying to set the existing hwdb with name Block_4EV_wrapper_0
TRACE::2022-11-18.08:45:13::SCWPlatform::Opened existing hwdb Block_4EV_wrapper_0
TRACE::2022-11-18.08:45:13::SCWPlatform::Found the Hw Db part of the input DSA
TRACE::2022-11-18.08:45:13::SCWMssOS::Checking the sw design at  C:/Users/SESA630813/work-2/4EV_HandsOn_platt/psu_cortexa53_0/standalone_domain/bsp/system.mss
TRACE::2022-11-18.08:45:13::SCWMssOS::DEBUG:  swdes dump  C:/Users/SESA630813/work-2/4EV_HandsOn_platt/psu_cortexa53_0/standalone_domain/bsp/system.mss|system_1||
C:/Users/SESA630813/work-2/4EV_HandsOn_platt/zynqmp_fsbl/zynqmp_fsbl_bsp/system.mss|system||
C:/Users/SESA630813/work-2/4EV_HandsOn_platt/zynqmp_pmufw/zynqmp_pmufw_bsp/system.mss|system_0||

TRACE::2022-11-18.08:45:13::SCWMssOS::Sw design exists and opened at  C:/Users/SESA630813/work-2/4EV_HandsOn_platt/psu_cortexa53_0/standalone_domain/bsp/system.mss
TRACE::2022-11-18.08:45:13::SCWPlatform::Trying to open the hw design at C:/Users/SESA630813/work-2/4EV_HandsOn_platt/hw/Block_4EV_HandsOn.xsa
TRACE::2022-11-18.08:45:13::SCWPlatform::DSA given C:/Users/SESA630813/work-2/4EV_HandsOn_platt/hw/Block_4EV_HandsOn.xsa
TRACE::2022-11-18.08:45:13::SCWPlatform::DSA absoulate path C:/Users/SESA630813/work-2/4EV_HandsOn_platt/hw/Block_4EV_HandsOn.xsa
TRACE::2022-11-18.08:45:13::SCWPlatform::DSA directory C:/Users/SESA630813/work-2/4EV_HandsOn_platt/hw
TRACE::2022-11-18.08:45:13::SCWPlatform:: Platform Path C:/Users/SESA630813/work-2/4EV_HandsOn_platt/hw/Block_4EV_HandsOn.xsa
TRACE::2022-11-18.08:45:13::SCWPlatform:: Unique name xilinx:::0.0
TRACE::2022-11-18.08:45:13::SCWPlatform::Trying to set the existing hwdb with name Block_4EV_wrapper_0
TRACE::2022-11-18.08:45:13::SCWPlatform::Opened existing hwdb Block_4EV_wrapper_0
TRACE::2022-11-18.08:45:13::SCWPlatform::Found the Hw Db part of the input DSA
TRACE::2022-11-18.08:45:13::SCWMssOS::Checking the sw design at  C:/Users/SESA630813/work-2/4EV_HandsOn_platt/psu_cortexa53_0/standalone_domain/bsp/system.mss
TRACE::2022-11-18.08:45:13::SCWMssOS::DEBUG:  swdes dump  C:/Users/SESA630813/work-2/4EV_HandsOn_platt/psu_cortexa53_0/standalone_domain/bsp/system.mss|system_1||
C:/Users/SESA630813/work-2/4EV_HandsOn_platt/zynqmp_fsbl/zynqmp_fsbl_bsp/system.mss|system||
C:/Users/SESA630813/work-2/4EV_HandsOn_platt/zynqmp_pmufw/zynqmp_pmufw_bsp/system.mss|system_0||

TRACE::2022-11-18.08:45:13::SCWMssOS::Sw design exists and opened at  C:/Users/SESA630813/work-2/4EV_HandsOn_platt/psu_cortexa53_0/standalone_domain/bsp/system.mss
TRACE::2022-11-18.08:45:13::SCWPlatform::Trying to open the hw design at C:/Users/SESA630813/work-2/4EV_HandsOn_platt/hw/Block_4EV_HandsOn.xsa
TRACE::2022-11-18.08:45:13::SCWPlatform::DSA given C:/Users/SESA630813/work-2/4EV_HandsOn_platt/hw/Block_4EV_HandsOn.xsa
TRACE::2022-11-18.08:45:13::SCWPlatform::DSA absoulate path C:/Users/SESA630813/work-2/4EV_HandsOn_platt/hw/Block_4EV_HandsOn.xsa
TRACE::2022-11-18.08:45:13::SCWPlatform::DSA directory C:/Users/SESA630813/work-2/4EV_HandsOn_platt/hw
TRACE::2022-11-18.08:45:13::SCWPlatform:: Platform Path C:/Users/SESA630813/work-2/4EV_HandsOn_platt/hw/Block_4EV_HandsOn.xsa
TRACE::2022-11-18.08:45:13::SCWPlatform:: Unique name xilinx:::0.0
TRACE::2022-11-18.08:45:13::SCWPlatform::Trying to set the existing hwdb with name Block_4EV_wrapper_0
TRACE::2022-11-18.08:45:13::SCWPlatform::Opened existing hwdb Block_4EV_wrapper_0
TRACE::2022-11-18.08:45:13::SCWPlatform::Found the Hw Db part of the input DSA
TRACE::2022-11-18.08:45:13::SCWMssOS::Checking the sw design at  C:/Users/SESA630813/work-2/4EV_HandsOn_platt/psu_cortexa53_0/standalone_domain/bsp/system.mss
TRACE::2022-11-18.08:45:13::SCWMssOS::DEBUG:  swdes dump  C:/Users/SESA630813/work-2/4EV_HandsOn_platt/psu_cortexa53_0/standalone_domain/bsp/system.mss|system_1||
C:/Users/SESA630813/work-2/4EV_HandsOn_platt/zynqmp_fsbl/zynqmp_fsbl_bsp/system.mss|system||
C:/Users/SESA630813/work-2/4EV_HandsOn_platt/zynqmp_pmufw/zynqmp_pmufw_bsp/system.mss|system_0||

TRACE::2022-11-18.08:45:13::SCWMssOS::Sw design exists and opened at  C:/Users/SESA630813/work-2/4EV_HandsOn_platt/psu_cortexa53_0/standalone_domain/bsp/system.mss
TRACE::2022-11-18.08:45:13::SCWWriter::formatted JSON is {
	"platformName":	"4EV_HandsOn_platt",
	"sprVersion":	"2.0",
	"mode":	"gui",
	"dsaType":	"Fixed",
	"platformDesc":	"4EV_HandsOn_platt",
	"platHandOff":	"C:/Schneider/ScriptingPath/enclustra/4EV-Hands-On/Block_4EV_HandsOn.xsa",
	"platIntHandOff":	"<platformDir>/hw/Block_4EV_HandsOn.xsa",
	"deviceType":	"zynqMP",
	"platIsPrebuiltAutogen":	"false",
	"platIsNoBootBsp":	"false",
	"platFsblTarget":	"psu_cortexa53_0",
	"hasFsblMakeHasChanges":	"false",
	"hasPmufwMakeHasChanges":	"false",
	"fsblExtraCompilerFlags":	"-MMD -MP      -Wall -fmessage-length=0 -DARMA53_64 -Os -flto -ffat-lto-objects  ",
	"pmufwExtraCompilerFlags":	"-MMD -MP      -mlittle-endian -mxl-barrel-shift -mxl-pattern-compare -mcpu=v9.2 -mxl-soft-mul -Os -flto -ffat-lto-objects  ",
	"platPreBuiltFlag":	false,
	"platformSamplesDir":	"",
	"platActiveSys":	"4EV_HandsOn_platt",
	"systems":	[{
			"systemName":	"4EV_HandsOn_platt",
			"systemDesc":	"4EV_HandsOn_platt",
			"sysIsBootAutoGen":	"true",
			"systemDispName":	"4EV_HandsOn_platt",
			"sysActiveDom":	"standalone_domain",
			"sysDefaultDom":	"standalone_domain",
			"domains":	[{
					"domainName":	"zynqmp_fsbl",
					"domainDispName":	"zynqmp_fsbl",
					"domainDesc":	"FSBL Application BSP - Auto Generated.",
					"processors":	"psu_cortexa53_0",
					"os":	"standalone",
					"sdxOs":	"standalone",
					"debugEnable":	"",
					"domRuntimes":	["cpp"],
					"swRepo":	"",
					"mssOsVer":	"7.6",
					"mssFile":	"",
					"md5Digest":	"f0f90a35a6a229e56057b23e4b7162c6",
					"compatibleApp":	"zynqmp_fsbl",
					"domType":	"bootDomain",
					"arch":	"64-bit",
					"appSettings":	{
						"appCompilerFlags":	"",
						"appLinkerFlags":	""
					},
					"addedLibs":	["xilffs:4.6", "xilsecure:4.6", "xilpm:3.5"],
					"libOptions":	{
						"standalone":	{
							"zynqmp_fsbl_bsp":	"true",
							"libOptionNames":	["zynqmp_fsbl_bsp"]
						},
						"xilffs":	{
							"read_only":	"true",
							"use_mkfs":	"false",
							"libOptionNames":	["read_only", "use_mkfs"]
						},
						"xilsecure":	{
							"tpm_support":	"true",
							"libOptionNames":	["tpm_support"]
						},
						"libsContainingOptions":	["standalone", "xilffs", "xilsecure"]
					},
					"prebuiltLibs":	{
						"prebuiltIncPath":	[],
						"prebuiltLibPath":	[]
					},
					"isolation":	{
					}
				}, {
					"domainName":	"zynqmp_pmufw",
					"domainDispName":	"zynqmp_pmufw",
					"domainDesc":	"PMUFW Application BSP - Auto Generated.",
					"processors":	"psu_pmu_0",
					"os":	"standalone",
					"sdxOs":	"standalone",
					"debugEnable":	"",
					"domRuntimes":	["cpp"],
					"swRepo":	"",
					"mssOsVer":	"7.6",
					"mssFile":	"",
					"md5Digest":	"2252945fa1d34af486e1005da291d4dd",
					"compatibleApp":	"zynqmp_pmufw",
					"domType":	"bootDomain",
					"arch":	"32-bit",
					"appSettings":	{
						"appCompilerFlags":	"",
						"appLinkerFlags":	""
					},
					"addedLibs":	["xilfpga:6.1", "xilsecure:4.6", "xilskey:7.2"],
					"libOptions":	{
						"psu_pmu_0":	{
							"extra_compiler_flags":	"-g -ffunction-sections -fdata-sections -Wall -Wextra -fno-tree-loop-distribute-patterns  -Os -flto -ffat-lto-objects",
							"libOptionNames":	["extra_compiler_flags"]
						},
						"libsContainingOptions":	["psu_pmu_0"]
					},
					"prebuiltLibs":	{
						"prebuiltIncPath":	[],
						"prebuiltLibPath":	[]
					},
					"isolation":	{
					}
				}, {
					"domainName":	"standalone_domain",
					"domainDispName":	"standalone on psu_cortexa53_0",
					"domainDesc":	"standalone_domain",
					"processors":	"psu_cortexa53_0",
					"os":	"standalone",
					"sdxOs":	"standalone",
					"qemuArgs":	"C:/Xilinx3/Vitis/2021.2/data/emulation/platforms/zynqmp/sw/a53_standalone/qemu/qemu_args.txt",
					"qemuData":	"C:/Xilinx3/Vitis/2021.2/data/emulation/platforms/zynqmp/sw/a53_standalone/qemu/",
					"pmuQemuArgs":	"C:/Xilinx3/Vitis/2021.2/data/emulation/platforms/zynqmp/sw/a53_standalone/qemu/pmu_args.txt",
					"debugEnable":	"False",
					"domRuntimes":	["cpp"],
					"swRepo":	"",
					"mssOsVer":	"7.6",
					"mssFile":	"",
					"md5Digest":	"a7380b93d62648222d0ccf0a3c72bcd4",
					"compatibleApp":	"",
					"domType":	"mssDomain",
					"arch":	"64-bit",
					"appSettings":	{
						"appCompilerFlags":	"",
						"appLinkerFlags":	""
					},
					"addedLibs":	[],
					"libOptions":	{
						"libsContainingOptions":	[]
					},
					"prebuiltLibs":	{
						"prebuiltIncPath":	[],
						"prebuiltLibPath":	[]
					},
					"isolation":	{
					}
				}]
		}]
}
TRACE::2022-11-18.08:45:13::SCWMssOS::Saving the mss changes C:/Users/SESA630813/work-2/4EV_HandsOn_platt/zynqmp_fsbl/zynqmp_fsbl_bsp/system.mss
TRACE::2022-11-18.08:45:13::SCWMssOS::Found a swdesign opened with the mssfile.
TRACE::2022-11-18.08:45:13::SCWMssOS::Completed writemss as part of save.
TRACE::2022-11-18.08:45:13::SCWMssOS::Commit changes completed.
TRACE::2022-11-18.08:45:13::SCWMssOS::Saving the mss changes C:/Users/SESA630813/work-2/4EV_HandsOn_platt/zynqmp_pmufw/zynqmp_pmufw_bsp/system.mss
TRACE::2022-11-18.08:45:13::SCWMssOS::Found a swdesign opened with the mssfile.
TRACE::2022-11-18.08:45:13::SCWMssOS::Completed writemss as part of save.
TRACE::2022-11-18.08:45:13::SCWMssOS::Commit changes completed.
TRACE::2022-11-18.08:45:13::SCWMssOS::Saving the mss changes C:/Users/SESA630813/work-2/4EV_HandsOn_platt/psu_cortexa53_0/standalone_domain/bsp/system.mss
TRACE::2022-11-18.08:45:13::SCWMssOS::Found a swdesign opened with the mssfile.
TRACE::2022-11-18.08:45:13::SCWMssOS::Completed writemss as part of save.
TRACE::2022-11-18.08:45:13::SCWMssOS::Commit changes completed.
TRACE::2022-11-18.08:45:13::SCWPlatform::Trying to open the hw design at C:/Users/SESA630813/work-2/4EV_HandsOn_platt/hw/Block_4EV_HandsOn.xsa
TRACE::2022-11-18.08:45:13::SCWPlatform::DSA given C:/Users/SESA630813/work-2/4EV_HandsOn_platt/hw/Block_4EV_HandsOn.xsa
TRACE::2022-11-18.08:45:13::SCWPlatform::DSA absoulate path C:/Users/SESA630813/work-2/4EV_HandsOn_platt/hw/Block_4EV_HandsOn.xsa
TRACE::2022-11-18.08:45:13::SCWPlatform::DSA directory C:/Users/SESA630813/work-2/4EV_HandsOn_platt/hw
TRACE::2022-11-18.08:45:13::SCWPlatform:: Platform Path C:/Users/SESA630813/work-2/4EV_HandsOn_platt/hw/Block_4EV_HandsOn.xsa
TRACE::2022-11-18.08:45:13::SCWPlatform:: Unique name xilinx:::0.0
TRACE::2022-11-18.08:45:13::SCWPlatform::Trying to set the existing hwdb with name Block_4EV_wrapper_0
TRACE::2022-11-18.08:45:13::SCWPlatform::Opened existing hwdb Block_4EV_wrapper_0
TRACE::2022-11-18.08:45:13::SCWPlatform::Found the Hw Db part of the input DSA
TRACE::2022-11-18.08:45:13::SCWMssOS::Checking the sw design at  C:/Users/SESA630813/work-2/4EV_HandsOn_platt/zynqmp_fsbl/zynqmp_fsbl_bsp/system.mss
TRACE::2022-11-18.08:45:13::SCWMssOS::DEBUG:  swdes dump  C:/Users/SESA630813/work-2/4EV_HandsOn_platt/psu_cortexa53_0/standalone_domain/bsp/system.mss|system_1||
C:/Users/SESA630813/work-2/4EV_HandsOn_platt/zynqmp_fsbl/zynqmp_fsbl_bsp/system.mss|system||
C:/Users/SESA630813/work-2/4EV_HandsOn_platt/zynqmp_pmufw/zynqmp_pmufw_bsp/system.mss|system_0||

TRACE::2022-11-18.08:45:13::SCWMssOS::Sw design exists and opened at  C:/Users/SESA630813/work-2/4EV_HandsOn_platt/zynqmp_fsbl/zynqmp_fsbl_bsp/system.mss
TRACE::2022-11-18.08:45:13::SCWPlatform::Trying to open the hw design at C:/Users/SESA630813/work-2/4EV_HandsOn_platt/hw/Block_4EV_HandsOn.xsa
TRACE::2022-11-18.08:45:13::SCWPlatform::DSA given C:/Users/SESA630813/work-2/4EV_HandsOn_platt/hw/Block_4EV_HandsOn.xsa
TRACE::2022-11-18.08:45:13::SCWPlatform::DSA absoulate path C:/Users/SESA630813/work-2/4EV_HandsOn_platt/hw/Block_4EV_HandsOn.xsa
TRACE::2022-11-18.08:45:13::SCWPlatform::DSA directory C:/Users/SESA630813/work-2/4EV_HandsOn_platt/hw
TRACE::2022-11-18.08:45:13::SCWPlatform:: Platform Path C:/Users/SESA630813/work-2/4EV_HandsOn_platt/hw/Block_4EV_HandsOn.xsa
TRACE::2022-11-18.08:45:13::SCWPlatform:: Unique name xilinx:::0.0
TRACE::2022-11-18.08:45:13::SCWPlatform::Trying to set the existing hwdb with name Block_4EV_wrapper_0
TRACE::2022-11-18.08:45:13::SCWPlatform::Opened existing hwdb Block_4EV_wrapper_0
TRACE::2022-11-18.08:45:13::SCWPlatform::Found the Hw Db part of the input DSA
TRACE::2022-11-18.08:45:13::SCWMssOS::Checking the sw design at  C:/Users/SESA630813/work-2/4EV_HandsOn_platt/zynqmp_fsbl/zynqmp_fsbl_bsp/system.mss
TRACE::2022-11-18.08:45:13::SCWMssOS::DEBUG:  swdes dump  C:/Users/SESA630813/work-2/4EV_HandsOn_platt/psu_cortexa53_0/standalone_domain/bsp/system.mss|system_1||
C:/Users/SESA630813/work-2/4EV_HandsOn_platt/zynqmp_fsbl/zynqmp_fsbl_bsp/system.mss|system||
C:/Users/SESA630813/work-2/4EV_HandsOn_platt/zynqmp_pmufw/zynqmp_pmufw_bsp/system.mss|system_0||

TRACE::2022-11-18.08:45:13::SCWMssOS::Sw design exists and opened at  C:/Users/SESA630813/work-2/4EV_HandsOn_platt/zynqmp_fsbl/zynqmp_fsbl_bsp/system.mss
TRACE::2022-11-18.08:45:13::SCWPlatform::Trying to open the hw design at C:/Users/SESA630813/work-2/4EV_HandsOn_platt/hw/Block_4EV_HandsOn.xsa
TRACE::2022-11-18.08:45:13::SCWPlatform::DSA given C:/Users/SESA630813/work-2/4EV_HandsOn_platt/hw/Block_4EV_HandsOn.xsa
TRACE::2022-11-18.08:45:13::SCWPlatform::DSA absoulate path C:/Users/SESA630813/work-2/4EV_HandsOn_platt/hw/Block_4EV_HandsOn.xsa
TRACE::2022-11-18.08:45:13::SCWPlatform::DSA directory C:/Users/SESA630813/work-2/4EV_HandsOn_platt/hw
TRACE::2022-11-18.08:45:13::SCWPlatform:: Platform Path C:/Users/SESA630813/work-2/4EV_HandsOn_platt/hw/Block_4EV_HandsOn.xsa
TRACE::2022-11-18.08:45:13::SCWPlatform:: Unique name xilinx:::0.0
TRACE::2022-11-18.08:45:13::SCWPlatform::Trying to set the existing hwdb with name Block_4EV_wrapper_0
TRACE::2022-11-18.08:45:13::SCWPlatform::Opened existing hwdb Block_4EV_wrapper_0
TRACE::2022-11-18.08:45:13::SCWPlatform::Found the Hw Db part of the input DSA
TRACE::2022-11-18.08:45:13::SCWMssOS::Checking the sw design at  C:/Users/SESA630813/work-2/4EV_HandsOn_platt/zynqmp_fsbl/zynqmp_fsbl_bsp/system.mss
TRACE::2022-11-18.08:45:13::SCWMssOS::DEBUG:  swdes dump  C:/Users/SESA630813/work-2/4EV_HandsOn_platt/psu_cortexa53_0/standalone_domain/bsp/system.mss|system_1||
C:/Users/SESA630813/work-2/4EV_HandsOn_platt/zynqmp_fsbl/zynqmp_fsbl_bsp/system.mss|system||
C:/Users/SESA630813/work-2/4EV_HandsOn_platt/zynqmp_pmufw/zynqmp_pmufw_bsp/system.mss|system_0||

TRACE::2022-11-18.08:45:13::SCWMssOS::Sw design exists and opened at  C:/Users/SESA630813/work-2/4EV_HandsOn_platt/zynqmp_fsbl/zynqmp_fsbl_bsp/system.mss
TRACE::2022-11-18.08:45:13::SCWPlatform::Trying to open the hw design at C:/Users/SESA630813/work-2/4EV_HandsOn_platt/hw/Block_4EV_HandsOn.xsa
TRACE::2022-11-18.08:45:13::SCWPlatform::DSA given C:/Users/SESA630813/work-2/4EV_HandsOn_platt/hw/Block_4EV_HandsOn.xsa
TRACE::2022-11-18.08:45:13::SCWPlatform::DSA absoulate path C:/Users/SESA630813/work-2/4EV_HandsOn_platt/hw/Block_4EV_HandsOn.xsa
TRACE::2022-11-18.08:45:13::SCWPlatform::DSA directory C:/Users/SESA630813/work-2/4EV_HandsOn_platt/hw
TRACE::2022-11-18.08:45:13::SCWPlatform:: Platform Path C:/Users/SESA630813/work-2/4EV_HandsOn_platt/hw/Block_4EV_HandsOn.xsa
TRACE::2022-11-18.08:45:13::SCWPlatform:: Unique name xilinx:::0.0
TRACE::2022-11-18.08:45:13::SCWPlatform::Trying to set the existing hwdb with name Block_4EV_wrapper_0
TRACE::2022-11-18.08:45:13::SCWPlatform::Opened existing hwdb Block_4EV_wrapper_0
TRACE::2022-11-18.08:45:13::SCWPlatform::Found the Hw Db part of the input DSA
TRACE::2022-11-18.08:45:13::SCWMssOS::Checking the sw design at  C:/Users/SESA630813/work-2/4EV_HandsOn_platt/zynqmp_pmufw/zynqmp_pmufw_bsp/system.mss
TRACE::2022-11-18.08:45:13::SCWMssOS::DEBUG:  swdes dump  C:/Users/SESA630813/work-2/4EV_HandsOn_platt/psu_cortexa53_0/standalone_domain/bsp/system.mss|system_1||
C:/Users/SESA630813/work-2/4EV_HandsOn_platt/zynqmp_fsbl/zynqmp_fsbl_bsp/system.mss|system||
C:/Users/SESA630813/work-2/4EV_HandsOn_platt/zynqmp_pmufw/zynqmp_pmufw_bsp/system.mss|system_0||

TRACE::2022-11-18.08:45:13::SCWMssOS::Sw design exists and opened at  C:/Users/SESA630813/work-2/4EV_HandsOn_platt/zynqmp_pmufw/zynqmp_pmufw_bsp/system.mss
TRACE::2022-11-18.08:45:13::SCWPlatform::Trying to open the hw design at C:/Users/SESA630813/work-2/4EV_HandsOn_platt/hw/Block_4EV_HandsOn.xsa
TRACE::2022-11-18.08:45:13::SCWPlatform::DSA given C:/Users/SESA630813/work-2/4EV_HandsOn_platt/hw/Block_4EV_HandsOn.xsa
TRACE::2022-11-18.08:45:13::SCWPlatform::DSA absoulate path C:/Users/SESA630813/work-2/4EV_HandsOn_platt/hw/Block_4EV_HandsOn.xsa
TRACE::2022-11-18.08:45:13::SCWPlatform::DSA directory C:/Users/SESA630813/work-2/4EV_HandsOn_platt/hw
TRACE::2022-11-18.08:45:13::SCWPlatform:: Platform Path C:/Users/SESA630813/work-2/4EV_HandsOn_platt/hw/Block_4EV_HandsOn.xsa
TRACE::2022-11-18.08:45:13::SCWPlatform:: Unique name xilinx:::0.0
TRACE::2022-11-18.08:45:13::SCWPlatform::Trying to set the existing hwdb with name Block_4EV_wrapper_0
TRACE::2022-11-18.08:45:13::SCWPlatform::Opened existing hwdb Block_4EV_wrapper_0
TRACE::2022-11-18.08:45:13::SCWPlatform::Found the Hw Db part of the input DSA
TRACE::2022-11-18.08:45:13::SCWMssOS::Checking the sw design at  C:/Users/SESA630813/work-2/4EV_HandsOn_platt/zynqmp_pmufw/zynqmp_pmufw_bsp/system.mss
TRACE::2022-11-18.08:45:13::SCWMssOS::DEBUG:  swdes dump  C:/Users/SESA630813/work-2/4EV_HandsOn_platt/psu_cortexa53_0/standalone_domain/bsp/system.mss|system_1||
C:/Users/SESA630813/work-2/4EV_HandsOn_platt/zynqmp_fsbl/zynqmp_fsbl_bsp/system.mss|system||
C:/Users/SESA630813/work-2/4EV_HandsOn_platt/zynqmp_pmufw/zynqmp_pmufw_bsp/system.mss|system_0||

TRACE::2022-11-18.08:45:13::SCWMssOS::Sw design exists and opened at  C:/Users/SESA630813/work-2/4EV_HandsOn_platt/zynqmp_pmufw/zynqmp_pmufw_bsp/system.mss
TRACE::2022-11-18.08:45:13::SCWPlatform::Trying to open the hw design at C:/Users/SESA630813/work-2/4EV_HandsOn_platt/hw/Block_4EV_HandsOn.xsa
TRACE::2022-11-18.08:45:13::SCWPlatform::DSA given C:/Users/SESA630813/work-2/4EV_HandsOn_platt/hw/Block_4EV_HandsOn.xsa
TRACE::2022-11-18.08:45:13::SCWPlatform::DSA absoulate path C:/Users/SESA630813/work-2/4EV_HandsOn_platt/hw/Block_4EV_HandsOn.xsa
TRACE::2022-11-18.08:45:13::SCWPlatform::DSA directory C:/Users/SESA630813/work-2/4EV_HandsOn_platt/hw
TRACE::2022-11-18.08:45:13::SCWPlatform:: Platform Path C:/Users/SESA630813/work-2/4EV_HandsOn_platt/hw/Block_4EV_HandsOn.xsa
TRACE::2022-11-18.08:45:13::SCWPlatform:: Unique name xilinx:::0.0
TRACE::2022-11-18.08:45:13::SCWPlatform::Trying to set the existing hwdb with name Block_4EV_wrapper_0
TRACE::2022-11-18.08:45:13::SCWPlatform::Opened existing hwdb Block_4EV_wrapper_0
TRACE::2022-11-18.08:45:13::SCWPlatform::Found the Hw Db part of the input DSA
TRACE::2022-11-18.08:45:13::SCWMssOS::Checking the sw design at  C:/Users/SESA630813/work-2/4EV_HandsOn_platt/zynqmp_pmufw/zynqmp_pmufw_bsp/system.mss
TRACE::2022-11-18.08:45:13::SCWMssOS::DEBUG:  swdes dump  C:/Users/SESA630813/work-2/4EV_HandsOn_platt/psu_cortexa53_0/standalone_domain/bsp/system.mss|system_1||
C:/Users/SESA630813/work-2/4EV_HandsOn_platt/zynqmp_fsbl/zynqmp_fsbl_bsp/system.mss|system||
C:/Users/SESA630813/work-2/4EV_HandsOn_platt/zynqmp_pmufw/zynqmp_pmufw_bsp/system.mss|system_0||

TRACE::2022-11-18.08:45:13::SCWMssOS::Sw design exists and opened at  C:/Users/SESA630813/work-2/4EV_HandsOn_platt/zynqmp_pmufw/zynqmp_pmufw_bsp/system.mss
TRACE::2022-11-18.08:45:13::SCWPlatform::Trying to open the hw design at C:/Users/SESA630813/work-2/4EV_HandsOn_platt/hw/Block_4EV_HandsOn.xsa
TRACE::2022-11-18.08:45:13::SCWPlatform::DSA given C:/Users/SESA630813/work-2/4EV_HandsOn_platt/hw/Block_4EV_HandsOn.xsa
TRACE::2022-11-18.08:45:13::SCWPlatform::DSA absoulate path C:/Users/SESA630813/work-2/4EV_HandsOn_platt/hw/Block_4EV_HandsOn.xsa
TRACE::2022-11-18.08:45:13::SCWPlatform::DSA directory C:/Users/SESA630813/work-2/4EV_HandsOn_platt/hw
TRACE::2022-11-18.08:45:13::SCWPlatform:: Platform Path C:/Users/SESA630813/work-2/4EV_HandsOn_platt/hw/Block_4EV_HandsOn.xsa
TRACE::2022-11-18.08:45:13::SCWPlatform:: Unique name xilinx:::0.0
TRACE::2022-11-18.08:45:13::SCWPlatform::Trying to set the existing hwdb with name Block_4EV_wrapper_0
TRACE::2022-11-18.08:45:13::SCWPlatform::Opened existing hwdb Block_4EV_wrapper_0
TRACE::2022-11-18.08:45:13::SCWPlatform::Found the Hw Db part of the input DSA
TRACE::2022-11-18.08:45:13::SCWMssOS::Checking the sw design at  C:/Users/SESA630813/work-2/4EV_HandsOn_platt/psu_cortexa53_0/standalone_domain/bsp/system.mss
TRACE::2022-11-18.08:45:13::SCWMssOS::DEBUG:  swdes dump  C:/Users/SESA630813/work-2/4EV_HandsOn_platt/psu_cortexa53_0/standalone_domain/bsp/system.mss|system_1||
C:/Users/SESA630813/work-2/4EV_HandsOn_platt/zynqmp_fsbl/zynqmp_fsbl_bsp/system.mss|system||
C:/Users/SESA630813/work-2/4EV_HandsOn_platt/zynqmp_pmufw/zynqmp_pmufw_bsp/system.mss|system_0||

TRACE::2022-11-18.08:45:13::SCWMssOS::Sw design exists and opened at  C:/Users/SESA630813/work-2/4EV_HandsOn_platt/psu_cortexa53_0/standalone_domain/bsp/system.mss
TRACE::2022-11-18.08:45:13::SCWPlatform::Trying to open the hw design at C:/Users/SESA630813/work-2/4EV_HandsOn_platt/hw/Block_4EV_HandsOn.xsa
TRACE::2022-11-18.08:45:13::SCWPlatform::DSA given C:/Users/SESA630813/work-2/4EV_HandsOn_platt/hw/Block_4EV_HandsOn.xsa
TRACE::2022-11-18.08:45:13::SCWPlatform::DSA absoulate path C:/Users/SESA630813/work-2/4EV_HandsOn_platt/hw/Block_4EV_HandsOn.xsa
TRACE::2022-11-18.08:45:13::SCWPlatform::DSA directory C:/Users/SESA630813/work-2/4EV_HandsOn_platt/hw
TRACE::2022-11-18.08:45:13::SCWPlatform:: Platform Path C:/Users/SESA630813/work-2/4EV_HandsOn_platt/hw/Block_4EV_HandsOn.xsa
TRACE::2022-11-18.08:45:13::SCWPlatform:: Unique name xilinx:::0.0
TRACE::2022-11-18.08:45:13::SCWPlatform::Trying to set the existing hwdb with name Block_4EV_wrapper_0
TRACE::2022-11-18.08:45:13::SCWPlatform::Opened existing hwdb Block_4EV_wrapper_0
TRACE::2022-11-18.08:45:13::SCWPlatform::Found the Hw Db part of the input DSA
TRACE::2022-11-18.08:45:13::SCWMssOS::Checking the sw design at  C:/Users/SESA630813/work-2/4EV_HandsOn_platt/psu_cortexa53_0/standalone_domain/bsp/system.mss
TRACE::2022-11-18.08:45:13::SCWMssOS::DEBUG:  swdes dump  C:/Users/SESA630813/work-2/4EV_HandsOn_platt/psu_cortexa53_0/standalone_domain/bsp/system.mss|system_1||
C:/Users/SESA630813/work-2/4EV_HandsOn_platt/zynqmp_fsbl/zynqmp_fsbl_bsp/system.mss|system||
C:/Users/SESA630813/work-2/4EV_HandsOn_platt/zynqmp_pmufw/zynqmp_pmufw_bsp/system.mss|system_0||

TRACE::2022-11-18.08:45:13::SCWMssOS::Sw design exists and opened at  C:/Users/SESA630813/work-2/4EV_HandsOn_platt/psu_cortexa53_0/standalone_domain/bsp/system.mss
TRACE::2022-11-18.08:45:13::SCWPlatform::Trying to open the hw design at C:/Users/SESA630813/work-2/4EV_HandsOn_platt/hw/Block_4EV_HandsOn.xsa
TRACE::2022-11-18.08:45:13::SCWPlatform::DSA given C:/Users/SESA630813/work-2/4EV_HandsOn_platt/hw/Block_4EV_HandsOn.xsa
TRACE::2022-11-18.08:45:13::SCWPlatform::DSA absoulate path C:/Users/SESA630813/work-2/4EV_HandsOn_platt/hw/Block_4EV_HandsOn.xsa
TRACE::2022-11-18.08:45:13::SCWPlatform::DSA directory C:/Users/SESA630813/work-2/4EV_HandsOn_platt/hw
TRACE::2022-11-18.08:45:13::SCWPlatform:: Platform Path C:/Users/SESA630813/work-2/4EV_HandsOn_platt/hw/Block_4EV_HandsOn.xsa
TRACE::2022-11-18.08:45:13::SCWPlatform:: Unique name xilinx:::0.0
TRACE::2022-11-18.08:45:13::SCWPlatform::Trying to set the existing hwdb with name Block_4EV_wrapper_0
TRACE::2022-11-18.08:45:13::SCWPlatform::Opened existing hwdb Block_4EV_wrapper_0
TRACE::2022-11-18.08:45:13::SCWPlatform::Found the Hw Db part of the input DSA
TRACE::2022-11-18.08:45:13::SCWMssOS::Checking the sw design at  C:/Users/SESA630813/work-2/4EV_HandsOn_platt/psu_cortexa53_0/standalone_domain/bsp/system.mss
TRACE::2022-11-18.08:45:13::SCWMssOS::DEBUG:  swdes dump  C:/Users/SESA630813/work-2/4EV_HandsOn_platt/psu_cortexa53_0/standalone_domain/bsp/system.mss|system_1||
C:/Users/SESA630813/work-2/4EV_HandsOn_platt/zynqmp_fsbl/zynqmp_fsbl_bsp/system.mss|system||
C:/Users/SESA630813/work-2/4EV_HandsOn_platt/zynqmp_pmufw/zynqmp_pmufw_bsp/system.mss|system_0||

TRACE::2022-11-18.08:45:13::SCWMssOS::Sw design exists and opened at  C:/Users/SESA630813/work-2/4EV_HandsOn_platt/psu_cortexa53_0/standalone_domain/bsp/system.mss
TRACE::2022-11-18.08:45:13::SCWWriter::formatted JSON is {
	"platformName":	"4EV_HandsOn_platt",
	"sprVersion":	"2.0",
	"mode":	"gui",
	"dsaType":	"Fixed",
	"platformDesc":	"4EV_HandsOn_platt",
	"platHandOff":	"C:/Schneider/ScriptingPath/enclustra/4EV-Hands-On/Block_4EV_HandsOn.xsa",
	"platIntHandOff":	"<platformDir>/hw/Block_4EV_HandsOn.xsa",
	"deviceType":	"zynqMP",
	"platIsPrebuiltAutogen":	"false",
	"platIsNoBootBsp":	"false",
	"platFsblTarget":	"psu_cortexa53_0",
	"hasFsblMakeHasChanges":	"false",
	"hasPmufwMakeHasChanges":	"false",
	"fsblExtraCompilerFlags":	"-MMD -MP      -Wall -fmessage-length=0 -DARMA53_64 -Os -flto -ffat-lto-objects  ",
	"pmufwExtraCompilerFlags":	"-MMD -MP      -mlittle-endian -mxl-barrel-shift -mxl-pattern-compare -mcpu=v9.2 -mxl-soft-mul -Os -flto -ffat-lto-objects  ",
	"platPreBuiltFlag":	false,
	"platformSamplesDir":	"",
	"platActiveSys":	"4EV_HandsOn_platt",
	"systems":	[{
			"systemName":	"4EV_HandsOn_platt",
			"systemDesc":	"4EV_HandsOn_platt",
			"sysIsBootAutoGen":	"true",
			"systemDispName":	"4EV_HandsOn_platt",
			"sysActiveDom":	"standalone_domain",
			"sysDefaultDom":	"standalone_domain",
			"domains":	[{
					"domainName":	"zynqmp_fsbl",
					"domainDispName":	"zynqmp_fsbl",
					"domainDesc":	"FSBL Application BSP - Auto Generated.",
					"processors":	"psu_cortexa53_0",
					"os":	"standalone",
					"sdxOs":	"standalone",
					"debugEnable":	"",
					"domRuntimes":	["cpp"],
					"swRepo":	"",
					"mssOsVer":	"7.6",
					"mssFile":	"",
					"md5Digest":	"f0f90a35a6a229e56057b23e4b7162c6",
					"compatibleApp":	"zynqmp_fsbl",
					"domType":	"bootDomain",
					"arch":	"64-bit",
					"appSettings":	{
						"appCompilerFlags":	"",
						"appLinkerFlags":	""
					},
					"addedLibs":	["xilffs:4.6", "xilsecure:4.6", "xilpm:3.5"],
					"libOptions":	{
						"standalone":	{
							"zynqmp_fsbl_bsp":	"true",
							"libOptionNames":	["zynqmp_fsbl_bsp"]
						},
						"xilffs":	{
							"read_only":	"true",
							"use_mkfs":	"false",
							"libOptionNames":	["read_only", "use_mkfs"]
						},
						"xilsecure":	{
							"tpm_support":	"true",
							"libOptionNames":	["tpm_support"]
						},
						"libsContainingOptions":	["standalone", "xilffs", "xilsecure"]
					},
					"prebuiltLibs":	{
						"prebuiltIncPath":	[],
						"prebuiltLibPath":	[]
					},
					"isolation":	{
					}
				}, {
					"domainName":	"zynqmp_pmufw",
					"domainDispName":	"zynqmp_pmufw",
					"domainDesc":	"PMUFW Application BSP - Auto Generated.",
					"processors":	"psu_pmu_0",
					"os":	"standalone",
					"sdxOs":	"standalone",
					"debugEnable":	"",
					"domRuntimes":	["cpp"],
					"swRepo":	"",
					"mssOsVer":	"7.6",
					"mssFile":	"",
					"md5Digest":	"2252945fa1d34af486e1005da291d4dd",
					"compatibleApp":	"zynqmp_pmufw",
					"domType":	"bootDomain",
					"arch":	"32-bit",
					"appSettings":	{
						"appCompilerFlags":	"",
						"appLinkerFlags":	""
					},
					"addedLibs":	["xilfpga:6.1", "xilsecure:4.6", "xilskey:7.2"],
					"libOptions":	{
						"psu_pmu_0":	{
							"extra_compiler_flags":	"-g -ffunction-sections -fdata-sections -Wall -Wextra -fno-tree-loop-distribute-patterns  -Os -flto -ffat-lto-objects",
							"libOptionNames":	["extra_compiler_flags"]
						},
						"libsContainingOptions":	["psu_pmu_0"]
					},
					"prebuiltLibs":	{
						"prebuiltIncPath":	[],
						"prebuiltLibPath":	[]
					},
					"isolation":	{
					}
				}, {
					"domainName":	"standalone_domain",
					"domainDispName":	"standalone on psu_cortexa53_0",
					"domainDesc":	"standalone_domain",
					"processors":	"psu_cortexa53_0",
					"os":	"standalone",
					"sdxOs":	"standalone",
					"qemuArgs":	"C:/Xilinx3/Vitis/2021.2/data/emulation/platforms/zynqmp/sw/a53_standalone/qemu/qemu_args.txt",
					"qemuData":	"C:/Xilinx3/Vitis/2021.2/data/emulation/platforms/zynqmp/sw/a53_standalone/qemu/",
					"pmuQemuArgs":	"C:/Xilinx3/Vitis/2021.2/data/emulation/platforms/zynqmp/sw/a53_standalone/qemu/pmu_args.txt",
					"debugEnable":	"False",
					"domRuntimes":	["cpp"],
					"swRepo":	"",
					"mssOsVer":	"7.6",
					"mssFile":	"",
					"md5Digest":	"a7380b93d62648222d0ccf0a3c72bcd4",
					"compatibleApp":	"",
					"domType":	"mssDomain",
					"arch":	"64-bit",
					"appSettings":	{
						"appCompilerFlags":	"",
						"appLinkerFlags":	""
					},
					"addedLibs":	[],
					"libOptions":	{
						"libsContainingOptions":	[]
					},
					"prebuiltLibs":	{
						"prebuiltIncPath":	[],
						"prebuiltLibPath":	[]
					},
					"isolation":	{
					}
				}]
		}]
}
TRACE::2022-11-18.08:45:14::SCWPlatform::Clearing the existing platform
TRACE::2022-11-18.08:45:14::SCWSystem::Clearing the existing sysconfig
TRACE::2022-11-18.08:45:14::SCWBDomain::clearing the fsbl build
TRACE::2022-11-18.08:45:14::SCWMssOS::Removing the swdes entry for  C:/Users/SESA630813/work-2/4EV_HandsOn_platt/zynqmp_fsbl/zynqmp_fsbl_bsp/system.mss
TRACE::2022-11-18.08:45:14::SCWBDomain::clearing the pmufw build
TRACE::2022-11-18.08:45:14::SCWMssOS::Removing the swdes entry for  C:/Users/SESA630813/work-2/4EV_HandsOn_platt/zynqmp_pmufw/zynqmp_pmufw_bsp/system.mss
TRACE::2022-11-18.08:45:14::SCWMssOS::Removing the swdes entry for  C:/Users/SESA630813/work-2/4EV_HandsOn_platt/psu_cortexa53_0/standalone_domain/bsp/system.mss
TRACE::2022-11-18.08:45:14::SCWSystem::Clearing the domains completed.
TRACE::2022-11-18.08:45:14::SCWPlatform::Clearing the opened hw db.
TRACE::2022-11-18.08:45:14::SCWPlatform::DSA given C:/Users/SESA630813/work-2/4EV_HandsOn_platt/hw/Block_4EV_HandsOn.xsa
TRACE::2022-11-18.08:45:14::SCWPlatform::DSA absoulate path C:/Users/SESA630813/work-2/4EV_HandsOn_platt/hw/Block_4EV_HandsOn.xsa
TRACE::2022-11-18.08:45:14::SCWPlatform:: Platform location is C:/Users/SESA630813/work-2/4EV_HandsOn_platt/hw
TRACE::2022-11-18.08:45:14::SCWPlatform:: Platform Path C:/Users/SESA630813/work-2/4EV_HandsOn_platt/hw/Block_4EV_HandsOn.xsa
TRACE::2022-11-18.08:45:14::SCWPlatform:: Unique name xilinx:::0.0
TRACE::2022-11-18.08:45:14::SCWPlatform::Removing the HwDB with name C:/Users/SESA630813/work-2/4EV_HandsOn_platt/hw/Block_4EV_HandsOn.xsa
TRACE::2022-11-18.08:45:14::SCWPlatform::Trying to open the hw design at C:/Users/SESA630813/work-2/4EV_HandsOn_platt/hw/Block_4EV_HandsOn.xsa
TRACE::2022-11-18.08:45:14::SCWPlatform::DSA given C:/Users/SESA630813/work-2/4EV_HandsOn_platt/hw/Block_4EV_HandsOn.xsa
TRACE::2022-11-18.08:45:14::SCWPlatform::DSA absoulate path C:/Users/SESA630813/work-2/4EV_HandsOn_platt/hw/Block_4EV_HandsOn.xsa
TRACE::2022-11-18.08:45:14::SCWPlatform::DSA directory C:/Users/SESA630813/work-2/4EV_HandsOn_platt/hw
TRACE::2022-11-18.08:45:14::SCWPlatform:: Platform Path C:/Users/SESA630813/work-2/4EV_HandsOn_platt/hw/Block_4EV_HandsOn.xsa
TRACE::2022-11-18.08:45:14::SCWPlatform:: Unique name xilinx:::0.0
TRACE::2022-11-18.08:45:14::SCWPlatform::Do not have an existing db opened. 
TRACE::2022-11-18.08:45:19::SCWPlatform::Opened new HwDB with name Block_4EV_wrapper_1
TRACE::2022-11-18.08:45:19::SCWReader::Active system found as  4EV_HandsOn_platt
TRACE::2022-11-18.08:45:19::SCWReader::Handling sysconfig 4EV_HandsOn_platt
TRACE::2022-11-18.08:45:19::SCWDomain::checking for install qemu data   : 
TRACE::2022-11-18.08:45:19::SCWDomain:: Using the QEMU Data from install at  : C:/Xilinx3/Vitis/2021.2/data/emulation/platforms/zynqmp/sw/a53_standalone/qemu/
TRACE::2022-11-18.08:45:19::SCWDomain:: Using the QEMU args  from install at  : C:/Xilinx3/Vitis/2021.2/data/emulation/platforms/zynqmp/sw/a53_standalone/qemu/qemu_args.txt
TRACE::2022-11-18.08:45:19::SCWDomain:: Using the PMUQEMU args from install at  : C:/Xilinx3/Vitis/2021.2/data/emulation/platforms/zynqmp/sw/a53_standalone/qemu/pmu_args.txt
TRACE::2022-11-18.08:45:19::SCWPlatform::Trying to open the hw design at C:/Users/SESA630813/work-2/4EV_HandsOn_platt/hw/Block_4EV_HandsOn.xsa
TRACE::2022-11-18.08:45:19::SCWPlatform::DSA given C:/Users/SESA630813/work-2/4EV_HandsOn_platt/hw/Block_4EV_HandsOn.xsa
TRACE::2022-11-18.08:45:19::SCWPlatform::DSA absoulate path C:/Users/SESA630813/work-2/4EV_HandsOn_platt/hw/Block_4EV_HandsOn.xsa
TRACE::2022-11-18.08:45:19::SCWPlatform::DSA directory C:/Users/SESA630813/work-2/4EV_HandsOn_platt/hw
TRACE::2022-11-18.08:45:19::SCWPlatform:: Platform Path C:/Users/SESA630813/work-2/4EV_HandsOn_platt/hw/Block_4EV_HandsOn.xsa
TRACE::2022-11-18.08:45:19::SCWPlatform:: Unique name xilinx:::0.0
TRACE::2022-11-18.08:45:19::SCWPlatform::Trying to set the existing hwdb with name Block_4EV_wrapper_1
TRACE::2022-11-18.08:45:19::SCWPlatform::Opened existing hwdb Block_4EV_wrapper_1
TRACE::2022-11-18.08:45:19::SCWPlatform::Found the Hw Db part of the input DSA
TRACE::2022-11-18.08:45:19::SCWPlatform::Trying to open the hw design at C:/Users/SESA630813/work-2/4EV_HandsOn_platt/hw/Block_4EV_HandsOn.xsa
TRACE::2022-11-18.08:45:19::SCWPlatform::DSA given C:/Users/SESA630813/work-2/4EV_HandsOn_platt/hw/Block_4EV_HandsOn.xsa
TRACE::2022-11-18.08:45:19::SCWPlatform::DSA absoulate path C:/Users/SESA630813/work-2/4EV_HandsOn_platt/hw/Block_4EV_HandsOn.xsa
TRACE::2022-11-18.08:45:19::SCWPlatform::DSA directory C:/Users/SESA630813/work-2/4EV_HandsOn_platt/hw
TRACE::2022-11-18.08:45:19::SCWPlatform:: Platform Path C:/Users/SESA630813/work-2/4EV_HandsOn_platt/hw/Block_4EV_HandsOn.xsa
TRACE::2022-11-18.08:45:19::SCWPlatform:: Unique name xilinx:::0.0
TRACE::2022-11-18.08:45:19::SCWPlatform::Trying to set the existing hwdb with name Block_4EV_wrapper_1
TRACE::2022-11-18.08:45:19::SCWPlatform::Opened existing hwdb Block_4EV_wrapper_1
TRACE::2022-11-18.08:45:19::SCWPlatform::Found the Hw Db part of the input DSA
TRACE::2022-11-18.08:45:19::SCWPlatform::Trying to open the hw design at C:/Users/SESA630813/work-2/4EV_HandsOn_platt/hw/Block_4EV_HandsOn.xsa
TRACE::2022-11-18.08:45:19::SCWPlatform::DSA given C:/Users/SESA630813/work-2/4EV_HandsOn_platt/hw/Block_4EV_HandsOn.xsa
TRACE::2022-11-18.08:45:19::SCWPlatform::DSA absoulate path C:/Users/SESA630813/work-2/4EV_HandsOn_platt/hw/Block_4EV_HandsOn.xsa
TRACE::2022-11-18.08:45:19::SCWPlatform::DSA directory C:/Users/SESA630813/work-2/4EV_HandsOn_platt/hw
TRACE::2022-11-18.08:45:19::SCWPlatform:: Platform Path C:/Users/SESA630813/work-2/4EV_HandsOn_platt/hw/Block_4EV_HandsOn.xsa
TRACE::2022-11-18.08:45:19::SCWPlatform:: Unique name xilinx:::0.0
TRACE::2022-11-18.08:45:19::SCWPlatform::Trying to set the existing hwdb with name Block_4EV_wrapper_1
TRACE::2022-11-18.08:45:19::SCWPlatform::Opened existing hwdb Block_4EV_wrapper_1
TRACE::2022-11-18.08:45:19::SCWPlatform::Found the Hw Db part of the input DSA
TRACE::2022-11-18.08:45:19::SCWReader::Boot application domain added for zynqmp_fsbl
TRACE::2022-11-18.08:45:19::SCWPlatform::Trying to open the hw design at C:/Users/SESA630813/work-2/4EV_HandsOn_platt/hw/Block_4EV_HandsOn.xsa
TRACE::2022-11-18.08:45:19::SCWPlatform::DSA given C:/Users/SESA630813/work-2/4EV_HandsOn_platt/hw/Block_4EV_HandsOn.xsa
TRACE::2022-11-18.08:45:19::SCWPlatform::DSA absoulate path C:/Users/SESA630813/work-2/4EV_HandsOn_platt/hw/Block_4EV_HandsOn.xsa
TRACE::2022-11-18.08:45:19::SCWPlatform::DSA directory C:/Users/SESA630813/work-2/4EV_HandsOn_platt/hw
TRACE::2022-11-18.08:45:19::SCWPlatform:: Platform Path C:/Users/SESA630813/work-2/4EV_HandsOn_platt/hw/Block_4EV_HandsOn.xsa
TRACE::2022-11-18.08:45:19::SCWPlatform:: Unique name xilinx:::0.0
TRACE::2022-11-18.08:45:19::SCWPlatform::Trying to set the existing hwdb with name Block_4EV_wrapper_1
TRACE::2022-11-18.08:45:19::SCWPlatform::Opened existing hwdb Block_4EV_wrapper_1
TRACE::2022-11-18.08:45:19::SCWPlatform::Found the Hw Db part of the input DSA
TRACE::2022-11-18.08:45:19::SCWMssOS::Checking the sw design at  C:/Users/SESA630813/work-2/4EV_HandsOn_platt/zynqmp_fsbl/zynqmp_fsbl_bsp/system.mss
TRACE::2022-11-18.08:45:19::SCWMssOS::DEBUG:  swdes dump  
TRACE::2022-11-18.08:45:19::SCWMssOS::No sw design opened at  C:/Users/SESA630813/work-2/4EV_HandsOn_platt/zynqmp_fsbl/zynqmp_fsbl_bsp/system.mss
TRACE::2022-11-18.08:45:19::SCWMssOS::mss exists loading the mss file  C:/Users/SESA630813/work-2/4EV_HandsOn_platt/zynqmp_fsbl/zynqmp_fsbl_bsp/system.mss
TRACE::2022-11-18.08:45:19::SCWMssOS::Opened the sw design from mss  C:/Users/SESA630813/work-2/4EV_HandsOn_platt/zynqmp_fsbl/zynqmp_fsbl_bsp/system.mss
TRACE::2022-11-18.08:45:19::SCWMssOS::Adding the swdes entry C:/Users/SESA630813/work-2/4EV_HandsOn_platt/zynqmp_fsbl/zynqmp_fsbl_bsp/system.mss with des name system
TRACE::2022-11-18.08:45:19::SCWMssOS::updating the scw layer about changes
TRACE::2022-11-18.08:45:19::SCWMssOS::Opened the sw design.  C:/Users/SESA630813/work-2/4EV_HandsOn_platt/zynqmp_fsbl/zynqmp_fsbl_bsp/system.mss
TRACE::2022-11-18.08:45:19::SCWPlatform::Trying to open the hw design at C:/Users/SESA630813/work-2/4EV_HandsOn_platt/hw/Block_4EV_HandsOn.xsa
TRACE::2022-11-18.08:45:19::SCWPlatform::DSA given C:/Users/SESA630813/work-2/4EV_HandsOn_platt/hw/Block_4EV_HandsOn.xsa
TRACE::2022-11-18.08:45:19::SCWPlatform::DSA absoulate path C:/Users/SESA630813/work-2/4EV_HandsOn_platt/hw/Block_4EV_HandsOn.xsa
TRACE::2022-11-18.08:45:19::SCWPlatform::DSA directory C:/Users/SESA630813/work-2/4EV_HandsOn_platt/hw
TRACE::2022-11-18.08:45:19::SCWPlatform:: Platform Path C:/Users/SESA630813/work-2/4EV_HandsOn_platt/hw/Block_4EV_HandsOn.xsa
TRACE::2022-11-18.08:45:19::SCWPlatform:: Unique name xilinx:::0.0
TRACE::2022-11-18.08:45:19::SCWPlatform::Trying to set the existing hwdb with name Block_4EV_wrapper_1
TRACE::2022-11-18.08:45:19::SCWPlatform::Opened existing hwdb Block_4EV_wrapper_1
TRACE::2022-11-18.08:45:19::SCWPlatform::Found the Hw Db part of the input DSA
TRACE::2022-11-18.08:45:19::SCWMssOS::Checking the sw design at  C:/Users/SESA630813/work-2/4EV_HandsOn_platt/zynqmp_fsbl/zynqmp_fsbl_bsp/system.mss
TRACE::2022-11-18.08:45:19::SCWMssOS::DEBUG:  swdes dump  C:/Users/SESA630813/work-2/4EV_HandsOn_platt/zynqmp_fsbl/zynqmp_fsbl_bsp/system.mss|system||

TRACE::2022-11-18.08:45:19::SCWMssOS::Sw design exists and opened at  C:/Users/SESA630813/work-2/4EV_HandsOn_platt/zynqmp_fsbl/zynqmp_fsbl_bsp/system.mss
TRACE::2022-11-18.08:45:19::SCWMssOS:: library already available in sw design:  xilffs:4.6
TRACE::2022-11-18.08:45:19::SCWPlatform::Trying to open the hw design at C:/Users/SESA630813/work-2/4EV_HandsOn_platt/hw/Block_4EV_HandsOn.xsa
TRACE::2022-11-18.08:45:19::SCWPlatform::DSA given C:/Users/SESA630813/work-2/4EV_HandsOn_platt/hw/Block_4EV_HandsOn.xsa
TRACE::2022-11-18.08:45:19::SCWPlatform::DSA absoulate path C:/Users/SESA630813/work-2/4EV_HandsOn_platt/hw/Block_4EV_HandsOn.xsa
TRACE::2022-11-18.08:45:19::SCWPlatform::DSA directory C:/Users/SESA630813/work-2/4EV_HandsOn_platt/hw
TRACE::2022-11-18.08:45:19::SCWPlatform:: Platform Path C:/Users/SESA630813/work-2/4EV_HandsOn_platt/hw/Block_4EV_HandsOn.xsa
TRACE::2022-11-18.08:45:19::SCWPlatform:: Unique name xilinx:::0.0
TRACE::2022-11-18.08:45:19::SCWPlatform::Trying to set the existing hwdb with name Block_4EV_wrapper_1
TRACE::2022-11-18.08:45:19::SCWPlatform::Opened existing hwdb Block_4EV_wrapper_1
TRACE::2022-11-18.08:45:19::SCWPlatform::Found the Hw Db part of the input DSA
TRACE::2022-11-18.08:45:19::SCWMssOS::Checking the sw design at  C:/Users/SESA630813/work-2/4EV_HandsOn_platt/zynqmp_fsbl/zynqmp_fsbl_bsp/system.mss
TRACE::2022-11-18.08:45:19::SCWMssOS::DEBUG:  swdes dump  C:/Users/SESA630813/work-2/4EV_HandsOn_platt/zynqmp_fsbl/zynqmp_fsbl_bsp/system.mss|system||

TRACE::2022-11-18.08:45:19::SCWMssOS::Sw design exists and opened at  C:/Users/SESA630813/work-2/4EV_HandsOn_platt/zynqmp_fsbl/zynqmp_fsbl_bsp/system.mss
TRACE::2022-11-18.08:45:19::SCWMssOS:: library already available in sw design:  xilsecure:4.6
TRACE::2022-11-18.08:45:19::SCWPlatform::Trying to open the hw design at C:/Users/SESA630813/work-2/4EV_HandsOn_platt/hw/Block_4EV_HandsOn.xsa
TRACE::2022-11-18.08:45:19::SCWPlatform::DSA given C:/Users/SESA630813/work-2/4EV_HandsOn_platt/hw/Block_4EV_HandsOn.xsa
TRACE::2022-11-18.08:45:19::SCWPlatform::DSA absoulate path C:/Users/SESA630813/work-2/4EV_HandsOn_platt/hw/Block_4EV_HandsOn.xsa
TRACE::2022-11-18.08:45:19::SCWPlatform::DSA directory C:/Users/SESA630813/work-2/4EV_HandsOn_platt/hw
TRACE::2022-11-18.08:45:19::SCWPlatform:: Platform Path C:/Users/SESA630813/work-2/4EV_HandsOn_platt/hw/Block_4EV_HandsOn.xsa
TRACE::2022-11-18.08:45:19::SCWPlatform:: Unique name xilinx:::0.0
TRACE::2022-11-18.08:45:19::SCWPlatform::Trying to set the existing hwdb with name Block_4EV_wrapper_1
TRACE::2022-11-18.08:45:19::SCWPlatform::Opened existing hwdb Block_4EV_wrapper_1
TRACE::2022-11-18.08:45:19::SCWPlatform::Found the Hw Db part of the input DSA
TRACE::2022-11-18.08:45:19::SCWMssOS::Checking the sw design at  C:/Users/SESA630813/work-2/4EV_HandsOn_platt/zynqmp_fsbl/zynqmp_fsbl_bsp/system.mss
TRACE::2022-11-18.08:45:19::SCWMssOS::DEBUG:  swdes dump  C:/Users/SESA630813/work-2/4EV_HandsOn_platt/zynqmp_fsbl/zynqmp_fsbl_bsp/system.mss|system||

TRACE::2022-11-18.08:45:19::SCWMssOS::Sw design exists and opened at  C:/Users/SESA630813/work-2/4EV_HandsOn_platt/zynqmp_fsbl/zynqmp_fsbl_bsp/system.mss
TRACE::2022-11-18.08:45:19::SCWMssOS:: library already available in sw design:  xilpm:3.5
TRACE::2022-11-18.08:45:19::SCWPlatform::Trying to open the hw design at C:/Users/SESA630813/work-2/4EV_HandsOn_platt/hw/Block_4EV_HandsOn.xsa
TRACE::2022-11-18.08:45:19::SCWPlatform::DSA given C:/Users/SESA630813/work-2/4EV_HandsOn_platt/hw/Block_4EV_HandsOn.xsa
TRACE::2022-11-18.08:45:19::SCWPlatform::DSA absoulate path C:/Users/SESA630813/work-2/4EV_HandsOn_platt/hw/Block_4EV_HandsOn.xsa
TRACE::2022-11-18.08:45:19::SCWPlatform::DSA directory C:/Users/SESA630813/work-2/4EV_HandsOn_platt/hw
TRACE::2022-11-18.08:45:19::SCWPlatform:: Platform Path C:/Users/SESA630813/work-2/4EV_HandsOn_platt/hw/Block_4EV_HandsOn.xsa
TRACE::2022-11-18.08:45:19::SCWPlatform:: Unique name xilinx:::0.0
TRACE::2022-11-18.08:45:19::SCWPlatform::Trying to set the existing hwdb with name Block_4EV_wrapper_1
TRACE::2022-11-18.08:45:19::SCWPlatform::Opened existing hwdb Block_4EV_wrapper_1
TRACE::2022-11-18.08:45:19::SCWPlatform::Found the Hw Db part of the input DSA
TRACE::2022-11-18.08:45:19::SCWMssOS::Checking the sw design at  C:/Users/SESA630813/work-2/4EV_HandsOn_platt/zynqmp_fsbl/zynqmp_fsbl_bsp/system.mss
TRACE::2022-11-18.08:45:19::SCWMssOS::DEBUG:  swdes dump  C:/Users/SESA630813/work-2/4EV_HandsOn_platt/zynqmp_fsbl/zynqmp_fsbl_bsp/system.mss|system||

TRACE::2022-11-18.08:45:19::SCWMssOS::Sw design exists and opened at  C:/Users/SESA630813/work-2/4EV_HandsOn_platt/zynqmp_fsbl/zynqmp_fsbl_bsp/system.mss
TRACE::2022-11-18.08:45:19::SCWPlatform::Trying to open the hw design at C:/Users/SESA630813/work-2/4EV_HandsOn_platt/hw/Block_4EV_HandsOn.xsa
TRACE::2022-11-18.08:45:19::SCWPlatform::DSA given C:/Users/SESA630813/work-2/4EV_HandsOn_platt/hw/Block_4EV_HandsOn.xsa
TRACE::2022-11-18.08:45:19::SCWPlatform::DSA absoulate path C:/Users/SESA630813/work-2/4EV_HandsOn_platt/hw/Block_4EV_HandsOn.xsa
TRACE::2022-11-18.08:45:19::SCWPlatform::DSA directory C:/Users/SESA630813/work-2/4EV_HandsOn_platt/hw
TRACE::2022-11-18.08:45:19::SCWPlatform:: Platform Path C:/Users/SESA630813/work-2/4EV_HandsOn_platt/hw/Block_4EV_HandsOn.xsa
TRACE::2022-11-18.08:45:19::SCWPlatform:: Unique name xilinx:::0.0
TRACE::2022-11-18.08:45:19::SCWPlatform::Trying to set the existing hwdb with name Block_4EV_wrapper_1
TRACE::2022-11-18.08:45:19::SCWPlatform::Opened existing hwdb Block_4EV_wrapper_1
TRACE::2022-11-18.08:45:19::SCWPlatform::Found the Hw Db part of the input DSA
TRACE::2022-11-18.08:45:19::SCWMssOS::Checking the sw design at  C:/Users/SESA630813/work-2/4EV_HandsOn_platt/zynqmp_fsbl/zynqmp_fsbl_bsp/system.mss
TRACE::2022-11-18.08:45:19::SCWMssOS::DEBUG:  swdes dump  C:/Users/SESA630813/work-2/4EV_HandsOn_platt/zynqmp_fsbl/zynqmp_fsbl_bsp/system.mss|system||

TRACE::2022-11-18.08:45:19::SCWMssOS::Sw design exists and opened at  C:/Users/SESA630813/work-2/4EV_HandsOn_platt/zynqmp_fsbl/zynqmp_fsbl_bsp/system.mss
TRACE::2022-11-18.08:45:19::SCWPlatform::Trying to open the hw design at C:/Users/SESA630813/work-2/4EV_HandsOn_platt/hw/Block_4EV_HandsOn.xsa
TRACE::2022-11-18.08:45:19::SCWPlatform::DSA given C:/Users/SESA630813/work-2/4EV_HandsOn_platt/hw/Block_4EV_HandsOn.xsa
TRACE::2022-11-18.08:45:19::SCWPlatform::DSA absoulate path C:/Users/SESA630813/work-2/4EV_HandsOn_platt/hw/Block_4EV_HandsOn.xsa
TRACE::2022-11-18.08:45:19::SCWPlatform::DSA directory C:/Users/SESA630813/work-2/4EV_HandsOn_platt/hw
TRACE::2022-11-18.08:45:19::SCWPlatform:: Platform Path C:/Users/SESA630813/work-2/4EV_HandsOn_platt/hw/Block_4EV_HandsOn.xsa
TRACE::2022-11-18.08:45:19::SCWPlatform:: Unique name xilinx:::0.0
TRACE::2022-11-18.08:45:19::SCWPlatform::Trying to set the existing hwdb with name Block_4EV_wrapper_1
TRACE::2022-11-18.08:45:19::SCWPlatform::Opened existing hwdb Block_4EV_wrapper_1
TRACE::2022-11-18.08:45:19::SCWPlatform::Found the Hw Db part of the input DSA
TRACE::2022-11-18.08:45:19::SCWMssOS::Checking the sw design at  C:/Users/SESA630813/work-2/4EV_HandsOn_platt/zynqmp_fsbl/zynqmp_fsbl_bsp/system.mss
TRACE::2022-11-18.08:45:19::SCWMssOS::DEBUG:  swdes dump  C:/Users/SESA630813/work-2/4EV_HandsOn_platt/zynqmp_fsbl/zynqmp_fsbl_bsp/system.mss|system||

TRACE::2022-11-18.08:45:19::SCWMssOS::Sw design exists and opened at  C:/Users/SESA630813/work-2/4EV_HandsOn_platt/zynqmp_fsbl/zynqmp_fsbl_bsp/system.mss
TRACE::2022-11-18.08:45:19::SCWPlatform::Trying to open the hw design at C:/Users/SESA630813/work-2/4EV_HandsOn_platt/hw/Block_4EV_HandsOn.xsa
TRACE::2022-11-18.08:45:19::SCWPlatform::DSA given C:/Users/SESA630813/work-2/4EV_HandsOn_platt/hw/Block_4EV_HandsOn.xsa
TRACE::2022-11-18.08:45:19::SCWPlatform::DSA absoulate path C:/Users/SESA630813/work-2/4EV_HandsOn_platt/hw/Block_4EV_HandsOn.xsa
TRACE::2022-11-18.08:45:19::SCWPlatform::DSA directory C:/Users/SESA630813/work-2/4EV_HandsOn_platt/hw
TRACE::2022-11-18.08:45:19::SCWPlatform:: Platform Path C:/Users/SESA630813/work-2/4EV_HandsOn_platt/hw/Block_4EV_HandsOn.xsa
TRACE::2022-11-18.08:45:19::SCWPlatform:: Unique name xilinx:::0.0
TRACE::2022-11-18.08:45:19::SCWPlatform::Trying to set the existing hwdb with name Block_4EV_wrapper_1
TRACE::2022-11-18.08:45:19::SCWPlatform::Opened existing hwdb Block_4EV_wrapper_1
TRACE::2022-11-18.08:45:19::SCWPlatform::Found the Hw Db part of the input DSA
TRACE::2022-11-18.08:45:19::SCWMssOS::Checking the sw design at  C:/Users/SESA630813/work-2/4EV_HandsOn_platt/zynqmp_fsbl/zynqmp_fsbl_bsp/system.mss
TRACE::2022-11-18.08:45:19::SCWMssOS::DEBUG:  swdes dump  C:/Users/SESA630813/work-2/4EV_HandsOn_platt/zynqmp_fsbl/zynqmp_fsbl_bsp/system.mss|system||

TRACE::2022-11-18.08:45:19::SCWMssOS::Sw design exists and opened at  C:/Users/SESA630813/work-2/4EV_HandsOn_platt/zynqmp_fsbl/zynqmp_fsbl_bsp/system.mss
TRACE::2022-11-18.08:45:19::SCWPlatform::Trying to open the hw design at C:/Users/SESA630813/work-2/4EV_HandsOn_platt/hw/Block_4EV_HandsOn.xsa
TRACE::2022-11-18.08:45:19::SCWPlatform::DSA given C:/Users/SESA630813/work-2/4EV_HandsOn_platt/hw/Block_4EV_HandsOn.xsa
TRACE::2022-11-18.08:45:19::SCWPlatform::DSA absoulate path C:/Users/SESA630813/work-2/4EV_HandsOn_platt/hw/Block_4EV_HandsOn.xsa
TRACE::2022-11-18.08:45:19::SCWPlatform::DSA directory C:/Users/SESA630813/work-2/4EV_HandsOn_platt/hw
TRACE::2022-11-18.08:45:20::SCWPlatform:: Platform Path C:/Users/SESA630813/work-2/4EV_HandsOn_platt/hw/Block_4EV_HandsOn.xsa
TRACE::2022-11-18.08:45:20::SCWPlatform:: Unique name xilinx:::0.0
TRACE::2022-11-18.08:45:20::SCWPlatform::Trying to set the existing hwdb with name Block_4EV_wrapper_1
TRACE::2022-11-18.08:45:20::SCWPlatform::Opened existing hwdb Block_4EV_wrapper_1
TRACE::2022-11-18.08:45:20::SCWPlatform::Found the Hw Db part of the input DSA
TRACE::2022-11-18.08:45:20::SCWMssOS::Checking the sw design at  C:/Users/SESA630813/work-2/4EV_HandsOn_platt/zynqmp_fsbl/zynqmp_fsbl_bsp/system.mss
TRACE::2022-11-18.08:45:20::SCWMssOS::DEBUG:  swdes dump  C:/Users/SESA630813/work-2/4EV_HandsOn_platt/zynqmp_fsbl/zynqmp_fsbl_bsp/system.mss|system||

TRACE::2022-11-18.08:45:20::SCWMssOS::Sw design exists and opened at  C:/Users/SESA630813/work-2/4EV_HandsOn_platt/zynqmp_fsbl/zynqmp_fsbl_bsp/system.mss
TRACE::2022-11-18.08:45:20::SCWPlatform::Trying to open the hw design at C:/Users/SESA630813/work-2/4EV_HandsOn_platt/hw/Block_4EV_HandsOn.xsa
TRACE::2022-11-18.08:45:20::SCWPlatform::DSA given C:/Users/SESA630813/work-2/4EV_HandsOn_platt/hw/Block_4EV_HandsOn.xsa
TRACE::2022-11-18.08:45:20::SCWPlatform::DSA absoulate path C:/Users/SESA630813/work-2/4EV_HandsOn_platt/hw/Block_4EV_HandsOn.xsa
TRACE::2022-11-18.08:45:20::SCWPlatform::DSA directory C:/Users/SESA630813/work-2/4EV_HandsOn_platt/hw
TRACE::2022-11-18.08:45:20::SCWPlatform:: Platform Path C:/Users/SESA630813/work-2/4EV_HandsOn_platt/hw/Block_4EV_HandsOn.xsa
TRACE::2022-11-18.08:45:20::SCWPlatform:: Unique name xilinx:::0.0
TRACE::2022-11-18.08:45:20::SCWPlatform::Trying to set the existing hwdb with name Block_4EV_wrapper_1
TRACE::2022-11-18.08:45:20::SCWPlatform::Opened existing hwdb Block_4EV_wrapper_1
TRACE::2022-11-18.08:45:20::SCWPlatform::Found the Hw Db part of the input DSA
TRACE::2022-11-18.08:45:20::SCWMssOS::Checking the sw design at  C:/Users/SESA630813/work-2/4EV_HandsOn_platt/zynqmp_fsbl/zynqmp_fsbl_bsp/system.mss
TRACE::2022-11-18.08:45:20::SCWMssOS::DEBUG:  swdes dump  C:/Users/SESA630813/work-2/4EV_HandsOn_platt/zynqmp_fsbl/zynqmp_fsbl_bsp/system.mss|system||

TRACE::2022-11-18.08:45:20::SCWMssOS::Sw design exists and opened at  C:/Users/SESA630813/work-2/4EV_HandsOn_platt/zynqmp_fsbl/zynqmp_fsbl_bsp/system.mss
TRACE::2022-11-18.08:45:20::SCWPlatform::Trying to open the hw design at C:/Users/SESA630813/work-2/4EV_HandsOn_platt/hw/Block_4EV_HandsOn.xsa
TRACE::2022-11-18.08:45:20::SCWPlatform::DSA given C:/Users/SESA630813/work-2/4EV_HandsOn_platt/hw/Block_4EV_HandsOn.xsa
TRACE::2022-11-18.08:45:20::SCWPlatform::DSA absoulate path C:/Users/SESA630813/work-2/4EV_HandsOn_platt/hw/Block_4EV_HandsOn.xsa
TRACE::2022-11-18.08:45:20::SCWPlatform::DSA directory C:/Users/SESA630813/work-2/4EV_HandsOn_platt/hw
TRACE::2022-11-18.08:45:20::SCWPlatform:: Platform Path C:/Users/SESA630813/work-2/4EV_HandsOn_platt/hw/Block_4EV_HandsOn.xsa
TRACE::2022-11-18.08:45:20::SCWPlatform:: Unique name xilinx:::0.0
TRACE::2022-11-18.08:45:20::SCWPlatform::Trying to set the existing hwdb with name Block_4EV_wrapper_1
TRACE::2022-11-18.08:45:20::SCWPlatform::Opened existing hwdb Block_4EV_wrapper_1
TRACE::2022-11-18.08:45:20::SCWPlatform::Found the Hw Db part of the input DSA
TRACE::2022-11-18.08:45:20::SCWMssOS::Checking the sw design at  C:/Users/SESA630813/work-2/4EV_HandsOn_platt/zynqmp_fsbl/zynqmp_fsbl_bsp/system.mss
TRACE::2022-11-18.08:45:20::SCWMssOS::DEBUG:  swdes dump  C:/Users/SESA630813/work-2/4EV_HandsOn_platt/zynqmp_fsbl/zynqmp_fsbl_bsp/system.mss|system||

TRACE::2022-11-18.08:45:20::SCWMssOS::Sw design exists and opened at  C:/Users/SESA630813/work-2/4EV_HandsOn_platt/zynqmp_fsbl/zynqmp_fsbl_bsp/system.mss
TRACE::2022-11-18.08:45:20::SCWPlatform::Trying to open the hw design at C:/Users/SESA630813/work-2/4EV_HandsOn_platt/hw/Block_4EV_HandsOn.xsa
TRACE::2022-11-18.08:45:20::SCWPlatform::DSA given C:/Users/SESA630813/work-2/4EV_HandsOn_platt/hw/Block_4EV_HandsOn.xsa
TRACE::2022-11-18.08:45:20::SCWPlatform::DSA absoulate path C:/Users/SESA630813/work-2/4EV_HandsOn_platt/hw/Block_4EV_HandsOn.xsa
TRACE::2022-11-18.08:45:20::SCWPlatform::DSA directory C:/Users/SESA630813/work-2/4EV_HandsOn_platt/hw
TRACE::2022-11-18.08:45:20::SCWPlatform:: Platform Path C:/Users/SESA630813/work-2/4EV_HandsOn_platt/hw/Block_4EV_HandsOn.xsa
TRACE::2022-11-18.08:45:20::SCWPlatform:: Unique name xilinx:::0.0
TRACE::2022-11-18.08:45:20::SCWPlatform::Trying to set the existing hwdb with name Block_4EV_wrapper_1
TRACE::2022-11-18.08:45:20::SCWPlatform::Opened existing hwdb Block_4EV_wrapper_1
TRACE::2022-11-18.08:45:20::SCWPlatform::Found the Hw Db part of the input DSA
TRACE::2022-11-18.08:45:20::SCWMssOS::Checking the sw design at  C:/Users/SESA630813/work-2/4EV_HandsOn_platt/zynqmp_fsbl/zynqmp_fsbl_bsp/system.mss
TRACE::2022-11-18.08:45:20::SCWMssOS::DEBUG:  swdes dump  C:/Users/SESA630813/work-2/4EV_HandsOn_platt/zynqmp_fsbl/zynqmp_fsbl_bsp/system.mss|system||

TRACE::2022-11-18.08:45:20::SCWMssOS::Sw design exists and opened at  C:/Users/SESA630813/work-2/4EV_HandsOn_platt/zynqmp_fsbl/zynqmp_fsbl_bsp/system.mss
TRACE::2022-11-18.08:45:20::SCWMssOS::Saving the mss changes C:/Users/SESA630813/work-2/4EV_HandsOn_platt/zynqmp_fsbl/zynqmp_fsbl_bsp/system.mss
TRACE::2022-11-18.08:45:20::SCWMssOS::Found a swdesign opened with the mssfile.
TRACE::2022-11-18.08:45:20::SCWMssOS::Completed writemss as part of save.
TRACE::2022-11-18.08:45:20::SCWMssOS::Commit changes completed.
TRACE::2022-11-18.08:45:20::SCWReader::Adding prebuilt librarypaths as   
TRACE::2022-11-18.08:45:20::SCWReader::Adding prebuilt incpaths  as   
TRACE::2022-11-18.08:45:20::SCWPlatform::Trying to open the hw design at C:/Users/SESA630813/work-2/4EV_HandsOn_platt/hw/Block_4EV_HandsOn.xsa
TRACE::2022-11-18.08:45:20::SCWPlatform::DSA given C:/Users/SESA630813/work-2/4EV_HandsOn_platt/hw/Block_4EV_HandsOn.xsa
TRACE::2022-11-18.08:45:20::SCWPlatform::DSA absoulate path C:/Users/SESA630813/work-2/4EV_HandsOn_platt/hw/Block_4EV_HandsOn.xsa
TRACE::2022-11-18.08:45:20::SCWPlatform::DSA directory C:/Users/SESA630813/work-2/4EV_HandsOn_platt/hw
TRACE::2022-11-18.08:45:20::SCWPlatform:: Platform Path C:/Users/SESA630813/work-2/4EV_HandsOn_platt/hw/Block_4EV_HandsOn.xsa
TRACE::2022-11-18.08:45:20::SCWPlatform:: Unique name xilinx:::0.0
TRACE::2022-11-18.08:45:20::SCWPlatform::Trying to set the existing hwdb with name Block_4EV_wrapper_1
TRACE::2022-11-18.08:45:20::SCWPlatform::Opened existing hwdb Block_4EV_wrapper_1
TRACE::2022-11-18.08:45:20::SCWPlatform::Found the Hw Db part of the input DSA
TRACE::2022-11-18.08:45:20::SCWMssOS::Checking the sw design at  C:/Users/SESA630813/work-2/4EV_HandsOn_platt/zynqmp_fsbl/zynqmp_fsbl_bsp/system.mss
TRACE::2022-11-18.08:45:20::SCWMssOS::DEBUG:  swdes dump  C:/Users/SESA630813/work-2/4EV_HandsOn_platt/zynqmp_fsbl/zynqmp_fsbl_bsp/system.mss|system||

TRACE::2022-11-18.08:45:20::SCWMssOS::Sw design exists and opened at  C:/Users/SESA630813/work-2/4EV_HandsOn_platt/zynqmp_fsbl/zynqmp_fsbl_bsp/system.mss
TRACE::2022-11-18.08:45:20::SCWReader::No isolation master present  
TRACE::2022-11-18.08:45:20::SCWDomain::checking for install qemu data   : 
TRACE::2022-11-18.08:45:20::SCWDomain:: Using the QEMU Data from install at  : C:/Xilinx3/Vitis/2021.2/data/emulation/platforms/zynqmp/sw/a53_standalone/qemu/
TRACE::2022-11-18.08:45:20::SCWDomain:: Using the QEMU args  from install at  : C:/Xilinx3/Vitis/2021.2/data/emulation/platforms/zynqmp/sw/a53_standalone/qemu/qemu_args.txt
TRACE::2022-11-18.08:45:20::SCWDomain:: Using the PMUQEMU args from install at  : C:/Xilinx3/Vitis/2021.2/data/emulation/platforms/zynqmp/sw/a53_standalone/qemu/pmu_args.txt
TRACE::2022-11-18.08:45:20::SCWPlatform::Trying to open the hw design at C:/Users/SESA630813/work-2/4EV_HandsOn_platt/hw/Block_4EV_HandsOn.xsa
TRACE::2022-11-18.08:45:20::SCWPlatform::DSA given C:/Users/SESA630813/work-2/4EV_HandsOn_platt/hw/Block_4EV_HandsOn.xsa
TRACE::2022-11-18.08:45:20::SCWPlatform::DSA absoulate path C:/Users/SESA630813/work-2/4EV_HandsOn_platt/hw/Block_4EV_HandsOn.xsa
TRACE::2022-11-18.08:45:20::SCWPlatform::DSA directory C:/Users/SESA630813/work-2/4EV_HandsOn_platt/hw
TRACE::2022-11-18.08:45:20::SCWPlatform:: Platform Path C:/Users/SESA630813/work-2/4EV_HandsOn_platt/hw/Block_4EV_HandsOn.xsa
TRACE::2022-11-18.08:45:20::SCWPlatform:: Unique name xilinx:::0.0
TRACE::2022-11-18.08:45:20::SCWPlatform::Trying to set the existing hwdb with name Block_4EV_wrapper_1
TRACE::2022-11-18.08:45:20::SCWPlatform::Opened existing hwdb Block_4EV_wrapper_1
TRACE::2022-11-18.08:45:20::SCWPlatform::Found the Hw Db part of the input DSA
TRACE::2022-11-18.08:45:20::SCWReader::Boot application domain added for zynqmp_pmufw
TRACE::2022-11-18.08:45:20::SCWPlatform::Trying to open the hw design at C:/Users/SESA630813/work-2/4EV_HandsOn_platt/hw/Block_4EV_HandsOn.xsa
TRACE::2022-11-18.08:45:20::SCWPlatform::DSA given C:/Users/SESA630813/work-2/4EV_HandsOn_platt/hw/Block_4EV_HandsOn.xsa
TRACE::2022-11-18.08:45:20::SCWPlatform::DSA absoulate path C:/Users/SESA630813/work-2/4EV_HandsOn_platt/hw/Block_4EV_HandsOn.xsa
TRACE::2022-11-18.08:45:20::SCWPlatform::DSA directory C:/Users/SESA630813/work-2/4EV_HandsOn_platt/hw
TRACE::2022-11-18.08:45:20::SCWPlatform:: Platform Path C:/Users/SESA630813/work-2/4EV_HandsOn_platt/hw/Block_4EV_HandsOn.xsa
TRACE::2022-11-18.08:45:20::SCWPlatform:: Unique name xilinx:::0.0
TRACE::2022-11-18.08:45:20::SCWPlatform::Trying to set the existing hwdb with name Block_4EV_wrapper_1
TRACE::2022-11-18.08:45:20::SCWPlatform::Opened existing hwdb Block_4EV_wrapper_1
TRACE::2022-11-18.08:45:20::SCWPlatform::Found the Hw Db part of the input DSA
TRACE::2022-11-18.08:45:20::SCWMssOS::Checking the sw design at  C:/Users/SESA630813/work-2/4EV_HandsOn_platt/zynqmp_pmufw/zynqmp_pmufw_bsp/system.mss
TRACE::2022-11-18.08:45:20::SCWMssOS::DEBUG:  swdes dump  C:/Users/SESA630813/work-2/4EV_HandsOn_platt/zynqmp_fsbl/zynqmp_fsbl_bsp/system.mss|system||

TRACE::2022-11-18.08:45:20::SCWMssOS::No sw design opened at  C:/Users/SESA630813/work-2/4EV_HandsOn_platt/zynqmp_pmufw/zynqmp_pmufw_bsp/system.mss
TRACE::2022-11-18.08:45:20::SCWMssOS::mss exists loading the mss file  C:/Users/SESA630813/work-2/4EV_HandsOn_platt/zynqmp_pmufw/zynqmp_pmufw_bsp/system.mss
TRACE::2022-11-18.08:45:20::SCWMssOS::Opened the sw design from mss  C:/Users/SESA630813/work-2/4EV_HandsOn_platt/zynqmp_pmufw/zynqmp_pmufw_bsp/system.mss
TRACE::2022-11-18.08:45:20::SCWMssOS::Adding the swdes entry C:/Users/SESA630813/work-2/4EV_HandsOn_platt/zynqmp_pmufw/zynqmp_pmufw_bsp/system.mss with des name system_0
TRACE::2022-11-18.08:45:20::SCWMssOS::updating the scw layer about changes
TRACE::2022-11-18.08:45:20::SCWMssOS::Opened the sw design.  C:/Users/SESA630813/work-2/4EV_HandsOn_platt/zynqmp_pmufw/zynqmp_pmufw_bsp/system.mss
TRACE::2022-11-18.08:45:20::SCWPlatform::Trying to open the hw design at C:/Users/SESA630813/work-2/4EV_HandsOn_platt/hw/Block_4EV_HandsOn.xsa
TRACE::2022-11-18.08:45:20::SCWPlatform::DSA given C:/Users/SESA630813/work-2/4EV_HandsOn_platt/hw/Block_4EV_HandsOn.xsa
TRACE::2022-11-18.08:45:20::SCWPlatform::DSA absoulate path C:/Users/SESA630813/work-2/4EV_HandsOn_platt/hw/Block_4EV_HandsOn.xsa
TRACE::2022-11-18.08:45:20::SCWPlatform::DSA directory C:/Users/SESA630813/work-2/4EV_HandsOn_platt/hw
TRACE::2022-11-18.08:45:20::SCWPlatform:: Platform Path C:/Users/SESA630813/work-2/4EV_HandsOn_platt/hw/Block_4EV_HandsOn.xsa
TRACE::2022-11-18.08:45:20::SCWPlatform:: Unique name xilinx:::0.0
TRACE::2022-11-18.08:45:20::SCWPlatform::Trying to set the existing hwdb with name Block_4EV_wrapper_1
TRACE::2022-11-18.08:45:20::SCWPlatform::Opened existing hwdb Block_4EV_wrapper_1
TRACE::2022-11-18.08:45:20::SCWPlatform::Found the Hw Db part of the input DSA
TRACE::2022-11-18.08:45:20::SCWMssOS::Checking the sw design at  C:/Users/SESA630813/work-2/4EV_HandsOn_platt/zynqmp_pmufw/zynqmp_pmufw_bsp/system.mss
TRACE::2022-11-18.08:45:20::SCWMssOS::DEBUG:  swdes dump  C:/Users/SESA630813/work-2/4EV_HandsOn_platt/zynqmp_fsbl/zynqmp_fsbl_bsp/system.mss|system||
C:/Users/SESA630813/work-2/4EV_HandsOn_platt/zynqmp_pmufw/zynqmp_pmufw_bsp/system.mss|system_0||

TRACE::2022-11-18.08:45:20::SCWMssOS::Sw design exists and opened at  C:/Users/SESA630813/work-2/4EV_HandsOn_platt/zynqmp_pmufw/zynqmp_pmufw_bsp/system.mss
TRACE::2022-11-18.08:45:20::SCWMssOS:: library already available in sw design:  xilfpga:6.1
TRACE::2022-11-18.08:45:20::SCWPlatform::Trying to open the hw design at C:/Users/SESA630813/work-2/4EV_HandsOn_platt/hw/Block_4EV_HandsOn.xsa
TRACE::2022-11-18.08:45:20::SCWPlatform::DSA given C:/Users/SESA630813/work-2/4EV_HandsOn_platt/hw/Block_4EV_HandsOn.xsa
TRACE::2022-11-18.08:45:20::SCWPlatform::DSA absoulate path C:/Users/SESA630813/work-2/4EV_HandsOn_platt/hw/Block_4EV_HandsOn.xsa
TRACE::2022-11-18.08:45:20::SCWPlatform::DSA directory C:/Users/SESA630813/work-2/4EV_HandsOn_platt/hw
TRACE::2022-11-18.08:45:20::SCWPlatform:: Platform Path C:/Users/SESA630813/work-2/4EV_HandsOn_platt/hw/Block_4EV_HandsOn.xsa
TRACE::2022-11-18.08:45:20::SCWPlatform:: Unique name xilinx:::0.0
TRACE::2022-11-18.08:45:20::SCWPlatform::Trying to set the existing hwdb with name Block_4EV_wrapper_1
TRACE::2022-11-18.08:45:20::SCWPlatform::Opened existing hwdb Block_4EV_wrapper_1
TRACE::2022-11-18.08:45:20::SCWPlatform::Found the Hw Db part of the input DSA
TRACE::2022-11-18.08:45:20::SCWMssOS::Checking the sw design at  C:/Users/SESA630813/work-2/4EV_HandsOn_platt/zynqmp_pmufw/zynqmp_pmufw_bsp/system.mss
TRACE::2022-11-18.08:45:20::SCWMssOS::DEBUG:  swdes dump  C:/Users/SESA630813/work-2/4EV_HandsOn_platt/zynqmp_fsbl/zynqmp_fsbl_bsp/system.mss|system||
C:/Users/SESA630813/work-2/4EV_HandsOn_platt/zynqmp_pmufw/zynqmp_pmufw_bsp/system.mss|system_0||

TRACE::2022-11-18.08:45:20::SCWMssOS::Sw design exists and opened at  C:/Users/SESA630813/work-2/4EV_HandsOn_platt/zynqmp_pmufw/zynqmp_pmufw_bsp/system.mss
TRACE::2022-11-18.08:45:20::SCWMssOS:: library already available in sw design:  xilsecure:4.6
TRACE::2022-11-18.08:45:20::SCWPlatform::Trying to open the hw design at C:/Users/SESA630813/work-2/4EV_HandsOn_platt/hw/Block_4EV_HandsOn.xsa
TRACE::2022-11-18.08:45:20::SCWPlatform::DSA given C:/Users/SESA630813/work-2/4EV_HandsOn_platt/hw/Block_4EV_HandsOn.xsa
TRACE::2022-11-18.08:45:20::SCWPlatform::DSA absoulate path C:/Users/SESA630813/work-2/4EV_HandsOn_platt/hw/Block_4EV_HandsOn.xsa
TRACE::2022-11-18.08:45:20::SCWPlatform::DSA directory C:/Users/SESA630813/work-2/4EV_HandsOn_platt/hw
TRACE::2022-11-18.08:45:20::SCWPlatform:: Platform Path C:/Users/SESA630813/work-2/4EV_HandsOn_platt/hw/Block_4EV_HandsOn.xsa
TRACE::2022-11-18.08:45:20::SCWPlatform:: Unique name xilinx:::0.0
TRACE::2022-11-18.08:45:20::SCWPlatform::Trying to set the existing hwdb with name Block_4EV_wrapper_1
TRACE::2022-11-18.08:45:20::SCWPlatform::Opened existing hwdb Block_4EV_wrapper_1
TRACE::2022-11-18.08:45:20::SCWPlatform::Found the Hw Db part of the input DSA
TRACE::2022-11-18.08:45:20::SCWMssOS::Checking the sw design at  C:/Users/SESA630813/work-2/4EV_HandsOn_platt/zynqmp_pmufw/zynqmp_pmufw_bsp/system.mss
TRACE::2022-11-18.08:45:20::SCWMssOS::DEBUG:  swdes dump  C:/Users/SESA630813/work-2/4EV_HandsOn_platt/zynqmp_fsbl/zynqmp_fsbl_bsp/system.mss|system||
C:/Users/SESA630813/work-2/4EV_HandsOn_platt/zynqmp_pmufw/zynqmp_pmufw_bsp/system.mss|system_0||

TRACE::2022-11-18.08:45:20::SCWMssOS::Sw design exists and opened at  C:/Users/SESA630813/work-2/4EV_HandsOn_platt/zynqmp_pmufw/zynqmp_pmufw_bsp/system.mss
TRACE::2022-11-18.08:45:20::SCWMssOS:: library already available in sw design:  xilskey:7.2
TRACE::2022-11-18.08:45:20::SCWPlatform::Trying to open the hw design at C:/Users/SESA630813/work-2/4EV_HandsOn_platt/hw/Block_4EV_HandsOn.xsa
TRACE::2022-11-18.08:45:20::SCWPlatform::DSA given C:/Users/SESA630813/work-2/4EV_HandsOn_platt/hw/Block_4EV_HandsOn.xsa
TRACE::2022-11-18.08:45:20::SCWPlatform::DSA absoulate path C:/Users/SESA630813/work-2/4EV_HandsOn_platt/hw/Block_4EV_HandsOn.xsa
TRACE::2022-11-18.08:45:20::SCWPlatform::DSA directory C:/Users/SESA630813/work-2/4EV_HandsOn_platt/hw
TRACE::2022-11-18.08:45:20::SCWPlatform:: Platform Path C:/Users/SESA630813/work-2/4EV_HandsOn_platt/hw/Block_4EV_HandsOn.xsa
TRACE::2022-11-18.08:45:20::SCWPlatform:: Unique name xilinx:::0.0
TRACE::2022-11-18.08:45:20::SCWPlatform::Trying to set the existing hwdb with name Block_4EV_wrapper_1
TRACE::2022-11-18.08:45:20::SCWPlatform::Opened existing hwdb Block_4EV_wrapper_1
TRACE::2022-11-18.08:45:20::SCWPlatform::Found the Hw Db part of the input DSA
TRACE::2022-11-18.08:45:20::SCWMssOS::Checking the sw design at  C:/Users/SESA630813/work-2/4EV_HandsOn_platt/zynqmp_pmufw/zynqmp_pmufw_bsp/system.mss
TRACE::2022-11-18.08:45:20::SCWMssOS::DEBUG:  swdes dump  C:/Users/SESA630813/work-2/4EV_HandsOn_platt/zynqmp_fsbl/zynqmp_fsbl_bsp/system.mss|system||
C:/Users/SESA630813/work-2/4EV_HandsOn_platt/zynqmp_pmufw/zynqmp_pmufw_bsp/system.mss|system_0||

TRACE::2022-11-18.08:45:20::SCWMssOS::Sw design exists and opened at  C:/Users/SESA630813/work-2/4EV_HandsOn_platt/zynqmp_pmufw/zynqmp_pmufw_bsp/system.mss
TRACE::2022-11-18.08:45:20::SCWPlatform::Trying to open the hw design at C:/Users/SESA630813/work-2/4EV_HandsOn_platt/hw/Block_4EV_HandsOn.xsa
TRACE::2022-11-18.08:45:20::SCWPlatform::DSA given C:/Users/SESA630813/work-2/4EV_HandsOn_platt/hw/Block_4EV_HandsOn.xsa
TRACE::2022-11-18.08:45:20::SCWPlatform::DSA absoulate path C:/Users/SESA630813/work-2/4EV_HandsOn_platt/hw/Block_4EV_HandsOn.xsa
TRACE::2022-11-18.08:45:20::SCWPlatform::DSA directory C:/Users/SESA630813/work-2/4EV_HandsOn_platt/hw
TRACE::2022-11-18.08:45:20::SCWPlatform:: Platform Path C:/Users/SESA630813/work-2/4EV_HandsOn_platt/hw/Block_4EV_HandsOn.xsa
TRACE::2022-11-18.08:45:20::SCWPlatform:: Unique name xilinx:::0.0
TRACE::2022-11-18.08:45:20::SCWPlatform::Trying to set the existing hwdb with name Block_4EV_wrapper_1
TRACE::2022-11-18.08:45:20::SCWPlatform::Opened existing hwdb Block_4EV_wrapper_1
TRACE::2022-11-18.08:45:20::SCWPlatform::Found the Hw Db part of the input DSA
TRACE::2022-11-18.08:45:20::SCWMssOS::Checking the sw design at  C:/Users/SESA630813/work-2/4EV_HandsOn_platt/zynqmp_pmufw/zynqmp_pmufw_bsp/system.mss
TRACE::2022-11-18.08:45:20::SCWMssOS::DEBUG:  swdes dump  C:/Users/SESA630813/work-2/4EV_HandsOn_platt/zynqmp_fsbl/zynqmp_fsbl_bsp/system.mss|system||
C:/Users/SESA630813/work-2/4EV_HandsOn_platt/zynqmp_pmufw/zynqmp_pmufw_bsp/system.mss|system_0||

TRACE::2022-11-18.08:45:20::SCWMssOS::Sw design exists and opened at  C:/Users/SESA630813/work-2/4EV_HandsOn_platt/zynqmp_pmufw/zynqmp_pmufw_bsp/system.mss
TRACE::2022-11-18.08:45:20::SCWMssOS::Saving the mss changes C:/Users/SESA630813/work-2/4EV_HandsOn_platt/zynqmp_pmufw/zynqmp_pmufw_bsp/system.mss
TRACE::2022-11-18.08:45:20::SCWMssOS::Found a swdesign opened with the mssfile.
TRACE::2022-11-18.08:45:20::SCWMssOS::Completed writemss as part of save.
TRACE::2022-11-18.08:45:20::SCWMssOS::Commit changes completed.
TRACE::2022-11-18.08:45:20::SCWReader::Adding prebuilt librarypaths as   
TRACE::2022-11-18.08:45:20::SCWReader::Adding prebuilt incpaths  as   
TRACE::2022-11-18.08:45:20::SCWPlatform::Trying to open the hw design at C:/Users/SESA630813/work-2/4EV_HandsOn_platt/hw/Block_4EV_HandsOn.xsa
TRACE::2022-11-18.08:45:20::SCWPlatform::DSA given C:/Users/SESA630813/work-2/4EV_HandsOn_platt/hw/Block_4EV_HandsOn.xsa
TRACE::2022-11-18.08:45:20::SCWPlatform::DSA absoulate path C:/Users/SESA630813/work-2/4EV_HandsOn_platt/hw/Block_4EV_HandsOn.xsa
TRACE::2022-11-18.08:45:20::SCWPlatform::DSA directory C:/Users/SESA630813/work-2/4EV_HandsOn_platt/hw
TRACE::2022-11-18.08:45:20::SCWPlatform:: Platform Path C:/Users/SESA630813/work-2/4EV_HandsOn_platt/hw/Block_4EV_HandsOn.xsa
TRACE::2022-11-18.08:45:20::SCWPlatform:: Unique name xilinx:::0.0
TRACE::2022-11-18.08:45:20::SCWPlatform::Trying to set the existing hwdb with name Block_4EV_wrapper_1
TRACE::2022-11-18.08:45:20::SCWPlatform::Opened existing hwdb Block_4EV_wrapper_1
TRACE::2022-11-18.08:45:20::SCWPlatform::Found the Hw Db part of the input DSA
TRACE::2022-11-18.08:45:20::SCWMssOS::Checking the sw design at  C:/Users/SESA630813/work-2/4EV_HandsOn_platt/zynqmp_pmufw/zynqmp_pmufw_bsp/system.mss
TRACE::2022-11-18.08:45:20::SCWMssOS::DEBUG:  swdes dump  C:/Users/SESA630813/work-2/4EV_HandsOn_platt/zynqmp_fsbl/zynqmp_fsbl_bsp/system.mss|system||
C:/Users/SESA630813/work-2/4EV_HandsOn_platt/zynqmp_pmufw/zynqmp_pmufw_bsp/system.mss|system_0||

TRACE::2022-11-18.08:45:20::SCWMssOS::Sw design exists and opened at  C:/Users/SESA630813/work-2/4EV_HandsOn_platt/zynqmp_pmufw/zynqmp_pmufw_bsp/system.mss
TRACE::2022-11-18.08:45:20::SCWReader::No isolation master present  
TRACE::2022-11-18.08:45:20::SCWDomain::checking for install qemu data   : 
TRACE::2022-11-18.08:45:20::SCWDomain:: Using the QEMU Data from install at  : C:/Xilinx3/Vitis/2021.2/data/emulation/platforms/zynqmp/sw/a53_standalone/qemu/
TRACE::2022-11-18.08:45:20::SCWDomain:: Using the QEMU args  from install at  : C:/Xilinx3/Vitis/2021.2/data/emulation/platforms/zynqmp/sw/a53_standalone/qemu/qemu_args.txt
TRACE::2022-11-18.08:45:20::SCWDomain:: Using the PMUQEMU args from install at  : C:/Xilinx3/Vitis/2021.2/data/emulation/platforms/zynqmp/sw/a53_standalone/qemu/pmu_args.txt
TRACE::2022-11-18.08:45:20::SCWPlatform::Trying to open the hw design at C:/Users/SESA630813/work-2/4EV_HandsOn_platt/hw/Block_4EV_HandsOn.xsa
TRACE::2022-11-18.08:45:20::SCWPlatform::DSA given C:/Users/SESA630813/work-2/4EV_HandsOn_platt/hw/Block_4EV_HandsOn.xsa
TRACE::2022-11-18.08:45:20::SCWPlatform::DSA absoulate path C:/Users/SESA630813/work-2/4EV_HandsOn_platt/hw/Block_4EV_HandsOn.xsa
TRACE::2022-11-18.08:45:20::SCWPlatform::DSA directory C:/Users/SESA630813/work-2/4EV_HandsOn_platt/hw
TRACE::2022-11-18.08:45:20::SCWPlatform:: Platform Path C:/Users/SESA630813/work-2/4EV_HandsOn_platt/hw/Block_4EV_HandsOn.xsa
TRACE::2022-11-18.08:45:20::SCWPlatform:: Unique name xilinx:::0.0
TRACE::2022-11-18.08:45:20::SCWPlatform::Trying to set the existing hwdb with name Block_4EV_wrapper_1
TRACE::2022-11-18.08:45:20::SCWPlatform::Opened existing hwdb Block_4EV_wrapper_1
TRACE::2022-11-18.08:45:20::SCWPlatform::Found the Hw Db part of the input DSA
TRACE::2022-11-18.08:45:20::SCWPlatform::Trying to open the hw design at C:/Users/SESA630813/work-2/4EV_HandsOn_platt/hw/Block_4EV_HandsOn.xsa
TRACE::2022-11-18.08:45:20::SCWPlatform::DSA given C:/Users/SESA630813/work-2/4EV_HandsOn_platt/hw/Block_4EV_HandsOn.xsa
TRACE::2022-11-18.08:45:20::SCWPlatform::DSA absoulate path C:/Users/SESA630813/work-2/4EV_HandsOn_platt/hw/Block_4EV_HandsOn.xsa
TRACE::2022-11-18.08:45:20::SCWPlatform::DSA directory C:/Users/SESA630813/work-2/4EV_HandsOn_platt/hw
TRACE::2022-11-18.08:45:20::SCWPlatform:: Platform Path C:/Users/SESA630813/work-2/4EV_HandsOn_platt/hw/Block_4EV_HandsOn.xsa
TRACE::2022-11-18.08:45:20::SCWPlatform:: Unique name xilinx:::0.0
TRACE::2022-11-18.08:45:20::SCWPlatform::Trying to set the existing hwdb with name Block_4EV_wrapper_1
TRACE::2022-11-18.08:45:20::SCWPlatform::Opened existing hwdb Block_4EV_wrapper_1
TRACE::2022-11-18.08:45:20::SCWPlatform::Found the Hw Db part of the input DSA
TRACE::2022-11-18.08:45:20::SCWPlatform::Trying to open the hw design at C:/Users/SESA630813/work-2/4EV_HandsOn_platt/hw/Block_4EV_HandsOn.xsa
TRACE::2022-11-18.08:45:20::SCWPlatform::DSA given C:/Users/SESA630813/work-2/4EV_HandsOn_platt/hw/Block_4EV_HandsOn.xsa
TRACE::2022-11-18.08:45:20::SCWPlatform::DSA absoulate path C:/Users/SESA630813/work-2/4EV_HandsOn_platt/hw/Block_4EV_HandsOn.xsa
TRACE::2022-11-18.08:45:20::SCWPlatform::DSA directory C:/Users/SESA630813/work-2/4EV_HandsOn_platt/hw
TRACE::2022-11-18.08:45:20::SCWPlatform:: Platform Path C:/Users/SESA630813/work-2/4EV_HandsOn_platt/hw/Block_4EV_HandsOn.xsa
TRACE::2022-11-18.08:45:20::SCWPlatform:: Unique name xilinx:::0.0
TRACE::2022-11-18.08:45:20::SCWPlatform::Trying to set the existing hwdb with name Block_4EV_wrapper_1
TRACE::2022-11-18.08:45:20::SCWPlatform::Opened existing hwdb Block_4EV_wrapper_1
TRACE::2022-11-18.08:45:20::SCWPlatform::Found the Hw Db part of the input DSA
TRACE::2022-11-18.08:45:20::SCWMssOS::Checking the sw design at  C:/Users/SESA630813/work-2/4EV_HandsOn_platt/psu_cortexa53_0/standalone_domain/bsp/system.mss
TRACE::2022-11-18.08:45:20::SCWMssOS::DEBUG:  swdes dump  C:/Users/SESA630813/work-2/4EV_HandsOn_platt/zynqmp_fsbl/zynqmp_fsbl_bsp/system.mss|system||
C:/Users/SESA630813/work-2/4EV_HandsOn_platt/zynqmp_pmufw/zynqmp_pmufw_bsp/system.mss|system_0||

TRACE::2022-11-18.08:45:20::SCWMssOS::No sw design opened at  C:/Users/SESA630813/work-2/4EV_HandsOn_platt/psu_cortexa53_0/standalone_domain/bsp/system.mss
TRACE::2022-11-18.08:45:20::SCWMssOS::mss exists loading the mss file  C:/Users/SESA630813/work-2/4EV_HandsOn_platt/psu_cortexa53_0/standalone_domain/bsp/system.mss
TRACE::2022-11-18.08:45:20::SCWMssOS::Opened the sw design from mss  C:/Users/SESA630813/work-2/4EV_HandsOn_platt/psu_cortexa53_0/standalone_domain/bsp/system.mss
TRACE::2022-11-18.08:45:20::SCWMssOS::Adding the swdes entry C:/Users/SESA630813/work-2/4EV_HandsOn_platt/psu_cortexa53_0/standalone_domain/bsp/system.mss with des name system_1
TRACE::2022-11-18.08:45:20::SCWMssOS::updating the scw layer about changes
TRACE::2022-11-18.08:45:20::SCWMssOS::Opened the sw design.  C:/Users/SESA630813/work-2/4EV_HandsOn_platt/psu_cortexa53_0/standalone_domain/bsp/system.mss
TRACE::2022-11-18.08:45:20::SCWMssOS::Saving the mss changes C:/Users/SESA630813/work-2/4EV_HandsOn_platt/psu_cortexa53_0/standalone_domain/bsp/system.mss
TRACE::2022-11-18.08:45:20::SCWMssOS::Found a swdesign opened with the mssfile.
TRACE::2022-11-18.08:45:20::SCWMssOS::Completed writemss as part of save.
TRACE::2022-11-18.08:45:20::SCWMssOS::Commit changes completed.
TRACE::2022-11-18.08:45:20::SCWReader::Adding prebuilt librarypaths as   
TRACE::2022-11-18.08:45:20::SCWReader::Adding prebuilt incpaths  as   
TRACE::2022-11-18.08:45:20::SCWPlatform::Trying to open the hw design at C:/Users/SESA630813/work-2/4EV_HandsOn_platt/hw/Block_4EV_HandsOn.xsa
TRACE::2022-11-18.08:45:20::SCWPlatform::DSA given C:/Users/SESA630813/work-2/4EV_HandsOn_platt/hw/Block_4EV_HandsOn.xsa
TRACE::2022-11-18.08:45:20::SCWPlatform::DSA absoulate path C:/Users/SESA630813/work-2/4EV_HandsOn_platt/hw/Block_4EV_HandsOn.xsa
TRACE::2022-11-18.08:45:20::SCWPlatform::DSA directory C:/Users/SESA630813/work-2/4EV_HandsOn_platt/hw
TRACE::2022-11-18.08:45:20::SCWPlatform:: Platform Path C:/Users/SESA630813/work-2/4EV_HandsOn_platt/hw/Block_4EV_HandsOn.xsa
TRACE::2022-11-18.08:45:20::SCWPlatform:: Unique name xilinx:::0.0
TRACE::2022-11-18.08:45:20::SCWPlatform::Trying to set the existing hwdb with name Block_4EV_wrapper_1
TRACE::2022-11-18.08:45:20::SCWPlatform::Opened existing hwdb Block_4EV_wrapper_1
TRACE::2022-11-18.08:45:20::SCWPlatform::Found the Hw Db part of the input DSA
TRACE::2022-11-18.08:45:20::SCWMssOS::Checking the sw design at  C:/Users/SESA630813/work-2/4EV_HandsOn_platt/psu_cortexa53_0/standalone_domain/bsp/system.mss
TRACE::2022-11-18.08:45:20::SCWMssOS::DEBUG:  swdes dump  C:/Users/SESA630813/work-2/4EV_HandsOn_platt/psu_cortexa53_0/standalone_domain/bsp/system.mss|system_1||
C:/Users/SESA630813/work-2/4EV_HandsOn_platt/zynqmp_fsbl/zynqmp_fsbl_bsp/system.mss|system||
C:/Users/SESA630813/work-2/4EV_HandsOn_platt/zynqmp_pmufw/zynqmp_pmufw_bsp/system.mss|system_0||

TRACE::2022-11-18.08:45:20::SCWMssOS::Sw design exists and opened at  C:/Users/SESA630813/work-2/4EV_HandsOn_platt/psu_cortexa53_0/standalone_domain/bsp/system.mss
TRACE::2022-11-18.08:45:20::SCWReader::No isolation master present  
TRACE::2022-11-18.08:45:26::SCWPlatform::Trying to open the hw design at C:/Users/SESA630813/work-2/4EV_HandsOn_platt/hw/Block_4EV_HandsOn.xsa
TRACE::2022-11-18.08:45:26::SCWPlatform::DSA given C:/Users/SESA630813/work-2/4EV_HandsOn_platt/hw/Block_4EV_HandsOn.xsa
TRACE::2022-11-18.08:45:26::SCWPlatform::DSA absoulate path C:/Users/SESA630813/work-2/4EV_HandsOn_platt/hw/Block_4EV_HandsOn.xsa
TRACE::2022-11-18.08:45:26::SCWPlatform::DSA directory C:/Users/SESA630813/work-2/4EV_HandsOn_platt/hw
TRACE::2022-11-18.08:45:26::SCWPlatform:: Platform Path C:/Users/SESA630813/work-2/4EV_HandsOn_platt/hw/Block_4EV_HandsOn.xsa
TRACE::2022-11-18.08:45:26::SCWPlatform:: Unique name xilinx:::0.0
TRACE::2022-11-18.08:45:26::SCWPlatform::Trying to set the existing hwdb with name Block_4EV_wrapper_1
TRACE::2022-11-18.08:45:26::SCWPlatform::Opened existing hwdb Block_4EV_wrapper_1
TRACE::2022-11-18.08:45:26::SCWPlatform::Found the Hw Db part of the input DSA
TRACE::2022-11-18.08:45:26::SCWMssOS::Checking the sw design at  C:/Users/SESA630813/work-2/4EV_HandsOn_platt/psu_cortexa53_0/standalone_domain/bsp/system.mss
TRACE::2022-11-18.08:45:26::SCWMssOS::DEBUG:  swdes dump  C:/Users/SESA630813/work-2/4EV_HandsOn_platt/psu_cortexa53_0/standalone_domain/bsp/system.mss|system_1||
C:/Users/SESA630813/work-2/4EV_HandsOn_platt/zynqmp_fsbl/zynqmp_fsbl_bsp/system.mss|system||
C:/Users/SESA630813/work-2/4EV_HandsOn_platt/zynqmp_pmufw/zynqmp_pmufw_bsp/system.mss|system_0||

TRACE::2022-11-18.08:45:26::SCWMssOS::Sw design exists and opened at  C:/Users/SESA630813/work-2/4EV_HandsOn_platt/psu_cortexa53_0/standalone_domain/bsp/system.mss
TRACE::2022-11-18.08:45:27::SCWMssOS::In reload Mss file.
TRACE::2022-11-18.08:45:27::SCWPlatform::Trying to open the hw design at C:/Users/SESA630813/work-2/4EV_HandsOn_platt/hw/Block_4EV_HandsOn.xsa
TRACE::2022-11-18.08:45:27::SCWPlatform::DSA given C:/Users/SESA630813/work-2/4EV_HandsOn_platt/hw/Block_4EV_HandsOn.xsa
TRACE::2022-11-18.08:45:27::SCWPlatform::DSA absoulate path C:/Users/SESA630813/work-2/4EV_HandsOn_platt/hw/Block_4EV_HandsOn.xsa
TRACE::2022-11-18.08:45:27::SCWPlatform::DSA directory C:/Users/SESA630813/work-2/4EV_HandsOn_platt/hw
TRACE::2022-11-18.08:45:27::SCWPlatform:: Platform Path C:/Users/SESA630813/work-2/4EV_HandsOn_platt/hw/Block_4EV_HandsOn.xsa
TRACE::2022-11-18.08:45:27::SCWPlatform:: Unique name xilinx:::0.0
TRACE::2022-11-18.08:45:27::SCWPlatform::Trying to set the existing hwdb with name Block_4EV_wrapper_1
TRACE::2022-11-18.08:45:27::SCWPlatform::Opened existing hwdb Block_4EV_wrapper_1
TRACE::2022-11-18.08:45:27::SCWPlatform::Found the Hw Db part of the input DSA
TRACE::2022-11-18.08:45:27::SCWMssOS::Checking the sw design at  C:/Users/SESA630813/work-2/4EV_HandsOn_platt/psu_cortexa53_0/standalone_domain/bsp/system.mss
TRACE::2022-11-18.08:45:27::SCWMssOS::DEBUG:  swdes dump  C:/Users/SESA630813/work-2/4EV_HandsOn_platt/zynqmp_fsbl/zynqmp_fsbl_bsp/system.mss|system||
C:/Users/SESA630813/work-2/4EV_HandsOn_platt/zynqmp_pmufw/zynqmp_pmufw_bsp/system.mss|system_0||

TRACE::2022-11-18.08:45:27::SCWMssOS::No sw design opened at  C:/Users/SESA630813/work-2/4EV_HandsOn_platt/psu_cortexa53_0/standalone_domain/bsp/system.mss
TRACE::2022-11-18.08:45:27::SCWMssOS::mss exists loading the mss file  C:/Users/SESA630813/work-2/4EV_HandsOn_platt/psu_cortexa53_0/standalone_domain/bsp/system.mss
TRACE::2022-11-18.08:45:27::SCWMssOS::Opened the sw design from mss  C:/Users/SESA630813/work-2/4EV_HandsOn_platt/psu_cortexa53_0/standalone_domain/bsp/system.mss
TRACE::2022-11-18.08:45:27::SCWMssOS::Adding the swdes entry C:/Users/SESA630813/work-2/4EV_HandsOn_platt/psu_cortexa53_0/standalone_domain/bsp/system.mss with des name system_1
TRACE::2022-11-18.08:45:27::SCWMssOS::updating the scw layer about changes
TRACE::2022-11-18.08:45:27::SCWMssOS::Opened the sw design.  C:/Users/SESA630813/work-2/4EV_HandsOn_platt/psu_cortexa53_0/standalone_domain/bsp/system.mss
TRACE::2022-11-18.08:45:27::SCWMssOS::Saving the mss changes C:/Users/SESA630813/work-2/4EV_HandsOn_platt/psu_cortexa53_0/standalone_domain/bsp/system.mss
TRACE::2022-11-18.08:45:27::SCWMssOS::Found a swdesign opened with the mssfile.
TRACE::2022-11-18.08:45:27::SCWMssOS::Completed writemss as part of save.
TRACE::2022-11-18.08:45:27::SCWMssOS::Commit changes completed.
TRACE::2022-11-18.08:45:27::SCWPlatform::Trying to open the hw design at C:/Users/SESA630813/work-2/4EV_HandsOn_platt/hw/Block_4EV_HandsOn.xsa
TRACE::2022-11-18.08:45:27::SCWPlatform::DSA given C:/Users/SESA630813/work-2/4EV_HandsOn_platt/hw/Block_4EV_HandsOn.xsa
TRACE::2022-11-18.08:45:27::SCWPlatform::DSA absoulate path C:/Users/SESA630813/work-2/4EV_HandsOn_platt/hw/Block_4EV_HandsOn.xsa
TRACE::2022-11-18.08:45:27::SCWPlatform::DSA directory C:/Users/SESA630813/work-2/4EV_HandsOn_platt/hw
TRACE::2022-11-18.08:45:27::SCWPlatform:: Platform Path C:/Users/SESA630813/work-2/4EV_HandsOn_platt/hw/Block_4EV_HandsOn.xsa
TRACE::2022-11-18.08:45:27::SCWPlatform:: Unique name xilinx:::0.0
TRACE::2022-11-18.08:45:27::SCWPlatform::Trying to set the existing hwdb with name Block_4EV_wrapper_1
TRACE::2022-11-18.08:45:27::SCWPlatform::Opened existing hwdb Block_4EV_wrapper_1
TRACE::2022-11-18.08:45:27::SCWPlatform::Found the Hw Db part of the input DSA
TRACE::2022-11-18.08:45:27::SCWMssOS::Checking the sw design at  C:/Users/SESA630813/work-2/4EV_HandsOn_platt/psu_cortexa53_0/standalone_domain/bsp/system.mss
TRACE::2022-11-18.08:45:27::SCWMssOS::DEBUG:  swdes dump  C:/Users/SESA630813/work-2/4EV_HandsOn_platt/psu_cortexa53_0/standalone_domain/bsp/system.mss|system_1||
C:/Users/SESA630813/work-2/4EV_HandsOn_platt/zynqmp_fsbl/zynqmp_fsbl_bsp/system.mss|system||
C:/Users/SESA630813/work-2/4EV_HandsOn_platt/zynqmp_pmufw/zynqmp_pmufw_bsp/system.mss|system_0||

TRACE::2022-11-18.08:45:27::SCWMssOS::Sw design exists and opened at  C:/Users/SESA630813/work-2/4EV_HandsOn_platt/psu_cortexa53_0/standalone_domain/bsp/system.mss
TRACE::2022-11-18.08:45:27::SCWMssOS::Removing the swdes entry for  C:/Users/SESA630813/work-2/4EV_HandsOn_platt/psu_cortexa53_0/standalone_domain/bsp/system.mss
LOG::2022-11-18.08:45:40::SCWPlatform::Started generating the artifacts platform 4EV_HandsOn_platt
TRACE::2022-11-18.08:45:40::SCWPlatform::Sanity checking of platform is completed
LOG::2022-11-18.08:45:40::SCWPlatform::Started generating the artifacts for system configuration 4EV_HandsOn_platt
LOG::2022-11-18.08:45:40::SCWSystem::Checking the domain zynqmp_fsbl
LOG::2022-11-18.08:45:40::SCWSystem::Doing application build for :  zynqmp_fsbl
TRACE::2022-11-18.08:45:40::SCWBDomain::Not a forced makefile updation, No changes are present. 
TRACE::2022-11-18.08:45:40::SCWDomain::Building the domain as part of full build :  zynqmp_fsbl
TRACE::2022-11-18.08:45:40::SCWPlatform::Trying to open the hw design at C:/Users/SESA630813/work-2/4EV_HandsOn_platt/hw/Block_4EV_HandsOn.xsa
TRACE::2022-11-18.08:45:40::SCWPlatform::DSA given C:/Users/SESA630813/work-2/4EV_HandsOn_platt/hw/Block_4EV_HandsOn.xsa
TRACE::2022-11-18.08:45:40::SCWPlatform::DSA absoulate path C:/Users/SESA630813/work-2/4EV_HandsOn_platt/hw/Block_4EV_HandsOn.xsa
TRACE::2022-11-18.08:45:40::SCWPlatform::DSA directory C:/Users/SESA630813/work-2/4EV_HandsOn_platt/hw
TRACE::2022-11-18.08:45:40::SCWPlatform:: Platform Path C:/Users/SESA630813/work-2/4EV_HandsOn_platt/hw/Block_4EV_HandsOn.xsa
TRACE::2022-11-18.08:45:40::SCWPlatform:: Unique name xilinx:::0.0
TRACE::2022-11-18.08:45:40::SCWPlatform::Trying to set the existing hwdb with name Block_4EV_wrapper_1
TRACE::2022-11-18.08:45:40::SCWPlatform::Opened existing hwdb Block_4EV_wrapper_1
TRACE::2022-11-18.08:45:40::SCWPlatform::Found the Hw Db part of the input DSA
TRACE::2022-11-18.08:45:40::SCWMssOS::Checking the sw design at  C:/Users/SESA630813/work-2/4EV_HandsOn_platt/zynqmp_fsbl/zynqmp_fsbl_bsp/system.mss
TRACE::2022-11-18.08:45:40::SCWMssOS::DEBUG:  swdes dump  C:/Users/SESA630813/work-2/4EV_HandsOn_platt/zynqmp_fsbl/zynqmp_fsbl_bsp/system.mss|system||
C:/Users/SESA630813/work-2/4EV_HandsOn_platt/zynqmp_pmufw/zynqmp_pmufw_bsp/system.mss|system_0||

TRACE::2022-11-18.08:45:40::SCWMssOS::Sw design exists and opened at  C:/Users/SESA630813/work-2/4EV_HandsOn_platt/zynqmp_fsbl/zynqmp_fsbl_bsp/system.mss
TRACE::2022-11-18.08:45:40::SCWBDomain::Completed writing the mss file at C:/Users/SESA630813/work-2/4EV_HandsOn_platt/zynqmp_fsbl/zynqmp_fsbl_bsp
TRACE::2022-11-18.08:45:40::SCWBDomain::bsp generated is upto date with the mss file. Skipping bsp generation.
TRACE::2022-11-18.08:45:40::SCWBDomain::Not a forced makefile updation, No changes are present. 
TRACE::2022-11-18.08:45:40::SCWBDomain::System Command Ran  C:&  cd  C:/Users/SESA630813/work-2/4EV_HandsOn_platt/zynqmp_fsbl& make -C  zynqmp_fsbl_bsp & make 
TRACE::2022-11-18.08:45:40::SCWBDomain::make: Entering directory 'C:/Users/SESA630813/work-2/4EV_HandsOn_platt/zynqmp_fsbl/zynqmp_fsbl_bsp'

TRACE::2022-11-18.08:45:40::SCWBDomain::make --no-print-directory seq_libs

TRACE::2022-11-18.08:45:40::SCWBDomain::"Running Make include in psu_cortexa53_0/libsrc/axipmon_v6_9/src"

TRACE::2022-11-18.08:45:40::SCWBDomain::make -C psu_cortexa53_0/libsrc/axipmon_v6_9/src -s include  "SHELL=CMD" "COMPILER=aarch64-none-elf-gcc" "ASSEMBLER=aarch64-none
TRACE::2022-11-18.08:45:40::SCWBDomain::-elf-as" "ARCHIVER=aarch64-none-elf-ar" "COMPILER_FLAGS=  -c" "EXTRA_COMPILER_FLAGS=-g -Wall -Wextra -fno-tree-loop-distribute-
TRACE::2022-11-18.08:45:40::SCWBDomain::patterns -Os -flto -ffat-lto-objects"

TRACE::2022-11-18.08:45:40::SCWBDomain::"Running Make include in psu_cortexa53_0/libsrc/clockps_v1_3/src"

TRACE::2022-11-18.08:45:40::SCWBDomain::make -C psu_cortexa53_0/libsrc/clockps_v1_3/src -s include  "SHELL=CMD" "COMPILER=aarch64-none-elf-gcc" "ASSEMBLER=aarch64-none
TRACE::2022-11-18.08:45:40::SCWBDomain::-elf-as" "ARCHIVER=aarch64-none-elf-ar" "COMPILER_FLAGS=  -c" "EXTRA_COMPILER_FLAGS=-g -Wall -Wextra -fno-tree-loop-distribute-
TRACE::2022-11-18.08:45:40::SCWBDomain::patterns -Os -flto -ffat-lto-objects"

TRACE::2022-11-18.08:45:40::SCWBDomain::"Running Make include in psu_cortexa53_0/libsrc/coresightps_dcc_v1_8/src"

TRACE::2022-11-18.08:45:40::SCWBDomain::make -C psu_cortexa53_0/libsrc/coresightps_dcc_v1_8/src -s include  "SHELL=CMD" "COMPILER=aarch64-none-elf-gcc" "ASSEMBLER=aarc
TRACE::2022-11-18.08:45:40::SCWBDomain::h64-none-elf-as" "ARCHIVER=aarch64-none-elf-ar" "COMPILER_FLAGS=  -c" "EXTRA_COMPILER_FLAGS=-g -Wall -Wextra -fno-tree-loop-dis
TRACE::2022-11-18.08:45:40::SCWBDomain::tribute-patterns -Os -flto -ffat-lto-objects"

TRACE::2022-11-18.08:45:41::SCWBDomain::"Running Make include in psu_cortexa53_0/libsrc/cpu_cortexa53_v2_0/src"

TRACE::2022-11-18.08:45:41::SCWBDomain::make -C psu_cortexa53_0/libsrc/cpu_cortexa53_v2_0/src -s include  "SHELL=CMD" "COMPILER=aarch64-none-elf-gcc" "ASSEMBLER=aarch6
TRACE::2022-11-18.08:45:41::SCWBDomain::4-none-elf-as" "ARCHIVER=aarch64-none-elf-ar" "COMPILER_FLAGS=  -c" "EXTRA_COMPILER_FLAGS=-g -Wall -Wextra -fno-tree-loop-distr
TRACE::2022-11-18.08:45:41::SCWBDomain::ibute-patterns -Os -flto -ffat-lto-objects"

TRACE::2022-11-18.08:45:41::SCWBDomain::"Running Make include in psu_cortexa53_0/libsrc/csudma_v1_10/src"

TRACE::2022-11-18.08:45:41::SCWBDomain::make -C psu_cortexa53_0/libsrc/csudma_v1_10/src -s include  "SHELL=CMD" "COMPILER=aarch64-none-elf-gcc" "ASSEMBLER=aarch64-none
TRACE::2022-11-18.08:45:41::SCWBDomain::-elf-as" "ARCHIVER=aarch64-none-elf-ar" "COMPILER_FLAGS=  -c" "EXTRA_COMPILER_FLAGS=-g -Wall -Wextra -fno-tree-loop-distribute-
TRACE::2022-11-18.08:45:41::SCWBDomain::patterns -Os -flto -ffat-lto-objects"

TRACE::2022-11-18.08:45:41::SCWBDomain::"Running Make include in psu_cortexa53_0/libsrc/ddrcpsu_v1_3/src"

TRACE::2022-11-18.08:45:41::SCWBDomain::make -C psu_cortexa53_0/libsrc/ddrcpsu_v1_3/src -s include  "SHELL=CMD" "COMPILER=aarch64-none-elf-gcc" "ASSEMBLER=aarch64-none
TRACE::2022-11-18.08:45:41::SCWBDomain::-elf-as" "ARCHIVER=aarch64-none-elf-ar" "COMPILER_FLAGS=  -c" "EXTRA_COMPILER_FLAGS=-g -Wall -Wextra -fno-tree-loop-distribute-
TRACE::2022-11-18.08:45:41::SCWBDomain::patterns -Os -flto -ffat-lto-objects"

TRACE::2022-11-18.08:45:41::SCWBDomain::"Running Make include in psu_cortexa53_0/libsrc/gpiops_v3_9/src"

TRACE::2022-11-18.08:45:41::SCWBDomain::make -C psu_cortexa53_0/libsrc/gpiops_v3_9/src -s include  "SHELL=CMD" "COMPILER=aarch64-none-elf-gcc" "ASSEMBLER=aarch64-none-
TRACE::2022-11-18.08:45:41::SCWBDomain::elf-as" "ARCHIVER=aarch64-none-elf-ar" "COMPILER_FLAGS=  -c" "EXTRA_COMPILER_FLAGS=-g -Wall -Wextra -fno-tree-loop-distribute-p
TRACE::2022-11-18.08:45:41::SCWBDomain::atterns -Os -flto -ffat-lto-objects"

TRACE::2022-11-18.08:45:41::SCWBDomain::"Running Make include in psu_cortexa53_0/libsrc/gpio_v4_8/src"

TRACE::2022-11-18.08:45:41::SCWBDomain::make -C psu_cortexa53_0/libsrc/gpio_v4_8/src -s include  "SHELL=CMD" "COMPILER=aarch64-none-elf-gcc" "ASSEMBLER=aarch64-none-el
TRACE::2022-11-18.08:45:41::SCWBDomain::f-as" "ARCHIVER=aarch64-none-elf-ar" "COMPILER_FLAGS=  -c" "EXTRA_COMPILER_FLAGS=-g -Wall -Wextra -fno-tree-loop-distribute-pat
TRACE::2022-11-18.08:45:41::SCWBDomain::terns -Os -flto -ffat-lto-objects"

TRACE::2022-11-18.08:45:41::SCWBDomain::"Running Make include in psu_cortexa53_0/libsrc/iicps_v3_14/src"

TRACE::2022-11-18.08:45:41::SCWBDomain::make -C psu_cortexa53_0/libsrc/iicps_v3_14/src -s include  "SHELL=CMD" "COMPILER=aarch64-none-elf-gcc" "ASSEMBLER=aarch64-none-
TRACE::2022-11-18.08:45:41::SCWBDomain::elf-as" "ARCHIVER=aarch64-none-elf-ar" "COMPILER_FLAGS=  -c" "EXTRA_COMPILER_FLAGS=-g -Wall -Wextra -fno-tree-loop-distribute-p
TRACE::2022-11-18.08:45:41::SCWBDomain::atterns -Os -flto -ffat-lto-objects"

TRACE::2022-11-18.08:45:41::SCWBDomain::"Running Make include in psu_cortexa53_0/libsrc/ipipsu_v2_10/src"

TRACE::2022-11-18.08:45:41::SCWBDomain::make -C psu_cortexa53_0/libsrc/ipipsu_v2_10/src -s include  "SHELL=CMD" "COMPILER=aarch64-none-elf-gcc" "ASSEMBLER=aarch64-none
TRACE::2022-11-18.08:45:41::SCWBDomain::-elf-as" "ARCHIVER=aarch64-none-elf-ar" "COMPILER_FLAGS=  -c" "EXTRA_COMPILER_FLAGS=-g -Wall -Wextra -fno-tree-loop-distribute-
TRACE::2022-11-18.08:45:41::SCWBDomain::patterns -Os -flto -ffat-lto-objects"

TRACE::2022-11-18.08:45:41::SCWBDomain::"Running Make include in psu_cortexa53_0/libsrc/qspipsu_v1_14/src"

TRACE::2022-11-18.08:45:41::SCWBDomain::make -C psu_cortexa53_0/libsrc/qspipsu_v1_14/src -s include  "SHELL=CMD" "COMPILER=aarch64-none-elf-gcc" "ASSEMBLER=aarch64-non
TRACE::2022-11-18.08:45:41::SCWBDomain::e-elf-as" "ARCHIVER=aarch64-none-elf-ar" "COMPILER_FLAGS=  -c" "EXTRA_COMPILER_FLAGS=-g -Wall -Wextra -fno-tree-loop-distribute
TRACE::2022-11-18.08:45:41::SCWBDomain::-patterns -Os -flto -ffat-lto-objects"

TRACE::2022-11-18.08:45:41::SCWBDomain::"Running Make include in psu_cortexa53_0/libsrc/resetps_v1_4/src"

TRACE::2022-11-18.08:45:41::SCWBDomain::make -C psu_cortexa53_0/libsrc/resetps_v1_4/src -s include  "SHELL=CMD" "COMPILER=aarch64-none-elf-gcc" "ASSEMBLER=aarch64-none
TRACE::2022-11-18.08:45:41::SCWBDomain::-elf-as" "ARCHIVER=aarch64-none-elf-ar" "COMPILER_FLAGS=  -c" "EXTRA_COMPILER_FLAGS=-g -Wall -Wextra -fno-tree-loop-distribute-
TRACE::2022-11-18.08:45:41::SCWBDomain::patterns -Os -flto -ffat-lto-objects"

TRACE::2022-11-18.08:45:42::SCWBDomain::"Running Make include in psu_cortexa53_0/libsrc/rtcpsu_v1_11/src"

TRACE::2022-11-18.08:45:42::SCWBDomain::make -C psu_cortexa53_0/libsrc/rtcpsu_v1_11/src -s include  "SHELL=CMD" "COMPILER=aarch64-none-elf-gcc" "ASSEMBLER=aarch64-none
TRACE::2022-11-18.08:45:42::SCWBDomain::-elf-as" "ARCHIVER=aarch64-none-elf-ar" "COMPILER_FLAGS=  -c" "EXTRA_COMPILER_FLAGS=-g -Wall -Wextra -fno-tree-loop-distribute-
TRACE::2022-11-18.08:45:42::SCWBDomain::patterns -Os -flto -ffat-lto-objects"

TRACE::2022-11-18.08:45:42::SCWBDomain::"Running Make include in psu_cortexa53_0/libsrc/scugic_v4_6/src"

TRACE::2022-11-18.08:45:42::SCWBDomain::make -C psu_cortexa53_0/libsrc/scugic_v4_6/src -s include  "SHELL=CMD" "COMPILER=aarch64-none-elf-gcc" "ASSEMBLER=aarch64-none-
TRACE::2022-11-18.08:45:42::SCWBDomain::elf-as" "ARCHIVER=aarch64-none-elf-ar" "COMPILER_FLAGS=  -c" "EXTRA_COMPILER_FLAGS=-g -Wall -Wextra -fno-tree-loop-distribute-p
TRACE::2022-11-18.08:45:42::SCWBDomain::atterns -Os -flto -ffat-lto-objects"

TRACE::2022-11-18.08:45:42::SCWBDomain::"Running Make include in psu_cortexa53_0/libsrc/sdps_v3_13/src"

TRACE::2022-11-18.08:45:42::SCWBDomain::make -C psu_cortexa53_0/libsrc/sdps_v3_13/src -s include  "SHELL=CMD" "COMPILER=aarch64-none-elf-gcc" "ASSEMBLER=aarch64-none-e
TRACE::2022-11-18.08:45:42::SCWBDomain::lf-as" "ARCHIVER=aarch64-none-elf-ar" "COMPILER_FLAGS=  -c" "EXTRA_COMPILER_FLAGS=-g -Wall -Wextra -fno-tree-loop-distribute-pa
TRACE::2022-11-18.08:45:42::SCWBDomain::tterns -Os -flto -ffat-lto-objects"

TRACE::2022-11-18.08:45:42::SCWBDomain::"Running Make include in psu_cortexa53_0/libsrc/standalone_v7_6/src"

TRACE::2022-11-18.08:45:42::SCWBDomain::make -C psu_cortexa53_0/libsrc/standalone_v7_6/src -s include  "SHELL=CMD" "COMPILER=aarch64-none-elf-gcc" "ASSEMBLER=aarch64-n
TRACE::2022-11-18.08:45:42::SCWBDomain::one-elf-as" "ARCHIVER=aarch64-none-elf-ar" "COMPILER_FLAGS=  -c" "EXTRA_COMPILER_FLAGS=-g -Wall -Wextra -fno-tree-loop-distribu
TRACE::2022-11-18.08:45:42::SCWBDomain::te-patterns -Os -flto -ffat-lto-objects"

TRACE::2022-11-18.08:45:43::SCWBDomain::"Running Make include in psu_cortexa53_0/libsrc/sysmonpsu_v2_7/src"

TRACE::2022-11-18.08:45:43::SCWBDomain::make -C psu_cortexa53_0/libsrc/sysmonpsu_v2_7/src -s include  "SHELL=CMD" "COMPILER=aarch64-none-elf-gcc" "ASSEMBLER=aarch64-no
TRACE::2022-11-18.08:45:43::SCWBDomain::ne-elf-as" "ARCHIVER=aarch64-none-elf-ar" "COMPILER_FLAGS=  -c" "EXTRA_COMPILER_FLAGS=-g -Wall -Wextra -fno-tree-loop-distribut
TRACE::2022-11-18.08:45:43::SCWBDomain::e-patterns -Os -flto -ffat-lto-objects"

TRACE::2022-11-18.08:45:43::SCWBDomain::"Running Make include in psu_cortexa53_0/libsrc/uartps_v3_11/src"

TRACE::2022-11-18.08:45:43::SCWBDomain::make -C psu_cortexa53_0/libsrc/uartps_v3_11/src -s include  "SHELL=CMD" "COMPILER=aarch64-none-elf-gcc" "ASSEMBLER=aarch64-none
TRACE::2022-11-18.08:45:43::SCWBDomain::-elf-as" "ARCHIVER=aarch64-none-elf-ar" "COMPILER_FLAGS=  -c" "EXTRA_COMPILER_FLAGS=-g -Wall -Wextra -fno-tree-loop-distribute-
TRACE::2022-11-18.08:45:43::SCWBDomain::patterns -Os -flto -ffat-lto-objects"

TRACE::2022-11-18.08:45:43::SCWBDomain::"Running Make include in psu_cortexa53_0/libsrc/xilffs_v4_6/src"

TRACE::2022-11-18.08:45:43::SCWBDomain::make -C psu_cortexa53_0/libsrc/xilffs_v4_6/src -s include  "SHELL=CMD" "COMPILER=aarch64-none-elf-gcc" "ASSEMBLER=aarch64-none-
TRACE::2022-11-18.08:45:43::SCWBDomain::elf-as" "ARCHIVER=aarch64-none-elf-ar" "COMPILER_FLAGS=  -c" "EXTRA_COMPILER_FLAGS=-g -Wall -Wextra -fno-tree-loop-distribute-p
TRACE::2022-11-18.08:45:43::SCWBDomain::atterns -Os -flto -ffat-lto-objects"

TRACE::2022-11-18.08:45:43::SCWBDomain::"Running Make include in psu_cortexa53_0/libsrc/xilpm_v3_5/src"

TRACE::2022-11-18.08:45:43::SCWBDomain::make -C psu_cortexa53_0/libsrc/xilpm_v3_5/src -s include  "SHELL=CMD" "COMPILER=aarch64-none-elf-gcc" "ASSEMBLER=aarch64-none-e
TRACE::2022-11-18.08:45:43::SCWBDomain::lf-as" "ARCHIVER=aarch64-none-elf-ar" "COMPILER_FLAGS=  -c" "EXTRA_COMPILER_FLAGS=-g -Wall -Wextra -fno-tree-loop-distribute-pa
TRACE::2022-11-18.08:45:43::SCWBDomain::tterns -Os -flto -ffat-lto-objects"

TRACE::2022-11-18.08:45:44::SCWBDomain::"Include files for this library have already been copied."

TRACE::2022-11-18.08:45:44::SCWBDomain::"Running Make include in psu_cortexa53_0/libsrc/xilsecure_v4_6/src"

TRACE::2022-11-18.08:45:44::SCWBDomain::make -C psu_cortexa53_0/libsrc/xilsecure_v4_6/src -s include  "SHELL=CMD" "COMPILER=aarch64-none-elf-gcc" "ASSEMBLER=aarch64-no
TRACE::2022-11-18.08:45:44::SCWBDomain::ne-elf-as" "ARCHIVER=aarch64-none-elf-ar" "COMPILER_FLAGS=  -c" "EXTRA_COMPILER_FLAGS=-g -Wall -Wextra -fno-tree-loop-distribut
TRACE::2022-11-18.08:45:44::SCWBDomain::e-patterns -Os -flto -ffat-lto-objects"

TRACE::2022-11-18.08:45:44::SCWBDomain::"Running Make include in psu_cortexa53_0/libsrc/zdma_v1_13/src"

TRACE::2022-11-18.08:45:44::SCWBDomain::make -C psu_cortexa53_0/libsrc/zdma_v1_13/src -s include  "SHELL=CMD" "COMPILER=aarch64-none-elf-gcc" "ASSEMBLER=aarch64-none-e
TRACE::2022-11-18.08:45:44::SCWBDomain::lf-as" "ARCHIVER=aarch64-none-elf-ar" "COMPILER_FLAGS=  -c" "EXTRA_COMPILER_FLAGS=-g -Wall -Wextra -fno-tree-loop-distribute-pa
TRACE::2022-11-18.08:45:44::SCWBDomain::tterns -Os -flto -ffat-lto-objects"

TRACE::2022-11-18.08:45:44::SCWBDomain::"Running Make libs in psu_cortexa53_0/libsrc/xilpm_v3_5/src"

TRACE::2022-11-18.08:45:44::SCWBDomain::make -C psu_cortexa53_0/libsrc/xilpm_v3_5/src -s libs  "SHELL=CMD" "COMPILER=aarch64-none-elf-gcc" "ASSEMBLER=aarch64-none-elf-
TRACE::2022-11-18.08:45:44::SCWBDomain::as" "ARCHIVER=aarch64-none-elf-ar" "COMPILER_FLAGS=  -c" "EXTRA_COMPILER_FLAGS=-g -Wall -Wextra -fno-tree-loop-distribute-patte
TRACE::2022-11-18.08:45:44::SCWBDomain::rns -Os -flto -ffat-lto-objects"

TRACE::2022-11-18.08:45:44::SCWBDomain::"Compiling xilpm library"

TRACE::2022-11-18.08:45:45::SCWBDomain::"Running Make libs in psu_cortexa53_0/libsrc/xilsecure_v4_6/src"

TRACE::2022-11-18.08:45:45::SCWBDomain::make -C psu_cortexa53_0/libsrc/xilsecure_v4_6/src -s libs  "SHELL=CMD" "COMPILER=aarch64-none-elf-gcc" "ASSEMBLER=aarch64-none-
TRACE::2022-11-18.08:45:45::SCWBDomain::elf-as" "ARCHIVER=aarch64-none-elf-ar" "COMPILER_FLAGS=  -c" "EXTRA_COMPILER_FLAGS=-g -Wall -Wextra -fno-tree-loop-distribute-p
TRACE::2022-11-18.08:45:45::SCWBDomain::atterns -Os -flto -ffat-lto-objects"

TRACE::2022-11-18.08:45:45::SCWBDomain::"Compiling XilSecure Library"

TRACE::2022-11-18.08:45:47::SCWBDomain::'Finished building libraries sequentially.'

TRACE::2022-11-18.08:45:47::SCWBDomain::make -j 10 --no-print-directory par_libs

TRACE::2022-11-18.08:45:47::SCWBDomain::"Running Make include in psu_cortexa53_0/libsrc/axipmon_v6_9/src"

TRACE::2022-11-18.08:45:47::SCWBDomain::"Running Make include in psu_cortexa53_0/libsrc/clockps_v1_3/src"

TRACE::2022-11-18.08:45:47::SCWBDomain::make -C psu_cortexa53_0/libsrc/axipmon_v6_9/src -s include  "SHELL=CMD" "COMPILER=aarch64-none-elf-gcc" "ASSEMBLER=aarch64-none
TRACE::2022-11-18.08:45:47::SCWBDomain::-elf-as" "ARCHIVER=aarch64-none-elf-ar" "COMPILER_FLAGS=  -c" "EXTRA_COMPILER_FLAGS=-g -Wall -Wextra -fno-tree-loop-distribute-
TRACE::2022-11-18.08:45:47::SCWBDomain::patterns -Os -flto -ffat-lto-objects"

TRACE::2022-11-18.08:45:47::SCWBDomain::"Running Make include in psu_cortexa53_0/libsrc/coresightps_dcc_v1_8/src"

TRACE::2022-11-18.08:45:47::SCWBDomain::make -C psu_cortexa53_0/libsrc/clockps_v1_3/src -s include  "SHELL=CMD" "COMPILER=aarch64-none-elf-gcc" "ASSEMBLER=aarch64-none
TRACE::2022-11-18.08:45:47::SCWBDomain::-elf-as" "ARCHIVER=aarch64-none-elf-ar" "COMPILER_FLAGS=  -c" "EXTRA_COMPILER_FLAGS=-g -Wall -Wextra -fno-tree-loop-distribute-
TRACE::2022-11-18.08:45:47::SCWBDomain::patterns -Os -flto -ffat-lto-objects"

TRACE::2022-11-18.08:45:47::SCWBDomain::"Running Make include in psu_cortexa53_0/libsrc/cpu_cortexa53_v2_0/src"

TRACE::2022-11-18.08:45:47::SCWBDomain::make -C psu_cortexa53_0/libsrc/coresightps_dcc_v1_8/src -s include  "SHELL=CMD" "COMPILER=aarch64-none-elf-gcc" "ASSEMBLER=aarc
TRACE::2022-11-18.08:45:47::SCWBDomain::h64-none-elf-as" "ARCHIVER=aarch64-none-elf-ar" "COMPILER_FLAGS=  -c" "EXTRA_COMPILER_FLAGS=-g -Wall -Wextra -fno-tree-loop-dis
TRACE::2022-11-18.08:45:47::SCWBDomain::tribute-patterns -Os -flto -ffat-lto-objects"

TRACE::2022-11-18.08:45:47::SCWBDomain::make -C psu_cortexa53_0/libsrc/cpu_cortexa53_v2_0/src -s include  "SHELL=CMD" "COMPILER=aarch64-none-elf-gcc" "ASSEMBLER=aarch6
TRACE::2022-11-18.08:45:47::SCWBDomain::4-none-elf-as" "ARCHIVER=aarch64-none-elf-ar" "COMPILER_FLAGS=  -c" "EXTRA_COMPILER_FLAGS=-g -Wall -Wextra -fno-tree-loop-distr
TRACE::2022-11-18.08:45:47::SCWBDomain::ibute-patterns -Os -flto -ffat-lto-objects"

TRACE::2022-11-18.08:45:47::SCWBDomain::"Running Make include in psu_cortexa53_0/libsrc/csudma_v1_10/src"

TRACE::2022-11-18.08:45:47::SCWBDomain::make -C psu_cortexa53_0/libsrc/csudma_v1_10/src -s include  "SHELL=CMD" "COMPILER=aarch64-none-elf-gcc" "ASSEMBLER=aarch64-none
TRACE::2022-11-18.08:45:47::SCWBDomain::-elf-as" "ARCHIVER=aarch64-none-elf-ar" "COMPILER_FLAGS=  -c" "EXTRA_COMPILER_FLAGS=-g -Wall -Wextra -fno-tree-loop-distribute-
TRACE::2022-11-18.08:45:47::SCWBDomain::patterns -Os -flto -ffat-lto-objects"

TRACE::2022-11-18.08:45:47::SCWBDomain::"Running Make include in psu_cortexa53_0/libsrc/ddrcpsu_v1_3/src"

TRACE::2022-11-18.08:45:47::SCWBDomain::"Running Make include in psu_cortexa53_0/libsrc/gpiops_v3_9/src"

TRACE::2022-11-18.08:45:47::SCWBDomain::make -C psu_cortexa53_0/libsrc/ddrcpsu_v1_3/src -s include  "SHELL=CMD" "COMPILER=aarch64-none-elf-gcc" "ASSEMBLER=aarch64-none
TRACE::2022-11-18.08:45:47::SCWBDomain::-elf-as" "ARCHIVER=aarch64-none-elf-ar" "COMPILER_FLAGS=  -c" "EXTRA_COMPILER_FLAGS=-g -Wall -Wextra -fno-tree-loop-distribute-
TRACE::2022-11-18.08:45:47::SCWBDomain::patterns -Os -flto -ffat-lto-objects"

TRACE::2022-11-18.08:45:47::SCWBDomain::"Running Make include in psu_cortexa53_0/libsrc/gpio_v4_8/src"

TRACE::2022-11-18.08:45:47::SCWBDomain::make -C psu_cortexa53_0/libsrc/gpiops_v3_9/src -s include  "SHELL=CMD" "COMPILER=aarch64-none-elf-gcc" "ASSEMBLER=aarch64-none-
TRACE::2022-11-18.08:45:47::SCWBDomain::elf-as" "ARCHIVER=aarch64-none-elf-ar" "COMPILER_FLAGS=  -c" "EXTRA_COMPILER_FLAGS=-g -Wall -Wextra -fno-tree-loop-distribute-p
TRACE::2022-11-18.08:45:47::SCWBDomain::atterns -Os -flto -ffat-lto-objects"

TRACE::2022-11-18.08:45:47::SCWBDomain::"Running Make include in psu_cortexa53_0/libsrc/iicps_v3_14/src"

TRACE::2022-11-18.08:45:47::SCWBDomain::make -C psu_cortexa53_0/libsrc/gpio_v4_8/src -s include  "SHELL=CMD" "COMPILER=aarch64-none-elf-gcc" "ASSEMBLER=aarch64-none-el
TRACE::2022-11-18.08:45:47::SCWBDomain::f-as" "ARCHIVER=aarch64-none-elf-ar" "COMPILER_FLAGS=  -c" "EXTRA_COMPILER_FLAGS=-g -Wall -Wextra -fno-tree-loop-distribute-pat
TRACE::2022-11-18.08:45:47::SCWBDomain::terns -Os -flto -ffat-lto-objects"

TRACE::2022-11-18.08:45:47::SCWBDomain::"Running Make include in psu_cortexa53_0/libsrc/ipipsu_v2_10/src"

TRACE::2022-11-18.08:45:47::SCWBDomain::make -C psu_cortexa53_0/libsrc/iicps_v3_14/src -s include  "SHELL=CMD" "COMPILER=aarch64-none-elf-gcc" "ASSEMBLER=aarch64-none-
TRACE::2022-11-18.08:45:47::SCWBDomain::elf-as" "ARCHIVER=aarch64-none-elf-ar" "COMPILER_FLAGS=  -c" "EXTRA_COMPILER_FLAGS=-g -Wall -Wextra -fno-tree-loop-distribute-p
TRACE::2022-11-18.08:45:47::SCWBDomain::atterns -Os -flto -ffat-lto-objects"

TRACE::2022-11-18.08:45:47::SCWBDomain::make -C psu_cortexa53_0/libsrc/ipipsu_v2_10/src -s include  "SHELL=CMD" "COMPILER=aarch64-none-elf-gcc" "ASSEMBLER=aarch64-none
TRACE::2022-11-18.08:45:47::SCWBDomain::-elf-as" "ARCHIVER=aarch64-none-elf-ar" "COMPILER_FLAGS=  -c" "EXTRA_COMPILER_FLAGS=-g -Wall -Wextra -fno-tree-loop-distribute-
TRACE::2022-11-18.08:45:47::SCWBDomain::patterns -Os -flto -ffat-lto-objects"

TRACE::2022-11-18.08:45:47::SCWBDomain::"Running Make include in psu_cortexa53_0/libsrc/qspipsu_v1_14/src"

TRACE::2022-11-18.08:45:47::SCWBDomain::"Running Make include in psu_cortexa53_0/libsrc/resetps_v1_4/src"

TRACE::2022-11-18.08:45:47::SCWBDomain::make -C psu_cortexa53_0/libsrc/qspipsu_v1_14/src -s include  "SHELL=CMD" "COMPILER=aarch64-none-elf-gcc" "ASSEMBLER=aarch64-non
TRACE::2022-11-18.08:45:47::SCWBDomain::e-elf-as" "ARCHIVER=aarch64-none-elf-ar" "COMPILER_FLAGS=  -c" "EXTRA_COMPILER_FLAGS=-g -Wall -Wextra -fno-tree-loop-distribute
TRACE::2022-11-18.08:45:47::SCWBDomain::-patterns -Os -flto -ffat-lto-objects"

TRACE::2022-11-18.08:45:47::SCWBDomain::"Running Make include in psu_cortexa53_0/libsrc/rtcpsu_v1_11/src"

TRACE::2022-11-18.08:45:47::SCWBDomain::make -C psu_cortexa53_0/libsrc/resetps_v1_4/src -s include  "SHELL=CMD" "COMPILER=aarch64-none-elf-gcc" "ASSEMBLER=aarch64-none
TRACE::2022-11-18.08:45:47::SCWBDomain::-elf-as" "ARCHIVER=aarch64-none-elf-ar" "COMPILER_FLAGS=  -c" "EXTRA_COMPILER_FLAGS=-g -Wall -Wextra -fno-tree-loop-distribute-
TRACE::2022-11-18.08:45:47::SCWBDomain::patterns -Os -flto -ffat-lto-objects"

TRACE::2022-11-18.08:45:47::SCWBDomain::"Running Make include in psu_cortexa53_0/libsrc/scugic_v4_6/src"

TRACE::2022-11-18.08:45:47::SCWBDomain::make -C psu_cortexa53_0/libsrc/rtcpsu_v1_11/src -s include  "SHELL=CMD" "COMPILER=aarch64-none-elf-gcc" "ASSEMBLER=aarch64-none
TRACE::2022-11-18.08:45:47::SCWBDomain::-elf-as" "ARCHIVER=aarch64-none-elf-ar" "COMPILER_FLAGS=  -c" "EXTRA_COMPILER_FLAGS=-g -Wall -Wextra -fno-tree-loop-distribute-
TRACE::2022-11-18.08:45:47::SCWBDomain::patterns -Os -flto -ffat-lto-objects"

TRACE::2022-11-18.08:45:47::SCWBDomain::"Running Make include in psu_cortexa53_0/libsrc/sdps_v3_13/src"

TRACE::2022-11-18.08:45:47::SCWBDomain::make -C psu_cortexa53_0/libsrc/scugic_v4_6/src -s include  "SHELL=CMD" "COMPILER=aarch64-none-elf-gcc" "ASSEMBLER=aarch64-none-
TRACE::2022-11-18.08:45:47::SCWBDomain::elf-as" "ARCHIVER=aarch64-none-elf-ar" "COMPILER_FLAGS=  -c" "EXTRA_COMPILER_FLAGS=-g -Wall -Wextra -fno-tree-loop-distribute-p
TRACE::2022-11-18.08:45:47::SCWBDomain::atterns -Os -flto -ffat-lto-objects"

TRACE::2022-11-18.08:45:47::SCWBDomain::make -C psu_cortexa53_0/libsrc/sdps_v3_13/src -s include  "SHELL=CMD" "COMPILER=aarch64-none-elf-gcc" "ASSEMBLER=aarch64-none-e
TRACE::2022-11-18.08:45:47::SCWBDomain::lf-as" "ARCHIVER=aarch64-none-elf-ar" "COMPILER_FLAGS=  -c" "EXTRA_COMPILER_FLAGS=-g -Wall -Wextra -fno-tree-loop-distribute-pa
TRACE::2022-11-18.08:45:47::SCWBDomain::tterns -Os -flto -ffat-lto-objects"

TRACE::2022-11-18.08:45:47::SCWBDomain::"Running Make include in psu_cortexa53_0/libsrc/standalone_v7_6/src"

TRACE::2022-11-18.08:45:47::SCWBDomain::make -C psu_cortexa53_0/libsrc/standalone_v7_6/src -s include  "SHELL=CMD" "COMPILER=aarch64-none-elf-gcc" "ASSEMBLER=aarch64-n
TRACE::2022-11-18.08:45:47::SCWBDomain::one-elf-as" "ARCHIVER=aarch64-none-elf-ar" "COMPILER_FLAGS=  -c" "EXTRA_COMPILER_FLAGS=-g -Wall -Wextra -fno-tree-loop-distribu
TRACE::2022-11-18.08:45:47::SCWBDomain::te-patterns -Os -flto -ffat-lto-objects"

TRACE::2022-11-18.08:45:47::SCWBDomain::"Running Make include in psu_cortexa53_0/libsrc/sysmonpsu_v2_7/src"

TRACE::2022-11-18.08:45:47::SCWBDomain::"Running Make include in psu_cortexa53_0/libsrc/uartps_v3_11/src"

TRACE::2022-11-18.08:45:47::SCWBDomain::make -C psu_cortexa53_0/libsrc/sysmonpsu_v2_7/src -s include  "SHELL=CMD" "COMPILER=aarch64-none-elf-gcc" "ASSEMBLER=aarch64-no
TRACE::2022-11-18.08:45:47::SCWBDomain::ne-elf-as" "ARCHIVER=aarch64-none-elf-ar" "COMPILER_FLAGS=  -c" "EXTRA_COMPILER_FLAGS=-g -Wall -Wextra -fno-tree-loop-distribut
TRACE::2022-11-18.08:45:47::SCWBDomain::e-patterns -Os -flto -ffat-lto-objects"

TRACE::2022-11-18.08:45:47::SCWBDomain::"Running Make include in psu_cortexa53_0/libsrc/xilffs_v4_6/src"

TRACE::2022-11-18.08:45:47::SCWBDomain::make -C psu_cortexa53_0/libsrc/uartps_v3_11/src -s include  "SHELL=CMD" "COMPILER=aarch64-none-elf-gcc" "ASSEMBLER=aarch64-none
TRACE::2022-11-18.08:45:47::SCWBDomain::-elf-as" "ARCHIVER=aarch64-none-elf-ar" "COMPILER_FLAGS=  -c" "EXTRA_COMPILER_FLAGS=-g -Wall -Wextra -fno-tree-loop-distribute-
TRACE::2022-11-18.08:45:47::SCWBDomain::patterns -Os -flto -ffat-lto-objects"

TRACE::2022-11-18.08:45:47::SCWBDomain::make -C psu_cortexa53_0/libsrc/xilffs_v4_6/src -s include  "SHELL=CMD" "COMPILER=aarch64-none-elf-gcc" "ASSEMBLER=aarch64-none-
TRACE::2022-11-18.08:45:47::SCWBDomain::elf-as" "ARCHIVER=aarch64-none-elf-ar" "COMPILER_FLAGS=  -c" "EXTRA_COMPILER_FLAGS=-g -Wall -Wextra -fno-tree-loop-distribute-p
TRACE::2022-11-18.08:45:47::SCWBDomain::atterns -Os -flto -ffat-lto-objects"

TRACE::2022-11-18.08:45:47::SCWBDomain::"Running Make include in psu_cortexa53_0/libsrc/xilpm_v3_5/src"

TRACE::2022-11-18.08:45:47::SCWBDomain::make -C psu_cortexa53_0/libsrc/xilpm_v3_5/src -s include  "SHELL=CMD" "COMPILER=aarch64-none-elf-gcc" "ASSEMBLER=aarch64-none-e
TRACE::2022-11-18.08:45:47::SCWBDomain::lf-as" "ARCHIVER=aarch64-none-elf-ar" "COMPILER_FLAGS=  -c" "EXTRA_COMPILER_FLAGS=-g -Wall -Wextra -fno-tree-loop-distribute-pa
TRACE::2022-11-18.08:45:47::SCWBDomain::tterns -Os -flto -ffat-lto-objects"

TRACE::2022-11-18.08:45:47::SCWBDomain::"Running Make include in psu_cortexa53_0/libsrc/xilsecure_v4_6/src"

TRACE::2022-11-18.08:45:47::SCWBDomain::make -C psu_cortexa53_0/libsrc/xilsecure_v4_6/src -s include  "SHELL=CMD" "COMPILER=aarch64-none-elf-gcc" "ASSEMBLER=aarch64-no
TRACE::2022-11-18.08:45:47::SCWBDomain::ne-elf-as" "ARCHIVER=aarch64-none-elf-ar" "COMPILER_FLAGS=  -c" "EXTRA_COMPILER_FLAGS=-g -Wall -Wextra -fno-tree-loop-distribut
TRACE::2022-11-18.08:45:47::SCWBDomain::e-patterns -Os -flto -ffat-lto-objects"

TRACE::2022-11-18.08:45:47::SCWBDomain::"Running Make include in psu_cortexa53_0/libsrc/zdma_v1_13/src"

TRACE::2022-11-18.08:45:47::SCWBDomain::make -C psu_cortexa53_0/libsrc/zdma_v1_13/src -s include  "SHELL=CMD" "COMPILER=aarch64-none-elf-gcc" "ASSEMBLER=aarch64-none-e
TRACE::2022-11-18.08:45:47::SCWBDomain::lf-as" "ARCHIVER=aarch64-none-elf-ar" "COMPILER_FLAGS=  -c" "EXTRA_COMPILER_FLAGS=-g -Wall -Wextra -fno-tree-loop-distribute-pa
TRACE::2022-11-18.08:45:47::SCWBDomain::tterns -Os -flto -ffat-lto-objects"

TRACE::2022-11-18.08:45:47::SCWBDomain::"Include files for this library have already been copied."

TRACE::2022-11-18.08:45:47::SCWBDomain::"Running Make libs in psu_cortexa53_0/libsrc/axipmon_v6_9/src"

TRACE::2022-11-18.08:45:47::SCWBDomain::"Running Make libs in psu_cortexa53_0/libsrc/clockps_v1_3/src"

TRACE::2022-11-18.08:45:47::SCWBDomain::make -C psu_cortexa53_0/libsrc/axipmon_v6_9/src -s libs  "SHELL=CMD" "COMPILER=aarch64-none-elf-gcc" "ASSEMBLER=aarch64-none-el
TRACE::2022-11-18.08:45:47::SCWBDomain::f-as" "ARCHIVER=aarch64-none-elf-ar" "COMPILER_FLAGS=  -c" "EXTRA_COMPILER_FLAGS=-g -Wall -Wextra -fno-tree-loop-distribute-pat
TRACE::2022-11-18.08:45:47::SCWBDomain::terns -Os -flto -ffat-lto-objects"

TRACE::2022-11-18.08:45:47::SCWBDomain::"Running Make libs in psu_cortexa53_0/libsrc/coresightps_dcc_v1_8/src"

TRACE::2022-11-18.08:45:47::SCWBDomain::make -C psu_cortexa53_0/libsrc/clockps_v1_3/src -s libs  "SHELL=CMD" "COMPILER=aarch64-none-elf-gcc" "ASSEMBLER=aarch64-none-el
TRACE::2022-11-18.08:45:47::SCWBDomain::f-as" "ARCHIVER=aarch64-none-elf-ar" "COMPILER_FLAGS=  -c" "EXTRA_COMPILER_FLAGS=-g -Wall -Wextra -fno-tree-loop-distribute-pat
TRACE::2022-11-18.08:45:47::SCWBDomain::terns -Os -flto -ffat-lto-objects"

TRACE::2022-11-18.08:45:47::SCWBDomain::"Running Make libs in psu_cortexa53_0/libsrc/cpu_cortexa53_v2_0/src"

TRACE::2022-11-18.08:45:47::SCWBDomain::make -C psu_cortexa53_0/libsrc/coresightps_dcc_v1_8/src -s libs  "SHELL=CMD" "COMPILER=aarch64-none-elf-gcc" "ASSEMBLER=aarch64
TRACE::2022-11-18.08:45:47::SCWBDomain::-none-elf-as" "ARCHIVER=aarch64-none-elf-ar" "COMPILER_FLAGS=  -c" "EXTRA_COMPILER_FLAGS=-g -Wall -Wextra -fno-tree-loop-distri
TRACE::2022-11-18.08:45:47::SCWBDomain::bute-patterns -Os -flto -ffat-lto-objects"

TRACE::2022-11-18.08:45:47::SCWBDomain::make -C psu_cortexa53_0/libsrc/cpu_cortexa53_v2_0/src -s libs  "SHELL=CMD" "COMPILER=aarch64-none-elf-gcc" "ASSEMBLER=aarch64-n
TRACE::2022-11-18.08:45:47::SCWBDomain::one-elf-as" "ARCHIVER=aarch64-none-elf-ar" "COMPILER_FLAGS=  -c" "EXTRA_COMPILER_FLAGS=-g -Wall -Wextra -fno-tree-loop-distribu
TRACE::2022-11-18.08:45:47::SCWBDomain::te-patterns -Os -flto -ffat-lto-objects"

TRACE::2022-11-18.08:45:47::SCWBDomain::"Running Make libs in psu_cortexa53_0/libsrc/csudma_v1_10/src"

TRACE::2022-11-18.08:45:47::SCWBDomain::make -C psu_cortexa53_0/libsrc/csudma_v1_10/src -s libs  "SHELL=CMD" "COMPILER=aarch64-none-elf-gcc" "ASSEMBLER=aarch64-none-el
TRACE::2022-11-18.08:45:47::SCWBDomain::f-as" "ARCHIVER=aarch64-none-elf-ar" "COMPILER_FLAGS=  -c" "EXTRA_COMPILER_FLAGS=-g -Wall -Wextra -fno-tree-loop-distribute-pat
TRACE::2022-11-18.08:45:47::SCWBDomain::terns -Os -flto -ffat-lto-objects"

TRACE::2022-11-18.08:45:47::SCWBDomain::"Running Make libs in psu_cortexa53_0/libsrc/ddrcpsu_v1_3/src"

TRACE::2022-11-18.08:45:47::SCWBDomain::make -C psu_cortexa53_0/libsrc/ddrcpsu_v1_3/src -s libs  "SHELL=CMD" "COMPILER=aarch64-none-elf-gcc" "ASSEMBLER=aarch64-none-el
TRACE::2022-11-18.08:45:47::SCWBDomain::f-as" "ARCHIVER=aarch64-none-elf-ar" "COMPILER_FLAGS=  -c" "EXTRA_COMPILER_FLAGS=-g -Wall -Wextra -fno-tree-loop-distribute-pat
TRACE::2022-11-18.08:45:47::SCWBDomain::terns -Os -flto -ffat-lto-objects"

TRACE::2022-11-18.08:45:47::SCWBDomain::"Running Make libs in psu_cortexa53_0/libsrc/gpiops_v3_9/src"

TRACE::2022-11-18.08:45:47::SCWBDomain::make -C psu_cortexa53_0/libsrc/gpiops_v3_9/src -s libs  "SHELL=CMD" "COMPILER=aarch64-none-elf-gcc" "ASSEMBLER=aarch64-none-elf
TRACE::2022-11-18.08:45:47::SCWBDomain::-as" "ARCHIVER=aarch64-none-elf-ar" "COMPILER_FLAGS=  -c" "EXTRA_COMPILER_FLAGS=-g -Wall -Wextra -fno-tree-loop-distribute-patt
TRACE::2022-11-18.08:45:47::SCWBDomain::erns -Os -flto -ffat-lto-objects"

TRACE::2022-11-18.08:45:47::SCWBDomain::"Running Make libs in psu_cortexa53_0/libsrc/gpio_v4_8/src"

TRACE::2022-11-18.08:45:47::SCWBDomain::make -C psu_cortexa53_0/libsrc/gpio_v4_8/src -s libs  "SHELL=CMD" "COMPILER=aarch64-none-elf-gcc" "ASSEMBLER=aarch64-none-elf-a
TRACE::2022-11-18.08:45:47::SCWBDomain::s" "ARCHIVER=aarch64-none-elf-ar" "COMPILER_FLAGS=  -c" "EXTRA_COMPILER_FLAGS=-g -Wall -Wextra -fno-tree-loop-distribute-patter
TRACE::2022-11-18.08:45:47::SCWBDomain::ns -Os -flto -ffat-lto-objects"

TRACE::2022-11-18.08:45:47::SCWBDomain::"Running Make libs in psu_cortexa53_0/libsrc/iicps_v3_14/src"

TRACE::2022-11-18.08:45:47::SCWBDomain::make -C psu_cortexa53_0/libsrc/iicps_v3_14/src -s libs  "SHELL=CMD" "COMPILER=aarch64-none-elf-gcc" "ASSEMBLER=aarch64-none-elf
TRACE::2022-11-18.08:45:47::SCWBDomain::-as" "ARCHIVER=aarch64-none-elf-ar" "COMPILER_FLAGS=  -c" "EXTRA_COMPILER_FLAGS=-g -Wall -Wextra -fno-tree-loop-distribute-patt
TRACE::2022-11-18.08:45:47::SCWBDomain::erns -Os -flto -ffat-lto-objects"

TRACE::2022-11-18.08:45:48::SCWBDomain::"Running Make libs in psu_cortexa53_0/libsrc/ipipsu_v2_10/src"

TRACE::2022-11-18.08:45:48::SCWBDomain::make -C psu_cortexa53_0/libsrc/ipipsu_v2_10/src -s libs  "SHELL=CMD" "COMPILER=aarch64-none-elf-gcc" "ASSEMBLER=aarch64-none-el
TRACE::2022-11-18.08:45:48::SCWBDomain::f-as" "ARCHIVER=aarch64-none-elf-ar" "COMPILER_FLAGS=  -c" "EXTRA_COMPILER_FLAGS=-g -Wall -Wextra -fno-tree-loop-distribute-pat
TRACE::2022-11-18.08:45:48::SCWBDomain::terns -Os -flto -ffat-lto-objects"

TRACE::2022-11-18.08:45:48::SCWBDomain::"Running Make libs in psu_cortexa53_0/libsrc/qspipsu_v1_14/src"

TRACE::2022-11-18.08:45:48::SCWBDomain::make -C psu_cortexa53_0/libsrc/qspipsu_v1_14/src -s libs  "SHELL=CMD" "COMPILER=aarch64-none-elf-gcc" "ASSEMBLER=aarch64-none-e
TRACE::2022-11-18.08:45:48::SCWBDomain::lf-as" "ARCHIVER=aarch64-none-elf-ar" "COMPILER_FLAGS=  -c" "EXTRA_COMPILER_FLAGS=-g -Wall -Wextra -fno-tree-loop-distribute-pa
TRACE::2022-11-18.08:45:48::SCWBDomain::tterns -Os -flto -ffat-lto-objects"

TRACE::2022-11-18.08:45:48::SCWBDomain::"Running Make libs in psu_cortexa53_0/libsrc/resetps_v1_4/src"

TRACE::2022-11-18.08:45:48::SCWBDomain::make -C psu_cortexa53_0/libsrc/resetps_v1_4/src -s libs  "SHELL=CMD" "COMPILER=aarch64-none-elf-gcc" "ASSEMBLER=aarch64-none-el
TRACE::2022-11-18.08:45:48::SCWBDomain::f-as" "ARCHIVER=aarch64-none-elf-ar" "COMPILER_FLAGS=  -c" "EXTRA_COMPILER_FLAGS=-g -Wall -Wextra -fno-tree-loop-distribute-pat
TRACE::2022-11-18.08:45:48::SCWBDomain::terns -Os -flto -ffat-lto-objects"

TRACE::2022-11-18.08:45:49::SCWBDomain::"Running Make libs in psu_cortexa53_0/libsrc/rtcpsu_v1_11/src"

TRACE::2022-11-18.08:45:49::SCWBDomain::make -C psu_cortexa53_0/libsrc/rtcpsu_v1_11/src -s libs  "SHELL=CMD" "COMPILER=aarch64-none-elf-gcc" "ASSEMBLER=aarch64-none-el
TRACE::2022-11-18.08:45:49::SCWBDomain::f-as" "ARCHIVER=aarch64-none-elf-ar" "COMPILER_FLAGS=  -c" "EXTRA_COMPILER_FLAGS=-g -Wall -Wextra -fno-tree-loop-distribute-pat
TRACE::2022-11-18.08:45:49::SCWBDomain::terns -Os -flto -ffat-lto-objects"

TRACE::2022-11-18.08:45:49::SCWBDomain::"Running Make libs in psu_cortexa53_0/libsrc/scugic_v4_6/src"

TRACE::2022-11-18.08:45:49::SCWBDomain::make -C psu_cortexa53_0/libsrc/scugic_v4_6/src -s libs  "SHELL=CMD" "COMPILER=aarch64-none-elf-gcc" "ASSEMBLER=aarch64-none-elf
TRACE::2022-11-18.08:45:49::SCWBDomain::-as" "ARCHIVER=aarch64-none-elf-ar" "COMPILER_FLAGS=  -c" "EXTRA_COMPILER_FLAGS=-g -Wall -Wextra -fno-tree-loop-distribute-patt
TRACE::2022-11-18.08:45:49::SCWBDomain::erns -Os -flto -ffat-lto-objects"

TRACE::2022-11-18.08:45:49::SCWBDomain::"Running Make libs in psu_cortexa53_0/libsrc/sdps_v3_13/src"

TRACE::2022-11-18.08:45:49::SCWBDomain::make -C psu_cortexa53_0/libsrc/sdps_v3_13/src -s libs  "SHELL=CMD" "COMPILER=aarch64-none-elf-gcc" "ASSEMBLER=aarch64-none-elf-
TRACE::2022-11-18.08:45:49::SCWBDomain::as" "ARCHIVER=aarch64-none-elf-ar" "COMPILER_FLAGS=  -c" "EXTRA_COMPILER_FLAGS=-g -Wall -Wextra -fno-tree-loop-distribute-patte
TRACE::2022-11-18.08:45:49::SCWBDomain::rns -Os -flto -ffat-lto-objects"

TRACE::2022-11-18.08:45:49::SCWBDomain::"Running Make libs in psu_cortexa53_0/libsrc/standalone_v7_6/src"

TRACE::2022-11-18.08:45:49::SCWBDomain::make -C psu_cortexa53_0/libsrc/standalone_v7_6/src -s libs  "SHELL=CMD" "COMPILER=aarch64-none-elf-gcc" "ASSEMBLER=aarch64-none
TRACE::2022-11-18.08:45:49::SCWBDomain::-elf-as" "ARCHIVER=aarch64-none-elf-ar" "COMPILER_FLAGS=  -c" "EXTRA_COMPILER_FLAGS=-g -Wall -Wextra -fno-tree-loop-distribute-
TRACE::2022-11-18.08:45:49::SCWBDomain::patterns -Os -flto -ffat-lto-objects"

TRACE::2022-11-18.08:45:49::SCWBDomain::"Running Make libs in psu_cortexa53_0/libsrc/sysmonpsu_v2_7/src"

TRACE::2022-11-18.08:45:49::SCWBDomain::make -C psu_cortexa53_0/libsrc/sysmonpsu_v2_7/src -s libs  "SHELL=CMD" "COMPILER=aarch64-none-elf-gcc" "ASSEMBLER=aarch64-none-
TRACE::2022-11-18.08:45:49::SCWBDomain::elf-as" "ARCHIVER=aarch64-none-elf-ar" "COMPILER_FLAGS=  -c" "EXTRA_COMPILER_FLAGS=-g -Wall -Wextra -fno-tree-loop-distribute-p
TRACE::2022-11-18.08:45:49::SCWBDomain::atterns -Os -flto -ffat-lto-objects"

TRACE::2022-11-18.08:45:49::SCWBDomain::"Running Make libs in psu_cortexa53_0/libsrc/uartps_v3_11/src"

TRACE::2022-11-18.08:45:49::SCWBDomain::make -C psu_cortexa53_0/libsrc/uartps_v3_11/src -s libs  "SHELL=CMD" "COMPILER=aarch64-none-elf-gcc" "ASSEMBLER=aarch64-none-el
TRACE::2022-11-18.08:45:49::SCWBDomain::f-as" "ARCHIVER=aarch64-none-elf-ar" "COMPILER_FLAGS=  -c" "EXTRA_COMPILER_FLAGS=-g -Wall -Wextra -fno-tree-loop-distribute-pat
TRACE::2022-11-18.08:45:49::SCWBDomain::terns -Os -flto -ffat-lto-objects"

TRACE::2022-11-18.08:45:50::SCWBDomain::"Running Make libs in psu_cortexa53_0/libsrc/xilffs_v4_6/src"

TRACE::2022-11-18.08:45:50::SCWBDomain::make -C psu_cortexa53_0/libsrc/xilffs_v4_6/src -s libs  "SHELL=CMD" "COMPILER=aarch64-none-elf-gcc" "ASSEMBLER=aarch64-none-elf
TRACE::2022-11-18.08:45:50::SCWBDomain::-as" "ARCHIVER=aarch64-none-elf-ar" "COMPILER_FLAGS=  -c" "EXTRA_COMPILER_FLAGS=-g -Wall -Wextra -fno-tree-loop-distribute-patt
TRACE::2022-11-18.08:45:50::SCWBDomain::erns -Os -flto -ffat-lto-objects"

TRACE::2022-11-18.08:45:50::SCWBDomain::"Running Make libs in psu_cortexa53_0/libsrc/zdma_v1_13/src"

TRACE::2022-11-18.08:45:50::SCWBDomain::make -C psu_cortexa53_0/libsrc/zdma_v1_13/src -s libs  "SHELL=CMD" "COMPILER=aarch64-none-elf-gcc" "ASSEMBLER=aarch64-none-elf-
TRACE::2022-11-18.08:45:50::SCWBDomain::as" "ARCHIVER=aarch64-none-elf-ar" "COMPILER_FLAGS=  -c" "EXTRA_COMPILER_FLAGS=-g -Wall -Wextra -fno-tree-loop-distribute-patte
TRACE::2022-11-18.08:45:50::SCWBDomain::rns -Os -flto -ffat-lto-objects"

TRACE::2022-11-18.08:45:51::SCWBDomain::'Finished building libraries parallelly.'

TRACE::2022-11-18.08:45:51::SCWBDomain::make --no-print-directory archive

TRACE::2022-11-18.08:45:51::SCWBDomain::aarch64-none-elf-ar -r  psu_cortexa53_0/lib/libxil.a psu_cortexa53_0/lib/xrtcpsu_intr.o psu_cortexa53_0/lib/xplatform_info.o ps
TRACE::2022-11-18.08:45:51::SCWBDomain::u_cortexa53_0/lib/time.o psu_cortexa53_0/lib/_exit.o psu_cortexa53_0/lib/xuartps_selftest.o psu_cortexa53_0/lib/xipipsu_buf.o p
TRACE::2022-11-18.08:45:51::SCWBDomain::su_cortexa53_0/lib/xil_sleeptimer.o psu_cortexa53_0/lib/xsdps_options.o psu_cortexa53_0/lib/xclockps_mux.o psu_cortexa53_0/lib/
TRACE::2022-11-18.08:45:51::SCWBDomain::inbyte.o psu_cortexa53_0/lib/xgpiops_g.o psu_cortexa53_0/lib/xsdps.o psu_cortexa53_0/lib/close.o psu_cortexa53_0/lib/xaxipmon_g
TRACE::2022-11-18.08:45:51::SCWBDomain::.o psu_cortexa53_0/lib/xgpiops_sinit.o psu_cortexa53_0/lib/xaxipmon_sinit.o psu_cortexa53_0/lib/xgpiops_selftest.o psu_cortexa5
TRACE::2022-11-18.08:45:51::SCWBDomain::3_0/lib/xgpio_g.o psu_cortexa53_0/lib/xaxipmon_selftest.o psu_cortexa53_0/lib/xgpio_sinit.o psu_cortexa53_0/lib/xiicps_intr.o p
TRACE::2022-11-18.08:45:51::SCWBDomain::su_cortexa53_0/lib/xclockps_fixedfactor.o psu_cortexa53_0/lib/xuartps_sinit.o psu_cortexa53_0/lib/xsysmonpsu.o psu_cortexa53_0/
TRACE::2022-11-18.08:45:51::SCWBDomain::lib/xzdma_g.o psu_cortexa53_0/lib/xiicps_slave.o psu_cortexa53_0/lib/xil_printf.o psu_cortexa53_0/lib/kill.o psu_cortexa53_0/li
TRACE::2022-11-18.08:45:51::SCWBDomain::b/xclockps_gate.o psu_cortexa53_0/lib/xuartps_g.o psu_cortexa53_0/lib/xresetps.o psu_cortexa53_0/lib/xiicps_options.o psu_corte
TRACE::2022-11-18.08:45:51::SCWBDomain::xa53_0/lib/fcntl.o psu_cortexa53_0/lib/xcsudma_intr.o psu_cortexa53_0/lib/xqspipsu_options.o psu_cortexa53_0/lib/lseek.o psu_co
TRACE::2022-11-18.08:45:51::SCWBDomain::rtexa53_0/lib/xil_testmem.o psu_cortexa53_0/lib/xiicps_hw.o psu_cortexa53_0/lib/read.o psu_cortexa53_0/lib/abort.o psu_cortexa5
TRACE::2022-11-18.08:45:51::SCWBDomain::3_0/lib/xscugic_intr.o psu_cortexa53_0/lib/xipipsu_g.o psu_cortexa53_0/lib/xqspipsu_hw.o psu_cortexa53_0/lib/xil_testcache.o ps
TRACE::2022-11-18.08:45:51::SCWBDomain::u_cortexa53_0/lib/translation_table.o psu_cortexa53_0/lib/xipipsu_sinit.o psu_cortexa53_0/lib/xcoresightpsdcc.o psu_cortexa53_0
TRACE::2022-11-18.08:45:51::SCWBDomain::/lib/xiicps.o psu_cortexa53_0/lib/_sbrk.o psu_cortexa53_0/lib/xiicps_master.o psu_cortexa53_0/lib/xsdps_g.o psu_cortexa53_0/lib
TRACE::2022-11-18.08:45:51::SCWBDomain::/xgpiops.o psu_cortexa53_0/lib/xaxipmon.o psu_cortexa53_0/lib/xclockps_divider.o psu_cortexa53_0/lib/xsdps_sinit.o psu_cortexa5
TRACE::2022-11-18.08:45:51::SCWBDomain::3_0/lib/xil_smc.o psu_cortexa53_0/lib/xrtcpsu_g.o psu_cortexa53_0/lib/xil_exception.o psu_cortexa53_0/lib/sbrk.o psu_cortexa53_
TRACE::2022-11-18.08:45:51::SCWBDomain::0/lib/xrtcpsu_sinit.o psu_cortexa53_0/lib/xsysmonpsu_g.o psu_cortexa53_0/lib/putnum.o psu_cortexa53_0/lib/xil_assert.o psu_cort
TRACE::2022-11-18.08:45:51::SCWBDomain::exa53_0/lib/xclockps_pll.o psu_cortexa53_0/lib/xrtcpsu.o psu_cortexa53_0/lib/xzdma.o psu_cortexa53_0/lib/xsdps_host.o psu_corte
TRACE::2022-11-18.08:45:51::SCWBDomain::xa53_0/lib/xiicps_xfer.o psu_cortexa53_0/lib/xscugic_hw.o psu_cortexa53_0/lib/xuartps.o psu_cortexa53_0/lib/sleep.o psu_cortexa
TRACE::2022-11-18.08:45:51::SCWBDomain::53_0/lib/xsysmonpsu_intr.o psu_cortexa53_0/lib/cpputest_time.o psu_cortexa53_0/lib/xil_mem.o psu_cortexa53_0/lib/_open.o psu_co
TRACE::2022-11-18.08:45:51::SCWBDomain::rtexa53_0/lib/xclockps_sinit.o psu_cortexa53_0/lib/outbyte.o psu_cortexa53_0/lib/print.o psu_cortexa53_0/lib/xclockps_g.o psu_c
TRACE::2022-11-18.08:45:51::SCWBDomain::ortexa53_0/lib/xzdma_sinit.o psu_cortexa53_0/lib/xiicps_g.o psu_cortexa53_0/lib/initialise_monitor_handles.o psu_cortexa53_0/li
TRACE::2022-11-18.08:45:51::SCWBDomain::b/xipipsu.o psu_cortexa53_0/lib/xqspipsu_g.o psu_cortexa53_0/lib/xiicps_selftest.o psu_cortexa53_0/lib/getpid.o psu_cortexa53_0
TRACE::2022-11-18.08:45:51::SCWBDomain::/lib/xil_cache.o psu_cortexa53_0/lib/xil_testio.o psu_cortexa53_0/lib/unlink.o psu_cortexa53_0/lib/xqspipsu_control.o psu_corte
TRACE::2022-11-18.08:45:51::SCWBDomain::xa53_0/lib/xcsudma_g.o psu_cortexa53_0/lib/xil_spinlock.o psu_cortexa53_0/lib/xcsudma_sinit.o psu_cortexa53_0/lib/write.o psu_c
TRACE::2022-11-18.08:45:51::SCWBDomain::ortexa53_0/lib/xil_mmu.o psu_cortexa53_0/lib/boot.o psu_cortexa53_0/lib/xcsudma_selftest.o psu_cortexa53_0/lib/xcsudma.o psu_co
TRACE::2022-11-18.08:45:51::SCWBDomain::rtexa53_0/lib/xil_sleepcommon.o psu_cortexa53_0/lib/xgpiops_intr.o psu_cortexa53_0/lib/xscugic_sinit.o psu_cortexa53_0/lib/open
TRACE::2022-11-18.08:45:51::SCWBDomain::.o psu_cortexa53_0/lib/xscugic_selftest.o psu_cortexa53_0/lib/xuartps_hw.o psu_cortexa53_0/lib/xgpio_intr.o psu_cortexa53_0/lib
TRACE::2022-11-18.08:45:51::SCWBDomain::/xtime_l.o psu_cortexa53_0/lib/xclockps.o psu_cortexa53_0/lib/xzdma_intr.o psu_cortexa53_0/lib/xil_util.o psu_cortexa53_0/lib/x
TRACE::2022-11-18.08:45:51::SCWBDomain::uartps_intr.o psu_cortexa53_0/lib/xqspipsu.o psu_cortexa53_0/lib/xsdps_card.o psu_cortexa53_0/lib/xqspipsu_sinit.o psu_cortexa5
TRACE::2022-11-18.08:45:51::SCWBDomain::3_0/lib/xgpio.o psu_cortexa53_0/lib/xzdma_selftest.o psu_cortexa53_0/lib/xgpiops_hw.o psu_cortexa53_0/lib/fstat.o psu_cortexa53
TRACE::2022-11-18.08:45:51::SCWBDomain::_0/lib/errno.o psu_cortexa53_0/lib/xsysmonpsu_sinit.o psu_cortexa53_0/lib/xuartps_options.o psu_cortexa53_0/lib/vectors.o psu_c
TRACE::2022-11-18.08:45:51::SCWBDomain::ortexa53_0/lib/xsysmonpsu_selftest.o psu_cortexa53_0/lib/asm_vectors.o psu_cortexa53_0/lib/xresetps_g.o psu_cortexa53_0/lib/xil
TRACE::2022-11-18.08:45:51::SCWBDomain::_clocking.o psu_cortexa53_0/lib/xresetps_sinit.o psu_cortexa53_0/lib/xgpio_extra.o psu_cortexa53_0/lib/xscugic_g.o psu_cortexa5
TRACE::2022-11-18.08:45:51::SCWBDomain::3_0/lib/isatty.o psu_cortexa53_0/lib/xil-crt0.o psu_cortexa53_0/lib/xscugic.o psu_cortexa53_0/lib/xiicps_sinit.o psu_cortexa53_
TRACE::2022-11-18.08:45:51::SCWBDomain::0/lib/xrtcpsu_selftest.o psu_cortexa53_0/lib/xgpio_selftest.o

TRACE::2022-11-18.08:45:52::SCWBDomain::'Finished building libraries'

TRACE::2022-11-18.08:45:52::SCWBDomain::make: Leaving directory 'C:/Users/SESA630813/work-2/4EV_HandsOn_platt/zynqmp_fsbl/zynqmp_fsbl_bsp'

TRACE::2022-11-18.08:45:52::SCWBDomain::aarch64-none-elf-gcc  -c -MMD -MP      -Wall -fmessage-length=0 -DARMA53_64 -Os -flto -ffat-lto-objects   -c xfsbl_qspi.c -o xf
TRACE::2022-11-18.08:45:52::SCWBDomain::sbl_qspi.o -Izynqmp_fsbl_bsp/psu_cortexa53_0/include -I.

TRACE::2022-11-18.08:45:52::SCWBDomain::aarch64-none-elf-gcc  -c -MMD -MP      -Wall -fmessage-length=0 -DARMA53_64 -Os -flto -ffat-lto-objects   -c xfsbl_csu_dma.c -o
TRACE::2022-11-18.08:45:52::SCWBDomain:: xfsbl_csu_dma.o -Izynqmp_fsbl_bsp/psu_cortexa53_0/include -I.

TRACE::2022-11-18.08:45:52::SCWBDomain::aarch64-none-elf-gcc  -c -MMD -MP      -Wall -fmessage-length=0 -DARMA53_64 -Os -flto -ffat-lto-objects   -c xfsbl_nand.c -o xf
TRACE::2022-11-18.08:45:52::SCWBDomain::sbl_nand.o -Izynqmp_fsbl_bsp/psu_cortexa53_0/include -I.

TRACE::2022-11-18.08:45:52::SCWBDomain::aarch64-none-elf-gcc  -c -MMD -MP      -Wall -fmessage-length=0 -DARMA53_64 -Os -flto -ffat-lto-objects   -c xfsbl_sd.c -o xfsb
TRACE::2022-11-18.08:45:52::SCWBDomain::l_sd.o -Izynqmp_fsbl_bsp/psu_cortexa53_0/include -I.

TRACE::2022-11-18.08:45:52::SCWBDomain::aarch64-none-elf-gcc  -c -MMD -MP      -Wall -fmessage-length=0 -DARMA53_64 -Os -flto -ffat-lto-objects   -c xfsbl_usb.c -o xfs
TRACE::2022-11-18.08:45:52::SCWBDomain::bl_usb.o -Izynqmp_fsbl_bsp/psu_cortexa53_0/include -I.

TRACE::2022-11-18.08:45:52::SCWBDomain::aarch64-none-elf-gcc  -c -MMD -MP      -Wall -fmessage-length=0 -DARMA53_64 -Os -flto -ffat-lto-objects   -c xfsbl_hooks.c -o x
TRACE::2022-11-18.08:45:52::SCWBDomain::fsbl_hooks.o -Izynqmp_fsbl_bsp/psu_cortexa53_0/include -I.

TRACE::2022-11-18.08:45:53::SCWBDomain::aarch64-none-elf-gcc  -c -MMD -MP      -Wall -fmessage-length=0 -DARMA53_64 -Os -flto -ffat-lto-objects   -c xfsbl_main.c -o xf
TRACE::2022-11-18.08:45:53::SCWBDomain::sbl_main.o -Izynqmp_fsbl_bsp/psu_cortexa53_0/include -I.

TRACE::2022-11-18.08:45:53::SCWBDomain::aarch64-none-elf-gcc  -c -MMD -MP      -Wall -fmessage-length=0 -DARMA53_64 -Os -flto -ffat-lto-objects   -c xfsbl_dfu_util.c -
TRACE::2022-11-18.08:45:53::SCWBDomain::o xfsbl_dfu_util.o -Izynqmp_fsbl_bsp/psu_cortexa53_0/include -I.

TRACE::2022-11-18.08:45:53::SCWBDomain::aarch64-none-elf-gcc  -c -MMD -MP      -Wall -fmessage-length=0 -DARMA53_64 -Os -flto -ffat-lto-objects   -c xfsbl_partition_lo
TRACE::2022-11-18.08:45:53::SCWBDomain::ad.c -o xfsbl_partition_load.o -Izynqmp_fsbl_bsp/psu_cortexa53_0/include -I.

TRACE::2022-11-18.08:45:53::SCWBDomain::aarch64-none-elf-gcc  -c -MMD -MP      -Wall -fmessage-length=0 -DARMA53_64 -Os -flto -ffat-lto-objects   -c xfsbl_tpm.c -o xfs
TRACE::2022-11-18.08:45:53::SCWBDomain::bl_tpm.o -Izynqmp_fsbl_bsp/psu_cortexa53_0/include -I.

TRACE::2022-11-18.08:45:53::SCWBDomain::aarch64-none-elf-gcc  -c -MMD -MP      -Wall -fmessage-length=0 -DARMA53_64 -Os -flto -ffat-lto-objects   -c xfsbl_initializati
TRACE::2022-11-18.08:45:53::SCWBDomain::on.c -o xfsbl_initialization.o -Izynqmp_fsbl_bsp/psu_cortexa53_0/include -I.

TRACE::2022-11-18.08:45:53::SCWBDomain::aarch64-none-elf-gcc  -c -MMD -MP      -Wall -fmessage-length=0 -DARMA53_64 -Os -flto -ffat-lto-objects   -c xfsbl_ddr_init.c -
TRACE::2022-11-18.08:45:53::SCWBDomain::o xfsbl_ddr_init.o -Izynqmp_fsbl_bsp/psu_cortexa53_0/include -I.

TRACE::2022-11-18.08:45:54::SCWBDomain::aarch64-none-elf-gcc  -c -MMD -MP      -Wall -fmessage-length=0 -DARMA53_64 -Os -flto -ffat-lto-objects   -c xfsbl_handoff.c -o
TRACE::2022-11-18.08:45:54::SCWBDomain:: xfsbl_handoff.o -Izynqmp_fsbl_bsp/psu_cortexa53_0/include -I.

TRACE::2022-11-18.08:45:54::SCWBDomain::aarch64-none-elf-gcc  -c -MMD -MP      -Wall -fmessage-length=0 -DARMA53_64 -Os -flto -ffat-lto-objects   -c psu_init.c -o psu_
TRACE::2022-11-18.08:45:54::SCWBDomain::init.o -Izynqmp_fsbl_bsp/psu_cortexa53_0/include -I.

TRACE::2022-11-18.08:45:54::SCWBDomain::aarch64-none-elf-gcc  -c -MMD -MP      -Wall -fmessage-length=0 -DARMA53_64 -Os -flto -ffat-lto-objects   -c xfsbl_board.c -o x
TRACE::2022-11-18.08:45:54::SCWBDomain::fsbl_board.o -Izynqmp_fsbl_bsp/psu_cortexa53_0/include -I.

TRACE::2022-11-18.08:45:54::SCWBDomain::aarch64-none-elf-gcc  -c -MMD -MP      -Wall -fmessage-length=0 -DARMA53_64 -Os -flto -ffat-lto-objects   -c xfsbl_misc_drivers
TRACE::2022-11-18.08:45:54::SCWBDomain::.c -o xfsbl_misc_drivers.o -Izynqmp_fsbl_bsp/psu_cortexa53_0/include -I.

TRACE::2022-11-18.08:45:54::SCWBDomain::aarch64-none-elf-gcc  -c -MMD -MP      -Wall -fmessage-length=0 -DARMA53_64 -Os -flto -ffat-lto-objects   -c xfsbl_bs.c -o xfsb
TRACE::2022-11-18.08:45:54::SCWBDomain::l_bs.o -Izynqmp_fsbl_bsp/psu_cortexa53_0/include -I.

TRACE::2022-11-18.08:45:54::SCWBDomain::aarch64-none-elf-gcc  -c -MMD -MP      -Wall -fmessage-length=0 -DARMA53_64 -Os -flto -ffat-lto-objects   -c xfsbl_tpm_util.c -
TRACE::2022-11-18.08:45:54::SCWBDomain::o xfsbl_tpm_util.o -Izynqmp_fsbl_bsp/psu_cortexa53_0/include -I.

TRACE::2022-11-18.08:45:54::SCWBDomain::aarch64-none-elf-gcc  -c -MMD -MP      -Wall -fmessage-length=0 -DARMA53_64 -Os -flto -ffat-lto-objects   -c xfsbl_rsa_sha.c -o
TRACE::2022-11-18.08:45:54::SCWBDomain:: xfsbl_rsa_sha.o -Izynqmp_fsbl_bsp/psu_cortexa53_0/include -I.

TRACE::2022-11-18.08:45:55::SCWBDomain::aarch64-none-elf-gcc  -c -MMD -MP      -Wall -fmessage-length=0 -DARMA53_64 -Os -flto -ffat-lto-objects   -c xfsbl_plpartition_
TRACE::2022-11-18.08:45:55::SCWBDomain::valid.c -o xfsbl_plpartition_valid.o -Izynqmp_fsbl_bsp/psu_cortexa53_0/include -I.

TRACE::2022-11-18.08:45:55::SCWBDomain::aarch64-none-elf-gcc  -c -MMD -MP      -Wall -fmessage-length=0 -DARMA53_64 -Os -flto -ffat-lto-objects   -c xfsbl_image_header
TRACE::2022-11-18.08:45:55::SCWBDomain::.c -o xfsbl_image_header.o -Izynqmp_fsbl_bsp/psu_cortexa53_0/include -I.

TRACE::2022-11-18.08:45:55::SCWBDomain::aarch64-none-elf-gcc  -c -MMD -MP      -Wall -fmessage-length=0 -DARMA53_64 -Os -flto -ffat-lto-objects   -c xfsbl_misc.c -o xf
TRACE::2022-11-18.08:45:55::SCWBDomain::sbl_misc.o -Izynqmp_fsbl_bsp/psu_cortexa53_0/include -I.

TRACE::2022-11-18.08:45:55::SCWBDomain::aarch64-none-elf-gcc  -c -MMD -MP      -Wall -fmessage-length=0 -DARMA53_64 -Os -flto -ffat-lto-objects   -c xfsbl_authenticati
TRACE::2022-11-18.08:45:55::SCWBDomain::on.c -o xfsbl_authentication.o -Izynqmp_fsbl_bsp/psu_cortexa53_0/include -I.

TRACE::2022-11-18.08:45:55::SCWBDomain::aarch64-none-elf-gcc  -c -MMD -MP      -Wall -fmessage-length=0 -DARMA53_64 -Os -flto -ffat-lto-objects   -c xfsbl_translation_
TRACE::2022-11-18.08:45:55::SCWBDomain::table.S -o xfsbl_translation_table.o -Izynqmp_fsbl_bsp/psu_cortexa53_0/include -I.

TRACE::2022-11-18.08:45:55::SCWBDomain::aarch64-none-elf-gcc  -c -MMD -MP      -Wall -fmessage-length=0 -DARMA53_64 -Os -flto -ffat-lto-objects   -c xfsbl_exit.S -o xf
TRACE::2022-11-18.08:45:55::SCWBDomain::sbl_exit.o -Izynqmp_fsbl_bsp/psu_cortexa53_0/include -I.

TRACE::2022-11-18.08:45:56::SCWBDomain::aarch64-none-elf-gcc -o fsbl_a53.elf psu_init.o xfsbl_authentication.o xfsbl_board.o xfsbl_bs.o xfsbl_csu_dma.o xfsbl_ddr_init.
TRACE::2022-11-18.08:45:56::SCWBDomain::o xfsbl_dfu_util.o xfsbl_exit.o xfsbl_handoff.o xfsbl_hooks.o xfsbl_image_header.o xfsbl_initialization.o xfsbl_main.o xfsbl_mi
TRACE::2022-11-18.08:45:56::SCWBDomain::sc.o xfsbl_misc_drivers.o xfsbl_nand.o xfsbl_partition_load.o xfsbl_plpartition_valid.o xfsbl_qspi.o xfsbl_rsa_sha.o xfsbl_sd.o
TRACE::2022-11-18.08:45:56::SCWBDomain:: xfsbl_tpm.o xfsbl_tpm_util.o xfsbl_translation_table.o xfsbl_usb.o -MMD -MP      -Wall -fmessage-length=0 -DARMA53_64 -Os -flt
TRACE::2022-11-18.08:45:56::SCWBDomain::o -ffat-lto-objects    -Wl,--start-group,-lxil,-lgcc,-lc,--end-group -Wl,--start-group,-lxilffs,-lxil,-lgcc,-lc,--end-group -Wl
TRACE::2022-11-18.08:45:56::SCWBDomain::,--start-group,-lxilsecure,-lxil,-lgcc,-lc,--end-group -Wl,--start-group,-lxilpm,-lxil,-lgcc,-lc,--end-group                   
TRACE::2022-11-18.08:45:56::SCWBDomain::                                                                        -n  -Wl,--gc-sections -Lzynqmp_fsbl_bsp/psu_cortexa53_0
TRACE::2022-11-18.08:45:56::SCWBDomain::/lib -Tlscript.ld

LOG::2022-11-18.08:45:58::SCWSystem::Checking the domain zynqmp_pmufw
LOG::2022-11-18.08:45:58::SCWSystem::Doing application build for :  zynqmp_pmufw
TRACE::2022-11-18.08:45:58::SCWBDomain::Not a forced makefile updation, No changes are present. 
TRACE::2022-11-18.08:45:58::SCWDomain::Building the domain as part of full build :  zynqmp_pmufw
TRACE::2022-11-18.08:45:58::SCWPlatform::Trying to open the hw design at C:/Users/SESA630813/work-2/4EV_HandsOn_platt/hw/Block_4EV_HandsOn.xsa
TRACE::2022-11-18.08:45:58::SCWPlatform::DSA given C:/Users/SESA630813/work-2/4EV_HandsOn_platt/hw/Block_4EV_HandsOn.xsa
TRACE::2022-11-18.08:45:58::SCWPlatform::DSA absoulate path C:/Users/SESA630813/work-2/4EV_HandsOn_platt/hw/Block_4EV_HandsOn.xsa
TRACE::2022-11-18.08:45:58::SCWPlatform::DSA directory C:/Users/SESA630813/work-2/4EV_HandsOn_platt/hw
TRACE::2022-11-18.08:45:58::SCWPlatform:: Platform Path C:/Users/SESA630813/work-2/4EV_HandsOn_platt/hw/Block_4EV_HandsOn.xsa
TRACE::2022-11-18.08:45:58::SCWPlatform:: Unique name xilinx:::0.0
TRACE::2022-11-18.08:45:58::SCWPlatform::Trying to set the existing hwdb with name Block_4EV_wrapper_1
TRACE::2022-11-18.08:45:58::SCWPlatform::Opened existing hwdb Block_4EV_wrapper_1
TRACE::2022-11-18.08:45:58::SCWPlatform::Found the Hw Db part of the input DSA
TRACE::2022-11-18.08:45:58::SCWMssOS::Checking the sw design at  C:/Users/SESA630813/work-2/4EV_HandsOn_platt/zynqmp_pmufw/zynqmp_pmufw_bsp/system.mss
TRACE::2022-11-18.08:45:58::SCWMssOS::DEBUG:  swdes dump  C:/Users/SESA630813/work-2/4EV_HandsOn_platt/zynqmp_fsbl/zynqmp_fsbl_bsp/system.mss|system||
C:/Users/SESA630813/work-2/4EV_HandsOn_platt/zynqmp_pmufw/zynqmp_pmufw_bsp/system.mss|system_0||

TRACE::2022-11-18.08:45:58::SCWMssOS::Sw design exists and opened at  C:/Users/SESA630813/work-2/4EV_HandsOn_platt/zynqmp_pmufw/zynqmp_pmufw_bsp/system.mss
TRACE::2022-11-18.08:45:58::SCWBDomain::Completed writing the mss file at C:/Users/SESA630813/work-2/4EV_HandsOn_platt/zynqmp_pmufw/zynqmp_pmufw_bsp
TRACE::2022-11-18.08:45:58::SCWBDomain::bsp generated is upto date with the mss file. Skipping bsp generation.
TRACE::2022-11-18.08:45:58::SCWBDomain::Not a forced makefile updation, No changes are present. 
TRACE::2022-11-18.08:45:58::SCWBDomain::System Command Ran  C:&  cd  C:/Users/SESA630813/work-2/4EV_HandsOn_platt/zynqmp_pmufw& make -C  zynqmp_pmufw_bsp & make 
TRACE::2022-11-18.08:45:58::SCWBDomain::make: Entering directory 'C:/Users/SESA630813/work-2/4EV_HandsOn_platt/zynqmp_pmufw/zynqmp_pmufw_bsp'

TRACE::2022-11-18.08:45:58::SCWBDomain::make --no-print-directory seq_libs

TRACE::2022-11-18.08:45:58::SCWBDomain::"Running Make include in psu_pmu_0/libsrc/axipmon_v6_9/src"

TRACE::2022-11-18.08:45:58::SCWBDomain::make -C psu_pmu_0/libsrc/axipmon_v6_9/src -s include  "SHELL=CMD" "COMPILER=mb-gcc" "ASSEMBLER=mb-as" "ARCHIVER=mb-ar" "COMPILE
TRACE::2022-11-18.08:45:58::SCWBDomain::R_FLAGS=  -O2 -c -mcpu=v9.2 -mlittle-endian -mxl-barrel-shift -mxl-pattern-compare -mxl-soft-mul" "EXTRA_COMPILER_FLAGS=-g -ffu
TRACE::2022-11-18.08:45:58::SCWBDomain::nction-sections -fdata-sections -Wall -Wextra -fno-tree-loop-distribute-patterns  -Os -flto -ffat-lto-objects"

TRACE::2022-11-18.08:45:59::SCWBDomain::"Running Make include in psu_pmu_0/libsrc/clockps_v1_3/src"

TRACE::2022-11-18.08:45:59::SCWBDomain::make -C psu_pmu_0/libsrc/clockps_v1_3/src -s include  "SHELL=CMD" "COMPILER=mb-gcc" "ASSEMBLER=mb-as" "ARCHIVER=mb-ar" "COMPILE
TRACE::2022-11-18.08:45:59::SCWBDomain::R_FLAGS=  -O2 -c -mcpu=v9.2 -mlittle-endian -mxl-barrel-shift -mxl-pattern-compare -mxl-soft-mul" "EXTRA_COMPILER_FLAGS=-g -ffu
TRACE::2022-11-18.08:45:59::SCWBDomain::nction-sections -fdata-sections -Wall -Wextra -fno-tree-loop-distribute-patterns  -Os -flto -ffat-lto-objects"

TRACE::2022-11-18.08:45:59::SCWBDomain::"Running Make include in psu_pmu_0/libsrc/cpu_v2_14/src"

TRACE::2022-11-18.08:45:59::SCWBDomain::make -C psu_pmu_0/libsrc/cpu_v2_14/src -s include  "SHELL=CMD" "COMPILER=mb-gcc" "ASSEMBLER=mb-as" "ARCHIVER=mb-ar" "COMPILER_F
TRACE::2022-11-18.08:45:59::SCWBDomain::LAGS=  -O2 -c -mcpu=v9.2 -mlittle-endian -mxl-barrel-shift -mxl-pattern-compare -mxl-soft-mul" "EXTRA_COMPILER_FLAGS=-g -ffunct
TRACE::2022-11-18.08:45:59::SCWBDomain::ion-sections -fdata-sections -Wall -Wextra -fno-tree-loop-distribute-patterns  -Os -flto -ffat-lto-objects"

TRACE::2022-11-18.08:45:59::SCWBDomain::"Running Make include in psu_pmu_0/libsrc/csudma_v1_10/src"

TRACE::2022-11-18.08:45:59::SCWBDomain::make -C psu_pmu_0/libsrc/csudma_v1_10/src -s include  "SHELL=CMD" "COMPILER=mb-gcc" "ASSEMBLER=mb-as" "ARCHIVER=mb-ar" "COMPILE
TRACE::2022-11-18.08:45:59::SCWBDomain::R_FLAGS=  -O2 -c -mcpu=v9.2 -mlittle-endian -mxl-barrel-shift -mxl-pattern-compare -mxl-soft-mul" "EXTRA_COMPILER_FLAGS=-g -ffu
TRACE::2022-11-18.08:45:59::SCWBDomain::nction-sections -fdata-sections -Wall -Wextra -fno-tree-loop-distribute-patterns  -Os -flto -ffat-lto-objects"

TRACE::2022-11-18.08:45:59::SCWBDomain::"Running Make include in psu_pmu_0/libsrc/ddrcpsu_v1_3/src"

TRACE::2022-11-18.08:45:59::SCWBDomain::make -C psu_pmu_0/libsrc/ddrcpsu_v1_3/src -s include  "SHELL=CMD" "COMPILER=mb-gcc" "ASSEMBLER=mb-as" "ARCHIVER=mb-ar" "COMPILE
TRACE::2022-11-18.08:45:59::SCWBDomain::R_FLAGS=  -O2 -c -mcpu=v9.2 -mlittle-endian -mxl-barrel-shift -mxl-pattern-compare -mxl-soft-mul" "EXTRA_COMPILER_FLAGS=-g -ffu
TRACE::2022-11-18.08:45:59::SCWBDomain::nction-sections -fdata-sections -Wall -Wextra -fno-tree-loop-distribute-patterns  -Os -flto -ffat-lto-objects"

TRACE::2022-11-18.08:45:59::SCWBDomain::"Running Make include in psu_pmu_0/libsrc/gpiops_v3_9/src"

TRACE::2022-11-18.08:45:59::SCWBDomain::make -C psu_pmu_0/libsrc/gpiops_v3_9/src -s include  "SHELL=CMD" "COMPILER=mb-gcc" "ASSEMBLER=mb-as" "ARCHIVER=mb-ar" "COMPILER
TRACE::2022-11-18.08:45:59::SCWBDomain::_FLAGS=  -O2 -c -mcpu=v9.2 -mlittle-endian -mxl-barrel-shift -mxl-pattern-compare -mxl-soft-mul" "EXTRA_COMPILER_FLAGS=-g -ffun
TRACE::2022-11-18.08:45:59::SCWBDomain::ction-sections -fdata-sections -Wall -Wextra -fno-tree-loop-distribute-patterns  -Os -flto -ffat-lto-objects"

TRACE::2022-11-18.08:45:59::SCWBDomain::"Running Make include in psu_pmu_0/libsrc/gpio_v4_8/src"

TRACE::2022-11-18.08:45:59::SCWBDomain::make -C psu_pmu_0/libsrc/gpio_v4_8/src -s include  "SHELL=CMD" "COMPILER=mb-gcc" "ASSEMBLER=mb-as" "ARCHIVER=mb-ar" "COMPILER_F
TRACE::2022-11-18.08:45:59::SCWBDomain::LAGS=  -O2 -c -mcpu=v9.2 -mlittle-endian -mxl-barrel-shift -mxl-pattern-compare -mxl-soft-mul" "EXTRA_COMPILER_FLAGS=-g -ffunct
TRACE::2022-11-18.08:45:59::SCWBDomain::ion-sections -fdata-sections -Wall -Wextra -fno-tree-loop-distribute-patterns  -Os -flto -ffat-lto-objects"

TRACE::2022-11-18.08:45:59::SCWBDomain::"Running Make include in psu_pmu_0/libsrc/iicps_v3_14/src"

TRACE::2022-11-18.08:45:59::SCWBDomain::make -C psu_pmu_0/libsrc/iicps_v3_14/src -s include  "SHELL=CMD" "COMPILER=mb-gcc" "ASSEMBLER=mb-as" "ARCHIVER=mb-ar" "COMPILER
TRACE::2022-11-18.08:45:59::SCWBDomain::_FLAGS=  -O2 -c -mcpu=v9.2 -mlittle-endian -mxl-barrel-shift -mxl-pattern-compare -mxl-soft-mul" "EXTRA_COMPILER_FLAGS=-g -ffun
TRACE::2022-11-18.08:45:59::SCWBDomain::ction-sections -fdata-sections -Wall -Wextra -fno-tree-loop-distribute-patterns  -Os -flto -ffat-lto-objects"

TRACE::2022-11-18.08:45:59::SCWBDomain::"Running Make include in psu_pmu_0/libsrc/ipipsu_v2_10/src"

TRACE::2022-11-18.08:45:59::SCWBDomain::make -C psu_pmu_0/libsrc/ipipsu_v2_10/src -s include  "SHELL=CMD" "COMPILER=mb-gcc" "ASSEMBLER=mb-as" "ARCHIVER=mb-ar" "COMPILE
TRACE::2022-11-18.08:45:59::SCWBDomain::R_FLAGS=  -O2 -c -mcpu=v9.2 -mlittle-endian -mxl-barrel-shift -mxl-pattern-compare -mxl-soft-mul" "EXTRA_COMPILER_FLAGS=-g -ffu
TRACE::2022-11-18.08:45:59::SCWBDomain::nction-sections -fdata-sections -Wall -Wextra -fno-tree-loop-distribute-patterns  -Os -flto -ffat-lto-objects"

TRACE::2022-11-18.08:45:59::SCWBDomain::"Running Make include in psu_pmu_0/libsrc/qspipsu_v1_14/src"

TRACE::2022-11-18.08:45:59::SCWBDomain::make -C psu_pmu_0/libsrc/qspipsu_v1_14/src -s include  "SHELL=CMD" "COMPILER=mb-gcc" "ASSEMBLER=mb-as" "ARCHIVER=mb-ar" "COMPIL
TRACE::2022-11-18.08:45:59::SCWBDomain::ER_FLAGS=  -O2 -c -mcpu=v9.2 -mlittle-endian -mxl-barrel-shift -mxl-pattern-compare -mxl-soft-mul" "EXTRA_COMPILER_FLAGS=-g -ff
TRACE::2022-11-18.08:45:59::SCWBDomain::unction-sections -fdata-sections -Wall -Wextra -fno-tree-loop-distribute-patterns  -Os -flto -ffat-lto-objects"

TRACE::2022-11-18.08:46:00::SCWBDomain::"Running Make include in psu_pmu_0/libsrc/resetps_v1_4/src"

TRACE::2022-11-18.08:46:00::SCWBDomain::make -C psu_pmu_0/libsrc/resetps_v1_4/src -s include  "SHELL=CMD" "COMPILER=mb-gcc" "ASSEMBLER=mb-as" "ARCHIVER=mb-ar" "COMPILE
TRACE::2022-11-18.08:46:00::SCWBDomain::R_FLAGS=  -O2 -c -mcpu=v9.2 -mlittle-endian -mxl-barrel-shift -mxl-pattern-compare -mxl-soft-mul" "EXTRA_COMPILER_FLAGS=-g -ffu
TRACE::2022-11-18.08:46:00::SCWBDomain::nction-sections -fdata-sections -Wall -Wextra -fno-tree-loop-distribute-patterns  -Os -flto -ffat-lto-objects"

TRACE::2022-11-18.08:46:00::SCWBDomain::"Running Make include in psu_pmu_0/libsrc/rtcpsu_v1_11/src"

TRACE::2022-11-18.08:46:00::SCWBDomain::make -C psu_pmu_0/libsrc/rtcpsu_v1_11/src -s include  "SHELL=CMD" "COMPILER=mb-gcc" "ASSEMBLER=mb-as" "ARCHIVER=mb-ar" "COMPILE
TRACE::2022-11-18.08:46:00::SCWBDomain::R_FLAGS=  -O2 -c -mcpu=v9.2 -mlittle-endian -mxl-barrel-shift -mxl-pattern-compare -mxl-soft-mul" "EXTRA_COMPILER_FLAGS=-g -ffu
TRACE::2022-11-18.08:46:00::SCWBDomain::nction-sections -fdata-sections -Wall -Wextra -fno-tree-loop-distribute-patterns  -Os -flto -ffat-lto-objects"

TRACE::2022-11-18.08:46:00::SCWBDomain::"Running Make include in psu_pmu_0/libsrc/sdps_v3_13/src"

TRACE::2022-11-18.08:46:00::SCWBDomain::make -C psu_pmu_0/libsrc/sdps_v3_13/src -s include  "SHELL=CMD" "COMPILER=mb-gcc" "ASSEMBLER=mb-as" "ARCHIVER=mb-ar" "COMPILER_
TRACE::2022-11-18.08:46:00::SCWBDomain::FLAGS=  -O2 -c -mcpu=v9.2 -mlittle-endian -mxl-barrel-shift -mxl-pattern-compare -mxl-soft-mul" "EXTRA_COMPILER_FLAGS=-g -ffunc
TRACE::2022-11-18.08:46:00::SCWBDomain::tion-sections -fdata-sections -Wall -Wextra -fno-tree-loop-distribute-patterns  -Os -flto -ffat-lto-objects"

TRACE::2022-11-18.08:46:00::SCWBDomain::"Running Make include in psu_pmu_0/libsrc/standalone_v7_6/src"

TRACE::2022-11-18.08:46:00::SCWBDomain::make -C psu_pmu_0/libsrc/standalone_v7_6/src -s include  "SHELL=CMD" "COMPILER=mb-gcc" "ASSEMBLER=mb-as" "ARCHIVER=mb-ar" "COMP
TRACE::2022-11-18.08:46:00::SCWBDomain::ILER_FLAGS=  -O2 -c -mcpu=v9.2 -mlittle-endian -mxl-barrel-shift -mxl-pattern-compare -mxl-soft-mul" "EXTRA_COMPILER_FLAGS=-g -
TRACE::2022-11-18.08:46:00::SCWBDomain::ffunction-sections -fdata-sections -Wall -Wextra -fno-tree-loop-distribute-patterns  -Os -flto -ffat-lto-objects"

TRACE::2022-11-18.08:46:01::SCWBDomain::"Running Make include in psu_pmu_0/libsrc/sysmonpsu_v2_7/src"

TRACE::2022-11-18.08:46:01::SCWBDomain::make -C psu_pmu_0/libsrc/sysmonpsu_v2_7/src -s include  "SHELL=CMD" "COMPILER=mb-gcc" "ASSEMBLER=mb-as" "ARCHIVER=mb-ar" "COMPI
TRACE::2022-11-18.08:46:01::SCWBDomain::LER_FLAGS=  -O2 -c -mcpu=v9.2 -mlittle-endian -mxl-barrel-shift -mxl-pattern-compare -mxl-soft-mul" "EXTRA_COMPILER_FLAGS=-g -f
TRACE::2022-11-18.08:46:01::SCWBDomain::function-sections -fdata-sections -Wall -Wextra -fno-tree-loop-distribute-patterns  -Os -flto -ffat-lto-objects"

TRACE::2022-11-18.08:46:01::SCWBDomain::"Running Make include in psu_pmu_0/libsrc/uartps_v3_11/src"

TRACE::2022-11-18.08:46:01::SCWBDomain::make -C psu_pmu_0/libsrc/uartps_v3_11/src -s include  "SHELL=CMD" "COMPILER=mb-gcc" "ASSEMBLER=mb-as" "ARCHIVER=mb-ar" "COMPILE
TRACE::2022-11-18.08:46:01::SCWBDomain::R_FLAGS=  -O2 -c -mcpu=v9.2 -mlittle-endian -mxl-barrel-shift -mxl-pattern-compare -mxl-soft-mul" "EXTRA_COMPILER_FLAGS=-g -ffu
TRACE::2022-11-18.08:46:01::SCWBDomain::nction-sections -fdata-sections -Wall -Wextra -fno-tree-loop-distribute-patterns  -Os -flto -ffat-lto-objects"

TRACE::2022-11-18.08:46:01::SCWBDomain::"Running Make include in psu_pmu_0/libsrc/xilfpga_v6_1/src"

TRACE::2022-11-18.08:46:01::SCWBDomain::make -C psu_pmu_0/libsrc/xilfpga_v6_1/src -s include  "SHELL=CMD" "COMPILER=mb-gcc" "ASSEMBLER=mb-as" "ARCHIVER=mb-ar" "COMPILE
TRACE::2022-11-18.08:46:01::SCWBDomain::R_FLAGS=  -O2 -c -mcpu=v9.2 -mlittle-endian -mxl-barrel-shift -mxl-pattern-compare -mxl-soft-mul" "EXTRA_COMPILER_FLAGS=-g -ffu
TRACE::2022-11-18.08:46:01::SCWBDomain::nction-sections -fdata-sections -Wall -Wextra -fno-tree-loop-distribute-patterns  -Os -flto -ffat-lto-objects"

TRACE::2022-11-18.08:46:01::SCWBDomain::"Running Make include in psu_pmu_0/libsrc/xilsecure_v4_6/src"

TRACE::2022-11-18.08:46:01::SCWBDomain::make -C psu_pmu_0/libsrc/xilsecure_v4_6/src -s include  "SHELL=CMD" "COMPILER=mb-gcc" "ASSEMBLER=mb-as" "ARCHIVER=mb-ar" "COMPI
TRACE::2022-11-18.08:46:01::SCWBDomain::LER_FLAGS=  -O2 -c -mcpu=v9.2 -mlittle-endian -mxl-barrel-shift -mxl-pattern-compare -mxl-soft-mul" "EXTRA_COMPILER_FLAGS=-g -f
TRACE::2022-11-18.08:46:01::SCWBDomain::function-sections -fdata-sections -Wall -Wextra -fno-tree-loop-distribute-patterns  -Os -flto -ffat-lto-objects"

TRACE::2022-11-18.08:46:01::SCWBDomain::"Running Make include in psu_pmu_0/libsrc/xilskey_v7_2/src"

TRACE::2022-11-18.08:46:01::SCWBDomain::make -C psu_pmu_0/libsrc/xilskey_v7_2/src -s include  "SHELL=CMD" "COMPILER=mb-gcc" "ASSEMBLER=mb-as" "ARCHIVER=mb-ar" "COMPILE
TRACE::2022-11-18.08:46:01::SCWBDomain::R_FLAGS=  -O2 -c -mcpu=v9.2 -mlittle-endian -mxl-barrel-shift -mxl-pattern-compare -mxl-soft-mul" "EXTRA_COMPILER_FLAGS=-g -ffu
TRACE::2022-11-18.08:46:01::SCWBDomain::nction-sections -fdata-sections -Wall -Wextra -fno-tree-loop-distribute-patterns  -Os -flto -ffat-lto-objects"

TRACE::2022-11-18.08:46:01::SCWBDomain::"Running Make include in psu_pmu_0/libsrc/zdma_v1_13/src"

TRACE::2022-11-18.08:46:01::SCWBDomain::make -C psu_pmu_0/libsrc/zdma_v1_13/src -s include  "SHELL=CMD" "COMPILER=mb-gcc" "ASSEMBLER=mb-as" "ARCHIVER=mb-ar" "COMPILER_
TRACE::2022-11-18.08:46:01::SCWBDomain::FLAGS=  -O2 -c -mcpu=v9.2 -mlittle-endian -mxl-barrel-shift -mxl-pattern-compare -mxl-soft-mul" "EXTRA_COMPILER_FLAGS=-g -ffunc
TRACE::2022-11-18.08:46:01::SCWBDomain::tion-sections -fdata-sections -Wall -Wextra -fno-tree-loop-distribute-patterns  -Os -flto -ffat-lto-objects"

TRACE::2022-11-18.08:46:01::SCWBDomain::"Running Make libs in psu_pmu_0/libsrc/xilsecure_v4_6/src"

TRACE::2022-11-18.08:46:01::SCWBDomain::make -C psu_pmu_0/libsrc/xilsecure_v4_6/src -s libs  "SHELL=CMD" "COMPILER=mb-gcc" "ASSEMBLER=mb-as" "ARCHIVER=mb-ar" "COMPILER
TRACE::2022-11-18.08:46:01::SCWBDomain::_FLAGS=  -O2 -c -mcpu=v9.2 -mlittle-endian -mxl-barrel-shift -mxl-pattern-compare -mxl-soft-mul" "EXTRA_COMPILER_FLAGS=-g -ffun
TRACE::2022-11-18.08:46:01::SCWBDomain::ction-sections -fdata-sections -Wall -Wextra -fno-tree-loop-distribute-patterns  -Os -flto -ffat-lto-objects"

TRACE::2022-11-18.08:46:01::SCWBDomain::"Compiling XilSecure Library"

TRACE::2022-11-18.08:46:03::SCWBDomain::"Running Make libs in psu_pmu_0/libsrc/xilskey_v7_2/src"

TRACE::2022-11-18.08:46:03::SCWBDomain::make -C psu_pmu_0/libsrc/xilskey_v7_2/src -s libs  "SHELL=CMD" "COMPILER=mb-gcc" "ASSEMBLER=mb-as" "ARCHIVER=mb-ar" "COMPILER_F
TRACE::2022-11-18.08:46:03::SCWBDomain::LAGS=  -O2 -c -mcpu=v9.2 -mlittle-endian -mxl-barrel-shift -mxl-pattern-compare -mxl-soft-mul" "EXTRA_COMPILER_FLAGS=-g -ffunct
TRACE::2022-11-18.08:46:03::SCWBDomain::ion-sections -fdata-sections -Wall -Wextra -fno-tree-loop-distribute-patterns  -Os -flto -ffat-lto-objects"

TRACE::2022-11-18.08:46:03::SCWBDomain::"Compiling Xilskey Library"

TRACE::2022-11-18.08:46:04::SCWBDomain::'Finished building libraries sequentially.'

TRACE::2022-11-18.08:46:04::SCWBDomain::make -j 10 --no-print-directory par_libs

TRACE::2022-11-18.08:46:04::SCWBDomain::"Running Make include in psu_pmu_0/libsrc/axipmon_v6_9/src"

TRACE::2022-11-18.08:46:04::SCWBDomain::"Running Make include in psu_pmu_0/libsrc/clockps_v1_3/src"

TRACE::2022-11-18.08:46:04::SCWBDomain::make -C psu_pmu_0/libsrc/axipmon_v6_9/src -s include  "SHELL=CMD" "COMPILER=mb-gcc" "ASSEMBLER=mb-as" "ARCHIVER=mb-ar" "COMPILE
TRACE::2022-11-18.08:46:04::SCWBDomain::R_FLAGS=  -O2 -c -mcpu=v9.2 -mlittle-endian -mxl-barrel-shift -mxl-pattern-compare -mxl-soft-mul" "EXTRA_COMPILER_FLAGS=-g -ffu
TRACE::2022-11-18.08:46:04::SCWBDomain::nction-sections -fdata-sections -Wall -Wextra -fno-tree-loop-distribute-patterns  -Os -flto -ffat-lto-objects"

TRACE::2022-11-18.08:46:04::SCWBDomain::"Running Make include in psu_pmu_0/libsrc/cpu_v2_14/src"

TRACE::2022-11-18.08:46:04::SCWBDomain::make -C psu_pmu_0/libsrc/clockps_v1_3/src -s include  "SHELL=CMD" "COMPILER=mb-gcc" "ASSEMBLER=mb-as" "ARCHIVER=mb-ar" "COMPILE
TRACE::2022-11-18.08:46:04::SCWBDomain::R_FLAGS=  -O2 -c -mcpu=v9.2 -mlittle-endian -mxl-barrel-shift -mxl-pattern-compare -mxl-soft-mul" "EXTRA_COMPILER_FLAGS=-g -ffu
TRACE::2022-11-18.08:46:04::SCWBDomain::nction-sections -fdata-sections -Wall -Wextra -fno-tree-loop-distribute-patterns  -Os -flto -ffat-lto-objects"

TRACE::2022-11-18.08:46:04::SCWBDomain::"Running Make include in psu_pmu_0/libsrc/csudma_v1_10/src"

TRACE::2022-11-18.08:46:04::SCWBDomain::make -C psu_pmu_0/libsrc/cpu_v2_14/src -s include  "SHELL=CMD" "COMPILER=mb-gcc" "ASSEMBLER=mb-as" "ARCHIVER=mb-ar" "COMPILER_F
TRACE::2022-11-18.08:46:04::SCWBDomain::LAGS=  -O2 -c -mcpu=v9.2 -mlittle-endian -mxl-barrel-shift -mxl-pattern-compare -mxl-soft-mul" "EXTRA_COMPILER_FLAGS=-g -ffunct
TRACE::2022-11-18.08:46:04::SCWBDomain::ion-sections -fdata-sections -Wall -Wextra -fno-tree-loop-distribute-patterns  -Os -flto -ffat-lto-objects"

TRACE::2022-11-18.08:46:04::SCWBDomain::make -C psu_pmu_0/libsrc/csudma_v1_10/src -s include  "SHELL=CMD" "COMPILER=mb-gcc" "ASSEMBLER=mb-as" "ARCHIVER=mb-ar" "COMPILE
TRACE::2022-11-18.08:46:04::SCWBDomain::R_FLAGS=  -O2 -c -mcpu=v9.2 -mlittle-endian -mxl-barrel-shift -mxl-pattern-compare -mxl-soft-mul" "EXTRA_COMPILER_FLAGS=-g -ffu
TRACE::2022-11-18.08:46:04::SCWBDomain::nction-sections -fdata-sections -Wall -Wextra -fno-tree-loop-distribute-patterns  -Os -flto -ffat-lto-objects"

TRACE::2022-11-18.08:46:04::SCWBDomain::"Running Make include in psu_pmu_0/libsrc/ddrcpsu_v1_3/src"

TRACE::2022-11-18.08:46:04::SCWBDomain::make -C psu_pmu_0/libsrc/ddrcpsu_v1_3/src -s include  "SHELL=CMD" "COMPILER=mb-gcc" "ASSEMBLER=mb-as" "ARCHIVER=mb-ar" "COMPILE
TRACE::2022-11-18.08:46:04::SCWBDomain::R_FLAGS=  -O2 -c -mcpu=v9.2 -mlittle-endian -mxl-barrel-shift -mxl-pattern-compare -mxl-soft-mul" "EXTRA_COMPILER_FLAGS=-g -ffu
TRACE::2022-11-18.08:46:04::SCWBDomain::nction-sections -fdata-sections -Wall -Wextra -fno-tree-loop-distribute-patterns  -Os -flto -ffat-lto-objects"

TRACE::2022-11-18.08:46:04::SCWBDomain::"Running Make include in psu_pmu_0/libsrc/gpiops_v3_9/src"

TRACE::2022-11-18.08:46:04::SCWBDomain::make -C psu_pmu_0/libsrc/gpiops_v3_9/src -s include  "SHELL=CMD" "COMPILER=mb-gcc" "ASSEMBLER=mb-as" "ARCHIVER=mb-ar" "COMPILER
TRACE::2022-11-18.08:46:04::SCWBDomain::_FLAGS=  -O2 -c -mcpu=v9.2 -mlittle-endian -mxl-barrel-shift -mxl-pattern-compare -mxl-soft-mul" "EXTRA_COMPILER_FLAGS=-g -ffun
TRACE::2022-11-18.08:46:04::SCWBDomain::ction-sections -fdata-sections -Wall -Wextra -fno-tree-loop-distribute-patterns  -Os -flto -ffat-lto-objects"

TRACE::2022-11-18.08:46:04::SCWBDomain::"Running Make include in psu_pmu_0/libsrc/gpio_v4_8/src"

TRACE::2022-11-18.08:46:04::SCWBDomain::"Running Make include in psu_pmu_0/libsrc/iicps_v3_14/src"

TRACE::2022-11-18.08:46:04::SCWBDomain::make -C psu_pmu_0/libsrc/gpio_v4_8/src -s include  "SHELL=CMD" "COMPILER=mb-gcc" "ASSEMBLER=mb-as" "ARCHIVER=mb-ar" "COMPILER_F
TRACE::2022-11-18.08:46:04::SCWBDomain::LAGS=  -O2 -c -mcpu=v9.2 -mlittle-endian -mxl-barrel-shift -mxl-pattern-compare -mxl-soft-mul" "EXTRA_COMPILER_FLAGS=-g -ffunct
TRACE::2022-11-18.08:46:04::SCWBDomain::ion-sections -fdata-sections -Wall -Wextra -fno-tree-loop-distribute-patterns  -Os -flto -ffat-lto-objects"

TRACE::2022-11-18.08:46:04::SCWBDomain::"Running Make include in psu_pmu_0/libsrc/ipipsu_v2_10/src"

TRACE::2022-11-18.08:46:04::SCWBDomain::make -C psu_pmu_0/libsrc/iicps_v3_14/src -s include  "SHELL=CMD" "COMPILER=mb-gcc" "ASSEMBLER=mb-as" "ARCHIVER=mb-ar" "COMPILER
TRACE::2022-11-18.08:46:04::SCWBDomain::_FLAGS=  -O2 -c -mcpu=v9.2 -mlittle-endian -mxl-barrel-shift -mxl-pattern-compare -mxl-soft-mul" "EXTRA_COMPILER_FLAGS=-g -ffun
TRACE::2022-11-18.08:46:04::SCWBDomain::ction-sections -fdata-sections -Wall -Wextra -fno-tree-loop-distribute-patterns  -Os -flto -ffat-lto-objects"

TRACE::2022-11-18.08:46:04::SCWBDomain::make -C psu_pmu_0/libsrc/ipipsu_v2_10/src -s include  "SHELL=CMD" "COMPILER=mb-gcc" "ASSEMBLER=mb-as" "ARCHIVER=mb-ar" "COMPILE
TRACE::2022-11-18.08:46:04::SCWBDomain::R_FLAGS=  -O2 -c -mcpu=v9.2 -mlittle-endian -mxl-barrel-shift -mxl-pattern-compare -mxl-soft-mul" "EXTRA_COMPILER_FLAGS=-g -ffu
TRACE::2022-11-18.08:46:04::SCWBDomain::nction-sections -fdata-sections -Wall -Wextra -fno-tree-loop-distribute-patterns  -Os -flto -ffat-lto-objects"

TRACE::2022-11-18.08:46:04::SCWBDomain::"Running Make include in psu_pmu_0/libsrc/qspipsu_v1_14/src"

TRACE::2022-11-18.08:46:04::SCWBDomain::make -C psu_pmu_0/libsrc/qspipsu_v1_14/src -s include  "SHELL=CMD" "COMPILER=mb-gcc" "ASSEMBLER=mb-as" "ARCHIVER=mb-ar" "COMPIL
TRACE::2022-11-18.08:46:04::SCWBDomain::ER_FLAGS=  -O2 -c -mcpu=v9.2 -mlittle-endian -mxl-barrel-shift -mxl-pattern-compare -mxl-soft-mul" "EXTRA_COMPILER_FLAGS=-g -ff
TRACE::2022-11-18.08:46:04::SCWBDomain::unction-sections -fdata-sections -Wall -Wextra -fno-tree-loop-distribute-patterns  -Os -flto -ffat-lto-objects"

TRACE::2022-11-18.08:46:04::SCWBDomain::"Running Make include in psu_pmu_0/libsrc/resetps_v1_4/src"

TRACE::2022-11-18.08:46:04::SCWBDomain::make -C psu_pmu_0/libsrc/resetps_v1_4/src -s include  "SHELL=CMD" "COMPILER=mb-gcc" "ASSEMBLER=mb-as" "ARCHIVER=mb-ar" "COMPILE
TRACE::2022-11-18.08:46:04::SCWBDomain::R_FLAGS=  -O2 -c -mcpu=v9.2 -mlittle-endian -mxl-barrel-shift -mxl-pattern-compare -mxl-soft-mul" "EXTRA_COMPILER_FLAGS=-g -ffu
TRACE::2022-11-18.08:46:04::SCWBDomain::nction-sections -fdata-sections -Wall -Wextra -fno-tree-loop-distribute-patterns  -Os -flto -ffat-lto-objects"

TRACE::2022-11-18.08:46:04::SCWBDomain::"Running Make include in psu_pmu_0/libsrc/rtcpsu_v1_11/src"

TRACE::2022-11-18.08:46:04::SCWBDomain::make -C psu_pmu_0/libsrc/rtcpsu_v1_11/src -s include  "SHELL=CMD" "COMPILER=mb-gcc" "ASSEMBLER=mb-as" "ARCHIVER=mb-ar" "COMPILE
TRACE::2022-11-18.08:46:04::SCWBDomain::R_FLAGS=  -O2 -c -mcpu=v9.2 -mlittle-endian -mxl-barrel-shift -mxl-pattern-compare -mxl-soft-mul" "EXTRA_COMPILER_FLAGS=-g -ffu
TRACE::2022-11-18.08:46:04::SCWBDomain::nction-sections -fdata-sections -Wall -Wextra -fno-tree-loop-distribute-patterns  -Os -flto -ffat-lto-objects"

TRACE::2022-11-18.08:46:04::SCWBDomain::"Running Make include in psu_pmu_0/libsrc/sdps_v3_13/src"

TRACE::2022-11-18.08:46:04::SCWBDomain::make -C psu_pmu_0/libsrc/sdps_v3_13/src -s include  "SHELL=CMD" "COMPILER=mb-gcc" "ASSEMBLER=mb-as" "ARCHIVER=mb-ar" "COMPILER_
TRACE::2022-11-18.08:46:04::SCWBDomain::FLAGS=  -O2 -c -mcpu=v9.2 -mlittle-endian -mxl-barrel-shift -mxl-pattern-compare -mxl-soft-mul" "EXTRA_COMPILER_FLAGS=-g -ffunc
TRACE::2022-11-18.08:46:04::SCWBDomain::tion-sections -fdata-sections -Wall -Wextra -fno-tree-loop-distribute-patterns  -Os -flto -ffat-lto-objects"

TRACE::2022-11-18.08:46:04::SCWBDomain::"Running Make include in psu_pmu_0/libsrc/standalone_v7_6/src"

TRACE::2022-11-18.08:46:04::SCWBDomain::make -C psu_pmu_0/libsrc/standalone_v7_6/src -s include  "SHELL=CMD" "COMPILER=mb-gcc" "ASSEMBLER=mb-as" "ARCHIVER=mb-ar" "COMP
TRACE::2022-11-18.08:46:04::SCWBDomain::ILER_FLAGS=  -O2 -c -mcpu=v9.2 -mlittle-endian -mxl-barrel-shift -mxl-pattern-compare -mxl-soft-mul" "EXTRA_COMPILER_FLAGS=-g -
TRACE::2022-11-18.08:46:04::SCWBDomain::ffunction-sections -fdata-sections -Wall -Wextra -fno-tree-loop-distribute-patterns  -Os -flto -ffat-lto-objects"

TRACE::2022-11-18.08:46:04::SCWBDomain::"Running Make include in psu_pmu_0/libsrc/sysmonpsu_v2_7/src"

TRACE::2022-11-18.08:46:04::SCWBDomain::make -C psu_pmu_0/libsrc/sysmonpsu_v2_7/src -s include  "SHELL=CMD" "COMPILER=mb-gcc" "ASSEMBLER=mb-as" "ARCHIVER=mb-ar" "COMPI
TRACE::2022-11-18.08:46:04::SCWBDomain::LER_FLAGS=  -O2 -c -mcpu=v9.2 -mlittle-endian -mxl-barrel-shift -mxl-pattern-compare -mxl-soft-mul" "EXTRA_COMPILER_FLAGS=-g -f
TRACE::2022-11-18.08:46:04::SCWBDomain::function-sections -fdata-sections -Wall -Wextra -fno-tree-loop-distribute-patterns  -Os -flto -ffat-lto-objects"

TRACE::2022-11-18.08:46:04::SCWBDomain::"Running Make include in psu_pmu_0/libsrc/uartps_v3_11/src"

TRACE::2022-11-18.08:46:04::SCWBDomain::make -C psu_pmu_0/libsrc/uartps_v3_11/src -s include  "SHELL=CMD" "COMPILER=mb-gcc" "ASSEMBLER=mb-as" "ARCHIVER=mb-ar" "COMPILE
TRACE::2022-11-18.08:46:04::SCWBDomain::R_FLAGS=  -O2 -c -mcpu=v9.2 -mlittle-endian -mxl-barrel-shift -mxl-pattern-compare -mxl-soft-mul" "EXTRA_COMPILER_FLAGS=-g -ffu
TRACE::2022-11-18.08:46:04::SCWBDomain::nction-sections -fdata-sections -Wall -Wextra -fno-tree-loop-distribute-patterns  -Os -flto -ffat-lto-objects"

TRACE::2022-11-18.08:46:04::SCWBDomain::"Running Make include in psu_pmu_0/libsrc/xilfpga_v6_1/src"

TRACE::2022-11-18.08:46:04::SCWBDomain::"Running Make include in psu_pmu_0/libsrc/xilsecure_v4_6/src"

TRACE::2022-11-18.08:46:04::SCWBDomain::make -C psu_pmu_0/libsrc/xilfpga_v6_1/src -s include  "SHELL=CMD" "COMPILER=mb-gcc" "ASSEMBLER=mb-as" "ARCHIVER=mb-ar" "COMPILE
TRACE::2022-11-18.08:46:04::SCWBDomain::R_FLAGS=  -O2 -c -mcpu=v9.2 -mlittle-endian -mxl-barrel-shift -mxl-pattern-compare -mxl-soft-mul" "EXTRA_COMPILER_FLAGS=-g -ffu
TRACE::2022-11-18.08:46:04::SCWBDomain::nction-sections -fdata-sections -Wall -Wextra -fno-tree-loop-distribute-patterns  -Os -flto -ffat-lto-objects"

TRACE::2022-11-18.08:46:04::SCWBDomain::make -C psu_pmu_0/libsrc/xilsecure_v4_6/src -s include  "SHELL=CMD" "COMPILER=mb-gcc" "ASSEMBLER=mb-as" "ARCHIVER=mb-ar" "COMPI
TRACE::2022-11-18.08:46:04::SCWBDomain::LER_FLAGS=  -O2 -c -mcpu=v9.2 -mlittle-endian -mxl-barrel-shift -mxl-pattern-compare -mxl-soft-mul" "EXTRA_COMPILER_FLAGS=-g -f
TRACE::2022-11-18.08:46:04::SCWBDomain::function-sections -fdata-sections -Wall -Wextra -fno-tree-loop-distribute-patterns  -Os -flto -ffat-lto-objects"

TRACE::2022-11-18.08:46:04::SCWBDomain::"Running Make include in psu_pmu_0/libsrc/xilskey_v7_2/src"

TRACE::2022-11-18.08:46:04::SCWBDomain::make -C psu_pmu_0/libsrc/xilskey_v7_2/src -s include  "SHELL=CMD" "COMPILER=mb-gcc" "ASSEMBLER=mb-as" "ARCHIVER=mb-ar" "COMPILE
TRACE::2022-11-18.08:46:04::SCWBDomain::R_FLAGS=  -O2 -c -mcpu=v9.2 -mlittle-endian -mxl-barrel-shift -mxl-pattern-compare -mxl-soft-mul" "EXTRA_COMPILER_FLAGS=-g -ffu
TRACE::2022-11-18.08:46:04::SCWBDomain::nction-sections -fdata-sections -Wall -Wextra -fno-tree-loop-distribute-patterns  -Os -flto -ffat-lto-objects"

TRACE::2022-11-18.08:46:04::SCWBDomain::"Running Make include in psu_pmu_0/libsrc/zdma_v1_13/src"

TRACE::2022-11-18.08:46:04::SCWBDomain::make -C psu_pmu_0/libsrc/zdma_v1_13/src -s include  "SHELL=CMD" "COMPILER=mb-gcc" "ASSEMBLER=mb-as" "ARCHIVER=mb-ar" "COMPILER_
TRACE::2022-11-18.08:46:04::SCWBDomain::FLAGS=  -O2 -c -mcpu=v9.2 -mlittle-endian -mxl-barrel-shift -mxl-pattern-compare -mxl-soft-mul" "EXTRA_COMPILER_FLAGS=-g -ffunc
TRACE::2022-11-18.08:46:04::SCWBDomain::tion-sections -fdata-sections -Wall -Wextra -fno-tree-loop-distribute-patterns  -Os -flto -ffat-lto-objects"

TRACE::2022-11-18.08:46:04::SCWBDomain::"Running Make libs in psu_pmu_0/libsrc/axipmon_v6_9/src"

TRACE::2022-11-18.08:46:04::SCWBDomain::"Running Make libs in psu_pmu_0/libsrc/clockps_v1_3/src"

TRACE::2022-11-18.08:46:04::SCWBDomain::make -C psu_pmu_0/libsrc/axipmon_v6_9/src -s libs  "SHELL=CMD" "COMPILER=mb-gcc" "ASSEMBLER=mb-as" "ARCHIVER=mb-ar" "COMPILER_F
TRACE::2022-11-18.08:46:04::SCWBDomain::LAGS=  -O2 -c -mcpu=v9.2 -mlittle-endian -mxl-barrel-shift -mxl-pattern-compare -mxl-soft-mul" "EXTRA_COMPILER_FLAGS=-g -ffunct
TRACE::2022-11-18.08:46:04::SCWBDomain::ion-sections -fdata-sections -Wall -Wextra -fno-tree-loop-distribute-patterns  -Os -flto -ffat-lto-objects"

TRACE::2022-11-18.08:46:04::SCWBDomain::"Running Make libs in psu_pmu_0/libsrc/cpu_v2_14/src"

TRACE::2022-11-18.08:46:04::SCWBDomain::make -C psu_pmu_0/libsrc/clockps_v1_3/src -s libs  "SHELL=CMD" "COMPILER=mb-gcc" "ASSEMBLER=mb-as" "ARCHIVER=mb-ar" "COMPILER_F
TRACE::2022-11-18.08:46:04::SCWBDomain::LAGS=  -O2 -c -mcpu=v9.2 -mlittle-endian -mxl-barrel-shift -mxl-pattern-compare -mxl-soft-mul" "EXTRA_COMPILER_FLAGS=-g -ffunct
TRACE::2022-11-18.08:46:04::SCWBDomain::ion-sections -fdata-sections -Wall -Wextra -fno-tree-loop-distribute-patterns  -Os -flto -ffat-lto-objects"

TRACE::2022-11-18.08:46:04::SCWBDomain::"Running Make libs in psu_pmu_0/libsrc/csudma_v1_10/src"

TRACE::2022-11-18.08:46:04::SCWBDomain::make -C psu_pmu_0/libsrc/cpu_v2_14/src -s libs  "SHELL=CMD" "COMPILER=mb-gcc" "ASSEMBLER=mb-as" "ARCHIVER=mb-ar" "COMPILER_FLAG
TRACE::2022-11-18.08:46:04::SCWBDomain::S=  -O2 -c -mcpu=v9.2 -mlittle-endian -mxl-barrel-shift -mxl-pattern-compare -mxl-soft-mul" "EXTRA_COMPILER_FLAGS=-g -ffunction
TRACE::2022-11-18.08:46:04::SCWBDomain::-sections -fdata-sections -Wall -Wextra -fno-tree-loop-distribute-patterns  -Os -flto -ffat-lto-objects"

TRACE::2022-11-18.08:46:04::SCWBDomain::make -C psu_pmu_0/libsrc/csudma_v1_10/src -s libs  "SHELL=CMD" "COMPILER=mb-gcc" "ASSEMBLER=mb-as" "ARCHIVER=mb-ar" "COMPILER_F
TRACE::2022-11-18.08:46:04::SCWBDomain::LAGS=  -O2 -c -mcpu=v9.2 -mlittle-endian -mxl-barrel-shift -mxl-pattern-compare -mxl-soft-mul" "EXTRA_COMPILER_FLAGS=-g -ffunct
TRACE::2022-11-18.08:46:04::SCWBDomain::ion-sections -fdata-sections -Wall -Wextra -fno-tree-loop-distribute-patterns  -Os -flto -ffat-lto-objects"

TRACE::2022-11-18.08:46:04::SCWBDomain::"Running Make libs in psu_pmu_0/libsrc/ddrcpsu_v1_3/src"

TRACE::2022-11-18.08:46:04::SCWBDomain::make -C psu_pmu_0/libsrc/ddrcpsu_v1_3/src -s libs  "SHELL=CMD" "COMPILER=mb-gcc" "ASSEMBLER=mb-as" "ARCHIVER=mb-ar" "COMPILER_F
TRACE::2022-11-18.08:46:04::SCWBDomain::LAGS=  -O2 -c -mcpu=v9.2 -mlittle-endian -mxl-barrel-shift -mxl-pattern-compare -mxl-soft-mul" "EXTRA_COMPILER_FLAGS=-g -ffunct
TRACE::2022-11-18.08:46:04::SCWBDomain::ion-sections -fdata-sections -Wall -Wextra -fno-tree-loop-distribute-patterns  -Os -flto -ffat-lto-objects"

TRACE::2022-11-18.08:46:04::SCWBDomain::"Running Make libs in psu_pmu_0/libsrc/gpiops_v3_9/src"

TRACE::2022-11-18.08:46:04::SCWBDomain::make -C psu_pmu_0/libsrc/gpiops_v3_9/src -s libs  "SHELL=CMD" "COMPILER=mb-gcc" "ASSEMBLER=mb-as" "ARCHIVER=mb-ar" "COMPILER_FL
TRACE::2022-11-18.08:46:04::SCWBDomain::AGS=  -O2 -c -mcpu=v9.2 -mlittle-endian -mxl-barrel-shift -mxl-pattern-compare -mxl-soft-mul" "EXTRA_COMPILER_FLAGS=-g -ffuncti
TRACE::2022-11-18.08:46:04::SCWBDomain::on-sections -fdata-sections -Wall -Wextra -fno-tree-loop-distribute-patterns  -Os -flto -ffat-lto-objects"

TRACE::2022-11-18.08:46:04::SCWBDomain::"Running Make libs in psu_pmu_0/libsrc/gpio_v4_8/src"

TRACE::2022-11-18.08:46:04::SCWBDomain::make -C psu_pmu_0/libsrc/gpio_v4_8/src -s libs  "SHELL=CMD" "COMPILER=mb-gcc" "ASSEMBLER=mb-as" "ARCHIVER=mb-ar" "COMPILER_FLAG
TRACE::2022-11-18.08:46:04::SCWBDomain::S=  -O2 -c -mcpu=v9.2 -mlittle-endian -mxl-barrel-shift -mxl-pattern-compare -mxl-soft-mul" "EXTRA_COMPILER_FLAGS=-g -ffunction
TRACE::2022-11-18.08:46:04::SCWBDomain::-sections -fdata-sections -Wall -Wextra -fno-tree-loop-distribute-patterns  -Os -flto -ffat-lto-objects"

TRACE::2022-11-18.08:46:04::SCWBDomain::"Running Make libs in psu_pmu_0/libsrc/iicps_v3_14/src"

TRACE::2022-11-18.08:46:04::SCWBDomain::make -C psu_pmu_0/libsrc/iicps_v3_14/src -s libs  "SHELL=CMD" "COMPILER=mb-gcc" "ASSEMBLER=mb-as" "ARCHIVER=mb-ar" "COMPILER_FL
TRACE::2022-11-18.08:46:04::SCWBDomain::AGS=  -O2 -c -mcpu=v9.2 -mlittle-endian -mxl-barrel-shift -mxl-pattern-compare -mxl-soft-mul" "EXTRA_COMPILER_FLAGS=-g -ffuncti
TRACE::2022-11-18.08:46:04::SCWBDomain::on-sections -fdata-sections -Wall -Wextra -fno-tree-loop-distribute-patterns  -Os -flto -ffat-lto-objects"

TRACE::2022-11-18.08:46:04::SCWBDomain::"Running Make libs in psu_pmu_0/libsrc/ipipsu_v2_10/src"

TRACE::2022-11-18.08:46:04::SCWBDomain::make -C psu_pmu_0/libsrc/ipipsu_v2_10/src -s libs  "SHELL=CMD" "COMPILER=mb-gcc" "ASSEMBLER=mb-as" "ARCHIVER=mb-ar" "COMPILER_F
TRACE::2022-11-18.08:46:04::SCWBDomain::LAGS=  -O2 -c -mcpu=v9.2 -mlittle-endian -mxl-barrel-shift -mxl-pattern-compare -mxl-soft-mul" "EXTRA_COMPILER_FLAGS=-g -ffunct
TRACE::2022-11-18.08:46:04::SCWBDomain::ion-sections -fdata-sections -Wall -Wextra -fno-tree-loop-distribute-patterns  -Os -flto -ffat-lto-objects"

TRACE::2022-11-18.08:46:05::SCWBDomain::"Running Make libs in psu_pmu_0/libsrc/qspipsu_v1_14/src"

TRACE::2022-11-18.08:46:05::SCWBDomain::make -C psu_pmu_0/libsrc/qspipsu_v1_14/src -s libs  "SHELL=CMD" "COMPILER=mb-gcc" "ASSEMBLER=mb-as" "ARCHIVER=mb-ar" "COMPILER_
TRACE::2022-11-18.08:46:05::SCWBDomain::FLAGS=  -O2 -c -mcpu=v9.2 -mlittle-endian -mxl-barrel-shift -mxl-pattern-compare -mxl-soft-mul" "EXTRA_COMPILER_FLAGS=-g -ffunc
TRACE::2022-11-18.08:46:05::SCWBDomain::tion-sections -fdata-sections -Wall -Wextra -fno-tree-loop-distribute-patterns  -Os -flto -ffat-lto-objects"

TRACE::2022-11-18.08:46:05::SCWBDomain::"Running Make libs in psu_pmu_0/libsrc/resetps_v1_4/src"

TRACE::2022-11-18.08:46:05::SCWBDomain::make -C psu_pmu_0/libsrc/resetps_v1_4/src -s libs  "SHELL=CMD" "COMPILER=mb-gcc" "ASSEMBLER=mb-as" "ARCHIVER=mb-ar" "COMPILER_F
TRACE::2022-11-18.08:46:05::SCWBDomain::LAGS=  -O2 -c -mcpu=v9.2 -mlittle-endian -mxl-barrel-shift -mxl-pattern-compare -mxl-soft-mul" "EXTRA_COMPILER_FLAGS=-g -ffunct
TRACE::2022-11-18.08:46:05::SCWBDomain::ion-sections -fdata-sections -Wall -Wextra -fno-tree-loop-distribute-patterns  -Os -flto -ffat-lto-objects"

TRACE::2022-11-18.08:46:05::SCWBDomain::"Running Make libs in psu_pmu_0/libsrc/rtcpsu_v1_11/src"

TRACE::2022-11-18.08:46:05::SCWBDomain::make -C psu_pmu_0/libsrc/rtcpsu_v1_11/src -s libs  "SHELL=CMD" "COMPILER=mb-gcc" "ASSEMBLER=mb-as" "ARCHIVER=mb-ar" "COMPILER_F
TRACE::2022-11-18.08:46:05::SCWBDomain::LAGS=  -O2 -c -mcpu=v9.2 -mlittle-endian -mxl-barrel-shift -mxl-pattern-compare -mxl-soft-mul" "EXTRA_COMPILER_FLAGS=-g -ffunct
TRACE::2022-11-18.08:46:05::SCWBDomain::ion-sections -fdata-sections -Wall -Wextra -fno-tree-loop-distribute-patterns  -Os -flto -ffat-lto-objects"

TRACE::2022-11-18.08:46:05::SCWBDomain::"Running Make libs in psu_pmu_0/libsrc/sdps_v3_13/src"

TRACE::2022-11-18.08:46:05::SCWBDomain::make -C psu_pmu_0/libsrc/sdps_v3_13/src -s libs  "SHELL=CMD" "COMPILER=mb-gcc" "ASSEMBLER=mb-as" "ARCHIVER=mb-ar" "COMPILER_FLA
TRACE::2022-11-18.08:46:05::SCWBDomain::GS=  -O2 -c -mcpu=v9.2 -mlittle-endian -mxl-barrel-shift -mxl-pattern-compare -mxl-soft-mul" "EXTRA_COMPILER_FLAGS=-g -ffunctio
TRACE::2022-11-18.08:46:05::SCWBDomain::n-sections -fdata-sections -Wall -Wextra -fno-tree-loop-distribute-patterns  -Os -flto -ffat-lto-objects"

TRACE::2022-11-18.08:46:06::SCWBDomain::"Running Make libs in psu_pmu_0/libsrc/standalone_v7_6/src"

TRACE::2022-11-18.08:46:06::SCWBDomain::make -C psu_pmu_0/libsrc/standalone_v7_6/src -s libs  "SHELL=CMD" "COMPILER=mb-gcc" "ASSEMBLER=mb-as" "ARCHIVER=mb-ar" "COMPILE
TRACE::2022-11-18.08:46:06::SCWBDomain::R_FLAGS=  -O2 -c -mcpu=v9.2 -mlittle-endian -mxl-barrel-shift -mxl-pattern-compare -mxl-soft-mul" "EXTRA_COMPILER_FLAGS=-g -ffu
TRACE::2022-11-18.08:46:06::SCWBDomain::nction-sections -fdata-sections -Wall -Wextra -fno-tree-loop-distribute-patterns  -Os -flto -ffat-lto-objects"

TRACE::2022-11-18.08:46:06::SCWBDomain::"Running Make libs in psu_pmu_0/libsrc/sysmonpsu_v2_7/src"

TRACE::2022-11-18.08:46:06::SCWBDomain::make -C psu_pmu_0/libsrc/sysmonpsu_v2_7/src -s libs  "SHELL=CMD" "COMPILER=mb-gcc" "ASSEMBLER=mb-as" "ARCHIVER=mb-ar" "COMPILER
TRACE::2022-11-18.08:46:06::SCWBDomain::_FLAGS=  -O2 -c -mcpu=v9.2 -mlittle-endian -mxl-barrel-shift -mxl-pattern-compare -mxl-soft-mul" "EXTRA_COMPILER_FLAGS=-g -ffun
TRACE::2022-11-18.08:46:06::SCWBDomain::ction-sections -fdata-sections -Wall -Wextra -fno-tree-loop-distribute-patterns  -Os -flto -ffat-lto-objects"

TRACE::2022-11-18.08:46:06::SCWBDomain::"Running Make libs in psu_pmu_0/libsrc/uartps_v3_11/src"

TRACE::2022-11-18.08:46:06::SCWBDomain::make -C psu_pmu_0/libsrc/uartps_v3_11/src -s libs  "SHELL=CMD" "COMPILER=mb-gcc" "ASSEMBLER=mb-as" "ARCHIVER=mb-ar" "COMPILER_F
TRACE::2022-11-18.08:46:06::SCWBDomain::LAGS=  -O2 -c -mcpu=v9.2 -mlittle-endian -mxl-barrel-shift -mxl-pattern-compare -mxl-soft-mul" "EXTRA_COMPILER_FLAGS=-g -ffunct
TRACE::2022-11-18.08:46:06::SCWBDomain::ion-sections -fdata-sections -Wall -Wextra -fno-tree-loop-distribute-patterns  -Os -flto -ffat-lto-objects"

TRACE::2022-11-18.08:46:06::SCWBDomain::"Running Make libs in psu_pmu_0/libsrc/xilfpga_v6_1/src"

TRACE::2022-11-18.08:46:06::SCWBDomain::make -C psu_pmu_0/libsrc/xilfpga_v6_1/src -s libs  "SHELL=CMD" "COMPILER=mb-gcc" "ASSEMBLER=mb-as" "ARCHIVER=mb-ar" "COMPILER_F
TRACE::2022-11-18.08:46:06::SCWBDomain::LAGS=  -O2 -c -mcpu=v9.2 -mlittle-endian -mxl-barrel-shift -mxl-pattern-compare -mxl-soft-mul" "EXTRA_COMPILER_FLAGS=-g -ffunct
TRACE::2022-11-18.08:46:06::SCWBDomain::ion-sections -fdata-sections -Wall -Wextra -fno-tree-loop-distribute-patterns  -Os -flto -ffat-lto-objects"

TRACE::2022-11-18.08:46:06::SCWBDomain::"Running Make libs in psu_pmu_0/libsrc/zdma_v1_13/src"

TRACE::2022-11-18.08:46:06::SCWBDomain::make -C psu_pmu_0/libsrc/zdma_v1_13/src -s libs  "SHELL=CMD" "COMPILER=mb-gcc" "ASSEMBLER=mb-as" "ARCHIVER=mb-ar" "COMPILER_FLA
TRACE::2022-11-18.08:46:06::SCWBDomain::GS=  -O2 -c -mcpu=v9.2 -mlittle-endian -mxl-barrel-shift -mxl-pattern-compare -mxl-soft-mul" "EXTRA_COMPILER_FLAGS=-g -ffunctio
TRACE::2022-11-18.08:46:06::SCWBDomain::n-sections -fdata-sections -Wall -Wextra -fno-tree-loop-distribute-patterns  -Os -flto -ffat-lto-objects"

TRACE::2022-11-18.08:46:07::SCWBDomain::"DEBUG NON_LTO_OBJECTS is ../../../lib/microblaze_interrupt_handler.o"

TRACE::2022-11-18.08:46:07::SCWBDomain::'Finished building libraries parallelly.'

TRACE::2022-11-18.08:46:07::SCWBDomain::make --no-print-directory archive

TRACE::2022-11-18.08:46:07::SCWBDomain::mb-ar -r  psu_pmu_0/lib/libxil.a psu_pmu_0/lib/xrtcpsu_intr.o psu_pmu_0/lib/xplatform_info.o psu_pmu_0/lib/microblaze_disable_e
TRACE::2022-11-18.08:46:07::SCWBDomain::xceptions.o psu_pmu_0/lib/xil_mem.o psu_pmu_0/lib/xgpiops_hw.o psu_pmu_0/lib/microblaze_flush_dcache_range.o psu_pmu_0/lib/xsdp
TRACE::2022-11-18.08:46:07::SCWBDomain::s_options.o psu_pmu_0/lib/microblaze_flush_cache_ext.o psu_pmu_0/lib/xil_misc_psreset_api.o psu_pmu_0/lib/xclockps_mux.o psu_pm
TRACE::2022-11-18.08:46:07::SCWBDomain::u_0/lib/inbyte.o psu_pmu_0/lib/xgpiops_g.o psu_pmu_0/lib/pvr.o psu_pmu_0/lib/xaxipmon_g.o psu_pmu_0/lib/microblaze_invalidate_d
TRACE::2022-11-18.08:46:07::SCWBDomain::cache.o psu_pmu_0/lib/microblaze_disable_interrupts.o psu_pmu_0/lib/xgpiops_sinit.o psu_pmu_0/lib/xaxipmon_sinit.o psu_pmu_0/li
TRACE::2022-11-18.08:46:07::SCWBDomain::b/xuartps_sinit.o psu_pmu_0/lib/xgpiops_selftest.o psu_pmu_0/lib/xgpio_g.o psu_pmu_0/lib/xaxipmon_selftest.o psu_pmu_0/lib/xgpi
TRACE::2022-11-18.08:46:07::SCWBDomain::o_sinit.o psu_pmu_0/lib/xiicps_intr.o psu_pmu_0/lib/xclockps_fixedfactor.o psu_pmu_0/lib/microblaze_flush_cache_ext_range.o psu
TRACE::2022-11-18.08:46:07::SCWBDomain::_pmu_0/lib/xclockps_divider.o psu_pmu_0/lib/xzdma_g.o psu_pmu_0/lib/xiicps_slave.o psu_pmu_0/lib/xil_printf.o psu_pmu_0/lib/xcl
TRACE::2022-11-18.08:46:07::SCWBDomain::ockps_gate.o psu_pmu_0/lib/xresetps.o psu_pmu_0/lib/xiicps_options.o psu_pmu_0/lib/xsysmonpsu.o psu_pmu_0/lib/_exit.o psu_pmu_0
TRACE::2022-11-18.08:46:07::SCWBDomain::/lib/fcntl.o psu_pmu_0/lib/xcsudma_intr.o psu_pmu_0/lib/xqspipsu_options.o psu_pmu_0/lib/microblaze_invalidate_dcache_range.o p
TRACE::2022-11-18.08:46:07::SCWBDomain::su_pmu_0/lib/xil_testmem.o psu_pmu_0/lib/microblaze_invalidate_cache_ext.o psu_pmu_0/lib/microblaze_update_icache.o psu_pmu_0/l
TRACE::2022-11-18.08:46:07::SCWBDomain::ib/microblaze_sleep.o psu_pmu_0/lib/xiicps_hw.o psu_pmu_0/lib/hw_exception_handler.o psu_pmu_0/lib/xipipsu_g.o psu_pmu_0/lib/mi
TRACE::2022-11-18.08:46:07::SCWBDomain::croblaze_update_dcache.o psu_pmu_0/lib/xqspipsu_hw.o psu_pmu_0/lib/xil_testcache.o psu_pmu_0/lib/microblaze_selftest.o psu_pmu_
TRACE::2022-11-18.08:46:07::SCWBDomain::0/lib/microblaze_interrupts_g.o psu_pmu_0/lib/xipipsu_sinit.o psu_pmu_0/lib/microblaze_enable_exceptions.o psu_pmu_0/lib/xiicps
TRACE::2022-11-18.08:46:07::SCWBDomain::.o psu_pmu_0/lib/xiicps_master.o psu_pmu_0/lib/microblaze_invalidate_icache_range.o psu_pmu_0/lib/xsdps_g.o psu_pmu_0/lib/xgpio
TRACE::2022-11-18.08:46:07::SCWBDomain::ps.o psu_pmu_0/lib/xaxipmon.o psu_pmu_0/lib/xsdps_sinit.o psu_pmu_0/lib/microblaze_invalidate_cache_ext_range.o psu_pmu_0/lib/x
TRACE::2022-11-18.08:46:07::SCWBDomain::rtcpsu_g.o psu_pmu_0/lib/xil_exception.o psu_pmu_0/lib/xgpio.o psu_pmu_0/lib/xrtcpsu_sinit.o psu_pmu_0/lib/xil_assert.o psu_pmu
TRACE::2022-11-18.08:46:07::SCWBDomain::_0/lib/xrtcpsu_selftest.o psu_pmu_0/lib/microblaze_enable_interrupts.o psu_pmu_0/lib/xzdma.o psu_pmu_0/lib/xsdps_host.o psu_pmu
TRACE::2022-11-18.08:46:07::SCWBDomain::_0/lib/xiicps_xfer.o psu_pmu_0/lib/xuartps.o psu_pmu_0/lib/xsysmonpsu_intr.o psu_pmu_0/lib/microblaze_init_icache_range.o psu_p
TRACE::2022-11-18.08:46:07::SCWBDomain::mu_0/lib/xclockps_sinit.o psu_pmu_0/lib/xipipsu_buf.o psu_pmu_0/lib/xio.o psu_pmu_0/lib/print.o psu_pmu_0/lib/xclockps_g.o psu_
TRACE::2022-11-18.08:46:07::SCWBDomain::pmu_0/lib/microblaze_disable_dcache.o psu_pmu_0/lib/xipipsu.o psu_pmu_0/lib/xqspipsu_g.o psu_pmu_0/lib/xil_cache.o psu_pmu_0/li
TRACE::2022-11-18.08:46:07::SCWBDomain::b/xil_testio.o psu_pmu_0/lib/microblaze_exception_handler.o psu_pmu_0/lib/xsdps.o psu_pmu_0/lib/microblaze_scrub.o psu_pmu_0/li
TRACE::2022-11-18.08:46:07::SCWBDomain::b/xqspipsu_control.o psu_pmu_0/lib/microblaze_interrupt_handler.o psu_pmu_0/lib/microblaze_disable_icache.o psu_pmu_0/lib/xcsud
TRACE::2022-11-18.08:46:07::SCWBDomain::ma_g.o psu_pmu_0/lib/xrtcpsu.o psu_pmu_0/lib/xiicps_g.o psu_pmu_0/lib/xcsudma_sinit.o psu_pmu_0/lib/xcsudma_selftest.o psu_pmu_
TRACE::2022-11-18.08:46:07::SCWBDomain::0/lib/xil_sleepcommon.o psu_pmu_0/lib/xuartps_selftest.o psu_pmu_0/lib/xgpiops_intr.o psu_pmu_0/lib/outbyte.o psu_pmu_0/lib/xua
TRACE::2022-11-18.08:46:07::SCWBDomain::rtps_hw.o psu_pmu_0/lib/xgpio_intr.o psu_pmu_0/lib/xiicps_sinit.o psu_pmu_0/lib/xclockps.o psu_pmu_0/lib/xzdma_intr.o psu_pmu_0
TRACE::2022-11-18.08:46:07::SCWBDomain::/lib/xil_util.o psu_pmu_0/lib/xuartps_intr.o psu_pmu_0/lib/xqspipsu.o psu_pmu_0/lib/xsdps_card.o psu_pmu_0/lib/microblaze_enabl
TRACE::2022-11-18.08:46:07::SCWBDomain::e_dcache.o psu_pmu_0/lib/xqspipsu_sinit.o psu_pmu_0/lib/xzdma_selftest.o psu_pmu_0/lib/xzdma_sinit.o psu_pmu_0/lib/xsysmonpsu_g
TRACE::2022-11-18.08:46:07::SCWBDomain::.o psu_pmu_0/lib/microblaze_init_dcache_range.o psu_pmu_0/lib/microblaze_invalidate_icache.o psu_pmu_0/lib/errno.o psu_pmu_0/li
TRACE::2022-11-18.08:46:07::SCWBDomain::b/xsysmonpsu_sinit.o psu_pmu_0/lib/xuartps_options.o psu_pmu_0/lib/xcsudma.o psu_pmu_0/lib/xuartps_g.o psu_pmu_0/lib/xsysmonpsu
TRACE::2022-11-18.08:46:07::SCWBDomain::_selftest.o psu_pmu_0/lib/xresetps_g.o psu_pmu_0/lib/microblaze_flush_dcache.o psu_pmu_0/lib/xil_clocking.o psu_pmu_0/lib/xrese
TRACE::2022-11-18.08:46:07::SCWBDomain::tps_sinit.o psu_pmu_0/lib/xiicps_selftest.o psu_pmu_0/lib/xgpio_extra.o psu_pmu_0/lib/microblaze_enable_icache.o psu_pmu_0/lib/
TRACE::2022-11-18.08:46:07::SCWBDomain::xclockps_pll.o psu_pmu_0/lib/xgpio_selftest.o

TRACE::2022-11-18.08:46:07::SCWBDomain::'Finished building libraries'

TRACE::2022-11-18.08:46:07::SCWBDomain::make: Leaving directory 'C:/Users/SESA630813/work-2/4EV_HandsOn_platt/zynqmp_pmufw/zynqmp_pmufw_bsp'

TRACE::2022-11-18.08:46:08::SCWBDomain::mb-gcc  -mlittle-endian -mxl-barrel-shift -mxl-pattern-compare -mxl-soft-mul -mcpu=v9.2 -MMD -MP      -mlittle-endian -mxl-barr
TRACE::2022-11-18.08:46:08::SCWBDomain::el-shift -mxl-pattern-compare -mcpu=v9.2 -mxl-soft-mul -Os -flto -ffat-lto-objects   -c pm_clock.c -o pm_clock.o -Izynqmp_pmufw
TRACE::2022-11-18.08:46:08::SCWBDomain::_bsp/psu_pmu_0/include -I.

TRACE::2022-11-18.08:46:08::SCWBDomain::mb-gcc  -mlittle-endian -mxl-barrel-shift -mxl-pattern-compare -mxl-soft-mul -mcpu=v9.2 -MMD -MP      -mlittle-endian -mxl-barr
TRACE::2022-11-18.08:46:08::SCWBDomain::el-shift -mxl-pattern-compare -mcpu=v9.2 -mxl-soft-mul -Os -flto -ffat-lto-objects   -c pm_proc.c -o pm_proc.o -Izynqmp_pmufw_b
TRACE::2022-11-18.08:46:08::SCWBDomain::sp/psu_pmu_0/include -I.

TRACE::2022-11-18.08:46:08::SCWBDomain::mb-gcc  -mlittle-endian -mxl-barrel-shift -mxl-pattern-compare -mxl-soft-mul -mcpu=v9.2 -MMD -MP      -mlittle-endian -mxl-barr
TRACE::2022-11-18.08:46:08::SCWBDomain::el-shift -mxl-pattern-compare -mcpu=v9.2 -mxl-soft-mul -Os -flto -ffat-lto-objects   -c xpfw_mod_em.c -o xpfw_mod_em.o -Izynqmp
TRACE::2022-11-18.08:46:08::SCWBDomain::_pmufw_bsp/psu_pmu_0/include -I.

TRACE::2022-11-18.08:46:08::SCWBDomain::mb-gcc  -mlittle-endian -mxl-barrel-shift -mxl-pattern-compare -mxl-soft-mul -mcpu=v9.2 -MMD -MP      -mlittle-endian -mxl-barr
TRACE::2022-11-18.08:46:08::SCWBDomain::el-shift -mxl-pattern-compare -mcpu=v9.2 -mxl-soft-mul -Os -flto -ffat-lto-objects   -c xpfw_main.c -o xpfw_main.o -Izynqmp_pmu
TRACE::2022-11-18.08:46:08::SCWBDomain::fw_bsp/psu_pmu_0/include -I.

TRACE::2022-11-18.08:46:08::SCWBDomain::mb-gcc  -mlittle-endian -mxl-barrel-shift -mxl-pattern-compare -mxl-soft-mul -mcpu=v9.2 -MMD -MP      -mlittle-endian -mxl-barr
TRACE::2022-11-18.08:46:08::SCWBDomain::el-shift -mxl-pattern-compare -mcpu=v9.2 -mxl-soft-mul -Os -flto -ffat-lto-objects   -c pm_power.c -o pm_power.o -Izynqmp_pmufw
TRACE::2022-11-18.08:46:08::SCWBDomain::_bsp/psu_pmu_0/include -I.

TRACE::2022-11-18.08:46:09::SCWBDomain::mb-gcc  -mlittle-endian -mxl-barrel-shift -mxl-pattern-compare -mxl-soft-mul -mcpu=v9.2 -MMD -MP      -mlittle-endian -mxl-barr
TRACE::2022-11-18.08:46:09::SCWBDomain::el-shift -mxl-pattern-compare -mcpu=v9.2 -mxl-soft-mul -Os -flto -ffat-lto-objects   -c xpfw_mod_rpu.c -o xpfw_mod_rpu.o -Izynq
TRACE::2022-11-18.08:46:09::SCWBDomain::mp_pmufw_bsp/psu_pmu_0/include -I.

TRACE::2022-11-18.08:46:09::SCWBDomain::mb-gcc  -mlittle-endian -mxl-barrel-shift -mxl-pattern-compare -mxl-soft-mul -mcpu=v9.2 -MMD -MP      -mlittle-endian -mxl-barr
TRACE::2022-11-18.08:46:09::SCWBDomain::el-shift -mxl-pattern-compare -mcpu=v9.2 -mxl-soft-mul -Os -flto -ffat-lto-objects   -c pm_gpp.c -o pm_gpp.o -Izynqmp_pmufw_bsp
TRACE::2022-11-18.08:46:09::SCWBDomain::/psu_pmu_0/include -I.

TRACE::2022-11-18.08:46:09::SCWBDomain::mb-gcc  -mlittle-endian -mxl-barrel-shift -mxl-pattern-compare -mxl-soft-mul -mcpu=v9.2 -MMD -MP      -mlittle-endian -mxl-barr
TRACE::2022-11-18.08:46:09::SCWBDomain::el-shift -mxl-pattern-compare -mcpu=v9.2 -mxl-soft-mul -Os -flto -ffat-lto-objects   -c pm_hooks.c -o pm_hooks.o -Izynqmp_pmufw
TRACE::2022-11-18.08:46:09::SCWBDomain::_bsp/psu_pmu_0/include -I.

TRACE::2022-11-18.08:46:09::SCWBDomain::mb-gcc  -mlittle-endian -mxl-barrel-shift -mxl-pattern-compare -mxl-soft-mul -mcpu=v9.2 -MMD -MP      -mlittle-endian -mxl-barr
TRACE::2022-11-18.08:46:09::SCWBDomain::el-shift -mxl-pattern-compare -mcpu=v9.2 -mxl-soft-mul -Os -flto -ffat-lto-objects   -c pm_pll.c -o pm_pll.o -Izynqmp_pmufw_bsp
TRACE::2022-11-18.08:46:09::SCWBDomain::/psu_pmu_0/include -I.

TRACE::2022-11-18.08:46:09::SCWBDomain::mb-gcc  -mlittle-endian -mxl-barrel-shift -mxl-pattern-compare -mxl-soft-mul -mcpu=v9.2 -MMD -MP      -mlittle-endian -mxl-barr
TRACE::2022-11-18.08:46:09::SCWBDomain::el-shift -mxl-pattern-compare -mcpu=v9.2 -mxl-soft-mul -Os -flto -ffat-lto-objects   -c xpfw_mod_common.c -o xpfw_mod_common.o 
TRACE::2022-11-18.08:46:09::SCWBDomain::-Izynqmp_pmufw_bsp/psu_pmu_0/include -I.

TRACE::2022-11-18.08:46:09::SCWBDomain::mb-gcc  -mlittle-endian -mxl-barrel-shift -mxl-pattern-compare -mxl-soft-mul -mcpu=v9.2 -MMD -MP      -mlittle-endian -mxl-barr
TRACE::2022-11-18.08:46:09::SCWBDomain::el-shift -mxl-pattern-compare -mcpu=v9.2 -mxl-soft-mul -Os -flto -ffat-lto-objects   -c pm_periph.c -o pm_periph.o -Izynqmp_pmu
TRACE::2022-11-18.08:46:09::SCWBDomain::fw_bsp/psu_pmu_0/include -I.

TRACE::2022-11-18.08:46:09::SCWBDomain::mb-gcc  -mlittle-endian -mxl-barrel-shift -mxl-pattern-compare -mxl-soft-mul -mcpu=v9.2 -MMD -MP      -mlittle-endian -mxl-barr
TRACE::2022-11-18.08:46:09::SCWBDomain::el-shift -mxl-pattern-compare -mcpu=v9.2 -mxl-soft-mul -Os -flto -ffat-lto-objects   -c idle_hooks.c -o idle_hooks.o -Izynqmp_p
TRACE::2022-11-18.08:46:09::SCWBDomain::mufw_bsp/psu_pmu_0/include -I.

TRACE::2022-11-18.08:46:09::SCWBDomain::mb-gcc  -mlittle-endian -mxl-barrel-shift -mxl-pattern-compare -mxl-soft-mul -mcpu=v9.2 -MMD -MP      -mlittle-endian -mxl-barr
TRACE::2022-11-18.08:46:09::SCWBDomain::el-shift -mxl-pattern-compare -mcpu=v9.2 -mxl-soft-mul -Os -flto -ffat-lto-objects   -c xpfw_resets.c -o xpfw_resets.o -Izynqmp
TRACE::2022-11-18.08:46:09::SCWBDomain::_pmufw_bsp/psu_pmu_0/include -I.

TRACE::2022-11-18.08:46:10::SCWBDomain::mb-gcc  -mlittle-endian -mxl-barrel-shift -mxl-pattern-compare -mxl-soft-mul -mcpu=v9.2 -MMD -MP      -mlittle-endian -mxl-barr
TRACE::2022-11-18.08:46:10::SCWBDomain::el-shift -mxl-pattern-compare -mcpu=v9.2 -mxl-soft-mul -Os -flto -ffat-lto-objects   -c xpfw_core.c -o xpfw_core.o -Izynqmp_pmu
TRACE::2022-11-18.08:46:10::SCWBDomain::fw_bsp/psu_pmu_0/include -I.

TRACE::2022-11-18.08:46:10::SCWBDomain::mb-gcc  -mlittle-endian -mxl-barrel-shift -mxl-pattern-compare -mxl-soft-mul -mcpu=v9.2 -MMD -MP      -mlittle-endian -mxl-barr
TRACE::2022-11-18.08:46:10::SCWBDomain::el-shift -mxl-pattern-compare -mcpu=v9.2 -mxl-soft-mul -Os -flto -ffat-lto-objects   -c pm_node.c -o pm_node.o -Izynqmp_pmufw_b
TRACE::2022-11-18.08:46:10::SCWBDomain::sp/psu_pmu_0/include -I.

TRACE::2022-11-18.08:46:10::SCWBDomain::mb-gcc  -mlittle-endian -mxl-barrel-shift -mxl-pattern-compare -mxl-soft-mul -mcpu=v9.2 -MMD -MP      -mlittle-endian -mxl-barr
TRACE::2022-11-18.08:46:10::SCWBDomain::el-shift -mxl-pattern-compare -mcpu=v9.2 -mxl-soft-mul -Os -flto -ffat-lto-objects   -c pm_extern.c -o pm_extern.o -Izynqmp_pmu
TRACE::2022-11-18.08:46:10::SCWBDomain::fw_bsp/psu_pmu_0/include -I.

TRACE::2022-11-18.08:46:10::SCWBDomain::mb-gcc  -mlittle-endian -mxl-barrel-shift -mxl-pattern-compare -mxl-soft-mul -mcpu=v9.2 -MMD -MP      -mlittle-endian -mxl-barr
TRACE::2022-11-18.08:46:10::SCWBDomain::el-shift -mxl-pattern-compare -mcpu=v9.2 -mxl-soft-mul -Os -flto -ffat-lto-objects   -c xpfw_mod_extwdt.c -o xpfw_mod_extwdt.o 
TRACE::2022-11-18.08:46:10::SCWBDomain::-Izynqmp_pmufw_bsp/psu_pmu_0/include -I.

TRACE::2022-11-18.08:46:10::SCWBDomain::mb-gcc  -mlittle-endian -mxl-barrel-shift -mxl-pattern-compare -mxl-soft-mul -mcpu=v9.2 -MMD -MP      -mlittle-endian -mxl-barr
TRACE::2022-11-18.08:46:10::SCWBDomain::el-shift -mxl-pattern-compare -mcpu=v9.2 -mxl-soft-mul -Os -flto -ffat-lto-objects   -c xpfw_mod_ultra96.c -o xpfw_mod_ultra96.
TRACE::2022-11-18.08:46:10::SCWBDomain::o -Izynqmp_pmufw_bsp/psu_pmu_0/include -I.

TRACE::2022-11-18.08:46:10::SCWBDomain::mb-gcc  -mlittle-endian -mxl-barrel-shift -mxl-pattern-compare -mxl-soft-mul -mcpu=v9.2 -MMD -MP      -mlittle-endian -mxl-barr
TRACE::2022-11-18.08:46:10::SCWBDomain::el-shift -mxl-pattern-compare -mcpu=v9.2 -mxl-soft-mul -Os -flto -ffat-lto-objects   -c xpfw_mod_dap.c -o xpfw_mod_dap.o -Izynq
TRACE::2022-11-18.08:46:10::SCWBDomain::mp_pmufw_bsp/psu_pmu_0/include -I.

TRACE::2022-11-18.08:46:10::SCWBDomain::mb-gcc  -mlittle-endian -mxl-barrel-shift -mxl-pattern-compare -mxl-soft-mul -mcpu=v9.2 -MMD -MP      -mlittle-endian -mxl-barr
TRACE::2022-11-18.08:46:10::SCWBDomain::el-shift -mxl-pattern-compare -mcpu=v9.2 -mxl-soft-mul -Os -flto -ffat-lto-objects   -c xpfw_interrupts.c -o xpfw_interrupts.o 
TRACE::2022-11-18.08:46:10::SCWBDomain::-Izynqmp_pmufw_bsp/psu_pmu_0/include -I.

TRACE::2022-11-18.08:46:10::SCWBDomain::mb-gcc  -mlittle-endian -mxl-barrel-shift -mxl-pattern-compare -mxl-soft-mul -mcpu=v9.2 -MMD -MP      -mlittle-endian -mxl-barr
TRACE::2022-11-18.08:46:10::SCWBDomain::el-shift -mxl-pattern-compare -mcpu=v9.2 -mxl-soft-mul -Os -flto -ffat-lto-objects   -c xpfw_ipi_manager.c -o xpfw_ipi_manager.
TRACE::2022-11-18.08:46:10::SCWBDomain::o -Izynqmp_pmufw_bsp/psu_pmu_0/include -I.

TRACE::2022-11-18.08:46:11::SCWBDomain::mb-gcc  -mlittle-endian -mxl-barrel-shift -mxl-pattern-compare -mxl-soft-mul -mcpu=v9.2 -MMD -MP      -mlittle-endian -mxl-barr
TRACE::2022-11-18.08:46:11::SCWBDomain::el-shift -mxl-pattern-compare -mcpu=v9.2 -mxl-soft-mul -Os -flto -ffat-lto-objects   -c xpfw_user_startup.c -o xpfw_user_startu
TRACE::2022-11-18.08:46:11::SCWBDomain::p.o -Izynqmp_pmufw_bsp/psu_pmu_0/include -I.

TRACE::2022-11-18.08:46:11::SCWBDomain::mb-gcc  -mlittle-endian -mxl-barrel-shift -mxl-pattern-compare -mxl-soft-mul -mcpu=v9.2 -MMD -MP      -mlittle-endian -mxl-barr
TRACE::2022-11-18.08:46:11::SCWBDomain::el-shift -mxl-pattern-compare -mcpu=v9.2 -mxl-soft-mul -Os -flto -ffat-lto-objects   -c xpfw_mod_stl.c -o xpfw_mod_stl.o -Izynq
TRACE::2022-11-18.08:46:11::SCWBDomain::mp_pmufw_bsp/psu_pmu_0/include -I.

TRACE::2022-11-18.08:46:11::SCWBDomain::mb-gcc  -mlittle-endian -mxl-barrel-shift -mxl-pattern-compare -mxl-soft-mul -mcpu=v9.2 -MMD -MP      -mlittle-endian -mxl-barr
TRACE::2022-11-18.08:46:11::SCWBDomain::el-shift -mxl-pattern-compare -mcpu=v9.2 -mxl-soft-mul -Os -flto -ffat-lto-objects   -c pm_callbacks.c -o pm_callbacks.o -Izynq
TRACE::2022-11-18.08:46:11::SCWBDomain::mp_pmufw_bsp/psu_pmu_0/include -I.

TRACE::2022-11-18.08:46:11::SCWBDomain::mb-gcc  -mlittle-endian -mxl-barrel-shift -mxl-pattern-compare -mxl-soft-mul -mcpu=v9.2 -MMD -MP      -mlittle-endian -mxl-barr
TRACE::2022-11-18.08:46:11::SCWBDomain::el-shift -mxl-pattern-compare -mcpu=v9.2 -mxl-soft-mul -Os -flto -ffat-lto-objects   -c pm_reset.c -o pm_reset.o -Izynqmp_pmufw
TRACE::2022-11-18.08:46:11::SCWBDomain::_bsp/psu_pmu_0/include -I.

TRACE::2022-11-18.08:46:11::SCWBDomain::mb-gcc  -mlittle-endian -mxl-barrel-shift -mxl-pattern-compare -mxl-soft-mul -mcpu=v9.2 -MMD -MP      -mlittle-endian -mxl-barr
TRACE::2022-11-18.08:46:11::SCWBDomain::el-shift -mxl-pattern-compare -mcpu=v9.2 -mxl-soft-mul -Os -flto -ffat-lto-objects   -c xpfw_mod_wdt.c -o xpfw_mod_wdt.o -Izynq
TRACE::2022-11-18.08:46:11::SCWBDomain::mp_pmufw_bsp/psu_pmu_0/include -I.

TRACE::2022-11-18.08:46:11::SCWBDomain::mb-gcc  -mlittle-endian -mxl-barrel-shift -mxl-pattern-compare -mxl-soft-mul -mcpu=v9.2 -MMD -MP      -mlittle-endian -mxl-barr
TRACE::2022-11-18.08:46:11::SCWBDomain::el-shift -mxl-pattern-compare -mcpu=v9.2 -mxl-soft-mul -Os -flto -ffat-lto-objects   -c pm_csudma.c -o pm_csudma.o -Izynqmp_pmu
TRACE::2022-11-18.08:46:11::SCWBDomain::fw_bsp/psu_pmu_0/include -I.

TRACE::2022-11-18.08:46:11::SCWBDomain::mb-gcc  -mlittle-endian -mxl-barrel-shift -mxl-pattern-compare -mxl-soft-mul -mcpu=v9.2 -MMD -MP      -mlittle-endian -mxl-barr
TRACE::2022-11-18.08:46:11::SCWBDomain::el-shift -mxl-pattern-compare -mcpu=v9.2 -mxl-soft-mul -Os -flto -ffat-lto-objects   -c xpfw_rom_interface.c -o xpfw_rom_interf
TRACE::2022-11-18.08:46:11::SCWBDomain::ace.o -Izynqmp_pmufw_bsp/psu_pmu_0/include -I.

TRACE::2022-11-18.08:46:11::SCWBDomain::mb-gcc  -mlittle-endian -mxl-barrel-shift -mxl-pattern-compare -mxl-soft-mul -mcpu=v9.2 -MMD -MP      -mlittle-endian -mxl-barr
TRACE::2022-11-18.08:46:11::SCWBDomain::el-shift -mxl-pattern-compare -mcpu=v9.2 -mxl-soft-mul -Os -flto -ffat-lto-objects   -c pm_usb.c -o pm_usb.o -Izynqmp_pmufw_bsp
TRACE::2022-11-18.08:46:11::SCWBDomain::/psu_pmu_0/include -I.

TRACE::2022-11-18.08:46:12::SCWBDomain::mb-gcc  -mlittle-endian -mxl-barrel-shift -mxl-pattern-compare -mxl-soft-mul -mcpu=v9.2 -MMD -MP      -mlittle-endian -mxl-barr
TRACE::2022-11-18.08:46:12::SCWBDomain::el-shift -mxl-pattern-compare -mcpu=v9.2 -mxl-soft-mul -Os -flto -ffat-lto-objects   -c xpfw_mod_rtc.c -o xpfw_mod_rtc.o -Izynq
TRACE::2022-11-18.08:46:12::SCWBDomain::mp_pmufw_bsp/psu_pmu_0/include -I.

TRACE::2022-11-18.08:46:12::SCWBDomain::mb-gcc  -mlittle-endian -mxl-barrel-shift -mxl-pattern-compare -mxl-soft-mul -mcpu=v9.2 -MMD -MP      -mlittle-endian -mxl-barr
TRACE::2022-11-18.08:46:12::SCWBDomain::el-shift -mxl-pattern-compare -mcpu=v9.2 -mxl-soft-mul -Os -flto -ffat-lto-objects   -c xpfw_mod_sched.c -o xpfw_mod_sched.o -I
TRACE::2022-11-18.08:46:12::SCWBDomain::zynqmp_pmufw_bsp/psu_pmu_0/include -I.

TRACE::2022-11-18.08:46:12::SCWBDomain::mb-gcc  -mlittle-endian -mxl-barrel-shift -mxl-pattern-compare -mxl-soft-mul -mcpu=v9.2 -MMD -MP      -mlittle-endian -mxl-barr
TRACE::2022-11-18.08:46:12::SCWBDomain::el-shift -mxl-pattern-compare -mcpu=v9.2 -mxl-soft-mul -Os -flto -ffat-lto-objects   -c pm_sram.c -o pm_sram.o -Izynqmp_pmufw_b
TRACE::2022-11-18.08:46:12::SCWBDomain::sp/psu_pmu_0/include -I.

TRACE::2022-11-18.08:46:12::SCWBDomain::mb-gcc  -mlittle-endian -mxl-barrel-shift -mxl-pattern-compare -mxl-soft-mul -mcpu=v9.2 -MMD -MP      -mlittle-endian -mxl-barr
TRACE::2022-11-18.08:46:12::SCWBDomain::el-shift -mxl-pattern-compare -mcpu=v9.2 -mxl-soft-mul -Os -flto -ffat-lto-objects   -c pm_qspi.c -o pm_qspi.o -Izynqmp_pmufw_b
TRACE::2022-11-18.08:46:12::SCWBDomain::sp/psu_pmu_0/include -I.

TRACE::2022-11-18.08:46:12::SCWBDomain::mb-gcc  -mlittle-endian -mxl-barrel-shift -mxl-pattern-compare -mxl-soft-mul -mcpu=v9.2 -MMD -MP      -mlittle-endian -mxl-barr
TRACE::2022-11-18.08:46:12::SCWBDomain::el-shift -mxl-pattern-compare -mcpu=v9.2 -mxl-soft-mul -Os -flto -ffat-lto-objects   -c pm_ddr.c -o pm_ddr.o -Izynqmp_pmufw_bsp
TRACE::2022-11-18.08:46:12::SCWBDomain::/psu_pmu_0/include -I.

TRACE::2022-11-18.08:46:12::SCWBDomain::mb-gcc  -mlittle-endian -mxl-barrel-shift -mxl-pattern-compare -mxl-soft-mul -mcpu=v9.2 -MMD -MP      -mlittle-endian -mxl-barr
TRACE::2022-11-18.08:46:12::SCWBDomain::el-shift -mxl-pattern-compare -mcpu=v9.2 -mxl-soft-mul -Os -flto -ffat-lto-objects   -c xpfw_mod_pm.c -o xpfw_mod_pm.o -Izynqmp
TRACE::2022-11-18.08:46:12::SCWBDomain::_pmufw_bsp/psu_pmu_0/include -I.

TRACE::2022-11-18.08:46:12::SCWBDomain::mb-gcc  -mlittle-endian -mxl-barrel-shift -mxl-pattern-compare -mxl-soft-mul -mcpu=v9.2 -MMD -MP      -mlittle-endian -mxl-barr
TRACE::2022-11-18.08:46:12::SCWBDomain::el-shift -mxl-pattern-compare -mcpu=v9.2 -mxl-soft-mul -Os -flto -ffat-lto-objects   -c xpfw_platform.c -o xpfw_platform.o -Izy
TRACE::2022-11-18.08:46:12::SCWBDomain::nqmp_pmufw_bsp/psu_pmu_0/include -I.

TRACE::2022-11-18.08:46:12::SCWBDomain::mb-gcc  -mlittle-endian -mxl-barrel-shift -mxl-pattern-compare -mxl-soft-mul -mcpu=v9.2 -MMD -MP      -mlittle-endian -mxl-barr
TRACE::2022-11-18.08:46:12::SCWBDomain::el-shift -mxl-pattern-compare -mcpu=v9.2 -mxl-soft-mul -Os -flto -ffat-lto-objects   -c pm_pinctrl.c -o pm_pinctrl.o -Izynqmp_p
TRACE::2022-11-18.08:46:12::SCWBDomain::mufw_bsp/psu_pmu_0/include -I.

TRACE::2022-11-18.08:46:13::SCWBDomain::mb-gcc  -mlittle-endian -mxl-barrel-shift -mxl-pattern-compare -mxl-soft-mul -mcpu=v9.2 -MMD -MP      -mlittle-endian -mxl-barr
TRACE::2022-11-18.08:46:13::SCWBDomain::el-shift -mxl-pattern-compare -mcpu=v9.2 -mxl-soft-mul -Os -flto -ffat-lto-objects   -c pm_slave.c -o pm_slave.o -Izynqmp_pmufw
TRACE::2022-11-18.08:46:13::SCWBDomain::_bsp/psu_pmu_0/include -I.

TRACE::2022-11-18.08:46:13::SCWBDomain::mb-gcc  -mlittle-endian -mxl-barrel-shift -mxl-pattern-compare -mxl-soft-mul -mcpu=v9.2 -MMD -MP      -mlittle-endian -mxl-barr
TRACE::2022-11-18.08:46:13::SCWBDomain::el-shift -mxl-pattern-compare -mcpu=v9.2 -mxl-soft-mul -Os -flto -ffat-lto-objects   -c xpfw_scheduler.c -o xpfw_scheduler.o -I
TRACE::2022-11-18.08:46:13::SCWBDomain::zynqmp_pmufw_bsp/psu_pmu_0/include -I.

TRACE::2022-11-18.08:46:13::SCWBDomain::mb-gcc  -mlittle-endian -mxl-barrel-shift -mxl-pattern-compare -mxl-soft-mul -mcpu=v9.2 -MMD -MP      -mlittle-endian -mxl-barr
TRACE::2022-11-18.08:46:13::SCWBDomain::el-shift -mxl-pattern-compare -mcpu=v9.2 -mxl-soft-mul -Os -flto -ffat-lto-objects   -c pm_binding.c -o pm_binding.o -Izynqmp_p
TRACE::2022-11-18.08:46:13::SCWBDomain::mufw_bsp/psu_pmu_0/include -I.

TRACE::2022-11-18.08:46:13::SCWBDomain::mb-gcc  -mlittle-endian -mxl-barrel-shift -mxl-pattern-compare -mxl-soft-mul -mcpu=v9.2 -MMD -MP      -mlittle-endian -mxl-barr
TRACE::2022-11-18.08:46:13::SCWBDomain::el-shift -mxl-pattern-compare -mcpu=v9.2 -mxl-soft-mul -Os -flto -ffat-lto-objects   -c xpfw_events.c -o xpfw_events.o -Izynqmp
TRACE::2022-11-18.08:46:13::SCWBDomain::_pmufw_bsp/psu_pmu_0/include -I.

TRACE::2022-11-18.08:46:13::SCWBDomain::mb-gcc  -mlittle-endian -mxl-barrel-shift -mxl-pattern-compare -mxl-soft-mul -mcpu=v9.2 -MMD -MP      -mlittle-endian -mxl-barr
TRACE::2022-11-18.08:46:13::SCWBDomain::el-shift -mxl-pattern-compare -mcpu=v9.2 -mxl-soft-mul -Os -flto -ffat-lto-objects   -c xpfw_aib.c -o xpfw_aib.o -Izynqmp_pmufw
TRACE::2022-11-18.08:46:13::SCWBDomain::_bsp/psu_pmu_0/include -I.

TRACE::2022-11-18.08:46:13::SCWBDomain::mb-gcc  -mlittle-endian -mxl-barrel-shift -mxl-pattern-compare -mxl-soft-mul -mcpu=v9.2 -MMD -MP      -mlittle-endian -mxl-barr
TRACE::2022-11-18.08:46:13::SCWBDomain::el-shift -mxl-pattern-compare -mcpu=v9.2 -mxl-soft-mul -Os -flto -ffat-lto-objects   -c pm_notifier.c -o pm_notifier.o -Izynqmp
TRACE::2022-11-18.08:46:13::SCWBDomain::_pmufw_bsp/psu_pmu_0/include -I.

TRACE::2022-11-18.08:46:13::SCWBDomain::mb-gcc  -mlittle-endian -mxl-barrel-shift -mxl-pattern-compare -mxl-soft-mul -mcpu=v9.2 -MMD -MP      -mlittle-endian -mxl-barr
TRACE::2022-11-18.08:46:13::SCWBDomain::el-shift -mxl-pattern-compare -mcpu=v9.2 -mxl-soft-mul -Os -flto -ffat-lto-objects   -c xpfw_mod_overtemp.c -o xpfw_mod_overtem
TRACE::2022-11-18.08:46:13::SCWBDomain::p.o -Izynqmp_pmufw_bsp/psu_pmu_0/include -I.

TRACE::2022-11-18.08:46:13::SCWBDomain::mb-gcc  -mlittle-endian -mxl-barrel-shift -mxl-pattern-compare -mxl-soft-mul -mcpu=v9.2 -MMD -MP      -mlittle-endian -mxl-barr
TRACE::2022-11-18.08:46:13::SCWBDomain::el-shift -mxl-pattern-compare -mcpu=v9.2 -mxl-soft-mul -Os -flto -ffat-lto-objects   -c pm_gic_proxy.c -o pm_gic_proxy.o -Izynq
TRACE::2022-11-18.08:46:13::SCWBDomain::mp_pmufw_bsp/psu_pmu_0/include -I.

TRACE::2022-11-18.08:46:14::SCWBDomain::mb-gcc  -mlittle-endian -mxl-barrel-shift -mxl-pattern-compare -mxl-soft-mul -mcpu=v9.2 -MMD -MP      -mlittle-endian -mxl-barr
TRACE::2022-11-18.08:46:14::SCWBDomain::el-shift -mxl-pattern-compare -mcpu=v9.2 -mxl-soft-mul -Os -flto -ffat-lto-objects   -c xpfw_xpu.c -o xpfw_xpu.o -Izynqmp_pmufw
TRACE::2022-11-18.08:46:14::SCWBDomain::_bsp/psu_pmu_0/include -I.

TRACE::2022-11-18.08:46:14::SCWBDomain::mb-gcc  -mlittle-endian -mxl-barrel-shift -mxl-pattern-compare -mxl-soft-mul -mcpu=v9.2 -MMD -MP      -mlittle-endian -mxl-barr
TRACE::2022-11-18.08:46:14::SCWBDomain::el-shift -mxl-pattern-compare -mcpu=v9.2 -mxl-soft-mul -Os -flto -ffat-lto-objects   -c pm_core.c -o pm_core.o -Izynqmp_pmufw_b
TRACE::2022-11-18.08:46:14::SCWBDomain::sp/psu_pmu_0/include -I.

TRACE::2022-11-18.08:46:14::SCWBDomain::mb-gcc  -mlittle-endian -mxl-barrel-shift -mxl-pattern-compare -mxl-soft-mul -mcpu=v9.2 -MMD -MP      -mlittle-endian -mxl-barr
TRACE::2022-11-18.08:46:14::SCWBDomain::el-shift -mxl-pattern-compare -mcpu=v9.2 -mxl-soft-mul -Os -flto -ffat-lto-objects   -c pm_config.c -o pm_config.o -Izynqmp_pmu
TRACE::2022-11-18.08:46:14::SCWBDomain::fw_bsp/psu_pmu_0/include -I.

TRACE::2022-11-18.08:46:14::SCWBDomain::mb-gcc  -mlittle-endian -mxl-barrel-shift -mxl-pattern-compare -mxl-soft-mul -mcpu=v9.2 -MMD -MP      -mlittle-endian -mxl-barr
TRACE::2022-11-18.08:46:14::SCWBDomain::el-shift -mxl-pattern-compare -mcpu=v9.2 -mxl-soft-mul -Os -flto -ffat-lto-objects   -c pm_system.c -o pm_system.o -Izynqmp_pmu
TRACE::2022-11-18.08:46:14::SCWBDomain::fw_bsp/psu_pmu_0/include -I.

TRACE::2022-11-18.08:46:14::SCWBDomain::mb-gcc  -mlittle-endian -mxl-barrel-shift -mxl-pattern-compare -mxl-soft-mul -mcpu=v9.2 -MMD -MP      -mlittle-endian -mxl-barr
TRACE::2022-11-18.08:46:14::SCWBDomain::el-shift -mxl-pattern-compare -mcpu=v9.2 -mxl-soft-mul -Os -flto -ffat-lto-objects   -c pm_mmio_access.c -o pm_mmio_access.o -I
TRACE::2022-11-18.08:46:14::SCWBDomain::zynqmp_pmufw_bsp/psu_pmu_0/include -I.

TRACE::2022-11-18.08:46:14::SCWBDomain::mb-gcc  -mlittle-endian -mxl-barrel-shift -mxl-pattern-compare -mxl-soft-mul -mcpu=v9.2 -MMD -MP      -mlittle-endian -mxl-barr
TRACE::2022-11-18.08:46:14::SCWBDomain::el-shift -mxl-pattern-compare -mcpu=v9.2 -mxl-soft-mul -Os -flto -ffat-lto-objects   -c pm_node_reset.c -o pm_node_reset.o -Izy
TRACE::2022-11-18.08:46:14::SCWBDomain::nqmp_pmufw_bsp/psu_pmu_0/include -I.

TRACE::2022-11-18.08:46:14::SCWBDomain::mb-gcc  -mlittle-endian -mxl-barrel-shift -mxl-pattern-compare -mxl-soft-mul -mcpu=v9.2 -MMD -MP      -mlittle-endian -mxl-barr
TRACE::2022-11-18.08:46:14::SCWBDomain::el-shift -mxl-pattern-compare -mcpu=v9.2 -mxl-soft-mul -Os -flto -ffat-lto-objects   -c pm_requirement.c -o pm_requirement.o -I
TRACE::2022-11-18.08:46:14::SCWBDomain::zynqmp_pmufw_bsp/psu_pmu_0/include -I.

TRACE::2022-11-18.08:46:15::SCWBDomain::mb-gcc  -mlittle-endian -mxl-barrel-shift -mxl-pattern-compare -mxl-soft-mul -mcpu=v9.2 -MMD -MP      -mlittle-endian -mxl-barr
TRACE::2022-11-18.08:46:15::SCWBDomain::el-shift -mxl-pattern-compare -mcpu=v9.2 -mxl-soft-mul -Os -flto -ffat-lto-objects   -c xpfw_module.c -o xpfw_module.o -Izynqmp
TRACE::2022-11-18.08:46:15::SCWBDomain::_pmufw_bsp/psu_pmu_0/include -I.

TRACE::2022-11-18.08:46:15::SCWBDomain::mb-gcc  -mlittle-endian -mxl-barrel-shift -mxl-pattern-compare -mxl-soft-mul -mcpu=v9.2 -MMD -MP      -mlittle-endian -mxl-barr
TRACE::2022-11-18.08:46:15::SCWBDomain::el-shift -mxl-pattern-compare -mcpu=v9.2 -mxl-soft-mul -Os -flto -ffat-lto-objects   -c xpfw_restart.c -o xpfw_restart.o -Izynq
TRACE::2022-11-18.08:46:15::SCWBDomain::mp_pmufw_bsp/psu_pmu_0/include -I.

TRACE::2022-11-18.08:46:15::SCWBDomain::mb-gcc  -mlittle-endian -mxl-barrel-shift -mxl-pattern-compare -mxl-soft-mul -mcpu=v9.2 -MMD -MP      -mlittle-endian -mxl-barr
TRACE::2022-11-18.08:46:15::SCWBDomain::el-shift -mxl-pattern-compare -mcpu=v9.2 -mxl-soft-mul -Os -flto -ffat-lto-objects   -c xpfw_error_manager.c -o xpfw_error_mana
TRACE::2022-11-18.08:46:15::SCWBDomain::ger.o -Izynqmp_pmufw_bsp/psu_pmu_0/include -I.

TRACE::2022-11-18.08:46:15::SCWBDomain::mb-gcc  -mlittle-endian -mxl-barrel-shift -mxl-pattern-compare -mxl-soft-mul -mcpu=v9.2 -MMD -MP      -mlittle-endian -mxl-barr
TRACE::2022-11-18.08:46:15::SCWBDomain::el-shift -mxl-pattern-compare -mcpu=v9.2 -mxl-soft-mul -Os -flto -ffat-lto-objects   -c xpfw_util.c -o xpfw_util.o -Izynqmp_pmu
TRACE::2022-11-18.08:46:15::SCWBDomain::fw_bsp/psu_pmu_0/include -I.

TRACE::2022-11-18.08:46:15::SCWBDomain::mb-gcc  -mlittle-endian -mxl-barrel-shift -mxl-pattern-compare -mxl-soft-mul -mcpu=v9.2 -MMD -MP      -mlittle-endian -mxl-barr
TRACE::2022-11-18.08:46:15::SCWBDomain::el-shift -mxl-pattern-compare -mcpu=v9.2 -mxl-soft-mul -Os -flto -ffat-lto-objects   -c pm_ioctl.c -o pm_ioctl.o -Izynqmp_pmufw
TRACE::2022-11-18.08:46:15::SCWBDomain::_bsp/psu_pmu_0/include -I.

TRACE::2022-11-18.08:46:15::SCWBDomain::mb-gcc  -mlittle-endian -mxl-barrel-shift -mxl-pattern-compare -mxl-soft-mul -mcpu=v9.2 -MMD -MP      -mlittle-endian -mxl-barr
TRACE::2022-11-18.08:46:15::SCWBDomain::el-shift -mxl-pattern-compare -mcpu=v9.2 -mxl-soft-mul -Os -flto -ffat-lto-objects   -c xpfw_mod_legacy.c -o xpfw_mod_legacy.o 
TRACE::2022-11-18.08:46:15::SCWBDomain::-Izynqmp_pmufw_bsp/psu_pmu_0/include -I.

TRACE::2022-11-18.08:46:15::SCWBDomain::mb-gcc  -mlittle-endian -mxl-barrel-shift -mxl-pattern-compare -mxl-soft-mul -mcpu=v9.2 -MMD -MP      -mlittle-endian -mxl-barr
TRACE::2022-11-18.08:46:15::SCWBDomain::el-shift -mxl-pattern-compare -mcpu=v9.2 -mxl-soft-mul -Os -flto -ffat-lto-objects   -c pm_master.c -o pm_master.o -Izynqmp_pmu
TRACE::2022-11-18.08:46:15::SCWBDomain::fw_bsp/psu_pmu_0/include -I.

TRACE::2022-11-18.08:46:15::SCWBDomain::mb-gcc  -mlittle-endian -mxl-barrel-shift -mxl-pattern-compare -mxl-soft-mul -mcpu=v9.2 -MMD -MP      -mlittle-endian -mxl-barr
TRACE::2022-11-18.08:46:15::SCWBDomain::el-shift -mxl-pattern-compare -mcpu=v9.2 -mxl-soft-mul -Os -flto -ffat-lto-objects   -c xpfw_start.S -o xpfw_start.o -Izynqmp_p
TRACE::2022-11-18.08:46:15::SCWBDomain::mufw_bsp/psu_pmu_0/include -I.

TRACE::2022-11-18.08:46:16::SCWBDomain::mb-gcc -o pmufw.elf idle_hooks.o pm_binding.o pm_callbacks.o pm_clock.o pm_config.o pm_core.o pm_csudma.o pm_ddr.o pm_extern.o 
TRACE::2022-11-18.08:46:16::SCWBDomain::pm_gic_proxy.o pm_gpp.o pm_hooks.o pm_ioctl.o pm_master.o pm_mmio_access.o pm_node.o pm_node_reset.o pm_notifier.o pm_periph.o 
TRACE::2022-11-18.08:46:16::SCWBDomain::pm_pinctrl.o pm_pll.o pm_power.o pm_proc.o pm_qspi.o pm_requirement.o pm_reset.o pm_slave.o pm_sram.o pm_system.o pm_usb.o xpfw
TRACE::2022-11-18.08:46:16::SCWBDomain::_aib.o xpfw_core.o xpfw_error_manager.o xpfw_events.o xpfw_interrupts.o xpfw_ipi_manager.o xpfw_main.o xpfw_mod_common.o xpfw_m
TRACE::2022-11-18.08:46:16::SCWBDomain::od_dap.o xpfw_mod_em.o xpfw_mod_extwdt.o xpfw_mod_legacy.o xpfw_mod_overtemp.o xpfw_mod_pm.o xpfw_mod_rpu.o xpfw_mod_rtc.o xpfw
TRACE::2022-11-18.08:46:16::SCWBDomain::_mod_sched.o xpfw_mod_stl.o xpfw_mod_ultra96.o xpfw_mod_wdt.o xpfw_module.o xpfw_platform.o xpfw_resets.o xpfw_restart.o xpfw_r
TRACE::2022-11-18.08:46:16::SCWBDomain::om_interface.o xpfw_scheduler.o xpfw_start.o xpfw_user_startup.o xpfw_util.o xpfw_xpu.o -MMD -MP      -mlittle-endian -mxl-barr
TRACE::2022-11-18.08:46:16::SCWBDomain::el-shift -mxl-pattern-compare -mcpu=v9.2 -mxl-soft-mul -Os -flto -ffat-lto-objects    -Wl,--start-group,-lxil,-lgcc,-lc,--end-g
TRACE::2022-11-18.08:46:16::SCWBDomain::roup -Wl,--start-group,-lxilfpga,-lxil,-lgcc,-lc,--end-group -Wl,--start-group,-lxilsecure,-lxil,-lgcc,-lc,--end-group -Wl,--st
TRACE::2022-11-18.08:46:16::SCWBDomain::art-group,-lxilskey,-lxil,-lgcc,-lc,--end-group                                                                                
TRACE::2022-11-18.08:46:16::SCWBDomain::              -nostartfiles -Wl,--no-relax -Wl,--gc-sections -Lzynqmp_pmufw_bsp/psu_pmu_0/lib -Tlscript.ld

LOG::2022-11-18.08:46:18::SCWSystem::Checking the domain standalone_domain
LOG::2022-11-18.08:46:18::SCWSystem::Not a boot domain 
LOG::2022-11-18.08:46:18::SCWSystem::Started Processing the domain standalone_domain
TRACE::2022-11-18.08:46:18::SCWDomain::Generating domain artifcats
TRACE::2022-11-18.08:46:18::SCWMssOS::Generating standalone artifcats
TRACE::2022-11-18.08:46:18::SCWMssOS::Copying the qemu file from  C:/Xilinx3/Vitis/2021.2/data/emulation/platforms/zynqmp/sw/a53_standalone/qemu/qemu_args.txt To C:/Users/SESA630813/work-2/4EV_HandsOn_platt/export/4EV_HandsOn_platt/sw/4EV_HandsOn_platt/qemu/
TRACE::2022-11-18.08:46:18::SCWMssOS::Copying the qemu file from  C:/Xilinx3/Vitis/2021.2/data/emulation/platforms/zynqmp/sw/a53_standalone/qemu/qemu_args.txt To C:/Users/SESA630813/work-2/4EV_HandsOn_platt/export/4EV_HandsOn_platt/sw/4EV_HandsOn_platt/qemu/
TRACE::2022-11-18.08:46:18::SCWMssOS::Copying the qemu file from  C:/Xilinx3/Vitis/2021.2/data/emulation/platforms/zynqmp/sw/a53_standalone/qemu/qemu_args.txt To C:/Users/SESA630813/work-2/4EV_HandsOn_platt/export/4EV_HandsOn_platt/sw/4EV_HandsOn_platt/standalone_domain/qemu/
TRACE::2022-11-18.08:46:18::SCWMssOS::Copying the qemu file from  C:/Xilinx3/Vitis/2021.2/data/emulation/platforms/zynqmp/sw/a53_standalone/qemu/qemu_args.txt To C:/Users/SESA630813/work-2/4EV_HandsOn_platt/export/4EV_HandsOn_platt/sw/4EV_HandsOn_platt/standalone_domain/qemu/
TRACE::2022-11-18.08:46:18::SCWMssOS:: Copying the user libraries. 
TRACE::2022-11-18.08:46:18::SCWPlatform::Trying to open the hw design at C:/Users/SESA630813/work-2/4EV_HandsOn_platt/hw/Block_4EV_HandsOn.xsa
TRACE::2022-11-18.08:46:18::SCWPlatform::DSA given C:/Users/SESA630813/work-2/4EV_HandsOn_platt/hw/Block_4EV_HandsOn.xsa
TRACE::2022-11-18.08:46:18::SCWPlatform::DSA absoulate path C:/Users/SESA630813/work-2/4EV_HandsOn_platt/hw/Block_4EV_HandsOn.xsa
TRACE::2022-11-18.08:46:18::SCWPlatform::DSA directory C:/Users/SESA630813/work-2/4EV_HandsOn_platt/hw
TRACE::2022-11-18.08:46:18::SCWPlatform:: Platform Path C:/Users/SESA630813/work-2/4EV_HandsOn_platt/hw/Block_4EV_HandsOn.xsa
TRACE::2022-11-18.08:46:18::SCWPlatform:: Unique name xilinx:::0.0
TRACE::2022-11-18.08:46:18::SCWPlatform::Trying to set the existing hwdb with name Block_4EV_wrapper_1
TRACE::2022-11-18.08:46:18::SCWPlatform::Opened existing hwdb Block_4EV_wrapper_1
TRACE::2022-11-18.08:46:18::SCWPlatform::Found the Hw Db part of the input DSA
TRACE::2022-11-18.08:46:18::SCWMssOS::Checking the sw design at  C:/Users/SESA630813/work-2/4EV_HandsOn_platt/psu_cortexa53_0/standalone_domain/bsp/system.mss
TRACE::2022-11-18.08:46:18::SCWMssOS::DEBUG:  swdes dump  C:/Users/SESA630813/work-2/4EV_HandsOn_platt/zynqmp_fsbl/zynqmp_fsbl_bsp/system.mss|system||
C:/Users/SESA630813/work-2/4EV_HandsOn_platt/zynqmp_pmufw/zynqmp_pmufw_bsp/system.mss|system_0||

TRACE::2022-11-18.08:46:18::SCWMssOS::No sw design opened at  C:/Users/SESA630813/work-2/4EV_HandsOn_platt/psu_cortexa53_0/standalone_domain/bsp/system.mss
TRACE::2022-11-18.08:46:18::SCWMssOS::mss exists loading the mss file  C:/Users/SESA630813/work-2/4EV_HandsOn_platt/psu_cortexa53_0/standalone_domain/bsp/system.mss
TRACE::2022-11-18.08:46:18::SCWMssOS::Opened the sw design from mss  C:/Users/SESA630813/work-2/4EV_HandsOn_platt/psu_cortexa53_0/standalone_domain/bsp/system.mss
TRACE::2022-11-18.08:46:18::SCWMssOS::Adding the swdes entry C:/Users/SESA630813/work-2/4EV_HandsOn_platt/psu_cortexa53_0/standalone_domain/bsp/system.mss with des name system_1
TRACE::2022-11-18.08:46:18::SCWMssOS::updating the scw layer about changes
TRACE::2022-11-18.08:46:18::SCWMssOS::Opened the sw design.  C:/Users/SESA630813/work-2/4EV_HandsOn_platt/psu_cortexa53_0/standalone_domain/bsp/system.mss
TRACE::2022-11-18.08:46:18::SCWMssOS::Completed writing the mss file at C:/Users/SESA630813/work-2/4EV_HandsOn_platt/psu_cortexa53_0/standalone_domain/bsp
TRACE::2022-11-18.08:46:18::SCWMssOS::Mss edits present, copying mssfile into export location C:/Users/SESA630813/work-2/4EV_HandsOn_platt/psu_cortexa53_0/standalone_domain/bsp/system.mss
TRACE::2022-11-18.08:46:18::SCWMssOS::bsp generated is upto date with the mss file. Skipping bsp generation.
TRACE::2022-11-18.08:46:18::SCWMssOS::BSP is already built. skipping the bsp build ... 
TRACE::2022-11-18.08:46:18::SCWDomain::Building the domain as part of full build :  standalone_domain
TRACE::2022-11-18.08:46:18::SCWMssOS::doing bsp build ... 
TRACE::2022-11-18.08:46:18::SCWMssOS::System Command Ran  C: & cd  C:/Users/SESA630813/work-2/4EV_HandsOn_platt/psu_cortexa53_0/standalone_domain/bsp & make 
TRACE::2022-11-18.08:46:18::SCWMssOS::make --no-print-directory seq_libs

TRACE::2022-11-18.08:46:18::SCWMssOS::'Finished building libraries sequentially.'

TRACE::2022-11-18.08:46:18::SCWMssOS::make -j 10 --no-print-directory par_libs

TRACE::2022-11-18.08:46:18::SCWMssOS::"Running Make include in psu_cortexa53_0/libsrc/axipmon_v6_9/src"

TRACE::2022-11-18.08:46:18::SCWMssOS::"Running Make include in psu_cortexa53_0/libsrc/clockps_v1_3/src"

TRACE::2022-11-18.08:46:18::SCWMssOS::make -C psu_cortexa53_0/libsrc/axipmon_v6_9/src -s include  "SHELL=CMD" "COMPILER=aarch64-none-elf-gcc" "ASSEMBLER=aarch64-none
TRACE::2022-11-18.08:46:18::SCWMssOS::-elf-as" "ARCHIVER=aarch64-none-elf-ar" "COMPILER_FLAGS=  -O2 -c" "EXTRA_COMPILER_FLAGS=-g -Wall -Wextra -fno-tree-loop-distrib
TRACE::2022-11-18.08:46:18::SCWMssOS::ute-patterns"

TRACE::2022-11-18.08:46:18::SCWMssOS::"Running Make include in psu_cortexa53_0/libsrc/coresightps_dcc_v1_8/src"

TRACE::2022-11-18.08:46:18::SCWMssOS::make -C psu_cortexa53_0/libsrc/clockps_v1_3/src -s include  "SHELL=CMD" "COMPILER=aarch64-none-elf-gcc" "ASSEMBLER=aarch64-none
TRACE::2022-11-18.08:46:18::SCWMssOS::-elf-as" "ARCHIVER=aarch64-none-elf-ar" "COMPILER_FLAGS=  -O2 -c" "EXTRA_COMPILER_FLAGS=-g -Wall -Wextra -fno-tree-loop-distrib
TRACE::2022-11-18.08:46:18::SCWMssOS::ute-patterns"

TRACE::2022-11-18.08:46:18::SCWMssOS::"Running Make include in psu_cortexa53_0/libsrc/cpu_cortexa53_v2_0/src"

TRACE::2022-11-18.08:46:18::SCWMssOS::make -C psu_cortexa53_0/libsrc/coresightps_dcc_v1_8/src -s include  "SHELL=CMD" "COMPILER=aarch64-none-elf-gcc" "ASSEMBLER=aarc
TRACE::2022-11-18.08:46:18::SCWMssOS::h64-none-elf-as" "ARCHIVER=aarch64-none-elf-ar" "COMPILER_FLAGS=  -O2 -c" "EXTRA_COMPILER_FLAGS=-g -Wall -Wextra -fno-tree-loop
TRACE::2022-11-18.08:46:18::SCWMssOS::-distribute-patterns"

TRACE::2022-11-18.08:46:18::SCWMssOS::make -C psu_cortexa53_0/libsrc/cpu_cortexa53_v2_0/src -s include  "SHELL=CMD" "COMPILER=aarch64-none-elf-gcc" "ASSEMBLER=aarch6
TRACE::2022-11-18.08:46:18::SCWMssOS::4-none-elf-as" "ARCHIVER=aarch64-none-elf-ar" "COMPILER_FLAGS=  -O2 -c" "EXTRA_COMPILER_FLAGS=-g -Wall -Wextra -fno-tree-loop-d
TRACE::2022-11-18.08:46:18::SCWMssOS::istribute-patterns"

TRACE::2022-11-18.08:46:18::SCWMssOS::"Running Make include in psu_cortexa53_0/libsrc/csudma_v1_10/src"

TRACE::2022-11-18.08:46:18::SCWMssOS::make -C psu_cortexa53_0/libsrc/csudma_v1_10/src -s include  "SHELL=CMD" "COMPILER=aarch64-none-elf-gcc" "ASSEMBLER=aarch64-none
TRACE::2022-11-18.08:46:18::SCWMssOS::-elf-as" "ARCHIVER=aarch64-none-elf-ar" "COMPILER_FLAGS=  -O2 -c" "EXTRA_COMPILER_FLAGS=-g -Wall -Wextra -fno-tree-loop-distrib
TRACE::2022-11-18.08:46:18::SCWMssOS::ute-patterns"

TRACE::2022-11-18.08:46:18::SCWMssOS::"Running Make include in psu_cortexa53_0/libsrc/ddrcpsu_v1_3/src"

TRACE::2022-11-18.08:46:18::SCWMssOS::make -C psu_cortexa53_0/libsrc/ddrcpsu_v1_3/src -s include  "SHELL=CMD" "COMPILER=aarch64-none-elf-gcc" "ASSEMBLER=aarch64-none
TRACE::2022-11-18.08:46:18::SCWMssOS::-elf-as" "ARCHIVER=aarch64-none-elf-ar" "COMPILER_FLAGS=  -O2 -c" "EXTRA_COMPILER_FLAGS=-g -Wall -Wextra -fno-tree-loop-distrib
TRACE::2022-11-18.08:46:18::SCWMssOS::ute-patterns"

TRACE::2022-11-18.08:46:18::SCWMssOS::"Running Make include in psu_cortexa53_0/libsrc/gpiops_v3_9/src"

TRACE::2022-11-18.08:46:18::SCWMssOS::"Running Make include in psu_cortexa53_0/libsrc/gpio_v4_8/src"

TRACE::2022-11-18.08:46:18::SCWMssOS::make -C psu_cortexa53_0/libsrc/gpiops_v3_9/src -s include  "SHELL=CMD" "COMPILER=aarch64-none-elf-gcc" "ASSEMBLER=aarch64-none-
TRACE::2022-11-18.08:46:18::SCWMssOS::elf-as" "ARCHIVER=aarch64-none-elf-ar" "COMPILER_FLAGS=  -O2 -c" "EXTRA_COMPILER_FLAGS=-g -Wall -Wextra -fno-tree-loop-distribu
TRACE::2022-11-18.08:46:18::SCWMssOS::te-patterns"

TRACE::2022-11-18.08:46:18::SCWMssOS::make -C psu_cortexa53_0/libsrc/gpio_v4_8/src -s include  "SHELL=CMD" "COMPILER=aarch64-none-elf-gcc" "ASSEMBLER=aarch64-none-el
TRACE::2022-11-18.08:46:18::SCWMssOS::f-as" "ARCHIVER=aarch64-none-elf-ar" "COMPILER_FLAGS=  -O2 -c" "EXTRA_COMPILER_FLAGS=-g -Wall -Wextra -fno-tree-loop-distribute
TRACE::2022-11-18.08:46:18::SCWMssOS::-patterns"

TRACE::2022-11-18.08:46:18::SCWMssOS::"Running Make include in psu_cortexa53_0/libsrc/iicps_v3_14/src"

TRACE::2022-11-18.08:46:18::SCWMssOS::make -C psu_cortexa53_0/libsrc/iicps_v3_14/src -s include  "SHELL=CMD" "COMPILER=aarch64-none-elf-gcc" "ASSEMBLER=aarch64-none-
TRACE::2022-11-18.08:46:18::SCWMssOS::elf-as" "ARCHIVER=aarch64-none-elf-ar" "COMPILER_FLAGS=  -O2 -c" "EXTRA_COMPILER_FLAGS=-g -Wall -Wextra -fno-tree-loop-distribu
TRACE::2022-11-18.08:46:18::SCWMssOS::te-patterns"

TRACE::2022-11-18.08:46:18::SCWMssOS::"Running Make include in psu_cortexa53_0/libsrc/ipipsu_v2_10/src"

TRACE::2022-11-18.08:46:18::SCWMssOS::"Running Make include in psu_cortexa53_0/libsrc/qspipsu_v1_14/src"

TRACE::2022-11-18.08:46:18::SCWMssOS::make -C psu_cortexa53_0/libsrc/ipipsu_v2_10/src -s include  "SHELL=CMD" "COMPILER=aarch64-none-elf-gcc" "ASSEMBLER=aarch64-none
TRACE::2022-11-18.08:46:18::SCWMssOS::-elf-as" "ARCHIVER=aarch64-none-elf-ar" "COMPILER_FLAGS=  -O2 -c" "EXTRA_COMPILER_FLAGS=-g -Wall -Wextra -fno-tree-loop-distrib
TRACE::2022-11-18.08:46:18::SCWMssOS::ute-patterns"

TRACE::2022-11-18.08:46:18::SCWMssOS::make -C psu_cortexa53_0/libsrc/qspipsu_v1_14/src -s include  "SHELL=CMD" "COMPILER=aarch64-none-elf-gcc" "ASSEMBLER=aarch64-non
TRACE::2022-11-18.08:46:18::SCWMssOS::e-elf-as" "ARCHIVER=aarch64-none-elf-ar" "COMPILER_FLAGS=  -O2 -c" "EXTRA_COMPILER_FLAGS=-g -Wall -Wextra -fno-tree-loop-distri
TRACE::2022-11-18.08:46:18::SCWMssOS::bute-patterns"

TRACE::2022-11-18.08:46:18::SCWMssOS::"Running Make include in psu_cortexa53_0/libsrc/resetps_v1_4/src"

TRACE::2022-11-18.08:46:18::SCWMssOS::make -C psu_cortexa53_0/libsrc/resetps_v1_4/src -s include  "SHELL=CMD" "COMPILER=aarch64-none-elf-gcc" "ASSEMBLER=aarch64-none
TRACE::2022-11-18.08:46:18::SCWMssOS::-elf-as" "ARCHIVER=aarch64-none-elf-ar" "COMPILER_FLAGS=  -O2 -c" "EXTRA_COMPILER_FLAGS=-g -Wall -Wextra -fno-tree-loop-distrib
TRACE::2022-11-18.08:46:18::SCWMssOS::ute-patterns"

TRACE::2022-11-18.08:46:18::SCWMssOS::"Running Make include in psu_cortexa53_0/libsrc/rtcpsu_v1_11/src"

TRACE::2022-11-18.08:46:18::SCWMssOS::make -C psu_cortexa53_0/libsrc/rtcpsu_v1_11/src -s include  "SHELL=CMD" "COMPILER=aarch64-none-elf-gcc" "ASSEMBLER=aarch64-none
TRACE::2022-11-18.08:46:18::SCWMssOS::-elf-as" "ARCHIVER=aarch64-none-elf-ar" "COMPILER_FLAGS=  -O2 -c" "EXTRA_COMPILER_FLAGS=-g -Wall -Wextra -fno-tree-loop-distrib
TRACE::2022-11-18.08:46:18::SCWMssOS::ute-patterns"

TRACE::2022-11-18.08:46:18::SCWMssOS::"Running Make include in psu_cortexa53_0/libsrc/scugic_v4_6/src"

TRACE::2022-11-18.08:46:18::SCWMssOS::make -C psu_cortexa53_0/libsrc/scugic_v4_6/src -s include  "SHELL=CMD" "COMPILER=aarch64-none-elf-gcc" "ASSEMBLER=aarch64-none-
TRACE::2022-11-18.08:46:18::SCWMssOS::elf-as" "ARCHIVER=aarch64-none-elf-ar" "COMPILER_FLAGS=  -O2 -c" "EXTRA_COMPILER_FLAGS=-g -Wall -Wextra -fno-tree-loop-distribu
TRACE::2022-11-18.08:46:18::SCWMssOS::te-patterns"

TRACE::2022-11-18.08:46:19::SCWMssOS::"Running Make include in psu_cortexa53_0/libsrc/sdps_v3_13/src"

TRACE::2022-11-18.08:46:19::SCWMssOS::make -C psu_cortexa53_0/libsrc/sdps_v3_13/src -s include  "SHELL=CMD" "COMPILER=aarch64-none-elf-gcc" "ASSEMBLER=aarch64-none-e
TRACE::2022-11-18.08:46:19::SCWMssOS::lf-as" "ARCHIVER=aarch64-none-elf-ar" "COMPILER_FLAGS=  -O2 -c" "EXTRA_COMPILER_FLAGS=-g -Wall -Wextra -fno-tree-loop-distribut
TRACE::2022-11-18.08:46:19::SCWMssOS::e-patterns"

TRACE::2022-11-18.08:46:19::SCWMssOS::"Running Make include in psu_cortexa53_0/libsrc/standalone_v7_6/src"

TRACE::2022-11-18.08:46:19::SCWMssOS::make -C psu_cortexa53_0/libsrc/standalone_v7_6/src -s include  "SHELL=CMD" "COMPILER=aarch64-none-elf-gcc" "ASSEMBLER=aarch64-n
TRACE::2022-11-18.08:46:19::SCWMssOS::one-elf-as" "ARCHIVER=aarch64-none-elf-ar" "COMPILER_FLAGS=  -O2 -c" "EXTRA_COMPILER_FLAGS=-g -Wall -Wextra -fno-tree-loop-dist
TRACE::2022-11-18.08:46:19::SCWMssOS::ribute-patterns"

TRACE::2022-11-18.08:46:19::SCWMssOS::"Running Make include in psu_cortexa53_0/libsrc/sysmonpsu_v2_7/src"

TRACE::2022-11-18.08:46:19::SCWMssOS::make -C psu_cortexa53_0/libsrc/sysmonpsu_v2_7/src -s include  "SHELL=CMD" "COMPILER=aarch64-none-elf-gcc" "ASSEMBLER=aarch64-no
TRACE::2022-11-18.08:46:19::SCWMssOS::ne-elf-as" "ARCHIVER=aarch64-none-elf-ar" "COMPILER_FLAGS=  -O2 -c" "EXTRA_COMPILER_FLAGS=-g -Wall -Wextra -fno-tree-loop-distr
TRACE::2022-11-18.08:46:19::SCWMssOS::ibute-patterns"

TRACE::2022-11-18.08:46:19::SCWMssOS::"Running Make include in psu_cortexa53_0/libsrc/uartps_v3_11/src"

TRACE::2022-11-18.08:46:19::SCWMssOS::make -C psu_cortexa53_0/libsrc/uartps_v3_11/src -s include  "SHELL=CMD" "COMPILER=aarch64-none-elf-gcc" "ASSEMBLER=aarch64-none
TRACE::2022-11-18.08:46:19::SCWMssOS::-elf-as" "ARCHIVER=aarch64-none-elf-ar" "COMPILER_FLAGS=  -O2 -c" "EXTRA_COMPILER_FLAGS=-g -Wall -Wextra -fno-tree-loop-distrib
TRACE::2022-11-18.08:46:19::SCWMssOS::ute-patterns"

TRACE::2022-11-18.08:46:19::SCWMssOS::"Running Make include in psu_cortexa53_0/libsrc/zdma_v1_13/src"

TRACE::2022-11-18.08:46:19::SCWMssOS::make -C psu_cortexa53_0/libsrc/zdma_v1_13/src -s include  "SHELL=CMD" "COMPILER=aarch64-none-elf-gcc" "ASSEMBLER=aarch64-none-e
TRACE::2022-11-18.08:46:19::SCWMssOS::lf-as" "ARCHIVER=aarch64-none-elf-ar" "COMPILER_FLAGS=  -O2 -c" "EXTRA_COMPILER_FLAGS=-g -Wall -Wextra -fno-tree-loop-distribut
TRACE::2022-11-18.08:46:19::SCWMssOS::e-patterns"

TRACE::2022-11-18.08:46:19::SCWMssOS::"Running Make libs in psu_cortexa53_0/libsrc/axipmon_v6_9/src"

TRACE::2022-11-18.08:46:19::SCWMssOS::"Running Make libs in psu_cortexa53_0/libsrc/clockps_v1_3/src"

TRACE::2022-11-18.08:46:19::SCWMssOS::make -C psu_cortexa53_0/libsrc/axipmon_v6_9/src -s libs  "SHELL=CMD" "COMPILER=aarch64-none-elf-gcc" "ASSEMBLER=aarch64-none-el
TRACE::2022-11-18.08:46:19::SCWMssOS::f-as" "ARCHIVER=aarch64-none-elf-ar" "COMPILER_FLAGS=  -O2 -c" "EXTRA_COMPILER_FLAGS=-g -Wall -Wextra -fno-tree-loop-distribute
TRACE::2022-11-18.08:46:19::SCWMssOS::-patterns"

TRACE::2022-11-18.08:46:19::SCWMssOS::make -C psu_cortexa53_0/libsrc/clockps_v1_3/src -s libs  "SHELL=CMD" "COMPILER=aarch64-none-elf-gcc" "ASSEMBLER=aarch64-none-el
TRACE::2022-11-18.08:46:19::SCWMssOS::f-as" "ARCHIVER=aarch64-none-elf-ar" "COMPILER_FLAGS=  -O2 -c" "EXTRA_COMPILER_FLAGS=-g -Wall -Wextra -fno-tree-loop-distribute
TRACE::2022-11-18.08:46:19::SCWMssOS::-patterns"

TRACE::2022-11-18.08:46:19::SCWMssOS::"Running Make libs in psu_cortexa53_0/libsrc/coresightps_dcc_v1_8/src"

TRACE::2022-11-18.08:46:19::SCWMssOS::make -C psu_cortexa53_0/libsrc/coresightps_dcc_v1_8/src -s libs  "SHELL=CMD" "COMPILER=aarch64-none-elf-gcc" "ASSEMBLER=aarch64
TRACE::2022-11-18.08:46:19::SCWMssOS::-none-elf-as" "ARCHIVER=aarch64-none-elf-ar" "COMPILER_FLAGS=  -O2 -c" "EXTRA_COMPILER_FLAGS=-g -Wall -Wextra -fno-tree-loop-di
TRACE::2022-11-18.08:46:19::SCWMssOS::stribute-patterns"

TRACE::2022-11-18.08:46:19::SCWMssOS::"Running Make libs in psu_cortexa53_0/libsrc/cpu_cortexa53_v2_0/src"

TRACE::2022-11-18.08:46:19::SCWMssOS::make -C psu_cortexa53_0/libsrc/cpu_cortexa53_v2_0/src -s libs  "SHELL=CMD" "COMPILER=aarch64-none-elf-gcc" "ASSEMBLER=aarch64-n
TRACE::2022-11-18.08:46:19::SCWMssOS::one-elf-as" "ARCHIVER=aarch64-none-elf-ar" "COMPILER_FLAGS=  -O2 -c" "EXTRA_COMPILER_FLAGS=-g -Wall -Wextra -fno-tree-loop-dist
TRACE::2022-11-18.08:46:19::SCWMssOS::ribute-patterns"

TRACE::2022-11-18.08:46:19::SCWMssOS::"Running Make libs in psu_cortexa53_0/libsrc/csudma_v1_10/src"

TRACE::2022-11-18.08:46:19::SCWMssOS::make -C psu_cortexa53_0/libsrc/csudma_v1_10/src -s libs  "SHELL=CMD" "COMPILER=aarch64-none-elf-gcc" "ASSEMBLER=aarch64-none-el
TRACE::2022-11-18.08:46:19::SCWMssOS::f-as" "ARCHIVER=aarch64-none-elf-ar" "COMPILER_FLAGS=  -O2 -c" "EXTRA_COMPILER_FLAGS=-g -Wall -Wextra -fno-tree-loop-distribute
TRACE::2022-11-18.08:46:19::SCWMssOS::-patterns"

TRACE::2022-11-18.08:46:19::SCWMssOS::"Running Make libs in psu_cortexa53_0/libsrc/ddrcpsu_v1_3/src"

TRACE::2022-11-18.08:46:19::SCWMssOS::make -C psu_cortexa53_0/libsrc/ddrcpsu_v1_3/src -s libs  "SHELL=CMD" "COMPILER=aarch64-none-elf-gcc" "ASSEMBLER=aarch64-none-el
TRACE::2022-11-18.08:46:19::SCWMssOS::f-as" "ARCHIVER=aarch64-none-elf-ar" "COMPILER_FLAGS=  -O2 -c" "EXTRA_COMPILER_FLAGS=-g -Wall -Wextra -fno-tree-loop-distribute
TRACE::2022-11-18.08:46:19::SCWMssOS::-patterns"

TRACE::2022-11-18.08:46:19::SCWMssOS::"Running Make libs in psu_cortexa53_0/libsrc/gpiops_v3_9/src"

TRACE::2022-11-18.08:46:19::SCWMssOS::make -C psu_cortexa53_0/libsrc/gpiops_v3_9/src -s libs  "SHELL=CMD" "COMPILER=aarch64-none-elf-gcc" "ASSEMBLER=aarch64-none-elf
TRACE::2022-11-18.08:46:19::SCWMssOS::-as" "ARCHIVER=aarch64-none-elf-ar" "COMPILER_FLAGS=  -O2 -c" "EXTRA_COMPILER_FLAGS=-g -Wall -Wextra -fno-tree-loop-distribute-
TRACE::2022-11-18.08:46:19::SCWMssOS::patterns"

TRACE::2022-11-18.08:46:19::SCWMssOS::"Running Make libs in psu_cortexa53_0/libsrc/gpio_v4_8/src"

TRACE::2022-11-18.08:46:19::SCWMssOS::make -C psu_cortexa53_0/libsrc/gpio_v4_8/src -s libs  "SHELL=CMD" "COMPILER=aarch64-none-elf-gcc" "ASSEMBLER=aarch64-none-elf-a
TRACE::2022-11-18.08:46:19::SCWMssOS::s" "ARCHIVER=aarch64-none-elf-ar" "COMPILER_FLAGS=  -O2 -c" "EXTRA_COMPILER_FLAGS=-g -Wall -Wextra -fno-tree-loop-distribute-pa
TRACE::2022-11-18.08:46:19::SCWMssOS::tterns"

TRACE::2022-11-18.08:46:19::SCWMssOS::"Running Make libs in psu_cortexa53_0/libsrc/iicps_v3_14/src"

TRACE::2022-11-18.08:46:19::SCWMssOS::make -C psu_cortexa53_0/libsrc/iicps_v3_14/src -s libs  "SHELL=CMD" "COMPILER=aarch64-none-elf-gcc" "ASSEMBLER=aarch64-none-elf
TRACE::2022-11-18.08:46:19::SCWMssOS::-as" "ARCHIVER=aarch64-none-elf-ar" "COMPILER_FLAGS=  -O2 -c" "EXTRA_COMPILER_FLAGS=-g -Wall -Wextra -fno-tree-loop-distribute-
TRACE::2022-11-18.08:46:19::SCWMssOS::patterns"

TRACE::2022-11-18.08:46:19::SCWMssOS::"Running Make libs in psu_cortexa53_0/libsrc/ipipsu_v2_10/src"

TRACE::2022-11-18.08:46:19::SCWMssOS::make -C psu_cortexa53_0/libsrc/ipipsu_v2_10/src -s libs  "SHELL=CMD" "COMPILER=aarch64-none-elf-gcc" "ASSEMBLER=aarch64-none-el
TRACE::2022-11-18.08:46:19::SCWMssOS::f-as" "ARCHIVER=aarch64-none-elf-ar" "COMPILER_FLAGS=  -O2 -c" "EXTRA_COMPILER_FLAGS=-g -Wall -Wextra -fno-tree-loop-distribute
TRACE::2022-11-18.08:46:19::SCWMssOS::-patterns"

TRACE::2022-11-18.08:46:19::SCWMssOS::"Running Make libs in psu_cortexa53_0/libsrc/qspipsu_v1_14/src"

TRACE::2022-11-18.08:46:19::SCWMssOS::make -C psu_cortexa53_0/libsrc/qspipsu_v1_14/src -s libs  "SHELL=CMD" "COMPILER=aarch64-none-elf-gcc" "ASSEMBLER=aarch64-none-e
TRACE::2022-11-18.08:46:19::SCWMssOS::lf-as" "ARCHIVER=aarch64-none-elf-ar" "COMPILER_FLAGS=  -O2 -c" "EXTRA_COMPILER_FLAGS=-g -Wall -Wextra -fno-tree-loop-distribut
TRACE::2022-11-18.08:46:19::SCWMssOS::e-patterns"

TRACE::2022-11-18.08:46:20::SCWMssOS::"Running Make libs in psu_cortexa53_0/libsrc/resetps_v1_4/src"

TRACE::2022-11-18.08:46:20::SCWMssOS::make -C psu_cortexa53_0/libsrc/resetps_v1_4/src -s libs  "SHELL=CMD" "COMPILER=aarch64-none-elf-gcc" "ASSEMBLER=aarch64-none-el
TRACE::2022-11-18.08:46:20::SCWMssOS::f-as" "ARCHIVER=aarch64-none-elf-ar" "COMPILER_FLAGS=  -O2 -c" "EXTRA_COMPILER_FLAGS=-g -Wall -Wextra -fno-tree-loop-distribute
TRACE::2022-11-18.08:46:20::SCWMssOS::-patterns"

TRACE::2022-11-18.08:46:20::SCWMssOS::"Running Make libs in psu_cortexa53_0/libsrc/rtcpsu_v1_11/src"

TRACE::2022-11-18.08:46:20::SCWMssOS::make -C psu_cortexa53_0/libsrc/rtcpsu_v1_11/src -s libs  "SHELL=CMD" "COMPILER=aarch64-none-elf-gcc" "ASSEMBLER=aarch64-none-el
TRACE::2022-11-18.08:46:20::SCWMssOS::f-as" "ARCHIVER=aarch64-none-elf-ar" "COMPILER_FLAGS=  -O2 -c" "EXTRA_COMPILER_FLAGS=-g -Wall -Wextra -fno-tree-loop-distribute
TRACE::2022-11-18.08:46:20::SCWMssOS::-patterns"

TRACE::2022-11-18.08:46:20::SCWMssOS::"Running Make libs in psu_cortexa53_0/libsrc/scugic_v4_6/src"

TRACE::2022-11-18.08:46:20::SCWMssOS::make -C psu_cortexa53_0/libsrc/scugic_v4_6/src -s libs  "SHELL=CMD" "COMPILER=aarch64-none-elf-gcc" "ASSEMBLER=aarch64-none-elf
TRACE::2022-11-18.08:46:20::SCWMssOS::-as" "ARCHIVER=aarch64-none-elf-ar" "COMPILER_FLAGS=  -O2 -c" "EXTRA_COMPILER_FLAGS=-g -Wall -Wextra -fno-tree-loop-distribute-
TRACE::2022-11-18.08:46:20::SCWMssOS::patterns"

TRACE::2022-11-18.08:46:20::SCWMssOS::"Running Make libs in psu_cortexa53_0/libsrc/sdps_v3_13/src"

TRACE::2022-11-18.08:46:20::SCWMssOS::make -C psu_cortexa53_0/libsrc/sdps_v3_13/src -s libs  "SHELL=CMD" "COMPILER=aarch64-none-elf-gcc" "ASSEMBLER=aarch64-none-elf-
TRACE::2022-11-18.08:46:20::SCWMssOS::as" "ARCHIVER=aarch64-none-elf-ar" "COMPILER_FLAGS=  -O2 -c" "EXTRA_COMPILER_FLAGS=-g -Wall -Wextra -fno-tree-loop-distribute-p
TRACE::2022-11-18.08:46:20::SCWMssOS::atterns"

TRACE::2022-11-18.08:46:20::SCWMssOS::"Running Make libs in psu_cortexa53_0/libsrc/standalone_v7_6/src"

TRACE::2022-11-18.08:46:20::SCWMssOS::make -C psu_cortexa53_0/libsrc/standalone_v7_6/src -s libs  "SHELL=CMD" "COMPILER=aarch64-none-elf-gcc" "ASSEMBLER=aarch64-none
TRACE::2022-11-18.08:46:20::SCWMssOS::-elf-as" "ARCHIVER=aarch64-none-elf-ar" "COMPILER_FLAGS=  -O2 -c" "EXTRA_COMPILER_FLAGS=-g -Wall -Wextra -fno-tree-loop-distrib
TRACE::2022-11-18.08:46:20::SCWMssOS::ute-patterns"

TRACE::2022-11-18.08:46:21::SCWMssOS::"Running Make libs in psu_cortexa53_0/libsrc/sysmonpsu_v2_7/src"

TRACE::2022-11-18.08:46:21::SCWMssOS::make -C psu_cortexa53_0/libsrc/sysmonpsu_v2_7/src -s libs  "SHELL=CMD" "COMPILER=aarch64-none-elf-gcc" "ASSEMBLER=aarch64-none-
TRACE::2022-11-18.08:46:21::SCWMssOS::elf-as" "ARCHIVER=aarch64-none-elf-ar" "COMPILER_FLAGS=  -O2 -c" "EXTRA_COMPILER_FLAGS=-g -Wall -Wextra -fno-tree-loop-distribu
TRACE::2022-11-18.08:46:21::SCWMssOS::te-patterns"

TRACE::2022-11-18.08:46:21::SCWMssOS::"Running Make libs in psu_cortexa53_0/libsrc/uartps_v3_11/src"

TRACE::2022-11-18.08:46:21::SCWMssOS::make -C psu_cortexa53_0/libsrc/uartps_v3_11/src -s libs  "SHELL=CMD" "COMPILER=aarch64-none-elf-gcc" "ASSEMBLER=aarch64-none-el
TRACE::2022-11-18.08:46:21::SCWMssOS::f-as" "ARCHIVER=aarch64-none-elf-ar" "COMPILER_FLAGS=  -O2 -c" "EXTRA_COMPILER_FLAGS=-g -Wall -Wextra -fno-tree-loop-distribute
TRACE::2022-11-18.08:46:21::SCWMssOS::-patterns"

TRACE::2022-11-18.08:46:21::SCWMssOS::"Running Make libs in psu_cortexa53_0/libsrc/zdma_v1_13/src"

TRACE::2022-11-18.08:46:21::SCWMssOS::make -C psu_cortexa53_0/libsrc/zdma_v1_13/src -s libs  "SHELL=CMD" "COMPILER=aarch64-none-elf-gcc" "ASSEMBLER=aarch64-none-elf-
TRACE::2022-11-18.08:46:21::SCWMssOS::as" "ARCHIVER=aarch64-none-elf-ar" "COMPILER_FLAGS=  -O2 -c" "EXTRA_COMPILER_FLAGS=-g -Wall -Wextra -fno-tree-loop-distribute-p
TRACE::2022-11-18.08:46:21::SCWMssOS::atterns"

TRACE::2022-11-18.08:46:22::SCWMssOS::'Finished building libraries parallelly.'

TRACE::2022-11-18.08:46:22::SCWMssOS::make --no-print-directory archive

TRACE::2022-11-18.08:46:22::SCWMssOS::aarch64-none-elf-ar -r  psu_cortexa53_0/lib/libxil.a psu_cortexa53_0/lib/xrtcpsu_intr.o psu_cortexa53_0/lib/xplatform_info.o ps
TRACE::2022-11-18.08:46:22::SCWMssOS::u_cortexa53_0/lib/time.o psu_cortexa53_0/lib/_exit.o psu_cortexa53_0/lib/xuartps_selftest.o psu_cortexa53_0/lib/xipipsu_buf.o p
TRACE::2022-11-18.08:46:22::SCWMssOS::su_cortexa53_0/lib/xil_sleeptimer.o psu_cortexa53_0/lib/xsdps_options.o psu_cortexa53_0/lib/xclockps_mux.o psu_cortexa53_0/lib/
TRACE::2022-11-18.08:46:22::SCWMssOS::inbyte.o psu_cortexa53_0/lib/putnum.o psu_cortexa53_0/lib/xgpiops_g.o psu_cortexa53_0/lib/xsdps.o psu_cortexa53_0/lib/close.o p
TRACE::2022-11-18.08:46:22::SCWMssOS::su_cortexa53_0/lib/xaxipmon_g.o psu_cortexa53_0/lib/xgpiops_sinit.o psu_cortexa53_0/lib/xaxipmon_sinit.o psu_cortexa53_0/lib/xi
TRACE::2022-11-18.08:46:22::SCWMssOS::icps_intr.o psu_cortexa53_0/lib/xgpio_g.o psu_cortexa53_0/lib/xaxipmon_selftest.o psu_cortexa53_0/lib/xgpio_sinit.o psu_cortexa
TRACE::2022-11-18.08:46:22::SCWMssOS::53_0/lib/xclockps_fixedfactor.o psu_cortexa53_0/lib/xuartps_sinit.o psu_cortexa53_0/lib/xsysmonpsu.o psu_cortexa53_0/lib/xzdma_
TRACE::2022-11-18.08:46:22::SCWMssOS::g.o psu_cortexa53_0/lib/xiicps_slave.o psu_cortexa53_0/lib/xil_printf.o psu_cortexa53_0/lib/kill.o psu_cortexa53_0/lib/xclockps
TRACE::2022-11-18.08:46:22::SCWMssOS::_gate.o psu_cortexa53_0/lib/xuartps_g.o psu_cortexa53_0/lib/xresetps.o psu_cortexa53_0/lib/xiicps_options.o psu_cortexa53_0/lib
TRACE::2022-11-18.08:46:22::SCWMssOS::/fcntl.o psu_cortexa53_0/lib/xcsudma_intr.o psu_cortexa53_0/lib/xqspipsu_options.o psu_cortexa53_0/lib/lseek.o psu_cortexa53_0/
TRACE::2022-11-18.08:46:22::SCWMssOS::lib/xgpiops_hw.o psu_cortexa53_0/lib/xil_testmem.o psu_cortexa53_0/lib/xiicps_hw.o psu_cortexa53_0/lib/read.o psu_cortexa53_0/l
TRACE::2022-11-18.08:46:22::SCWMssOS::ib/abort.o psu_cortexa53_0/lib/xscugic_intr.o psu_cortexa53_0/lib/xipipsu_g.o psu_cortexa53_0/lib/xqspipsu_hw.o psu_cortexa53_0
TRACE::2022-11-18.08:46:22::SCWMssOS::/lib/xil_testcache.o psu_cortexa53_0/lib/translation_table.o psu_cortexa53_0/lib/xipipsu_sinit.o psu_cortexa53_0/lib/xcoresight
TRACE::2022-11-18.08:46:22::SCWMssOS::psdcc.o psu_cortexa53_0/lib/xiicps.o psu_cortexa53_0/lib/_sbrk.o psu_cortexa53_0/lib/xiicps_master.o psu_cortexa53_0/lib/xsdps_
TRACE::2022-11-18.08:46:22::SCWMssOS::g.o psu_cortexa53_0/lib/xgpiops.o psu_cortexa53_0/lib/xaxipmon.o psu_cortexa53_0/lib/xclockps_divider.o psu_cortexa53_0/lib/xsd
TRACE::2022-11-18.08:46:22::SCWMssOS::ps_sinit.o psu_cortexa53_0/lib/xil_smc.o psu_cortexa53_0/lib/xrtcpsu_g.o psu_cortexa53_0/lib/xil_exception.o psu_cortexa53_0/li
TRACE::2022-11-18.08:46:22::SCWMssOS::b/sbrk.o psu_cortexa53_0/lib/xrtcpsu_sinit.o psu_cortexa53_0/lib/open.o psu_cortexa53_0/lib/xil_assert.o psu_cortexa53_0/lib/xr
TRACE::2022-11-18.08:46:22::SCWMssOS::tcpsu_selftest.o psu_cortexa53_0/lib/xclockps_pll.o psu_cortexa53_0/lib/xrtcpsu.o psu_cortexa53_0/lib/xzdma.o psu_cortexa53_0/l
TRACE::2022-11-18.08:46:22::SCWMssOS::ib/xsdps_host.o psu_cortexa53_0/lib/xiicps_xfer.o psu_cortexa53_0/lib/xscugic_hw.o psu_cortexa53_0/lib/xuartps.o psu_cortexa53_
TRACE::2022-11-18.08:46:22::SCWMssOS::0/lib/sleep.o psu_cortexa53_0/lib/xsysmonpsu_intr.o psu_cortexa53_0/lib/cpputest_time.o psu_cortexa53_0/lib/xil_mem.o psu_corte
TRACE::2022-11-18.08:46:22::SCWMssOS::xa53_0/lib/_open.o psu_cortexa53_0/lib/xclockps_sinit.o psu_cortexa53_0/lib/outbyte.o psu_cortexa53_0/lib/print.o psu_cortexa53
TRACE::2022-11-18.08:46:22::SCWMssOS::_0/lib/xclockps_g.o psu_cortexa53_0/lib/xzdma_sinit.o psu_cortexa53_0/lib/xiicps_g.o psu_cortexa53_0/lib/initialise_monitor_han
TRACE::2022-11-18.08:46:22::SCWMssOS::dles.o psu_cortexa53_0/lib/xipipsu.o psu_cortexa53_0/lib/xqspipsu_g.o psu_cortexa53_0/lib/xiicps_selftest.o psu_cortexa53_0/lib
TRACE::2022-11-18.08:46:22::SCWMssOS::/getpid.o psu_cortexa53_0/lib/xil_cache.o psu_cortexa53_0/lib/xil_testio.o psu_cortexa53_0/lib/unlink.o psu_cortexa53_0/lib/xqs
TRACE::2022-11-18.08:46:22::SCWMssOS::pipsu_control.o psu_cortexa53_0/lib/xcsudma_g.o psu_cortexa53_0/lib/xil_spinlock.o psu_cortexa53_0/lib/xcsudma_sinit.o psu_cort
TRACE::2022-11-18.08:46:22::SCWMssOS::exa53_0/lib/write.o psu_cortexa53_0/lib/xil_mmu.o psu_cortexa53_0/lib/boot.o psu_cortexa53_0/lib/xcsudma_selftest.o psu_cortexa
TRACE::2022-11-18.08:46:22::SCWMssOS::53_0/lib/xcsudma.o psu_cortexa53_0/lib/xil_sleepcommon.o psu_cortexa53_0/lib/xscugic_g.o psu_cortexa53_0/lib/xgpiops_intr.o psu
TRACE::2022-11-18.08:46:22::SCWMssOS::_cortexa53_0/lib/xscugic_sinit.o psu_cortexa53_0/lib/xscugic_selftest.o psu_cortexa53_0/lib/xuartps_hw.o psu_cortexa53_0/lib/xg
TRACE::2022-11-18.08:46:22::SCWMssOS::pio_intr.o psu_cortexa53_0/lib/xtime_l.o psu_cortexa53_0/lib/xclockps.o psu_cortexa53_0/lib/xzdma_intr.o psu_cortexa53_0/lib/xi
TRACE::2022-11-18.08:46:22::SCWMssOS::l_util.o psu_cortexa53_0/lib/xuartps_intr.o psu_cortexa53_0/lib/xqspipsu.o psu_cortexa53_0/lib/xsdps_card.o psu_cortexa53_0/lib
TRACE::2022-11-18.08:46:22::SCWMssOS::/xqspipsu_sinit.o psu_cortexa53_0/lib/xgpio.o psu_cortexa53_0/lib/xzdma_selftest.o psu_cortexa53_0/lib/xsysmonpsu_g.o psu_corte
TRACE::2022-11-18.08:46:22::SCWMssOS::xa53_0/lib/fstat.o psu_cortexa53_0/lib/errno.o psu_cortexa53_0/lib/xsysmonpsu_sinit.o psu_cortexa53_0/lib/xuartps_options.o psu
TRACE::2022-11-18.08:46:22::SCWMssOS::_cortexa53_0/lib/vectors.o psu_cortexa53_0/lib/xsysmonpsu_selftest.o psu_cortexa53_0/lib/asm_vectors.o psu_cortexa53_0/lib/xgpi
TRACE::2022-11-18.08:46:22::SCWMssOS::ops_selftest.o psu_cortexa53_0/lib/xresetps_g.o psu_cortexa53_0/lib/xil_clocking.o psu_cortexa53_0/lib/xresetps_sinit.o psu_cor
TRACE::2022-11-18.08:46:22::SCWMssOS::texa53_0/lib/xgpio_extra.o psu_cortexa53_0/lib/isatty.o psu_cortexa53_0/lib/xil-crt0.o psu_cortexa53_0/lib/xscugic.o psu_cortex
TRACE::2022-11-18.08:46:22::SCWMssOS::a53_0/lib/xiicps_sinit.o psu_cortexa53_0/lib/xgpio_selftest.o

TRACE::2022-11-18.08:46:23::SCWMssOS::'Finished building libraries'

TRACE::2022-11-18.08:46:24::SCWMssOS::Copying to export directory.
TRACE::2022-11-18.08:46:25::SCWMssOS:: Checking if to create the Supporting Applications
TRACE::2022-11-18.08:46:25::SCWMssOS:: No Linux domain exists, trying to generate FSBL 
LOG::2022-11-18.08:46:25::SCWSystem::Completed Processing the domain standalone_domain
LOG::2022-11-18.08:46:25::SCWSystem::Completed Processing the sysconfig 4EV_HandsOn_platt
LOG::2022-11-18.08:46:25::SCWPlatform::Completed generating the artifacts for system configuration 4EV_HandsOn_platt
TRACE::2022-11-18.08:46:25::SCWPlatform::Started preparing the platform 
TRACE::2022-11-18.08:46:25::SCWSystem::Writing the bif file for system config 4EV_HandsOn_platt
TRACE::2022-11-18.08:46:25::SCWSystem::dir created 
TRACE::2022-11-18.08:46:25::SCWSystem::Writing the bif 
TRACE::2022-11-18.08:46:25::SCWPlatform::Started writing the spfm file 
TRACE::2022-11-18.08:46:25::SCWPlatform::Started writing the xpfm file 
TRACE::2022-11-18.08:46:25::SCWPlatform::Completed generating the platform
TRACE::2022-11-18.08:46:25::SCWMssOS::Saving the mss changes C:/Users/SESA630813/work-2/4EV_HandsOn_platt/zynqmp_fsbl/zynqmp_fsbl_bsp/system.mss
TRACE::2022-11-18.08:46:25::SCWMssOS::Found a swdesign opened with the mssfile.
TRACE::2022-11-18.08:46:25::SCWMssOS::Completed writemss as part of save.
TRACE::2022-11-18.08:46:25::SCWMssOS::Commit changes completed.
TRACE::2022-11-18.08:46:25::SCWMssOS::Saving the mss changes C:/Users/SESA630813/work-2/4EV_HandsOn_platt/zynqmp_pmufw/zynqmp_pmufw_bsp/system.mss
TRACE::2022-11-18.08:46:25::SCWMssOS::Found a swdesign opened with the mssfile.
TRACE::2022-11-18.08:46:25::SCWMssOS::Completed writemss as part of save.
TRACE::2022-11-18.08:46:25::SCWMssOS::Commit changes completed.
TRACE::2022-11-18.08:46:25::SCWMssOS::Saving the mss changes C:/Users/SESA630813/work-2/4EV_HandsOn_platt/psu_cortexa53_0/standalone_domain/bsp/system.mss
TRACE::2022-11-18.08:46:25::SCWMssOS::Found a swdesign opened with the mssfile.
TRACE::2022-11-18.08:46:25::SCWMssOS::Completed writemss as part of save.
TRACE::2022-11-18.08:46:25::SCWMssOS::Commit changes completed.
TRACE::2022-11-18.08:46:25::SCWPlatform::Trying to open the hw design at C:/Users/SESA630813/work-2/4EV_HandsOn_platt/hw/Block_4EV_HandsOn.xsa
TRACE::2022-11-18.08:46:25::SCWPlatform::DSA given C:/Users/SESA630813/work-2/4EV_HandsOn_platt/hw/Block_4EV_HandsOn.xsa
TRACE::2022-11-18.08:46:25::SCWPlatform::DSA absoulate path C:/Users/SESA630813/work-2/4EV_HandsOn_platt/hw/Block_4EV_HandsOn.xsa
TRACE::2022-11-18.08:46:25::SCWPlatform::DSA directory C:/Users/SESA630813/work-2/4EV_HandsOn_platt/hw
TRACE::2022-11-18.08:46:25::SCWPlatform:: Platform Path C:/Users/SESA630813/work-2/4EV_HandsOn_platt/hw/Block_4EV_HandsOn.xsa
TRACE::2022-11-18.08:46:25::SCWPlatform:: Unique name xilinx:::0.0
TRACE::2022-11-18.08:46:25::SCWPlatform::Trying to set the existing hwdb with name Block_4EV_wrapper_1
TRACE::2022-11-18.08:46:25::SCWPlatform::Opened existing hwdb Block_4EV_wrapper_1
TRACE::2022-11-18.08:46:25::SCWPlatform::Found the Hw Db part of the input DSA
TRACE::2022-11-18.08:46:25::SCWMssOS::Checking the sw design at  C:/Users/SESA630813/work-2/4EV_HandsOn_platt/zynqmp_fsbl/zynqmp_fsbl_bsp/system.mss
TRACE::2022-11-18.08:46:25::SCWMssOS::DEBUG:  swdes dump  C:/Users/SESA630813/work-2/4EV_HandsOn_platt/psu_cortexa53_0/standalone_domain/bsp/system.mss|system_1||
C:/Users/SESA630813/work-2/4EV_HandsOn_platt/zynqmp_fsbl/zynqmp_fsbl_bsp/system.mss|system||
C:/Users/SESA630813/work-2/4EV_HandsOn_platt/zynqmp_pmufw/zynqmp_pmufw_bsp/system.mss|system_0||

TRACE::2022-11-18.08:46:25::SCWMssOS::Sw design exists and opened at  C:/Users/SESA630813/work-2/4EV_HandsOn_platt/zynqmp_fsbl/zynqmp_fsbl_bsp/system.mss
TRACE::2022-11-18.08:46:25::SCWPlatform::Trying to open the hw design at C:/Users/SESA630813/work-2/4EV_HandsOn_platt/hw/Block_4EV_HandsOn.xsa
TRACE::2022-11-18.08:46:25::SCWPlatform::DSA given C:/Users/SESA630813/work-2/4EV_HandsOn_platt/hw/Block_4EV_HandsOn.xsa
TRACE::2022-11-18.08:46:25::SCWPlatform::DSA absoulate path C:/Users/SESA630813/work-2/4EV_HandsOn_platt/hw/Block_4EV_HandsOn.xsa
TRACE::2022-11-18.08:46:25::SCWPlatform::DSA directory C:/Users/SESA630813/work-2/4EV_HandsOn_platt/hw
TRACE::2022-11-18.08:46:25::SCWPlatform:: Platform Path C:/Users/SESA630813/work-2/4EV_HandsOn_platt/hw/Block_4EV_HandsOn.xsa
TRACE::2022-11-18.08:46:25::SCWPlatform:: Unique name xilinx:::0.0
TRACE::2022-11-18.08:46:25::SCWPlatform::Trying to set the existing hwdb with name Block_4EV_wrapper_1
TRACE::2022-11-18.08:46:25::SCWPlatform::Opened existing hwdb Block_4EV_wrapper_1
TRACE::2022-11-18.08:46:25::SCWPlatform::Found the Hw Db part of the input DSA
TRACE::2022-11-18.08:46:25::SCWMssOS::Checking the sw design at  C:/Users/SESA630813/work-2/4EV_HandsOn_platt/zynqmp_pmufw/zynqmp_pmufw_bsp/system.mss
TRACE::2022-11-18.08:46:25::SCWMssOS::DEBUG:  swdes dump  C:/Users/SESA630813/work-2/4EV_HandsOn_platt/psu_cortexa53_0/standalone_domain/bsp/system.mss|system_1||
C:/Users/SESA630813/work-2/4EV_HandsOn_platt/zynqmp_fsbl/zynqmp_fsbl_bsp/system.mss|system||
C:/Users/SESA630813/work-2/4EV_HandsOn_platt/zynqmp_pmufw/zynqmp_pmufw_bsp/system.mss|system_0||

TRACE::2022-11-18.08:46:25::SCWMssOS::Sw design exists and opened at  C:/Users/SESA630813/work-2/4EV_HandsOn_platt/zynqmp_pmufw/zynqmp_pmufw_bsp/system.mss
TRACE::2022-11-18.08:46:25::SCWPlatform::Trying to open the hw design at C:/Users/SESA630813/work-2/4EV_HandsOn_platt/hw/Block_4EV_HandsOn.xsa
TRACE::2022-11-18.08:46:25::SCWPlatform::DSA given C:/Users/SESA630813/work-2/4EV_HandsOn_platt/hw/Block_4EV_HandsOn.xsa
TRACE::2022-11-18.08:46:25::SCWPlatform::DSA absoulate path C:/Users/SESA630813/work-2/4EV_HandsOn_platt/hw/Block_4EV_HandsOn.xsa
TRACE::2022-11-18.08:46:25::SCWPlatform::DSA directory C:/Users/SESA630813/work-2/4EV_HandsOn_platt/hw
TRACE::2022-11-18.08:46:25::SCWPlatform:: Platform Path C:/Users/SESA630813/work-2/4EV_HandsOn_platt/hw/Block_4EV_HandsOn.xsa
TRACE::2022-11-18.08:46:25::SCWPlatform:: Unique name xilinx:::0.0
TRACE::2022-11-18.08:46:25::SCWPlatform::Trying to set the existing hwdb with name Block_4EV_wrapper_1
TRACE::2022-11-18.08:46:25::SCWPlatform::Opened existing hwdb Block_4EV_wrapper_1
TRACE::2022-11-18.08:46:25::SCWPlatform::Found the Hw Db part of the input DSA
TRACE::2022-11-18.08:46:25::SCWMssOS::Checking the sw design at  C:/Users/SESA630813/work-2/4EV_HandsOn_platt/psu_cortexa53_0/standalone_domain/bsp/system.mss
TRACE::2022-11-18.08:46:25::SCWMssOS::DEBUG:  swdes dump  C:/Users/SESA630813/work-2/4EV_HandsOn_platt/psu_cortexa53_0/standalone_domain/bsp/system.mss|system_1||
C:/Users/SESA630813/work-2/4EV_HandsOn_platt/zynqmp_fsbl/zynqmp_fsbl_bsp/system.mss|system||
C:/Users/SESA630813/work-2/4EV_HandsOn_platt/zynqmp_pmufw/zynqmp_pmufw_bsp/system.mss|system_0||

TRACE::2022-11-18.08:46:25::SCWMssOS::Sw design exists and opened at  C:/Users/SESA630813/work-2/4EV_HandsOn_platt/psu_cortexa53_0/standalone_domain/bsp/system.mss
TRACE::2022-11-18.08:46:25::SCWWriter::formatted JSON is {
	"platformName":	"4EV_HandsOn_platt",
	"sprVersion":	"2.0",
	"mode":	"gui",
	"dsaType":	"Fixed",
	"platformDesc":	"4EV_HandsOn_platt",
	"platHandOff":	"C:/Schneider/ScriptingPath/enclustra/4EV-Hands-On/Block_4EV_HandsOn.xsa",
	"platIntHandOff":	"<platformDir>/hw/Block_4EV_HandsOn.xsa",
	"deviceType":	"zynqMP",
	"platIsPrebuiltAutogen":	"false",
	"platIsNoBootBsp":	"false",
	"platFsblTarget":	"psu_cortexa53_0",
	"hasFsblMakeHasChanges":	"false",
	"hasPmufwMakeHasChanges":	"false",
	"fsblExtraCompilerFlags":	"-MMD -MP      -Wall -fmessage-length=0 -DARMA53_64 -Os -flto -ffat-lto-objects  ",
	"pmufwExtraCompilerFlags":	"-MMD -MP      -mlittle-endian -mxl-barrel-shift -mxl-pattern-compare -mcpu=v9.2 -mxl-soft-mul -Os -flto -ffat-lto-objects  ",
	"platPreBuiltFlag":	false,
	"platformSamplesDir":	"",
	"platActiveSys":	"4EV_HandsOn_platt",
	"systems":	[{
			"systemName":	"4EV_HandsOn_platt",
			"systemDesc":	"4EV_HandsOn_platt",
			"sysIsBootAutoGen":	"true",
			"systemDispName":	"4EV_HandsOn_platt",
			"sysActiveDom":	"standalone_domain",
			"sysDefaultDom":	"standalone_domain",
			"domains":	[{
					"domainName":	"zynqmp_fsbl",
					"domainDispName":	"zynqmp_fsbl",
					"domainDesc":	"FSBL Application BSP - Auto Generated.",
					"processors":	"psu_cortexa53_0",
					"os":	"standalone",
					"sdxOs":	"standalone",
					"debugEnable":	"",
					"domRuntimes":	["cpp"],
					"swRepo":	"",
					"mssOsVer":	"7.6",
					"mssFile":	"",
					"md5Digest":	"f0f90a35a6a229e56057b23e4b7162c6",
					"compatibleApp":	"zynqmp_fsbl",
					"domType":	"bootDomain",
					"arch":	"64-bit",
					"appSettings":	{
						"appCompilerFlags":	"",
						"appLinkerFlags":	""
					},
					"addedLibs":	["xilffs:4.6", "xilsecure:4.6", "xilpm:3.5"],
					"libOptions":	{
						"standalone":	{
							"zynqmp_fsbl_bsp":	"true",
							"libOptionNames":	["zynqmp_fsbl_bsp"]
						},
						"xilffs":	{
							"read_only":	"true",
							"use_mkfs":	"false",
							"libOptionNames":	["read_only", "use_mkfs"]
						},
						"xilsecure":	{
							"tpm_support":	"true",
							"libOptionNames":	["tpm_support"]
						},
						"libsContainingOptions":	["standalone", "xilffs", "xilsecure"]
					},
					"prebuiltLibs":	{
						"prebuiltIncPath":	[],
						"prebuiltLibPath":	[]
					},
					"isolation":	{
					}
				}, {
					"domainName":	"zynqmp_pmufw",
					"domainDispName":	"zynqmp_pmufw",
					"domainDesc":	"PMUFW Application BSP - Auto Generated.",
					"processors":	"psu_pmu_0",
					"os":	"standalone",
					"sdxOs":	"standalone",
					"debugEnable":	"",
					"domRuntimes":	["cpp"],
					"swRepo":	"",
					"mssOsVer":	"7.6",
					"mssFile":	"",
					"md5Digest":	"2252945fa1d34af486e1005da291d4dd",
					"compatibleApp":	"zynqmp_pmufw",
					"domType":	"bootDomain",
					"arch":	"32-bit",
					"appSettings":	{
						"appCompilerFlags":	"",
						"appLinkerFlags":	""
					},
					"addedLibs":	["xilfpga:6.1", "xilsecure:4.6", "xilskey:7.2"],
					"libOptions":	{
						"psu_pmu_0":	{
							"extra_compiler_flags":	"-g -ffunction-sections -fdata-sections -Wall -Wextra -fno-tree-loop-distribute-patterns  -Os -flto -ffat-lto-objects",
							"libOptionNames":	["extra_compiler_flags"]
						},
						"libsContainingOptions":	["psu_pmu_0"]
					},
					"prebuiltLibs":	{
						"prebuiltIncPath":	[],
						"prebuiltLibPath":	[]
					},
					"isolation":	{
					}
				}, {
					"domainName":	"standalone_domain",
					"domainDispName":	"standalone on psu_cortexa53_0",
					"domainDesc":	"standalone_domain",
					"processors":	"psu_cortexa53_0",
					"os":	"standalone",
					"sdxOs":	"standalone",
					"qemuArgs":	"C:/Xilinx3/Vitis/2021.2/data/emulation/platforms/zynqmp/sw/a53_standalone/qemu/qemu_args.txt",
					"qemuData":	"C:/Xilinx3/Vitis/2021.2/data/emulation/platforms/zynqmp/sw/a53_standalone/qemu/",
					"pmuQemuArgs":	"C:/Xilinx3/Vitis/2021.2/data/emulation/platforms/zynqmp/sw/a53_standalone/qemu/pmu_args.txt",
					"debugEnable":	"False",
					"domRuntimes":	["cpp"],
					"swRepo":	"",
					"mssOsVer":	"7.6",
					"mssFile":	"",
					"md5Digest":	"a7380b93d62648222d0ccf0a3c72bcd4",
					"compatibleApp":	"",
					"domType":	"mssDomain",
					"arch":	"64-bit",
					"appSettings":	{
						"appCompilerFlags":	"",
						"appLinkerFlags":	""
					},
					"addedLibs":	[],
					"libOptions":	{
						"libsContainingOptions":	[]
					},
					"prebuiltLibs":	{
						"prebuiltIncPath":	[],
						"prebuiltLibPath":	[]
					},
					"isolation":	{
					}
				}]
		}]
}
KEYINFO::2022-11-18.08:46:25::SCWPlatform::updated the xpfm file.
TRACE::2022-11-18.08:46:25::SCWPlatform::Trying to open the hw design at C:/Users/SESA630813/work-2/4EV_HandsOn_platt/hw/Block_4EV_HandsOn.xsa
TRACE::2022-11-18.08:46:25::SCWPlatform::DSA given C:/Users/SESA630813/work-2/4EV_HandsOn_platt/hw/Block_4EV_HandsOn.xsa
TRACE::2022-11-18.08:46:25::SCWPlatform::DSA absoulate path C:/Users/SESA630813/work-2/4EV_HandsOn_platt/hw/Block_4EV_HandsOn.xsa
TRACE::2022-11-18.08:46:25::SCWPlatform::DSA directory C:/Users/SESA630813/work-2/4EV_HandsOn_platt/hw
TRACE::2022-11-18.08:46:25::SCWPlatform:: Platform Path C:/Users/SESA630813/work-2/4EV_HandsOn_platt/hw/Block_4EV_HandsOn.xsa
TRACE::2022-11-18.08:46:25::SCWPlatform:: Unique name xilinx:::0.0
TRACE::2022-11-18.08:46:25::SCWPlatform::Trying to set the existing hwdb with name Block_4EV_wrapper_1
TRACE::2022-11-18.08:46:25::SCWPlatform::Opened existing hwdb Block_4EV_wrapper_1
TRACE::2022-11-18.08:46:25::SCWPlatform::Found the Hw Db part of the input DSA
TRACE::2022-11-18.08:46:25::SCWMssOS::Checking the sw design at  C:/Users/SESA630813/work-2/4EV_HandsOn_platt/psu_cortexa53_0/standalone_domain/bsp/system.mss
TRACE::2022-11-18.08:46:25::SCWMssOS::DEBUG:  swdes dump  C:/Users/SESA630813/work-2/4EV_HandsOn_platt/psu_cortexa53_0/standalone_domain/bsp/system.mss|system_1||
C:/Users/SESA630813/work-2/4EV_HandsOn_platt/zynqmp_fsbl/zynqmp_fsbl_bsp/system.mss|system||
C:/Users/SESA630813/work-2/4EV_HandsOn_platt/zynqmp_pmufw/zynqmp_pmufw_bsp/system.mss|system_0||

TRACE::2022-11-18.08:46:25::SCWMssOS::Sw design exists and opened at  C:/Users/SESA630813/work-2/4EV_HandsOn_platt/psu_cortexa53_0/standalone_domain/bsp/system.mss
TRACE::2022-11-18.09:05:21::SCWPlatform::DSA given C:/Users/SESA630813/work-2/4EV_HandsOn_platt/tempdsa/Block_4EV_wrapper.xsa
TRACE::2022-11-18.09:05:21::SCWPlatform::DSA absoulate path C:/Users/SESA630813/work-2/4EV_HandsOn_platt/tempdsa/Block_4EV_wrapper.xsa
TRACE::2022-11-18.09:05:21::SCWPlatform:: Platform location is C:/Users/SESA630813/work-2/4EV_HandsOn_platt/tempdsa
TRACE::2022-11-18.09:05:21::SCWPlatform:: Platform Path C:/Users/SESA630813/work-2/4EV_HandsOn_platt/tempdsa/Block_4EV_wrapper.xsa
TRACE::2022-11-18.09:05:21::SCWPlatform:: Unique name xilinx:::0.0
TRACE::2022-11-18.09:05:26::SCWPlatform::Found the Hw Db part of the input DSA
TRACE::2022-11-18.09:05:26::SCWMssOS::Doing hw sync for the mss in domain: zynqmp_fsbl
TRACE::2022-11-18.09:05:26::SCWPlatform::Trying to open the hw design at C:/Users/SESA630813/work-2/4EV_HandsOn_platt/hw/Block_4EV_HandsOn.xsa
TRACE::2022-11-18.09:05:26::SCWPlatform::DSA given C:/Users/SESA630813/work-2/4EV_HandsOn_platt/hw/Block_4EV_HandsOn.xsa
TRACE::2022-11-18.09:05:26::SCWPlatform::DSA absoulate path C:/Users/SESA630813/work-2/4EV_HandsOn_platt/hw/Block_4EV_HandsOn.xsa
TRACE::2022-11-18.09:05:26::SCWPlatform::DSA directory C:/Users/SESA630813/work-2/4EV_HandsOn_platt/hw
TRACE::2022-11-18.09:05:26::SCWPlatform:: Platform Path C:/Users/SESA630813/work-2/4EV_HandsOn_platt/hw/Block_4EV_HandsOn.xsa
TRACE::2022-11-18.09:05:26::SCWPlatform:: Unique name xilinx:::0.0
TRACE::2022-11-18.09:05:26::SCWPlatform::Trying to set the existing hwdb with name Block_4EV_wrapper_1
TRACE::2022-11-18.09:05:26::SCWPlatform::Opened existing hwdb Block_4EV_wrapper_1
TRACE::2022-11-18.09:05:26::SCWPlatform::Found the Hw Db part of the input DSA
TRACE::2022-11-18.09:05:26::SCWPlatform::Trying to open the hw design at C:/Users/SESA630813/work-2/4EV_HandsOn_platt/hw/Block_4EV_HandsOn.xsa
TRACE::2022-11-18.09:05:26::SCWPlatform::DSA given C:/Users/SESA630813/work-2/4EV_HandsOn_platt/hw/Block_4EV_HandsOn.xsa
TRACE::2022-11-18.09:05:26::SCWPlatform::DSA absoulate path C:/Users/SESA630813/work-2/4EV_HandsOn_platt/hw/Block_4EV_HandsOn.xsa
TRACE::2022-11-18.09:05:26::SCWPlatform::DSA directory C:/Users/SESA630813/work-2/4EV_HandsOn_platt/hw
TRACE::2022-11-18.09:05:26::SCWPlatform:: Platform Path C:/Users/SESA630813/work-2/4EV_HandsOn_platt/hw/Block_4EV_HandsOn.xsa
TRACE::2022-11-18.09:05:26::SCWPlatform:: Unique name xilinx:::0.0
TRACE::2022-11-18.09:05:26::SCWPlatform::Trying to set the existing hwdb with name Block_4EV_wrapper_1
TRACE::2022-11-18.09:05:26::SCWPlatform::Opened existing hwdb Block_4EV_wrapper_1
TRACE::2022-11-18.09:05:26::SCWPlatform::Found the Hw Db part of the input DSA
TRACE::2022-11-18.09:05:26::SCWMssOS::Checking the sw design at  C:/Users/SESA630813/work-2/4EV_HandsOn_platt/zynqmp_fsbl/zynqmp_fsbl_bsp/system.mss
TRACE::2022-11-18.09:05:26::SCWMssOS::DEBUG:  swdes dump  C:/Users/SESA630813/work-2/4EV_HandsOn_platt/psu_cortexa53_0/standalone_domain/bsp/system.mss|system_1||
C:/Users/SESA630813/work-2/4EV_HandsOn_platt/zynqmp_fsbl/zynqmp_fsbl_bsp/system.mss|system||
C:/Users/SESA630813/work-2/4EV_HandsOn_platt/zynqmp_pmufw/zynqmp_pmufw_bsp/system.mss|system_0||

TRACE::2022-11-18.09:05:26::SCWMssOS::Sw design exists and opened at  C:/Users/SESA630813/work-2/4EV_HandsOn_platt/zynqmp_fsbl/zynqmp_fsbl_bsp/system.mss
TRACE::2022-11-18.09:05:26::SCWPlatform::Trying to open the hw design at C:/Users/SESA630813/work-2/4EV_HandsOn_platt/tempdsa/Block_4EV_wrapper.xsa
TRACE::2022-11-18.09:05:26::SCWPlatform::DSA given C:/Users/SESA630813/work-2/4EV_HandsOn_platt/tempdsa/Block_4EV_wrapper.xsa
TRACE::2022-11-18.09:05:26::SCWPlatform::DSA absoulate path C:/Users/SESA630813/work-2/4EV_HandsOn_platt/tempdsa/Block_4EV_wrapper.xsa
TRACE::2022-11-18.09:05:26::SCWPlatform::DSA directory C:/Users/SESA630813/work-2/4EV_HandsOn_platt/tempdsa
TRACE::2022-11-18.09:05:26::SCWPlatform:: Platform Path C:/Users/SESA630813/work-2/4EV_HandsOn_platt/tempdsa/Block_4EV_wrapper.xsa
TRACE::2022-11-18.09:05:26::SCWPlatform:: Unique name xilinx:::0.0
TRACE::2022-11-18.09:05:26::SCWPlatform::update - Opened existing hwdb Block_4EV_wrapper_4
TRACE::2022-11-18.09:05:26::SCWPlatform::Found the Hw Db part of the input DSA
TRACE::2022-11-18.09:05:26::SCWMssOS::Doing hw sync for the mss in domain: zynqmp_pmufw
TRACE::2022-11-18.09:05:26::SCWPlatform::Trying to open the hw design at C:/Users/SESA630813/work-2/4EV_HandsOn_platt/hw/Block_4EV_HandsOn.xsa
TRACE::2022-11-18.09:05:26::SCWPlatform::DSA given C:/Users/SESA630813/work-2/4EV_HandsOn_platt/hw/Block_4EV_HandsOn.xsa
TRACE::2022-11-18.09:05:26::SCWPlatform::DSA absoulate path C:/Users/SESA630813/work-2/4EV_HandsOn_platt/hw/Block_4EV_HandsOn.xsa
TRACE::2022-11-18.09:05:26::SCWPlatform::DSA directory C:/Users/SESA630813/work-2/4EV_HandsOn_platt/hw
TRACE::2022-11-18.09:05:26::SCWPlatform:: Platform Path C:/Users/SESA630813/work-2/4EV_HandsOn_platt/hw/Block_4EV_HandsOn.xsa
TRACE::2022-11-18.09:05:26::SCWPlatform:: Unique name xilinx:::0.0
TRACE::2022-11-18.09:05:26::SCWPlatform::Trying to set the existing hwdb with name Block_4EV_wrapper_1
TRACE::2022-11-18.09:05:26::SCWPlatform::Opened existing hwdb Block_4EV_wrapper_1
TRACE::2022-11-18.09:05:26::SCWPlatform::Found the Hw Db part of the input DSA
TRACE::2022-11-18.09:05:26::SCWPlatform::Trying to open the hw design at C:/Users/SESA630813/work-2/4EV_HandsOn_platt/hw/Block_4EV_HandsOn.xsa
TRACE::2022-11-18.09:05:26::SCWPlatform::DSA given C:/Users/SESA630813/work-2/4EV_HandsOn_platt/hw/Block_4EV_HandsOn.xsa
TRACE::2022-11-18.09:05:26::SCWPlatform::DSA absoulate path C:/Users/SESA630813/work-2/4EV_HandsOn_platt/hw/Block_4EV_HandsOn.xsa
TRACE::2022-11-18.09:05:26::SCWPlatform::DSA directory C:/Users/SESA630813/work-2/4EV_HandsOn_platt/hw
TRACE::2022-11-18.09:05:26::SCWPlatform:: Platform Path C:/Users/SESA630813/work-2/4EV_HandsOn_platt/hw/Block_4EV_HandsOn.xsa
TRACE::2022-11-18.09:05:26::SCWPlatform:: Unique name xilinx:::0.0
TRACE::2022-11-18.09:05:26::SCWPlatform::Trying to set the existing hwdb with name Block_4EV_wrapper_1
TRACE::2022-11-18.09:05:26::SCWPlatform::Opened existing hwdb Block_4EV_wrapper_1
TRACE::2022-11-18.09:05:26::SCWPlatform::Found the Hw Db part of the input DSA
TRACE::2022-11-18.09:05:26::SCWMssOS::Checking the sw design at  C:/Users/SESA630813/work-2/4EV_HandsOn_platt/zynqmp_pmufw/zynqmp_pmufw_bsp/system.mss
TRACE::2022-11-18.09:05:26::SCWMssOS::DEBUG:  swdes dump  C:/Users/SESA630813/work-2/4EV_HandsOn_platt/psu_cortexa53_0/standalone_domain/bsp/system.mss|system_1||
C:/Users/SESA630813/work-2/4EV_HandsOn_platt/zynqmp_fsbl/zynqmp_fsbl_bsp/system.mss|system||
C:/Users/SESA630813/work-2/4EV_HandsOn_platt/zynqmp_pmufw/zynqmp_pmufw_bsp/system.mss|system_0||

TRACE::2022-11-18.09:05:26::SCWMssOS::Sw design exists and opened at  C:/Users/SESA630813/work-2/4EV_HandsOn_platt/zynqmp_pmufw/zynqmp_pmufw_bsp/system.mss
TRACE::2022-11-18.09:05:26::SCWPlatform::Trying to open the hw design at C:/Users/SESA630813/work-2/4EV_HandsOn_platt/tempdsa/Block_4EV_wrapper.xsa
TRACE::2022-11-18.09:05:26::SCWPlatform::DSA given C:/Users/SESA630813/work-2/4EV_HandsOn_platt/tempdsa/Block_4EV_wrapper.xsa
TRACE::2022-11-18.09:05:26::SCWPlatform::DSA absoulate path C:/Users/SESA630813/work-2/4EV_HandsOn_platt/tempdsa/Block_4EV_wrapper.xsa
TRACE::2022-11-18.09:05:26::SCWPlatform::DSA directory C:/Users/SESA630813/work-2/4EV_HandsOn_platt/tempdsa
TRACE::2022-11-18.09:05:26::SCWPlatform:: Platform Path C:/Users/SESA630813/work-2/4EV_HandsOn_platt/tempdsa/Block_4EV_wrapper.xsa
TRACE::2022-11-18.09:05:26::SCWPlatform:: Unique name xilinx:::0.0
TRACE::2022-11-18.09:05:26::SCWPlatform::update - Opened existing hwdb Block_4EV_wrapper_4
TRACE::2022-11-18.09:05:26::SCWPlatform::Found the Hw Db part of the input DSA
TRACE::2022-11-18.09:05:26::SCWMssOS::Doing hw sync for the mss in domain: standalone_domain
TRACE::2022-11-18.09:05:26::SCWPlatform::Trying to open the hw design at C:/Users/SESA630813/work-2/4EV_HandsOn_platt/hw/Block_4EV_HandsOn.xsa
TRACE::2022-11-18.09:05:26::SCWPlatform::DSA given C:/Users/SESA630813/work-2/4EV_HandsOn_platt/hw/Block_4EV_HandsOn.xsa
TRACE::2022-11-18.09:05:26::SCWPlatform::DSA absoulate path C:/Users/SESA630813/work-2/4EV_HandsOn_platt/hw/Block_4EV_HandsOn.xsa
TRACE::2022-11-18.09:05:26::SCWPlatform::DSA directory C:/Users/SESA630813/work-2/4EV_HandsOn_platt/hw
TRACE::2022-11-18.09:05:26::SCWPlatform:: Platform Path C:/Users/SESA630813/work-2/4EV_HandsOn_platt/hw/Block_4EV_HandsOn.xsa
TRACE::2022-11-18.09:05:26::SCWPlatform:: Unique name xilinx:::0.0
TRACE::2022-11-18.09:05:26::SCWPlatform::Trying to set the existing hwdb with name Block_4EV_wrapper_1
TRACE::2022-11-18.09:05:26::SCWPlatform::Opened existing hwdb Block_4EV_wrapper_1
TRACE::2022-11-18.09:05:26::SCWPlatform::Found the Hw Db part of the input DSA
TRACE::2022-11-18.09:05:26::SCWPlatform::Trying to open the hw design at C:/Users/SESA630813/work-2/4EV_HandsOn_platt/hw/Block_4EV_HandsOn.xsa
TRACE::2022-11-18.09:05:26::SCWPlatform::DSA given C:/Users/SESA630813/work-2/4EV_HandsOn_platt/hw/Block_4EV_HandsOn.xsa
TRACE::2022-11-18.09:05:26::SCWPlatform::DSA absoulate path C:/Users/SESA630813/work-2/4EV_HandsOn_platt/hw/Block_4EV_HandsOn.xsa
TRACE::2022-11-18.09:05:26::SCWPlatform::DSA directory C:/Users/SESA630813/work-2/4EV_HandsOn_platt/hw
TRACE::2022-11-18.09:05:26::SCWPlatform:: Platform Path C:/Users/SESA630813/work-2/4EV_HandsOn_platt/hw/Block_4EV_HandsOn.xsa
TRACE::2022-11-18.09:05:26::SCWPlatform:: Unique name xilinx:::0.0
TRACE::2022-11-18.09:05:26::SCWPlatform::Trying to set the existing hwdb with name Block_4EV_wrapper_1
TRACE::2022-11-18.09:05:26::SCWPlatform::Opened existing hwdb Block_4EV_wrapper_1
TRACE::2022-11-18.09:05:26::SCWPlatform::Found the Hw Db part of the input DSA
TRACE::2022-11-18.09:05:26::SCWMssOS::Checking the sw design at  C:/Users/SESA630813/work-2/4EV_HandsOn_platt/psu_cortexa53_0/standalone_domain/bsp/system.mss
TRACE::2022-11-18.09:05:26::SCWMssOS::DEBUG:  swdes dump  C:/Users/SESA630813/work-2/4EV_HandsOn_platt/psu_cortexa53_0/standalone_domain/bsp/system.mss|system_1||
C:/Users/SESA630813/work-2/4EV_HandsOn_platt/zynqmp_fsbl/zynqmp_fsbl_bsp/system.mss|system||
C:/Users/SESA630813/work-2/4EV_HandsOn_platt/zynqmp_pmufw/zynqmp_pmufw_bsp/system.mss|system_0||

TRACE::2022-11-18.09:05:26::SCWMssOS::Sw design exists and opened at  C:/Users/SESA630813/work-2/4EV_HandsOn_platt/psu_cortexa53_0/standalone_domain/bsp/system.mss
TRACE::2022-11-18.09:05:26::SCWPlatform::Trying to open the hw design at C:/Users/SESA630813/work-2/4EV_HandsOn_platt/tempdsa/Block_4EV_wrapper.xsa
TRACE::2022-11-18.09:05:26::SCWPlatform::DSA given C:/Users/SESA630813/work-2/4EV_HandsOn_platt/tempdsa/Block_4EV_wrapper.xsa
TRACE::2022-11-18.09:05:26::SCWPlatform::DSA absoulate path C:/Users/SESA630813/work-2/4EV_HandsOn_platt/tempdsa/Block_4EV_wrapper.xsa
TRACE::2022-11-18.09:05:26::SCWPlatform::DSA directory C:/Users/SESA630813/work-2/4EV_HandsOn_platt/tempdsa
TRACE::2022-11-18.09:05:26::SCWPlatform:: Platform Path C:/Users/SESA630813/work-2/4EV_HandsOn_platt/tempdsa/Block_4EV_wrapper.xsa
TRACE::2022-11-18.09:05:26::SCWPlatform:: Unique name xilinx:::0.0
TRACE::2022-11-18.09:05:26::SCWPlatform::update - Opened existing hwdb Block_4EV_wrapper_4
TRACE::2022-11-18.09:05:26::SCWPlatform::Found the Hw Db part of the input DSA
TRACE::2022-11-18.09:05:26::SCWMssOS::Saving the mss changes C:/Users/SESA630813/work-2/4EV_HandsOn_platt/zynqmp_fsbl/zynqmp_fsbl_bsp/system.mss
TRACE::2022-11-18.09:05:26::SCWMssOS::Found a swdesign opened with the mssfile.
TRACE::2022-11-18.09:05:26::SCWMssOS::Completed writemss as part of save.
TRACE::2022-11-18.09:05:26::SCWMssOS::Commit changes completed.
TRACE::2022-11-18.09:05:26::SCWMssOS::Completed hw sync for the mss in domain: zynqmp_fsbl
TRACE::2022-11-18.09:05:26::SCWMssOS::Removing the swdes entry for  C:/Users/SESA630813/work-2/4EV_HandsOn_platt/zynqmp_fsbl/zynqmp_fsbl_bsp/system.mss
TRACE::2022-11-18.09:05:26::SCWMssOS::Saving the mss changes C:/Users/SESA630813/work-2/4EV_HandsOn_platt/zynqmp_pmufw/zynqmp_pmufw_bsp/system.mss
TRACE::2022-11-18.09:05:26::SCWMssOS::Found a swdesign opened with the mssfile.
TRACE::2022-11-18.09:05:26::SCWMssOS::Completed writemss as part of save.
TRACE::2022-11-18.09:05:26::SCWMssOS::Commit changes completed.
TRACE::2022-11-18.09:05:26::SCWMssOS::Completed hw sync for the mss in domain: zynqmp_pmufw
TRACE::2022-11-18.09:05:26::SCWMssOS::Removing the swdes entry for  C:/Users/SESA630813/work-2/4EV_HandsOn_platt/zynqmp_pmufw/zynqmp_pmufw_bsp/system.mss
TRACE::2022-11-18.09:05:26::SCWMssOS::Saving the mss changes C:/Users/SESA630813/work-2/4EV_HandsOn_platt/psu_cortexa53_0/standalone_domain/bsp/system.mss
TRACE::2022-11-18.09:05:26::SCWMssOS::Found a swdesign opened with the mssfile.
TRACE::2022-11-18.09:05:26::SCWMssOS::Completed writemss as part of save.
TRACE::2022-11-18.09:05:26::SCWMssOS::Commit changes completed.
TRACE::2022-11-18.09:05:26::SCWMssOS::Completed hw sync for the mss in domain: standalone_domain
TRACE::2022-11-18.09:05:26::SCWMssOS::Removing the swdes entry for  C:/Users/SESA630813/work-2/4EV_HandsOn_platt/psu_cortexa53_0/standalone_domain/bsp/system.mss
TRACE::2022-11-18.09:05:27::SCWPlatform::Trying to open the hw design at C:/Users/SESA630813/work-2/4EV_HandsOn_platt/hw/Block_4EV_wrapper.xsa
TRACE::2022-11-18.09:05:27::SCWPlatform::DSA given C:/Users/SESA630813/work-2/4EV_HandsOn_platt/hw/Block_4EV_wrapper.xsa
TRACE::2022-11-18.09:05:27::SCWPlatform::DSA absoulate path C:/Users/SESA630813/work-2/4EV_HandsOn_platt/hw/Block_4EV_wrapper.xsa
TRACE::2022-11-18.09:05:27::SCWPlatform::DSA directory C:/Users/SESA630813/work-2/4EV_HandsOn_platt/hw
TRACE::2022-11-18.09:05:27::SCWPlatform:: Platform Path C:/Users/SESA630813/work-2/4EV_HandsOn_platt/hw/Block_4EV_wrapper.xsa
TRACE::2022-11-18.09:05:27::SCWPlatform:: Unique name xilinx:::0.0
TRACE::2022-11-18.09:05:27::SCWPlatform::Do not have an existing db opened. 
TRACE::2022-11-18.09:05:33::SCWPlatform::Opened new HwDB with name Block_4EV_wrapper_5
TRACE::2022-11-18.09:05:33::SCWMssOS::Saving the mss changes C:/Users/SESA630813/work-2/4EV_HandsOn_platt/zynqmp_fsbl/zynqmp_fsbl_bsp/system.mss
TRACE::2022-11-18.09:05:33::SCWMssOS::Adding the swdes entry, mss present, able to open swdb C:/Users/SESA630813/work-2/4EV_HandsOn_platt/zynqmp_fsbl/zynqmp_fsbl_bsp/system.mss with des name system
TRACE::2022-11-18.09:05:33::SCWMssOS::Writing the mss file completed C:/Users/SESA630813/work-2/4EV_HandsOn_platt/zynqmp_fsbl/zynqmp_fsbl_bsp/system.mss
TRACE::2022-11-18.09:05:33::SCWMssOS::Commit changes completed.
TRACE::2022-11-18.09:05:33::SCWMssOS::Saving the mss changes C:/Users/SESA630813/work-2/4EV_HandsOn_platt/zynqmp_pmufw/zynqmp_pmufw_bsp/system.mss
TRACE::2022-11-18.09:05:33::SCWMssOS::Adding the swdes entry, mss present, able to open swdb C:/Users/SESA630813/work-2/4EV_HandsOn_platt/zynqmp_pmufw/zynqmp_pmufw_bsp/system.mss with des name system_0
TRACE::2022-11-18.09:05:33::SCWMssOS::Writing the mss file completed C:/Users/SESA630813/work-2/4EV_HandsOn_platt/zynqmp_pmufw/zynqmp_pmufw_bsp/system.mss
TRACE::2022-11-18.09:05:33::SCWMssOS::Commit changes completed.
TRACE::2022-11-18.09:05:33::SCWMssOS::Saving the mss changes C:/Users/SESA630813/work-2/4EV_HandsOn_platt/psu_cortexa53_0/standalone_domain/bsp/system.mss
TRACE::2022-11-18.09:05:33::SCWMssOS::Adding the swdes entry, mss present, able to open swdb C:/Users/SESA630813/work-2/4EV_HandsOn_platt/psu_cortexa53_0/standalone_domain/bsp/system.mss with des name system_1
TRACE::2022-11-18.09:05:33::SCWMssOS::Writing the mss file completed C:/Users/SESA630813/work-2/4EV_HandsOn_platt/psu_cortexa53_0/standalone_domain/bsp/system.mss
TRACE::2022-11-18.09:05:33::SCWMssOS::Commit changes completed.
TRACE::2022-11-18.09:05:33::SCWPlatform::Trying to open the hw design at C:/Users/SESA630813/work-2/4EV_HandsOn_platt/hw/Block_4EV_wrapper.xsa
TRACE::2022-11-18.09:05:33::SCWPlatform::DSA given C:/Users/SESA630813/work-2/4EV_HandsOn_platt/hw/Block_4EV_wrapper.xsa
TRACE::2022-11-18.09:05:33::SCWPlatform::DSA absoulate path C:/Users/SESA630813/work-2/4EV_HandsOn_platt/hw/Block_4EV_wrapper.xsa
TRACE::2022-11-18.09:05:33::SCWPlatform::DSA directory C:/Users/SESA630813/work-2/4EV_HandsOn_platt/hw
TRACE::2022-11-18.09:05:33::SCWPlatform:: Platform Path C:/Users/SESA630813/work-2/4EV_HandsOn_platt/hw/Block_4EV_wrapper.xsa
TRACE::2022-11-18.09:05:33::SCWPlatform:: Unique name xilinx:::0.0
TRACE::2022-11-18.09:05:33::SCWPlatform::Trying to set the existing hwdb with name Block_4EV_wrapper_5
TRACE::2022-11-18.09:05:33::SCWPlatform::Opened existing hwdb Block_4EV_wrapper_5
TRACE::2022-11-18.09:05:33::SCWPlatform::Found the Hw Db part of the input DSA
TRACE::2022-11-18.09:05:33::SCWMssOS::Checking the sw design at  C:/Users/SESA630813/work-2/4EV_HandsOn_platt/zynqmp_fsbl/zynqmp_fsbl_bsp/system.mss
TRACE::2022-11-18.09:05:33::SCWMssOS::DEBUG:  swdes dump  C:/Users/SESA630813/work-2/4EV_HandsOn_platt/psu_cortexa53_0/standalone_domain/bsp/system.mss|system_1||
C:/Users/SESA630813/work-2/4EV_HandsOn_platt/zynqmp_fsbl/zynqmp_fsbl_bsp/system.mss|system||
C:/Users/SESA630813/work-2/4EV_HandsOn_platt/zynqmp_pmufw/zynqmp_pmufw_bsp/system.mss|system_0||

TRACE::2022-11-18.09:05:33::SCWMssOS::Sw design exists and opened at  C:/Users/SESA630813/work-2/4EV_HandsOn_platt/zynqmp_fsbl/zynqmp_fsbl_bsp/system.mss
TRACE::2022-11-18.09:05:33::SCWPlatform::Trying to open the hw design at C:/Users/SESA630813/work-2/4EV_HandsOn_platt/hw/Block_4EV_wrapper.xsa
TRACE::2022-11-18.09:05:33::SCWPlatform::DSA given C:/Users/SESA630813/work-2/4EV_HandsOn_platt/hw/Block_4EV_wrapper.xsa
TRACE::2022-11-18.09:05:33::SCWPlatform::DSA absoulate path C:/Users/SESA630813/work-2/4EV_HandsOn_platt/hw/Block_4EV_wrapper.xsa
TRACE::2022-11-18.09:05:33::SCWPlatform::DSA directory C:/Users/SESA630813/work-2/4EV_HandsOn_platt/hw
TRACE::2022-11-18.09:05:33::SCWPlatform:: Platform Path C:/Users/SESA630813/work-2/4EV_HandsOn_platt/hw/Block_4EV_wrapper.xsa
TRACE::2022-11-18.09:05:33::SCWPlatform:: Unique name xilinx:::0.0
TRACE::2022-11-18.09:05:33::SCWPlatform::Trying to set the existing hwdb with name Block_4EV_wrapper_5
TRACE::2022-11-18.09:05:33::SCWPlatform::Opened existing hwdb Block_4EV_wrapper_5
TRACE::2022-11-18.09:05:33::SCWPlatform::Found the Hw Db part of the input DSA
TRACE::2022-11-18.09:05:33::SCWMssOS::Checking the sw design at  C:/Users/SESA630813/work-2/4EV_HandsOn_platt/zynqmp_pmufw/zynqmp_pmufw_bsp/system.mss
TRACE::2022-11-18.09:05:33::SCWMssOS::DEBUG:  swdes dump  C:/Users/SESA630813/work-2/4EV_HandsOn_platt/psu_cortexa53_0/standalone_domain/bsp/system.mss|system_1||
C:/Users/SESA630813/work-2/4EV_HandsOn_platt/zynqmp_fsbl/zynqmp_fsbl_bsp/system.mss|system||
C:/Users/SESA630813/work-2/4EV_HandsOn_platt/zynqmp_pmufw/zynqmp_pmufw_bsp/system.mss|system_0||

TRACE::2022-11-18.09:05:33::SCWMssOS::Sw design exists and opened at  C:/Users/SESA630813/work-2/4EV_HandsOn_platt/zynqmp_pmufw/zynqmp_pmufw_bsp/system.mss
TRACE::2022-11-18.09:05:33::SCWPlatform::Trying to open the hw design at C:/Users/SESA630813/work-2/4EV_HandsOn_platt/hw/Block_4EV_wrapper.xsa
TRACE::2022-11-18.09:05:33::SCWPlatform::DSA given C:/Users/SESA630813/work-2/4EV_HandsOn_platt/hw/Block_4EV_wrapper.xsa
TRACE::2022-11-18.09:05:33::SCWPlatform::DSA absoulate path C:/Users/SESA630813/work-2/4EV_HandsOn_platt/hw/Block_4EV_wrapper.xsa
TRACE::2022-11-18.09:05:33::SCWPlatform::DSA directory C:/Users/SESA630813/work-2/4EV_HandsOn_platt/hw
TRACE::2022-11-18.09:05:33::SCWPlatform:: Platform Path C:/Users/SESA630813/work-2/4EV_HandsOn_platt/hw/Block_4EV_wrapper.xsa
TRACE::2022-11-18.09:05:33::SCWPlatform:: Unique name xilinx:::0.0
TRACE::2022-11-18.09:05:33::SCWPlatform::Trying to set the existing hwdb with name Block_4EV_wrapper_5
TRACE::2022-11-18.09:05:33::SCWPlatform::Opened existing hwdb Block_4EV_wrapper_5
TRACE::2022-11-18.09:05:33::SCWPlatform::Found the Hw Db part of the input DSA
TRACE::2022-11-18.09:05:33::SCWMssOS::Checking the sw design at  C:/Users/SESA630813/work-2/4EV_HandsOn_platt/psu_cortexa53_0/standalone_domain/bsp/system.mss
TRACE::2022-11-18.09:05:33::SCWMssOS::DEBUG:  swdes dump  C:/Users/SESA630813/work-2/4EV_HandsOn_platt/psu_cortexa53_0/standalone_domain/bsp/system.mss|system_1||
C:/Users/SESA630813/work-2/4EV_HandsOn_platt/zynqmp_fsbl/zynqmp_fsbl_bsp/system.mss|system||
C:/Users/SESA630813/work-2/4EV_HandsOn_platt/zynqmp_pmufw/zynqmp_pmufw_bsp/system.mss|system_0||

TRACE::2022-11-18.09:05:33::SCWMssOS::Sw design exists and opened at  C:/Users/SESA630813/work-2/4EV_HandsOn_platt/psu_cortexa53_0/standalone_domain/bsp/system.mss
TRACE::2022-11-18.09:05:33::SCWWriter::formatted JSON is {
	"platformName":	"4EV_HandsOn_platt",
	"sprVersion":	"2.0",
	"mode":	"gui",
	"dsaType":	"Fixed",
	"platformDesc":	"4EV_HandsOn_platt",
	"platHandOff":	"C:/Schneider/ScriptingPath/enclustra/4EV-Hands-On/Block_4EV_wrapper.xsa",
	"platIntHandOff":	"<platformDir>/hw/Block_4EV_wrapper.xsa",
	"deviceType":	"zynqMP",
	"platIsPrebuiltAutogen":	"false",
	"platIsNoBootBsp":	"false",
	"platFsblTarget":	"psu_cortexa53_0",
	"hasFsblMakeHasChanges":	"false",
	"hasPmufwMakeHasChanges":	"false",
	"fsblExtraCompilerFlags":	"-MMD -MP      -Wall -fmessage-length=0 -DARMA53_64 -Os -flto -ffat-lto-objects  ",
	"pmufwExtraCompilerFlags":	"-MMD -MP      -mlittle-endian -mxl-barrel-shift -mxl-pattern-compare -mcpu=v9.2 -mxl-soft-mul -Os -flto -ffat-lto-objects  ",
	"platPreBuiltFlag":	false,
	"platformSamplesDir":	"",
	"platActiveSys":	"4EV_HandsOn_platt",
	"systems":	[{
			"systemName":	"4EV_HandsOn_platt",
			"systemDesc":	"4EV_HandsOn_platt",
			"sysIsBootAutoGen":	"true",
			"systemDispName":	"4EV_HandsOn_platt",
			"sysActiveDom":	"standalone_domain",
			"sysDefaultDom":	"standalone_domain",
			"domains":	[{
					"domainName":	"zynqmp_fsbl",
					"domainDispName":	"zynqmp_fsbl",
					"domainDesc":	"FSBL Application BSP - Auto Generated.",
					"processors":	"psu_cortexa53_0",
					"os":	"standalone",
					"sdxOs":	"standalone",
					"debugEnable":	"",
					"domRuntimes":	["cpp"],
					"swRepo":	"",
					"mssOsVer":	"7.6",
					"mssFile":	"",
					"md5Digest":	"f0f90a35a6a229e56057b23e4b7162c6",
					"compatibleApp":	"zynqmp_fsbl",
					"domType":	"bootDomain",
					"arch":	"64-bit",
					"appSettings":	{
						"appCompilerFlags":	"",
						"appLinkerFlags":	""
					},
					"addedLibs":	["xilffs:4.6", "xilsecure:4.6", "xilpm:3.5"],
					"libOptions":	{
						"standalone":	{
							"zynqmp_fsbl_bsp":	"true",
							"libOptionNames":	["zynqmp_fsbl_bsp"]
						},
						"xilffs":	{
							"read_only":	"true",
							"use_mkfs":	"false",
							"libOptionNames":	["read_only", "use_mkfs"]
						},
						"xilsecure":	{
							"tpm_support":	"true",
							"libOptionNames":	["tpm_support"]
						},
						"libsContainingOptions":	["standalone", "xilffs", "xilsecure"]
					},
					"prebuiltLibs":	{
						"prebuiltIncPath":	[],
						"prebuiltLibPath":	[]
					},
					"isolation":	{
					}
				}, {
					"domainName":	"zynqmp_pmufw",
					"domainDispName":	"zynqmp_pmufw",
					"domainDesc":	"PMUFW Application BSP - Auto Generated.",
					"processors":	"psu_pmu_0",
					"os":	"standalone",
					"sdxOs":	"standalone",
					"debugEnable":	"",
					"domRuntimes":	["cpp"],
					"swRepo":	"",
					"mssOsVer":	"7.6",
					"mssFile":	"",
					"md5Digest":	"2252945fa1d34af486e1005da291d4dd",
					"compatibleApp":	"zynqmp_pmufw",
					"domType":	"bootDomain",
					"arch":	"32-bit",
					"appSettings":	{
						"appCompilerFlags":	"",
						"appLinkerFlags":	""
					},
					"addedLibs":	["xilfpga:6.1", "xilsecure:4.6", "xilskey:7.2"],
					"libOptions":	{
						"psu_pmu_0":	{
							"extra_compiler_flags":	"-g -ffunction-sections -fdata-sections -Wall -Wextra -fno-tree-loop-distribute-patterns  -Os -flto -ffat-lto-objects",
							"libOptionNames":	["extra_compiler_flags"]
						},
						"libsContainingOptions":	["psu_pmu_0"]
					},
					"prebuiltLibs":	{
						"prebuiltIncPath":	[],
						"prebuiltLibPath":	[]
					},
					"isolation":	{
					}
				}, {
					"domainName":	"standalone_domain",
					"domainDispName":	"standalone on psu_cortexa53_0",
					"domainDesc":	"standalone_domain",
					"processors":	"psu_cortexa53_0",
					"os":	"standalone",
					"sdxOs":	"standalone",
					"qemuArgs":	"C:/Xilinx3/Vitis/2021.2/data/emulation/platforms/zynqmp/sw/a53_standalone/qemu/qemu_args.txt",
					"qemuData":	"C:/Xilinx3/Vitis/2021.2/data/emulation/platforms/zynqmp/sw/a53_standalone/qemu/",
					"pmuQemuArgs":	"C:/Xilinx3/Vitis/2021.2/data/emulation/platforms/zynqmp/sw/a53_standalone/qemu/pmu_args.txt",
					"debugEnable":	"False",
					"domRuntimes":	["cpp"],
					"swRepo":	"",
					"mssOsVer":	"7.6",
					"mssFile":	"",
					"md5Digest":	"a7380b93d62648222d0ccf0a3c72bcd4",
					"compatibleApp":	"",
					"domType":	"mssDomain",
					"arch":	"64-bit",
					"appSettings":	{
						"appCompilerFlags":	"",
						"appLinkerFlags":	""
					},
					"addedLibs":	[],
					"libOptions":	{
						"libsContainingOptions":	[]
					},
					"prebuiltLibs":	{
						"prebuiltIncPath":	[],
						"prebuiltLibPath":	[]
					},
					"isolation":	{
					}
				}]
		}]
}
LOG::2022-11-18.09:05:33::SCWPlatform::Started generating the artifacts platform 4EV_HandsOn_platt
TRACE::2022-11-18.09:05:33::SCWPlatform::Sanity checking of platform is completed
LOG::2022-11-18.09:05:33::SCWPlatform::Started generating the artifacts for system configuration 4EV_HandsOn_platt
LOG::2022-11-18.09:05:33::SCWSystem::Checking the domain zynqmp_fsbl
LOG::2022-11-18.09:05:33::SCWSystem::Doing application build for :  zynqmp_fsbl
TRACE::2022-11-18.09:05:33::SCWBDomain::Not a forced makefile updation, No changes are present. 
TRACE::2022-11-18.09:05:33::SCWDomain::Skipping the build for domain :  zynqmp_fsbl
LOG::2022-11-18.09:05:33::SCWSystem::Checking the domain zynqmp_pmufw
LOG::2022-11-18.09:05:33::SCWSystem::Doing application build for :  zynqmp_pmufw
TRACE::2022-11-18.09:05:33::SCWBDomain::Not a forced makefile updation, No changes are present. 
TRACE::2022-11-18.09:05:33::SCWDomain::Skipping the build for domain :  zynqmp_pmufw
LOG::2022-11-18.09:05:33::SCWSystem::Checking the domain standalone_domain
LOG::2022-11-18.09:05:33::SCWSystem::Not a boot domain 
LOG::2022-11-18.09:05:33::SCWSystem::Started Processing the domain standalone_domain
TRACE::2022-11-18.09:05:33::SCWDomain::Generating domain artifcats
TRACE::2022-11-18.09:05:33::SCWMssOS::Generating standalone artifcats
TRACE::2022-11-18.09:05:33::SCWMssOS::Copying the qemu file from  C:/Xilinx3/Vitis/2021.2/data/emulation/platforms/zynqmp/sw/a53_standalone/qemu/qemu_args.txt To C:/Users/SESA630813/work-2/4EV_HandsOn_platt/export/4EV_HandsOn_platt/sw/4EV_HandsOn_platt/qemu/
TRACE::2022-11-18.09:05:33::SCWMssOS::Copying the qemu file from  C:/Xilinx3/Vitis/2021.2/data/emulation/platforms/zynqmp/sw/a53_standalone/qemu/qemu_args.txt To C:/Users/SESA630813/work-2/4EV_HandsOn_platt/export/4EV_HandsOn_platt/sw/4EV_HandsOn_platt/qemu/
TRACE::2022-11-18.09:05:33::SCWMssOS::Copying the qemu file from  C:/Xilinx3/Vitis/2021.2/data/emulation/platforms/zynqmp/sw/a53_standalone/qemu/qemu_args.txt To C:/Users/SESA630813/work-2/4EV_HandsOn_platt/export/4EV_HandsOn_platt/sw/4EV_HandsOn_platt/standalone_domain/qemu/
TRACE::2022-11-18.09:05:33::SCWMssOS::Copying the qemu file from  C:/Xilinx3/Vitis/2021.2/data/emulation/platforms/zynqmp/sw/a53_standalone/qemu/qemu_args.txt To C:/Users/SESA630813/work-2/4EV_HandsOn_platt/export/4EV_HandsOn_platt/sw/4EV_HandsOn_platt/standalone_domain/qemu/
TRACE::2022-11-18.09:05:33::SCWMssOS:: Copying the user libraries. 
TRACE::2022-11-18.09:05:33::SCWPlatform::Trying to open the hw design at C:/Users/SESA630813/work-2/4EV_HandsOn_platt/hw/Block_4EV_wrapper.xsa
TRACE::2022-11-18.09:05:33::SCWPlatform::DSA given C:/Users/SESA630813/work-2/4EV_HandsOn_platt/hw/Block_4EV_wrapper.xsa
TRACE::2022-11-18.09:05:33::SCWPlatform::DSA absoulate path C:/Users/SESA630813/work-2/4EV_HandsOn_platt/hw/Block_4EV_wrapper.xsa
TRACE::2022-11-18.09:05:33::SCWPlatform::DSA directory C:/Users/SESA630813/work-2/4EV_HandsOn_platt/hw
TRACE::2022-11-18.09:05:33::SCWPlatform:: Platform Path C:/Users/SESA630813/work-2/4EV_HandsOn_platt/hw/Block_4EV_wrapper.xsa
TRACE::2022-11-18.09:05:33::SCWPlatform:: Unique name xilinx:::0.0
TRACE::2022-11-18.09:05:33::SCWPlatform::Trying to set the existing hwdb with name Block_4EV_wrapper_5
TRACE::2022-11-18.09:05:33::SCWPlatform::Opened existing hwdb Block_4EV_wrapper_5
TRACE::2022-11-18.09:05:33::SCWPlatform::Found the Hw Db part of the input DSA
TRACE::2022-11-18.09:05:33::SCWMssOS::Checking the sw design at  C:/Users/SESA630813/work-2/4EV_HandsOn_platt/psu_cortexa53_0/standalone_domain/bsp/system.mss
TRACE::2022-11-18.09:05:33::SCWMssOS::DEBUG:  swdes dump  C:/Users/SESA630813/work-2/4EV_HandsOn_platt/psu_cortexa53_0/standalone_domain/bsp/system.mss|system_1||
C:/Users/SESA630813/work-2/4EV_HandsOn_platt/zynqmp_fsbl/zynqmp_fsbl_bsp/system.mss|system||
C:/Users/SESA630813/work-2/4EV_HandsOn_platt/zynqmp_pmufw/zynqmp_pmufw_bsp/system.mss|system_0||

TRACE::2022-11-18.09:05:33::SCWMssOS::Sw design exists and opened at  C:/Users/SESA630813/work-2/4EV_HandsOn_platt/psu_cortexa53_0/standalone_domain/bsp/system.mss
TRACE::2022-11-18.09:05:33::SCWMssOS::Completed writing the mss file at C:/Users/SESA630813/work-2/4EV_HandsOn_platt/psu_cortexa53_0/standalone_domain/bsp
TRACE::2022-11-18.09:05:33::SCWMssOS::Mss edits present, copying mssfile into export location C:/Users/SESA630813/work-2/4EV_HandsOn_platt/psu_cortexa53_0/standalone_domain/bsp/system.mss
TRACE::2022-11-18.09:05:33::SCWMssOS::bsp generated is upto date with the mss file. Skipping bsp generation.
TRACE::2022-11-18.09:05:33::SCWMssOS::BSP is already built. skipping the bsp build ... 
TRACE::2022-11-18.09:05:33::SCWDomain::Skipping the build for domain :  standalone_domain
TRACE::2022-11-18.09:05:33::SCWMssOS::skipping the bsp build ... 
TRACE::2022-11-18.09:05:33::SCWMssOS::Copying to export directory.
TRACE::2022-11-18.09:05:35::SCWMssOS:: Checking if to create the Supporting Applications
TRACE::2022-11-18.09:05:35::SCWMssOS:: No Linux domain exists, trying to generate FSBL 
LOG::2022-11-18.09:05:35::SCWSystem::Completed Processing the domain standalone_domain
LOG::2022-11-18.09:05:35::SCWSystem::Completed Processing the sysconfig 4EV_HandsOn_platt
LOG::2022-11-18.09:05:35::SCWPlatform::Completed generating the artifacts for system configuration 4EV_HandsOn_platt
TRACE::2022-11-18.09:05:35::SCWPlatform::Started preparing the platform 
TRACE::2022-11-18.09:05:35::SCWSystem::Writing the bif file for system config 4EV_HandsOn_platt
TRACE::2022-11-18.09:05:35::SCWSystem::dir created 
TRACE::2022-11-18.09:05:35::SCWSystem::Writing the bif 
TRACE::2022-11-18.09:05:35::SCWPlatform::Started writing the spfm file 
TRACE::2022-11-18.09:05:35::SCWPlatform::Started writing the xpfm file 
TRACE::2022-11-18.09:05:35::SCWPlatform::Completed generating the platform
TRACE::2022-11-18.09:05:35::SCWMssOS::Saving the mss changes C:/Users/SESA630813/work-2/4EV_HandsOn_platt/zynqmp_fsbl/zynqmp_fsbl_bsp/system.mss
TRACE::2022-11-18.09:05:35::SCWMssOS::Found a swdesign opened with the mssfile.
TRACE::2022-11-18.09:05:35::SCWMssOS::Completed writemss as part of save.
TRACE::2022-11-18.09:05:35::SCWMssOS::Commit changes completed.
TRACE::2022-11-18.09:05:35::SCWMssOS::Saving the mss changes C:/Users/SESA630813/work-2/4EV_HandsOn_platt/zynqmp_pmufw/zynqmp_pmufw_bsp/system.mss
TRACE::2022-11-18.09:05:35::SCWMssOS::Found a swdesign opened with the mssfile.
TRACE::2022-11-18.09:05:35::SCWMssOS::Completed writemss as part of save.
TRACE::2022-11-18.09:05:35::SCWMssOS::Commit changes completed.
TRACE::2022-11-18.09:05:35::SCWMssOS::Saving the mss changes C:/Users/SESA630813/work-2/4EV_HandsOn_platt/psu_cortexa53_0/standalone_domain/bsp/system.mss
TRACE::2022-11-18.09:05:35::SCWMssOS::Found a swdesign opened with the mssfile.
TRACE::2022-11-18.09:05:35::SCWMssOS::Completed writemss as part of save.
TRACE::2022-11-18.09:05:35::SCWMssOS::Commit changes completed.
TRACE::2022-11-18.09:05:35::SCWPlatform::Trying to open the hw design at C:/Users/SESA630813/work-2/4EV_HandsOn_platt/hw/Block_4EV_wrapper.xsa
TRACE::2022-11-18.09:05:35::SCWPlatform::DSA given C:/Users/SESA630813/work-2/4EV_HandsOn_platt/hw/Block_4EV_wrapper.xsa
TRACE::2022-11-18.09:05:35::SCWPlatform::DSA absoulate path C:/Users/SESA630813/work-2/4EV_HandsOn_platt/hw/Block_4EV_wrapper.xsa
TRACE::2022-11-18.09:05:35::SCWPlatform::DSA directory C:/Users/SESA630813/work-2/4EV_HandsOn_platt/hw
TRACE::2022-11-18.09:05:35::SCWPlatform:: Platform Path C:/Users/SESA630813/work-2/4EV_HandsOn_platt/hw/Block_4EV_wrapper.xsa
TRACE::2022-11-18.09:05:35::SCWPlatform:: Unique name xilinx:::0.0
TRACE::2022-11-18.09:05:35::SCWPlatform::Trying to set the existing hwdb with name Block_4EV_wrapper_5
TRACE::2022-11-18.09:05:35::SCWPlatform::Opened existing hwdb Block_4EV_wrapper_5
TRACE::2022-11-18.09:05:35::SCWPlatform::Found the Hw Db part of the input DSA
TRACE::2022-11-18.09:05:35::SCWMssOS::Checking the sw design at  C:/Users/SESA630813/work-2/4EV_HandsOn_platt/zynqmp_fsbl/zynqmp_fsbl_bsp/system.mss
TRACE::2022-11-18.09:05:35::SCWMssOS::DEBUG:  swdes dump  C:/Users/SESA630813/work-2/4EV_HandsOn_platt/psu_cortexa53_0/standalone_domain/bsp/system.mss|system_1||
C:/Users/SESA630813/work-2/4EV_HandsOn_platt/zynqmp_fsbl/zynqmp_fsbl_bsp/system.mss|system||
C:/Users/SESA630813/work-2/4EV_HandsOn_platt/zynqmp_pmufw/zynqmp_pmufw_bsp/system.mss|system_0||

TRACE::2022-11-18.09:05:35::SCWMssOS::Sw design exists and opened at  C:/Users/SESA630813/work-2/4EV_HandsOn_platt/zynqmp_fsbl/zynqmp_fsbl_bsp/system.mss
TRACE::2022-11-18.09:05:35::SCWPlatform::Trying to open the hw design at C:/Users/SESA630813/work-2/4EV_HandsOn_platt/hw/Block_4EV_wrapper.xsa
TRACE::2022-11-18.09:05:35::SCWPlatform::DSA given C:/Users/SESA630813/work-2/4EV_HandsOn_platt/hw/Block_4EV_wrapper.xsa
TRACE::2022-11-18.09:05:35::SCWPlatform::DSA absoulate path C:/Users/SESA630813/work-2/4EV_HandsOn_platt/hw/Block_4EV_wrapper.xsa
TRACE::2022-11-18.09:05:35::SCWPlatform::DSA directory C:/Users/SESA630813/work-2/4EV_HandsOn_platt/hw
TRACE::2022-11-18.09:05:35::SCWPlatform:: Platform Path C:/Users/SESA630813/work-2/4EV_HandsOn_platt/hw/Block_4EV_wrapper.xsa
TRACE::2022-11-18.09:05:35::SCWPlatform:: Unique name xilinx:::0.0
TRACE::2022-11-18.09:05:35::SCWPlatform::Trying to set the existing hwdb with name Block_4EV_wrapper_5
TRACE::2022-11-18.09:05:35::SCWPlatform::Opened existing hwdb Block_4EV_wrapper_5
TRACE::2022-11-18.09:05:35::SCWPlatform::Found the Hw Db part of the input DSA
TRACE::2022-11-18.09:05:35::SCWMssOS::Checking the sw design at  C:/Users/SESA630813/work-2/4EV_HandsOn_platt/zynqmp_pmufw/zynqmp_pmufw_bsp/system.mss
TRACE::2022-11-18.09:05:35::SCWMssOS::DEBUG:  swdes dump  C:/Users/SESA630813/work-2/4EV_HandsOn_platt/psu_cortexa53_0/standalone_domain/bsp/system.mss|system_1||
C:/Users/SESA630813/work-2/4EV_HandsOn_platt/zynqmp_fsbl/zynqmp_fsbl_bsp/system.mss|system||
C:/Users/SESA630813/work-2/4EV_HandsOn_platt/zynqmp_pmufw/zynqmp_pmufw_bsp/system.mss|system_0||

TRACE::2022-11-18.09:05:35::SCWMssOS::Sw design exists and opened at  C:/Users/SESA630813/work-2/4EV_HandsOn_platt/zynqmp_pmufw/zynqmp_pmufw_bsp/system.mss
TRACE::2022-11-18.09:05:35::SCWPlatform::Trying to open the hw design at C:/Users/SESA630813/work-2/4EV_HandsOn_platt/hw/Block_4EV_wrapper.xsa
TRACE::2022-11-18.09:05:35::SCWPlatform::DSA given C:/Users/SESA630813/work-2/4EV_HandsOn_platt/hw/Block_4EV_wrapper.xsa
TRACE::2022-11-18.09:05:35::SCWPlatform::DSA absoulate path C:/Users/SESA630813/work-2/4EV_HandsOn_platt/hw/Block_4EV_wrapper.xsa
TRACE::2022-11-18.09:05:35::SCWPlatform::DSA directory C:/Users/SESA630813/work-2/4EV_HandsOn_platt/hw
TRACE::2022-11-18.09:05:35::SCWPlatform:: Platform Path C:/Users/SESA630813/work-2/4EV_HandsOn_platt/hw/Block_4EV_wrapper.xsa
TRACE::2022-11-18.09:05:35::SCWPlatform:: Unique name xilinx:::0.0
TRACE::2022-11-18.09:05:35::SCWPlatform::Trying to set the existing hwdb with name Block_4EV_wrapper_5
TRACE::2022-11-18.09:05:35::SCWPlatform::Opened existing hwdb Block_4EV_wrapper_5
TRACE::2022-11-18.09:05:35::SCWPlatform::Found the Hw Db part of the input DSA
TRACE::2022-11-18.09:05:35::SCWMssOS::Checking the sw design at  C:/Users/SESA630813/work-2/4EV_HandsOn_platt/psu_cortexa53_0/standalone_domain/bsp/system.mss
TRACE::2022-11-18.09:05:35::SCWMssOS::DEBUG:  swdes dump  C:/Users/SESA630813/work-2/4EV_HandsOn_platt/psu_cortexa53_0/standalone_domain/bsp/system.mss|system_1||
C:/Users/SESA630813/work-2/4EV_HandsOn_platt/zynqmp_fsbl/zynqmp_fsbl_bsp/system.mss|system||
C:/Users/SESA630813/work-2/4EV_HandsOn_platt/zynqmp_pmufw/zynqmp_pmufw_bsp/system.mss|system_0||

TRACE::2022-11-18.09:05:35::SCWMssOS::Sw design exists and opened at  C:/Users/SESA630813/work-2/4EV_HandsOn_platt/psu_cortexa53_0/standalone_domain/bsp/system.mss
TRACE::2022-11-18.09:05:35::SCWWriter::formatted JSON is {
	"platformName":	"4EV_HandsOn_platt",
	"sprVersion":	"2.0",
	"mode":	"gui",
	"dsaType":	"Fixed",
	"platformDesc":	"4EV_HandsOn_platt",
	"platHandOff":	"C:/Schneider/ScriptingPath/enclustra/4EV-Hands-On/Block_4EV_wrapper.xsa",
	"platIntHandOff":	"<platformDir>/hw/Block_4EV_wrapper.xsa",
	"deviceType":	"zynqMP",
	"platIsPrebuiltAutogen":	"false",
	"platIsNoBootBsp":	"false",
	"platFsblTarget":	"psu_cortexa53_0",
	"hasFsblMakeHasChanges":	"false",
	"hasPmufwMakeHasChanges":	"false",
	"fsblExtraCompilerFlags":	"-MMD -MP      -Wall -fmessage-length=0 -DARMA53_64 -Os -flto -ffat-lto-objects  ",
	"pmufwExtraCompilerFlags":	"-MMD -MP      -mlittle-endian -mxl-barrel-shift -mxl-pattern-compare -mcpu=v9.2 -mxl-soft-mul -Os -flto -ffat-lto-objects  ",
	"platPreBuiltFlag":	false,
	"platformSamplesDir":	"",
	"platActiveSys":	"4EV_HandsOn_platt",
	"systems":	[{
			"systemName":	"4EV_HandsOn_platt",
			"systemDesc":	"4EV_HandsOn_platt",
			"sysIsBootAutoGen":	"true",
			"systemDispName":	"4EV_HandsOn_platt",
			"sysActiveDom":	"standalone_domain",
			"sysDefaultDom":	"standalone_domain",
			"domains":	[{
					"domainName":	"zynqmp_fsbl",
					"domainDispName":	"zynqmp_fsbl",
					"domainDesc":	"FSBL Application BSP - Auto Generated.",
					"processors":	"psu_cortexa53_0",
					"os":	"standalone",
					"sdxOs":	"standalone",
					"debugEnable":	"",
					"domRuntimes":	["cpp"],
					"swRepo":	"",
					"mssOsVer":	"7.6",
					"mssFile":	"",
					"md5Digest":	"f0f90a35a6a229e56057b23e4b7162c6",
					"compatibleApp":	"zynqmp_fsbl",
					"domType":	"bootDomain",
					"arch":	"64-bit",
					"appSettings":	{
						"appCompilerFlags":	"",
						"appLinkerFlags":	""
					},
					"addedLibs":	["xilffs:4.6", "xilsecure:4.6", "xilpm:3.5"],
					"libOptions":	{
						"standalone":	{
							"zynqmp_fsbl_bsp":	"true",
							"libOptionNames":	["zynqmp_fsbl_bsp"]
						},
						"xilffs":	{
							"read_only":	"true",
							"use_mkfs":	"false",
							"libOptionNames":	["read_only", "use_mkfs"]
						},
						"xilsecure":	{
							"tpm_support":	"true",
							"libOptionNames":	["tpm_support"]
						},
						"libsContainingOptions":	["standalone", "xilffs", "xilsecure"]
					},
					"prebuiltLibs":	{
						"prebuiltIncPath":	[],
						"prebuiltLibPath":	[]
					},
					"isolation":	{
					}
				}, {
					"domainName":	"zynqmp_pmufw",
					"domainDispName":	"zynqmp_pmufw",
					"domainDesc":	"PMUFW Application BSP - Auto Generated.",
					"processors":	"psu_pmu_0",
					"os":	"standalone",
					"sdxOs":	"standalone",
					"debugEnable":	"",
					"domRuntimes":	["cpp"],
					"swRepo":	"",
					"mssOsVer":	"7.6",
					"mssFile":	"",
					"md5Digest":	"2252945fa1d34af486e1005da291d4dd",
					"compatibleApp":	"zynqmp_pmufw",
					"domType":	"bootDomain",
					"arch":	"32-bit",
					"appSettings":	{
						"appCompilerFlags":	"",
						"appLinkerFlags":	""
					},
					"addedLibs":	["xilfpga:6.1", "xilsecure:4.6", "xilskey:7.2"],
					"libOptions":	{
						"psu_pmu_0":	{
							"extra_compiler_flags":	"-g -ffunction-sections -fdata-sections -Wall -Wextra -fno-tree-loop-distribute-patterns  -Os -flto -ffat-lto-objects",
							"libOptionNames":	["extra_compiler_flags"]
						},
						"libsContainingOptions":	["psu_pmu_0"]
					},
					"prebuiltLibs":	{
						"prebuiltIncPath":	[],
						"prebuiltLibPath":	[]
					},
					"isolation":	{
					}
				}, {
					"domainName":	"standalone_domain",
					"domainDispName":	"standalone on psu_cortexa53_0",
					"domainDesc":	"standalone_domain",
					"processors":	"psu_cortexa53_0",
					"os":	"standalone",
					"sdxOs":	"standalone",
					"qemuArgs":	"C:/Xilinx3/Vitis/2021.2/data/emulation/platforms/zynqmp/sw/a53_standalone/qemu/qemu_args.txt",
					"qemuData":	"C:/Xilinx3/Vitis/2021.2/data/emulation/platforms/zynqmp/sw/a53_standalone/qemu/",
					"pmuQemuArgs":	"C:/Xilinx3/Vitis/2021.2/data/emulation/platforms/zynqmp/sw/a53_standalone/qemu/pmu_args.txt",
					"debugEnable":	"False",
					"domRuntimes":	["cpp"],
					"swRepo":	"",
					"mssOsVer":	"7.6",
					"mssFile":	"",
					"md5Digest":	"a7380b93d62648222d0ccf0a3c72bcd4",
					"compatibleApp":	"",
					"domType":	"mssDomain",
					"arch":	"64-bit",
					"appSettings":	{
						"appCompilerFlags":	"",
						"appLinkerFlags":	""
					},
					"addedLibs":	[],
					"libOptions":	{
						"libsContainingOptions":	[]
					},
					"prebuiltLibs":	{
						"prebuiltIncPath":	[],
						"prebuiltLibPath":	[]
					},
					"isolation":	{
					}
				}]
		}]
}
KEYINFO::2022-11-18.09:05:35::SCWPlatform::updated the xpfm file.
TRACE::2022-11-18.09:05:35::SCWPlatform::Trying to open the hw design at C:/Users/SESA630813/work-2/4EV_HandsOn_platt/hw/Block_4EV_wrapper.xsa
TRACE::2022-11-18.09:05:35::SCWPlatform::DSA given C:/Users/SESA630813/work-2/4EV_HandsOn_platt/hw/Block_4EV_wrapper.xsa
TRACE::2022-11-18.09:05:35::SCWPlatform::DSA absoulate path C:/Users/SESA630813/work-2/4EV_HandsOn_platt/hw/Block_4EV_wrapper.xsa
TRACE::2022-11-18.09:05:35::SCWPlatform::DSA directory C:/Users/SESA630813/work-2/4EV_HandsOn_platt/hw
TRACE::2022-11-18.09:05:35::SCWPlatform:: Platform Path C:/Users/SESA630813/work-2/4EV_HandsOn_platt/hw/Block_4EV_wrapper.xsa
TRACE::2022-11-18.09:05:35::SCWPlatform:: Unique name xilinx:::0.0
TRACE::2022-11-18.09:05:35::SCWPlatform::Trying to set the existing hwdb with name Block_4EV_wrapper_5
TRACE::2022-11-18.09:05:35::SCWPlatform::Opened existing hwdb Block_4EV_wrapper_5
TRACE::2022-11-18.09:05:35::SCWPlatform::Found the Hw Db part of the input DSA
TRACE::2022-11-18.09:05:35::SCWMssOS::Checking the sw design at  C:/Users/SESA630813/work-2/4EV_HandsOn_platt/psu_cortexa53_0/standalone_domain/bsp/system.mss
TRACE::2022-11-18.09:05:35::SCWMssOS::DEBUG:  swdes dump  C:/Users/SESA630813/work-2/4EV_HandsOn_platt/psu_cortexa53_0/standalone_domain/bsp/system.mss|system_1||
C:/Users/SESA630813/work-2/4EV_HandsOn_platt/zynqmp_fsbl/zynqmp_fsbl_bsp/system.mss|system||
C:/Users/SESA630813/work-2/4EV_HandsOn_platt/zynqmp_pmufw/zynqmp_pmufw_bsp/system.mss|system_0||

TRACE::2022-11-18.09:05:35::SCWMssOS::Sw design exists and opened at  C:/Users/SESA630813/work-2/4EV_HandsOn_platt/psu_cortexa53_0/standalone_domain/bsp/system.mss
TRACE::2022-11-18.09:05:37::SCWPlatform::Clearing the existing platform
TRACE::2022-11-18.09:05:37::SCWSystem::Clearing the existing sysconfig
TRACE::2022-11-18.09:05:37::SCWBDomain::clearing the fsbl build
TRACE::2022-11-18.09:05:37::SCWMssOS::Removing the swdes entry for  C:/Users/SESA630813/work-2/4EV_HandsOn_platt/zynqmp_fsbl/zynqmp_fsbl_bsp/system.mss
TRACE::2022-11-18.09:05:37::SCWBDomain::clearing the pmufw build
TRACE::2022-11-18.09:05:37::SCWMssOS::Removing the swdes entry for  C:/Users/SESA630813/work-2/4EV_HandsOn_platt/zynqmp_pmufw/zynqmp_pmufw_bsp/system.mss
TRACE::2022-11-18.09:05:37::SCWMssOS::Removing the swdes entry for  C:/Users/SESA630813/work-2/4EV_HandsOn_platt/psu_cortexa53_0/standalone_domain/bsp/system.mss
TRACE::2022-11-18.09:05:37::SCWSystem::Clearing the domains completed.
TRACE::2022-11-18.09:05:37::SCWPlatform::Clearing the opened hw db.
TRACE::2022-11-18.09:05:37::SCWPlatform::DSA given C:/Users/SESA630813/work-2/4EV_HandsOn_platt/hw/Block_4EV_wrapper.xsa
TRACE::2022-11-18.09:05:37::SCWPlatform::DSA absoulate path C:/Users/SESA630813/work-2/4EV_HandsOn_platt/hw/Block_4EV_wrapper.xsa
TRACE::2022-11-18.09:05:37::SCWPlatform:: Platform location is C:/Users/SESA630813/work-2/4EV_HandsOn_platt/hw
TRACE::2022-11-18.09:05:37::SCWPlatform:: Platform Path C:/Users/SESA630813/work-2/4EV_HandsOn_platt/hw/Block_4EV_wrapper.xsa
TRACE::2022-11-18.09:05:37::SCWPlatform:: Unique name xilinx:::0.0
TRACE::2022-11-18.09:05:37::SCWPlatform::Removing the HwDB with name C:/Users/SESA630813/work-2/4EV_HandsOn_platt/hw/Block_4EV_wrapper.xsa
TRACE::2022-11-18.09:05:37::SCWPlatform::Trying to open the hw design at C:/Users/SESA630813/work-2/4EV_HandsOn_platt/hw/Block_4EV_wrapper.xsa
TRACE::2022-11-18.09:05:37::SCWPlatform::DSA given C:/Users/SESA630813/work-2/4EV_HandsOn_platt/hw/Block_4EV_wrapper.xsa
TRACE::2022-11-18.09:05:37::SCWPlatform::DSA absoulate path C:/Users/SESA630813/work-2/4EV_HandsOn_platt/hw/Block_4EV_wrapper.xsa
TRACE::2022-11-18.09:05:37::SCWPlatform::DSA directory C:/Users/SESA630813/work-2/4EV_HandsOn_platt/hw
TRACE::2022-11-18.09:05:37::SCWPlatform:: Platform Path C:/Users/SESA630813/work-2/4EV_HandsOn_platt/hw/Block_4EV_wrapper.xsa
TRACE::2022-11-18.09:05:37::SCWPlatform:: Unique name xilinx:::0.0
TRACE::2022-11-18.09:05:37::SCWPlatform::Do not have an existing db opened. 
TRACE::2022-11-18.09:05:43::SCWPlatform::Opened new HwDB with name Block_4EV_wrapper_6
TRACE::2022-11-18.09:05:43::SCWReader::Active system found as  4EV_HandsOn_platt
TRACE::2022-11-18.09:05:43::SCWReader::Handling sysconfig 4EV_HandsOn_platt
TRACE::2022-11-18.09:05:43::SCWDomain::checking for install qemu data   : 
TRACE::2022-11-18.09:05:43::SCWDomain:: Using the QEMU Data from install at  : C:/Xilinx3/Vitis/2021.2/data/emulation/platforms/zynqmp/sw/a53_standalone/qemu/
TRACE::2022-11-18.09:05:43::SCWDomain:: Using the QEMU args  from install at  : C:/Xilinx3/Vitis/2021.2/data/emulation/platforms/zynqmp/sw/a53_standalone/qemu/qemu_args.txt
TRACE::2022-11-18.09:05:43::SCWDomain:: Using the PMUQEMU args from install at  : C:/Xilinx3/Vitis/2021.2/data/emulation/platforms/zynqmp/sw/a53_standalone/qemu/pmu_args.txt
TRACE::2022-11-18.09:05:43::SCWPlatform::Trying to open the hw design at C:/Users/SESA630813/work-2/4EV_HandsOn_platt/hw/Block_4EV_wrapper.xsa
TRACE::2022-11-18.09:05:43::SCWPlatform::DSA given C:/Users/SESA630813/work-2/4EV_HandsOn_platt/hw/Block_4EV_wrapper.xsa
TRACE::2022-11-18.09:05:43::SCWPlatform::DSA absoulate path C:/Users/SESA630813/work-2/4EV_HandsOn_platt/hw/Block_4EV_wrapper.xsa
TRACE::2022-11-18.09:05:43::SCWPlatform::DSA directory C:/Users/SESA630813/work-2/4EV_HandsOn_platt/hw
TRACE::2022-11-18.09:05:43::SCWPlatform:: Platform Path C:/Users/SESA630813/work-2/4EV_HandsOn_platt/hw/Block_4EV_wrapper.xsa
TRACE::2022-11-18.09:05:43::SCWPlatform:: Unique name xilinx:::0.0
TRACE::2022-11-18.09:05:43::SCWPlatform::Trying to set the existing hwdb with name Block_4EV_wrapper_6
TRACE::2022-11-18.09:05:43::SCWPlatform::Opened existing hwdb Block_4EV_wrapper_6
TRACE::2022-11-18.09:05:43::SCWPlatform::Found the Hw Db part of the input DSA
TRACE::2022-11-18.09:05:43::SCWPlatform::Trying to open the hw design at C:/Users/SESA630813/work-2/4EV_HandsOn_platt/hw/Block_4EV_wrapper.xsa
TRACE::2022-11-18.09:05:43::SCWPlatform::DSA given C:/Users/SESA630813/work-2/4EV_HandsOn_platt/hw/Block_4EV_wrapper.xsa
TRACE::2022-11-18.09:05:43::SCWPlatform::DSA absoulate path C:/Users/SESA630813/work-2/4EV_HandsOn_platt/hw/Block_4EV_wrapper.xsa
TRACE::2022-11-18.09:05:43::SCWPlatform::DSA directory C:/Users/SESA630813/work-2/4EV_HandsOn_platt/hw
TRACE::2022-11-18.09:05:43::SCWPlatform:: Platform Path C:/Users/SESA630813/work-2/4EV_HandsOn_platt/hw/Block_4EV_wrapper.xsa
TRACE::2022-11-18.09:05:43::SCWPlatform:: Unique name xilinx:::0.0
TRACE::2022-11-18.09:05:43::SCWPlatform::Trying to set the existing hwdb with name Block_4EV_wrapper_6
TRACE::2022-11-18.09:05:43::SCWPlatform::Opened existing hwdb Block_4EV_wrapper_6
TRACE::2022-11-18.09:05:43::SCWPlatform::Found the Hw Db part of the input DSA
TRACE::2022-11-18.09:05:43::SCWPlatform::Trying to open the hw design at C:/Users/SESA630813/work-2/4EV_HandsOn_platt/hw/Block_4EV_wrapper.xsa
TRACE::2022-11-18.09:05:43::SCWPlatform::DSA given C:/Users/SESA630813/work-2/4EV_HandsOn_platt/hw/Block_4EV_wrapper.xsa
TRACE::2022-11-18.09:05:43::SCWPlatform::DSA absoulate path C:/Users/SESA630813/work-2/4EV_HandsOn_platt/hw/Block_4EV_wrapper.xsa
TRACE::2022-11-18.09:05:43::SCWPlatform::DSA directory C:/Users/SESA630813/work-2/4EV_HandsOn_platt/hw
TRACE::2022-11-18.09:05:43::SCWPlatform:: Platform Path C:/Users/SESA630813/work-2/4EV_HandsOn_platt/hw/Block_4EV_wrapper.xsa
TRACE::2022-11-18.09:05:43::SCWPlatform:: Unique name xilinx:::0.0
TRACE::2022-11-18.09:05:43::SCWPlatform::Trying to set the existing hwdb with name Block_4EV_wrapper_6
TRACE::2022-11-18.09:05:43::SCWPlatform::Opened existing hwdb Block_4EV_wrapper_6
TRACE::2022-11-18.09:05:43::SCWPlatform::Found the Hw Db part of the input DSA
TRACE::2022-11-18.09:05:43::SCWReader::Boot application domain added for zynqmp_fsbl
TRACE::2022-11-18.09:05:43::SCWPlatform::Trying to open the hw design at C:/Users/SESA630813/work-2/4EV_HandsOn_platt/hw/Block_4EV_wrapper.xsa
TRACE::2022-11-18.09:05:43::SCWPlatform::DSA given C:/Users/SESA630813/work-2/4EV_HandsOn_platt/hw/Block_4EV_wrapper.xsa
TRACE::2022-11-18.09:05:43::SCWPlatform::DSA absoulate path C:/Users/SESA630813/work-2/4EV_HandsOn_platt/hw/Block_4EV_wrapper.xsa
TRACE::2022-11-18.09:05:43::SCWPlatform::DSA directory C:/Users/SESA630813/work-2/4EV_HandsOn_platt/hw
TRACE::2022-11-18.09:05:43::SCWPlatform:: Platform Path C:/Users/SESA630813/work-2/4EV_HandsOn_platt/hw/Block_4EV_wrapper.xsa
TRACE::2022-11-18.09:05:43::SCWPlatform:: Unique name xilinx:::0.0
TRACE::2022-11-18.09:05:43::SCWPlatform::Trying to set the existing hwdb with name Block_4EV_wrapper_6
TRACE::2022-11-18.09:05:43::SCWPlatform::Opened existing hwdb Block_4EV_wrapper_6
TRACE::2022-11-18.09:05:43::SCWPlatform::Found the Hw Db part of the input DSA
TRACE::2022-11-18.09:05:43::SCWMssOS::Checking the sw design at  C:/Users/SESA630813/work-2/4EV_HandsOn_platt/zynqmp_fsbl/zynqmp_fsbl_bsp/system.mss
TRACE::2022-11-18.09:05:43::SCWMssOS::DEBUG:  swdes dump  
TRACE::2022-11-18.09:05:43::SCWMssOS::No sw design opened at  C:/Users/SESA630813/work-2/4EV_HandsOn_platt/zynqmp_fsbl/zynqmp_fsbl_bsp/system.mss
TRACE::2022-11-18.09:05:43::SCWMssOS::mss exists loading the mss file  C:/Users/SESA630813/work-2/4EV_HandsOn_platt/zynqmp_fsbl/zynqmp_fsbl_bsp/system.mss
TRACE::2022-11-18.09:05:43::SCWMssOS::Opened the sw design from mss  C:/Users/SESA630813/work-2/4EV_HandsOn_platt/zynqmp_fsbl/zynqmp_fsbl_bsp/system.mss
TRACE::2022-11-18.09:05:43::SCWMssOS::Adding the swdes entry C:/Users/SESA630813/work-2/4EV_HandsOn_platt/zynqmp_fsbl/zynqmp_fsbl_bsp/system.mss with des name system
TRACE::2022-11-18.09:05:43::SCWMssOS::updating the scw layer about changes
TRACE::2022-11-18.09:05:43::SCWMssOS::Opened the sw design.  C:/Users/SESA630813/work-2/4EV_HandsOn_platt/zynqmp_fsbl/zynqmp_fsbl_bsp/system.mss
TRACE::2022-11-18.09:05:43::SCWPlatform::Trying to open the hw design at C:/Users/SESA630813/work-2/4EV_HandsOn_platt/hw/Block_4EV_wrapper.xsa
TRACE::2022-11-18.09:05:43::SCWPlatform::DSA given C:/Users/SESA630813/work-2/4EV_HandsOn_platt/hw/Block_4EV_wrapper.xsa
TRACE::2022-11-18.09:05:43::SCWPlatform::DSA absoulate path C:/Users/SESA630813/work-2/4EV_HandsOn_platt/hw/Block_4EV_wrapper.xsa
TRACE::2022-11-18.09:05:43::SCWPlatform::DSA directory C:/Users/SESA630813/work-2/4EV_HandsOn_platt/hw
TRACE::2022-11-18.09:05:43::SCWPlatform:: Platform Path C:/Users/SESA630813/work-2/4EV_HandsOn_platt/hw/Block_4EV_wrapper.xsa
TRACE::2022-11-18.09:05:43::SCWPlatform:: Unique name xilinx:::0.0
TRACE::2022-11-18.09:05:43::SCWPlatform::Trying to set the existing hwdb with name Block_4EV_wrapper_6
TRACE::2022-11-18.09:05:43::SCWPlatform::Opened existing hwdb Block_4EV_wrapper_6
TRACE::2022-11-18.09:05:43::SCWPlatform::Found the Hw Db part of the input DSA
TRACE::2022-11-18.09:05:43::SCWMssOS::Checking the sw design at  C:/Users/SESA630813/work-2/4EV_HandsOn_platt/zynqmp_fsbl/zynqmp_fsbl_bsp/system.mss
TRACE::2022-11-18.09:05:43::SCWMssOS::DEBUG:  swdes dump  C:/Users/SESA630813/work-2/4EV_HandsOn_platt/zynqmp_fsbl/zynqmp_fsbl_bsp/system.mss|system||

TRACE::2022-11-18.09:05:43::SCWMssOS::Sw design exists and opened at  C:/Users/SESA630813/work-2/4EV_HandsOn_platt/zynqmp_fsbl/zynqmp_fsbl_bsp/system.mss
TRACE::2022-11-18.09:05:43::SCWMssOS:: library already available in sw design:  xilffs:4.6
TRACE::2022-11-18.09:05:43::SCWPlatform::Trying to open the hw design at C:/Users/SESA630813/work-2/4EV_HandsOn_platt/hw/Block_4EV_wrapper.xsa
TRACE::2022-11-18.09:05:43::SCWPlatform::DSA given C:/Users/SESA630813/work-2/4EV_HandsOn_platt/hw/Block_4EV_wrapper.xsa
TRACE::2022-11-18.09:05:43::SCWPlatform::DSA absoulate path C:/Users/SESA630813/work-2/4EV_HandsOn_platt/hw/Block_4EV_wrapper.xsa
TRACE::2022-11-18.09:05:43::SCWPlatform::DSA directory C:/Users/SESA630813/work-2/4EV_HandsOn_platt/hw
TRACE::2022-11-18.09:05:43::SCWPlatform:: Platform Path C:/Users/SESA630813/work-2/4EV_HandsOn_platt/hw/Block_4EV_wrapper.xsa
TRACE::2022-11-18.09:05:43::SCWPlatform:: Unique name xilinx:::0.0
TRACE::2022-11-18.09:05:43::SCWPlatform::Trying to set the existing hwdb with name Block_4EV_wrapper_6
TRACE::2022-11-18.09:05:43::SCWPlatform::Opened existing hwdb Block_4EV_wrapper_6
TRACE::2022-11-18.09:05:43::SCWPlatform::Found the Hw Db part of the input DSA
TRACE::2022-11-18.09:05:43::SCWMssOS::Checking the sw design at  C:/Users/SESA630813/work-2/4EV_HandsOn_platt/zynqmp_fsbl/zynqmp_fsbl_bsp/system.mss
TRACE::2022-11-18.09:05:43::SCWMssOS::DEBUG:  swdes dump  C:/Users/SESA630813/work-2/4EV_HandsOn_platt/zynqmp_fsbl/zynqmp_fsbl_bsp/system.mss|system||

TRACE::2022-11-18.09:05:43::SCWMssOS::Sw design exists and opened at  C:/Users/SESA630813/work-2/4EV_HandsOn_platt/zynqmp_fsbl/zynqmp_fsbl_bsp/system.mss
TRACE::2022-11-18.09:05:43::SCWMssOS:: library already available in sw design:  xilsecure:4.6
TRACE::2022-11-18.09:05:43::SCWPlatform::Trying to open the hw design at C:/Users/SESA630813/work-2/4EV_HandsOn_platt/hw/Block_4EV_wrapper.xsa
TRACE::2022-11-18.09:05:43::SCWPlatform::DSA given C:/Users/SESA630813/work-2/4EV_HandsOn_platt/hw/Block_4EV_wrapper.xsa
TRACE::2022-11-18.09:05:43::SCWPlatform::DSA absoulate path C:/Users/SESA630813/work-2/4EV_HandsOn_platt/hw/Block_4EV_wrapper.xsa
TRACE::2022-11-18.09:05:43::SCWPlatform::DSA directory C:/Users/SESA630813/work-2/4EV_HandsOn_platt/hw
TRACE::2022-11-18.09:05:43::SCWPlatform:: Platform Path C:/Users/SESA630813/work-2/4EV_HandsOn_platt/hw/Block_4EV_wrapper.xsa
TRACE::2022-11-18.09:05:43::SCWPlatform:: Unique name xilinx:::0.0
TRACE::2022-11-18.09:05:43::SCWPlatform::Trying to set the existing hwdb with name Block_4EV_wrapper_6
TRACE::2022-11-18.09:05:43::SCWPlatform::Opened existing hwdb Block_4EV_wrapper_6
TRACE::2022-11-18.09:05:43::SCWPlatform::Found the Hw Db part of the input DSA
TRACE::2022-11-18.09:05:43::SCWMssOS::Checking the sw design at  C:/Users/SESA630813/work-2/4EV_HandsOn_platt/zynqmp_fsbl/zynqmp_fsbl_bsp/system.mss
TRACE::2022-11-18.09:05:43::SCWMssOS::DEBUG:  swdes dump  C:/Users/SESA630813/work-2/4EV_HandsOn_platt/zynqmp_fsbl/zynqmp_fsbl_bsp/system.mss|system||

TRACE::2022-11-18.09:05:43::SCWMssOS::Sw design exists and opened at  C:/Users/SESA630813/work-2/4EV_HandsOn_platt/zynqmp_fsbl/zynqmp_fsbl_bsp/system.mss
TRACE::2022-11-18.09:05:43::SCWMssOS:: library already available in sw design:  xilpm:3.5
TRACE::2022-11-18.09:05:43::SCWPlatform::Trying to open the hw design at C:/Users/SESA630813/work-2/4EV_HandsOn_platt/hw/Block_4EV_wrapper.xsa
TRACE::2022-11-18.09:05:43::SCWPlatform::DSA given C:/Users/SESA630813/work-2/4EV_HandsOn_platt/hw/Block_4EV_wrapper.xsa
TRACE::2022-11-18.09:05:43::SCWPlatform::DSA absoulate path C:/Users/SESA630813/work-2/4EV_HandsOn_platt/hw/Block_4EV_wrapper.xsa
TRACE::2022-11-18.09:05:43::SCWPlatform::DSA directory C:/Users/SESA630813/work-2/4EV_HandsOn_platt/hw
TRACE::2022-11-18.09:05:43::SCWPlatform:: Platform Path C:/Users/SESA630813/work-2/4EV_HandsOn_platt/hw/Block_4EV_wrapper.xsa
TRACE::2022-11-18.09:05:43::SCWPlatform:: Unique name xilinx:::0.0
TRACE::2022-11-18.09:05:43::SCWPlatform::Trying to set the existing hwdb with name Block_4EV_wrapper_6
TRACE::2022-11-18.09:05:43::SCWPlatform::Opened existing hwdb Block_4EV_wrapper_6
TRACE::2022-11-18.09:05:43::SCWPlatform::Found the Hw Db part of the input DSA
TRACE::2022-11-18.09:05:43::SCWMssOS::Checking the sw design at  C:/Users/SESA630813/work-2/4EV_HandsOn_platt/zynqmp_fsbl/zynqmp_fsbl_bsp/system.mss
TRACE::2022-11-18.09:05:43::SCWMssOS::DEBUG:  swdes dump  C:/Users/SESA630813/work-2/4EV_HandsOn_platt/zynqmp_fsbl/zynqmp_fsbl_bsp/system.mss|system||

TRACE::2022-11-18.09:05:43::SCWMssOS::Sw design exists and opened at  C:/Users/SESA630813/work-2/4EV_HandsOn_platt/zynqmp_fsbl/zynqmp_fsbl_bsp/system.mss
TRACE::2022-11-18.09:05:43::SCWPlatform::Trying to open the hw design at C:/Users/SESA630813/work-2/4EV_HandsOn_platt/hw/Block_4EV_wrapper.xsa
TRACE::2022-11-18.09:05:43::SCWPlatform::DSA given C:/Users/SESA630813/work-2/4EV_HandsOn_platt/hw/Block_4EV_wrapper.xsa
TRACE::2022-11-18.09:05:43::SCWPlatform::DSA absoulate path C:/Users/SESA630813/work-2/4EV_HandsOn_platt/hw/Block_4EV_wrapper.xsa
TRACE::2022-11-18.09:05:43::SCWPlatform::DSA directory C:/Users/SESA630813/work-2/4EV_HandsOn_platt/hw
TRACE::2022-11-18.09:05:43::SCWPlatform:: Platform Path C:/Users/SESA630813/work-2/4EV_HandsOn_platt/hw/Block_4EV_wrapper.xsa
TRACE::2022-11-18.09:05:43::SCWPlatform:: Unique name xilinx:::0.0
TRACE::2022-11-18.09:05:43::SCWPlatform::Trying to set the existing hwdb with name Block_4EV_wrapper_6
TRACE::2022-11-18.09:05:43::SCWPlatform::Opened existing hwdb Block_4EV_wrapper_6
TRACE::2022-11-18.09:05:43::SCWPlatform::Found the Hw Db part of the input DSA
TRACE::2022-11-18.09:05:43::SCWMssOS::Checking the sw design at  C:/Users/SESA630813/work-2/4EV_HandsOn_platt/zynqmp_fsbl/zynqmp_fsbl_bsp/system.mss
TRACE::2022-11-18.09:05:43::SCWMssOS::DEBUG:  swdes dump  C:/Users/SESA630813/work-2/4EV_HandsOn_platt/zynqmp_fsbl/zynqmp_fsbl_bsp/system.mss|system||

TRACE::2022-11-18.09:05:43::SCWMssOS::Sw design exists and opened at  C:/Users/SESA630813/work-2/4EV_HandsOn_platt/zynqmp_fsbl/zynqmp_fsbl_bsp/system.mss
TRACE::2022-11-18.09:05:43::SCWPlatform::Trying to open the hw design at C:/Users/SESA630813/work-2/4EV_HandsOn_platt/hw/Block_4EV_wrapper.xsa
TRACE::2022-11-18.09:05:43::SCWPlatform::DSA given C:/Users/SESA630813/work-2/4EV_HandsOn_platt/hw/Block_4EV_wrapper.xsa
TRACE::2022-11-18.09:05:43::SCWPlatform::DSA absoulate path C:/Users/SESA630813/work-2/4EV_HandsOn_platt/hw/Block_4EV_wrapper.xsa
TRACE::2022-11-18.09:05:43::SCWPlatform::DSA directory C:/Users/SESA630813/work-2/4EV_HandsOn_platt/hw
TRACE::2022-11-18.09:05:43::SCWPlatform:: Platform Path C:/Users/SESA630813/work-2/4EV_HandsOn_platt/hw/Block_4EV_wrapper.xsa
TRACE::2022-11-18.09:05:43::SCWPlatform:: Unique name xilinx:::0.0
TRACE::2022-11-18.09:05:43::SCWPlatform::Trying to set the existing hwdb with name Block_4EV_wrapper_6
TRACE::2022-11-18.09:05:43::SCWPlatform::Opened existing hwdb Block_4EV_wrapper_6
TRACE::2022-11-18.09:05:43::SCWPlatform::Found the Hw Db part of the input DSA
TRACE::2022-11-18.09:05:43::SCWMssOS::Checking the sw design at  C:/Users/SESA630813/work-2/4EV_HandsOn_platt/zynqmp_fsbl/zynqmp_fsbl_bsp/system.mss
TRACE::2022-11-18.09:05:43::SCWMssOS::DEBUG:  swdes dump  C:/Users/SESA630813/work-2/4EV_HandsOn_platt/zynqmp_fsbl/zynqmp_fsbl_bsp/system.mss|system||

TRACE::2022-11-18.09:05:43::SCWMssOS::Sw design exists and opened at  C:/Users/SESA630813/work-2/4EV_HandsOn_platt/zynqmp_fsbl/zynqmp_fsbl_bsp/system.mss
TRACE::2022-11-18.09:05:43::SCWPlatform::Trying to open the hw design at C:/Users/SESA630813/work-2/4EV_HandsOn_platt/hw/Block_4EV_wrapper.xsa
TRACE::2022-11-18.09:05:43::SCWPlatform::DSA given C:/Users/SESA630813/work-2/4EV_HandsOn_platt/hw/Block_4EV_wrapper.xsa
TRACE::2022-11-18.09:05:43::SCWPlatform::DSA absoulate path C:/Users/SESA630813/work-2/4EV_HandsOn_platt/hw/Block_4EV_wrapper.xsa
TRACE::2022-11-18.09:05:43::SCWPlatform::DSA directory C:/Users/SESA630813/work-2/4EV_HandsOn_platt/hw
TRACE::2022-11-18.09:05:43::SCWPlatform:: Platform Path C:/Users/SESA630813/work-2/4EV_HandsOn_platt/hw/Block_4EV_wrapper.xsa
TRACE::2022-11-18.09:05:43::SCWPlatform:: Unique name xilinx:::0.0
TRACE::2022-11-18.09:05:43::SCWPlatform::Trying to set the existing hwdb with name Block_4EV_wrapper_6
TRACE::2022-11-18.09:05:43::SCWPlatform::Opened existing hwdb Block_4EV_wrapper_6
TRACE::2022-11-18.09:05:43::SCWPlatform::Found the Hw Db part of the input DSA
TRACE::2022-11-18.09:05:43::SCWMssOS::Checking the sw design at  C:/Users/SESA630813/work-2/4EV_HandsOn_platt/zynqmp_fsbl/zynqmp_fsbl_bsp/system.mss
TRACE::2022-11-18.09:05:43::SCWMssOS::DEBUG:  swdes dump  C:/Users/SESA630813/work-2/4EV_HandsOn_platt/zynqmp_fsbl/zynqmp_fsbl_bsp/system.mss|system||

TRACE::2022-11-18.09:05:43::SCWMssOS::Sw design exists and opened at  C:/Users/SESA630813/work-2/4EV_HandsOn_platt/zynqmp_fsbl/zynqmp_fsbl_bsp/system.mss
TRACE::2022-11-18.09:05:43::SCWPlatform::Trying to open the hw design at C:/Users/SESA630813/work-2/4EV_HandsOn_platt/hw/Block_4EV_wrapper.xsa
TRACE::2022-11-18.09:05:43::SCWPlatform::DSA given C:/Users/SESA630813/work-2/4EV_HandsOn_platt/hw/Block_4EV_wrapper.xsa
TRACE::2022-11-18.09:05:43::SCWPlatform::DSA absoulate path C:/Users/SESA630813/work-2/4EV_HandsOn_platt/hw/Block_4EV_wrapper.xsa
TRACE::2022-11-18.09:05:43::SCWPlatform::DSA directory C:/Users/SESA630813/work-2/4EV_HandsOn_platt/hw
TRACE::2022-11-18.09:05:43::SCWPlatform:: Platform Path C:/Users/SESA630813/work-2/4EV_HandsOn_platt/hw/Block_4EV_wrapper.xsa
TRACE::2022-11-18.09:05:43::SCWPlatform:: Unique name xilinx:::0.0
TRACE::2022-11-18.09:05:43::SCWPlatform::Trying to set the existing hwdb with name Block_4EV_wrapper_6
TRACE::2022-11-18.09:05:43::SCWPlatform::Opened existing hwdb Block_4EV_wrapper_6
TRACE::2022-11-18.09:05:43::SCWPlatform::Found the Hw Db part of the input DSA
TRACE::2022-11-18.09:05:43::SCWMssOS::Checking the sw design at  C:/Users/SESA630813/work-2/4EV_HandsOn_platt/zynqmp_fsbl/zynqmp_fsbl_bsp/system.mss
TRACE::2022-11-18.09:05:43::SCWMssOS::DEBUG:  swdes dump  C:/Users/SESA630813/work-2/4EV_HandsOn_platt/zynqmp_fsbl/zynqmp_fsbl_bsp/system.mss|system||

TRACE::2022-11-18.09:05:43::SCWMssOS::Sw design exists and opened at  C:/Users/SESA630813/work-2/4EV_HandsOn_platt/zynqmp_fsbl/zynqmp_fsbl_bsp/system.mss
TRACE::2022-11-18.09:05:43::SCWPlatform::Trying to open the hw design at C:/Users/SESA630813/work-2/4EV_HandsOn_platt/hw/Block_4EV_wrapper.xsa
TRACE::2022-11-18.09:05:43::SCWPlatform::DSA given C:/Users/SESA630813/work-2/4EV_HandsOn_platt/hw/Block_4EV_wrapper.xsa
TRACE::2022-11-18.09:05:43::SCWPlatform::DSA absoulate path C:/Users/SESA630813/work-2/4EV_HandsOn_platt/hw/Block_4EV_wrapper.xsa
TRACE::2022-11-18.09:05:43::SCWPlatform::DSA directory C:/Users/SESA630813/work-2/4EV_HandsOn_platt/hw
TRACE::2022-11-18.09:05:43::SCWPlatform:: Platform Path C:/Users/SESA630813/work-2/4EV_HandsOn_platt/hw/Block_4EV_wrapper.xsa
TRACE::2022-11-18.09:05:43::SCWPlatform:: Unique name xilinx:::0.0
TRACE::2022-11-18.09:05:43::SCWPlatform::Trying to set the existing hwdb with name Block_4EV_wrapper_6
TRACE::2022-11-18.09:05:43::SCWPlatform::Opened existing hwdb Block_4EV_wrapper_6
TRACE::2022-11-18.09:05:43::SCWPlatform::Found the Hw Db part of the input DSA
TRACE::2022-11-18.09:05:43::SCWMssOS::Checking the sw design at  C:/Users/SESA630813/work-2/4EV_HandsOn_platt/zynqmp_fsbl/zynqmp_fsbl_bsp/system.mss
TRACE::2022-11-18.09:05:43::SCWMssOS::DEBUG:  swdes dump  C:/Users/SESA630813/work-2/4EV_HandsOn_platt/zynqmp_fsbl/zynqmp_fsbl_bsp/system.mss|system||

TRACE::2022-11-18.09:05:43::SCWMssOS::Sw design exists and opened at  C:/Users/SESA630813/work-2/4EV_HandsOn_platt/zynqmp_fsbl/zynqmp_fsbl_bsp/system.mss
TRACE::2022-11-18.09:05:43::SCWPlatform::Trying to open the hw design at C:/Users/SESA630813/work-2/4EV_HandsOn_platt/hw/Block_4EV_wrapper.xsa
TRACE::2022-11-18.09:05:43::SCWPlatform::DSA given C:/Users/SESA630813/work-2/4EV_HandsOn_platt/hw/Block_4EV_wrapper.xsa
TRACE::2022-11-18.09:05:43::SCWPlatform::DSA absoulate path C:/Users/SESA630813/work-2/4EV_HandsOn_platt/hw/Block_4EV_wrapper.xsa
TRACE::2022-11-18.09:05:43::SCWPlatform::DSA directory C:/Users/SESA630813/work-2/4EV_HandsOn_platt/hw
TRACE::2022-11-18.09:05:43::SCWPlatform:: Platform Path C:/Users/SESA630813/work-2/4EV_HandsOn_platt/hw/Block_4EV_wrapper.xsa
TRACE::2022-11-18.09:05:43::SCWPlatform:: Unique name xilinx:::0.0
TRACE::2022-11-18.09:05:43::SCWPlatform::Trying to set the existing hwdb with name Block_4EV_wrapper_6
TRACE::2022-11-18.09:05:43::SCWPlatform::Opened existing hwdb Block_4EV_wrapper_6
TRACE::2022-11-18.09:05:43::SCWPlatform::Found the Hw Db part of the input DSA
TRACE::2022-11-18.09:05:43::SCWMssOS::Checking the sw design at  C:/Users/SESA630813/work-2/4EV_HandsOn_platt/zynqmp_fsbl/zynqmp_fsbl_bsp/system.mss
TRACE::2022-11-18.09:05:43::SCWMssOS::DEBUG:  swdes dump  C:/Users/SESA630813/work-2/4EV_HandsOn_platt/zynqmp_fsbl/zynqmp_fsbl_bsp/system.mss|system||

TRACE::2022-11-18.09:05:43::SCWMssOS::Sw design exists and opened at  C:/Users/SESA630813/work-2/4EV_HandsOn_platt/zynqmp_fsbl/zynqmp_fsbl_bsp/system.mss
TRACE::2022-11-18.09:05:43::SCWPlatform::Trying to open the hw design at C:/Users/SESA630813/work-2/4EV_HandsOn_platt/hw/Block_4EV_wrapper.xsa
TRACE::2022-11-18.09:05:43::SCWPlatform::DSA given C:/Users/SESA630813/work-2/4EV_HandsOn_platt/hw/Block_4EV_wrapper.xsa
TRACE::2022-11-18.09:05:43::SCWPlatform::DSA absoulate path C:/Users/SESA630813/work-2/4EV_HandsOn_platt/hw/Block_4EV_wrapper.xsa
TRACE::2022-11-18.09:05:43::SCWPlatform::DSA directory C:/Users/SESA630813/work-2/4EV_HandsOn_platt/hw
TRACE::2022-11-18.09:05:43::SCWPlatform:: Platform Path C:/Users/SESA630813/work-2/4EV_HandsOn_platt/hw/Block_4EV_wrapper.xsa
TRACE::2022-11-18.09:05:43::SCWPlatform:: Unique name xilinx:::0.0
TRACE::2022-11-18.09:05:43::SCWPlatform::Trying to set the existing hwdb with name Block_4EV_wrapper_6
TRACE::2022-11-18.09:05:43::SCWPlatform::Opened existing hwdb Block_4EV_wrapper_6
TRACE::2022-11-18.09:05:43::SCWPlatform::Found the Hw Db part of the input DSA
TRACE::2022-11-18.09:05:43::SCWMssOS::Checking the sw design at  C:/Users/SESA630813/work-2/4EV_HandsOn_platt/zynqmp_fsbl/zynqmp_fsbl_bsp/system.mss
TRACE::2022-11-18.09:05:43::SCWMssOS::DEBUG:  swdes dump  C:/Users/SESA630813/work-2/4EV_HandsOn_platt/zynqmp_fsbl/zynqmp_fsbl_bsp/system.mss|system||

TRACE::2022-11-18.09:05:43::SCWMssOS::Sw design exists and opened at  C:/Users/SESA630813/work-2/4EV_HandsOn_platt/zynqmp_fsbl/zynqmp_fsbl_bsp/system.mss
TRACE::2022-11-18.09:05:43::SCWMssOS::Saving the mss changes C:/Users/SESA630813/work-2/4EV_HandsOn_platt/zynqmp_fsbl/zynqmp_fsbl_bsp/system.mss
TRACE::2022-11-18.09:05:43::SCWMssOS::Found a swdesign opened with the mssfile.
TRACE::2022-11-18.09:05:43::SCWMssOS::Completed writemss as part of save.
TRACE::2022-11-18.09:05:43::SCWMssOS::Commit changes completed.
TRACE::2022-11-18.09:05:43::SCWReader::Adding prebuilt librarypaths as   
TRACE::2022-11-18.09:05:43::SCWReader::Adding prebuilt incpaths  as   
TRACE::2022-11-18.09:05:43::SCWPlatform::Trying to open the hw design at C:/Users/SESA630813/work-2/4EV_HandsOn_platt/hw/Block_4EV_wrapper.xsa
TRACE::2022-11-18.09:05:43::SCWPlatform::DSA given C:/Users/SESA630813/work-2/4EV_HandsOn_platt/hw/Block_4EV_wrapper.xsa
TRACE::2022-11-18.09:05:43::SCWPlatform::DSA absoulate path C:/Users/SESA630813/work-2/4EV_HandsOn_platt/hw/Block_4EV_wrapper.xsa
TRACE::2022-11-18.09:05:43::SCWPlatform::DSA directory C:/Users/SESA630813/work-2/4EV_HandsOn_platt/hw
TRACE::2022-11-18.09:05:43::SCWPlatform:: Platform Path C:/Users/SESA630813/work-2/4EV_HandsOn_platt/hw/Block_4EV_wrapper.xsa
TRACE::2022-11-18.09:05:43::SCWPlatform:: Unique name xilinx:::0.0
TRACE::2022-11-18.09:05:43::SCWPlatform::Trying to set the existing hwdb with name Block_4EV_wrapper_6
TRACE::2022-11-18.09:05:43::SCWPlatform::Opened existing hwdb Block_4EV_wrapper_6
TRACE::2022-11-18.09:05:43::SCWPlatform::Found the Hw Db part of the input DSA
TRACE::2022-11-18.09:05:43::SCWMssOS::Checking the sw design at  C:/Users/SESA630813/work-2/4EV_HandsOn_platt/zynqmp_fsbl/zynqmp_fsbl_bsp/system.mss
TRACE::2022-11-18.09:05:43::SCWMssOS::DEBUG:  swdes dump  C:/Users/SESA630813/work-2/4EV_HandsOn_platt/zynqmp_fsbl/zynqmp_fsbl_bsp/system.mss|system||

TRACE::2022-11-18.09:05:43::SCWMssOS::Sw design exists and opened at  C:/Users/SESA630813/work-2/4EV_HandsOn_platt/zynqmp_fsbl/zynqmp_fsbl_bsp/system.mss
TRACE::2022-11-18.09:05:43::SCWReader::No isolation master present  
TRACE::2022-11-18.09:05:43::SCWDomain::checking for install qemu data   : 
TRACE::2022-11-18.09:05:43::SCWDomain:: Using the QEMU Data from install at  : C:/Xilinx3/Vitis/2021.2/data/emulation/platforms/zynqmp/sw/a53_standalone/qemu/
TRACE::2022-11-18.09:05:43::SCWDomain:: Using the QEMU args  from install at  : C:/Xilinx3/Vitis/2021.2/data/emulation/platforms/zynqmp/sw/a53_standalone/qemu/qemu_args.txt
TRACE::2022-11-18.09:05:43::SCWDomain:: Using the PMUQEMU args from install at  : C:/Xilinx3/Vitis/2021.2/data/emulation/platforms/zynqmp/sw/a53_standalone/qemu/pmu_args.txt
TRACE::2022-11-18.09:05:43::SCWPlatform::Trying to open the hw design at C:/Users/SESA630813/work-2/4EV_HandsOn_platt/hw/Block_4EV_wrapper.xsa
TRACE::2022-11-18.09:05:43::SCWPlatform::DSA given C:/Users/SESA630813/work-2/4EV_HandsOn_platt/hw/Block_4EV_wrapper.xsa
TRACE::2022-11-18.09:05:43::SCWPlatform::DSA absoulate path C:/Users/SESA630813/work-2/4EV_HandsOn_platt/hw/Block_4EV_wrapper.xsa
TRACE::2022-11-18.09:05:43::SCWPlatform::DSA directory C:/Users/SESA630813/work-2/4EV_HandsOn_platt/hw
TRACE::2022-11-18.09:05:43::SCWPlatform:: Platform Path C:/Users/SESA630813/work-2/4EV_HandsOn_platt/hw/Block_4EV_wrapper.xsa
TRACE::2022-11-18.09:05:43::SCWPlatform:: Unique name xilinx:::0.0
TRACE::2022-11-18.09:05:43::SCWPlatform::Trying to set the existing hwdb with name Block_4EV_wrapper_6
TRACE::2022-11-18.09:05:43::SCWPlatform::Opened existing hwdb Block_4EV_wrapper_6
TRACE::2022-11-18.09:05:43::SCWPlatform::Found the Hw Db part of the input DSA
TRACE::2022-11-18.09:05:43::SCWReader::Boot application domain added for zynqmp_pmufw
TRACE::2022-11-18.09:05:43::SCWPlatform::Trying to open the hw design at C:/Users/SESA630813/work-2/4EV_HandsOn_platt/hw/Block_4EV_wrapper.xsa
TRACE::2022-11-18.09:05:43::SCWPlatform::DSA given C:/Users/SESA630813/work-2/4EV_HandsOn_platt/hw/Block_4EV_wrapper.xsa
TRACE::2022-11-18.09:05:43::SCWPlatform::DSA absoulate path C:/Users/SESA630813/work-2/4EV_HandsOn_platt/hw/Block_4EV_wrapper.xsa
TRACE::2022-11-18.09:05:43::SCWPlatform::DSA directory C:/Users/SESA630813/work-2/4EV_HandsOn_platt/hw
TRACE::2022-11-18.09:05:43::SCWPlatform:: Platform Path C:/Users/SESA630813/work-2/4EV_HandsOn_platt/hw/Block_4EV_wrapper.xsa
TRACE::2022-11-18.09:05:43::SCWPlatform:: Unique name xilinx:::0.0
TRACE::2022-11-18.09:05:43::SCWPlatform::Trying to set the existing hwdb with name Block_4EV_wrapper_6
TRACE::2022-11-18.09:05:43::SCWPlatform::Opened existing hwdb Block_4EV_wrapper_6
TRACE::2022-11-18.09:05:43::SCWPlatform::Found the Hw Db part of the input DSA
TRACE::2022-11-18.09:05:43::SCWMssOS::Checking the sw design at  C:/Users/SESA630813/work-2/4EV_HandsOn_platt/zynqmp_pmufw/zynqmp_pmufw_bsp/system.mss
TRACE::2022-11-18.09:05:43::SCWMssOS::DEBUG:  swdes dump  C:/Users/SESA630813/work-2/4EV_HandsOn_platt/zynqmp_fsbl/zynqmp_fsbl_bsp/system.mss|system||

TRACE::2022-11-18.09:05:43::SCWMssOS::No sw design opened at  C:/Users/SESA630813/work-2/4EV_HandsOn_platt/zynqmp_pmufw/zynqmp_pmufw_bsp/system.mss
TRACE::2022-11-18.09:05:43::SCWMssOS::mss exists loading the mss file  C:/Users/SESA630813/work-2/4EV_HandsOn_platt/zynqmp_pmufw/zynqmp_pmufw_bsp/system.mss
TRACE::2022-11-18.09:05:43::SCWMssOS::Opened the sw design from mss  C:/Users/SESA630813/work-2/4EV_HandsOn_platt/zynqmp_pmufw/zynqmp_pmufw_bsp/system.mss
TRACE::2022-11-18.09:05:43::SCWMssOS::Adding the swdes entry C:/Users/SESA630813/work-2/4EV_HandsOn_platt/zynqmp_pmufw/zynqmp_pmufw_bsp/system.mss with des name system_0
TRACE::2022-11-18.09:05:43::SCWMssOS::updating the scw layer about changes
TRACE::2022-11-18.09:05:43::SCWMssOS::Opened the sw design.  C:/Users/SESA630813/work-2/4EV_HandsOn_platt/zynqmp_pmufw/zynqmp_pmufw_bsp/system.mss
TRACE::2022-11-18.09:05:43::SCWPlatform::Trying to open the hw design at C:/Users/SESA630813/work-2/4EV_HandsOn_platt/hw/Block_4EV_wrapper.xsa
TRACE::2022-11-18.09:05:43::SCWPlatform::DSA given C:/Users/SESA630813/work-2/4EV_HandsOn_platt/hw/Block_4EV_wrapper.xsa
TRACE::2022-11-18.09:05:43::SCWPlatform::DSA absoulate path C:/Users/SESA630813/work-2/4EV_HandsOn_platt/hw/Block_4EV_wrapper.xsa
TRACE::2022-11-18.09:05:43::SCWPlatform::DSA directory C:/Users/SESA630813/work-2/4EV_HandsOn_platt/hw
TRACE::2022-11-18.09:05:43::SCWPlatform:: Platform Path C:/Users/SESA630813/work-2/4EV_HandsOn_platt/hw/Block_4EV_wrapper.xsa
TRACE::2022-11-18.09:05:43::SCWPlatform:: Unique name xilinx:::0.0
TRACE::2022-11-18.09:05:43::SCWPlatform::Trying to set the existing hwdb with name Block_4EV_wrapper_6
TRACE::2022-11-18.09:05:43::SCWPlatform::Opened existing hwdb Block_4EV_wrapper_6
TRACE::2022-11-18.09:05:43::SCWPlatform::Found the Hw Db part of the input DSA
TRACE::2022-11-18.09:05:43::SCWMssOS::Checking the sw design at  C:/Users/SESA630813/work-2/4EV_HandsOn_platt/zynqmp_pmufw/zynqmp_pmufw_bsp/system.mss
TRACE::2022-11-18.09:05:43::SCWMssOS::DEBUG:  swdes dump  C:/Users/SESA630813/work-2/4EV_HandsOn_platt/zynqmp_fsbl/zynqmp_fsbl_bsp/system.mss|system||
C:/Users/SESA630813/work-2/4EV_HandsOn_platt/zynqmp_pmufw/zynqmp_pmufw_bsp/system.mss|system_0||

TRACE::2022-11-18.09:05:43::SCWMssOS::Sw design exists and opened at  C:/Users/SESA630813/work-2/4EV_HandsOn_platt/zynqmp_pmufw/zynqmp_pmufw_bsp/system.mss
TRACE::2022-11-18.09:05:43::SCWMssOS:: library already available in sw design:  xilfpga:6.1
TRACE::2022-11-18.09:05:43::SCWPlatform::Trying to open the hw design at C:/Users/SESA630813/work-2/4EV_HandsOn_platt/hw/Block_4EV_wrapper.xsa
TRACE::2022-11-18.09:05:43::SCWPlatform::DSA given C:/Users/SESA630813/work-2/4EV_HandsOn_platt/hw/Block_4EV_wrapper.xsa
TRACE::2022-11-18.09:05:43::SCWPlatform::DSA absoulate path C:/Users/SESA630813/work-2/4EV_HandsOn_platt/hw/Block_4EV_wrapper.xsa
TRACE::2022-11-18.09:05:43::SCWPlatform::DSA directory C:/Users/SESA630813/work-2/4EV_HandsOn_platt/hw
TRACE::2022-11-18.09:05:43::SCWPlatform:: Platform Path C:/Users/SESA630813/work-2/4EV_HandsOn_platt/hw/Block_4EV_wrapper.xsa
TRACE::2022-11-18.09:05:43::SCWPlatform:: Unique name xilinx:::0.0
TRACE::2022-11-18.09:05:43::SCWPlatform::Trying to set the existing hwdb with name Block_4EV_wrapper_6
TRACE::2022-11-18.09:05:43::SCWPlatform::Opened existing hwdb Block_4EV_wrapper_6
TRACE::2022-11-18.09:05:43::SCWPlatform::Found the Hw Db part of the input DSA
TRACE::2022-11-18.09:05:43::SCWMssOS::Checking the sw design at  C:/Users/SESA630813/work-2/4EV_HandsOn_platt/zynqmp_pmufw/zynqmp_pmufw_bsp/system.mss
TRACE::2022-11-18.09:05:43::SCWMssOS::DEBUG:  swdes dump  C:/Users/SESA630813/work-2/4EV_HandsOn_platt/zynqmp_fsbl/zynqmp_fsbl_bsp/system.mss|system||
C:/Users/SESA630813/work-2/4EV_HandsOn_platt/zynqmp_pmufw/zynqmp_pmufw_bsp/system.mss|system_0||

TRACE::2022-11-18.09:05:43::SCWMssOS::Sw design exists and opened at  C:/Users/SESA630813/work-2/4EV_HandsOn_platt/zynqmp_pmufw/zynqmp_pmufw_bsp/system.mss
TRACE::2022-11-18.09:05:43::SCWMssOS:: library already available in sw design:  xilsecure:4.6
TRACE::2022-11-18.09:05:43::SCWPlatform::Trying to open the hw design at C:/Users/SESA630813/work-2/4EV_HandsOn_platt/hw/Block_4EV_wrapper.xsa
TRACE::2022-11-18.09:05:43::SCWPlatform::DSA given C:/Users/SESA630813/work-2/4EV_HandsOn_platt/hw/Block_4EV_wrapper.xsa
TRACE::2022-11-18.09:05:43::SCWPlatform::DSA absoulate path C:/Users/SESA630813/work-2/4EV_HandsOn_platt/hw/Block_4EV_wrapper.xsa
TRACE::2022-11-18.09:05:43::SCWPlatform::DSA directory C:/Users/SESA630813/work-2/4EV_HandsOn_platt/hw
TRACE::2022-11-18.09:05:43::SCWPlatform:: Platform Path C:/Users/SESA630813/work-2/4EV_HandsOn_platt/hw/Block_4EV_wrapper.xsa
TRACE::2022-11-18.09:05:43::SCWPlatform:: Unique name xilinx:::0.0
TRACE::2022-11-18.09:05:43::SCWPlatform::Trying to set the existing hwdb with name Block_4EV_wrapper_6
TRACE::2022-11-18.09:05:43::SCWPlatform::Opened existing hwdb Block_4EV_wrapper_6
TRACE::2022-11-18.09:05:43::SCWPlatform::Found the Hw Db part of the input DSA
TRACE::2022-11-18.09:05:43::SCWMssOS::Checking the sw design at  C:/Users/SESA630813/work-2/4EV_HandsOn_platt/zynqmp_pmufw/zynqmp_pmufw_bsp/system.mss
TRACE::2022-11-18.09:05:43::SCWMssOS::DEBUG:  swdes dump  C:/Users/SESA630813/work-2/4EV_HandsOn_platt/zynqmp_fsbl/zynqmp_fsbl_bsp/system.mss|system||
C:/Users/SESA630813/work-2/4EV_HandsOn_platt/zynqmp_pmufw/zynqmp_pmufw_bsp/system.mss|system_0||

TRACE::2022-11-18.09:05:43::SCWMssOS::Sw design exists and opened at  C:/Users/SESA630813/work-2/4EV_HandsOn_platt/zynqmp_pmufw/zynqmp_pmufw_bsp/system.mss
TRACE::2022-11-18.09:05:43::SCWMssOS:: library already available in sw design:  xilskey:7.2
TRACE::2022-11-18.09:05:43::SCWPlatform::Trying to open the hw design at C:/Users/SESA630813/work-2/4EV_HandsOn_platt/hw/Block_4EV_wrapper.xsa
TRACE::2022-11-18.09:05:43::SCWPlatform::DSA given C:/Users/SESA630813/work-2/4EV_HandsOn_platt/hw/Block_4EV_wrapper.xsa
TRACE::2022-11-18.09:05:43::SCWPlatform::DSA absoulate path C:/Users/SESA630813/work-2/4EV_HandsOn_platt/hw/Block_4EV_wrapper.xsa
TRACE::2022-11-18.09:05:43::SCWPlatform::DSA directory C:/Users/SESA630813/work-2/4EV_HandsOn_platt/hw
TRACE::2022-11-18.09:05:43::SCWPlatform:: Platform Path C:/Users/SESA630813/work-2/4EV_HandsOn_platt/hw/Block_4EV_wrapper.xsa
TRACE::2022-11-18.09:05:43::SCWPlatform:: Unique name xilinx:::0.0
TRACE::2022-11-18.09:05:43::SCWPlatform::Trying to set the existing hwdb with name Block_4EV_wrapper_6
TRACE::2022-11-18.09:05:43::SCWPlatform::Opened existing hwdb Block_4EV_wrapper_6
TRACE::2022-11-18.09:05:43::SCWPlatform::Found the Hw Db part of the input DSA
TRACE::2022-11-18.09:05:43::SCWMssOS::Checking the sw design at  C:/Users/SESA630813/work-2/4EV_HandsOn_platt/zynqmp_pmufw/zynqmp_pmufw_bsp/system.mss
TRACE::2022-11-18.09:05:43::SCWMssOS::DEBUG:  swdes dump  C:/Users/SESA630813/work-2/4EV_HandsOn_platt/zynqmp_fsbl/zynqmp_fsbl_bsp/system.mss|system||
C:/Users/SESA630813/work-2/4EV_HandsOn_platt/zynqmp_pmufw/zynqmp_pmufw_bsp/system.mss|system_0||

TRACE::2022-11-18.09:05:43::SCWMssOS::Sw design exists and opened at  C:/Users/SESA630813/work-2/4EV_HandsOn_platt/zynqmp_pmufw/zynqmp_pmufw_bsp/system.mss
TRACE::2022-11-18.09:05:43::SCWPlatform::Trying to open the hw design at C:/Users/SESA630813/work-2/4EV_HandsOn_platt/hw/Block_4EV_wrapper.xsa
TRACE::2022-11-18.09:05:43::SCWPlatform::DSA given C:/Users/SESA630813/work-2/4EV_HandsOn_platt/hw/Block_4EV_wrapper.xsa
TRACE::2022-11-18.09:05:43::SCWPlatform::DSA absoulate path C:/Users/SESA630813/work-2/4EV_HandsOn_platt/hw/Block_4EV_wrapper.xsa
TRACE::2022-11-18.09:05:43::SCWPlatform::DSA directory C:/Users/SESA630813/work-2/4EV_HandsOn_platt/hw
TRACE::2022-11-18.09:05:43::SCWPlatform:: Platform Path C:/Users/SESA630813/work-2/4EV_HandsOn_platt/hw/Block_4EV_wrapper.xsa
TRACE::2022-11-18.09:05:43::SCWPlatform:: Unique name xilinx:::0.0
TRACE::2022-11-18.09:05:43::SCWPlatform::Trying to set the existing hwdb with name Block_4EV_wrapper_6
TRACE::2022-11-18.09:05:43::SCWPlatform::Opened existing hwdb Block_4EV_wrapper_6
TRACE::2022-11-18.09:05:43::SCWPlatform::Found the Hw Db part of the input DSA
TRACE::2022-11-18.09:05:43::SCWMssOS::Checking the sw design at  C:/Users/SESA630813/work-2/4EV_HandsOn_platt/zynqmp_pmufw/zynqmp_pmufw_bsp/system.mss
TRACE::2022-11-18.09:05:43::SCWMssOS::DEBUG:  swdes dump  C:/Users/SESA630813/work-2/4EV_HandsOn_platt/zynqmp_fsbl/zynqmp_fsbl_bsp/system.mss|system||
C:/Users/SESA630813/work-2/4EV_HandsOn_platt/zynqmp_pmufw/zynqmp_pmufw_bsp/system.mss|system_0||

TRACE::2022-11-18.09:05:43::SCWMssOS::Sw design exists and opened at  C:/Users/SESA630813/work-2/4EV_HandsOn_platt/zynqmp_pmufw/zynqmp_pmufw_bsp/system.mss
TRACE::2022-11-18.09:05:43::SCWMssOS::Saving the mss changes C:/Users/SESA630813/work-2/4EV_HandsOn_platt/zynqmp_pmufw/zynqmp_pmufw_bsp/system.mss
TRACE::2022-11-18.09:05:43::SCWMssOS::Found a swdesign opened with the mssfile.
TRACE::2022-11-18.09:05:43::SCWMssOS::Completed writemss as part of save.
TRACE::2022-11-18.09:05:43::SCWMssOS::Commit changes completed.
TRACE::2022-11-18.09:05:43::SCWReader::Adding prebuilt librarypaths as   
TRACE::2022-11-18.09:05:43::SCWReader::Adding prebuilt incpaths  as   
TRACE::2022-11-18.09:05:43::SCWPlatform::Trying to open the hw design at C:/Users/SESA630813/work-2/4EV_HandsOn_platt/hw/Block_4EV_wrapper.xsa
TRACE::2022-11-18.09:05:43::SCWPlatform::DSA given C:/Users/SESA630813/work-2/4EV_HandsOn_platt/hw/Block_4EV_wrapper.xsa
TRACE::2022-11-18.09:05:43::SCWPlatform::DSA absoulate path C:/Users/SESA630813/work-2/4EV_HandsOn_platt/hw/Block_4EV_wrapper.xsa
TRACE::2022-11-18.09:05:43::SCWPlatform::DSA directory C:/Users/SESA630813/work-2/4EV_HandsOn_platt/hw
TRACE::2022-11-18.09:05:43::SCWPlatform:: Platform Path C:/Users/SESA630813/work-2/4EV_HandsOn_platt/hw/Block_4EV_wrapper.xsa
TRACE::2022-11-18.09:05:43::SCWPlatform:: Unique name xilinx:::0.0
TRACE::2022-11-18.09:05:43::SCWPlatform::Trying to set the existing hwdb with name Block_4EV_wrapper_6
TRACE::2022-11-18.09:05:43::SCWPlatform::Opened existing hwdb Block_4EV_wrapper_6
TRACE::2022-11-18.09:05:43::SCWPlatform::Found the Hw Db part of the input DSA
TRACE::2022-11-18.09:05:43::SCWMssOS::Checking the sw design at  C:/Users/SESA630813/work-2/4EV_HandsOn_platt/zynqmp_pmufw/zynqmp_pmufw_bsp/system.mss
TRACE::2022-11-18.09:05:43::SCWMssOS::DEBUG:  swdes dump  C:/Users/SESA630813/work-2/4EV_HandsOn_platt/zynqmp_fsbl/zynqmp_fsbl_bsp/system.mss|system||
C:/Users/SESA630813/work-2/4EV_HandsOn_platt/zynqmp_pmufw/zynqmp_pmufw_bsp/system.mss|system_0||

TRACE::2022-11-18.09:05:43::SCWMssOS::Sw design exists and opened at  C:/Users/SESA630813/work-2/4EV_HandsOn_platt/zynqmp_pmufw/zynqmp_pmufw_bsp/system.mss
TRACE::2022-11-18.09:05:43::SCWReader::No isolation master present  
TRACE::2022-11-18.09:05:43::SCWDomain::checking for install qemu data   : 
TRACE::2022-11-18.09:05:43::SCWDomain:: Using the QEMU Data from install at  : C:/Xilinx3/Vitis/2021.2/data/emulation/platforms/zynqmp/sw/a53_standalone/qemu/
TRACE::2022-11-18.09:05:43::SCWDomain:: Using the QEMU args  from install at  : C:/Xilinx3/Vitis/2021.2/data/emulation/platforms/zynqmp/sw/a53_standalone/qemu/qemu_args.txt
TRACE::2022-11-18.09:05:43::SCWDomain:: Using the PMUQEMU args from install at  : C:/Xilinx3/Vitis/2021.2/data/emulation/platforms/zynqmp/sw/a53_standalone/qemu/pmu_args.txt
TRACE::2022-11-18.09:05:43::SCWPlatform::Trying to open the hw design at C:/Users/SESA630813/work-2/4EV_HandsOn_platt/hw/Block_4EV_wrapper.xsa
TRACE::2022-11-18.09:05:43::SCWPlatform::DSA given C:/Users/SESA630813/work-2/4EV_HandsOn_platt/hw/Block_4EV_wrapper.xsa
TRACE::2022-11-18.09:05:43::SCWPlatform::DSA absoulate path C:/Users/SESA630813/work-2/4EV_HandsOn_platt/hw/Block_4EV_wrapper.xsa
TRACE::2022-11-18.09:05:43::SCWPlatform::DSA directory C:/Users/SESA630813/work-2/4EV_HandsOn_platt/hw
TRACE::2022-11-18.09:05:43::SCWPlatform:: Platform Path C:/Users/SESA630813/work-2/4EV_HandsOn_platt/hw/Block_4EV_wrapper.xsa
TRACE::2022-11-18.09:05:43::SCWPlatform:: Unique name xilinx:::0.0
TRACE::2022-11-18.09:05:43::SCWPlatform::Trying to set the existing hwdb with name Block_4EV_wrapper_6
TRACE::2022-11-18.09:05:43::SCWPlatform::Opened existing hwdb Block_4EV_wrapper_6
TRACE::2022-11-18.09:05:43::SCWPlatform::Found the Hw Db part of the input DSA
TRACE::2022-11-18.09:05:43::SCWPlatform::Trying to open the hw design at C:/Users/SESA630813/work-2/4EV_HandsOn_platt/hw/Block_4EV_wrapper.xsa
TRACE::2022-11-18.09:05:43::SCWPlatform::DSA given C:/Users/SESA630813/work-2/4EV_HandsOn_platt/hw/Block_4EV_wrapper.xsa
TRACE::2022-11-18.09:05:43::SCWPlatform::DSA absoulate path C:/Users/SESA630813/work-2/4EV_HandsOn_platt/hw/Block_4EV_wrapper.xsa
TRACE::2022-11-18.09:05:43::SCWPlatform::DSA directory C:/Users/SESA630813/work-2/4EV_HandsOn_platt/hw
TRACE::2022-11-18.09:05:43::SCWPlatform:: Platform Path C:/Users/SESA630813/work-2/4EV_HandsOn_platt/hw/Block_4EV_wrapper.xsa
TRACE::2022-11-18.09:05:43::SCWPlatform:: Unique name xilinx:::0.0
TRACE::2022-11-18.09:05:43::SCWPlatform::Trying to set the existing hwdb with name Block_4EV_wrapper_6
TRACE::2022-11-18.09:05:43::SCWPlatform::Opened existing hwdb Block_4EV_wrapper_6
TRACE::2022-11-18.09:05:43::SCWPlatform::Found the Hw Db part of the input DSA
TRACE::2022-11-18.09:05:43::SCWPlatform::Trying to open the hw design at C:/Users/SESA630813/work-2/4EV_HandsOn_platt/hw/Block_4EV_wrapper.xsa
TRACE::2022-11-18.09:05:43::SCWPlatform::DSA given C:/Users/SESA630813/work-2/4EV_HandsOn_platt/hw/Block_4EV_wrapper.xsa
TRACE::2022-11-18.09:05:43::SCWPlatform::DSA absoulate path C:/Users/SESA630813/work-2/4EV_HandsOn_platt/hw/Block_4EV_wrapper.xsa
TRACE::2022-11-18.09:05:43::SCWPlatform::DSA directory C:/Users/SESA630813/work-2/4EV_HandsOn_platt/hw
TRACE::2022-11-18.09:05:43::SCWPlatform:: Platform Path C:/Users/SESA630813/work-2/4EV_HandsOn_platt/hw/Block_4EV_wrapper.xsa
TRACE::2022-11-18.09:05:43::SCWPlatform:: Unique name xilinx:::0.0
TRACE::2022-11-18.09:05:43::SCWPlatform::Trying to set the existing hwdb with name Block_4EV_wrapper_6
TRACE::2022-11-18.09:05:43::SCWPlatform::Opened existing hwdb Block_4EV_wrapper_6
TRACE::2022-11-18.09:05:43::SCWPlatform::Found the Hw Db part of the input DSA
TRACE::2022-11-18.09:05:43::SCWMssOS::Checking the sw design at  C:/Users/SESA630813/work-2/4EV_HandsOn_platt/psu_cortexa53_0/standalone_domain/bsp/system.mss
TRACE::2022-11-18.09:05:43::SCWMssOS::DEBUG:  swdes dump  C:/Users/SESA630813/work-2/4EV_HandsOn_platt/zynqmp_fsbl/zynqmp_fsbl_bsp/system.mss|system||
C:/Users/SESA630813/work-2/4EV_HandsOn_platt/zynqmp_pmufw/zynqmp_pmufw_bsp/system.mss|system_0||

TRACE::2022-11-18.09:05:43::SCWMssOS::No sw design opened at  C:/Users/SESA630813/work-2/4EV_HandsOn_platt/psu_cortexa53_0/standalone_domain/bsp/system.mss
TRACE::2022-11-18.09:05:43::SCWMssOS::mss exists loading the mss file  C:/Users/SESA630813/work-2/4EV_HandsOn_platt/psu_cortexa53_0/standalone_domain/bsp/system.mss
TRACE::2022-11-18.09:05:43::SCWMssOS::Opened the sw design from mss  C:/Users/SESA630813/work-2/4EV_HandsOn_platt/psu_cortexa53_0/standalone_domain/bsp/system.mss
TRACE::2022-11-18.09:05:43::SCWMssOS::Adding the swdes entry C:/Users/SESA630813/work-2/4EV_HandsOn_platt/psu_cortexa53_0/standalone_domain/bsp/system.mss with des name system_1
TRACE::2022-11-18.09:05:43::SCWMssOS::updating the scw layer about changes
TRACE::2022-11-18.09:05:43::SCWMssOS::Opened the sw design.  C:/Users/SESA630813/work-2/4EV_HandsOn_platt/psu_cortexa53_0/standalone_domain/bsp/system.mss
TRACE::2022-11-18.09:05:43::SCWMssOS::Saving the mss changes C:/Users/SESA630813/work-2/4EV_HandsOn_platt/psu_cortexa53_0/standalone_domain/bsp/system.mss
TRACE::2022-11-18.09:05:43::SCWMssOS::Found a swdesign opened with the mssfile.
TRACE::2022-11-18.09:05:43::SCWMssOS::Completed writemss as part of save.
TRACE::2022-11-18.09:05:43::SCWMssOS::Commit changes completed.
TRACE::2022-11-18.09:05:43::SCWReader::Adding prebuilt librarypaths as   
TRACE::2022-11-18.09:05:43::SCWReader::Adding prebuilt incpaths  as   
TRACE::2022-11-18.09:05:43::SCWPlatform::Trying to open the hw design at C:/Users/SESA630813/work-2/4EV_HandsOn_platt/hw/Block_4EV_wrapper.xsa
TRACE::2022-11-18.09:05:43::SCWPlatform::DSA given C:/Users/SESA630813/work-2/4EV_HandsOn_platt/hw/Block_4EV_wrapper.xsa
TRACE::2022-11-18.09:05:43::SCWPlatform::DSA absoulate path C:/Users/SESA630813/work-2/4EV_HandsOn_platt/hw/Block_4EV_wrapper.xsa
TRACE::2022-11-18.09:05:43::SCWPlatform::DSA directory C:/Users/SESA630813/work-2/4EV_HandsOn_platt/hw
TRACE::2022-11-18.09:05:43::SCWPlatform:: Platform Path C:/Users/SESA630813/work-2/4EV_HandsOn_platt/hw/Block_4EV_wrapper.xsa
TRACE::2022-11-18.09:05:43::SCWPlatform:: Unique name xilinx:::0.0
TRACE::2022-11-18.09:05:43::SCWPlatform::Trying to set the existing hwdb with name Block_4EV_wrapper_6
TRACE::2022-11-18.09:05:43::SCWPlatform::Opened existing hwdb Block_4EV_wrapper_6
TRACE::2022-11-18.09:05:43::SCWPlatform::Found the Hw Db part of the input DSA
TRACE::2022-11-18.09:05:43::SCWMssOS::Checking the sw design at  C:/Users/SESA630813/work-2/4EV_HandsOn_platt/psu_cortexa53_0/standalone_domain/bsp/system.mss
TRACE::2022-11-18.09:05:43::SCWMssOS::DEBUG:  swdes dump  C:/Users/SESA630813/work-2/4EV_HandsOn_platt/psu_cortexa53_0/standalone_domain/bsp/system.mss|system_1||
C:/Users/SESA630813/work-2/4EV_HandsOn_platt/zynqmp_fsbl/zynqmp_fsbl_bsp/system.mss|system||
C:/Users/SESA630813/work-2/4EV_HandsOn_platt/zynqmp_pmufw/zynqmp_pmufw_bsp/system.mss|system_0||

TRACE::2022-11-18.09:05:43::SCWMssOS::Sw design exists and opened at  C:/Users/SESA630813/work-2/4EV_HandsOn_platt/psu_cortexa53_0/standalone_domain/bsp/system.mss
TRACE::2022-11-18.09:05:43::SCWReader::No isolation master present  
LOG::2022-11-18.09:06:50::SCWPlatform::Started generating the artifacts platform 4EV_HandsOn_platt
TRACE::2022-11-18.09:06:50::SCWPlatform::Sanity checking of platform is completed
LOG::2022-11-18.09:06:50::SCWPlatform::Started generating the artifacts for system configuration 4EV_HandsOn_platt
LOG::2022-11-18.09:06:50::SCWSystem::Checking the domain zynqmp_fsbl
LOG::2022-11-18.09:06:50::SCWSystem::Doing application build for :  zynqmp_fsbl
TRACE::2022-11-18.09:06:50::SCWBDomain::Not a forced makefile updation, No changes are present. 
TRACE::2022-11-18.09:06:50::SCWDomain::Skipping the build for domain :  zynqmp_fsbl
LOG::2022-11-18.09:06:50::SCWSystem::Checking the domain zynqmp_pmufw
LOG::2022-11-18.09:06:50::SCWSystem::Doing application build for :  zynqmp_pmufw
TRACE::2022-11-18.09:06:50::SCWBDomain::Not a forced makefile updation, No changes are present. 
TRACE::2022-11-18.09:06:50::SCWDomain::Skipping the build for domain :  zynqmp_pmufw
LOG::2022-11-18.09:06:50::SCWSystem::Checking the domain standalone_domain
LOG::2022-11-18.09:06:50::SCWSystem::Not a boot domain 
LOG::2022-11-18.09:06:50::SCWSystem::Started Processing the domain standalone_domain
TRACE::2022-11-18.09:06:50::SCWDomain::Generating domain artifcats
TRACE::2022-11-18.09:06:50::SCWMssOS::Generating standalone artifcats
TRACE::2022-11-18.09:06:50::SCWMssOS::Copying the qemu file from  C:/Xilinx3/Vitis/2021.2/data/emulation/platforms/zynqmp/sw/a53_standalone/qemu/qemu_args.txt To C:/Users/SESA630813/work-2/4EV_HandsOn_platt/export/4EV_HandsOn_platt/sw/4EV_HandsOn_platt/qemu/
TRACE::2022-11-18.09:06:50::SCWMssOS::Copying the qemu file from  C:/Xilinx3/Vitis/2021.2/data/emulation/platforms/zynqmp/sw/a53_standalone/qemu/qemu_args.txt To C:/Users/SESA630813/work-2/4EV_HandsOn_platt/export/4EV_HandsOn_platt/sw/4EV_HandsOn_platt/qemu/
TRACE::2022-11-18.09:06:50::SCWMssOS::Copying the qemu file from  C:/Xilinx3/Vitis/2021.2/data/emulation/platforms/zynqmp/sw/a53_standalone/qemu/qemu_args.txt To C:/Users/SESA630813/work-2/4EV_HandsOn_platt/export/4EV_HandsOn_platt/sw/4EV_HandsOn_platt/standalone_domain/qemu/
TRACE::2022-11-18.09:06:50::SCWMssOS::Copying the qemu file from  C:/Xilinx3/Vitis/2021.2/data/emulation/platforms/zynqmp/sw/a53_standalone/qemu/qemu_args.txt To C:/Users/SESA630813/work-2/4EV_HandsOn_platt/export/4EV_HandsOn_platt/sw/4EV_HandsOn_platt/standalone_domain/qemu/
TRACE::2022-11-18.09:06:50::SCWMssOS:: Copying the user libraries. 
TRACE::2022-11-18.09:06:50::SCWPlatform::Trying to open the hw design at C:/Users/SESA630813/work-2/4EV_HandsOn_platt/hw/Block_4EV_wrapper.xsa
TRACE::2022-11-18.09:06:50::SCWPlatform::DSA given C:/Users/SESA630813/work-2/4EV_HandsOn_platt/hw/Block_4EV_wrapper.xsa
TRACE::2022-11-18.09:06:50::SCWPlatform::DSA absoulate path C:/Users/SESA630813/work-2/4EV_HandsOn_platt/hw/Block_4EV_wrapper.xsa
TRACE::2022-11-18.09:06:50::SCWPlatform::DSA directory C:/Users/SESA630813/work-2/4EV_HandsOn_platt/hw
TRACE::2022-11-18.09:06:50::SCWPlatform:: Platform Path C:/Users/SESA630813/work-2/4EV_HandsOn_platt/hw/Block_4EV_wrapper.xsa
TRACE::2022-11-18.09:06:50::SCWPlatform:: Unique name xilinx:::0.0
TRACE::2022-11-18.09:06:50::SCWPlatform::Trying to set the existing hwdb with name Block_4EV_wrapper_6
TRACE::2022-11-18.09:06:50::SCWPlatform::Opened existing hwdb Block_4EV_wrapper_6
TRACE::2022-11-18.09:06:50::SCWPlatform::Found the Hw Db part of the input DSA
TRACE::2022-11-18.09:06:50::SCWMssOS::Checking the sw design at  C:/Users/SESA630813/work-2/4EV_HandsOn_platt/psu_cortexa53_0/standalone_domain/bsp/system.mss
TRACE::2022-11-18.09:06:50::SCWMssOS::DEBUG:  swdes dump  C:/Users/SESA630813/work-2/4EV_HandsOn_platt/psu_cortexa53_0/standalone_domain/bsp/system.mss|system_1||
C:/Users/SESA630813/work-2/4EV_HandsOn_platt/zynqmp_fsbl/zynqmp_fsbl_bsp/system.mss|system||
C:/Users/SESA630813/work-2/4EV_HandsOn_platt/zynqmp_pmufw/zynqmp_pmufw_bsp/system.mss|system_0||

TRACE::2022-11-18.09:06:50::SCWMssOS::Sw design exists and opened at  C:/Users/SESA630813/work-2/4EV_HandsOn_platt/psu_cortexa53_0/standalone_domain/bsp/system.mss
TRACE::2022-11-18.09:06:50::SCWMssOS::Completed writing the mss file at C:/Users/SESA630813/work-2/4EV_HandsOn_platt/psu_cortexa53_0/standalone_domain/bsp
TRACE::2022-11-18.09:06:50::SCWMssOS::Mss edits present, copying mssfile into export location C:/Users/SESA630813/work-2/4EV_HandsOn_platt/psu_cortexa53_0/standalone_domain/bsp/system.mss
TRACE::2022-11-18.09:06:50::SCWMssOS::bsp generated is upto date with the mss file. Skipping bsp generation.
TRACE::2022-11-18.09:06:50::SCWMssOS::BSP is already built. skipping the bsp build ... 
TRACE::2022-11-18.09:06:50::SCWDomain::Skipping the build for domain :  standalone_domain
TRACE::2022-11-18.09:06:50::SCWMssOS::skipping the bsp build ... 
TRACE::2022-11-18.09:06:50::SCWMssOS::Copying to export directory.
TRACE::2022-11-18.09:06:51::SCWMssOS:: Checking if to create the Supporting Applications
TRACE::2022-11-18.09:06:51::SCWMssOS:: No Linux domain exists, trying to generate FSBL 
LOG::2022-11-18.09:06:51::SCWSystem::Completed Processing the domain standalone_domain
LOG::2022-11-18.09:06:51::SCWSystem::Completed Processing the sysconfig 4EV_HandsOn_platt
LOG::2022-11-18.09:06:51::SCWPlatform::Completed generating the artifacts for system configuration 4EV_HandsOn_platt
TRACE::2022-11-18.09:06:51::SCWPlatform::Started preparing the platform 
TRACE::2022-11-18.09:06:51::SCWSystem::Writing the bif file for system config 4EV_HandsOn_platt
TRACE::2022-11-18.09:06:51::SCWSystem::dir created 
TRACE::2022-11-18.09:06:51::SCWSystem::Writing the bif 
TRACE::2022-11-18.09:06:51::SCWPlatform::Started writing the spfm file 
TRACE::2022-11-18.09:06:51::SCWPlatform::Started writing the xpfm file 
TRACE::2022-11-18.09:06:51::SCWPlatform::Completed generating the platform
TRACE::2022-11-18.09:06:51::SCWMssOS::Saving the mss changes C:/Users/SESA630813/work-2/4EV_HandsOn_platt/zynqmp_fsbl/zynqmp_fsbl_bsp/system.mss
TRACE::2022-11-18.09:06:51::SCWMssOS::Found a swdesign opened with the mssfile.
TRACE::2022-11-18.09:06:51::SCWMssOS::Completed writemss as part of save.
TRACE::2022-11-18.09:06:51::SCWMssOS::Commit changes completed.
TRACE::2022-11-18.09:06:51::SCWMssOS::Saving the mss changes C:/Users/SESA630813/work-2/4EV_HandsOn_platt/zynqmp_pmufw/zynqmp_pmufw_bsp/system.mss
TRACE::2022-11-18.09:06:51::SCWMssOS::Found a swdesign opened with the mssfile.
TRACE::2022-11-18.09:06:51::SCWMssOS::Completed writemss as part of save.
TRACE::2022-11-18.09:06:51::SCWMssOS::Commit changes completed.
TRACE::2022-11-18.09:06:51::SCWMssOS::Saving the mss changes C:/Users/SESA630813/work-2/4EV_HandsOn_platt/psu_cortexa53_0/standalone_domain/bsp/system.mss
TRACE::2022-11-18.09:06:51::SCWMssOS::Found a swdesign opened with the mssfile.
TRACE::2022-11-18.09:06:51::SCWMssOS::Completed writemss as part of save.
TRACE::2022-11-18.09:06:51::SCWMssOS::Commit changes completed.
TRACE::2022-11-18.09:06:51::SCWPlatform::Trying to open the hw design at C:/Users/SESA630813/work-2/4EV_HandsOn_platt/hw/Block_4EV_wrapper.xsa
TRACE::2022-11-18.09:06:51::SCWPlatform::DSA given C:/Users/SESA630813/work-2/4EV_HandsOn_platt/hw/Block_4EV_wrapper.xsa
TRACE::2022-11-18.09:06:51::SCWPlatform::DSA absoulate path C:/Users/SESA630813/work-2/4EV_HandsOn_platt/hw/Block_4EV_wrapper.xsa
TRACE::2022-11-18.09:06:51::SCWPlatform::DSA directory C:/Users/SESA630813/work-2/4EV_HandsOn_platt/hw
TRACE::2022-11-18.09:06:51::SCWPlatform:: Platform Path C:/Users/SESA630813/work-2/4EV_HandsOn_platt/hw/Block_4EV_wrapper.xsa
TRACE::2022-11-18.09:06:51::SCWPlatform:: Unique name xilinx:::0.0
TRACE::2022-11-18.09:06:51::SCWPlatform::Trying to set the existing hwdb with name Block_4EV_wrapper_6
TRACE::2022-11-18.09:06:51::SCWPlatform::Opened existing hwdb Block_4EV_wrapper_6
TRACE::2022-11-18.09:06:51::SCWPlatform::Found the Hw Db part of the input DSA
TRACE::2022-11-18.09:06:51::SCWMssOS::Checking the sw design at  C:/Users/SESA630813/work-2/4EV_HandsOn_platt/zynqmp_fsbl/zynqmp_fsbl_bsp/system.mss
TRACE::2022-11-18.09:06:51::SCWMssOS::DEBUG:  swdes dump  C:/Users/SESA630813/work-2/4EV_HandsOn_platt/psu_cortexa53_0/standalone_domain/bsp/system.mss|system_1||
C:/Users/SESA630813/work-2/4EV_HandsOn_platt/zynqmp_fsbl/zynqmp_fsbl_bsp/system.mss|system||
C:/Users/SESA630813/work-2/4EV_HandsOn_platt/zynqmp_pmufw/zynqmp_pmufw_bsp/system.mss|system_0||

TRACE::2022-11-18.09:06:51::SCWMssOS::Sw design exists and opened at  C:/Users/SESA630813/work-2/4EV_HandsOn_platt/zynqmp_fsbl/zynqmp_fsbl_bsp/system.mss
TRACE::2022-11-18.09:06:51::SCWPlatform::Trying to open the hw design at C:/Users/SESA630813/work-2/4EV_HandsOn_platt/hw/Block_4EV_wrapper.xsa
TRACE::2022-11-18.09:06:51::SCWPlatform::DSA given C:/Users/SESA630813/work-2/4EV_HandsOn_platt/hw/Block_4EV_wrapper.xsa
TRACE::2022-11-18.09:06:51::SCWPlatform::DSA absoulate path C:/Users/SESA630813/work-2/4EV_HandsOn_platt/hw/Block_4EV_wrapper.xsa
TRACE::2022-11-18.09:06:51::SCWPlatform::DSA directory C:/Users/SESA630813/work-2/4EV_HandsOn_platt/hw
TRACE::2022-11-18.09:06:51::SCWPlatform:: Platform Path C:/Users/SESA630813/work-2/4EV_HandsOn_platt/hw/Block_4EV_wrapper.xsa
TRACE::2022-11-18.09:06:51::SCWPlatform:: Unique name xilinx:::0.0
TRACE::2022-11-18.09:06:51::SCWPlatform::Trying to set the existing hwdb with name Block_4EV_wrapper_6
TRACE::2022-11-18.09:06:51::SCWPlatform::Opened existing hwdb Block_4EV_wrapper_6
TRACE::2022-11-18.09:06:51::SCWPlatform::Found the Hw Db part of the input DSA
TRACE::2022-11-18.09:06:51::SCWMssOS::Checking the sw design at  C:/Users/SESA630813/work-2/4EV_HandsOn_platt/zynqmp_pmufw/zynqmp_pmufw_bsp/system.mss
TRACE::2022-11-18.09:06:51::SCWMssOS::DEBUG:  swdes dump  C:/Users/SESA630813/work-2/4EV_HandsOn_platt/psu_cortexa53_0/standalone_domain/bsp/system.mss|system_1||
C:/Users/SESA630813/work-2/4EV_HandsOn_platt/zynqmp_fsbl/zynqmp_fsbl_bsp/system.mss|system||
C:/Users/SESA630813/work-2/4EV_HandsOn_platt/zynqmp_pmufw/zynqmp_pmufw_bsp/system.mss|system_0||

TRACE::2022-11-18.09:06:51::SCWMssOS::Sw design exists and opened at  C:/Users/SESA630813/work-2/4EV_HandsOn_platt/zynqmp_pmufw/zynqmp_pmufw_bsp/system.mss
TRACE::2022-11-18.09:06:51::SCWPlatform::Trying to open the hw design at C:/Users/SESA630813/work-2/4EV_HandsOn_platt/hw/Block_4EV_wrapper.xsa
TRACE::2022-11-18.09:06:51::SCWPlatform::DSA given C:/Users/SESA630813/work-2/4EV_HandsOn_platt/hw/Block_4EV_wrapper.xsa
TRACE::2022-11-18.09:06:51::SCWPlatform::DSA absoulate path C:/Users/SESA630813/work-2/4EV_HandsOn_platt/hw/Block_4EV_wrapper.xsa
TRACE::2022-11-18.09:06:51::SCWPlatform::DSA directory C:/Users/SESA630813/work-2/4EV_HandsOn_platt/hw
TRACE::2022-11-18.09:06:51::SCWPlatform:: Platform Path C:/Users/SESA630813/work-2/4EV_HandsOn_platt/hw/Block_4EV_wrapper.xsa
TRACE::2022-11-18.09:06:51::SCWPlatform:: Unique name xilinx:::0.0
TRACE::2022-11-18.09:06:51::SCWPlatform::Trying to set the existing hwdb with name Block_4EV_wrapper_6
TRACE::2022-11-18.09:06:51::SCWPlatform::Opened existing hwdb Block_4EV_wrapper_6
TRACE::2022-11-18.09:06:51::SCWPlatform::Found the Hw Db part of the input DSA
TRACE::2022-11-18.09:06:51::SCWMssOS::Checking the sw design at  C:/Users/SESA630813/work-2/4EV_HandsOn_platt/psu_cortexa53_0/standalone_domain/bsp/system.mss
TRACE::2022-11-18.09:06:51::SCWMssOS::DEBUG:  swdes dump  C:/Users/SESA630813/work-2/4EV_HandsOn_platt/psu_cortexa53_0/standalone_domain/bsp/system.mss|system_1||
C:/Users/SESA630813/work-2/4EV_HandsOn_platt/zynqmp_fsbl/zynqmp_fsbl_bsp/system.mss|system||
C:/Users/SESA630813/work-2/4EV_HandsOn_platt/zynqmp_pmufw/zynqmp_pmufw_bsp/system.mss|system_0||

TRACE::2022-11-18.09:06:51::SCWMssOS::Sw design exists and opened at  C:/Users/SESA630813/work-2/4EV_HandsOn_platt/psu_cortexa53_0/standalone_domain/bsp/system.mss
TRACE::2022-11-18.09:06:51::SCWWriter::formatted JSON is {
	"platformName":	"4EV_HandsOn_platt",
	"sprVersion":	"2.0",
	"mode":	"gui",
	"dsaType":	"Fixed",
	"platformDesc":	"4EV_HandsOn_platt",
	"platHandOff":	"C:/Schneider/ScriptingPath/enclustra/4EV-Hands-On/Block_4EV_wrapper.xsa",
	"platIntHandOff":	"<platformDir>/hw/Block_4EV_wrapper.xsa",
	"deviceType":	"zynqMP",
	"platIsPrebuiltAutogen":	"false",
	"platIsNoBootBsp":	"false",
	"platFsblTarget":	"psu_cortexa53_0",
	"hasFsblMakeHasChanges":	"false",
	"hasPmufwMakeHasChanges":	"false",
	"fsblExtraCompilerFlags":	"-MMD -MP      -Wall -fmessage-length=0 -DARMA53_64 -Os -flto -ffat-lto-objects  ",
	"pmufwExtraCompilerFlags":	"-MMD -MP      -mlittle-endian -mxl-barrel-shift -mxl-pattern-compare -mcpu=v9.2 -mxl-soft-mul -Os -flto -ffat-lto-objects  ",
	"platPreBuiltFlag":	false,
	"platformSamplesDir":	"",
	"platActiveSys":	"4EV_HandsOn_platt",
	"systems":	[{
			"systemName":	"4EV_HandsOn_platt",
			"systemDesc":	"4EV_HandsOn_platt",
			"sysIsBootAutoGen":	"true",
			"systemDispName":	"4EV_HandsOn_platt",
			"sysActiveDom":	"standalone_domain",
			"sysDefaultDom":	"standalone_domain",
			"domains":	[{
					"domainName":	"zynqmp_fsbl",
					"domainDispName":	"zynqmp_fsbl",
					"domainDesc":	"FSBL Application BSP - Auto Generated.",
					"processors":	"psu_cortexa53_0",
					"os":	"standalone",
					"sdxOs":	"standalone",
					"debugEnable":	"",
					"domRuntimes":	["cpp"],
					"swRepo":	"",
					"mssOsVer":	"7.6",
					"mssFile":	"",
					"md5Digest":	"f0f90a35a6a229e56057b23e4b7162c6",
					"compatibleApp":	"zynqmp_fsbl",
					"domType":	"bootDomain",
					"arch":	"64-bit",
					"appSettings":	{
						"appCompilerFlags":	"",
						"appLinkerFlags":	""
					},
					"addedLibs":	["xilffs:4.6", "xilsecure:4.6", "xilpm:3.5"],
					"libOptions":	{
						"standalone":	{
							"zynqmp_fsbl_bsp":	"true",
							"libOptionNames":	["zynqmp_fsbl_bsp"]
						},
						"xilffs":	{
							"read_only":	"true",
							"use_mkfs":	"false",
							"libOptionNames":	["read_only", "use_mkfs"]
						},
						"xilsecure":	{
							"tpm_support":	"true",
							"libOptionNames":	["tpm_support"]
						},
						"libsContainingOptions":	["standalone", "xilffs", "xilsecure"]
					},
					"prebuiltLibs":	{
						"prebuiltIncPath":	[],
						"prebuiltLibPath":	[]
					},
					"isolation":	{
					}
				}, {
					"domainName":	"zynqmp_pmufw",
					"domainDispName":	"zynqmp_pmufw",
					"domainDesc":	"PMUFW Application BSP - Auto Generated.",
					"processors":	"psu_pmu_0",
					"os":	"standalone",
					"sdxOs":	"standalone",
					"debugEnable":	"",
					"domRuntimes":	["cpp"],
					"swRepo":	"",
					"mssOsVer":	"7.6",
					"mssFile":	"",
					"md5Digest":	"2252945fa1d34af486e1005da291d4dd",
					"compatibleApp":	"zynqmp_pmufw",
					"domType":	"bootDomain",
					"arch":	"32-bit",
					"appSettings":	{
						"appCompilerFlags":	"",
						"appLinkerFlags":	""
					},
					"addedLibs":	["xilfpga:6.1", "xilsecure:4.6", "xilskey:7.2"],
					"libOptions":	{
						"psu_pmu_0":	{
							"extra_compiler_flags":	"-g -ffunction-sections -fdata-sections -Wall -Wextra -fno-tree-loop-distribute-patterns  -Os -flto -ffat-lto-objects",
							"libOptionNames":	["extra_compiler_flags"]
						},
						"libsContainingOptions":	["psu_pmu_0"]
					},
					"prebuiltLibs":	{
						"prebuiltIncPath":	[],
						"prebuiltLibPath":	[]
					},
					"isolation":	{
					}
				}, {
					"domainName":	"standalone_domain",
					"domainDispName":	"standalone on psu_cortexa53_0",
					"domainDesc":	"standalone_domain",
					"processors":	"psu_cortexa53_0",
					"os":	"standalone",
					"sdxOs":	"standalone",
					"qemuArgs":	"C:/Xilinx3/Vitis/2021.2/data/emulation/platforms/zynqmp/sw/a53_standalone/qemu/qemu_args.txt",
					"qemuData":	"C:/Xilinx3/Vitis/2021.2/data/emulation/platforms/zynqmp/sw/a53_standalone/qemu/",
					"pmuQemuArgs":	"C:/Xilinx3/Vitis/2021.2/data/emulation/platforms/zynqmp/sw/a53_standalone/qemu/pmu_args.txt",
					"debugEnable":	"False",
					"domRuntimes":	["cpp"],
					"swRepo":	"",
					"mssOsVer":	"7.6",
					"mssFile":	"",
					"md5Digest":	"a7380b93d62648222d0ccf0a3c72bcd4",
					"compatibleApp":	"",
					"domType":	"mssDomain",
					"arch":	"64-bit",
					"appSettings":	{
						"appCompilerFlags":	"",
						"appLinkerFlags":	""
					},
					"addedLibs":	[],
					"libOptions":	{
						"libsContainingOptions":	[]
					},
					"prebuiltLibs":	{
						"prebuiltIncPath":	[],
						"prebuiltLibPath":	[]
					},
					"isolation":	{
					}
				}]
		}]
}
KEYINFO::2022-11-18.09:06:51::SCWPlatform::updated the xpfm file.
TRACE::2022-11-18.09:06:51::SCWPlatform::Trying to open the hw design at C:/Users/SESA630813/work-2/4EV_HandsOn_platt/hw/Block_4EV_wrapper.xsa
TRACE::2022-11-18.09:06:51::SCWPlatform::DSA given C:/Users/SESA630813/work-2/4EV_HandsOn_platt/hw/Block_4EV_wrapper.xsa
TRACE::2022-11-18.09:06:51::SCWPlatform::DSA absoulate path C:/Users/SESA630813/work-2/4EV_HandsOn_platt/hw/Block_4EV_wrapper.xsa
TRACE::2022-11-18.09:06:51::SCWPlatform::DSA directory C:/Users/SESA630813/work-2/4EV_HandsOn_platt/hw
TRACE::2022-11-18.09:06:51::SCWPlatform:: Platform Path C:/Users/SESA630813/work-2/4EV_HandsOn_platt/hw/Block_4EV_wrapper.xsa
TRACE::2022-11-18.09:06:51::SCWPlatform:: Unique name xilinx:::0.0
TRACE::2022-11-18.09:06:51::SCWPlatform::Trying to set the existing hwdb with name Block_4EV_wrapper_6
TRACE::2022-11-18.09:06:51::SCWPlatform::Opened existing hwdb Block_4EV_wrapper_6
TRACE::2022-11-18.09:06:51::SCWPlatform::Found the Hw Db part of the input DSA
TRACE::2022-11-18.09:06:51::SCWMssOS::Checking the sw design at  C:/Users/SESA630813/work-2/4EV_HandsOn_platt/psu_cortexa53_0/standalone_domain/bsp/system.mss
TRACE::2022-11-18.09:06:51::SCWMssOS::DEBUG:  swdes dump  C:/Users/SESA630813/work-2/4EV_HandsOn_platt/psu_cortexa53_0/standalone_domain/bsp/system.mss|system_1||
C:/Users/SESA630813/work-2/4EV_HandsOn_platt/zynqmp_fsbl/zynqmp_fsbl_bsp/system.mss|system||
C:/Users/SESA630813/work-2/4EV_HandsOn_platt/zynqmp_pmufw/zynqmp_pmufw_bsp/system.mss|system_0||

TRACE::2022-11-18.09:06:51::SCWMssOS::Sw design exists and opened at  C:/Users/SESA630813/work-2/4EV_HandsOn_platt/psu_cortexa53_0/standalone_domain/bsp/system.mss
TRACE::2022-11-18.09:10:21::SCWPlatform::DSA given C:/Users/SESA630813/work-2/4EV_HandsOn_platt/tempdsa/Block_4EV_HandsOn.xsa
TRACE::2022-11-18.09:10:21::SCWPlatform::DSA absoulate path C:/Users/SESA630813/work-2/4EV_HandsOn_platt/tempdsa/Block_4EV_HandsOn.xsa
TRACE::2022-11-18.09:10:21::SCWPlatform:: Platform location is C:/Users/SESA630813/work-2/4EV_HandsOn_platt/tempdsa
TRACE::2022-11-18.09:10:21::SCWPlatform:: Platform Path C:/Users/SESA630813/work-2/4EV_HandsOn_platt/tempdsa/Block_4EV_HandsOn.xsa
TRACE::2022-11-18.09:10:21::SCWPlatform:: Unique name xilinx:::0.0
TRACE::2022-11-18.09:10:27::SCWPlatform::Found the Hw Db part of the input DSA
TRACE::2022-11-18.09:10:27::SCWMssOS::Doing hw sync for the mss in domain: zynqmp_fsbl
TRACE::2022-11-18.09:10:27::SCWPlatform::Trying to open the hw design at C:/Users/SESA630813/work-2/4EV_HandsOn_platt/hw/Block_4EV_wrapper.xsa
TRACE::2022-11-18.09:10:27::SCWPlatform::DSA given C:/Users/SESA630813/work-2/4EV_HandsOn_platt/hw/Block_4EV_wrapper.xsa
TRACE::2022-11-18.09:10:27::SCWPlatform::DSA absoulate path C:/Users/SESA630813/work-2/4EV_HandsOn_platt/hw/Block_4EV_wrapper.xsa
TRACE::2022-11-18.09:10:27::SCWPlatform::DSA directory C:/Users/SESA630813/work-2/4EV_HandsOn_platt/hw
TRACE::2022-11-18.09:10:27::SCWPlatform:: Platform Path C:/Users/SESA630813/work-2/4EV_HandsOn_platt/hw/Block_4EV_wrapper.xsa
TRACE::2022-11-18.09:10:27::SCWPlatform:: Unique name xilinx:::0.0
TRACE::2022-11-18.09:10:27::SCWPlatform::Trying to set the existing hwdb with name Block_4EV_wrapper_6
TRACE::2022-11-18.09:10:27::SCWPlatform::Opened existing hwdb Block_4EV_wrapper_6
TRACE::2022-11-18.09:10:27::SCWPlatform::Found the Hw Db part of the input DSA
TRACE::2022-11-18.09:10:27::SCWPlatform::Trying to open the hw design at C:/Users/SESA630813/work-2/4EV_HandsOn_platt/hw/Block_4EV_wrapper.xsa
TRACE::2022-11-18.09:10:27::SCWPlatform::DSA given C:/Users/SESA630813/work-2/4EV_HandsOn_platt/hw/Block_4EV_wrapper.xsa
TRACE::2022-11-18.09:10:27::SCWPlatform::DSA absoulate path C:/Users/SESA630813/work-2/4EV_HandsOn_platt/hw/Block_4EV_wrapper.xsa
TRACE::2022-11-18.09:10:27::SCWPlatform::DSA directory C:/Users/SESA630813/work-2/4EV_HandsOn_platt/hw
TRACE::2022-11-18.09:10:27::SCWPlatform:: Platform Path C:/Users/SESA630813/work-2/4EV_HandsOn_platt/hw/Block_4EV_wrapper.xsa
TRACE::2022-11-18.09:10:27::SCWPlatform:: Unique name xilinx:::0.0
TRACE::2022-11-18.09:10:27::SCWPlatform::Trying to set the existing hwdb with name Block_4EV_wrapper_6
TRACE::2022-11-18.09:10:27::SCWPlatform::Opened existing hwdb Block_4EV_wrapper_6
TRACE::2022-11-18.09:10:27::SCWPlatform::Found the Hw Db part of the input DSA
TRACE::2022-11-18.09:10:27::SCWMssOS::Checking the sw design at  C:/Users/SESA630813/work-2/4EV_HandsOn_platt/zynqmp_fsbl/zynqmp_fsbl_bsp/system.mss
TRACE::2022-11-18.09:10:27::SCWMssOS::DEBUG:  swdes dump  C:/Users/SESA630813/work-2/4EV_HandsOn_platt/psu_cortexa53_0/standalone_domain/bsp/system.mss|system_1||
C:/Users/SESA630813/work-2/4EV_HandsOn_platt/zynqmp_fsbl/zynqmp_fsbl_bsp/system.mss|system||
C:/Users/SESA630813/work-2/4EV_HandsOn_platt/zynqmp_pmufw/zynqmp_pmufw_bsp/system.mss|system_0||

TRACE::2022-11-18.09:10:27::SCWMssOS::Sw design exists and opened at  C:/Users/SESA630813/work-2/4EV_HandsOn_platt/zynqmp_fsbl/zynqmp_fsbl_bsp/system.mss
TRACE::2022-11-18.09:10:27::SCWPlatform::Trying to open the hw design at C:/Users/SESA630813/work-2/4EV_HandsOn_platt/tempdsa/Block_4EV_HandsOn.xsa
TRACE::2022-11-18.09:10:27::SCWPlatform::DSA given C:/Users/SESA630813/work-2/4EV_HandsOn_platt/tempdsa/Block_4EV_HandsOn.xsa
TRACE::2022-11-18.09:10:27::SCWPlatform::DSA absoulate path C:/Users/SESA630813/work-2/4EV_HandsOn_platt/tempdsa/Block_4EV_HandsOn.xsa
TRACE::2022-11-18.09:10:27::SCWPlatform::DSA directory C:/Users/SESA630813/work-2/4EV_HandsOn_platt/tempdsa
TRACE::2022-11-18.09:10:27::SCWPlatform:: Platform Path C:/Users/SESA630813/work-2/4EV_HandsOn_platt/tempdsa/Block_4EV_HandsOn.xsa
TRACE::2022-11-18.09:10:27::SCWPlatform:: Unique name xilinx:::0.0
TRACE::2022-11-18.09:10:27::SCWPlatform::update - Opened existing hwdb Block_4EV_wrapper_8
TRACE::2022-11-18.09:10:27::SCWPlatform::Found the Hw Db part of the input DSA
TRACE::2022-11-18.09:10:27::SCWMssOS::Doing hw sync for the mss in domain: zynqmp_pmufw
TRACE::2022-11-18.09:10:27::SCWPlatform::Trying to open the hw design at C:/Users/SESA630813/work-2/4EV_HandsOn_platt/hw/Block_4EV_wrapper.xsa
TRACE::2022-11-18.09:10:27::SCWPlatform::DSA given C:/Users/SESA630813/work-2/4EV_HandsOn_platt/hw/Block_4EV_wrapper.xsa
TRACE::2022-11-18.09:10:27::SCWPlatform::DSA absoulate path C:/Users/SESA630813/work-2/4EV_HandsOn_platt/hw/Block_4EV_wrapper.xsa
TRACE::2022-11-18.09:10:27::SCWPlatform::DSA directory C:/Users/SESA630813/work-2/4EV_HandsOn_platt/hw
TRACE::2022-11-18.09:10:27::SCWPlatform:: Platform Path C:/Users/SESA630813/work-2/4EV_HandsOn_platt/hw/Block_4EV_wrapper.xsa
TRACE::2022-11-18.09:10:27::SCWPlatform:: Unique name xilinx:::0.0
TRACE::2022-11-18.09:10:27::SCWPlatform::Trying to set the existing hwdb with name Block_4EV_wrapper_6
TRACE::2022-11-18.09:10:27::SCWPlatform::Opened existing hwdb Block_4EV_wrapper_6
TRACE::2022-11-18.09:10:27::SCWPlatform::Found the Hw Db part of the input DSA
TRACE::2022-11-18.09:10:27::SCWPlatform::Trying to open the hw design at C:/Users/SESA630813/work-2/4EV_HandsOn_platt/hw/Block_4EV_wrapper.xsa
TRACE::2022-11-18.09:10:27::SCWPlatform::DSA given C:/Users/SESA630813/work-2/4EV_HandsOn_platt/hw/Block_4EV_wrapper.xsa
TRACE::2022-11-18.09:10:27::SCWPlatform::DSA absoulate path C:/Users/SESA630813/work-2/4EV_HandsOn_platt/hw/Block_4EV_wrapper.xsa
TRACE::2022-11-18.09:10:27::SCWPlatform::DSA directory C:/Users/SESA630813/work-2/4EV_HandsOn_platt/hw
TRACE::2022-11-18.09:10:27::SCWPlatform:: Platform Path C:/Users/SESA630813/work-2/4EV_HandsOn_platt/hw/Block_4EV_wrapper.xsa
TRACE::2022-11-18.09:10:27::SCWPlatform:: Unique name xilinx:::0.0
TRACE::2022-11-18.09:10:27::SCWPlatform::Trying to set the existing hwdb with name Block_4EV_wrapper_6
TRACE::2022-11-18.09:10:27::SCWPlatform::Opened existing hwdb Block_4EV_wrapper_6
TRACE::2022-11-18.09:10:27::SCWPlatform::Found the Hw Db part of the input DSA
TRACE::2022-11-18.09:10:27::SCWMssOS::Checking the sw design at  C:/Users/SESA630813/work-2/4EV_HandsOn_platt/zynqmp_pmufw/zynqmp_pmufw_bsp/system.mss
TRACE::2022-11-18.09:10:27::SCWMssOS::DEBUG:  swdes dump  C:/Users/SESA630813/work-2/4EV_HandsOn_platt/psu_cortexa53_0/standalone_domain/bsp/system.mss|system_1||
C:/Users/SESA630813/work-2/4EV_HandsOn_platt/zynqmp_fsbl/zynqmp_fsbl_bsp/system.mss|system||
C:/Users/SESA630813/work-2/4EV_HandsOn_platt/zynqmp_pmufw/zynqmp_pmufw_bsp/system.mss|system_0||

TRACE::2022-11-18.09:10:27::SCWMssOS::Sw design exists and opened at  C:/Users/SESA630813/work-2/4EV_HandsOn_platt/zynqmp_pmufw/zynqmp_pmufw_bsp/system.mss
TRACE::2022-11-18.09:10:27::SCWPlatform::Trying to open the hw design at C:/Users/SESA630813/work-2/4EV_HandsOn_platt/tempdsa/Block_4EV_HandsOn.xsa
TRACE::2022-11-18.09:10:27::SCWPlatform::DSA given C:/Users/SESA630813/work-2/4EV_HandsOn_platt/tempdsa/Block_4EV_HandsOn.xsa
TRACE::2022-11-18.09:10:27::SCWPlatform::DSA absoulate path C:/Users/SESA630813/work-2/4EV_HandsOn_platt/tempdsa/Block_4EV_HandsOn.xsa
TRACE::2022-11-18.09:10:27::SCWPlatform::DSA directory C:/Users/SESA630813/work-2/4EV_HandsOn_platt/tempdsa
TRACE::2022-11-18.09:10:27::SCWPlatform:: Platform Path C:/Users/SESA630813/work-2/4EV_HandsOn_platt/tempdsa/Block_4EV_HandsOn.xsa
TRACE::2022-11-18.09:10:27::SCWPlatform:: Unique name xilinx:::0.0
TRACE::2022-11-18.09:10:27::SCWPlatform::update - Opened existing hwdb Block_4EV_wrapper_8
TRACE::2022-11-18.09:10:27::SCWPlatform::Found the Hw Db part of the input DSA
TRACE::2022-11-18.09:10:27::SCWMssOS::Doing hw sync for the mss in domain: standalone_domain
TRACE::2022-11-18.09:10:27::SCWPlatform::Trying to open the hw design at C:/Users/SESA630813/work-2/4EV_HandsOn_platt/hw/Block_4EV_wrapper.xsa
TRACE::2022-11-18.09:10:27::SCWPlatform::DSA given C:/Users/SESA630813/work-2/4EV_HandsOn_platt/hw/Block_4EV_wrapper.xsa
TRACE::2022-11-18.09:10:27::SCWPlatform::DSA absoulate path C:/Users/SESA630813/work-2/4EV_HandsOn_platt/hw/Block_4EV_wrapper.xsa
TRACE::2022-11-18.09:10:27::SCWPlatform::DSA directory C:/Users/SESA630813/work-2/4EV_HandsOn_platt/hw
TRACE::2022-11-18.09:10:27::SCWPlatform:: Platform Path C:/Users/SESA630813/work-2/4EV_HandsOn_platt/hw/Block_4EV_wrapper.xsa
TRACE::2022-11-18.09:10:27::SCWPlatform:: Unique name xilinx:::0.0
TRACE::2022-11-18.09:10:27::SCWPlatform::Trying to set the existing hwdb with name Block_4EV_wrapper_6
TRACE::2022-11-18.09:10:27::SCWPlatform::Opened existing hwdb Block_4EV_wrapper_6
TRACE::2022-11-18.09:10:27::SCWPlatform::Found the Hw Db part of the input DSA
TRACE::2022-11-18.09:10:27::SCWPlatform::Trying to open the hw design at C:/Users/SESA630813/work-2/4EV_HandsOn_platt/hw/Block_4EV_wrapper.xsa
TRACE::2022-11-18.09:10:27::SCWPlatform::DSA given C:/Users/SESA630813/work-2/4EV_HandsOn_platt/hw/Block_4EV_wrapper.xsa
TRACE::2022-11-18.09:10:27::SCWPlatform::DSA absoulate path C:/Users/SESA630813/work-2/4EV_HandsOn_platt/hw/Block_4EV_wrapper.xsa
TRACE::2022-11-18.09:10:27::SCWPlatform::DSA directory C:/Users/SESA630813/work-2/4EV_HandsOn_platt/hw
TRACE::2022-11-18.09:10:27::SCWPlatform:: Platform Path C:/Users/SESA630813/work-2/4EV_HandsOn_platt/hw/Block_4EV_wrapper.xsa
TRACE::2022-11-18.09:10:27::SCWPlatform:: Unique name xilinx:::0.0
TRACE::2022-11-18.09:10:27::SCWPlatform::Trying to set the existing hwdb with name Block_4EV_wrapper_6
TRACE::2022-11-18.09:10:27::SCWPlatform::Opened existing hwdb Block_4EV_wrapper_6
TRACE::2022-11-18.09:10:27::SCWPlatform::Found the Hw Db part of the input DSA
TRACE::2022-11-18.09:10:27::SCWMssOS::Checking the sw design at  C:/Users/SESA630813/work-2/4EV_HandsOn_platt/psu_cortexa53_0/standalone_domain/bsp/system.mss
TRACE::2022-11-18.09:10:27::SCWMssOS::DEBUG:  swdes dump  C:/Users/SESA630813/work-2/4EV_HandsOn_platt/psu_cortexa53_0/standalone_domain/bsp/system.mss|system_1||
C:/Users/SESA630813/work-2/4EV_HandsOn_platt/zynqmp_fsbl/zynqmp_fsbl_bsp/system.mss|system||
C:/Users/SESA630813/work-2/4EV_HandsOn_platt/zynqmp_pmufw/zynqmp_pmufw_bsp/system.mss|system_0||

TRACE::2022-11-18.09:10:27::SCWMssOS::Sw design exists and opened at  C:/Users/SESA630813/work-2/4EV_HandsOn_platt/psu_cortexa53_0/standalone_domain/bsp/system.mss
TRACE::2022-11-18.09:10:27::SCWPlatform::Trying to open the hw design at C:/Users/SESA630813/work-2/4EV_HandsOn_platt/tempdsa/Block_4EV_HandsOn.xsa
TRACE::2022-11-18.09:10:27::SCWPlatform::DSA given C:/Users/SESA630813/work-2/4EV_HandsOn_platt/tempdsa/Block_4EV_HandsOn.xsa
TRACE::2022-11-18.09:10:27::SCWPlatform::DSA absoulate path C:/Users/SESA630813/work-2/4EV_HandsOn_platt/tempdsa/Block_4EV_HandsOn.xsa
TRACE::2022-11-18.09:10:27::SCWPlatform::DSA directory C:/Users/SESA630813/work-2/4EV_HandsOn_platt/tempdsa
TRACE::2022-11-18.09:10:27::SCWPlatform:: Platform Path C:/Users/SESA630813/work-2/4EV_HandsOn_platt/tempdsa/Block_4EV_HandsOn.xsa
TRACE::2022-11-18.09:10:27::SCWPlatform:: Unique name xilinx:::0.0
TRACE::2022-11-18.09:10:27::SCWPlatform::update - Opened existing hwdb Block_4EV_wrapper_8
TRACE::2022-11-18.09:10:27::SCWPlatform::Found the Hw Db part of the input DSA
TRACE::2022-11-18.09:10:27::SCWMssOS::Saving the mss changes C:/Users/SESA630813/work-2/4EV_HandsOn_platt/zynqmp_fsbl/zynqmp_fsbl_bsp/system.mss
TRACE::2022-11-18.09:10:27::SCWMssOS::Found a swdesign opened with the mssfile.
TRACE::2022-11-18.09:10:27::SCWMssOS::Completed writemss as part of save.
TRACE::2022-11-18.09:10:27::SCWMssOS::Commit changes completed.
TRACE::2022-11-18.09:10:27::SCWMssOS::Completed hw sync for the mss in domain: zynqmp_fsbl
TRACE::2022-11-18.09:10:27::SCWMssOS::Removing the swdes entry for  C:/Users/SESA630813/work-2/4EV_HandsOn_platt/zynqmp_fsbl/zynqmp_fsbl_bsp/system.mss
TRACE::2022-11-18.09:10:27::SCWMssOS::Saving the mss changes C:/Users/SESA630813/work-2/4EV_HandsOn_platt/zynqmp_pmufw/zynqmp_pmufw_bsp/system.mss
TRACE::2022-11-18.09:10:27::SCWMssOS::Found a swdesign opened with the mssfile.
TRACE::2022-11-18.09:10:27::SCWMssOS::Completed writemss as part of save.
TRACE::2022-11-18.09:10:27::SCWMssOS::Commit changes completed.
TRACE::2022-11-18.09:10:27::SCWMssOS::Completed hw sync for the mss in domain: zynqmp_pmufw
TRACE::2022-11-18.09:10:27::SCWMssOS::Removing the swdes entry for  C:/Users/SESA630813/work-2/4EV_HandsOn_platt/zynqmp_pmufw/zynqmp_pmufw_bsp/system.mss
TRACE::2022-11-18.09:10:27::SCWMssOS::Saving the mss changes C:/Users/SESA630813/work-2/4EV_HandsOn_platt/psu_cortexa53_0/standalone_domain/bsp/system.mss
TRACE::2022-11-18.09:10:27::SCWMssOS::Found a swdesign opened with the mssfile.
TRACE::2022-11-18.09:10:27::SCWMssOS::Completed writemss as part of save.
TRACE::2022-11-18.09:10:27::SCWMssOS::Commit changes completed.
TRACE::2022-11-18.09:10:27::SCWMssOS::Completed hw sync for the mss in domain: standalone_domain
TRACE::2022-11-18.09:10:27::SCWMssOS::Removing the swdes entry for  C:/Users/SESA630813/work-2/4EV_HandsOn_platt/psu_cortexa53_0/standalone_domain/bsp/system.mss
TRACE::2022-11-18.09:10:27::SCWPlatform::Trying to open the hw design at C:/Users/SESA630813/work-2/4EV_HandsOn_platt/hw/Block_4EV_HandsOn.xsa
TRACE::2022-11-18.09:10:27::SCWPlatform::DSA given C:/Users/SESA630813/work-2/4EV_HandsOn_platt/hw/Block_4EV_HandsOn.xsa
TRACE::2022-11-18.09:10:27::SCWPlatform::DSA absoulate path C:/Users/SESA630813/work-2/4EV_HandsOn_platt/hw/Block_4EV_HandsOn.xsa
TRACE::2022-11-18.09:10:27::SCWPlatform::DSA directory C:/Users/SESA630813/work-2/4EV_HandsOn_platt/hw
TRACE::2022-11-18.09:10:27::SCWPlatform:: Platform Path C:/Users/SESA630813/work-2/4EV_HandsOn_platt/hw/Block_4EV_HandsOn.xsa
TRACE::2022-11-18.09:10:27::SCWPlatform:: Unique name xilinx:::0.0
TRACE::2022-11-18.09:10:27::SCWPlatform::Do not have an existing db opened. 
TRACE::2022-11-18.09:10:35::SCWPlatform::Opened new HwDB with name Block_4EV_wrapper_9
TRACE::2022-11-18.09:10:35::SCWMssOS::Saving the mss changes C:/Users/SESA630813/work-2/4EV_HandsOn_platt/zynqmp_fsbl/zynqmp_fsbl_bsp/system.mss
TRACE::2022-11-18.09:10:35::SCWMssOS::Adding the swdes entry, mss present, able to open swdb C:/Users/SESA630813/work-2/4EV_HandsOn_platt/zynqmp_fsbl/zynqmp_fsbl_bsp/system.mss with des name system
TRACE::2022-11-18.09:10:35::SCWMssOS::Writing the mss file completed C:/Users/SESA630813/work-2/4EV_HandsOn_platt/zynqmp_fsbl/zynqmp_fsbl_bsp/system.mss
TRACE::2022-11-18.09:10:35::SCWMssOS::Commit changes completed.
TRACE::2022-11-18.09:10:35::SCWMssOS::Saving the mss changes C:/Users/SESA630813/work-2/4EV_HandsOn_platt/zynqmp_pmufw/zynqmp_pmufw_bsp/system.mss
TRACE::2022-11-18.09:10:35::SCWMssOS::Adding the swdes entry, mss present, able to open swdb C:/Users/SESA630813/work-2/4EV_HandsOn_platt/zynqmp_pmufw/zynqmp_pmufw_bsp/system.mss with des name system_0
TRACE::2022-11-18.09:10:35::SCWMssOS::Writing the mss file completed C:/Users/SESA630813/work-2/4EV_HandsOn_platt/zynqmp_pmufw/zynqmp_pmufw_bsp/system.mss
TRACE::2022-11-18.09:10:35::SCWMssOS::Commit changes completed.
TRACE::2022-11-18.09:10:35::SCWMssOS::Saving the mss changes C:/Users/SESA630813/work-2/4EV_HandsOn_platt/psu_cortexa53_0/standalone_domain/bsp/system.mss
TRACE::2022-11-18.09:10:35::SCWMssOS::Adding the swdes entry, mss present, able to open swdb C:/Users/SESA630813/work-2/4EV_HandsOn_platt/psu_cortexa53_0/standalone_domain/bsp/system.mss with des name system_1
TRACE::2022-11-18.09:10:35::SCWMssOS::Writing the mss file completed C:/Users/SESA630813/work-2/4EV_HandsOn_platt/psu_cortexa53_0/standalone_domain/bsp/system.mss
TRACE::2022-11-18.09:10:35::SCWMssOS::Commit changes completed.
TRACE::2022-11-18.09:10:35::SCWPlatform::Trying to open the hw design at C:/Users/SESA630813/work-2/4EV_HandsOn_platt/hw/Block_4EV_HandsOn.xsa
TRACE::2022-11-18.09:10:35::SCWPlatform::DSA given C:/Users/SESA630813/work-2/4EV_HandsOn_platt/hw/Block_4EV_HandsOn.xsa
TRACE::2022-11-18.09:10:35::SCWPlatform::DSA absoulate path C:/Users/SESA630813/work-2/4EV_HandsOn_platt/hw/Block_4EV_HandsOn.xsa
TRACE::2022-11-18.09:10:35::SCWPlatform::DSA directory C:/Users/SESA630813/work-2/4EV_HandsOn_platt/hw
TRACE::2022-11-18.09:10:35::SCWPlatform:: Platform Path C:/Users/SESA630813/work-2/4EV_HandsOn_platt/hw/Block_4EV_HandsOn.xsa
TRACE::2022-11-18.09:10:35::SCWPlatform:: Unique name xilinx:::0.0
TRACE::2022-11-18.09:10:35::SCWPlatform::Trying to set the existing hwdb with name Block_4EV_wrapper_9
TRACE::2022-11-18.09:10:35::SCWPlatform::Opened existing hwdb Block_4EV_wrapper_9
TRACE::2022-11-18.09:10:35::SCWPlatform::Found the Hw Db part of the input DSA
TRACE::2022-11-18.09:10:35::SCWMssOS::Checking the sw design at  C:/Users/SESA630813/work-2/4EV_HandsOn_platt/zynqmp_fsbl/zynqmp_fsbl_bsp/system.mss
TRACE::2022-11-18.09:10:35::SCWMssOS::DEBUG:  swdes dump  C:/Users/SESA630813/work-2/4EV_HandsOn_platt/psu_cortexa53_0/standalone_domain/bsp/system.mss|system_1||
C:/Users/SESA630813/work-2/4EV_HandsOn_platt/zynqmp_fsbl/zynqmp_fsbl_bsp/system.mss|system||
C:/Users/SESA630813/work-2/4EV_HandsOn_platt/zynqmp_pmufw/zynqmp_pmufw_bsp/system.mss|system_0||

TRACE::2022-11-18.09:10:35::SCWMssOS::Sw design exists and opened at  C:/Users/SESA630813/work-2/4EV_HandsOn_platt/zynqmp_fsbl/zynqmp_fsbl_bsp/system.mss
TRACE::2022-11-18.09:10:35::SCWPlatform::Trying to open the hw design at C:/Users/SESA630813/work-2/4EV_HandsOn_platt/hw/Block_4EV_HandsOn.xsa
TRACE::2022-11-18.09:10:35::SCWPlatform::DSA given C:/Users/SESA630813/work-2/4EV_HandsOn_platt/hw/Block_4EV_HandsOn.xsa
TRACE::2022-11-18.09:10:35::SCWPlatform::DSA absoulate path C:/Users/SESA630813/work-2/4EV_HandsOn_platt/hw/Block_4EV_HandsOn.xsa
TRACE::2022-11-18.09:10:35::SCWPlatform::DSA directory C:/Users/SESA630813/work-2/4EV_HandsOn_platt/hw
TRACE::2022-11-18.09:10:35::SCWPlatform:: Platform Path C:/Users/SESA630813/work-2/4EV_HandsOn_platt/hw/Block_4EV_HandsOn.xsa
TRACE::2022-11-18.09:10:35::SCWPlatform:: Unique name xilinx:::0.0
TRACE::2022-11-18.09:10:35::SCWPlatform::Trying to set the existing hwdb with name Block_4EV_wrapper_9
TRACE::2022-11-18.09:10:35::SCWPlatform::Opened existing hwdb Block_4EV_wrapper_9
TRACE::2022-11-18.09:10:35::SCWPlatform::Found the Hw Db part of the input DSA
TRACE::2022-11-18.09:10:35::SCWMssOS::Checking the sw design at  C:/Users/SESA630813/work-2/4EV_HandsOn_platt/zynqmp_pmufw/zynqmp_pmufw_bsp/system.mss
TRACE::2022-11-18.09:10:35::SCWMssOS::DEBUG:  swdes dump  C:/Users/SESA630813/work-2/4EV_HandsOn_platt/psu_cortexa53_0/standalone_domain/bsp/system.mss|system_1||
C:/Users/SESA630813/work-2/4EV_HandsOn_platt/zynqmp_fsbl/zynqmp_fsbl_bsp/system.mss|system||
C:/Users/SESA630813/work-2/4EV_HandsOn_platt/zynqmp_pmufw/zynqmp_pmufw_bsp/system.mss|system_0||

TRACE::2022-11-18.09:10:35::SCWMssOS::Sw design exists and opened at  C:/Users/SESA630813/work-2/4EV_HandsOn_platt/zynqmp_pmufw/zynqmp_pmufw_bsp/system.mss
TRACE::2022-11-18.09:10:35::SCWPlatform::Trying to open the hw design at C:/Users/SESA630813/work-2/4EV_HandsOn_platt/hw/Block_4EV_HandsOn.xsa
TRACE::2022-11-18.09:10:35::SCWPlatform::DSA given C:/Users/SESA630813/work-2/4EV_HandsOn_platt/hw/Block_4EV_HandsOn.xsa
TRACE::2022-11-18.09:10:35::SCWPlatform::DSA absoulate path C:/Users/SESA630813/work-2/4EV_HandsOn_platt/hw/Block_4EV_HandsOn.xsa
TRACE::2022-11-18.09:10:35::SCWPlatform::DSA directory C:/Users/SESA630813/work-2/4EV_HandsOn_platt/hw
TRACE::2022-11-18.09:10:35::SCWPlatform:: Platform Path C:/Users/SESA630813/work-2/4EV_HandsOn_platt/hw/Block_4EV_HandsOn.xsa
TRACE::2022-11-18.09:10:35::SCWPlatform:: Unique name xilinx:::0.0
TRACE::2022-11-18.09:10:35::SCWPlatform::Trying to set the existing hwdb with name Block_4EV_wrapper_9
TRACE::2022-11-18.09:10:35::SCWPlatform::Opened existing hwdb Block_4EV_wrapper_9
TRACE::2022-11-18.09:10:35::SCWPlatform::Found the Hw Db part of the input DSA
TRACE::2022-11-18.09:10:35::SCWMssOS::Checking the sw design at  C:/Users/SESA630813/work-2/4EV_HandsOn_platt/psu_cortexa53_0/standalone_domain/bsp/system.mss
TRACE::2022-11-18.09:10:35::SCWMssOS::DEBUG:  swdes dump  C:/Users/SESA630813/work-2/4EV_HandsOn_platt/psu_cortexa53_0/standalone_domain/bsp/system.mss|system_1||
C:/Users/SESA630813/work-2/4EV_HandsOn_platt/zynqmp_fsbl/zynqmp_fsbl_bsp/system.mss|system||
C:/Users/SESA630813/work-2/4EV_HandsOn_platt/zynqmp_pmufw/zynqmp_pmufw_bsp/system.mss|system_0||

TRACE::2022-11-18.09:10:35::SCWMssOS::Sw design exists and opened at  C:/Users/SESA630813/work-2/4EV_HandsOn_platt/psu_cortexa53_0/standalone_domain/bsp/system.mss
TRACE::2022-11-18.09:10:35::SCWWriter::formatted JSON is {
	"platformName":	"4EV_HandsOn_platt",
	"sprVersion":	"2.0",
	"mode":	"gui",
	"dsaType":	"Fixed",
	"platformDesc":	"4EV_HandsOn_platt",
	"platHandOff":	"C:/Schneider/ScriptingPath/enclustra/4EV-Hands-On/Block_4EV_HandsOn.xsa",
	"platIntHandOff":	"<platformDir>/hw/Block_4EV_HandsOn.xsa",
	"deviceType":	"zynqMP",
	"platIsPrebuiltAutogen":	"false",
	"platIsNoBootBsp":	"false",
	"platFsblTarget":	"psu_cortexa53_0",
	"hasFsblMakeHasChanges":	"false",
	"hasPmufwMakeHasChanges":	"false",
	"fsblExtraCompilerFlags":	"-MMD -MP      -Wall -fmessage-length=0 -DARMA53_64 -Os -flto -ffat-lto-objects  ",
	"pmufwExtraCompilerFlags":	"-MMD -MP      -mlittle-endian -mxl-barrel-shift -mxl-pattern-compare -mcpu=v9.2 -mxl-soft-mul -Os -flto -ffat-lto-objects  ",
	"platPreBuiltFlag":	false,
	"platformSamplesDir":	"",
	"platActiveSys":	"4EV_HandsOn_platt",
	"systems":	[{
			"systemName":	"4EV_HandsOn_platt",
			"systemDesc":	"4EV_HandsOn_platt",
			"sysIsBootAutoGen":	"true",
			"systemDispName":	"4EV_HandsOn_platt",
			"sysActiveDom":	"standalone_domain",
			"sysDefaultDom":	"standalone_domain",
			"domains":	[{
					"domainName":	"zynqmp_fsbl",
					"domainDispName":	"zynqmp_fsbl",
					"domainDesc":	"FSBL Application BSP - Auto Generated.",
					"processors":	"psu_cortexa53_0",
					"os":	"standalone",
					"sdxOs":	"standalone",
					"debugEnable":	"",
					"domRuntimes":	["cpp"],
					"swRepo":	"",
					"mssOsVer":	"7.6",
					"mssFile":	"",
					"md5Digest":	"f0f90a35a6a229e56057b23e4b7162c6",
					"compatibleApp":	"zynqmp_fsbl",
					"domType":	"bootDomain",
					"arch":	"64-bit",
					"appSettings":	{
						"appCompilerFlags":	"",
						"appLinkerFlags":	""
					},
					"addedLibs":	["xilffs:4.6", "xilsecure:4.6", "xilpm:3.5"],
					"libOptions":	{
						"standalone":	{
							"zynqmp_fsbl_bsp":	"true",
							"libOptionNames":	["zynqmp_fsbl_bsp"]
						},
						"xilffs":	{
							"read_only":	"true",
							"use_mkfs":	"false",
							"libOptionNames":	["read_only", "use_mkfs"]
						},
						"xilsecure":	{
							"tpm_support":	"true",
							"libOptionNames":	["tpm_support"]
						},
						"libsContainingOptions":	["standalone", "xilffs", "xilsecure"]
					},
					"prebuiltLibs":	{
						"prebuiltIncPath":	[],
						"prebuiltLibPath":	[]
					},
					"isolation":	{
					}
				}, {
					"domainName":	"zynqmp_pmufw",
					"domainDispName":	"zynqmp_pmufw",
					"domainDesc":	"PMUFW Application BSP - Auto Generated.",
					"processors":	"psu_pmu_0",
					"os":	"standalone",
					"sdxOs":	"standalone",
					"debugEnable":	"",
					"domRuntimes":	["cpp"],
					"swRepo":	"",
					"mssOsVer":	"7.6",
					"mssFile":	"",
					"md5Digest":	"2252945fa1d34af486e1005da291d4dd",
					"compatibleApp":	"zynqmp_pmufw",
					"domType":	"bootDomain",
					"arch":	"32-bit",
					"appSettings":	{
						"appCompilerFlags":	"",
						"appLinkerFlags":	""
					},
					"addedLibs":	["xilfpga:6.1", "xilsecure:4.6", "xilskey:7.2"],
					"libOptions":	{
						"psu_pmu_0":	{
							"extra_compiler_flags":	"-g -ffunction-sections -fdata-sections -Wall -Wextra -fno-tree-loop-distribute-patterns  -Os -flto -ffat-lto-objects",
							"libOptionNames":	["extra_compiler_flags"]
						},
						"libsContainingOptions":	["psu_pmu_0"]
					},
					"prebuiltLibs":	{
						"prebuiltIncPath":	[],
						"prebuiltLibPath":	[]
					},
					"isolation":	{
					}
				}, {
					"domainName":	"standalone_domain",
					"domainDispName":	"standalone on psu_cortexa53_0",
					"domainDesc":	"standalone_domain",
					"processors":	"psu_cortexa53_0",
					"os":	"standalone",
					"sdxOs":	"standalone",
					"qemuArgs":	"C:/Xilinx3/Vitis/2021.2/data/emulation/platforms/zynqmp/sw/a53_standalone/qemu/qemu_args.txt",
					"qemuData":	"C:/Xilinx3/Vitis/2021.2/data/emulation/platforms/zynqmp/sw/a53_standalone/qemu/",
					"pmuQemuArgs":	"C:/Xilinx3/Vitis/2021.2/data/emulation/platforms/zynqmp/sw/a53_standalone/qemu/pmu_args.txt",
					"debugEnable":	"False",
					"domRuntimes":	["cpp"],
					"swRepo":	"",
					"mssOsVer":	"7.6",
					"mssFile":	"",
					"md5Digest":	"a7380b93d62648222d0ccf0a3c72bcd4",
					"compatibleApp":	"",
					"domType":	"mssDomain",
					"arch":	"64-bit",
					"appSettings":	{
						"appCompilerFlags":	"",
						"appLinkerFlags":	""
					},
					"addedLibs":	[],
					"libOptions":	{
						"libsContainingOptions":	[]
					},
					"prebuiltLibs":	{
						"prebuiltIncPath":	[],
						"prebuiltLibPath":	[]
					},
					"isolation":	{
					}
				}]
		}]
}
LOG::2022-11-18.09:10:35::SCWPlatform::Started generating the artifacts platform 4EV_HandsOn_platt
TRACE::2022-11-18.09:10:35::SCWPlatform::Sanity checking of platform is completed
LOG::2022-11-18.09:10:35::SCWPlatform::Started generating the artifacts for system configuration 4EV_HandsOn_platt
LOG::2022-11-18.09:10:35::SCWSystem::Checking the domain zynqmp_fsbl
LOG::2022-11-18.09:10:35::SCWSystem::Doing application build for :  zynqmp_fsbl
TRACE::2022-11-18.09:10:35::SCWBDomain::Not a forced makefile updation, No changes are present. 
TRACE::2022-11-18.09:10:35::SCWDomain::Skipping the build for domain :  zynqmp_fsbl
LOG::2022-11-18.09:10:35::SCWSystem::Checking the domain zynqmp_pmufw
LOG::2022-11-18.09:10:35::SCWSystem::Doing application build for :  zynqmp_pmufw
TRACE::2022-11-18.09:10:35::SCWBDomain::Not a forced makefile updation, No changes are present. 
TRACE::2022-11-18.09:10:35::SCWDomain::Skipping the build for domain :  zynqmp_pmufw
LOG::2022-11-18.09:10:35::SCWSystem::Checking the domain standalone_domain
LOG::2022-11-18.09:10:35::SCWSystem::Not a boot domain 
LOG::2022-11-18.09:10:35::SCWSystem::Started Processing the domain standalone_domain
TRACE::2022-11-18.09:10:35::SCWDomain::Generating domain artifcats
TRACE::2022-11-18.09:10:35::SCWMssOS::Generating standalone artifcats
TRACE::2022-11-18.09:10:35::SCWMssOS::Copying the qemu file from  C:/Xilinx3/Vitis/2021.2/data/emulation/platforms/zynqmp/sw/a53_standalone/qemu/qemu_args.txt To C:/Users/SESA630813/work-2/4EV_HandsOn_platt/export/4EV_HandsOn_platt/sw/4EV_HandsOn_platt/qemu/
TRACE::2022-11-18.09:10:35::SCWMssOS::Copying the qemu file from  C:/Xilinx3/Vitis/2021.2/data/emulation/platforms/zynqmp/sw/a53_standalone/qemu/qemu_args.txt To C:/Users/SESA630813/work-2/4EV_HandsOn_platt/export/4EV_HandsOn_platt/sw/4EV_HandsOn_platt/qemu/
TRACE::2022-11-18.09:10:35::SCWMssOS::Copying the qemu file from  C:/Xilinx3/Vitis/2021.2/data/emulation/platforms/zynqmp/sw/a53_standalone/qemu/qemu_args.txt To C:/Users/SESA630813/work-2/4EV_HandsOn_platt/export/4EV_HandsOn_platt/sw/4EV_HandsOn_platt/standalone_domain/qemu/
TRACE::2022-11-18.09:10:35::SCWMssOS::Copying the qemu file from  C:/Xilinx3/Vitis/2021.2/data/emulation/platforms/zynqmp/sw/a53_standalone/qemu/qemu_args.txt To C:/Users/SESA630813/work-2/4EV_HandsOn_platt/export/4EV_HandsOn_platt/sw/4EV_HandsOn_platt/standalone_domain/qemu/
TRACE::2022-11-18.09:10:35::SCWMssOS:: Copying the user libraries. 
TRACE::2022-11-18.09:10:35::SCWPlatform::Trying to open the hw design at C:/Users/SESA630813/work-2/4EV_HandsOn_platt/hw/Block_4EV_HandsOn.xsa
TRACE::2022-11-18.09:10:35::SCWPlatform::DSA given C:/Users/SESA630813/work-2/4EV_HandsOn_platt/hw/Block_4EV_HandsOn.xsa
TRACE::2022-11-18.09:10:35::SCWPlatform::DSA absoulate path C:/Users/SESA630813/work-2/4EV_HandsOn_platt/hw/Block_4EV_HandsOn.xsa
TRACE::2022-11-18.09:10:35::SCWPlatform::DSA directory C:/Users/SESA630813/work-2/4EV_HandsOn_platt/hw
TRACE::2022-11-18.09:10:35::SCWPlatform:: Platform Path C:/Users/SESA630813/work-2/4EV_HandsOn_platt/hw/Block_4EV_HandsOn.xsa
TRACE::2022-11-18.09:10:35::SCWPlatform:: Unique name xilinx:::0.0
TRACE::2022-11-18.09:10:35::SCWPlatform::Trying to set the existing hwdb with name Block_4EV_wrapper_9
TRACE::2022-11-18.09:10:35::SCWPlatform::Opened existing hwdb Block_4EV_wrapper_9
TRACE::2022-11-18.09:10:35::SCWPlatform::Found the Hw Db part of the input DSA
TRACE::2022-11-18.09:10:35::SCWMssOS::Checking the sw design at  C:/Users/SESA630813/work-2/4EV_HandsOn_platt/psu_cortexa53_0/standalone_domain/bsp/system.mss
TRACE::2022-11-18.09:10:35::SCWMssOS::DEBUG:  swdes dump  C:/Users/SESA630813/work-2/4EV_HandsOn_platt/psu_cortexa53_0/standalone_domain/bsp/system.mss|system_1||
C:/Users/SESA630813/work-2/4EV_HandsOn_platt/zynqmp_fsbl/zynqmp_fsbl_bsp/system.mss|system||
C:/Users/SESA630813/work-2/4EV_HandsOn_platt/zynqmp_pmufw/zynqmp_pmufw_bsp/system.mss|system_0||

TRACE::2022-11-18.09:10:35::SCWMssOS::Sw design exists and opened at  C:/Users/SESA630813/work-2/4EV_HandsOn_platt/psu_cortexa53_0/standalone_domain/bsp/system.mss
TRACE::2022-11-18.09:10:35::SCWMssOS::Completed writing the mss file at C:/Users/SESA630813/work-2/4EV_HandsOn_platt/psu_cortexa53_0/standalone_domain/bsp
TRACE::2022-11-18.09:10:35::SCWMssOS::Mss edits present, copying mssfile into export location C:/Users/SESA630813/work-2/4EV_HandsOn_platt/psu_cortexa53_0/standalone_domain/bsp/system.mss
TRACE::2022-11-18.09:10:35::SCWMssOS::bsp generated is upto date with the mss file. Skipping bsp generation.
TRACE::2022-11-18.09:10:35::SCWMssOS::BSP is already built. skipping the bsp build ... 
TRACE::2022-11-18.09:10:35::SCWDomain::Skipping the build for domain :  standalone_domain
TRACE::2022-11-18.09:10:35::SCWMssOS::skipping the bsp build ... 
TRACE::2022-11-18.09:10:35::SCWMssOS::Copying to export directory.
TRACE::2022-11-18.09:10:36::SCWMssOS:: Checking if to create the Supporting Applications
TRACE::2022-11-18.09:10:36::SCWMssOS:: No Linux domain exists, trying to generate FSBL 
LOG::2022-11-18.09:10:36::SCWSystem::Completed Processing the domain standalone_domain
LOG::2022-11-18.09:10:36::SCWSystem::Completed Processing the sysconfig 4EV_HandsOn_platt
LOG::2022-11-18.09:10:36::SCWPlatform::Completed generating the artifacts for system configuration 4EV_HandsOn_platt
TRACE::2022-11-18.09:10:36::SCWPlatform::Started preparing the platform 
TRACE::2022-11-18.09:10:36::SCWSystem::Writing the bif file for system config 4EV_HandsOn_platt
TRACE::2022-11-18.09:10:36::SCWSystem::dir created 
TRACE::2022-11-18.09:10:36::SCWSystem::Writing the bif 
TRACE::2022-11-18.09:10:36::SCWPlatform::Started writing the spfm file 
TRACE::2022-11-18.09:10:36::SCWPlatform::Started writing the xpfm file 
TRACE::2022-11-18.09:10:36::SCWPlatform::Completed generating the platform
TRACE::2022-11-18.09:10:36::SCWMssOS::Saving the mss changes C:/Users/SESA630813/work-2/4EV_HandsOn_platt/zynqmp_fsbl/zynqmp_fsbl_bsp/system.mss
TRACE::2022-11-18.09:10:36::SCWMssOS::Found a swdesign opened with the mssfile.
TRACE::2022-11-18.09:10:36::SCWMssOS::Completed writemss as part of save.
TRACE::2022-11-18.09:10:36::SCWMssOS::Commit changes completed.
TRACE::2022-11-18.09:10:36::SCWMssOS::Saving the mss changes C:/Users/SESA630813/work-2/4EV_HandsOn_platt/zynqmp_pmufw/zynqmp_pmufw_bsp/system.mss
TRACE::2022-11-18.09:10:36::SCWMssOS::Found a swdesign opened with the mssfile.
TRACE::2022-11-18.09:10:36::SCWMssOS::Completed writemss as part of save.
TRACE::2022-11-18.09:10:36::SCWMssOS::Commit changes completed.
TRACE::2022-11-18.09:10:36::SCWMssOS::Saving the mss changes C:/Users/SESA630813/work-2/4EV_HandsOn_platt/psu_cortexa53_0/standalone_domain/bsp/system.mss
TRACE::2022-11-18.09:10:36::SCWMssOS::Found a swdesign opened with the mssfile.
TRACE::2022-11-18.09:10:36::SCWMssOS::Completed writemss as part of save.
TRACE::2022-11-18.09:10:36::SCWMssOS::Commit changes completed.
TRACE::2022-11-18.09:10:36::SCWPlatform::Trying to open the hw design at C:/Users/SESA630813/work-2/4EV_HandsOn_platt/hw/Block_4EV_HandsOn.xsa
TRACE::2022-11-18.09:10:36::SCWPlatform::DSA given C:/Users/SESA630813/work-2/4EV_HandsOn_platt/hw/Block_4EV_HandsOn.xsa
TRACE::2022-11-18.09:10:36::SCWPlatform::DSA absoulate path C:/Users/SESA630813/work-2/4EV_HandsOn_platt/hw/Block_4EV_HandsOn.xsa
TRACE::2022-11-18.09:10:36::SCWPlatform::DSA directory C:/Users/SESA630813/work-2/4EV_HandsOn_platt/hw
TRACE::2022-11-18.09:10:36::SCWPlatform:: Platform Path C:/Users/SESA630813/work-2/4EV_HandsOn_platt/hw/Block_4EV_HandsOn.xsa
TRACE::2022-11-18.09:10:36::SCWPlatform:: Unique name xilinx:::0.0
TRACE::2022-11-18.09:10:36::SCWPlatform::Trying to set the existing hwdb with name Block_4EV_wrapper_9
TRACE::2022-11-18.09:10:36::SCWPlatform::Opened existing hwdb Block_4EV_wrapper_9
TRACE::2022-11-18.09:10:36::SCWPlatform::Found the Hw Db part of the input DSA
TRACE::2022-11-18.09:10:36::SCWMssOS::Checking the sw design at  C:/Users/SESA630813/work-2/4EV_HandsOn_platt/zynqmp_fsbl/zynqmp_fsbl_bsp/system.mss
TRACE::2022-11-18.09:10:36::SCWMssOS::DEBUG:  swdes dump  C:/Users/SESA630813/work-2/4EV_HandsOn_platt/psu_cortexa53_0/standalone_domain/bsp/system.mss|system_1||
C:/Users/SESA630813/work-2/4EV_HandsOn_platt/zynqmp_fsbl/zynqmp_fsbl_bsp/system.mss|system||
C:/Users/SESA630813/work-2/4EV_HandsOn_platt/zynqmp_pmufw/zynqmp_pmufw_bsp/system.mss|system_0||

TRACE::2022-11-18.09:10:36::SCWMssOS::Sw design exists and opened at  C:/Users/SESA630813/work-2/4EV_HandsOn_platt/zynqmp_fsbl/zynqmp_fsbl_bsp/system.mss
TRACE::2022-11-18.09:10:36::SCWPlatform::Trying to open the hw design at C:/Users/SESA630813/work-2/4EV_HandsOn_platt/hw/Block_4EV_HandsOn.xsa
TRACE::2022-11-18.09:10:36::SCWPlatform::DSA given C:/Users/SESA630813/work-2/4EV_HandsOn_platt/hw/Block_4EV_HandsOn.xsa
TRACE::2022-11-18.09:10:36::SCWPlatform::DSA absoulate path C:/Users/SESA630813/work-2/4EV_HandsOn_platt/hw/Block_4EV_HandsOn.xsa
TRACE::2022-11-18.09:10:36::SCWPlatform::DSA directory C:/Users/SESA630813/work-2/4EV_HandsOn_platt/hw
TRACE::2022-11-18.09:10:36::SCWPlatform:: Platform Path C:/Users/SESA630813/work-2/4EV_HandsOn_platt/hw/Block_4EV_HandsOn.xsa
TRACE::2022-11-18.09:10:36::SCWPlatform:: Unique name xilinx:::0.0
TRACE::2022-11-18.09:10:36::SCWPlatform::Trying to set the existing hwdb with name Block_4EV_wrapper_9
TRACE::2022-11-18.09:10:36::SCWPlatform::Opened existing hwdb Block_4EV_wrapper_9
TRACE::2022-11-18.09:10:36::SCWPlatform::Found the Hw Db part of the input DSA
TRACE::2022-11-18.09:10:36::SCWMssOS::Checking the sw design at  C:/Users/SESA630813/work-2/4EV_HandsOn_platt/zynqmp_pmufw/zynqmp_pmufw_bsp/system.mss
TRACE::2022-11-18.09:10:36::SCWMssOS::DEBUG:  swdes dump  C:/Users/SESA630813/work-2/4EV_HandsOn_platt/psu_cortexa53_0/standalone_domain/bsp/system.mss|system_1||
C:/Users/SESA630813/work-2/4EV_HandsOn_platt/zynqmp_fsbl/zynqmp_fsbl_bsp/system.mss|system||
C:/Users/SESA630813/work-2/4EV_HandsOn_platt/zynqmp_pmufw/zynqmp_pmufw_bsp/system.mss|system_0||

TRACE::2022-11-18.09:10:36::SCWMssOS::Sw design exists and opened at  C:/Users/SESA630813/work-2/4EV_HandsOn_platt/zynqmp_pmufw/zynqmp_pmufw_bsp/system.mss
TRACE::2022-11-18.09:10:36::SCWPlatform::Trying to open the hw design at C:/Users/SESA630813/work-2/4EV_HandsOn_platt/hw/Block_4EV_HandsOn.xsa
TRACE::2022-11-18.09:10:36::SCWPlatform::DSA given C:/Users/SESA630813/work-2/4EV_HandsOn_platt/hw/Block_4EV_HandsOn.xsa
TRACE::2022-11-18.09:10:36::SCWPlatform::DSA absoulate path C:/Users/SESA630813/work-2/4EV_HandsOn_platt/hw/Block_4EV_HandsOn.xsa
TRACE::2022-11-18.09:10:36::SCWPlatform::DSA directory C:/Users/SESA630813/work-2/4EV_HandsOn_platt/hw
TRACE::2022-11-18.09:10:36::SCWPlatform:: Platform Path C:/Users/SESA630813/work-2/4EV_HandsOn_platt/hw/Block_4EV_HandsOn.xsa
TRACE::2022-11-18.09:10:36::SCWPlatform:: Unique name xilinx:::0.0
TRACE::2022-11-18.09:10:36::SCWPlatform::Trying to set the existing hwdb with name Block_4EV_wrapper_9
TRACE::2022-11-18.09:10:36::SCWPlatform::Opened existing hwdb Block_4EV_wrapper_9
TRACE::2022-11-18.09:10:36::SCWPlatform::Found the Hw Db part of the input DSA
TRACE::2022-11-18.09:10:36::SCWMssOS::Checking the sw design at  C:/Users/SESA630813/work-2/4EV_HandsOn_platt/psu_cortexa53_0/standalone_domain/bsp/system.mss
TRACE::2022-11-18.09:10:36::SCWMssOS::DEBUG:  swdes dump  C:/Users/SESA630813/work-2/4EV_HandsOn_platt/psu_cortexa53_0/standalone_domain/bsp/system.mss|system_1||
C:/Users/SESA630813/work-2/4EV_HandsOn_platt/zynqmp_fsbl/zynqmp_fsbl_bsp/system.mss|system||
C:/Users/SESA630813/work-2/4EV_HandsOn_platt/zynqmp_pmufw/zynqmp_pmufw_bsp/system.mss|system_0||

TRACE::2022-11-18.09:10:36::SCWMssOS::Sw design exists and opened at  C:/Users/SESA630813/work-2/4EV_HandsOn_platt/psu_cortexa53_0/standalone_domain/bsp/system.mss
TRACE::2022-11-18.09:10:36::SCWWriter::formatted JSON is {
	"platformName":	"4EV_HandsOn_platt",
	"sprVersion":	"2.0",
	"mode":	"gui",
	"dsaType":	"Fixed",
	"platformDesc":	"4EV_HandsOn_platt",
	"platHandOff":	"C:/Schneider/ScriptingPath/enclustra/4EV-Hands-On/Block_4EV_HandsOn.xsa",
	"platIntHandOff":	"<platformDir>/hw/Block_4EV_HandsOn.xsa",
	"deviceType":	"zynqMP",
	"platIsPrebuiltAutogen":	"false",
	"platIsNoBootBsp":	"false",
	"platFsblTarget":	"psu_cortexa53_0",
	"hasFsblMakeHasChanges":	"false",
	"hasPmufwMakeHasChanges":	"false",
	"fsblExtraCompilerFlags":	"-MMD -MP      -Wall -fmessage-length=0 -DARMA53_64 -Os -flto -ffat-lto-objects  ",
	"pmufwExtraCompilerFlags":	"-MMD -MP      -mlittle-endian -mxl-barrel-shift -mxl-pattern-compare -mcpu=v9.2 -mxl-soft-mul -Os -flto -ffat-lto-objects  ",
	"platPreBuiltFlag":	false,
	"platformSamplesDir":	"",
	"platActiveSys":	"4EV_HandsOn_platt",
	"systems":	[{
			"systemName":	"4EV_HandsOn_platt",
			"systemDesc":	"4EV_HandsOn_platt",
			"sysIsBootAutoGen":	"true",
			"systemDispName":	"4EV_HandsOn_platt",
			"sysActiveDom":	"standalone_domain",
			"sysDefaultDom":	"standalone_domain",
			"domains":	[{
					"domainName":	"zynqmp_fsbl",
					"domainDispName":	"zynqmp_fsbl",
					"domainDesc":	"FSBL Application BSP - Auto Generated.",
					"processors":	"psu_cortexa53_0",
					"os":	"standalone",
					"sdxOs":	"standalone",
					"debugEnable":	"",
					"domRuntimes":	["cpp"],
					"swRepo":	"",
					"mssOsVer":	"7.6",
					"mssFile":	"",
					"md5Digest":	"f0f90a35a6a229e56057b23e4b7162c6",
					"compatibleApp":	"zynqmp_fsbl",
					"domType":	"bootDomain",
					"arch":	"64-bit",
					"appSettings":	{
						"appCompilerFlags":	"",
						"appLinkerFlags":	""
					},
					"addedLibs":	["xilffs:4.6", "xilsecure:4.6", "xilpm:3.5"],
					"libOptions":	{
						"standalone":	{
							"zynqmp_fsbl_bsp":	"true",
							"libOptionNames":	["zynqmp_fsbl_bsp"]
						},
						"xilffs":	{
							"read_only":	"true",
							"use_mkfs":	"false",
							"libOptionNames":	["read_only", "use_mkfs"]
						},
						"xilsecure":	{
							"tpm_support":	"true",
							"libOptionNames":	["tpm_support"]
						},
						"libsContainingOptions":	["standalone", "xilffs", "xilsecure"]
					},
					"prebuiltLibs":	{
						"prebuiltIncPath":	[],
						"prebuiltLibPath":	[]
					},
					"isolation":	{
					}
				}, {
					"domainName":	"zynqmp_pmufw",
					"domainDispName":	"zynqmp_pmufw",
					"domainDesc":	"PMUFW Application BSP - Auto Generated.",
					"processors":	"psu_pmu_0",
					"os":	"standalone",
					"sdxOs":	"standalone",
					"debugEnable":	"",
					"domRuntimes":	["cpp"],
					"swRepo":	"",
					"mssOsVer":	"7.6",
					"mssFile":	"",
					"md5Digest":	"2252945fa1d34af486e1005da291d4dd",
					"compatibleApp":	"zynqmp_pmufw",
					"domType":	"bootDomain",
					"arch":	"32-bit",
					"appSettings":	{
						"appCompilerFlags":	"",
						"appLinkerFlags":	""
					},
					"addedLibs":	["xilfpga:6.1", "xilsecure:4.6", "xilskey:7.2"],
					"libOptions":	{
						"psu_pmu_0":	{
							"extra_compiler_flags":	"-g -ffunction-sections -fdata-sections -Wall -Wextra -fno-tree-loop-distribute-patterns  -Os -flto -ffat-lto-objects",
							"libOptionNames":	["extra_compiler_flags"]
						},
						"libsContainingOptions":	["psu_pmu_0"]
					},
					"prebuiltLibs":	{
						"prebuiltIncPath":	[],
						"prebuiltLibPath":	[]
					},
					"isolation":	{
					}
				}, {
					"domainName":	"standalone_domain",
					"domainDispName":	"standalone on psu_cortexa53_0",
					"domainDesc":	"standalone_domain",
					"processors":	"psu_cortexa53_0",
					"os":	"standalone",
					"sdxOs":	"standalone",
					"qemuArgs":	"C:/Xilinx3/Vitis/2021.2/data/emulation/platforms/zynqmp/sw/a53_standalone/qemu/qemu_args.txt",
					"qemuData":	"C:/Xilinx3/Vitis/2021.2/data/emulation/platforms/zynqmp/sw/a53_standalone/qemu/",
					"pmuQemuArgs":	"C:/Xilinx3/Vitis/2021.2/data/emulation/platforms/zynqmp/sw/a53_standalone/qemu/pmu_args.txt",
					"debugEnable":	"False",
					"domRuntimes":	["cpp"],
					"swRepo":	"",
					"mssOsVer":	"7.6",
					"mssFile":	"",
					"md5Digest":	"a7380b93d62648222d0ccf0a3c72bcd4",
					"compatibleApp":	"",
					"domType":	"mssDomain",
					"arch":	"64-bit",
					"appSettings":	{
						"appCompilerFlags":	"",
						"appLinkerFlags":	""
					},
					"addedLibs":	[],
					"libOptions":	{
						"libsContainingOptions":	[]
					},
					"prebuiltLibs":	{
						"prebuiltIncPath":	[],
						"prebuiltLibPath":	[]
					},
					"isolation":	{
					}
				}]
		}]
}
KEYINFO::2022-11-18.09:10:36::SCWPlatform::updated the xpfm file.
TRACE::2022-11-18.09:10:36::SCWPlatform::Trying to open the hw design at C:/Users/SESA630813/work-2/4EV_HandsOn_platt/hw/Block_4EV_HandsOn.xsa
TRACE::2022-11-18.09:10:36::SCWPlatform::DSA given C:/Users/SESA630813/work-2/4EV_HandsOn_platt/hw/Block_4EV_HandsOn.xsa
TRACE::2022-11-18.09:10:36::SCWPlatform::DSA absoulate path C:/Users/SESA630813/work-2/4EV_HandsOn_platt/hw/Block_4EV_HandsOn.xsa
TRACE::2022-11-18.09:10:36::SCWPlatform::DSA directory C:/Users/SESA630813/work-2/4EV_HandsOn_platt/hw
TRACE::2022-11-18.09:10:36::SCWPlatform:: Platform Path C:/Users/SESA630813/work-2/4EV_HandsOn_platt/hw/Block_4EV_HandsOn.xsa
TRACE::2022-11-18.09:10:36::SCWPlatform:: Unique name xilinx:::0.0
TRACE::2022-11-18.09:10:36::SCWPlatform::Trying to set the existing hwdb with name Block_4EV_wrapper_9
TRACE::2022-11-18.09:10:36::SCWPlatform::Opened existing hwdb Block_4EV_wrapper_9
TRACE::2022-11-18.09:10:36::SCWPlatform::Found the Hw Db part of the input DSA
TRACE::2022-11-18.09:10:36::SCWMssOS::Checking the sw design at  C:/Users/SESA630813/work-2/4EV_HandsOn_platt/psu_cortexa53_0/standalone_domain/bsp/system.mss
TRACE::2022-11-18.09:10:36::SCWMssOS::DEBUG:  swdes dump  C:/Users/SESA630813/work-2/4EV_HandsOn_platt/psu_cortexa53_0/standalone_domain/bsp/system.mss|system_1||
C:/Users/SESA630813/work-2/4EV_HandsOn_platt/zynqmp_fsbl/zynqmp_fsbl_bsp/system.mss|system||
C:/Users/SESA630813/work-2/4EV_HandsOn_platt/zynqmp_pmufw/zynqmp_pmufw_bsp/system.mss|system_0||

TRACE::2022-11-18.09:10:36::SCWMssOS::Sw design exists and opened at  C:/Users/SESA630813/work-2/4EV_HandsOn_platt/psu_cortexa53_0/standalone_domain/bsp/system.mss
TRACE::2022-11-18.09:10:38::SCWPlatform::Clearing the existing platform
TRACE::2022-11-18.09:10:38::SCWSystem::Clearing the existing sysconfig
TRACE::2022-11-18.09:10:38::SCWBDomain::clearing the fsbl build
TRACE::2022-11-18.09:10:38::SCWMssOS::Removing the swdes entry for  C:/Users/SESA630813/work-2/4EV_HandsOn_platt/zynqmp_fsbl/zynqmp_fsbl_bsp/system.mss
TRACE::2022-11-18.09:10:38::SCWBDomain::clearing the pmufw build
TRACE::2022-11-18.09:10:38::SCWMssOS::Removing the swdes entry for  C:/Users/SESA630813/work-2/4EV_HandsOn_platt/zynqmp_pmufw/zynqmp_pmufw_bsp/system.mss
TRACE::2022-11-18.09:10:38::SCWMssOS::Removing the swdes entry for  C:/Users/SESA630813/work-2/4EV_HandsOn_platt/psu_cortexa53_0/standalone_domain/bsp/system.mss
TRACE::2022-11-18.09:10:38::SCWSystem::Clearing the domains completed.
TRACE::2022-11-18.09:10:38::SCWPlatform::Clearing the opened hw db.
TRACE::2022-11-18.09:10:38::SCWPlatform::DSA given C:/Users/SESA630813/work-2/4EV_HandsOn_platt/hw/Block_4EV_HandsOn.xsa
TRACE::2022-11-18.09:10:38::SCWPlatform::DSA absoulate path C:/Users/SESA630813/work-2/4EV_HandsOn_platt/hw/Block_4EV_HandsOn.xsa
TRACE::2022-11-18.09:10:38::SCWPlatform:: Platform location is C:/Users/SESA630813/work-2/4EV_HandsOn_platt/hw
TRACE::2022-11-18.09:10:38::SCWPlatform:: Platform Path C:/Users/SESA630813/work-2/4EV_HandsOn_platt/hw/Block_4EV_HandsOn.xsa
TRACE::2022-11-18.09:10:38::SCWPlatform:: Unique name xilinx:::0.0
TRACE::2022-11-18.09:10:38::SCWPlatform::Removing the HwDB with name C:/Users/SESA630813/work-2/4EV_HandsOn_platt/hw/Block_4EV_HandsOn.xsa
TRACE::2022-11-18.09:10:38::SCWPlatform::Trying to open the hw design at C:/Users/SESA630813/work-2/4EV_HandsOn_platt/hw/Block_4EV_HandsOn.xsa
TRACE::2022-11-18.09:10:38::SCWPlatform::DSA given C:/Users/SESA630813/work-2/4EV_HandsOn_platt/hw/Block_4EV_HandsOn.xsa
TRACE::2022-11-18.09:10:38::SCWPlatform::DSA absoulate path C:/Users/SESA630813/work-2/4EV_HandsOn_platt/hw/Block_4EV_HandsOn.xsa
TRACE::2022-11-18.09:10:38::SCWPlatform::DSA directory C:/Users/SESA630813/work-2/4EV_HandsOn_platt/hw
TRACE::2022-11-18.09:10:38::SCWPlatform:: Platform Path C:/Users/SESA630813/work-2/4EV_HandsOn_platt/hw/Block_4EV_HandsOn.xsa
TRACE::2022-11-18.09:10:38::SCWPlatform:: Unique name xilinx:::0.0
TRACE::2022-11-18.09:10:38::SCWPlatform::Do not have an existing db opened. 
TRACE::2022-11-18.09:10:44::SCWPlatform::Opened new HwDB with name Block_4EV_wrapper_10
TRACE::2022-11-18.09:10:44::SCWReader::Active system found as  4EV_HandsOn_platt
TRACE::2022-11-18.09:10:44::SCWReader::Handling sysconfig 4EV_HandsOn_platt
TRACE::2022-11-18.09:10:44::SCWDomain::checking for install qemu data   : 
TRACE::2022-11-18.09:10:44::SCWDomain:: Using the QEMU Data from install at  : C:/Xilinx3/Vitis/2021.2/data/emulation/platforms/zynqmp/sw/a53_standalone/qemu/
TRACE::2022-11-18.09:10:44::SCWDomain:: Using the QEMU args  from install at  : C:/Xilinx3/Vitis/2021.2/data/emulation/platforms/zynqmp/sw/a53_standalone/qemu/qemu_args.txt
TRACE::2022-11-18.09:10:44::SCWDomain:: Using the PMUQEMU args from install at  : C:/Xilinx3/Vitis/2021.2/data/emulation/platforms/zynqmp/sw/a53_standalone/qemu/pmu_args.txt
TRACE::2022-11-18.09:10:44::SCWPlatform::Trying to open the hw design at C:/Users/SESA630813/work-2/4EV_HandsOn_platt/hw/Block_4EV_HandsOn.xsa
TRACE::2022-11-18.09:10:44::SCWPlatform::DSA given C:/Users/SESA630813/work-2/4EV_HandsOn_platt/hw/Block_4EV_HandsOn.xsa
TRACE::2022-11-18.09:10:44::SCWPlatform::DSA absoulate path C:/Users/SESA630813/work-2/4EV_HandsOn_platt/hw/Block_4EV_HandsOn.xsa
TRACE::2022-11-18.09:10:44::SCWPlatform::DSA directory C:/Users/SESA630813/work-2/4EV_HandsOn_platt/hw
TRACE::2022-11-18.09:10:44::SCWPlatform:: Platform Path C:/Users/SESA630813/work-2/4EV_HandsOn_platt/hw/Block_4EV_HandsOn.xsa
TRACE::2022-11-18.09:10:44::SCWPlatform:: Unique name xilinx:::0.0
TRACE::2022-11-18.09:10:44::SCWPlatform::Trying to set the existing hwdb with name Block_4EV_wrapper_10
TRACE::2022-11-18.09:10:44::SCWPlatform::Opened existing hwdb Block_4EV_wrapper_10
TRACE::2022-11-18.09:10:44::SCWPlatform::Found the Hw Db part of the input DSA
TRACE::2022-11-18.09:10:44::SCWPlatform::Trying to open the hw design at C:/Users/SESA630813/work-2/4EV_HandsOn_platt/hw/Block_4EV_HandsOn.xsa
TRACE::2022-11-18.09:10:44::SCWPlatform::DSA given C:/Users/SESA630813/work-2/4EV_HandsOn_platt/hw/Block_4EV_HandsOn.xsa
TRACE::2022-11-18.09:10:44::SCWPlatform::DSA absoulate path C:/Users/SESA630813/work-2/4EV_HandsOn_platt/hw/Block_4EV_HandsOn.xsa
TRACE::2022-11-18.09:10:44::SCWPlatform::DSA directory C:/Users/SESA630813/work-2/4EV_HandsOn_platt/hw
TRACE::2022-11-18.09:10:44::SCWPlatform:: Platform Path C:/Users/SESA630813/work-2/4EV_HandsOn_platt/hw/Block_4EV_HandsOn.xsa
TRACE::2022-11-18.09:10:44::SCWPlatform:: Unique name xilinx:::0.0
TRACE::2022-11-18.09:10:44::SCWPlatform::Trying to set the existing hwdb with name Block_4EV_wrapper_10
TRACE::2022-11-18.09:10:44::SCWPlatform::Opened existing hwdb Block_4EV_wrapper_10
TRACE::2022-11-18.09:10:44::SCWPlatform::Found the Hw Db part of the input DSA
TRACE::2022-11-18.09:10:44::SCWPlatform::Trying to open the hw design at C:/Users/SESA630813/work-2/4EV_HandsOn_platt/hw/Block_4EV_HandsOn.xsa
TRACE::2022-11-18.09:10:44::SCWPlatform::DSA given C:/Users/SESA630813/work-2/4EV_HandsOn_platt/hw/Block_4EV_HandsOn.xsa
TRACE::2022-11-18.09:10:44::SCWPlatform::DSA absoulate path C:/Users/SESA630813/work-2/4EV_HandsOn_platt/hw/Block_4EV_HandsOn.xsa
TRACE::2022-11-18.09:10:44::SCWPlatform::DSA directory C:/Users/SESA630813/work-2/4EV_HandsOn_platt/hw
TRACE::2022-11-18.09:10:44::SCWPlatform:: Platform Path C:/Users/SESA630813/work-2/4EV_HandsOn_platt/hw/Block_4EV_HandsOn.xsa
TRACE::2022-11-18.09:10:44::SCWPlatform:: Unique name xilinx:::0.0
TRACE::2022-11-18.09:10:44::SCWPlatform::Trying to set the existing hwdb with name Block_4EV_wrapper_10
TRACE::2022-11-18.09:10:44::SCWPlatform::Opened existing hwdb Block_4EV_wrapper_10
TRACE::2022-11-18.09:10:44::SCWPlatform::Found the Hw Db part of the input DSA
TRACE::2022-11-18.09:10:44::SCWReader::Boot application domain added for zynqmp_fsbl
TRACE::2022-11-18.09:10:44::SCWPlatform::Trying to open the hw design at C:/Users/SESA630813/work-2/4EV_HandsOn_platt/hw/Block_4EV_HandsOn.xsa
TRACE::2022-11-18.09:10:44::SCWPlatform::DSA given C:/Users/SESA630813/work-2/4EV_HandsOn_platt/hw/Block_4EV_HandsOn.xsa
TRACE::2022-11-18.09:10:44::SCWPlatform::DSA absoulate path C:/Users/SESA630813/work-2/4EV_HandsOn_platt/hw/Block_4EV_HandsOn.xsa
TRACE::2022-11-18.09:10:44::SCWPlatform::DSA directory C:/Users/SESA630813/work-2/4EV_HandsOn_platt/hw
TRACE::2022-11-18.09:10:44::SCWPlatform:: Platform Path C:/Users/SESA630813/work-2/4EV_HandsOn_platt/hw/Block_4EV_HandsOn.xsa
TRACE::2022-11-18.09:10:44::SCWPlatform:: Unique name xilinx:::0.0
TRACE::2022-11-18.09:10:44::SCWPlatform::Trying to set the existing hwdb with name Block_4EV_wrapper_10
TRACE::2022-11-18.09:10:44::SCWPlatform::Opened existing hwdb Block_4EV_wrapper_10
TRACE::2022-11-18.09:10:44::SCWPlatform::Found the Hw Db part of the input DSA
TRACE::2022-11-18.09:10:44::SCWMssOS::Checking the sw design at  C:/Users/SESA630813/work-2/4EV_HandsOn_platt/zynqmp_fsbl/zynqmp_fsbl_bsp/system.mss
TRACE::2022-11-18.09:10:44::SCWMssOS::DEBUG:  swdes dump  
TRACE::2022-11-18.09:10:44::SCWMssOS::No sw design opened at  C:/Users/SESA630813/work-2/4EV_HandsOn_platt/zynqmp_fsbl/zynqmp_fsbl_bsp/system.mss
TRACE::2022-11-18.09:10:44::SCWMssOS::mss exists loading the mss file  C:/Users/SESA630813/work-2/4EV_HandsOn_platt/zynqmp_fsbl/zynqmp_fsbl_bsp/system.mss
TRACE::2022-11-18.09:10:44::SCWMssOS::Opened the sw design from mss  C:/Users/SESA630813/work-2/4EV_HandsOn_platt/zynqmp_fsbl/zynqmp_fsbl_bsp/system.mss
TRACE::2022-11-18.09:10:44::SCWMssOS::Adding the swdes entry C:/Users/SESA630813/work-2/4EV_HandsOn_platt/zynqmp_fsbl/zynqmp_fsbl_bsp/system.mss with des name system
TRACE::2022-11-18.09:10:44::SCWMssOS::updating the scw layer about changes
TRACE::2022-11-18.09:10:44::SCWMssOS::Opened the sw design.  C:/Users/SESA630813/work-2/4EV_HandsOn_platt/zynqmp_fsbl/zynqmp_fsbl_bsp/system.mss
TRACE::2022-11-18.09:10:44::SCWPlatform::Trying to open the hw design at C:/Users/SESA630813/work-2/4EV_HandsOn_platt/hw/Block_4EV_HandsOn.xsa
TRACE::2022-11-18.09:10:44::SCWPlatform::DSA given C:/Users/SESA630813/work-2/4EV_HandsOn_platt/hw/Block_4EV_HandsOn.xsa
TRACE::2022-11-18.09:10:44::SCWPlatform::DSA absoulate path C:/Users/SESA630813/work-2/4EV_HandsOn_platt/hw/Block_4EV_HandsOn.xsa
TRACE::2022-11-18.09:10:44::SCWPlatform::DSA directory C:/Users/SESA630813/work-2/4EV_HandsOn_platt/hw
TRACE::2022-11-18.09:10:44::SCWPlatform:: Platform Path C:/Users/SESA630813/work-2/4EV_HandsOn_platt/hw/Block_4EV_HandsOn.xsa
TRACE::2022-11-18.09:10:44::SCWPlatform:: Unique name xilinx:::0.0
TRACE::2022-11-18.09:10:44::SCWPlatform::Trying to set the existing hwdb with name Block_4EV_wrapper_10
TRACE::2022-11-18.09:10:44::SCWPlatform::Opened existing hwdb Block_4EV_wrapper_10
TRACE::2022-11-18.09:10:44::SCWPlatform::Found the Hw Db part of the input DSA
TRACE::2022-11-18.09:10:44::SCWMssOS::Checking the sw design at  C:/Users/SESA630813/work-2/4EV_HandsOn_platt/zynqmp_fsbl/zynqmp_fsbl_bsp/system.mss
TRACE::2022-11-18.09:10:44::SCWMssOS::DEBUG:  swdes dump  C:/Users/SESA630813/work-2/4EV_HandsOn_platt/zynqmp_fsbl/zynqmp_fsbl_bsp/system.mss|system||

TRACE::2022-11-18.09:10:44::SCWMssOS::Sw design exists and opened at  C:/Users/SESA630813/work-2/4EV_HandsOn_platt/zynqmp_fsbl/zynqmp_fsbl_bsp/system.mss
TRACE::2022-11-18.09:10:44::SCWMssOS:: library already available in sw design:  xilffs:4.6
TRACE::2022-11-18.09:10:44::SCWPlatform::Trying to open the hw design at C:/Users/SESA630813/work-2/4EV_HandsOn_platt/hw/Block_4EV_HandsOn.xsa
TRACE::2022-11-18.09:10:44::SCWPlatform::DSA given C:/Users/SESA630813/work-2/4EV_HandsOn_platt/hw/Block_4EV_HandsOn.xsa
TRACE::2022-11-18.09:10:44::SCWPlatform::DSA absoulate path C:/Users/SESA630813/work-2/4EV_HandsOn_platt/hw/Block_4EV_HandsOn.xsa
TRACE::2022-11-18.09:10:44::SCWPlatform::DSA directory C:/Users/SESA630813/work-2/4EV_HandsOn_platt/hw
TRACE::2022-11-18.09:10:44::SCWPlatform:: Platform Path C:/Users/SESA630813/work-2/4EV_HandsOn_platt/hw/Block_4EV_HandsOn.xsa
TRACE::2022-11-18.09:10:44::SCWPlatform:: Unique name xilinx:::0.0
TRACE::2022-11-18.09:10:44::SCWPlatform::Trying to set the existing hwdb with name Block_4EV_wrapper_10
TRACE::2022-11-18.09:10:44::SCWPlatform::Opened existing hwdb Block_4EV_wrapper_10
TRACE::2022-11-18.09:10:44::SCWPlatform::Found the Hw Db part of the input DSA
TRACE::2022-11-18.09:10:44::SCWMssOS::Checking the sw design at  C:/Users/SESA630813/work-2/4EV_HandsOn_platt/zynqmp_fsbl/zynqmp_fsbl_bsp/system.mss
TRACE::2022-11-18.09:10:44::SCWMssOS::DEBUG:  swdes dump  C:/Users/SESA630813/work-2/4EV_HandsOn_platt/zynqmp_fsbl/zynqmp_fsbl_bsp/system.mss|system||

TRACE::2022-11-18.09:10:44::SCWMssOS::Sw design exists and opened at  C:/Users/SESA630813/work-2/4EV_HandsOn_platt/zynqmp_fsbl/zynqmp_fsbl_bsp/system.mss
TRACE::2022-11-18.09:10:44::SCWMssOS:: library already available in sw design:  xilsecure:4.6
TRACE::2022-11-18.09:10:44::SCWPlatform::Trying to open the hw design at C:/Users/SESA630813/work-2/4EV_HandsOn_platt/hw/Block_4EV_HandsOn.xsa
TRACE::2022-11-18.09:10:44::SCWPlatform::DSA given C:/Users/SESA630813/work-2/4EV_HandsOn_platt/hw/Block_4EV_HandsOn.xsa
TRACE::2022-11-18.09:10:44::SCWPlatform::DSA absoulate path C:/Users/SESA630813/work-2/4EV_HandsOn_platt/hw/Block_4EV_HandsOn.xsa
TRACE::2022-11-18.09:10:44::SCWPlatform::DSA directory C:/Users/SESA630813/work-2/4EV_HandsOn_platt/hw
TRACE::2022-11-18.09:10:44::SCWPlatform:: Platform Path C:/Users/SESA630813/work-2/4EV_HandsOn_platt/hw/Block_4EV_HandsOn.xsa
TRACE::2022-11-18.09:10:44::SCWPlatform:: Unique name xilinx:::0.0
TRACE::2022-11-18.09:10:44::SCWPlatform::Trying to set the existing hwdb with name Block_4EV_wrapper_10
TRACE::2022-11-18.09:10:44::SCWPlatform::Opened existing hwdb Block_4EV_wrapper_10
TRACE::2022-11-18.09:10:44::SCWPlatform::Found the Hw Db part of the input DSA
TRACE::2022-11-18.09:10:44::SCWMssOS::Checking the sw design at  C:/Users/SESA630813/work-2/4EV_HandsOn_platt/zynqmp_fsbl/zynqmp_fsbl_bsp/system.mss
TRACE::2022-11-18.09:10:44::SCWMssOS::DEBUG:  swdes dump  C:/Users/SESA630813/work-2/4EV_HandsOn_platt/zynqmp_fsbl/zynqmp_fsbl_bsp/system.mss|system||

TRACE::2022-11-18.09:10:44::SCWMssOS::Sw design exists and opened at  C:/Users/SESA630813/work-2/4EV_HandsOn_platt/zynqmp_fsbl/zynqmp_fsbl_bsp/system.mss
TRACE::2022-11-18.09:10:44::SCWMssOS:: library already available in sw design:  xilpm:3.5
TRACE::2022-11-18.09:10:44::SCWPlatform::Trying to open the hw design at C:/Users/SESA630813/work-2/4EV_HandsOn_platt/hw/Block_4EV_HandsOn.xsa
TRACE::2022-11-18.09:10:44::SCWPlatform::DSA given C:/Users/SESA630813/work-2/4EV_HandsOn_platt/hw/Block_4EV_HandsOn.xsa
TRACE::2022-11-18.09:10:44::SCWPlatform::DSA absoulate path C:/Users/SESA630813/work-2/4EV_HandsOn_platt/hw/Block_4EV_HandsOn.xsa
TRACE::2022-11-18.09:10:44::SCWPlatform::DSA directory C:/Users/SESA630813/work-2/4EV_HandsOn_platt/hw
TRACE::2022-11-18.09:10:44::SCWPlatform:: Platform Path C:/Users/SESA630813/work-2/4EV_HandsOn_platt/hw/Block_4EV_HandsOn.xsa
TRACE::2022-11-18.09:10:44::SCWPlatform:: Unique name xilinx:::0.0
TRACE::2022-11-18.09:10:44::SCWPlatform::Trying to set the existing hwdb with name Block_4EV_wrapper_10
TRACE::2022-11-18.09:10:44::SCWPlatform::Opened existing hwdb Block_4EV_wrapper_10
TRACE::2022-11-18.09:10:44::SCWPlatform::Found the Hw Db part of the input DSA
TRACE::2022-11-18.09:10:44::SCWMssOS::Checking the sw design at  C:/Users/SESA630813/work-2/4EV_HandsOn_platt/zynqmp_fsbl/zynqmp_fsbl_bsp/system.mss
TRACE::2022-11-18.09:10:44::SCWMssOS::DEBUG:  swdes dump  C:/Users/SESA630813/work-2/4EV_HandsOn_platt/zynqmp_fsbl/zynqmp_fsbl_bsp/system.mss|system||

TRACE::2022-11-18.09:10:44::SCWMssOS::Sw design exists and opened at  C:/Users/SESA630813/work-2/4EV_HandsOn_platt/zynqmp_fsbl/zynqmp_fsbl_bsp/system.mss
TRACE::2022-11-18.09:10:44::SCWPlatform::Trying to open the hw design at C:/Users/SESA630813/work-2/4EV_HandsOn_platt/hw/Block_4EV_HandsOn.xsa
TRACE::2022-11-18.09:10:44::SCWPlatform::DSA given C:/Users/SESA630813/work-2/4EV_HandsOn_platt/hw/Block_4EV_HandsOn.xsa
TRACE::2022-11-18.09:10:44::SCWPlatform::DSA absoulate path C:/Users/SESA630813/work-2/4EV_HandsOn_platt/hw/Block_4EV_HandsOn.xsa
TRACE::2022-11-18.09:10:44::SCWPlatform::DSA directory C:/Users/SESA630813/work-2/4EV_HandsOn_platt/hw
TRACE::2022-11-18.09:10:44::SCWPlatform:: Platform Path C:/Users/SESA630813/work-2/4EV_HandsOn_platt/hw/Block_4EV_HandsOn.xsa
TRACE::2022-11-18.09:10:44::SCWPlatform:: Unique name xilinx:::0.0
TRACE::2022-11-18.09:10:44::SCWPlatform::Trying to set the existing hwdb with name Block_4EV_wrapper_10
TRACE::2022-11-18.09:10:44::SCWPlatform::Opened existing hwdb Block_4EV_wrapper_10
TRACE::2022-11-18.09:10:44::SCWPlatform::Found the Hw Db part of the input DSA
TRACE::2022-11-18.09:10:44::SCWMssOS::Checking the sw design at  C:/Users/SESA630813/work-2/4EV_HandsOn_platt/zynqmp_fsbl/zynqmp_fsbl_bsp/system.mss
TRACE::2022-11-18.09:10:44::SCWMssOS::DEBUG:  swdes dump  C:/Users/SESA630813/work-2/4EV_HandsOn_platt/zynqmp_fsbl/zynqmp_fsbl_bsp/system.mss|system||

TRACE::2022-11-18.09:10:44::SCWMssOS::Sw design exists and opened at  C:/Users/SESA630813/work-2/4EV_HandsOn_platt/zynqmp_fsbl/zynqmp_fsbl_bsp/system.mss
TRACE::2022-11-18.09:10:44::SCWPlatform::Trying to open the hw design at C:/Users/SESA630813/work-2/4EV_HandsOn_platt/hw/Block_4EV_HandsOn.xsa
TRACE::2022-11-18.09:10:44::SCWPlatform::DSA given C:/Users/SESA630813/work-2/4EV_HandsOn_platt/hw/Block_4EV_HandsOn.xsa
TRACE::2022-11-18.09:10:44::SCWPlatform::DSA absoulate path C:/Users/SESA630813/work-2/4EV_HandsOn_platt/hw/Block_4EV_HandsOn.xsa
TRACE::2022-11-18.09:10:44::SCWPlatform::DSA directory C:/Users/SESA630813/work-2/4EV_HandsOn_platt/hw
TRACE::2022-11-18.09:10:44::SCWPlatform:: Platform Path C:/Users/SESA630813/work-2/4EV_HandsOn_platt/hw/Block_4EV_HandsOn.xsa
TRACE::2022-11-18.09:10:44::SCWPlatform:: Unique name xilinx:::0.0
TRACE::2022-11-18.09:10:44::SCWPlatform::Trying to set the existing hwdb with name Block_4EV_wrapper_10
TRACE::2022-11-18.09:10:44::SCWPlatform::Opened existing hwdb Block_4EV_wrapper_10
TRACE::2022-11-18.09:10:44::SCWPlatform::Found the Hw Db part of the input DSA
TRACE::2022-11-18.09:10:44::SCWMssOS::Checking the sw design at  C:/Users/SESA630813/work-2/4EV_HandsOn_platt/zynqmp_fsbl/zynqmp_fsbl_bsp/system.mss
TRACE::2022-11-18.09:10:44::SCWMssOS::DEBUG:  swdes dump  C:/Users/SESA630813/work-2/4EV_HandsOn_platt/zynqmp_fsbl/zynqmp_fsbl_bsp/system.mss|system||

TRACE::2022-11-18.09:10:44::SCWMssOS::Sw design exists and opened at  C:/Users/SESA630813/work-2/4EV_HandsOn_platt/zynqmp_fsbl/zynqmp_fsbl_bsp/system.mss
TRACE::2022-11-18.09:10:44::SCWPlatform::Trying to open the hw design at C:/Users/SESA630813/work-2/4EV_HandsOn_platt/hw/Block_4EV_HandsOn.xsa
TRACE::2022-11-18.09:10:44::SCWPlatform::DSA given C:/Users/SESA630813/work-2/4EV_HandsOn_platt/hw/Block_4EV_HandsOn.xsa
TRACE::2022-11-18.09:10:44::SCWPlatform::DSA absoulate path C:/Users/SESA630813/work-2/4EV_HandsOn_platt/hw/Block_4EV_HandsOn.xsa
TRACE::2022-11-18.09:10:44::SCWPlatform::DSA directory C:/Users/SESA630813/work-2/4EV_HandsOn_platt/hw
TRACE::2022-11-18.09:10:44::SCWPlatform:: Platform Path C:/Users/SESA630813/work-2/4EV_HandsOn_platt/hw/Block_4EV_HandsOn.xsa
TRACE::2022-11-18.09:10:44::SCWPlatform:: Unique name xilinx:::0.0
TRACE::2022-11-18.09:10:44::SCWPlatform::Trying to set the existing hwdb with name Block_4EV_wrapper_10
TRACE::2022-11-18.09:10:44::SCWPlatform::Opened existing hwdb Block_4EV_wrapper_10
TRACE::2022-11-18.09:10:44::SCWPlatform::Found the Hw Db part of the input DSA
TRACE::2022-11-18.09:10:44::SCWMssOS::Checking the sw design at  C:/Users/SESA630813/work-2/4EV_HandsOn_platt/zynqmp_fsbl/zynqmp_fsbl_bsp/system.mss
TRACE::2022-11-18.09:10:44::SCWMssOS::DEBUG:  swdes dump  C:/Users/SESA630813/work-2/4EV_HandsOn_platt/zynqmp_fsbl/zynqmp_fsbl_bsp/system.mss|system||

TRACE::2022-11-18.09:10:44::SCWMssOS::Sw design exists and opened at  C:/Users/SESA630813/work-2/4EV_HandsOn_platt/zynqmp_fsbl/zynqmp_fsbl_bsp/system.mss
TRACE::2022-11-18.09:10:44::SCWPlatform::Trying to open the hw design at C:/Users/SESA630813/work-2/4EV_HandsOn_platt/hw/Block_4EV_HandsOn.xsa
TRACE::2022-11-18.09:10:44::SCWPlatform::DSA given C:/Users/SESA630813/work-2/4EV_HandsOn_platt/hw/Block_4EV_HandsOn.xsa
TRACE::2022-11-18.09:10:44::SCWPlatform::DSA absoulate path C:/Users/SESA630813/work-2/4EV_HandsOn_platt/hw/Block_4EV_HandsOn.xsa
TRACE::2022-11-18.09:10:44::SCWPlatform::DSA directory C:/Users/SESA630813/work-2/4EV_HandsOn_platt/hw
TRACE::2022-11-18.09:10:44::SCWPlatform:: Platform Path C:/Users/SESA630813/work-2/4EV_HandsOn_platt/hw/Block_4EV_HandsOn.xsa
TRACE::2022-11-18.09:10:44::SCWPlatform:: Unique name xilinx:::0.0
TRACE::2022-11-18.09:10:44::SCWPlatform::Trying to set the existing hwdb with name Block_4EV_wrapper_10
TRACE::2022-11-18.09:10:44::SCWPlatform::Opened existing hwdb Block_4EV_wrapper_10
TRACE::2022-11-18.09:10:44::SCWPlatform::Found the Hw Db part of the input DSA
TRACE::2022-11-18.09:10:44::SCWMssOS::Checking the sw design at  C:/Users/SESA630813/work-2/4EV_HandsOn_platt/zynqmp_fsbl/zynqmp_fsbl_bsp/system.mss
TRACE::2022-11-18.09:10:44::SCWMssOS::DEBUG:  swdes dump  C:/Users/SESA630813/work-2/4EV_HandsOn_platt/zynqmp_fsbl/zynqmp_fsbl_bsp/system.mss|system||

TRACE::2022-11-18.09:10:44::SCWMssOS::Sw design exists and opened at  C:/Users/SESA630813/work-2/4EV_HandsOn_platt/zynqmp_fsbl/zynqmp_fsbl_bsp/system.mss
TRACE::2022-11-18.09:10:44::SCWPlatform::Trying to open the hw design at C:/Users/SESA630813/work-2/4EV_HandsOn_platt/hw/Block_4EV_HandsOn.xsa
TRACE::2022-11-18.09:10:44::SCWPlatform::DSA given C:/Users/SESA630813/work-2/4EV_HandsOn_platt/hw/Block_4EV_HandsOn.xsa
TRACE::2022-11-18.09:10:44::SCWPlatform::DSA absoulate path C:/Users/SESA630813/work-2/4EV_HandsOn_platt/hw/Block_4EV_HandsOn.xsa
TRACE::2022-11-18.09:10:44::SCWPlatform::DSA directory C:/Users/SESA630813/work-2/4EV_HandsOn_platt/hw
TRACE::2022-11-18.09:10:44::SCWPlatform:: Platform Path C:/Users/SESA630813/work-2/4EV_HandsOn_platt/hw/Block_4EV_HandsOn.xsa
TRACE::2022-11-18.09:10:44::SCWPlatform:: Unique name xilinx:::0.0
TRACE::2022-11-18.09:10:44::SCWPlatform::Trying to set the existing hwdb with name Block_4EV_wrapper_10
TRACE::2022-11-18.09:10:44::SCWPlatform::Opened existing hwdb Block_4EV_wrapper_10
TRACE::2022-11-18.09:10:44::SCWPlatform::Found the Hw Db part of the input DSA
TRACE::2022-11-18.09:10:44::SCWMssOS::Checking the sw design at  C:/Users/SESA630813/work-2/4EV_HandsOn_platt/zynqmp_fsbl/zynqmp_fsbl_bsp/system.mss
TRACE::2022-11-18.09:10:44::SCWMssOS::DEBUG:  swdes dump  C:/Users/SESA630813/work-2/4EV_HandsOn_platt/zynqmp_fsbl/zynqmp_fsbl_bsp/system.mss|system||

TRACE::2022-11-18.09:10:44::SCWMssOS::Sw design exists and opened at  C:/Users/SESA630813/work-2/4EV_HandsOn_platt/zynqmp_fsbl/zynqmp_fsbl_bsp/system.mss
TRACE::2022-11-18.09:10:44::SCWPlatform::Trying to open the hw design at C:/Users/SESA630813/work-2/4EV_HandsOn_platt/hw/Block_4EV_HandsOn.xsa
TRACE::2022-11-18.09:10:44::SCWPlatform::DSA given C:/Users/SESA630813/work-2/4EV_HandsOn_platt/hw/Block_4EV_HandsOn.xsa
TRACE::2022-11-18.09:10:44::SCWPlatform::DSA absoulate path C:/Users/SESA630813/work-2/4EV_HandsOn_platt/hw/Block_4EV_HandsOn.xsa
TRACE::2022-11-18.09:10:44::SCWPlatform::DSA directory C:/Users/SESA630813/work-2/4EV_HandsOn_platt/hw
TRACE::2022-11-18.09:10:44::SCWPlatform:: Platform Path C:/Users/SESA630813/work-2/4EV_HandsOn_platt/hw/Block_4EV_HandsOn.xsa
TRACE::2022-11-18.09:10:44::SCWPlatform:: Unique name xilinx:::0.0
TRACE::2022-11-18.09:10:44::SCWPlatform::Trying to set the existing hwdb with name Block_4EV_wrapper_10
TRACE::2022-11-18.09:10:44::SCWPlatform::Opened existing hwdb Block_4EV_wrapper_10
TRACE::2022-11-18.09:10:44::SCWPlatform::Found the Hw Db part of the input DSA
TRACE::2022-11-18.09:10:44::SCWMssOS::Checking the sw design at  C:/Users/SESA630813/work-2/4EV_HandsOn_platt/zynqmp_fsbl/zynqmp_fsbl_bsp/system.mss
TRACE::2022-11-18.09:10:44::SCWMssOS::DEBUG:  swdes dump  C:/Users/SESA630813/work-2/4EV_HandsOn_platt/zynqmp_fsbl/zynqmp_fsbl_bsp/system.mss|system||

TRACE::2022-11-18.09:10:44::SCWMssOS::Sw design exists and opened at  C:/Users/SESA630813/work-2/4EV_HandsOn_platt/zynqmp_fsbl/zynqmp_fsbl_bsp/system.mss
TRACE::2022-11-18.09:10:44::SCWPlatform::Trying to open the hw design at C:/Users/SESA630813/work-2/4EV_HandsOn_platt/hw/Block_4EV_HandsOn.xsa
TRACE::2022-11-18.09:10:44::SCWPlatform::DSA given C:/Users/SESA630813/work-2/4EV_HandsOn_platt/hw/Block_4EV_HandsOn.xsa
TRACE::2022-11-18.09:10:44::SCWPlatform::DSA absoulate path C:/Users/SESA630813/work-2/4EV_HandsOn_platt/hw/Block_4EV_HandsOn.xsa
TRACE::2022-11-18.09:10:44::SCWPlatform::DSA directory C:/Users/SESA630813/work-2/4EV_HandsOn_platt/hw
TRACE::2022-11-18.09:10:44::SCWPlatform:: Platform Path C:/Users/SESA630813/work-2/4EV_HandsOn_platt/hw/Block_4EV_HandsOn.xsa
TRACE::2022-11-18.09:10:44::SCWPlatform:: Unique name xilinx:::0.0
TRACE::2022-11-18.09:10:44::SCWPlatform::Trying to set the existing hwdb with name Block_4EV_wrapper_10
TRACE::2022-11-18.09:10:44::SCWPlatform::Opened existing hwdb Block_4EV_wrapper_10
TRACE::2022-11-18.09:10:44::SCWPlatform::Found the Hw Db part of the input DSA
TRACE::2022-11-18.09:10:44::SCWMssOS::Checking the sw design at  C:/Users/SESA630813/work-2/4EV_HandsOn_platt/zynqmp_fsbl/zynqmp_fsbl_bsp/system.mss
TRACE::2022-11-18.09:10:44::SCWMssOS::DEBUG:  swdes dump  C:/Users/SESA630813/work-2/4EV_HandsOn_platt/zynqmp_fsbl/zynqmp_fsbl_bsp/system.mss|system||

TRACE::2022-11-18.09:10:44::SCWMssOS::Sw design exists and opened at  C:/Users/SESA630813/work-2/4EV_HandsOn_platt/zynqmp_fsbl/zynqmp_fsbl_bsp/system.mss
TRACE::2022-11-18.09:10:44::SCWMssOS::Saving the mss changes C:/Users/SESA630813/work-2/4EV_HandsOn_platt/zynqmp_fsbl/zynqmp_fsbl_bsp/system.mss
TRACE::2022-11-18.09:10:44::SCWMssOS::Found a swdesign opened with the mssfile.
TRACE::2022-11-18.09:10:44::SCWMssOS::Completed writemss as part of save.
TRACE::2022-11-18.09:10:44::SCWMssOS::Commit changes completed.
TRACE::2022-11-18.09:10:44::SCWReader::Adding prebuilt librarypaths as   
TRACE::2022-11-18.09:10:44::SCWReader::Adding prebuilt incpaths  as   
TRACE::2022-11-18.09:10:44::SCWPlatform::Trying to open the hw design at C:/Users/SESA630813/work-2/4EV_HandsOn_platt/hw/Block_4EV_HandsOn.xsa
TRACE::2022-11-18.09:10:44::SCWPlatform::DSA given C:/Users/SESA630813/work-2/4EV_HandsOn_platt/hw/Block_4EV_HandsOn.xsa
TRACE::2022-11-18.09:10:44::SCWPlatform::DSA absoulate path C:/Users/SESA630813/work-2/4EV_HandsOn_platt/hw/Block_4EV_HandsOn.xsa
TRACE::2022-11-18.09:10:44::SCWPlatform::DSA directory C:/Users/SESA630813/work-2/4EV_HandsOn_platt/hw
TRACE::2022-11-18.09:10:44::SCWPlatform:: Platform Path C:/Users/SESA630813/work-2/4EV_HandsOn_platt/hw/Block_4EV_HandsOn.xsa
TRACE::2022-11-18.09:10:44::SCWPlatform:: Unique name xilinx:::0.0
TRACE::2022-11-18.09:10:44::SCWPlatform::Trying to set the existing hwdb with name Block_4EV_wrapper_10
TRACE::2022-11-18.09:10:44::SCWPlatform::Opened existing hwdb Block_4EV_wrapper_10
TRACE::2022-11-18.09:10:44::SCWPlatform::Found the Hw Db part of the input DSA
TRACE::2022-11-18.09:10:44::SCWMssOS::Checking the sw design at  C:/Users/SESA630813/work-2/4EV_HandsOn_platt/zynqmp_fsbl/zynqmp_fsbl_bsp/system.mss
TRACE::2022-11-18.09:10:44::SCWMssOS::DEBUG:  swdes dump  C:/Users/SESA630813/work-2/4EV_HandsOn_platt/zynqmp_fsbl/zynqmp_fsbl_bsp/system.mss|system||

TRACE::2022-11-18.09:10:44::SCWMssOS::Sw design exists and opened at  C:/Users/SESA630813/work-2/4EV_HandsOn_platt/zynqmp_fsbl/zynqmp_fsbl_bsp/system.mss
TRACE::2022-11-18.09:10:44::SCWReader::No isolation master present  
TRACE::2022-11-18.09:10:44::SCWDomain::checking for install qemu data   : 
TRACE::2022-11-18.09:10:44::SCWDomain:: Using the QEMU Data from install at  : C:/Xilinx3/Vitis/2021.2/data/emulation/platforms/zynqmp/sw/a53_standalone/qemu/
TRACE::2022-11-18.09:10:44::SCWDomain:: Using the QEMU args  from install at  : C:/Xilinx3/Vitis/2021.2/data/emulation/platforms/zynqmp/sw/a53_standalone/qemu/qemu_args.txt
TRACE::2022-11-18.09:10:44::SCWDomain:: Using the PMUQEMU args from install at  : C:/Xilinx3/Vitis/2021.2/data/emulation/platforms/zynqmp/sw/a53_standalone/qemu/pmu_args.txt
TRACE::2022-11-18.09:10:44::SCWPlatform::Trying to open the hw design at C:/Users/SESA630813/work-2/4EV_HandsOn_platt/hw/Block_4EV_HandsOn.xsa
TRACE::2022-11-18.09:10:44::SCWPlatform::DSA given C:/Users/SESA630813/work-2/4EV_HandsOn_platt/hw/Block_4EV_HandsOn.xsa
TRACE::2022-11-18.09:10:44::SCWPlatform::DSA absoulate path C:/Users/SESA630813/work-2/4EV_HandsOn_platt/hw/Block_4EV_HandsOn.xsa
TRACE::2022-11-18.09:10:44::SCWPlatform::DSA directory C:/Users/SESA630813/work-2/4EV_HandsOn_platt/hw
TRACE::2022-11-18.09:10:44::SCWPlatform:: Platform Path C:/Users/SESA630813/work-2/4EV_HandsOn_platt/hw/Block_4EV_HandsOn.xsa
TRACE::2022-11-18.09:10:44::SCWPlatform:: Unique name xilinx:::0.0
TRACE::2022-11-18.09:10:44::SCWPlatform::Trying to set the existing hwdb with name Block_4EV_wrapper_10
TRACE::2022-11-18.09:10:44::SCWPlatform::Opened existing hwdb Block_4EV_wrapper_10
TRACE::2022-11-18.09:10:44::SCWPlatform::Found the Hw Db part of the input DSA
TRACE::2022-11-18.09:10:44::SCWReader::Boot application domain added for zynqmp_pmufw
TRACE::2022-11-18.09:10:44::SCWPlatform::Trying to open the hw design at C:/Users/SESA630813/work-2/4EV_HandsOn_platt/hw/Block_4EV_HandsOn.xsa
TRACE::2022-11-18.09:10:44::SCWPlatform::DSA given C:/Users/SESA630813/work-2/4EV_HandsOn_platt/hw/Block_4EV_HandsOn.xsa
TRACE::2022-11-18.09:10:44::SCWPlatform::DSA absoulate path C:/Users/SESA630813/work-2/4EV_HandsOn_platt/hw/Block_4EV_HandsOn.xsa
TRACE::2022-11-18.09:10:44::SCWPlatform::DSA directory C:/Users/SESA630813/work-2/4EV_HandsOn_platt/hw
TRACE::2022-11-18.09:10:44::SCWPlatform:: Platform Path C:/Users/SESA630813/work-2/4EV_HandsOn_platt/hw/Block_4EV_HandsOn.xsa
TRACE::2022-11-18.09:10:44::SCWPlatform:: Unique name xilinx:::0.0
TRACE::2022-11-18.09:10:44::SCWPlatform::Trying to set the existing hwdb with name Block_4EV_wrapper_10
TRACE::2022-11-18.09:10:44::SCWPlatform::Opened existing hwdb Block_4EV_wrapper_10
TRACE::2022-11-18.09:10:44::SCWPlatform::Found the Hw Db part of the input DSA
TRACE::2022-11-18.09:10:44::SCWMssOS::Checking the sw design at  C:/Users/SESA630813/work-2/4EV_HandsOn_platt/zynqmp_pmufw/zynqmp_pmufw_bsp/system.mss
TRACE::2022-11-18.09:10:44::SCWMssOS::DEBUG:  swdes dump  C:/Users/SESA630813/work-2/4EV_HandsOn_platt/zynqmp_fsbl/zynqmp_fsbl_bsp/system.mss|system||

TRACE::2022-11-18.09:10:44::SCWMssOS::No sw design opened at  C:/Users/SESA630813/work-2/4EV_HandsOn_platt/zynqmp_pmufw/zynqmp_pmufw_bsp/system.mss
TRACE::2022-11-18.09:10:44::SCWMssOS::mss exists loading the mss file  C:/Users/SESA630813/work-2/4EV_HandsOn_platt/zynqmp_pmufw/zynqmp_pmufw_bsp/system.mss
TRACE::2022-11-18.09:10:44::SCWMssOS::Opened the sw design from mss  C:/Users/SESA630813/work-2/4EV_HandsOn_platt/zynqmp_pmufw/zynqmp_pmufw_bsp/system.mss
TRACE::2022-11-18.09:10:44::SCWMssOS::Adding the swdes entry C:/Users/SESA630813/work-2/4EV_HandsOn_platt/zynqmp_pmufw/zynqmp_pmufw_bsp/system.mss with des name system_0
TRACE::2022-11-18.09:10:44::SCWMssOS::updating the scw layer about changes
TRACE::2022-11-18.09:10:44::SCWMssOS::Opened the sw design.  C:/Users/SESA630813/work-2/4EV_HandsOn_platt/zynqmp_pmufw/zynqmp_pmufw_bsp/system.mss
TRACE::2022-11-18.09:10:44::SCWPlatform::Trying to open the hw design at C:/Users/SESA630813/work-2/4EV_HandsOn_platt/hw/Block_4EV_HandsOn.xsa
TRACE::2022-11-18.09:10:44::SCWPlatform::DSA given C:/Users/SESA630813/work-2/4EV_HandsOn_platt/hw/Block_4EV_HandsOn.xsa
TRACE::2022-11-18.09:10:44::SCWPlatform::DSA absoulate path C:/Users/SESA630813/work-2/4EV_HandsOn_platt/hw/Block_4EV_HandsOn.xsa
TRACE::2022-11-18.09:10:44::SCWPlatform::DSA directory C:/Users/SESA630813/work-2/4EV_HandsOn_platt/hw
TRACE::2022-11-18.09:10:44::SCWPlatform:: Platform Path C:/Users/SESA630813/work-2/4EV_HandsOn_platt/hw/Block_4EV_HandsOn.xsa
TRACE::2022-11-18.09:10:44::SCWPlatform:: Unique name xilinx:::0.0
TRACE::2022-11-18.09:10:44::SCWPlatform::Trying to set the existing hwdb with name Block_4EV_wrapper_10
TRACE::2022-11-18.09:10:44::SCWPlatform::Opened existing hwdb Block_4EV_wrapper_10
TRACE::2022-11-18.09:10:44::SCWPlatform::Found the Hw Db part of the input DSA
TRACE::2022-11-18.09:10:44::SCWMssOS::Checking the sw design at  C:/Users/SESA630813/work-2/4EV_HandsOn_platt/zynqmp_pmufw/zynqmp_pmufw_bsp/system.mss
TRACE::2022-11-18.09:10:44::SCWMssOS::DEBUG:  swdes dump  C:/Users/SESA630813/work-2/4EV_HandsOn_platt/zynqmp_fsbl/zynqmp_fsbl_bsp/system.mss|system||
C:/Users/SESA630813/work-2/4EV_HandsOn_platt/zynqmp_pmufw/zynqmp_pmufw_bsp/system.mss|system_0||

TRACE::2022-11-18.09:10:44::SCWMssOS::Sw design exists and opened at  C:/Users/SESA630813/work-2/4EV_HandsOn_platt/zynqmp_pmufw/zynqmp_pmufw_bsp/system.mss
TRACE::2022-11-18.09:10:44::SCWMssOS:: library already available in sw design:  xilfpga:6.1
TRACE::2022-11-18.09:10:44::SCWPlatform::Trying to open the hw design at C:/Users/SESA630813/work-2/4EV_HandsOn_platt/hw/Block_4EV_HandsOn.xsa
TRACE::2022-11-18.09:10:44::SCWPlatform::DSA given C:/Users/SESA630813/work-2/4EV_HandsOn_platt/hw/Block_4EV_HandsOn.xsa
TRACE::2022-11-18.09:10:44::SCWPlatform::DSA absoulate path C:/Users/SESA630813/work-2/4EV_HandsOn_platt/hw/Block_4EV_HandsOn.xsa
TRACE::2022-11-18.09:10:44::SCWPlatform::DSA directory C:/Users/SESA630813/work-2/4EV_HandsOn_platt/hw
TRACE::2022-11-18.09:10:44::SCWPlatform:: Platform Path C:/Users/SESA630813/work-2/4EV_HandsOn_platt/hw/Block_4EV_HandsOn.xsa
TRACE::2022-11-18.09:10:44::SCWPlatform:: Unique name xilinx:::0.0
TRACE::2022-11-18.09:10:44::SCWPlatform::Trying to set the existing hwdb with name Block_4EV_wrapper_10
TRACE::2022-11-18.09:10:44::SCWPlatform::Opened existing hwdb Block_4EV_wrapper_10
TRACE::2022-11-18.09:10:44::SCWPlatform::Found the Hw Db part of the input DSA
TRACE::2022-11-18.09:10:44::SCWMssOS::Checking the sw design at  C:/Users/SESA630813/work-2/4EV_HandsOn_platt/zynqmp_pmufw/zynqmp_pmufw_bsp/system.mss
TRACE::2022-11-18.09:10:44::SCWMssOS::DEBUG:  swdes dump  C:/Users/SESA630813/work-2/4EV_HandsOn_platt/zynqmp_fsbl/zynqmp_fsbl_bsp/system.mss|system||
C:/Users/SESA630813/work-2/4EV_HandsOn_platt/zynqmp_pmufw/zynqmp_pmufw_bsp/system.mss|system_0||

TRACE::2022-11-18.09:10:44::SCWMssOS::Sw design exists and opened at  C:/Users/SESA630813/work-2/4EV_HandsOn_platt/zynqmp_pmufw/zynqmp_pmufw_bsp/system.mss
TRACE::2022-11-18.09:10:44::SCWMssOS:: library already available in sw design:  xilsecure:4.6
TRACE::2022-11-18.09:10:44::SCWPlatform::Trying to open the hw design at C:/Users/SESA630813/work-2/4EV_HandsOn_platt/hw/Block_4EV_HandsOn.xsa
TRACE::2022-11-18.09:10:44::SCWPlatform::DSA given C:/Users/SESA630813/work-2/4EV_HandsOn_platt/hw/Block_4EV_HandsOn.xsa
TRACE::2022-11-18.09:10:44::SCWPlatform::DSA absoulate path C:/Users/SESA630813/work-2/4EV_HandsOn_platt/hw/Block_4EV_HandsOn.xsa
TRACE::2022-11-18.09:10:44::SCWPlatform::DSA directory C:/Users/SESA630813/work-2/4EV_HandsOn_platt/hw
TRACE::2022-11-18.09:10:44::SCWPlatform:: Platform Path C:/Users/SESA630813/work-2/4EV_HandsOn_platt/hw/Block_4EV_HandsOn.xsa
TRACE::2022-11-18.09:10:44::SCWPlatform:: Unique name xilinx:::0.0
TRACE::2022-11-18.09:10:44::SCWPlatform::Trying to set the existing hwdb with name Block_4EV_wrapper_10
TRACE::2022-11-18.09:10:44::SCWPlatform::Opened existing hwdb Block_4EV_wrapper_10
TRACE::2022-11-18.09:10:44::SCWPlatform::Found the Hw Db part of the input DSA
TRACE::2022-11-18.09:10:44::SCWMssOS::Checking the sw design at  C:/Users/SESA630813/work-2/4EV_HandsOn_platt/zynqmp_pmufw/zynqmp_pmufw_bsp/system.mss
TRACE::2022-11-18.09:10:44::SCWMssOS::DEBUG:  swdes dump  C:/Users/SESA630813/work-2/4EV_HandsOn_platt/zynqmp_fsbl/zynqmp_fsbl_bsp/system.mss|system||
C:/Users/SESA630813/work-2/4EV_HandsOn_platt/zynqmp_pmufw/zynqmp_pmufw_bsp/system.mss|system_0||

TRACE::2022-11-18.09:10:44::SCWMssOS::Sw design exists and opened at  C:/Users/SESA630813/work-2/4EV_HandsOn_platt/zynqmp_pmufw/zynqmp_pmufw_bsp/system.mss
TRACE::2022-11-18.09:10:44::SCWMssOS:: library already available in sw design:  xilskey:7.2
TRACE::2022-11-18.09:10:44::SCWPlatform::Trying to open the hw design at C:/Users/SESA630813/work-2/4EV_HandsOn_platt/hw/Block_4EV_HandsOn.xsa
TRACE::2022-11-18.09:10:44::SCWPlatform::DSA given C:/Users/SESA630813/work-2/4EV_HandsOn_platt/hw/Block_4EV_HandsOn.xsa
TRACE::2022-11-18.09:10:44::SCWPlatform::DSA absoulate path C:/Users/SESA630813/work-2/4EV_HandsOn_platt/hw/Block_4EV_HandsOn.xsa
TRACE::2022-11-18.09:10:44::SCWPlatform::DSA directory C:/Users/SESA630813/work-2/4EV_HandsOn_platt/hw
TRACE::2022-11-18.09:10:44::SCWPlatform:: Platform Path C:/Users/SESA630813/work-2/4EV_HandsOn_platt/hw/Block_4EV_HandsOn.xsa
TRACE::2022-11-18.09:10:44::SCWPlatform:: Unique name xilinx:::0.0
TRACE::2022-11-18.09:10:44::SCWPlatform::Trying to set the existing hwdb with name Block_4EV_wrapper_10
TRACE::2022-11-18.09:10:44::SCWPlatform::Opened existing hwdb Block_4EV_wrapper_10
TRACE::2022-11-18.09:10:44::SCWPlatform::Found the Hw Db part of the input DSA
TRACE::2022-11-18.09:10:44::SCWMssOS::Checking the sw design at  C:/Users/SESA630813/work-2/4EV_HandsOn_platt/zynqmp_pmufw/zynqmp_pmufw_bsp/system.mss
TRACE::2022-11-18.09:10:44::SCWMssOS::DEBUG:  swdes dump  C:/Users/SESA630813/work-2/4EV_HandsOn_platt/zynqmp_fsbl/zynqmp_fsbl_bsp/system.mss|system||
C:/Users/SESA630813/work-2/4EV_HandsOn_platt/zynqmp_pmufw/zynqmp_pmufw_bsp/system.mss|system_0||

TRACE::2022-11-18.09:10:44::SCWMssOS::Sw design exists and opened at  C:/Users/SESA630813/work-2/4EV_HandsOn_platt/zynqmp_pmufw/zynqmp_pmufw_bsp/system.mss
TRACE::2022-11-18.09:10:44::SCWPlatform::Trying to open the hw design at C:/Users/SESA630813/work-2/4EV_HandsOn_platt/hw/Block_4EV_HandsOn.xsa
TRACE::2022-11-18.09:10:44::SCWPlatform::DSA given C:/Users/SESA630813/work-2/4EV_HandsOn_platt/hw/Block_4EV_HandsOn.xsa
TRACE::2022-11-18.09:10:44::SCWPlatform::DSA absoulate path C:/Users/SESA630813/work-2/4EV_HandsOn_platt/hw/Block_4EV_HandsOn.xsa
TRACE::2022-11-18.09:10:44::SCWPlatform::DSA directory C:/Users/SESA630813/work-2/4EV_HandsOn_platt/hw
TRACE::2022-11-18.09:10:44::SCWPlatform:: Platform Path C:/Users/SESA630813/work-2/4EV_HandsOn_platt/hw/Block_4EV_HandsOn.xsa
TRACE::2022-11-18.09:10:44::SCWPlatform:: Unique name xilinx:::0.0
TRACE::2022-11-18.09:10:44::SCWPlatform::Trying to set the existing hwdb with name Block_4EV_wrapper_10
TRACE::2022-11-18.09:10:44::SCWPlatform::Opened existing hwdb Block_4EV_wrapper_10
TRACE::2022-11-18.09:10:44::SCWPlatform::Found the Hw Db part of the input DSA
TRACE::2022-11-18.09:10:44::SCWMssOS::Checking the sw design at  C:/Users/SESA630813/work-2/4EV_HandsOn_platt/zynqmp_pmufw/zynqmp_pmufw_bsp/system.mss
TRACE::2022-11-18.09:10:44::SCWMssOS::DEBUG:  swdes dump  C:/Users/SESA630813/work-2/4EV_HandsOn_platt/zynqmp_fsbl/zynqmp_fsbl_bsp/system.mss|system||
C:/Users/SESA630813/work-2/4EV_HandsOn_platt/zynqmp_pmufw/zynqmp_pmufw_bsp/system.mss|system_0||

TRACE::2022-11-18.09:10:44::SCWMssOS::Sw design exists and opened at  C:/Users/SESA630813/work-2/4EV_HandsOn_platt/zynqmp_pmufw/zynqmp_pmufw_bsp/system.mss
TRACE::2022-11-18.09:10:44::SCWMssOS::Saving the mss changes C:/Users/SESA630813/work-2/4EV_HandsOn_platt/zynqmp_pmufw/zynqmp_pmufw_bsp/system.mss
TRACE::2022-11-18.09:10:44::SCWMssOS::Found a swdesign opened with the mssfile.
TRACE::2022-11-18.09:10:44::SCWMssOS::Completed writemss as part of save.
TRACE::2022-11-18.09:10:44::SCWMssOS::Commit changes completed.
TRACE::2022-11-18.09:10:44::SCWReader::Adding prebuilt librarypaths as   
TRACE::2022-11-18.09:10:44::SCWReader::Adding prebuilt incpaths  as   
TRACE::2022-11-18.09:10:44::SCWPlatform::Trying to open the hw design at C:/Users/SESA630813/work-2/4EV_HandsOn_platt/hw/Block_4EV_HandsOn.xsa
TRACE::2022-11-18.09:10:44::SCWPlatform::DSA given C:/Users/SESA630813/work-2/4EV_HandsOn_platt/hw/Block_4EV_HandsOn.xsa
TRACE::2022-11-18.09:10:44::SCWPlatform::DSA absoulate path C:/Users/SESA630813/work-2/4EV_HandsOn_platt/hw/Block_4EV_HandsOn.xsa
TRACE::2022-11-18.09:10:44::SCWPlatform::DSA directory C:/Users/SESA630813/work-2/4EV_HandsOn_platt/hw
TRACE::2022-11-18.09:10:44::SCWPlatform:: Platform Path C:/Users/SESA630813/work-2/4EV_HandsOn_platt/hw/Block_4EV_HandsOn.xsa
TRACE::2022-11-18.09:10:44::SCWPlatform:: Unique name xilinx:::0.0
TRACE::2022-11-18.09:10:44::SCWPlatform::Trying to set the existing hwdb with name Block_4EV_wrapper_10
TRACE::2022-11-18.09:10:44::SCWPlatform::Opened existing hwdb Block_4EV_wrapper_10
TRACE::2022-11-18.09:10:44::SCWPlatform::Found the Hw Db part of the input DSA
TRACE::2022-11-18.09:10:44::SCWMssOS::Checking the sw design at  C:/Users/SESA630813/work-2/4EV_HandsOn_platt/zynqmp_pmufw/zynqmp_pmufw_bsp/system.mss
TRACE::2022-11-18.09:10:44::SCWMssOS::DEBUG:  swdes dump  C:/Users/SESA630813/work-2/4EV_HandsOn_platt/zynqmp_fsbl/zynqmp_fsbl_bsp/system.mss|system||
C:/Users/SESA630813/work-2/4EV_HandsOn_platt/zynqmp_pmufw/zynqmp_pmufw_bsp/system.mss|system_0||

TRACE::2022-11-18.09:10:44::SCWMssOS::Sw design exists and opened at  C:/Users/SESA630813/work-2/4EV_HandsOn_platt/zynqmp_pmufw/zynqmp_pmufw_bsp/system.mss
TRACE::2022-11-18.09:10:44::SCWReader::No isolation master present  
TRACE::2022-11-18.09:10:44::SCWDomain::checking for install qemu data   : 
TRACE::2022-11-18.09:10:44::SCWDomain:: Using the QEMU Data from install at  : C:/Xilinx3/Vitis/2021.2/data/emulation/platforms/zynqmp/sw/a53_standalone/qemu/
TRACE::2022-11-18.09:10:44::SCWDomain:: Using the QEMU args  from install at  : C:/Xilinx3/Vitis/2021.2/data/emulation/platforms/zynqmp/sw/a53_standalone/qemu/qemu_args.txt
TRACE::2022-11-18.09:10:44::SCWDomain:: Using the PMUQEMU args from install at  : C:/Xilinx3/Vitis/2021.2/data/emulation/platforms/zynqmp/sw/a53_standalone/qemu/pmu_args.txt
TRACE::2022-11-18.09:10:44::SCWPlatform::Trying to open the hw design at C:/Users/SESA630813/work-2/4EV_HandsOn_platt/hw/Block_4EV_HandsOn.xsa
TRACE::2022-11-18.09:10:44::SCWPlatform::DSA given C:/Users/SESA630813/work-2/4EV_HandsOn_platt/hw/Block_4EV_HandsOn.xsa
TRACE::2022-11-18.09:10:44::SCWPlatform::DSA absoulate path C:/Users/SESA630813/work-2/4EV_HandsOn_platt/hw/Block_4EV_HandsOn.xsa
TRACE::2022-11-18.09:10:44::SCWPlatform::DSA directory C:/Users/SESA630813/work-2/4EV_HandsOn_platt/hw
TRACE::2022-11-18.09:10:44::SCWPlatform:: Platform Path C:/Users/SESA630813/work-2/4EV_HandsOn_platt/hw/Block_4EV_HandsOn.xsa
TRACE::2022-11-18.09:10:44::SCWPlatform:: Unique name xilinx:::0.0
TRACE::2022-11-18.09:10:44::SCWPlatform::Trying to set the existing hwdb with name Block_4EV_wrapper_10
TRACE::2022-11-18.09:10:44::SCWPlatform::Opened existing hwdb Block_4EV_wrapper_10
TRACE::2022-11-18.09:10:44::SCWPlatform::Found the Hw Db part of the input DSA
TRACE::2022-11-18.09:10:44::SCWPlatform::Trying to open the hw design at C:/Users/SESA630813/work-2/4EV_HandsOn_platt/hw/Block_4EV_HandsOn.xsa
TRACE::2022-11-18.09:10:44::SCWPlatform::DSA given C:/Users/SESA630813/work-2/4EV_HandsOn_platt/hw/Block_4EV_HandsOn.xsa
TRACE::2022-11-18.09:10:44::SCWPlatform::DSA absoulate path C:/Users/SESA630813/work-2/4EV_HandsOn_platt/hw/Block_4EV_HandsOn.xsa
TRACE::2022-11-18.09:10:44::SCWPlatform::DSA directory C:/Users/SESA630813/work-2/4EV_HandsOn_platt/hw
TRACE::2022-11-18.09:10:44::SCWPlatform:: Platform Path C:/Users/SESA630813/work-2/4EV_HandsOn_platt/hw/Block_4EV_HandsOn.xsa
TRACE::2022-11-18.09:10:44::SCWPlatform:: Unique name xilinx:::0.0
TRACE::2022-11-18.09:10:44::SCWPlatform::Trying to set the existing hwdb with name Block_4EV_wrapper_10
TRACE::2022-11-18.09:10:44::SCWPlatform::Opened existing hwdb Block_4EV_wrapper_10
TRACE::2022-11-18.09:10:44::SCWPlatform::Found the Hw Db part of the input DSA
TRACE::2022-11-18.09:10:44::SCWPlatform::Trying to open the hw design at C:/Users/SESA630813/work-2/4EV_HandsOn_platt/hw/Block_4EV_HandsOn.xsa
TRACE::2022-11-18.09:10:44::SCWPlatform::DSA given C:/Users/SESA630813/work-2/4EV_HandsOn_platt/hw/Block_4EV_HandsOn.xsa
TRACE::2022-11-18.09:10:44::SCWPlatform::DSA absoulate path C:/Users/SESA630813/work-2/4EV_HandsOn_platt/hw/Block_4EV_HandsOn.xsa
TRACE::2022-11-18.09:10:44::SCWPlatform::DSA directory C:/Users/SESA630813/work-2/4EV_HandsOn_platt/hw
TRACE::2022-11-18.09:10:44::SCWPlatform:: Platform Path C:/Users/SESA630813/work-2/4EV_HandsOn_platt/hw/Block_4EV_HandsOn.xsa
TRACE::2022-11-18.09:10:44::SCWPlatform:: Unique name xilinx:::0.0
TRACE::2022-11-18.09:10:44::SCWPlatform::Trying to set the existing hwdb with name Block_4EV_wrapper_10
TRACE::2022-11-18.09:10:44::SCWPlatform::Opened existing hwdb Block_4EV_wrapper_10
TRACE::2022-11-18.09:10:44::SCWPlatform::Found the Hw Db part of the input DSA
TRACE::2022-11-18.09:10:44::SCWMssOS::Checking the sw design at  C:/Users/SESA630813/work-2/4EV_HandsOn_platt/psu_cortexa53_0/standalone_domain/bsp/system.mss
TRACE::2022-11-18.09:10:44::SCWMssOS::DEBUG:  swdes dump  C:/Users/SESA630813/work-2/4EV_HandsOn_platt/zynqmp_fsbl/zynqmp_fsbl_bsp/system.mss|system||
C:/Users/SESA630813/work-2/4EV_HandsOn_platt/zynqmp_pmufw/zynqmp_pmufw_bsp/system.mss|system_0||

TRACE::2022-11-18.09:10:44::SCWMssOS::No sw design opened at  C:/Users/SESA630813/work-2/4EV_HandsOn_platt/psu_cortexa53_0/standalone_domain/bsp/system.mss
TRACE::2022-11-18.09:10:44::SCWMssOS::mss exists loading the mss file  C:/Users/SESA630813/work-2/4EV_HandsOn_platt/psu_cortexa53_0/standalone_domain/bsp/system.mss
TRACE::2022-11-18.09:10:44::SCWMssOS::Opened the sw design from mss  C:/Users/SESA630813/work-2/4EV_HandsOn_platt/psu_cortexa53_0/standalone_domain/bsp/system.mss
TRACE::2022-11-18.09:10:44::SCWMssOS::Adding the swdes entry C:/Users/SESA630813/work-2/4EV_HandsOn_platt/psu_cortexa53_0/standalone_domain/bsp/system.mss with des name system_1
TRACE::2022-11-18.09:10:44::SCWMssOS::updating the scw layer about changes
TRACE::2022-11-18.09:10:44::SCWMssOS::Opened the sw design.  C:/Users/SESA630813/work-2/4EV_HandsOn_platt/psu_cortexa53_0/standalone_domain/bsp/system.mss
TRACE::2022-11-18.09:10:44::SCWMssOS::Saving the mss changes C:/Users/SESA630813/work-2/4EV_HandsOn_platt/psu_cortexa53_0/standalone_domain/bsp/system.mss
TRACE::2022-11-18.09:10:44::SCWMssOS::Found a swdesign opened with the mssfile.
TRACE::2022-11-18.09:10:44::SCWMssOS::Completed writemss as part of save.
TRACE::2022-11-18.09:10:44::SCWMssOS::Commit changes completed.
TRACE::2022-11-18.09:10:44::SCWReader::Adding prebuilt librarypaths as   
TRACE::2022-11-18.09:10:44::SCWReader::Adding prebuilt incpaths  as   
TRACE::2022-11-18.09:10:44::SCWPlatform::Trying to open the hw design at C:/Users/SESA630813/work-2/4EV_HandsOn_platt/hw/Block_4EV_HandsOn.xsa
TRACE::2022-11-18.09:10:44::SCWPlatform::DSA given C:/Users/SESA630813/work-2/4EV_HandsOn_platt/hw/Block_4EV_HandsOn.xsa
TRACE::2022-11-18.09:10:44::SCWPlatform::DSA absoulate path C:/Users/SESA630813/work-2/4EV_HandsOn_platt/hw/Block_4EV_HandsOn.xsa
TRACE::2022-11-18.09:10:44::SCWPlatform::DSA directory C:/Users/SESA630813/work-2/4EV_HandsOn_platt/hw
TRACE::2022-11-18.09:10:44::SCWPlatform:: Platform Path C:/Users/SESA630813/work-2/4EV_HandsOn_platt/hw/Block_4EV_HandsOn.xsa
TRACE::2022-11-18.09:10:44::SCWPlatform:: Unique name xilinx:::0.0
TRACE::2022-11-18.09:10:44::SCWPlatform::Trying to set the existing hwdb with name Block_4EV_wrapper_10
TRACE::2022-11-18.09:10:44::SCWPlatform::Opened existing hwdb Block_4EV_wrapper_10
TRACE::2022-11-18.09:10:44::SCWPlatform::Found the Hw Db part of the input DSA
TRACE::2022-11-18.09:10:44::SCWMssOS::Checking the sw design at  C:/Users/SESA630813/work-2/4EV_HandsOn_platt/psu_cortexa53_0/standalone_domain/bsp/system.mss
TRACE::2022-11-18.09:10:44::SCWMssOS::DEBUG:  swdes dump  C:/Users/SESA630813/work-2/4EV_HandsOn_platt/psu_cortexa53_0/standalone_domain/bsp/system.mss|system_1||
C:/Users/SESA630813/work-2/4EV_HandsOn_platt/zynqmp_fsbl/zynqmp_fsbl_bsp/system.mss|system||
C:/Users/SESA630813/work-2/4EV_HandsOn_platt/zynqmp_pmufw/zynqmp_pmufw_bsp/system.mss|system_0||

TRACE::2022-11-18.09:10:44::SCWMssOS::Sw design exists and opened at  C:/Users/SESA630813/work-2/4EV_HandsOn_platt/psu_cortexa53_0/standalone_domain/bsp/system.mss
TRACE::2022-11-18.09:10:44::SCWReader::No isolation master present  
TRACE::2022-11-18.09:27:30::SCWPlatform::DSA given C:/Users/SESA630813/work-2/4EV_HandsOn_platt/tempdsa/Block_4EV_HandsOn.xsa
TRACE::2022-11-18.09:27:30::SCWPlatform::DSA absoulate path C:/Users/SESA630813/work-2/4EV_HandsOn_platt/tempdsa/Block_4EV_HandsOn.xsa
TRACE::2022-11-18.09:27:30::SCWPlatform:: Platform location is C:/Users/SESA630813/work-2/4EV_HandsOn_platt/tempdsa
TRACE::2022-11-18.09:27:30::SCWPlatform:: Platform Path C:/Users/SESA630813/work-2/4EV_HandsOn_platt/tempdsa/Block_4EV_HandsOn.xsa
TRACE::2022-11-18.09:27:30::SCWPlatform:: Unique name xilinx:::0.0
TRACE::2022-11-18.09:27:35::SCWPlatform::Found the Hw Db part of the input DSA
TRACE::2022-11-18.09:27:35::SCWMssOS::Doing hw sync for the mss in domain: zynqmp_fsbl
TRACE::2022-11-18.09:27:35::SCWPlatform::Trying to open the hw design at C:/Users/SESA630813/work-2/4EV_HandsOn_platt/hw/Block_4EV_HandsOn.xsa
TRACE::2022-11-18.09:27:35::SCWPlatform::DSA given C:/Users/SESA630813/work-2/4EV_HandsOn_platt/hw/Block_4EV_HandsOn.xsa
TRACE::2022-11-18.09:27:35::SCWPlatform::DSA absoulate path C:/Users/SESA630813/work-2/4EV_HandsOn_platt/hw/Block_4EV_HandsOn.xsa
TRACE::2022-11-18.09:27:35::SCWPlatform::DSA directory C:/Users/SESA630813/work-2/4EV_HandsOn_platt/hw
TRACE::2022-11-18.09:27:35::SCWPlatform:: Platform Path C:/Users/SESA630813/work-2/4EV_HandsOn_platt/hw/Block_4EV_HandsOn.xsa
TRACE::2022-11-18.09:27:35::SCWPlatform:: Unique name xilinx:::0.0
TRACE::2022-11-18.09:27:35::SCWPlatform::Trying to set the existing hwdb with name Block_4EV_wrapper_10
TRACE::2022-11-18.09:27:35::SCWPlatform::Could not get the HWDB from existing dbname
TRACE::2022-11-18.09:27:35::SCWPlatform::Do not have an existing db opened. Attempting to open the hwDb. 
TRACE::2022-11-18.09:27:36::SCWPlatform::Opened new HwDB with name Block_4EV_wrapper_12
TRACE::2022-11-18.09:27:36::SCWPlatform::Trying to open the hw design at C:/Users/SESA630813/work-2/4EV_HandsOn_platt/hw/Block_4EV_HandsOn.xsa
TRACE::2022-11-18.09:27:36::SCWPlatform::DSA given C:/Users/SESA630813/work-2/4EV_HandsOn_platt/hw/Block_4EV_HandsOn.xsa
TRACE::2022-11-18.09:27:36::SCWPlatform::DSA absoulate path C:/Users/SESA630813/work-2/4EV_HandsOn_platt/hw/Block_4EV_HandsOn.xsa
TRACE::2022-11-18.09:27:36::SCWPlatform::DSA directory C:/Users/SESA630813/work-2/4EV_HandsOn_platt/hw
TRACE::2022-11-18.09:27:36::SCWPlatform:: Platform Path C:/Users/SESA630813/work-2/4EV_HandsOn_platt/hw/Block_4EV_HandsOn.xsa
TRACE::2022-11-18.09:27:36::SCWPlatform:: Unique name xilinx:::0.0
TRACE::2022-11-18.09:27:36::SCWPlatform::Trying to set the existing hwdb with name Block_4EV_wrapper_12
TRACE::2022-11-18.09:27:36::SCWPlatform::Opened existing hwdb Block_4EV_wrapper_12
TRACE::2022-11-18.09:27:36::SCWPlatform::Found the Hw Db part of the input DSA
TRACE::2022-11-18.09:27:36::SCWMssOS::Checking the sw design at  C:/Users/SESA630813/work-2/4EV_HandsOn_platt/zynqmp_fsbl/zynqmp_fsbl_bsp/system.mss
TRACE::2022-11-18.09:27:36::SCWMssOS::DEBUG:  swdes dump  C:/Users/SESA630813/work-2/4EV_HandsOn_platt/psu_cortexa53_0/standalone_domain/bsp/system.mss|system_1||
C:/Users/SESA630813/work-2/4EV_HandsOn_platt/zynqmp_fsbl/zynqmp_fsbl_bsp/system.mss|system||
C:/Users/SESA630813/work-2/4EV_HandsOn_platt/zynqmp_pmufw/zynqmp_pmufw_bsp/system.mss|system_0||

TRACE::2022-11-18.09:27:36::SCWMssOS::Sw design exists and opened at  C:/Users/SESA630813/work-2/4EV_HandsOn_platt/zynqmp_fsbl/zynqmp_fsbl_bsp/system.mss
TRACE::2022-11-18.09:27:36::SCWPlatform::Trying to open the hw design at C:/Users/SESA630813/work-2/4EV_HandsOn_platt/tempdsa/Block_4EV_HandsOn.xsa
TRACE::2022-11-18.09:27:36::SCWPlatform::DSA given C:/Users/SESA630813/work-2/4EV_HandsOn_platt/tempdsa/Block_4EV_HandsOn.xsa
TRACE::2022-11-18.09:27:36::SCWPlatform::DSA absoulate path C:/Users/SESA630813/work-2/4EV_HandsOn_platt/tempdsa/Block_4EV_HandsOn.xsa
TRACE::2022-11-18.09:27:36::SCWPlatform::DSA directory C:/Users/SESA630813/work-2/4EV_HandsOn_platt/tempdsa
TRACE::2022-11-18.09:27:36::SCWPlatform:: Platform Path C:/Users/SESA630813/work-2/4EV_HandsOn_platt/tempdsa/Block_4EV_HandsOn.xsa
TRACE::2022-11-18.09:27:36::SCWPlatform:: Unique name xilinx:::0.0
TRACE::2022-11-18.09:27:36::SCWPlatform::update - Opened existing hwdb Block_4EV_wrapper_14
TRACE::2022-11-18.09:27:36::SCWPlatform::Found the Hw Db part of the input DSA
TRACE::2022-11-18.09:27:36::SCWMssOS::Doing hw sync for the mss in domain: zynqmp_pmufw
TRACE::2022-11-18.09:27:36::SCWPlatform::Trying to open the hw design at C:/Users/SESA630813/work-2/4EV_HandsOn_platt/hw/Block_4EV_HandsOn.xsa
TRACE::2022-11-18.09:27:36::SCWPlatform::DSA given C:/Users/SESA630813/work-2/4EV_HandsOn_platt/hw/Block_4EV_HandsOn.xsa
TRACE::2022-11-18.09:27:36::SCWPlatform::DSA absoulate path C:/Users/SESA630813/work-2/4EV_HandsOn_platt/hw/Block_4EV_HandsOn.xsa
TRACE::2022-11-18.09:27:36::SCWPlatform::DSA directory C:/Users/SESA630813/work-2/4EV_HandsOn_platt/hw
TRACE::2022-11-18.09:27:36::SCWPlatform:: Platform Path C:/Users/SESA630813/work-2/4EV_HandsOn_platt/hw/Block_4EV_HandsOn.xsa
TRACE::2022-11-18.09:27:36::SCWPlatform:: Unique name xilinx:::0.0
TRACE::2022-11-18.09:27:36::SCWPlatform::Trying to set the existing hwdb with name Block_4EV_wrapper_12
TRACE::2022-11-18.09:27:36::SCWPlatform::Opened existing hwdb Block_4EV_wrapper_12
TRACE::2022-11-18.09:27:36::SCWPlatform::Found the Hw Db part of the input DSA
TRACE::2022-11-18.09:27:36::SCWPlatform::Trying to open the hw design at C:/Users/SESA630813/work-2/4EV_HandsOn_platt/hw/Block_4EV_HandsOn.xsa
TRACE::2022-11-18.09:27:36::SCWPlatform::DSA given C:/Users/SESA630813/work-2/4EV_HandsOn_platt/hw/Block_4EV_HandsOn.xsa
TRACE::2022-11-18.09:27:36::SCWPlatform::DSA absoulate path C:/Users/SESA630813/work-2/4EV_HandsOn_platt/hw/Block_4EV_HandsOn.xsa
TRACE::2022-11-18.09:27:36::SCWPlatform::DSA directory C:/Users/SESA630813/work-2/4EV_HandsOn_platt/hw
TRACE::2022-11-18.09:27:36::SCWPlatform:: Platform Path C:/Users/SESA630813/work-2/4EV_HandsOn_platt/hw/Block_4EV_HandsOn.xsa
TRACE::2022-11-18.09:27:36::SCWPlatform:: Unique name xilinx:::0.0
TRACE::2022-11-18.09:27:36::SCWPlatform::Trying to set the existing hwdb with name Block_4EV_wrapper_12
TRACE::2022-11-18.09:27:36::SCWPlatform::Opened existing hwdb Block_4EV_wrapper_12
TRACE::2022-11-18.09:27:36::SCWPlatform::Found the Hw Db part of the input DSA
TRACE::2022-11-18.09:27:36::SCWMssOS::Checking the sw design at  C:/Users/SESA630813/work-2/4EV_HandsOn_platt/zynqmp_pmufw/zynqmp_pmufw_bsp/system.mss
TRACE::2022-11-18.09:27:36::SCWMssOS::DEBUG:  swdes dump  C:/Users/SESA630813/work-2/4EV_HandsOn_platt/psu_cortexa53_0/standalone_domain/bsp/system.mss|system_1||
C:/Users/SESA630813/work-2/4EV_HandsOn_platt/zynqmp_fsbl/zynqmp_fsbl_bsp/system.mss|system||
C:/Users/SESA630813/work-2/4EV_HandsOn_platt/zynqmp_pmufw/zynqmp_pmufw_bsp/system.mss|system_0||

TRACE::2022-11-18.09:27:36::SCWMssOS::Sw design exists and opened at  C:/Users/SESA630813/work-2/4EV_HandsOn_platt/zynqmp_pmufw/zynqmp_pmufw_bsp/system.mss
TRACE::2022-11-18.09:27:36::SCWPlatform::Trying to open the hw design at C:/Users/SESA630813/work-2/4EV_HandsOn_platt/tempdsa/Block_4EV_HandsOn.xsa
TRACE::2022-11-18.09:27:36::SCWPlatform::DSA given C:/Users/SESA630813/work-2/4EV_HandsOn_platt/tempdsa/Block_4EV_HandsOn.xsa
TRACE::2022-11-18.09:27:36::SCWPlatform::DSA absoulate path C:/Users/SESA630813/work-2/4EV_HandsOn_platt/tempdsa/Block_4EV_HandsOn.xsa
TRACE::2022-11-18.09:27:36::SCWPlatform::DSA directory C:/Users/SESA630813/work-2/4EV_HandsOn_platt/tempdsa
TRACE::2022-11-18.09:27:36::SCWPlatform:: Platform Path C:/Users/SESA630813/work-2/4EV_HandsOn_platt/tempdsa/Block_4EV_HandsOn.xsa
TRACE::2022-11-18.09:27:36::SCWPlatform:: Unique name xilinx:::0.0
TRACE::2022-11-18.09:27:36::SCWPlatform::update - Opened existing hwdb Block_4EV_wrapper_14
TRACE::2022-11-18.09:27:36::SCWPlatform::Found the Hw Db part of the input DSA
TRACE::2022-11-18.09:27:36::SCWMssOS::Doing hw sync for the mss in domain: standalone_domain
TRACE::2022-11-18.09:27:36::SCWPlatform::Trying to open the hw design at C:/Users/SESA630813/work-2/4EV_HandsOn_platt/hw/Block_4EV_HandsOn.xsa
TRACE::2022-11-18.09:27:36::SCWPlatform::DSA given C:/Users/SESA630813/work-2/4EV_HandsOn_platt/hw/Block_4EV_HandsOn.xsa
TRACE::2022-11-18.09:27:36::SCWPlatform::DSA absoulate path C:/Users/SESA630813/work-2/4EV_HandsOn_platt/hw/Block_4EV_HandsOn.xsa
TRACE::2022-11-18.09:27:36::SCWPlatform::DSA directory C:/Users/SESA630813/work-2/4EV_HandsOn_platt/hw
TRACE::2022-11-18.09:27:36::SCWPlatform:: Platform Path C:/Users/SESA630813/work-2/4EV_HandsOn_platt/hw/Block_4EV_HandsOn.xsa
TRACE::2022-11-18.09:27:36::SCWPlatform:: Unique name xilinx:::0.0
TRACE::2022-11-18.09:27:36::SCWPlatform::Trying to set the existing hwdb with name Block_4EV_wrapper_12
TRACE::2022-11-18.09:27:36::SCWPlatform::Opened existing hwdb Block_4EV_wrapper_12
TRACE::2022-11-18.09:27:36::SCWPlatform::Found the Hw Db part of the input DSA
TRACE::2022-11-18.09:27:36::SCWPlatform::Trying to open the hw design at C:/Users/SESA630813/work-2/4EV_HandsOn_platt/hw/Block_4EV_HandsOn.xsa
TRACE::2022-11-18.09:27:36::SCWPlatform::DSA given C:/Users/SESA630813/work-2/4EV_HandsOn_platt/hw/Block_4EV_HandsOn.xsa
TRACE::2022-11-18.09:27:36::SCWPlatform::DSA absoulate path C:/Users/SESA630813/work-2/4EV_HandsOn_platt/hw/Block_4EV_HandsOn.xsa
TRACE::2022-11-18.09:27:36::SCWPlatform::DSA directory C:/Users/SESA630813/work-2/4EV_HandsOn_platt/hw
TRACE::2022-11-18.09:27:36::SCWPlatform:: Platform Path C:/Users/SESA630813/work-2/4EV_HandsOn_platt/hw/Block_4EV_HandsOn.xsa
TRACE::2022-11-18.09:27:36::SCWPlatform:: Unique name xilinx:::0.0
TRACE::2022-11-18.09:27:36::SCWPlatform::Trying to set the existing hwdb with name Block_4EV_wrapper_12
TRACE::2022-11-18.09:27:36::SCWPlatform::Opened existing hwdb Block_4EV_wrapper_12
TRACE::2022-11-18.09:27:36::SCWPlatform::Found the Hw Db part of the input DSA
TRACE::2022-11-18.09:27:36::SCWMssOS::Checking the sw design at  C:/Users/SESA630813/work-2/4EV_HandsOn_platt/psu_cortexa53_0/standalone_domain/bsp/system.mss
TRACE::2022-11-18.09:27:36::SCWMssOS::DEBUG:  swdes dump  C:/Users/SESA630813/work-2/4EV_HandsOn_platt/psu_cortexa53_0/standalone_domain/bsp/system.mss|system_1||
C:/Users/SESA630813/work-2/4EV_HandsOn_platt/zynqmp_fsbl/zynqmp_fsbl_bsp/system.mss|system||
C:/Users/SESA630813/work-2/4EV_HandsOn_platt/zynqmp_pmufw/zynqmp_pmufw_bsp/system.mss|system_0||

TRACE::2022-11-18.09:27:36::SCWMssOS::Sw design exists and opened at  C:/Users/SESA630813/work-2/4EV_HandsOn_platt/psu_cortexa53_0/standalone_domain/bsp/system.mss
TRACE::2022-11-18.09:27:36::SCWPlatform::Trying to open the hw design at C:/Users/SESA630813/work-2/4EV_HandsOn_platt/tempdsa/Block_4EV_HandsOn.xsa
TRACE::2022-11-18.09:27:36::SCWPlatform::DSA given C:/Users/SESA630813/work-2/4EV_HandsOn_platt/tempdsa/Block_4EV_HandsOn.xsa
TRACE::2022-11-18.09:27:36::SCWPlatform::DSA absoulate path C:/Users/SESA630813/work-2/4EV_HandsOn_platt/tempdsa/Block_4EV_HandsOn.xsa
TRACE::2022-11-18.09:27:36::SCWPlatform::DSA directory C:/Users/SESA630813/work-2/4EV_HandsOn_platt/tempdsa
TRACE::2022-11-18.09:27:36::SCWPlatform:: Platform Path C:/Users/SESA630813/work-2/4EV_HandsOn_platt/tempdsa/Block_4EV_HandsOn.xsa
TRACE::2022-11-18.09:27:36::SCWPlatform:: Unique name xilinx:::0.0
TRACE::2022-11-18.09:27:36::SCWPlatform::update - Opened existing hwdb Block_4EV_wrapper_14
TRACE::2022-11-18.09:27:36::SCWPlatform::Found the Hw Db part of the input DSA
TRACE::2022-11-18.09:27:36::SCWMssOS::Saving the mss changes C:/Users/SESA630813/work-2/4EV_HandsOn_platt/zynqmp_fsbl/zynqmp_fsbl_bsp/system.mss
TRACE::2022-11-18.09:27:36::SCWMssOS::Found a swdesign opened with the mssfile.
TRACE::2022-11-18.09:27:36::SCWMssOS::Completed writemss as part of save.
TRACE::2022-11-18.09:27:36::SCWMssOS::Commit changes completed.
TRACE::2022-11-18.09:27:36::SCWMssOS::Completed hw sync for the mss in domain: zynqmp_fsbl
TRACE::2022-11-18.09:27:36::SCWMssOS::Removing the swdes entry for  C:/Users/SESA630813/work-2/4EV_HandsOn_platt/zynqmp_fsbl/zynqmp_fsbl_bsp/system.mss
TRACE::2022-11-18.09:27:36::SCWMssOS::Saving the mss changes C:/Users/SESA630813/work-2/4EV_HandsOn_platt/zynqmp_pmufw/zynqmp_pmufw_bsp/system.mss
TRACE::2022-11-18.09:27:36::SCWMssOS::Found a swdesign opened with the mssfile.
TRACE::2022-11-18.09:27:36::SCWMssOS::Completed writemss as part of save.
TRACE::2022-11-18.09:27:36::SCWMssOS::Commit changes completed.
TRACE::2022-11-18.09:27:36::SCWMssOS::Completed hw sync for the mss in domain: zynqmp_pmufw
TRACE::2022-11-18.09:27:36::SCWMssOS::Removing the swdes entry for  C:/Users/SESA630813/work-2/4EV_HandsOn_platt/zynqmp_pmufw/zynqmp_pmufw_bsp/system.mss
TRACE::2022-11-18.09:27:36::SCWMssOS::Saving the mss changes C:/Users/SESA630813/work-2/4EV_HandsOn_platt/psu_cortexa53_0/standalone_domain/bsp/system.mss
TRACE::2022-11-18.09:27:36::SCWMssOS::Found a swdesign opened with the mssfile.
TRACE::2022-11-18.09:27:36::SCWMssOS::Completed writemss as part of save.
TRACE::2022-11-18.09:27:36::SCWMssOS::Commit changes completed.
TRACE::2022-11-18.09:27:36::SCWMssOS::Completed hw sync for the mss in domain: standalone_domain
TRACE::2022-11-18.09:27:36::SCWMssOS::Removing the swdes entry for  C:/Users/SESA630813/work-2/4EV_HandsOn_platt/psu_cortexa53_0/standalone_domain/bsp/system.mss
TRACE::2022-11-18.09:27:36::SCWPlatform::Trying to open the hw design at C:/Users/SESA630813/work-2/4EV_HandsOn_platt/hw/Block_4EV_HandsOn.xsa
TRACE::2022-11-18.09:27:36::SCWPlatform::DSA given C:/Users/SESA630813/work-2/4EV_HandsOn_platt/hw/Block_4EV_HandsOn.xsa
TRACE::2022-11-18.09:27:36::SCWPlatform::DSA absoulate path C:/Users/SESA630813/work-2/4EV_HandsOn_platt/hw/Block_4EV_HandsOn.xsa
TRACE::2022-11-18.09:27:36::SCWPlatform::DSA directory C:/Users/SESA630813/work-2/4EV_HandsOn_platt/hw
TRACE::2022-11-18.09:27:36::SCWPlatform:: Platform Path C:/Users/SESA630813/work-2/4EV_HandsOn_platt/hw/Block_4EV_HandsOn.xsa
TRACE::2022-11-18.09:27:36::SCWPlatform:: Unique name xilinx:::0.0
TRACE::2022-11-18.09:27:36::SCWPlatform::Do not have an existing db opened. 
TRACE::2022-11-18.09:27:42::SCWPlatform::Opened new HwDB with name Block_4EV_wrapper_15
TRACE::2022-11-18.09:27:42::SCWMssOS::Saving the mss changes C:/Users/SESA630813/work-2/4EV_HandsOn_platt/zynqmp_fsbl/zynqmp_fsbl_bsp/system.mss
TRACE::2022-11-18.09:27:42::SCWMssOS::Adding the swdes entry, mss present, able to open swdb C:/Users/SESA630813/work-2/4EV_HandsOn_platt/zynqmp_fsbl/zynqmp_fsbl_bsp/system.mss with des name system
TRACE::2022-11-18.09:27:42::SCWMssOS::Writing the mss file completed C:/Users/SESA630813/work-2/4EV_HandsOn_platt/zynqmp_fsbl/zynqmp_fsbl_bsp/system.mss
TRACE::2022-11-18.09:27:42::SCWMssOS::Commit changes completed.
TRACE::2022-11-18.09:27:42::SCWMssOS::Saving the mss changes C:/Users/SESA630813/work-2/4EV_HandsOn_platt/zynqmp_pmufw/zynqmp_pmufw_bsp/system.mss
TRACE::2022-11-18.09:27:42::SCWMssOS::Adding the swdes entry, mss present, able to open swdb C:/Users/SESA630813/work-2/4EV_HandsOn_platt/zynqmp_pmufw/zynqmp_pmufw_bsp/system.mss with des name system_0
TRACE::2022-11-18.09:27:42::SCWMssOS::Writing the mss file completed C:/Users/SESA630813/work-2/4EV_HandsOn_platt/zynqmp_pmufw/zynqmp_pmufw_bsp/system.mss
TRACE::2022-11-18.09:27:42::SCWMssOS::Commit changes completed.
TRACE::2022-11-18.09:27:42::SCWMssOS::Saving the mss changes C:/Users/SESA630813/work-2/4EV_HandsOn_platt/psu_cortexa53_0/standalone_domain/bsp/system.mss
TRACE::2022-11-18.09:27:42::SCWMssOS::Adding the swdes entry, mss present, able to open swdb C:/Users/SESA630813/work-2/4EV_HandsOn_platt/psu_cortexa53_0/standalone_domain/bsp/system.mss with des name system_1
TRACE::2022-11-18.09:27:42::SCWMssOS::Writing the mss file completed C:/Users/SESA630813/work-2/4EV_HandsOn_platt/psu_cortexa53_0/standalone_domain/bsp/system.mss
TRACE::2022-11-18.09:27:42::SCWMssOS::Commit changes completed.
TRACE::2022-11-18.09:27:42::SCWPlatform::Trying to open the hw design at C:/Users/SESA630813/work-2/4EV_HandsOn_platt/hw/Block_4EV_HandsOn.xsa
TRACE::2022-11-18.09:27:42::SCWPlatform::DSA given C:/Users/SESA630813/work-2/4EV_HandsOn_platt/hw/Block_4EV_HandsOn.xsa
TRACE::2022-11-18.09:27:42::SCWPlatform::DSA absoulate path C:/Users/SESA630813/work-2/4EV_HandsOn_platt/hw/Block_4EV_HandsOn.xsa
TRACE::2022-11-18.09:27:42::SCWPlatform::DSA directory C:/Users/SESA630813/work-2/4EV_HandsOn_platt/hw
TRACE::2022-11-18.09:27:42::SCWPlatform:: Platform Path C:/Users/SESA630813/work-2/4EV_HandsOn_platt/hw/Block_4EV_HandsOn.xsa
TRACE::2022-11-18.09:27:42::SCWPlatform:: Unique name xilinx:::0.0
TRACE::2022-11-18.09:27:42::SCWPlatform::Trying to set the existing hwdb with name Block_4EV_wrapper_15
TRACE::2022-11-18.09:27:42::SCWPlatform::Opened existing hwdb Block_4EV_wrapper_15
TRACE::2022-11-18.09:27:42::SCWPlatform::Found the Hw Db part of the input DSA
TRACE::2022-11-18.09:27:42::SCWMssOS::Checking the sw design at  C:/Users/SESA630813/work-2/4EV_HandsOn_platt/zynqmp_fsbl/zynqmp_fsbl_bsp/system.mss
TRACE::2022-11-18.09:27:42::SCWMssOS::DEBUG:  swdes dump  C:/Users/SESA630813/work-2/4EV_HandsOn_platt/psu_cortexa53_0/standalone_domain/bsp/system.mss|system_1||
C:/Users/SESA630813/work-2/4EV_HandsOn_platt/zynqmp_fsbl/zynqmp_fsbl_bsp/system.mss|system||
C:/Users/SESA630813/work-2/4EV_HandsOn_platt/zynqmp_pmufw/zynqmp_pmufw_bsp/system.mss|system_0||

TRACE::2022-11-18.09:27:42::SCWMssOS::Sw design exists and opened at  C:/Users/SESA630813/work-2/4EV_HandsOn_platt/zynqmp_fsbl/zynqmp_fsbl_bsp/system.mss
TRACE::2022-11-18.09:27:42::SCWPlatform::Trying to open the hw design at C:/Users/SESA630813/work-2/4EV_HandsOn_platt/hw/Block_4EV_HandsOn.xsa
TRACE::2022-11-18.09:27:42::SCWPlatform::DSA given C:/Users/SESA630813/work-2/4EV_HandsOn_platt/hw/Block_4EV_HandsOn.xsa
TRACE::2022-11-18.09:27:42::SCWPlatform::DSA absoulate path C:/Users/SESA630813/work-2/4EV_HandsOn_platt/hw/Block_4EV_HandsOn.xsa
TRACE::2022-11-18.09:27:42::SCWPlatform::DSA directory C:/Users/SESA630813/work-2/4EV_HandsOn_platt/hw
TRACE::2022-11-18.09:27:42::SCWPlatform:: Platform Path C:/Users/SESA630813/work-2/4EV_HandsOn_platt/hw/Block_4EV_HandsOn.xsa
TRACE::2022-11-18.09:27:42::SCWPlatform:: Unique name xilinx:::0.0
TRACE::2022-11-18.09:27:42::SCWPlatform::Trying to set the existing hwdb with name Block_4EV_wrapper_15
TRACE::2022-11-18.09:27:42::SCWPlatform::Opened existing hwdb Block_4EV_wrapper_15
TRACE::2022-11-18.09:27:42::SCWPlatform::Found the Hw Db part of the input DSA
TRACE::2022-11-18.09:27:42::SCWMssOS::Checking the sw design at  C:/Users/SESA630813/work-2/4EV_HandsOn_platt/zynqmp_pmufw/zynqmp_pmufw_bsp/system.mss
TRACE::2022-11-18.09:27:42::SCWMssOS::DEBUG:  swdes dump  C:/Users/SESA630813/work-2/4EV_HandsOn_platt/psu_cortexa53_0/standalone_domain/bsp/system.mss|system_1||
C:/Users/SESA630813/work-2/4EV_HandsOn_platt/zynqmp_fsbl/zynqmp_fsbl_bsp/system.mss|system||
C:/Users/SESA630813/work-2/4EV_HandsOn_platt/zynqmp_pmufw/zynqmp_pmufw_bsp/system.mss|system_0||

TRACE::2022-11-18.09:27:42::SCWMssOS::Sw design exists and opened at  C:/Users/SESA630813/work-2/4EV_HandsOn_platt/zynqmp_pmufw/zynqmp_pmufw_bsp/system.mss
TRACE::2022-11-18.09:27:42::SCWPlatform::Trying to open the hw design at C:/Users/SESA630813/work-2/4EV_HandsOn_platt/hw/Block_4EV_HandsOn.xsa
TRACE::2022-11-18.09:27:42::SCWPlatform::DSA given C:/Users/SESA630813/work-2/4EV_HandsOn_platt/hw/Block_4EV_HandsOn.xsa
TRACE::2022-11-18.09:27:42::SCWPlatform::DSA absoulate path C:/Users/SESA630813/work-2/4EV_HandsOn_platt/hw/Block_4EV_HandsOn.xsa
TRACE::2022-11-18.09:27:42::SCWPlatform::DSA directory C:/Users/SESA630813/work-2/4EV_HandsOn_platt/hw
TRACE::2022-11-18.09:27:42::SCWPlatform:: Platform Path C:/Users/SESA630813/work-2/4EV_HandsOn_platt/hw/Block_4EV_HandsOn.xsa
TRACE::2022-11-18.09:27:42::SCWPlatform:: Unique name xilinx:::0.0
TRACE::2022-11-18.09:27:42::SCWPlatform::Trying to set the existing hwdb with name Block_4EV_wrapper_15
TRACE::2022-11-18.09:27:42::SCWPlatform::Opened existing hwdb Block_4EV_wrapper_15
TRACE::2022-11-18.09:27:42::SCWPlatform::Found the Hw Db part of the input DSA
TRACE::2022-11-18.09:27:42::SCWMssOS::Checking the sw design at  C:/Users/SESA630813/work-2/4EV_HandsOn_platt/psu_cortexa53_0/standalone_domain/bsp/system.mss
TRACE::2022-11-18.09:27:42::SCWMssOS::DEBUG:  swdes dump  C:/Users/SESA630813/work-2/4EV_HandsOn_platt/psu_cortexa53_0/standalone_domain/bsp/system.mss|system_1||
C:/Users/SESA630813/work-2/4EV_HandsOn_platt/zynqmp_fsbl/zynqmp_fsbl_bsp/system.mss|system||
C:/Users/SESA630813/work-2/4EV_HandsOn_platt/zynqmp_pmufw/zynqmp_pmufw_bsp/system.mss|system_0||

TRACE::2022-11-18.09:27:42::SCWMssOS::Sw design exists and opened at  C:/Users/SESA630813/work-2/4EV_HandsOn_platt/psu_cortexa53_0/standalone_domain/bsp/system.mss
TRACE::2022-11-18.09:27:42::SCWWriter::formatted JSON is {
	"platformName":	"4EV_HandsOn_platt",
	"sprVersion":	"2.0",
	"mode":	"gui",
	"dsaType":	"Fixed",
	"platformDesc":	"4EV_HandsOn_platt",
	"platHandOff":	"C:/Schneider/ScriptingPath/enclustra/4EV-Hands-On/Block_4EV_HandsOn.xsa",
	"platIntHandOff":	"<platformDir>/hw/Block_4EV_HandsOn.xsa",
	"deviceType":	"zynqMP",
	"platIsPrebuiltAutogen":	"false",
	"platIsNoBootBsp":	"false",
	"platFsblTarget":	"psu_cortexa53_0",
	"hasFsblMakeHasChanges":	"false",
	"hasPmufwMakeHasChanges":	"false",
	"fsblExtraCompilerFlags":	"-MMD -MP      -Wall -fmessage-length=0 -DARMA53_64 -Os -flto -ffat-lto-objects  ",
	"pmufwExtraCompilerFlags":	"-MMD -MP      -mlittle-endian -mxl-barrel-shift -mxl-pattern-compare -mcpu=v9.2 -mxl-soft-mul -Os -flto -ffat-lto-objects  ",
	"platPreBuiltFlag":	false,
	"platformSamplesDir":	"",
	"platActiveSys":	"4EV_HandsOn_platt",
	"systems":	[{
			"systemName":	"4EV_HandsOn_platt",
			"systemDesc":	"4EV_HandsOn_platt",
			"sysIsBootAutoGen":	"true",
			"systemDispName":	"4EV_HandsOn_platt",
			"sysActiveDom":	"standalone_domain",
			"sysDefaultDom":	"standalone_domain",
			"domains":	[{
					"domainName":	"zynqmp_fsbl",
					"domainDispName":	"zynqmp_fsbl",
					"domainDesc":	"FSBL Application BSP - Auto Generated.",
					"processors":	"psu_cortexa53_0",
					"os":	"standalone",
					"sdxOs":	"standalone",
					"debugEnable":	"",
					"domRuntimes":	["cpp"],
					"swRepo":	"",
					"mssOsVer":	"7.6",
					"mssFile":	"",
					"md5Digest":	"f0f90a35a6a229e56057b23e4b7162c6",
					"compatibleApp":	"zynqmp_fsbl",
					"domType":	"bootDomain",
					"arch":	"64-bit",
					"appSettings":	{
						"appCompilerFlags":	"",
						"appLinkerFlags":	""
					},
					"addedLibs":	["xilffs:4.6", "xilsecure:4.6", "xilpm:3.5"],
					"libOptions":	{
						"standalone":	{
							"zynqmp_fsbl_bsp":	"true",
							"libOptionNames":	["zynqmp_fsbl_bsp"]
						},
						"xilffs":	{
							"read_only":	"true",
							"use_mkfs":	"false",
							"libOptionNames":	["read_only", "use_mkfs"]
						},
						"xilsecure":	{
							"tpm_support":	"true",
							"libOptionNames":	["tpm_support"]
						},
						"libsContainingOptions":	["standalone", "xilffs", "xilsecure"]
					},
					"prebuiltLibs":	{
						"prebuiltIncPath":	[],
						"prebuiltLibPath":	[]
					},
					"isolation":	{
					}
				}, {
					"domainName":	"zynqmp_pmufw",
					"domainDispName":	"zynqmp_pmufw",
					"domainDesc":	"PMUFW Application BSP - Auto Generated.",
					"processors":	"psu_pmu_0",
					"os":	"standalone",
					"sdxOs":	"standalone",
					"debugEnable":	"",
					"domRuntimes":	["cpp"],
					"swRepo":	"",
					"mssOsVer":	"7.6",
					"mssFile":	"",
					"md5Digest":	"2252945fa1d34af486e1005da291d4dd",
					"compatibleApp":	"zynqmp_pmufw",
					"domType":	"bootDomain",
					"arch":	"32-bit",
					"appSettings":	{
						"appCompilerFlags":	"",
						"appLinkerFlags":	""
					},
					"addedLibs":	["xilfpga:6.1", "xilsecure:4.6", "xilskey:7.2"],
					"libOptions":	{
						"psu_pmu_0":	{
							"extra_compiler_flags":	"-g -ffunction-sections -fdata-sections -Wall -Wextra -fno-tree-loop-distribute-patterns  -Os -flto -ffat-lto-objects",
							"libOptionNames":	["extra_compiler_flags"]
						},
						"libsContainingOptions":	["psu_pmu_0"]
					},
					"prebuiltLibs":	{
						"prebuiltIncPath":	[],
						"prebuiltLibPath":	[]
					},
					"isolation":	{
					}
				}, {
					"domainName":	"standalone_domain",
					"domainDispName":	"standalone on psu_cortexa53_0",
					"domainDesc":	"standalone_domain",
					"processors":	"psu_cortexa53_0",
					"os":	"standalone",
					"sdxOs":	"standalone",
					"qemuArgs":	"C:/Xilinx3/Vitis/2021.2/data/emulation/platforms/zynqmp/sw/a53_standalone/qemu/qemu_args.txt",
					"qemuData":	"C:/Xilinx3/Vitis/2021.2/data/emulation/platforms/zynqmp/sw/a53_standalone/qemu/",
					"pmuQemuArgs":	"C:/Xilinx3/Vitis/2021.2/data/emulation/platforms/zynqmp/sw/a53_standalone/qemu/pmu_args.txt",
					"debugEnable":	"False",
					"domRuntimes":	["cpp"],
					"swRepo":	"",
					"mssOsVer":	"7.6",
					"mssFile":	"",
					"md5Digest":	"a7380b93d62648222d0ccf0a3c72bcd4",
					"compatibleApp":	"",
					"domType":	"mssDomain",
					"arch":	"64-bit",
					"appSettings":	{
						"appCompilerFlags":	"",
						"appLinkerFlags":	""
					},
					"addedLibs":	[],
					"libOptions":	{
						"libsContainingOptions":	[]
					},
					"prebuiltLibs":	{
						"prebuiltIncPath":	[],
						"prebuiltLibPath":	[]
					},
					"isolation":	{
					}
				}]
		}]
}
TRACE::2022-11-18.09:27:44::SCWPlatform::Clearing the existing platform
TRACE::2022-11-18.09:27:44::SCWSystem::Clearing the existing sysconfig
TRACE::2022-11-18.09:27:44::SCWBDomain::clearing the fsbl build
TRACE::2022-11-18.09:27:44::SCWMssOS::Removing the swdes entry for  C:/Users/SESA630813/work-2/4EV_HandsOn_platt/zynqmp_fsbl/zynqmp_fsbl_bsp/system.mss
TRACE::2022-11-18.09:27:44::SCWBDomain::clearing the pmufw build
TRACE::2022-11-18.09:27:44::SCWMssOS::Removing the swdes entry for  C:/Users/SESA630813/work-2/4EV_HandsOn_platt/zynqmp_pmufw/zynqmp_pmufw_bsp/system.mss
TRACE::2022-11-18.09:27:44::SCWMssOS::Removing the swdes entry for  C:/Users/SESA630813/work-2/4EV_HandsOn_platt/psu_cortexa53_0/standalone_domain/bsp/system.mss
TRACE::2022-11-18.09:27:44::SCWSystem::Clearing the domains completed.
TRACE::2022-11-18.09:27:44::SCWPlatform::Clearing the opened hw db.
TRACE::2022-11-18.09:27:44::SCWPlatform::DSA given C:/Users/SESA630813/work-2/4EV_HandsOn_platt/hw/Block_4EV_HandsOn.xsa
TRACE::2022-11-18.09:27:44::SCWPlatform::DSA absoulate path C:/Users/SESA630813/work-2/4EV_HandsOn_platt/hw/Block_4EV_HandsOn.xsa
TRACE::2022-11-18.09:27:44::SCWPlatform:: Platform location is C:/Users/SESA630813/work-2/4EV_HandsOn_platt/hw
TRACE::2022-11-18.09:27:44::SCWPlatform:: Platform Path C:/Users/SESA630813/work-2/4EV_HandsOn_platt/hw/Block_4EV_HandsOn.xsa
TRACE::2022-11-18.09:27:44::SCWPlatform:: Unique name xilinx:::0.0
TRACE::2022-11-18.09:27:44::SCWPlatform::Removing the HwDB with name C:/Users/SESA630813/work-2/4EV_HandsOn_platt/hw/Block_4EV_HandsOn.xsa
TRACE::2022-11-18.09:27:44::SCWPlatform::Trying to open the hw design at C:/Users/SESA630813/work-2/4EV_HandsOn_platt/hw/Block_4EV_HandsOn.xsa
TRACE::2022-11-18.09:27:44::SCWPlatform::DSA given C:/Users/SESA630813/work-2/4EV_HandsOn_platt/hw/Block_4EV_HandsOn.xsa
TRACE::2022-11-18.09:27:44::SCWPlatform::DSA absoulate path C:/Users/SESA630813/work-2/4EV_HandsOn_platt/hw/Block_4EV_HandsOn.xsa
TRACE::2022-11-18.09:27:44::SCWPlatform::DSA directory C:/Users/SESA630813/work-2/4EV_HandsOn_platt/hw
TRACE::2022-11-18.09:27:44::SCWPlatform:: Platform Path C:/Users/SESA630813/work-2/4EV_HandsOn_platt/hw/Block_4EV_HandsOn.xsa
TRACE::2022-11-18.09:27:44::SCWPlatform:: Unique name xilinx:::0.0
TRACE::2022-11-18.09:27:44::SCWPlatform::Do not have an existing db opened. 
TRACE::2022-11-18.09:27:50::SCWPlatform::Opened new HwDB with name Block_4EV_wrapper_16
TRACE::2022-11-18.09:27:50::SCWReader::Active system found as  4EV_HandsOn_platt
TRACE::2022-11-18.09:27:50::SCWReader::Handling sysconfig 4EV_HandsOn_platt
TRACE::2022-11-18.09:27:50::SCWDomain::checking for install qemu data   : 
TRACE::2022-11-18.09:27:50::SCWDomain:: Using the QEMU Data from install at  : C:/Xilinx3/Vitis/2021.2/data/emulation/platforms/zynqmp/sw/a53_standalone/qemu/
TRACE::2022-11-18.09:27:50::SCWDomain:: Using the QEMU args  from install at  : C:/Xilinx3/Vitis/2021.2/data/emulation/platforms/zynqmp/sw/a53_standalone/qemu/qemu_args.txt
TRACE::2022-11-18.09:27:50::SCWDomain:: Using the PMUQEMU args from install at  : C:/Xilinx3/Vitis/2021.2/data/emulation/platforms/zynqmp/sw/a53_standalone/qemu/pmu_args.txt
TRACE::2022-11-18.09:27:50::SCWPlatform::Trying to open the hw design at C:/Users/SESA630813/work-2/4EV_HandsOn_platt/hw/Block_4EV_HandsOn.xsa
TRACE::2022-11-18.09:27:50::SCWPlatform::DSA given C:/Users/SESA630813/work-2/4EV_HandsOn_platt/hw/Block_4EV_HandsOn.xsa
TRACE::2022-11-18.09:27:50::SCWPlatform::DSA absoulate path C:/Users/SESA630813/work-2/4EV_HandsOn_platt/hw/Block_4EV_HandsOn.xsa
TRACE::2022-11-18.09:27:50::SCWPlatform::DSA directory C:/Users/SESA630813/work-2/4EV_HandsOn_platt/hw
TRACE::2022-11-18.09:27:50::SCWPlatform:: Platform Path C:/Users/SESA630813/work-2/4EV_HandsOn_platt/hw/Block_4EV_HandsOn.xsa
TRACE::2022-11-18.09:27:50::SCWPlatform:: Unique name xilinx:::0.0
TRACE::2022-11-18.09:27:50::SCWPlatform::Trying to set the existing hwdb with name Block_4EV_wrapper_16
TRACE::2022-11-18.09:27:50::SCWPlatform::Opened existing hwdb Block_4EV_wrapper_16
TRACE::2022-11-18.09:27:50::SCWPlatform::Found the Hw Db part of the input DSA
TRACE::2022-11-18.09:27:50::SCWPlatform::Trying to open the hw design at C:/Users/SESA630813/work-2/4EV_HandsOn_platt/hw/Block_4EV_HandsOn.xsa
TRACE::2022-11-18.09:27:50::SCWPlatform::DSA given C:/Users/SESA630813/work-2/4EV_HandsOn_platt/hw/Block_4EV_HandsOn.xsa
TRACE::2022-11-18.09:27:50::SCWPlatform::DSA absoulate path C:/Users/SESA630813/work-2/4EV_HandsOn_platt/hw/Block_4EV_HandsOn.xsa
TRACE::2022-11-18.09:27:50::SCWPlatform::DSA directory C:/Users/SESA630813/work-2/4EV_HandsOn_platt/hw
TRACE::2022-11-18.09:27:50::SCWPlatform:: Platform Path C:/Users/SESA630813/work-2/4EV_HandsOn_platt/hw/Block_4EV_HandsOn.xsa
TRACE::2022-11-18.09:27:50::SCWPlatform:: Unique name xilinx:::0.0
TRACE::2022-11-18.09:27:50::SCWPlatform::Trying to set the existing hwdb with name Block_4EV_wrapper_16
TRACE::2022-11-18.09:27:50::SCWPlatform::Opened existing hwdb Block_4EV_wrapper_16
TRACE::2022-11-18.09:27:50::SCWPlatform::Found the Hw Db part of the input DSA
TRACE::2022-11-18.09:27:50::SCWPlatform::Trying to open the hw design at C:/Users/SESA630813/work-2/4EV_HandsOn_platt/hw/Block_4EV_HandsOn.xsa
TRACE::2022-11-18.09:27:50::SCWPlatform::DSA given C:/Users/SESA630813/work-2/4EV_HandsOn_platt/hw/Block_4EV_HandsOn.xsa
TRACE::2022-11-18.09:27:50::SCWPlatform::DSA absoulate path C:/Users/SESA630813/work-2/4EV_HandsOn_platt/hw/Block_4EV_HandsOn.xsa
TRACE::2022-11-18.09:27:50::SCWPlatform::DSA directory C:/Users/SESA630813/work-2/4EV_HandsOn_platt/hw
TRACE::2022-11-18.09:27:50::SCWPlatform:: Platform Path C:/Users/SESA630813/work-2/4EV_HandsOn_platt/hw/Block_4EV_HandsOn.xsa
TRACE::2022-11-18.09:27:50::SCWPlatform:: Unique name xilinx:::0.0
TRACE::2022-11-18.09:27:50::SCWPlatform::Trying to set the existing hwdb with name Block_4EV_wrapper_16
TRACE::2022-11-18.09:27:50::SCWPlatform::Opened existing hwdb Block_4EV_wrapper_16
TRACE::2022-11-18.09:27:50::SCWPlatform::Found the Hw Db part of the input DSA
TRACE::2022-11-18.09:27:50::SCWReader::Boot application domain added for zynqmp_fsbl
TRACE::2022-11-18.09:27:50::SCWPlatform::Trying to open the hw design at C:/Users/SESA630813/work-2/4EV_HandsOn_platt/hw/Block_4EV_HandsOn.xsa
TRACE::2022-11-18.09:27:50::SCWPlatform::DSA given C:/Users/SESA630813/work-2/4EV_HandsOn_platt/hw/Block_4EV_HandsOn.xsa
TRACE::2022-11-18.09:27:50::SCWPlatform::DSA absoulate path C:/Users/SESA630813/work-2/4EV_HandsOn_platt/hw/Block_4EV_HandsOn.xsa
TRACE::2022-11-18.09:27:50::SCWPlatform::DSA directory C:/Users/SESA630813/work-2/4EV_HandsOn_platt/hw
TRACE::2022-11-18.09:27:50::SCWPlatform:: Platform Path C:/Users/SESA630813/work-2/4EV_HandsOn_platt/hw/Block_4EV_HandsOn.xsa
TRACE::2022-11-18.09:27:50::SCWPlatform:: Unique name xilinx:::0.0
TRACE::2022-11-18.09:27:50::SCWPlatform::Trying to set the existing hwdb with name Block_4EV_wrapper_16
TRACE::2022-11-18.09:27:50::SCWPlatform::Opened existing hwdb Block_4EV_wrapper_16
TRACE::2022-11-18.09:27:50::SCWPlatform::Found the Hw Db part of the input DSA
TRACE::2022-11-18.09:27:50::SCWMssOS::Checking the sw design at  C:/Users/SESA630813/work-2/4EV_HandsOn_platt/zynqmp_fsbl/zynqmp_fsbl_bsp/system.mss
TRACE::2022-11-18.09:27:50::SCWMssOS::DEBUG:  swdes dump  
TRACE::2022-11-18.09:27:50::SCWMssOS::No sw design opened at  C:/Users/SESA630813/work-2/4EV_HandsOn_platt/zynqmp_fsbl/zynqmp_fsbl_bsp/system.mss
TRACE::2022-11-18.09:27:50::SCWMssOS::mss exists loading the mss file  C:/Users/SESA630813/work-2/4EV_HandsOn_platt/zynqmp_fsbl/zynqmp_fsbl_bsp/system.mss
TRACE::2022-11-18.09:27:50::SCWMssOS::Opened the sw design from mss  C:/Users/SESA630813/work-2/4EV_HandsOn_platt/zynqmp_fsbl/zynqmp_fsbl_bsp/system.mss
TRACE::2022-11-18.09:27:50::SCWMssOS::Adding the swdes entry C:/Users/SESA630813/work-2/4EV_HandsOn_platt/zynqmp_fsbl/zynqmp_fsbl_bsp/system.mss with des name system
TRACE::2022-11-18.09:27:50::SCWMssOS::updating the scw layer about changes
TRACE::2022-11-18.09:27:50::SCWMssOS::Opened the sw design.  C:/Users/SESA630813/work-2/4EV_HandsOn_platt/zynqmp_fsbl/zynqmp_fsbl_bsp/system.mss
TRACE::2022-11-18.09:27:50::SCWPlatform::Trying to open the hw design at C:/Users/SESA630813/work-2/4EV_HandsOn_platt/hw/Block_4EV_HandsOn.xsa
TRACE::2022-11-18.09:27:50::SCWPlatform::DSA given C:/Users/SESA630813/work-2/4EV_HandsOn_platt/hw/Block_4EV_HandsOn.xsa
TRACE::2022-11-18.09:27:50::SCWPlatform::DSA absoulate path C:/Users/SESA630813/work-2/4EV_HandsOn_platt/hw/Block_4EV_HandsOn.xsa
TRACE::2022-11-18.09:27:50::SCWPlatform::DSA directory C:/Users/SESA630813/work-2/4EV_HandsOn_platt/hw
TRACE::2022-11-18.09:27:50::SCWPlatform:: Platform Path C:/Users/SESA630813/work-2/4EV_HandsOn_platt/hw/Block_4EV_HandsOn.xsa
TRACE::2022-11-18.09:27:50::SCWPlatform:: Unique name xilinx:::0.0
TRACE::2022-11-18.09:27:50::SCWPlatform::Trying to set the existing hwdb with name Block_4EV_wrapper_16
TRACE::2022-11-18.09:27:50::SCWPlatform::Opened existing hwdb Block_4EV_wrapper_16
TRACE::2022-11-18.09:27:50::SCWPlatform::Found the Hw Db part of the input DSA
TRACE::2022-11-18.09:27:50::SCWMssOS::Checking the sw design at  C:/Users/SESA630813/work-2/4EV_HandsOn_platt/zynqmp_fsbl/zynqmp_fsbl_bsp/system.mss
TRACE::2022-11-18.09:27:50::SCWMssOS::DEBUG:  swdes dump  C:/Users/SESA630813/work-2/4EV_HandsOn_platt/zynqmp_fsbl/zynqmp_fsbl_bsp/system.mss|system||

TRACE::2022-11-18.09:27:50::SCWMssOS::Sw design exists and opened at  C:/Users/SESA630813/work-2/4EV_HandsOn_platt/zynqmp_fsbl/zynqmp_fsbl_bsp/system.mss
TRACE::2022-11-18.09:27:50::SCWMssOS:: library already available in sw design:  xilffs:4.6
TRACE::2022-11-18.09:27:50::SCWPlatform::Trying to open the hw design at C:/Users/SESA630813/work-2/4EV_HandsOn_platt/hw/Block_4EV_HandsOn.xsa
TRACE::2022-11-18.09:27:50::SCWPlatform::DSA given C:/Users/SESA630813/work-2/4EV_HandsOn_platt/hw/Block_4EV_HandsOn.xsa
TRACE::2022-11-18.09:27:50::SCWPlatform::DSA absoulate path C:/Users/SESA630813/work-2/4EV_HandsOn_platt/hw/Block_4EV_HandsOn.xsa
TRACE::2022-11-18.09:27:50::SCWPlatform::DSA directory C:/Users/SESA630813/work-2/4EV_HandsOn_platt/hw
TRACE::2022-11-18.09:27:51::SCWPlatform:: Platform Path C:/Users/SESA630813/work-2/4EV_HandsOn_platt/hw/Block_4EV_HandsOn.xsa
TRACE::2022-11-18.09:27:51::SCWPlatform:: Unique name xilinx:::0.0
TRACE::2022-11-18.09:27:51::SCWPlatform::Trying to set the existing hwdb with name Block_4EV_wrapper_16
TRACE::2022-11-18.09:27:51::SCWPlatform::Opened existing hwdb Block_4EV_wrapper_16
TRACE::2022-11-18.09:27:51::SCWPlatform::Found the Hw Db part of the input DSA
TRACE::2022-11-18.09:27:51::SCWMssOS::Checking the sw design at  C:/Users/SESA630813/work-2/4EV_HandsOn_platt/zynqmp_fsbl/zynqmp_fsbl_bsp/system.mss
TRACE::2022-11-18.09:27:51::SCWMssOS::DEBUG:  swdes dump  C:/Users/SESA630813/work-2/4EV_HandsOn_platt/zynqmp_fsbl/zynqmp_fsbl_bsp/system.mss|system||

TRACE::2022-11-18.09:27:51::SCWMssOS::Sw design exists and opened at  C:/Users/SESA630813/work-2/4EV_HandsOn_platt/zynqmp_fsbl/zynqmp_fsbl_bsp/system.mss
TRACE::2022-11-18.09:27:51::SCWMssOS:: library already available in sw design:  xilsecure:4.6
TRACE::2022-11-18.09:27:51::SCWPlatform::Trying to open the hw design at C:/Users/SESA630813/work-2/4EV_HandsOn_platt/hw/Block_4EV_HandsOn.xsa
TRACE::2022-11-18.09:27:51::SCWPlatform::DSA given C:/Users/SESA630813/work-2/4EV_HandsOn_platt/hw/Block_4EV_HandsOn.xsa
TRACE::2022-11-18.09:27:51::SCWPlatform::DSA absoulate path C:/Users/SESA630813/work-2/4EV_HandsOn_platt/hw/Block_4EV_HandsOn.xsa
TRACE::2022-11-18.09:27:51::SCWPlatform::DSA directory C:/Users/SESA630813/work-2/4EV_HandsOn_platt/hw
TRACE::2022-11-18.09:27:51::SCWPlatform:: Platform Path C:/Users/SESA630813/work-2/4EV_HandsOn_platt/hw/Block_4EV_HandsOn.xsa
TRACE::2022-11-18.09:27:51::SCWPlatform:: Unique name xilinx:::0.0
TRACE::2022-11-18.09:27:51::SCWPlatform::Trying to set the existing hwdb with name Block_4EV_wrapper_16
TRACE::2022-11-18.09:27:51::SCWPlatform::Opened existing hwdb Block_4EV_wrapper_16
TRACE::2022-11-18.09:27:51::SCWPlatform::Found the Hw Db part of the input DSA
TRACE::2022-11-18.09:27:51::SCWMssOS::Checking the sw design at  C:/Users/SESA630813/work-2/4EV_HandsOn_platt/zynqmp_fsbl/zynqmp_fsbl_bsp/system.mss
TRACE::2022-11-18.09:27:51::SCWMssOS::DEBUG:  swdes dump  C:/Users/SESA630813/work-2/4EV_HandsOn_platt/zynqmp_fsbl/zynqmp_fsbl_bsp/system.mss|system||

TRACE::2022-11-18.09:27:51::SCWMssOS::Sw design exists and opened at  C:/Users/SESA630813/work-2/4EV_HandsOn_platt/zynqmp_fsbl/zynqmp_fsbl_bsp/system.mss
TRACE::2022-11-18.09:27:51::SCWMssOS:: library already available in sw design:  xilpm:3.5
TRACE::2022-11-18.09:27:51::SCWPlatform::Trying to open the hw design at C:/Users/SESA630813/work-2/4EV_HandsOn_platt/hw/Block_4EV_HandsOn.xsa
TRACE::2022-11-18.09:27:51::SCWPlatform::DSA given C:/Users/SESA630813/work-2/4EV_HandsOn_platt/hw/Block_4EV_HandsOn.xsa
TRACE::2022-11-18.09:27:51::SCWPlatform::DSA absoulate path C:/Users/SESA630813/work-2/4EV_HandsOn_platt/hw/Block_4EV_HandsOn.xsa
TRACE::2022-11-18.09:27:51::SCWPlatform::DSA directory C:/Users/SESA630813/work-2/4EV_HandsOn_platt/hw
TRACE::2022-11-18.09:27:51::SCWPlatform:: Platform Path C:/Users/SESA630813/work-2/4EV_HandsOn_platt/hw/Block_4EV_HandsOn.xsa
TRACE::2022-11-18.09:27:51::SCWPlatform:: Unique name xilinx:::0.0
TRACE::2022-11-18.09:27:51::SCWPlatform::Trying to set the existing hwdb with name Block_4EV_wrapper_16
TRACE::2022-11-18.09:27:51::SCWPlatform::Opened existing hwdb Block_4EV_wrapper_16
TRACE::2022-11-18.09:27:51::SCWPlatform::Found the Hw Db part of the input DSA
TRACE::2022-11-18.09:27:51::SCWMssOS::Checking the sw design at  C:/Users/SESA630813/work-2/4EV_HandsOn_platt/zynqmp_fsbl/zynqmp_fsbl_bsp/system.mss
TRACE::2022-11-18.09:27:51::SCWMssOS::DEBUG:  swdes dump  C:/Users/SESA630813/work-2/4EV_HandsOn_platt/zynqmp_fsbl/zynqmp_fsbl_bsp/system.mss|system||

TRACE::2022-11-18.09:27:51::SCWMssOS::Sw design exists and opened at  C:/Users/SESA630813/work-2/4EV_HandsOn_platt/zynqmp_fsbl/zynqmp_fsbl_bsp/system.mss
TRACE::2022-11-18.09:27:51::SCWPlatform::Trying to open the hw design at C:/Users/SESA630813/work-2/4EV_HandsOn_platt/hw/Block_4EV_HandsOn.xsa
TRACE::2022-11-18.09:27:51::SCWPlatform::DSA given C:/Users/SESA630813/work-2/4EV_HandsOn_platt/hw/Block_4EV_HandsOn.xsa
TRACE::2022-11-18.09:27:51::SCWPlatform::DSA absoulate path C:/Users/SESA630813/work-2/4EV_HandsOn_platt/hw/Block_4EV_HandsOn.xsa
TRACE::2022-11-18.09:27:51::SCWPlatform::DSA directory C:/Users/SESA630813/work-2/4EV_HandsOn_platt/hw
TRACE::2022-11-18.09:27:51::SCWPlatform:: Platform Path C:/Users/SESA630813/work-2/4EV_HandsOn_platt/hw/Block_4EV_HandsOn.xsa
TRACE::2022-11-18.09:27:51::SCWPlatform:: Unique name xilinx:::0.0
TRACE::2022-11-18.09:27:51::SCWPlatform::Trying to set the existing hwdb with name Block_4EV_wrapper_16
TRACE::2022-11-18.09:27:51::SCWPlatform::Opened existing hwdb Block_4EV_wrapper_16
TRACE::2022-11-18.09:27:51::SCWPlatform::Found the Hw Db part of the input DSA
TRACE::2022-11-18.09:27:51::SCWMssOS::Checking the sw design at  C:/Users/SESA630813/work-2/4EV_HandsOn_platt/zynqmp_fsbl/zynqmp_fsbl_bsp/system.mss
TRACE::2022-11-18.09:27:51::SCWMssOS::DEBUG:  swdes dump  C:/Users/SESA630813/work-2/4EV_HandsOn_platt/zynqmp_fsbl/zynqmp_fsbl_bsp/system.mss|system||

TRACE::2022-11-18.09:27:51::SCWMssOS::Sw design exists and opened at  C:/Users/SESA630813/work-2/4EV_HandsOn_platt/zynqmp_fsbl/zynqmp_fsbl_bsp/system.mss
TRACE::2022-11-18.09:27:51::SCWPlatform::Trying to open the hw design at C:/Users/SESA630813/work-2/4EV_HandsOn_platt/hw/Block_4EV_HandsOn.xsa
TRACE::2022-11-18.09:27:51::SCWPlatform::DSA given C:/Users/SESA630813/work-2/4EV_HandsOn_platt/hw/Block_4EV_HandsOn.xsa
TRACE::2022-11-18.09:27:51::SCWPlatform::DSA absoulate path C:/Users/SESA630813/work-2/4EV_HandsOn_platt/hw/Block_4EV_HandsOn.xsa
TRACE::2022-11-18.09:27:51::SCWPlatform::DSA directory C:/Users/SESA630813/work-2/4EV_HandsOn_platt/hw
TRACE::2022-11-18.09:27:51::SCWPlatform:: Platform Path C:/Users/SESA630813/work-2/4EV_HandsOn_platt/hw/Block_4EV_HandsOn.xsa
TRACE::2022-11-18.09:27:51::SCWPlatform:: Unique name xilinx:::0.0
TRACE::2022-11-18.09:27:51::SCWPlatform::Trying to set the existing hwdb with name Block_4EV_wrapper_16
TRACE::2022-11-18.09:27:51::SCWPlatform::Opened existing hwdb Block_4EV_wrapper_16
TRACE::2022-11-18.09:27:51::SCWPlatform::Found the Hw Db part of the input DSA
TRACE::2022-11-18.09:27:51::SCWMssOS::Checking the sw design at  C:/Users/SESA630813/work-2/4EV_HandsOn_platt/zynqmp_fsbl/zynqmp_fsbl_bsp/system.mss
TRACE::2022-11-18.09:27:51::SCWMssOS::DEBUG:  swdes dump  C:/Users/SESA630813/work-2/4EV_HandsOn_platt/zynqmp_fsbl/zynqmp_fsbl_bsp/system.mss|system||

TRACE::2022-11-18.09:27:51::SCWMssOS::Sw design exists and opened at  C:/Users/SESA630813/work-2/4EV_HandsOn_platt/zynqmp_fsbl/zynqmp_fsbl_bsp/system.mss
TRACE::2022-11-18.09:27:51::SCWPlatform::Trying to open the hw design at C:/Users/SESA630813/work-2/4EV_HandsOn_platt/hw/Block_4EV_HandsOn.xsa
TRACE::2022-11-18.09:27:51::SCWPlatform::DSA given C:/Users/SESA630813/work-2/4EV_HandsOn_platt/hw/Block_4EV_HandsOn.xsa
TRACE::2022-11-18.09:27:51::SCWPlatform::DSA absoulate path C:/Users/SESA630813/work-2/4EV_HandsOn_platt/hw/Block_4EV_HandsOn.xsa
TRACE::2022-11-18.09:27:51::SCWPlatform::DSA directory C:/Users/SESA630813/work-2/4EV_HandsOn_platt/hw
TRACE::2022-11-18.09:27:51::SCWPlatform:: Platform Path C:/Users/SESA630813/work-2/4EV_HandsOn_platt/hw/Block_4EV_HandsOn.xsa
TRACE::2022-11-18.09:27:51::SCWPlatform:: Unique name xilinx:::0.0
TRACE::2022-11-18.09:27:51::SCWPlatform::Trying to set the existing hwdb with name Block_4EV_wrapper_16
TRACE::2022-11-18.09:27:51::SCWPlatform::Opened existing hwdb Block_4EV_wrapper_16
TRACE::2022-11-18.09:27:51::SCWPlatform::Found the Hw Db part of the input DSA
TRACE::2022-11-18.09:27:51::SCWMssOS::Checking the sw design at  C:/Users/SESA630813/work-2/4EV_HandsOn_platt/zynqmp_fsbl/zynqmp_fsbl_bsp/system.mss
TRACE::2022-11-18.09:27:51::SCWMssOS::DEBUG:  swdes dump  C:/Users/SESA630813/work-2/4EV_HandsOn_platt/zynqmp_fsbl/zynqmp_fsbl_bsp/system.mss|system||

TRACE::2022-11-18.09:27:51::SCWMssOS::Sw design exists and opened at  C:/Users/SESA630813/work-2/4EV_HandsOn_platt/zynqmp_fsbl/zynqmp_fsbl_bsp/system.mss
TRACE::2022-11-18.09:27:51::SCWPlatform::Trying to open the hw design at C:/Users/SESA630813/work-2/4EV_HandsOn_platt/hw/Block_4EV_HandsOn.xsa
TRACE::2022-11-18.09:27:51::SCWPlatform::DSA given C:/Users/SESA630813/work-2/4EV_HandsOn_platt/hw/Block_4EV_HandsOn.xsa
TRACE::2022-11-18.09:27:51::SCWPlatform::DSA absoulate path C:/Users/SESA630813/work-2/4EV_HandsOn_platt/hw/Block_4EV_HandsOn.xsa
TRACE::2022-11-18.09:27:51::SCWPlatform::DSA directory C:/Users/SESA630813/work-2/4EV_HandsOn_platt/hw
TRACE::2022-11-18.09:27:51::SCWPlatform:: Platform Path C:/Users/SESA630813/work-2/4EV_HandsOn_platt/hw/Block_4EV_HandsOn.xsa
TRACE::2022-11-18.09:27:51::SCWPlatform:: Unique name xilinx:::0.0
TRACE::2022-11-18.09:27:51::SCWPlatform::Trying to set the existing hwdb with name Block_4EV_wrapper_16
TRACE::2022-11-18.09:27:51::SCWPlatform::Opened existing hwdb Block_4EV_wrapper_16
TRACE::2022-11-18.09:27:51::SCWPlatform::Found the Hw Db part of the input DSA
TRACE::2022-11-18.09:27:51::SCWMssOS::Checking the sw design at  C:/Users/SESA630813/work-2/4EV_HandsOn_platt/zynqmp_fsbl/zynqmp_fsbl_bsp/system.mss
TRACE::2022-11-18.09:27:51::SCWMssOS::DEBUG:  swdes dump  C:/Users/SESA630813/work-2/4EV_HandsOn_platt/zynqmp_fsbl/zynqmp_fsbl_bsp/system.mss|system||

TRACE::2022-11-18.09:27:51::SCWMssOS::Sw design exists and opened at  C:/Users/SESA630813/work-2/4EV_HandsOn_platt/zynqmp_fsbl/zynqmp_fsbl_bsp/system.mss
TRACE::2022-11-18.09:27:51::SCWPlatform::Trying to open the hw design at C:/Users/SESA630813/work-2/4EV_HandsOn_platt/hw/Block_4EV_HandsOn.xsa
TRACE::2022-11-18.09:27:51::SCWPlatform::DSA given C:/Users/SESA630813/work-2/4EV_HandsOn_platt/hw/Block_4EV_HandsOn.xsa
TRACE::2022-11-18.09:27:51::SCWPlatform::DSA absoulate path C:/Users/SESA630813/work-2/4EV_HandsOn_platt/hw/Block_4EV_HandsOn.xsa
TRACE::2022-11-18.09:27:51::SCWPlatform::DSA directory C:/Users/SESA630813/work-2/4EV_HandsOn_platt/hw
TRACE::2022-11-18.09:27:51::SCWPlatform:: Platform Path C:/Users/SESA630813/work-2/4EV_HandsOn_platt/hw/Block_4EV_HandsOn.xsa
TRACE::2022-11-18.09:27:51::SCWPlatform:: Unique name xilinx:::0.0
TRACE::2022-11-18.09:27:51::SCWPlatform::Trying to set the existing hwdb with name Block_4EV_wrapper_16
TRACE::2022-11-18.09:27:51::SCWPlatform::Opened existing hwdb Block_4EV_wrapper_16
TRACE::2022-11-18.09:27:51::SCWPlatform::Found the Hw Db part of the input DSA
TRACE::2022-11-18.09:27:51::SCWMssOS::Checking the sw design at  C:/Users/SESA630813/work-2/4EV_HandsOn_platt/zynqmp_fsbl/zynqmp_fsbl_bsp/system.mss
TRACE::2022-11-18.09:27:51::SCWMssOS::DEBUG:  swdes dump  C:/Users/SESA630813/work-2/4EV_HandsOn_platt/zynqmp_fsbl/zynqmp_fsbl_bsp/system.mss|system||

TRACE::2022-11-18.09:27:51::SCWMssOS::Sw design exists and opened at  C:/Users/SESA630813/work-2/4EV_HandsOn_platt/zynqmp_fsbl/zynqmp_fsbl_bsp/system.mss
TRACE::2022-11-18.09:27:51::SCWPlatform::Trying to open the hw design at C:/Users/SESA630813/work-2/4EV_HandsOn_platt/hw/Block_4EV_HandsOn.xsa
TRACE::2022-11-18.09:27:51::SCWPlatform::DSA given C:/Users/SESA630813/work-2/4EV_HandsOn_platt/hw/Block_4EV_HandsOn.xsa
TRACE::2022-11-18.09:27:51::SCWPlatform::DSA absoulate path C:/Users/SESA630813/work-2/4EV_HandsOn_platt/hw/Block_4EV_HandsOn.xsa
TRACE::2022-11-18.09:27:51::SCWPlatform::DSA directory C:/Users/SESA630813/work-2/4EV_HandsOn_platt/hw
TRACE::2022-11-18.09:27:51::SCWPlatform:: Platform Path C:/Users/SESA630813/work-2/4EV_HandsOn_platt/hw/Block_4EV_HandsOn.xsa
TRACE::2022-11-18.09:27:51::SCWPlatform:: Unique name xilinx:::0.0
TRACE::2022-11-18.09:27:51::SCWPlatform::Trying to set the existing hwdb with name Block_4EV_wrapper_16
TRACE::2022-11-18.09:27:51::SCWPlatform::Opened existing hwdb Block_4EV_wrapper_16
TRACE::2022-11-18.09:27:51::SCWPlatform::Found the Hw Db part of the input DSA
TRACE::2022-11-18.09:27:51::SCWMssOS::Checking the sw design at  C:/Users/SESA630813/work-2/4EV_HandsOn_platt/zynqmp_fsbl/zynqmp_fsbl_bsp/system.mss
TRACE::2022-11-18.09:27:51::SCWMssOS::DEBUG:  swdes dump  C:/Users/SESA630813/work-2/4EV_HandsOn_platt/zynqmp_fsbl/zynqmp_fsbl_bsp/system.mss|system||

TRACE::2022-11-18.09:27:51::SCWMssOS::Sw design exists and opened at  C:/Users/SESA630813/work-2/4EV_HandsOn_platt/zynqmp_fsbl/zynqmp_fsbl_bsp/system.mss
TRACE::2022-11-18.09:27:51::SCWPlatform::Trying to open the hw design at C:/Users/SESA630813/work-2/4EV_HandsOn_platt/hw/Block_4EV_HandsOn.xsa
TRACE::2022-11-18.09:27:51::SCWPlatform::DSA given C:/Users/SESA630813/work-2/4EV_HandsOn_platt/hw/Block_4EV_HandsOn.xsa
TRACE::2022-11-18.09:27:51::SCWPlatform::DSA absoulate path C:/Users/SESA630813/work-2/4EV_HandsOn_platt/hw/Block_4EV_HandsOn.xsa
TRACE::2022-11-18.09:27:51::SCWPlatform::DSA directory C:/Users/SESA630813/work-2/4EV_HandsOn_platt/hw
TRACE::2022-11-18.09:27:51::SCWPlatform:: Platform Path C:/Users/SESA630813/work-2/4EV_HandsOn_platt/hw/Block_4EV_HandsOn.xsa
TRACE::2022-11-18.09:27:51::SCWPlatform:: Unique name xilinx:::0.0
TRACE::2022-11-18.09:27:51::SCWPlatform::Trying to set the existing hwdb with name Block_4EV_wrapper_16
TRACE::2022-11-18.09:27:51::SCWPlatform::Opened existing hwdb Block_4EV_wrapper_16
TRACE::2022-11-18.09:27:51::SCWPlatform::Found the Hw Db part of the input DSA
TRACE::2022-11-18.09:27:51::SCWMssOS::Checking the sw design at  C:/Users/SESA630813/work-2/4EV_HandsOn_platt/zynqmp_fsbl/zynqmp_fsbl_bsp/system.mss
TRACE::2022-11-18.09:27:51::SCWMssOS::DEBUG:  swdes dump  C:/Users/SESA630813/work-2/4EV_HandsOn_platt/zynqmp_fsbl/zynqmp_fsbl_bsp/system.mss|system||

TRACE::2022-11-18.09:27:51::SCWMssOS::Sw design exists and opened at  C:/Users/SESA630813/work-2/4EV_HandsOn_platt/zynqmp_fsbl/zynqmp_fsbl_bsp/system.mss
TRACE::2022-11-18.09:27:51::SCWMssOS::Saving the mss changes C:/Users/SESA630813/work-2/4EV_HandsOn_platt/zynqmp_fsbl/zynqmp_fsbl_bsp/system.mss
TRACE::2022-11-18.09:27:51::SCWMssOS::Found a swdesign opened with the mssfile.
TRACE::2022-11-18.09:27:51::SCWMssOS::Completed writemss as part of save.
TRACE::2022-11-18.09:27:51::SCWMssOS::Commit changes completed.
TRACE::2022-11-18.09:27:51::SCWReader::Adding prebuilt librarypaths as   
TRACE::2022-11-18.09:27:51::SCWReader::Adding prebuilt incpaths  as   
TRACE::2022-11-18.09:27:51::SCWPlatform::Trying to open the hw design at C:/Users/SESA630813/work-2/4EV_HandsOn_platt/hw/Block_4EV_HandsOn.xsa
TRACE::2022-11-18.09:27:51::SCWPlatform::DSA given C:/Users/SESA630813/work-2/4EV_HandsOn_platt/hw/Block_4EV_HandsOn.xsa
TRACE::2022-11-18.09:27:51::SCWPlatform::DSA absoulate path C:/Users/SESA630813/work-2/4EV_HandsOn_platt/hw/Block_4EV_HandsOn.xsa
TRACE::2022-11-18.09:27:51::SCWPlatform::DSA directory C:/Users/SESA630813/work-2/4EV_HandsOn_platt/hw
TRACE::2022-11-18.09:27:51::SCWPlatform:: Platform Path C:/Users/SESA630813/work-2/4EV_HandsOn_platt/hw/Block_4EV_HandsOn.xsa
TRACE::2022-11-18.09:27:51::SCWPlatform:: Unique name xilinx:::0.0
TRACE::2022-11-18.09:27:51::SCWPlatform::Trying to set the existing hwdb with name Block_4EV_wrapper_16
TRACE::2022-11-18.09:27:51::SCWPlatform::Opened existing hwdb Block_4EV_wrapper_16
TRACE::2022-11-18.09:27:51::SCWPlatform::Found the Hw Db part of the input DSA
TRACE::2022-11-18.09:27:51::SCWMssOS::Checking the sw design at  C:/Users/SESA630813/work-2/4EV_HandsOn_platt/zynqmp_fsbl/zynqmp_fsbl_bsp/system.mss
TRACE::2022-11-18.09:27:51::SCWMssOS::DEBUG:  swdes dump  C:/Users/SESA630813/work-2/4EV_HandsOn_platt/zynqmp_fsbl/zynqmp_fsbl_bsp/system.mss|system||

TRACE::2022-11-18.09:27:51::SCWMssOS::Sw design exists and opened at  C:/Users/SESA630813/work-2/4EV_HandsOn_platt/zynqmp_fsbl/zynqmp_fsbl_bsp/system.mss
TRACE::2022-11-18.09:27:51::SCWReader::No isolation master present  
TRACE::2022-11-18.09:27:51::SCWDomain::checking for install qemu data   : 
TRACE::2022-11-18.09:27:51::SCWDomain:: Using the QEMU Data from install at  : C:/Xilinx3/Vitis/2021.2/data/emulation/platforms/zynqmp/sw/a53_standalone/qemu/
TRACE::2022-11-18.09:27:51::SCWDomain:: Using the QEMU args  from install at  : C:/Xilinx3/Vitis/2021.2/data/emulation/platforms/zynqmp/sw/a53_standalone/qemu/qemu_args.txt
TRACE::2022-11-18.09:27:51::SCWDomain:: Using the PMUQEMU args from install at  : C:/Xilinx3/Vitis/2021.2/data/emulation/platforms/zynqmp/sw/a53_standalone/qemu/pmu_args.txt
TRACE::2022-11-18.09:27:51::SCWPlatform::Trying to open the hw design at C:/Users/SESA630813/work-2/4EV_HandsOn_platt/hw/Block_4EV_HandsOn.xsa
TRACE::2022-11-18.09:27:51::SCWPlatform::DSA given C:/Users/SESA630813/work-2/4EV_HandsOn_platt/hw/Block_4EV_HandsOn.xsa
TRACE::2022-11-18.09:27:51::SCWPlatform::DSA absoulate path C:/Users/SESA630813/work-2/4EV_HandsOn_platt/hw/Block_4EV_HandsOn.xsa
TRACE::2022-11-18.09:27:51::SCWPlatform::DSA directory C:/Users/SESA630813/work-2/4EV_HandsOn_platt/hw
TRACE::2022-11-18.09:27:51::SCWPlatform:: Platform Path C:/Users/SESA630813/work-2/4EV_HandsOn_platt/hw/Block_4EV_HandsOn.xsa
TRACE::2022-11-18.09:27:51::SCWPlatform:: Unique name xilinx:::0.0
TRACE::2022-11-18.09:27:51::SCWPlatform::Trying to set the existing hwdb with name Block_4EV_wrapper_16
TRACE::2022-11-18.09:27:51::SCWPlatform::Opened existing hwdb Block_4EV_wrapper_16
TRACE::2022-11-18.09:27:51::SCWPlatform::Found the Hw Db part of the input DSA
TRACE::2022-11-18.09:27:51::SCWReader::Boot application domain added for zynqmp_pmufw
TRACE::2022-11-18.09:27:51::SCWPlatform::Trying to open the hw design at C:/Users/SESA630813/work-2/4EV_HandsOn_platt/hw/Block_4EV_HandsOn.xsa
TRACE::2022-11-18.09:27:51::SCWPlatform::DSA given C:/Users/SESA630813/work-2/4EV_HandsOn_platt/hw/Block_4EV_HandsOn.xsa
TRACE::2022-11-18.09:27:51::SCWPlatform::DSA absoulate path C:/Users/SESA630813/work-2/4EV_HandsOn_platt/hw/Block_4EV_HandsOn.xsa
TRACE::2022-11-18.09:27:51::SCWPlatform::DSA directory C:/Users/SESA630813/work-2/4EV_HandsOn_platt/hw
TRACE::2022-11-18.09:27:51::SCWPlatform:: Platform Path C:/Users/SESA630813/work-2/4EV_HandsOn_platt/hw/Block_4EV_HandsOn.xsa
TRACE::2022-11-18.09:27:51::SCWPlatform:: Unique name xilinx:::0.0
TRACE::2022-11-18.09:27:51::SCWPlatform::Trying to set the existing hwdb with name Block_4EV_wrapper_16
TRACE::2022-11-18.09:27:51::SCWPlatform::Opened existing hwdb Block_4EV_wrapper_16
TRACE::2022-11-18.09:27:51::SCWPlatform::Found the Hw Db part of the input DSA
TRACE::2022-11-18.09:27:51::SCWMssOS::Checking the sw design at  C:/Users/SESA630813/work-2/4EV_HandsOn_platt/zynqmp_pmufw/zynqmp_pmufw_bsp/system.mss
TRACE::2022-11-18.09:27:51::SCWMssOS::DEBUG:  swdes dump  C:/Users/SESA630813/work-2/4EV_HandsOn_platt/zynqmp_fsbl/zynqmp_fsbl_bsp/system.mss|system||

TRACE::2022-11-18.09:27:51::SCWMssOS::No sw design opened at  C:/Users/SESA630813/work-2/4EV_HandsOn_platt/zynqmp_pmufw/zynqmp_pmufw_bsp/system.mss
TRACE::2022-11-18.09:27:51::SCWMssOS::mss exists loading the mss file  C:/Users/SESA630813/work-2/4EV_HandsOn_platt/zynqmp_pmufw/zynqmp_pmufw_bsp/system.mss
TRACE::2022-11-18.09:27:51::SCWMssOS::Opened the sw design from mss  C:/Users/SESA630813/work-2/4EV_HandsOn_platt/zynqmp_pmufw/zynqmp_pmufw_bsp/system.mss
TRACE::2022-11-18.09:27:51::SCWMssOS::Adding the swdes entry C:/Users/SESA630813/work-2/4EV_HandsOn_platt/zynqmp_pmufw/zynqmp_pmufw_bsp/system.mss with des name system_0
TRACE::2022-11-18.09:27:51::SCWMssOS::updating the scw layer about changes
TRACE::2022-11-18.09:27:51::SCWMssOS::Opened the sw design.  C:/Users/SESA630813/work-2/4EV_HandsOn_platt/zynqmp_pmufw/zynqmp_pmufw_bsp/system.mss
TRACE::2022-11-18.09:27:51::SCWPlatform::Trying to open the hw design at C:/Users/SESA630813/work-2/4EV_HandsOn_platt/hw/Block_4EV_HandsOn.xsa
TRACE::2022-11-18.09:27:51::SCWPlatform::DSA given C:/Users/SESA630813/work-2/4EV_HandsOn_platt/hw/Block_4EV_HandsOn.xsa
TRACE::2022-11-18.09:27:51::SCWPlatform::DSA absoulate path C:/Users/SESA630813/work-2/4EV_HandsOn_platt/hw/Block_4EV_HandsOn.xsa
TRACE::2022-11-18.09:27:51::SCWPlatform::DSA directory C:/Users/SESA630813/work-2/4EV_HandsOn_platt/hw
TRACE::2022-11-18.09:27:51::SCWPlatform:: Platform Path C:/Users/SESA630813/work-2/4EV_HandsOn_platt/hw/Block_4EV_HandsOn.xsa
TRACE::2022-11-18.09:27:51::SCWPlatform:: Unique name xilinx:::0.0
TRACE::2022-11-18.09:27:51::SCWPlatform::Trying to set the existing hwdb with name Block_4EV_wrapper_16
TRACE::2022-11-18.09:27:51::SCWPlatform::Opened existing hwdb Block_4EV_wrapper_16
TRACE::2022-11-18.09:27:51::SCWPlatform::Found the Hw Db part of the input DSA
TRACE::2022-11-18.09:27:51::SCWMssOS::Checking the sw design at  C:/Users/SESA630813/work-2/4EV_HandsOn_platt/zynqmp_pmufw/zynqmp_pmufw_bsp/system.mss
TRACE::2022-11-18.09:27:51::SCWMssOS::DEBUG:  swdes dump  C:/Users/SESA630813/work-2/4EV_HandsOn_platt/zynqmp_fsbl/zynqmp_fsbl_bsp/system.mss|system||
C:/Users/SESA630813/work-2/4EV_HandsOn_platt/zynqmp_pmufw/zynqmp_pmufw_bsp/system.mss|system_0||

TRACE::2022-11-18.09:27:51::SCWMssOS::Sw design exists and opened at  C:/Users/SESA630813/work-2/4EV_HandsOn_platt/zynqmp_pmufw/zynqmp_pmufw_bsp/system.mss
TRACE::2022-11-18.09:27:51::SCWMssOS:: library already available in sw design:  xilfpga:6.1
TRACE::2022-11-18.09:27:51::SCWPlatform::Trying to open the hw design at C:/Users/SESA630813/work-2/4EV_HandsOn_platt/hw/Block_4EV_HandsOn.xsa
TRACE::2022-11-18.09:27:51::SCWPlatform::DSA given C:/Users/SESA630813/work-2/4EV_HandsOn_platt/hw/Block_4EV_HandsOn.xsa
TRACE::2022-11-18.09:27:51::SCWPlatform::DSA absoulate path C:/Users/SESA630813/work-2/4EV_HandsOn_platt/hw/Block_4EV_HandsOn.xsa
TRACE::2022-11-18.09:27:51::SCWPlatform::DSA directory C:/Users/SESA630813/work-2/4EV_HandsOn_platt/hw
TRACE::2022-11-18.09:27:51::SCWPlatform:: Platform Path C:/Users/SESA630813/work-2/4EV_HandsOn_platt/hw/Block_4EV_HandsOn.xsa
TRACE::2022-11-18.09:27:51::SCWPlatform:: Unique name xilinx:::0.0
TRACE::2022-11-18.09:27:51::SCWPlatform::Trying to set the existing hwdb with name Block_4EV_wrapper_16
TRACE::2022-11-18.09:27:51::SCWPlatform::Opened existing hwdb Block_4EV_wrapper_16
TRACE::2022-11-18.09:27:51::SCWPlatform::Found the Hw Db part of the input DSA
TRACE::2022-11-18.09:27:51::SCWMssOS::Checking the sw design at  C:/Users/SESA630813/work-2/4EV_HandsOn_platt/zynqmp_pmufw/zynqmp_pmufw_bsp/system.mss
TRACE::2022-11-18.09:27:51::SCWMssOS::DEBUG:  swdes dump  C:/Users/SESA630813/work-2/4EV_HandsOn_platt/zynqmp_fsbl/zynqmp_fsbl_bsp/system.mss|system||
C:/Users/SESA630813/work-2/4EV_HandsOn_platt/zynqmp_pmufw/zynqmp_pmufw_bsp/system.mss|system_0||

TRACE::2022-11-18.09:27:51::SCWMssOS::Sw design exists and opened at  C:/Users/SESA630813/work-2/4EV_HandsOn_platt/zynqmp_pmufw/zynqmp_pmufw_bsp/system.mss
TRACE::2022-11-18.09:27:51::SCWMssOS:: library already available in sw design:  xilsecure:4.6
TRACE::2022-11-18.09:27:51::SCWPlatform::Trying to open the hw design at C:/Users/SESA630813/work-2/4EV_HandsOn_platt/hw/Block_4EV_HandsOn.xsa
TRACE::2022-11-18.09:27:51::SCWPlatform::DSA given C:/Users/SESA630813/work-2/4EV_HandsOn_platt/hw/Block_4EV_HandsOn.xsa
TRACE::2022-11-18.09:27:51::SCWPlatform::DSA absoulate path C:/Users/SESA630813/work-2/4EV_HandsOn_platt/hw/Block_4EV_HandsOn.xsa
TRACE::2022-11-18.09:27:51::SCWPlatform::DSA directory C:/Users/SESA630813/work-2/4EV_HandsOn_platt/hw
TRACE::2022-11-18.09:27:51::SCWPlatform:: Platform Path C:/Users/SESA630813/work-2/4EV_HandsOn_platt/hw/Block_4EV_HandsOn.xsa
TRACE::2022-11-18.09:27:51::SCWPlatform:: Unique name xilinx:::0.0
TRACE::2022-11-18.09:27:51::SCWPlatform::Trying to set the existing hwdb with name Block_4EV_wrapper_16
TRACE::2022-11-18.09:27:51::SCWPlatform::Opened existing hwdb Block_4EV_wrapper_16
TRACE::2022-11-18.09:27:51::SCWPlatform::Found the Hw Db part of the input DSA
TRACE::2022-11-18.09:27:51::SCWMssOS::Checking the sw design at  C:/Users/SESA630813/work-2/4EV_HandsOn_platt/zynqmp_pmufw/zynqmp_pmufw_bsp/system.mss
TRACE::2022-11-18.09:27:51::SCWMssOS::DEBUG:  swdes dump  C:/Users/SESA630813/work-2/4EV_HandsOn_platt/zynqmp_fsbl/zynqmp_fsbl_bsp/system.mss|system||
C:/Users/SESA630813/work-2/4EV_HandsOn_platt/zynqmp_pmufw/zynqmp_pmufw_bsp/system.mss|system_0||

TRACE::2022-11-18.09:27:51::SCWMssOS::Sw design exists and opened at  C:/Users/SESA630813/work-2/4EV_HandsOn_platt/zynqmp_pmufw/zynqmp_pmufw_bsp/system.mss
TRACE::2022-11-18.09:27:51::SCWMssOS:: library already available in sw design:  xilskey:7.2
TRACE::2022-11-18.09:27:51::SCWPlatform::Trying to open the hw design at C:/Users/SESA630813/work-2/4EV_HandsOn_platt/hw/Block_4EV_HandsOn.xsa
TRACE::2022-11-18.09:27:51::SCWPlatform::DSA given C:/Users/SESA630813/work-2/4EV_HandsOn_platt/hw/Block_4EV_HandsOn.xsa
TRACE::2022-11-18.09:27:51::SCWPlatform::DSA absoulate path C:/Users/SESA630813/work-2/4EV_HandsOn_platt/hw/Block_4EV_HandsOn.xsa
TRACE::2022-11-18.09:27:51::SCWPlatform::DSA directory C:/Users/SESA630813/work-2/4EV_HandsOn_platt/hw
TRACE::2022-11-18.09:27:51::SCWPlatform:: Platform Path C:/Users/SESA630813/work-2/4EV_HandsOn_platt/hw/Block_4EV_HandsOn.xsa
TRACE::2022-11-18.09:27:51::SCWPlatform:: Unique name xilinx:::0.0
TRACE::2022-11-18.09:27:51::SCWPlatform::Trying to set the existing hwdb with name Block_4EV_wrapper_16
TRACE::2022-11-18.09:27:51::SCWPlatform::Opened existing hwdb Block_4EV_wrapper_16
TRACE::2022-11-18.09:27:51::SCWPlatform::Found the Hw Db part of the input DSA
TRACE::2022-11-18.09:27:51::SCWMssOS::Checking the sw design at  C:/Users/SESA630813/work-2/4EV_HandsOn_platt/zynqmp_pmufw/zynqmp_pmufw_bsp/system.mss
TRACE::2022-11-18.09:27:51::SCWMssOS::DEBUG:  swdes dump  C:/Users/SESA630813/work-2/4EV_HandsOn_platt/zynqmp_fsbl/zynqmp_fsbl_bsp/system.mss|system||
C:/Users/SESA630813/work-2/4EV_HandsOn_platt/zynqmp_pmufw/zynqmp_pmufw_bsp/system.mss|system_0||

TRACE::2022-11-18.09:27:51::SCWMssOS::Sw design exists and opened at  C:/Users/SESA630813/work-2/4EV_HandsOn_platt/zynqmp_pmufw/zynqmp_pmufw_bsp/system.mss
TRACE::2022-11-18.09:27:51::SCWPlatform::Trying to open the hw design at C:/Users/SESA630813/work-2/4EV_HandsOn_platt/hw/Block_4EV_HandsOn.xsa
TRACE::2022-11-18.09:27:51::SCWPlatform::DSA given C:/Users/SESA630813/work-2/4EV_HandsOn_platt/hw/Block_4EV_HandsOn.xsa
TRACE::2022-11-18.09:27:51::SCWPlatform::DSA absoulate path C:/Users/SESA630813/work-2/4EV_HandsOn_platt/hw/Block_4EV_HandsOn.xsa
TRACE::2022-11-18.09:27:51::SCWPlatform::DSA directory C:/Users/SESA630813/work-2/4EV_HandsOn_platt/hw
TRACE::2022-11-18.09:27:51::SCWPlatform:: Platform Path C:/Users/SESA630813/work-2/4EV_HandsOn_platt/hw/Block_4EV_HandsOn.xsa
TRACE::2022-11-18.09:27:51::SCWPlatform:: Unique name xilinx:::0.0
TRACE::2022-11-18.09:27:51::SCWPlatform::Trying to set the existing hwdb with name Block_4EV_wrapper_16
TRACE::2022-11-18.09:27:51::SCWPlatform::Opened existing hwdb Block_4EV_wrapper_16
TRACE::2022-11-18.09:27:51::SCWPlatform::Found the Hw Db part of the input DSA
TRACE::2022-11-18.09:27:51::SCWMssOS::Checking the sw design at  C:/Users/SESA630813/work-2/4EV_HandsOn_platt/zynqmp_pmufw/zynqmp_pmufw_bsp/system.mss
TRACE::2022-11-18.09:27:51::SCWMssOS::DEBUG:  swdes dump  C:/Users/SESA630813/work-2/4EV_HandsOn_platt/zynqmp_fsbl/zynqmp_fsbl_bsp/system.mss|system||
C:/Users/SESA630813/work-2/4EV_HandsOn_platt/zynqmp_pmufw/zynqmp_pmufw_bsp/system.mss|system_0||

TRACE::2022-11-18.09:27:51::SCWMssOS::Sw design exists and opened at  C:/Users/SESA630813/work-2/4EV_HandsOn_platt/zynqmp_pmufw/zynqmp_pmufw_bsp/system.mss
TRACE::2022-11-18.09:27:51::SCWMssOS::Saving the mss changes C:/Users/SESA630813/work-2/4EV_HandsOn_platt/zynqmp_pmufw/zynqmp_pmufw_bsp/system.mss
TRACE::2022-11-18.09:27:51::SCWMssOS::Found a swdesign opened with the mssfile.
TRACE::2022-11-18.09:27:51::SCWMssOS::Completed writemss as part of save.
TRACE::2022-11-18.09:27:51::SCWMssOS::Commit changes completed.
TRACE::2022-11-18.09:27:51::SCWReader::Adding prebuilt librarypaths as   
TRACE::2022-11-18.09:27:51::SCWReader::Adding prebuilt incpaths  as   
TRACE::2022-11-18.09:27:51::SCWPlatform::Trying to open the hw design at C:/Users/SESA630813/work-2/4EV_HandsOn_platt/hw/Block_4EV_HandsOn.xsa
TRACE::2022-11-18.09:27:51::SCWPlatform::DSA given C:/Users/SESA630813/work-2/4EV_HandsOn_platt/hw/Block_4EV_HandsOn.xsa
TRACE::2022-11-18.09:27:51::SCWPlatform::DSA absoulate path C:/Users/SESA630813/work-2/4EV_HandsOn_platt/hw/Block_4EV_HandsOn.xsa
TRACE::2022-11-18.09:27:51::SCWPlatform::DSA directory C:/Users/SESA630813/work-2/4EV_HandsOn_platt/hw
TRACE::2022-11-18.09:27:51::SCWPlatform:: Platform Path C:/Users/SESA630813/work-2/4EV_HandsOn_platt/hw/Block_4EV_HandsOn.xsa
TRACE::2022-11-18.09:27:51::SCWPlatform:: Unique name xilinx:::0.0
TRACE::2022-11-18.09:27:51::SCWPlatform::Trying to set the existing hwdb with name Block_4EV_wrapper_16
TRACE::2022-11-18.09:27:51::SCWPlatform::Opened existing hwdb Block_4EV_wrapper_16
TRACE::2022-11-18.09:27:51::SCWPlatform::Found the Hw Db part of the input DSA
TRACE::2022-11-18.09:27:51::SCWMssOS::Checking the sw design at  C:/Users/SESA630813/work-2/4EV_HandsOn_platt/zynqmp_pmufw/zynqmp_pmufw_bsp/system.mss
TRACE::2022-11-18.09:27:51::SCWMssOS::DEBUG:  swdes dump  C:/Users/SESA630813/work-2/4EV_HandsOn_platt/zynqmp_fsbl/zynqmp_fsbl_bsp/system.mss|system||
C:/Users/SESA630813/work-2/4EV_HandsOn_platt/zynqmp_pmufw/zynqmp_pmufw_bsp/system.mss|system_0||

TRACE::2022-11-18.09:27:51::SCWMssOS::Sw design exists and opened at  C:/Users/SESA630813/work-2/4EV_HandsOn_platt/zynqmp_pmufw/zynqmp_pmufw_bsp/system.mss
TRACE::2022-11-18.09:27:51::SCWReader::No isolation master present  
TRACE::2022-11-18.09:27:51::SCWDomain::checking for install qemu data   : 
TRACE::2022-11-18.09:27:51::SCWDomain:: Using the QEMU Data from install at  : C:/Xilinx3/Vitis/2021.2/data/emulation/platforms/zynqmp/sw/a53_standalone/qemu/
TRACE::2022-11-18.09:27:51::SCWDomain:: Using the QEMU args  from install at  : C:/Xilinx3/Vitis/2021.2/data/emulation/platforms/zynqmp/sw/a53_standalone/qemu/qemu_args.txt
TRACE::2022-11-18.09:27:51::SCWDomain:: Using the PMUQEMU args from install at  : C:/Xilinx3/Vitis/2021.2/data/emulation/platforms/zynqmp/sw/a53_standalone/qemu/pmu_args.txt
TRACE::2022-11-18.09:27:51::SCWPlatform::Trying to open the hw design at C:/Users/SESA630813/work-2/4EV_HandsOn_platt/hw/Block_4EV_HandsOn.xsa
TRACE::2022-11-18.09:27:51::SCWPlatform::DSA given C:/Users/SESA630813/work-2/4EV_HandsOn_platt/hw/Block_4EV_HandsOn.xsa
TRACE::2022-11-18.09:27:51::SCWPlatform::DSA absoulate path C:/Users/SESA630813/work-2/4EV_HandsOn_platt/hw/Block_4EV_HandsOn.xsa
TRACE::2022-11-18.09:27:51::SCWPlatform::DSA directory C:/Users/SESA630813/work-2/4EV_HandsOn_platt/hw
TRACE::2022-11-18.09:27:51::SCWPlatform:: Platform Path C:/Users/SESA630813/work-2/4EV_HandsOn_platt/hw/Block_4EV_HandsOn.xsa
TRACE::2022-11-18.09:27:51::SCWPlatform:: Unique name xilinx:::0.0
TRACE::2022-11-18.09:27:51::SCWPlatform::Trying to set the existing hwdb with name Block_4EV_wrapper_16
TRACE::2022-11-18.09:27:51::SCWPlatform::Opened existing hwdb Block_4EV_wrapper_16
TRACE::2022-11-18.09:27:51::SCWPlatform::Found the Hw Db part of the input DSA
TRACE::2022-11-18.09:27:51::SCWPlatform::Trying to open the hw design at C:/Users/SESA630813/work-2/4EV_HandsOn_platt/hw/Block_4EV_HandsOn.xsa
TRACE::2022-11-18.09:27:51::SCWPlatform::DSA given C:/Users/SESA630813/work-2/4EV_HandsOn_platt/hw/Block_4EV_HandsOn.xsa
TRACE::2022-11-18.09:27:51::SCWPlatform::DSA absoulate path C:/Users/SESA630813/work-2/4EV_HandsOn_platt/hw/Block_4EV_HandsOn.xsa
TRACE::2022-11-18.09:27:51::SCWPlatform::DSA directory C:/Users/SESA630813/work-2/4EV_HandsOn_platt/hw
TRACE::2022-11-18.09:27:51::SCWPlatform:: Platform Path C:/Users/SESA630813/work-2/4EV_HandsOn_platt/hw/Block_4EV_HandsOn.xsa
TRACE::2022-11-18.09:27:51::SCWPlatform:: Unique name xilinx:::0.0
TRACE::2022-11-18.09:27:51::SCWPlatform::Trying to set the existing hwdb with name Block_4EV_wrapper_16
TRACE::2022-11-18.09:27:51::SCWPlatform::Opened existing hwdb Block_4EV_wrapper_16
TRACE::2022-11-18.09:27:51::SCWPlatform::Found the Hw Db part of the input DSA
TRACE::2022-11-18.09:27:51::SCWPlatform::Trying to open the hw design at C:/Users/SESA630813/work-2/4EV_HandsOn_platt/hw/Block_4EV_HandsOn.xsa
TRACE::2022-11-18.09:27:51::SCWPlatform::DSA given C:/Users/SESA630813/work-2/4EV_HandsOn_platt/hw/Block_4EV_HandsOn.xsa
TRACE::2022-11-18.09:27:51::SCWPlatform::DSA absoulate path C:/Users/SESA630813/work-2/4EV_HandsOn_platt/hw/Block_4EV_HandsOn.xsa
TRACE::2022-11-18.09:27:51::SCWPlatform::DSA directory C:/Users/SESA630813/work-2/4EV_HandsOn_platt/hw
TRACE::2022-11-18.09:27:51::SCWPlatform:: Platform Path C:/Users/SESA630813/work-2/4EV_HandsOn_platt/hw/Block_4EV_HandsOn.xsa
TRACE::2022-11-18.09:27:51::SCWPlatform:: Unique name xilinx:::0.0
TRACE::2022-11-18.09:27:51::SCWPlatform::Trying to set the existing hwdb with name Block_4EV_wrapper_16
TRACE::2022-11-18.09:27:51::SCWPlatform::Opened existing hwdb Block_4EV_wrapper_16
TRACE::2022-11-18.09:27:51::SCWPlatform::Found the Hw Db part of the input DSA
TRACE::2022-11-18.09:27:51::SCWMssOS::Checking the sw design at  C:/Users/SESA630813/work-2/4EV_HandsOn_platt/psu_cortexa53_0/standalone_domain/bsp/system.mss
TRACE::2022-11-18.09:27:51::SCWMssOS::DEBUG:  swdes dump  C:/Users/SESA630813/work-2/4EV_HandsOn_platt/zynqmp_fsbl/zynqmp_fsbl_bsp/system.mss|system||
C:/Users/SESA630813/work-2/4EV_HandsOn_platt/zynqmp_pmufw/zynqmp_pmufw_bsp/system.mss|system_0||

TRACE::2022-11-18.09:27:51::SCWMssOS::No sw design opened at  C:/Users/SESA630813/work-2/4EV_HandsOn_platt/psu_cortexa53_0/standalone_domain/bsp/system.mss
TRACE::2022-11-18.09:27:51::SCWMssOS::mss exists loading the mss file  C:/Users/SESA630813/work-2/4EV_HandsOn_platt/psu_cortexa53_0/standalone_domain/bsp/system.mss
TRACE::2022-11-18.09:27:51::SCWMssOS::Opened the sw design from mss  C:/Users/SESA630813/work-2/4EV_HandsOn_platt/psu_cortexa53_0/standalone_domain/bsp/system.mss
TRACE::2022-11-18.09:27:51::SCWMssOS::Adding the swdes entry C:/Users/SESA630813/work-2/4EV_HandsOn_platt/psu_cortexa53_0/standalone_domain/bsp/system.mss with des name system_1
TRACE::2022-11-18.09:27:51::SCWMssOS::updating the scw layer about changes
TRACE::2022-11-18.09:27:51::SCWMssOS::Opened the sw design.  C:/Users/SESA630813/work-2/4EV_HandsOn_platt/psu_cortexa53_0/standalone_domain/bsp/system.mss
TRACE::2022-11-18.09:27:51::SCWMssOS::Saving the mss changes C:/Users/SESA630813/work-2/4EV_HandsOn_platt/psu_cortexa53_0/standalone_domain/bsp/system.mss
TRACE::2022-11-18.09:27:51::SCWMssOS::Found a swdesign opened with the mssfile.
TRACE::2022-11-18.09:27:51::SCWMssOS::Completed writemss as part of save.
TRACE::2022-11-18.09:27:51::SCWMssOS::Commit changes completed.
TRACE::2022-11-18.09:27:51::SCWReader::Adding prebuilt librarypaths as   
TRACE::2022-11-18.09:27:51::SCWReader::Adding prebuilt incpaths  as   
TRACE::2022-11-18.09:27:51::SCWPlatform::Trying to open the hw design at C:/Users/SESA630813/work-2/4EV_HandsOn_platt/hw/Block_4EV_HandsOn.xsa
TRACE::2022-11-18.09:27:51::SCWPlatform::DSA given C:/Users/SESA630813/work-2/4EV_HandsOn_platt/hw/Block_4EV_HandsOn.xsa
TRACE::2022-11-18.09:27:51::SCWPlatform::DSA absoulate path C:/Users/SESA630813/work-2/4EV_HandsOn_platt/hw/Block_4EV_HandsOn.xsa
TRACE::2022-11-18.09:27:51::SCWPlatform::DSA directory C:/Users/SESA630813/work-2/4EV_HandsOn_platt/hw
TRACE::2022-11-18.09:27:51::SCWPlatform:: Platform Path C:/Users/SESA630813/work-2/4EV_HandsOn_platt/hw/Block_4EV_HandsOn.xsa
TRACE::2022-11-18.09:27:51::SCWPlatform:: Unique name xilinx:::0.0
TRACE::2022-11-18.09:27:51::SCWPlatform::Trying to set the existing hwdb with name Block_4EV_wrapper_16
TRACE::2022-11-18.09:27:51::SCWPlatform::Opened existing hwdb Block_4EV_wrapper_16
TRACE::2022-11-18.09:27:51::SCWPlatform::Found the Hw Db part of the input DSA
TRACE::2022-11-18.09:27:51::SCWMssOS::Checking the sw design at  C:/Users/SESA630813/work-2/4EV_HandsOn_platt/psu_cortexa53_0/standalone_domain/bsp/system.mss
TRACE::2022-11-18.09:27:51::SCWMssOS::DEBUG:  swdes dump  C:/Users/SESA630813/work-2/4EV_HandsOn_platt/psu_cortexa53_0/standalone_domain/bsp/system.mss|system_1||
C:/Users/SESA630813/work-2/4EV_HandsOn_platt/zynqmp_fsbl/zynqmp_fsbl_bsp/system.mss|system||
C:/Users/SESA630813/work-2/4EV_HandsOn_platt/zynqmp_pmufw/zynqmp_pmufw_bsp/system.mss|system_0||

TRACE::2022-11-18.09:27:51::SCWMssOS::Sw design exists and opened at  C:/Users/SESA630813/work-2/4EV_HandsOn_platt/psu_cortexa53_0/standalone_domain/bsp/system.mss
TRACE::2022-11-18.09:27:51::SCWReader::No isolation master present  
LOG::2022-11-18.09:28:40::SCWPlatform::Started generating the artifacts platform 4EV_HandsOn_platt
TRACE::2022-11-18.09:28:40::SCWPlatform::Sanity checking of platform is completed
LOG::2022-11-18.09:28:40::SCWPlatform::Started generating the artifacts for system configuration 4EV_HandsOn_platt
LOG::2022-11-18.09:28:40::SCWSystem::Checking the domain zynqmp_fsbl
LOG::2022-11-18.09:28:40::SCWSystem::Doing application build for :  zynqmp_fsbl
TRACE::2022-11-18.09:28:40::SCWBDomain::Not a forced makefile updation, No changes are present. 
TRACE::2022-11-18.09:28:40::SCWDomain::Skipping the build for domain :  zynqmp_fsbl
LOG::2022-11-18.09:28:40::SCWSystem::Checking the domain zynqmp_pmufw
LOG::2022-11-18.09:28:40::SCWSystem::Doing application build for :  zynqmp_pmufw
TRACE::2022-11-18.09:28:40::SCWBDomain::Not a forced makefile updation, No changes are present. 
TRACE::2022-11-18.09:28:40::SCWDomain::Skipping the build for domain :  zynqmp_pmufw
LOG::2022-11-18.09:28:40::SCWSystem::Checking the domain standalone_domain
LOG::2022-11-18.09:28:40::SCWSystem::Not a boot domain 
LOG::2022-11-18.09:28:40::SCWSystem::Started Processing the domain standalone_domain
TRACE::2022-11-18.09:28:40::SCWDomain::Generating domain artifcats
TRACE::2022-11-18.09:28:40::SCWMssOS::Generating standalone artifcats
TRACE::2022-11-18.09:28:40::SCWMssOS::Copying the qemu file from  C:/Xilinx3/Vitis/2021.2/data/emulation/platforms/zynqmp/sw/a53_standalone/qemu/qemu_args.txt To C:/Users/SESA630813/work-2/4EV_HandsOn_platt/export/4EV_HandsOn_platt/sw/4EV_HandsOn_platt/qemu/
TRACE::2022-11-18.09:28:40::SCWMssOS::Copying the qemu file from  C:/Xilinx3/Vitis/2021.2/data/emulation/platforms/zynqmp/sw/a53_standalone/qemu/qemu_args.txt To C:/Users/SESA630813/work-2/4EV_HandsOn_platt/export/4EV_HandsOn_platt/sw/4EV_HandsOn_platt/qemu/
TRACE::2022-11-18.09:28:40::SCWMssOS::Copying the qemu file from  C:/Xilinx3/Vitis/2021.2/data/emulation/platforms/zynqmp/sw/a53_standalone/qemu/qemu_args.txt To C:/Users/SESA630813/work-2/4EV_HandsOn_platt/export/4EV_HandsOn_platt/sw/4EV_HandsOn_platt/standalone_domain/qemu/
TRACE::2022-11-18.09:28:40::SCWMssOS::Copying the qemu file from  C:/Xilinx3/Vitis/2021.2/data/emulation/platforms/zynqmp/sw/a53_standalone/qemu/qemu_args.txt To C:/Users/SESA630813/work-2/4EV_HandsOn_platt/export/4EV_HandsOn_platt/sw/4EV_HandsOn_platt/standalone_domain/qemu/
TRACE::2022-11-18.09:28:40::SCWMssOS:: Copying the user libraries. 
TRACE::2022-11-18.09:28:40::SCWPlatform::Trying to open the hw design at C:/Users/SESA630813/work-2/4EV_HandsOn_platt/hw/Block_4EV_HandsOn.xsa
TRACE::2022-11-18.09:28:40::SCWPlatform::DSA given C:/Users/SESA630813/work-2/4EV_HandsOn_platt/hw/Block_4EV_HandsOn.xsa
TRACE::2022-11-18.09:28:40::SCWPlatform::DSA absoulate path C:/Users/SESA630813/work-2/4EV_HandsOn_platt/hw/Block_4EV_HandsOn.xsa
TRACE::2022-11-18.09:28:40::SCWPlatform::DSA directory C:/Users/SESA630813/work-2/4EV_HandsOn_platt/hw
TRACE::2022-11-18.09:28:40::SCWPlatform:: Platform Path C:/Users/SESA630813/work-2/4EV_HandsOn_platt/hw/Block_4EV_HandsOn.xsa
TRACE::2022-11-18.09:28:40::SCWPlatform:: Unique name xilinx:::0.0
TRACE::2022-11-18.09:28:40::SCWPlatform::Trying to set the existing hwdb with name Block_4EV_wrapper_16
TRACE::2022-11-18.09:28:40::SCWPlatform::Could not get the HWDB from existing dbname
TRACE::2022-11-18.09:28:40::SCWPlatform::Do not have an existing db opened. Attempting to open the hwDb. 
TRACE::2022-11-18.09:28:40::SCWPlatform::Opened new HwDB with name Block_4EV_wrapper_17
TRACE::2022-11-18.09:28:40::SCWMssOS::Checking the sw design at  C:/Users/SESA630813/work-2/4EV_HandsOn_platt/psu_cortexa53_0/standalone_domain/bsp/system.mss
TRACE::2022-11-18.09:28:40::SCWMssOS::DEBUG:  swdes dump  C:/Users/SESA630813/work-2/4EV_HandsOn_platt/psu_cortexa53_0/standalone_domain/bsp/system.mss|system_1||
C:/Users/SESA630813/work-2/4EV_HandsOn_platt/zynqmp_fsbl/zynqmp_fsbl_bsp/system.mss|system||
C:/Users/SESA630813/work-2/4EV_HandsOn_platt/zynqmp_pmufw/zynqmp_pmufw_bsp/system.mss|system_0||

TRACE::2022-11-18.09:28:40::SCWMssOS::Sw design exists and opened at  C:/Users/SESA630813/work-2/4EV_HandsOn_platt/psu_cortexa53_0/standalone_domain/bsp/system.mss
TRACE::2022-11-18.09:28:40::SCWMssOS::Completed writing the mss file at C:/Users/SESA630813/work-2/4EV_HandsOn_platt/psu_cortexa53_0/standalone_domain/bsp
TRACE::2022-11-18.09:28:40::SCWMssOS::Mss edits present, copying mssfile into export location C:/Users/SESA630813/work-2/4EV_HandsOn_platt/psu_cortexa53_0/standalone_domain/bsp/system.mss
TRACE::2022-11-18.09:28:40::SCWMssOS::bsp generated is upto date with the mss file. Skipping bsp generation.
TRACE::2022-11-18.09:28:40::SCWMssOS::BSP is already built. skipping the bsp build ... 
TRACE::2022-11-18.09:28:40::SCWDomain::Skipping the build for domain :  standalone_domain
TRACE::2022-11-18.09:28:40::SCWMssOS::skipping the bsp build ... 
TRACE::2022-11-18.09:28:40::SCWMssOS::Copying to export directory.
TRACE::2022-11-18.09:28:42::SCWMssOS:: Checking if to create the Supporting Applications
TRACE::2022-11-18.09:28:42::SCWMssOS:: No Linux domain exists, trying to generate FSBL 
LOG::2022-11-18.09:28:42::SCWSystem::Completed Processing the domain standalone_domain
LOG::2022-11-18.09:28:42::SCWSystem::Completed Processing the sysconfig 4EV_HandsOn_platt
LOG::2022-11-18.09:28:42::SCWPlatform::Completed generating the artifacts for system configuration 4EV_HandsOn_platt
TRACE::2022-11-18.09:28:42::SCWPlatform::Started preparing the platform 
TRACE::2022-11-18.09:28:42::SCWSystem::Writing the bif file for system config 4EV_HandsOn_platt
TRACE::2022-11-18.09:28:42::SCWSystem::dir created 
TRACE::2022-11-18.09:28:42::SCWSystem::Writing the bif 
TRACE::2022-11-18.09:28:42::SCWPlatform::Started writing the spfm file 
TRACE::2022-11-18.09:28:42::SCWPlatform::Started writing the xpfm file 
TRACE::2022-11-18.09:28:43::SCWPlatform::Completed generating the platform
TRACE::2022-11-18.09:28:43::SCWMssOS::Saving the mss changes C:/Users/SESA630813/work-2/4EV_HandsOn_platt/zynqmp_fsbl/zynqmp_fsbl_bsp/system.mss
TRACE::2022-11-18.09:28:43::SCWMssOS::Found a swdesign opened with the mssfile.
TRACE::2022-11-18.09:28:43::SCWMssOS::Completed writemss as part of save.
TRACE::2022-11-18.09:28:43::SCWMssOS::Commit changes completed.
TRACE::2022-11-18.09:28:43::SCWMssOS::Saving the mss changes C:/Users/SESA630813/work-2/4EV_HandsOn_platt/zynqmp_pmufw/zynqmp_pmufw_bsp/system.mss
TRACE::2022-11-18.09:28:43::SCWMssOS::Found a swdesign opened with the mssfile.
TRACE::2022-11-18.09:28:43::SCWMssOS::Completed writemss as part of save.
TRACE::2022-11-18.09:28:43::SCWMssOS::Commit changes completed.
TRACE::2022-11-18.09:28:43::SCWMssOS::Saving the mss changes C:/Users/SESA630813/work-2/4EV_HandsOn_platt/psu_cortexa53_0/standalone_domain/bsp/system.mss
TRACE::2022-11-18.09:28:43::SCWMssOS::Found a swdesign opened with the mssfile.
TRACE::2022-11-18.09:28:43::SCWMssOS::Completed writemss as part of save.
TRACE::2022-11-18.09:28:43::SCWMssOS::Commit changes completed.
TRACE::2022-11-18.09:28:43::SCWPlatform::Trying to open the hw design at C:/Users/SESA630813/work-2/4EV_HandsOn_platt/hw/Block_4EV_HandsOn.xsa
TRACE::2022-11-18.09:28:43::SCWPlatform::DSA given C:/Users/SESA630813/work-2/4EV_HandsOn_platt/hw/Block_4EV_HandsOn.xsa
TRACE::2022-11-18.09:28:43::SCWPlatform::DSA absoulate path C:/Users/SESA630813/work-2/4EV_HandsOn_platt/hw/Block_4EV_HandsOn.xsa
TRACE::2022-11-18.09:28:43::SCWPlatform::DSA directory C:/Users/SESA630813/work-2/4EV_HandsOn_platt/hw
TRACE::2022-11-18.09:28:43::SCWPlatform:: Platform Path C:/Users/SESA630813/work-2/4EV_HandsOn_platt/hw/Block_4EV_HandsOn.xsa
TRACE::2022-11-18.09:28:43::SCWPlatform:: Unique name xilinx:::0.0
TRACE::2022-11-18.09:28:43::SCWPlatform::Trying to set the existing hwdb with name Block_4EV_wrapper_17
TRACE::2022-11-18.09:28:43::SCWPlatform::Opened existing hwdb Block_4EV_wrapper_17
TRACE::2022-11-18.09:28:43::SCWPlatform::Found the Hw Db part of the input DSA
TRACE::2022-11-18.09:28:43::SCWMssOS::Checking the sw design at  C:/Users/SESA630813/work-2/4EV_HandsOn_platt/zynqmp_fsbl/zynqmp_fsbl_bsp/system.mss
TRACE::2022-11-18.09:28:43::SCWMssOS::DEBUG:  swdes dump  C:/Users/SESA630813/work-2/4EV_HandsOn_platt/psu_cortexa53_0/standalone_domain/bsp/system.mss|system_1||
C:/Users/SESA630813/work-2/4EV_HandsOn_platt/zynqmp_fsbl/zynqmp_fsbl_bsp/system.mss|system||
C:/Users/SESA630813/work-2/4EV_HandsOn_platt/zynqmp_pmufw/zynqmp_pmufw_bsp/system.mss|system_0||

TRACE::2022-11-18.09:28:43::SCWMssOS::Sw design exists and opened at  C:/Users/SESA630813/work-2/4EV_HandsOn_platt/zynqmp_fsbl/zynqmp_fsbl_bsp/system.mss
TRACE::2022-11-18.09:28:43::SCWPlatform::Trying to open the hw design at C:/Users/SESA630813/work-2/4EV_HandsOn_platt/hw/Block_4EV_HandsOn.xsa
TRACE::2022-11-18.09:28:43::SCWPlatform::DSA given C:/Users/SESA630813/work-2/4EV_HandsOn_platt/hw/Block_4EV_HandsOn.xsa
TRACE::2022-11-18.09:28:43::SCWPlatform::DSA absoulate path C:/Users/SESA630813/work-2/4EV_HandsOn_platt/hw/Block_4EV_HandsOn.xsa
TRACE::2022-11-18.09:28:43::SCWPlatform::DSA directory C:/Users/SESA630813/work-2/4EV_HandsOn_platt/hw
TRACE::2022-11-18.09:28:43::SCWPlatform:: Platform Path C:/Users/SESA630813/work-2/4EV_HandsOn_platt/hw/Block_4EV_HandsOn.xsa
TRACE::2022-11-18.09:28:43::SCWPlatform:: Unique name xilinx:::0.0
TRACE::2022-11-18.09:28:43::SCWPlatform::Trying to set the existing hwdb with name Block_4EV_wrapper_17
TRACE::2022-11-18.09:28:43::SCWPlatform::Opened existing hwdb Block_4EV_wrapper_17
TRACE::2022-11-18.09:28:43::SCWPlatform::Found the Hw Db part of the input DSA
TRACE::2022-11-18.09:28:43::SCWMssOS::Checking the sw design at  C:/Users/SESA630813/work-2/4EV_HandsOn_platt/zynqmp_pmufw/zynqmp_pmufw_bsp/system.mss
TRACE::2022-11-18.09:28:43::SCWMssOS::DEBUG:  swdes dump  C:/Users/SESA630813/work-2/4EV_HandsOn_platt/psu_cortexa53_0/standalone_domain/bsp/system.mss|system_1||
C:/Users/SESA630813/work-2/4EV_HandsOn_platt/zynqmp_fsbl/zynqmp_fsbl_bsp/system.mss|system||
C:/Users/SESA630813/work-2/4EV_HandsOn_platt/zynqmp_pmufw/zynqmp_pmufw_bsp/system.mss|system_0||

TRACE::2022-11-18.09:28:43::SCWMssOS::Sw design exists and opened at  C:/Users/SESA630813/work-2/4EV_HandsOn_platt/zynqmp_pmufw/zynqmp_pmufw_bsp/system.mss
TRACE::2022-11-18.09:28:43::SCWPlatform::Trying to open the hw design at C:/Users/SESA630813/work-2/4EV_HandsOn_platt/hw/Block_4EV_HandsOn.xsa
TRACE::2022-11-18.09:28:43::SCWPlatform::DSA given C:/Users/SESA630813/work-2/4EV_HandsOn_platt/hw/Block_4EV_HandsOn.xsa
TRACE::2022-11-18.09:28:43::SCWPlatform::DSA absoulate path C:/Users/SESA630813/work-2/4EV_HandsOn_platt/hw/Block_4EV_HandsOn.xsa
TRACE::2022-11-18.09:28:43::SCWPlatform::DSA directory C:/Users/SESA630813/work-2/4EV_HandsOn_platt/hw
TRACE::2022-11-18.09:28:43::SCWPlatform:: Platform Path C:/Users/SESA630813/work-2/4EV_HandsOn_platt/hw/Block_4EV_HandsOn.xsa
TRACE::2022-11-18.09:28:43::SCWPlatform:: Unique name xilinx:::0.0
TRACE::2022-11-18.09:28:43::SCWPlatform::Trying to set the existing hwdb with name Block_4EV_wrapper_17
TRACE::2022-11-18.09:28:43::SCWPlatform::Opened existing hwdb Block_4EV_wrapper_17
TRACE::2022-11-18.09:28:43::SCWPlatform::Found the Hw Db part of the input DSA
TRACE::2022-11-18.09:28:43::SCWMssOS::Checking the sw design at  C:/Users/SESA630813/work-2/4EV_HandsOn_platt/psu_cortexa53_0/standalone_domain/bsp/system.mss
TRACE::2022-11-18.09:28:43::SCWMssOS::DEBUG:  swdes dump  C:/Users/SESA630813/work-2/4EV_HandsOn_platt/psu_cortexa53_0/standalone_domain/bsp/system.mss|system_1||
C:/Users/SESA630813/work-2/4EV_HandsOn_platt/zynqmp_fsbl/zynqmp_fsbl_bsp/system.mss|system||
C:/Users/SESA630813/work-2/4EV_HandsOn_platt/zynqmp_pmufw/zynqmp_pmufw_bsp/system.mss|system_0||

TRACE::2022-11-18.09:28:43::SCWMssOS::Sw design exists and opened at  C:/Users/SESA630813/work-2/4EV_HandsOn_platt/psu_cortexa53_0/standalone_domain/bsp/system.mss
TRACE::2022-11-18.09:28:43::SCWWriter::formatted JSON is {
	"platformName":	"4EV_HandsOn_platt",
	"sprVersion":	"2.0",
	"mode":	"gui",
	"dsaType":	"Fixed",
	"platformDesc":	"4EV_HandsOn_platt",
	"platHandOff":	"C:/Schneider/ScriptingPath/enclustra/4EV-Hands-On/Block_4EV_HandsOn.xsa",
	"platIntHandOff":	"<platformDir>/hw/Block_4EV_HandsOn.xsa",
	"deviceType":	"zynqMP",
	"platIsPrebuiltAutogen":	"false",
	"platIsNoBootBsp":	"false",
	"platFsblTarget":	"psu_cortexa53_0",
	"hasFsblMakeHasChanges":	"false",
	"hasPmufwMakeHasChanges":	"false",
	"fsblExtraCompilerFlags":	"-MMD -MP      -Wall -fmessage-length=0 -DARMA53_64 -Os -flto -ffat-lto-objects  ",
	"pmufwExtraCompilerFlags":	"-MMD -MP      -mlittle-endian -mxl-barrel-shift -mxl-pattern-compare -mcpu=v9.2 -mxl-soft-mul -Os -flto -ffat-lto-objects  ",
	"platPreBuiltFlag":	false,
	"platformSamplesDir":	"",
	"platActiveSys":	"4EV_HandsOn_platt",
	"systems":	[{
			"systemName":	"4EV_HandsOn_platt",
			"systemDesc":	"4EV_HandsOn_platt",
			"sysIsBootAutoGen":	"true",
			"systemDispName":	"4EV_HandsOn_platt",
			"sysActiveDom":	"standalone_domain",
			"sysDefaultDom":	"standalone_domain",
			"domains":	[{
					"domainName":	"zynqmp_fsbl",
					"domainDispName":	"zynqmp_fsbl",
					"domainDesc":	"FSBL Application BSP - Auto Generated.",
					"processors":	"psu_cortexa53_0",
					"os":	"standalone",
					"sdxOs":	"standalone",
					"debugEnable":	"",
					"domRuntimes":	["cpp"],
					"swRepo":	"",
					"mssOsVer":	"7.6",
					"mssFile":	"",
					"md5Digest":	"f0f90a35a6a229e56057b23e4b7162c6",
					"compatibleApp":	"zynqmp_fsbl",
					"domType":	"bootDomain",
					"arch":	"64-bit",
					"appSettings":	{
						"appCompilerFlags":	"",
						"appLinkerFlags":	""
					},
					"addedLibs":	["xilffs:4.6", "xilsecure:4.6", "xilpm:3.5"],
					"libOptions":	{
						"standalone":	{
							"zynqmp_fsbl_bsp":	"true",
							"libOptionNames":	["zynqmp_fsbl_bsp"]
						},
						"xilffs":	{
							"read_only":	"true",
							"use_mkfs":	"false",
							"libOptionNames":	["read_only", "use_mkfs"]
						},
						"xilsecure":	{
							"tpm_support":	"true",
							"libOptionNames":	["tpm_support"]
						},
						"libsContainingOptions":	["standalone", "xilffs", "xilsecure"]
					},
					"prebuiltLibs":	{
						"prebuiltIncPath":	[],
						"prebuiltLibPath":	[]
					},
					"isolation":	{
					}
				}, {
					"domainName":	"zynqmp_pmufw",
					"domainDispName":	"zynqmp_pmufw",
					"domainDesc":	"PMUFW Application BSP - Auto Generated.",
					"processors":	"psu_pmu_0",
					"os":	"standalone",
					"sdxOs":	"standalone",
					"debugEnable":	"",
					"domRuntimes":	["cpp"],
					"swRepo":	"",
					"mssOsVer":	"7.6",
					"mssFile":	"",
					"md5Digest":	"2252945fa1d34af486e1005da291d4dd",
					"compatibleApp":	"zynqmp_pmufw",
					"domType":	"bootDomain",
					"arch":	"32-bit",
					"appSettings":	{
						"appCompilerFlags":	"",
						"appLinkerFlags":	""
					},
					"addedLibs":	["xilfpga:6.1", "xilsecure:4.6", "xilskey:7.2"],
					"libOptions":	{
						"psu_pmu_0":	{
							"extra_compiler_flags":	"-g -ffunction-sections -fdata-sections -Wall -Wextra -fno-tree-loop-distribute-patterns  -Os -flto -ffat-lto-objects",
							"libOptionNames":	["extra_compiler_flags"]
						},
						"libsContainingOptions":	["psu_pmu_0"]
					},
					"prebuiltLibs":	{
						"prebuiltIncPath":	[],
						"prebuiltLibPath":	[]
					},
					"isolation":	{
					}
				}, {
					"domainName":	"standalone_domain",
					"domainDispName":	"standalone on psu_cortexa53_0",
					"domainDesc":	"standalone_domain",
					"processors":	"psu_cortexa53_0",
					"os":	"standalone",
					"sdxOs":	"standalone",
					"qemuArgs":	"C:/Xilinx3/Vitis/2021.2/data/emulation/platforms/zynqmp/sw/a53_standalone/qemu/qemu_args.txt",
					"qemuData":	"C:/Xilinx3/Vitis/2021.2/data/emulation/platforms/zynqmp/sw/a53_standalone/qemu/",
					"pmuQemuArgs":	"C:/Xilinx3/Vitis/2021.2/data/emulation/platforms/zynqmp/sw/a53_standalone/qemu/pmu_args.txt",
					"debugEnable":	"False",
					"domRuntimes":	["cpp"],
					"swRepo":	"",
					"mssOsVer":	"7.6",
					"mssFile":	"",
					"md5Digest":	"a7380b93d62648222d0ccf0a3c72bcd4",
					"compatibleApp":	"",
					"domType":	"mssDomain",
					"arch":	"64-bit",
					"appSettings":	{
						"appCompilerFlags":	"",
						"appLinkerFlags":	""
					},
					"addedLibs":	[],
					"libOptions":	{
						"libsContainingOptions":	[]
					},
					"prebuiltLibs":	{
						"prebuiltIncPath":	[],
						"prebuiltLibPath":	[]
					},
					"isolation":	{
					}
				}]
		}]
}
KEYINFO::2022-11-18.09:28:43::SCWPlatform::updated the xpfm file.
TRACE::2022-11-18.09:28:43::SCWPlatform::Trying to open the hw design at C:/Users/SESA630813/work-2/4EV_HandsOn_platt/hw/Block_4EV_HandsOn.xsa
TRACE::2022-11-18.09:28:43::SCWPlatform::DSA given C:/Users/SESA630813/work-2/4EV_HandsOn_platt/hw/Block_4EV_HandsOn.xsa
TRACE::2022-11-18.09:28:43::SCWPlatform::DSA absoulate path C:/Users/SESA630813/work-2/4EV_HandsOn_platt/hw/Block_4EV_HandsOn.xsa
TRACE::2022-11-18.09:28:43::SCWPlatform::DSA directory C:/Users/SESA630813/work-2/4EV_HandsOn_platt/hw
TRACE::2022-11-18.09:28:43::SCWPlatform:: Platform Path C:/Users/SESA630813/work-2/4EV_HandsOn_platt/hw/Block_4EV_HandsOn.xsa
TRACE::2022-11-18.09:28:43::SCWPlatform:: Unique name xilinx:::0.0
TRACE::2022-11-18.09:28:43::SCWPlatform::Trying to set the existing hwdb with name Block_4EV_wrapper_17
TRACE::2022-11-18.09:28:43::SCWPlatform::Opened existing hwdb Block_4EV_wrapper_17
TRACE::2022-11-18.09:28:43::SCWPlatform::Found the Hw Db part of the input DSA
TRACE::2022-11-18.09:28:43::SCWMssOS::Checking the sw design at  C:/Users/SESA630813/work-2/4EV_HandsOn_platt/psu_cortexa53_0/standalone_domain/bsp/system.mss
TRACE::2022-11-18.09:28:43::SCWMssOS::DEBUG:  swdes dump  C:/Users/SESA630813/work-2/4EV_HandsOn_platt/psu_cortexa53_0/standalone_domain/bsp/system.mss|system_1||
C:/Users/SESA630813/work-2/4EV_HandsOn_platt/zynqmp_fsbl/zynqmp_fsbl_bsp/system.mss|system||
C:/Users/SESA630813/work-2/4EV_HandsOn_platt/zynqmp_pmufw/zynqmp_pmufw_bsp/system.mss|system_0||

TRACE::2022-11-18.09:28:43::SCWMssOS::Sw design exists and opened at  C:/Users/SESA630813/work-2/4EV_HandsOn_platt/psu_cortexa53_0/standalone_domain/bsp/system.mss
TRACE::2022-11-18.10:15:46::SCWPlatform::DSA given C:/Users/SESA630813/work-2/4EV_HandsOn_platt/tempdsa/Block_4EV_HandsOn.xsa
TRACE::2022-11-18.10:15:46::SCWPlatform::DSA absoulate path C:/Users/SESA630813/work-2/4EV_HandsOn_platt/tempdsa/Block_4EV_HandsOn.xsa
TRACE::2022-11-18.10:15:46::SCWPlatform:: Platform location is C:/Users/SESA630813/work-2/4EV_HandsOn_platt/tempdsa
TRACE::2022-11-18.10:15:46::SCWPlatform:: Platform Path C:/Users/SESA630813/work-2/4EV_HandsOn_platt/tempdsa/Block_4EV_HandsOn.xsa
TRACE::2022-11-18.10:15:46::SCWPlatform:: Unique name xilinx:::0.0
TRACE::2022-11-18.10:16:01::SCWPlatform::Found the Hw Db part of the input DSA
TRACE::2022-11-18.10:16:01::SCWMssOS::Doing hw sync for the mss in domain: zynqmp_fsbl
TRACE::2022-11-18.10:16:01::SCWPlatform::Trying to open the hw design at C:/Users/SESA630813/work-2/4EV_HandsOn_platt/hw/Block_4EV_HandsOn.xsa
TRACE::2022-11-18.10:16:01::SCWPlatform::DSA given C:/Users/SESA630813/work-2/4EV_HandsOn_platt/hw/Block_4EV_HandsOn.xsa
TRACE::2022-11-18.10:16:01::SCWPlatform::DSA absoulate path C:/Users/SESA630813/work-2/4EV_HandsOn_platt/hw/Block_4EV_HandsOn.xsa
TRACE::2022-11-18.10:16:01::SCWPlatform::DSA directory C:/Users/SESA630813/work-2/4EV_HandsOn_platt/hw
TRACE::2022-11-18.10:16:01::SCWPlatform:: Platform Path C:/Users/SESA630813/work-2/4EV_HandsOn_platt/hw/Block_4EV_HandsOn.xsa
TRACE::2022-11-18.10:16:01::SCWPlatform:: Unique name xilinx:::0.0
TRACE::2022-11-18.10:16:01::SCWPlatform::Trying to set the existing hwdb with name Block_4EV_wrapper_17
TRACE::2022-11-18.10:16:01::SCWPlatform::Could not get the HWDB from existing dbname
TRACE::2022-11-18.10:16:01::SCWPlatform::Do not have an existing db opened. Attempting to open the hwDb. 
TRACE::2022-11-18.10:16:01::SCWPlatform::Opened new HwDB with name Block_4EV_wrapper_19
TRACE::2022-11-18.10:16:01::SCWPlatform::Trying to open the hw design at C:/Users/SESA630813/work-2/4EV_HandsOn_platt/hw/Block_4EV_HandsOn.xsa
TRACE::2022-11-18.10:16:01::SCWPlatform::DSA given C:/Users/SESA630813/work-2/4EV_HandsOn_platt/hw/Block_4EV_HandsOn.xsa
TRACE::2022-11-18.10:16:01::SCWPlatform::DSA absoulate path C:/Users/SESA630813/work-2/4EV_HandsOn_platt/hw/Block_4EV_HandsOn.xsa
TRACE::2022-11-18.10:16:01::SCWPlatform::DSA directory C:/Users/SESA630813/work-2/4EV_HandsOn_platt/hw
TRACE::2022-11-18.10:16:01::SCWPlatform:: Platform Path C:/Users/SESA630813/work-2/4EV_HandsOn_platt/hw/Block_4EV_HandsOn.xsa
TRACE::2022-11-18.10:16:01::SCWPlatform:: Unique name xilinx:::0.0
TRACE::2022-11-18.10:16:01::SCWPlatform::Trying to set the existing hwdb with name Block_4EV_wrapper_19
TRACE::2022-11-18.10:16:01::SCWPlatform::Opened existing hwdb Block_4EV_wrapper_19
TRACE::2022-11-18.10:16:01::SCWPlatform::Found the Hw Db part of the input DSA
TRACE::2022-11-18.10:16:01::SCWMssOS::Checking the sw design at  C:/Users/SESA630813/work-2/4EV_HandsOn_platt/zynqmp_fsbl/zynqmp_fsbl_bsp/system.mss
TRACE::2022-11-18.10:16:01::SCWMssOS::DEBUG:  swdes dump  C:/Users/SESA630813/work-2/4EV_HandsOn_platt/psu_cortexa53_0/standalone_domain/bsp/system.mss|system_1||
C:/Users/SESA630813/work-2/4EV_HandsOn_platt/zynqmp_fsbl/zynqmp_fsbl_bsp/system.mss|system||
C:/Users/SESA630813/work-2/4EV_HandsOn_platt/zynqmp_pmufw/zynqmp_pmufw_bsp/system.mss|system_0||

TRACE::2022-11-18.10:16:01::SCWMssOS::Sw design exists and opened at  C:/Users/SESA630813/work-2/4EV_HandsOn_platt/zynqmp_fsbl/zynqmp_fsbl_bsp/system.mss
TRACE::2022-11-18.10:16:01::SCWPlatform::Trying to open the hw design at C:/Users/SESA630813/work-2/4EV_HandsOn_platt/tempdsa/Block_4EV_HandsOn.xsa
TRACE::2022-11-18.10:16:01::SCWPlatform::DSA given C:/Users/SESA630813/work-2/4EV_HandsOn_platt/tempdsa/Block_4EV_HandsOn.xsa
TRACE::2022-11-18.10:16:01::SCWPlatform::DSA absoulate path C:/Users/SESA630813/work-2/4EV_HandsOn_platt/tempdsa/Block_4EV_HandsOn.xsa
TRACE::2022-11-18.10:16:01::SCWPlatform::DSA directory C:/Users/SESA630813/work-2/4EV_HandsOn_platt/tempdsa
TRACE::2022-11-18.10:16:01::SCWPlatform:: Platform Path C:/Users/SESA630813/work-2/4EV_HandsOn_platt/tempdsa/Block_4EV_HandsOn.xsa
TRACE::2022-11-18.10:16:01::SCWPlatform:: Unique name xilinx:::0.0
TRACE::2022-11-18.10:16:01::SCWPlatform::update - Opened existing hwdb Block_4EV_wrapper_20
TRACE::2022-11-18.10:16:01::SCWPlatform::Found the Hw Db part of the input DSA
TRACE::2022-11-18.10:16:01::SCWMssOS::Doing hw sync for the mss in domain: zynqmp_pmufw
TRACE::2022-11-18.10:16:01::SCWPlatform::Trying to open the hw design at C:/Users/SESA630813/work-2/4EV_HandsOn_platt/hw/Block_4EV_HandsOn.xsa
TRACE::2022-11-18.10:16:01::SCWPlatform::DSA given C:/Users/SESA630813/work-2/4EV_HandsOn_platt/hw/Block_4EV_HandsOn.xsa
TRACE::2022-11-18.10:16:01::SCWPlatform::DSA absoulate path C:/Users/SESA630813/work-2/4EV_HandsOn_platt/hw/Block_4EV_HandsOn.xsa
TRACE::2022-11-18.10:16:01::SCWPlatform::DSA directory C:/Users/SESA630813/work-2/4EV_HandsOn_platt/hw
TRACE::2022-11-18.10:16:01::SCWPlatform:: Platform Path C:/Users/SESA630813/work-2/4EV_HandsOn_platt/hw/Block_4EV_HandsOn.xsa
TRACE::2022-11-18.10:16:01::SCWPlatform:: Unique name xilinx:::0.0
TRACE::2022-11-18.10:16:01::SCWPlatform::Trying to set the existing hwdb with name Block_4EV_wrapper_19
TRACE::2022-11-18.10:16:01::SCWPlatform::Opened existing hwdb Block_4EV_wrapper_19
TRACE::2022-11-18.10:16:01::SCWPlatform::Found the Hw Db part of the input DSA
TRACE::2022-11-18.10:16:01::SCWPlatform::Trying to open the hw design at C:/Users/SESA630813/work-2/4EV_HandsOn_platt/hw/Block_4EV_HandsOn.xsa
TRACE::2022-11-18.10:16:01::SCWPlatform::DSA given C:/Users/SESA630813/work-2/4EV_HandsOn_platt/hw/Block_4EV_HandsOn.xsa
TRACE::2022-11-18.10:16:01::SCWPlatform::DSA absoulate path C:/Users/SESA630813/work-2/4EV_HandsOn_platt/hw/Block_4EV_HandsOn.xsa
TRACE::2022-11-18.10:16:01::SCWPlatform::DSA directory C:/Users/SESA630813/work-2/4EV_HandsOn_platt/hw
TRACE::2022-11-18.10:16:01::SCWPlatform:: Platform Path C:/Users/SESA630813/work-2/4EV_HandsOn_platt/hw/Block_4EV_HandsOn.xsa
TRACE::2022-11-18.10:16:01::SCWPlatform:: Unique name xilinx:::0.0
TRACE::2022-11-18.10:16:01::SCWPlatform::Trying to set the existing hwdb with name Block_4EV_wrapper_19
TRACE::2022-11-18.10:16:01::SCWPlatform::Opened existing hwdb Block_4EV_wrapper_19
TRACE::2022-11-18.10:16:01::SCWPlatform::Found the Hw Db part of the input DSA
TRACE::2022-11-18.10:16:01::SCWMssOS::Checking the sw design at  C:/Users/SESA630813/work-2/4EV_HandsOn_platt/zynqmp_pmufw/zynqmp_pmufw_bsp/system.mss
TRACE::2022-11-18.10:16:01::SCWMssOS::DEBUG:  swdes dump  C:/Users/SESA630813/work-2/4EV_HandsOn_platt/psu_cortexa53_0/standalone_domain/bsp/system.mss|system_1||
C:/Users/SESA630813/work-2/4EV_HandsOn_platt/zynqmp_fsbl/zynqmp_fsbl_bsp/system.mss|system||
C:/Users/SESA630813/work-2/4EV_HandsOn_platt/zynqmp_pmufw/zynqmp_pmufw_bsp/system.mss|system_0||

TRACE::2022-11-18.10:16:01::SCWMssOS::Sw design exists and opened at  C:/Users/SESA630813/work-2/4EV_HandsOn_platt/zynqmp_pmufw/zynqmp_pmufw_bsp/system.mss
TRACE::2022-11-18.10:16:01::SCWPlatform::Trying to open the hw design at C:/Users/SESA630813/work-2/4EV_HandsOn_platt/tempdsa/Block_4EV_HandsOn.xsa
TRACE::2022-11-18.10:16:01::SCWPlatform::DSA given C:/Users/SESA630813/work-2/4EV_HandsOn_platt/tempdsa/Block_4EV_HandsOn.xsa
TRACE::2022-11-18.10:16:01::SCWPlatform::DSA absoulate path C:/Users/SESA630813/work-2/4EV_HandsOn_platt/tempdsa/Block_4EV_HandsOn.xsa
TRACE::2022-11-18.10:16:01::SCWPlatform::DSA directory C:/Users/SESA630813/work-2/4EV_HandsOn_platt/tempdsa
TRACE::2022-11-18.10:16:01::SCWPlatform:: Platform Path C:/Users/SESA630813/work-2/4EV_HandsOn_platt/tempdsa/Block_4EV_HandsOn.xsa
TRACE::2022-11-18.10:16:01::SCWPlatform:: Unique name xilinx:::0.0
TRACE::2022-11-18.10:16:01::SCWPlatform::update - Opened existing hwdb Block_4EV_wrapper_20
TRACE::2022-11-18.10:16:01::SCWPlatform::Found the Hw Db part of the input DSA
TRACE::2022-11-18.10:16:01::SCWMssOS::Doing hw sync for the mss in domain: standalone_domain
TRACE::2022-11-18.10:16:01::SCWPlatform::Trying to open the hw design at C:/Users/SESA630813/work-2/4EV_HandsOn_platt/hw/Block_4EV_HandsOn.xsa
TRACE::2022-11-18.10:16:01::SCWPlatform::DSA given C:/Users/SESA630813/work-2/4EV_HandsOn_platt/hw/Block_4EV_HandsOn.xsa
TRACE::2022-11-18.10:16:01::SCWPlatform::DSA absoulate path C:/Users/SESA630813/work-2/4EV_HandsOn_platt/hw/Block_4EV_HandsOn.xsa
TRACE::2022-11-18.10:16:01::SCWPlatform::DSA directory C:/Users/SESA630813/work-2/4EV_HandsOn_platt/hw
TRACE::2022-11-18.10:16:01::SCWPlatform:: Platform Path C:/Users/SESA630813/work-2/4EV_HandsOn_platt/hw/Block_4EV_HandsOn.xsa
TRACE::2022-11-18.10:16:01::SCWPlatform:: Unique name xilinx:::0.0
TRACE::2022-11-18.10:16:01::SCWPlatform::Trying to set the existing hwdb with name Block_4EV_wrapper_19
TRACE::2022-11-18.10:16:01::SCWPlatform::Opened existing hwdb Block_4EV_wrapper_19
TRACE::2022-11-18.10:16:01::SCWPlatform::Found the Hw Db part of the input DSA
TRACE::2022-11-18.10:16:01::SCWPlatform::Trying to open the hw design at C:/Users/SESA630813/work-2/4EV_HandsOn_platt/hw/Block_4EV_HandsOn.xsa
TRACE::2022-11-18.10:16:01::SCWPlatform::DSA given C:/Users/SESA630813/work-2/4EV_HandsOn_platt/hw/Block_4EV_HandsOn.xsa
TRACE::2022-11-18.10:16:01::SCWPlatform::DSA absoulate path C:/Users/SESA630813/work-2/4EV_HandsOn_platt/hw/Block_4EV_HandsOn.xsa
TRACE::2022-11-18.10:16:01::SCWPlatform::DSA directory C:/Users/SESA630813/work-2/4EV_HandsOn_platt/hw
TRACE::2022-11-18.10:16:01::SCWPlatform:: Platform Path C:/Users/SESA630813/work-2/4EV_HandsOn_platt/hw/Block_4EV_HandsOn.xsa
TRACE::2022-11-18.10:16:01::SCWPlatform:: Unique name xilinx:::0.0
TRACE::2022-11-18.10:16:01::SCWPlatform::Trying to set the existing hwdb with name Block_4EV_wrapper_19
TRACE::2022-11-18.10:16:01::SCWPlatform::Opened existing hwdb Block_4EV_wrapper_19
TRACE::2022-11-18.10:16:01::SCWPlatform::Found the Hw Db part of the input DSA
TRACE::2022-11-18.10:16:01::SCWMssOS::Checking the sw design at  C:/Users/SESA630813/work-2/4EV_HandsOn_platt/psu_cortexa53_0/standalone_domain/bsp/system.mss
TRACE::2022-11-18.10:16:01::SCWMssOS::DEBUG:  swdes dump  C:/Users/SESA630813/work-2/4EV_HandsOn_platt/psu_cortexa53_0/standalone_domain/bsp/system.mss|system_1||
C:/Users/SESA630813/work-2/4EV_HandsOn_platt/zynqmp_fsbl/zynqmp_fsbl_bsp/system.mss|system||
C:/Users/SESA630813/work-2/4EV_HandsOn_platt/zynqmp_pmufw/zynqmp_pmufw_bsp/system.mss|system_0||

TRACE::2022-11-18.10:16:01::SCWMssOS::Sw design exists and opened at  C:/Users/SESA630813/work-2/4EV_HandsOn_platt/psu_cortexa53_0/standalone_domain/bsp/system.mss
TRACE::2022-11-18.10:16:01::SCWPlatform::Trying to open the hw design at C:/Users/SESA630813/work-2/4EV_HandsOn_platt/tempdsa/Block_4EV_HandsOn.xsa
TRACE::2022-11-18.10:16:01::SCWPlatform::DSA given C:/Users/SESA630813/work-2/4EV_HandsOn_platt/tempdsa/Block_4EV_HandsOn.xsa
TRACE::2022-11-18.10:16:01::SCWPlatform::DSA absoulate path C:/Users/SESA630813/work-2/4EV_HandsOn_platt/tempdsa/Block_4EV_HandsOn.xsa
TRACE::2022-11-18.10:16:01::SCWPlatform::DSA directory C:/Users/SESA630813/work-2/4EV_HandsOn_platt/tempdsa
TRACE::2022-11-18.10:16:01::SCWPlatform:: Platform Path C:/Users/SESA630813/work-2/4EV_HandsOn_platt/tempdsa/Block_4EV_HandsOn.xsa
TRACE::2022-11-18.10:16:01::SCWPlatform:: Unique name xilinx:::0.0
TRACE::2022-11-18.10:16:01::SCWPlatform::update - Opened existing hwdb Block_4EV_wrapper_20
TRACE::2022-11-18.10:16:01::SCWPlatform::Found the Hw Db part of the input DSA
TRACE::2022-11-18.10:16:01::SCWMssOS::Saving the mss changes C:/Users/SESA630813/work-2/4EV_HandsOn_platt/zynqmp_fsbl/zynqmp_fsbl_bsp/system.mss
TRACE::2022-11-18.10:16:01::SCWMssOS::Found a swdesign opened with the mssfile.
TRACE::2022-11-18.10:16:01::SCWMssOS::Completed writemss as part of save.
TRACE::2022-11-18.10:16:01::SCWMssOS::Commit changes completed.
TRACE::2022-11-18.10:16:01::SCWMssOS::Completed hw sync for the mss in domain: zynqmp_fsbl
TRACE::2022-11-18.10:16:01::SCWMssOS::Removing the swdes entry for  C:/Users/SESA630813/work-2/4EV_HandsOn_platt/zynqmp_fsbl/zynqmp_fsbl_bsp/system.mss
TRACE::2022-11-18.10:16:01::SCWMssOS::Saving the mss changes C:/Users/SESA630813/work-2/4EV_HandsOn_platt/zynqmp_pmufw/zynqmp_pmufw_bsp/system.mss
TRACE::2022-11-18.10:16:01::SCWMssOS::Found a swdesign opened with the mssfile.
TRACE::2022-11-18.10:16:01::SCWMssOS::Completed writemss as part of save.
TRACE::2022-11-18.10:16:01::SCWMssOS::Commit changes completed.
TRACE::2022-11-18.10:16:01::SCWMssOS::Completed hw sync for the mss in domain: zynqmp_pmufw
TRACE::2022-11-18.10:16:01::SCWMssOS::Removing the swdes entry for  C:/Users/SESA630813/work-2/4EV_HandsOn_platt/zynqmp_pmufw/zynqmp_pmufw_bsp/system.mss
TRACE::2022-11-18.10:16:01::SCWMssOS::Saving the mss changes C:/Users/SESA630813/work-2/4EV_HandsOn_platt/psu_cortexa53_0/standalone_domain/bsp/system.mss
TRACE::2022-11-18.10:16:01::SCWMssOS::Found a swdesign opened with the mssfile.
TRACE::2022-11-18.10:16:01::SCWMssOS::Completed writemss as part of save.
TRACE::2022-11-18.10:16:01::SCWMssOS::Commit changes completed.
TRACE::2022-11-18.10:16:01::SCWMssOS::Completed hw sync for the mss in domain: standalone_domain
TRACE::2022-11-18.10:16:01::SCWMssOS::Removing the swdes entry for  C:/Users/SESA630813/work-2/4EV_HandsOn_platt/psu_cortexa53_0/standalone_domain/bsp/system.mss
TRACE::2022-11-18.10:16:01::SCWPlatform::Trying to open the hw design at C:/Users/SESA630813/work-2/4EV_HandsOn_platt/hw/Block_4EV_HandsOn.xsa
TRACE::2022-11-18.10:16:01::SCWPlatform::DSA given C:/Users/SESA630813/work-2/4EV_HandsOn_platt/hw/Block_4EV_HandsOn.xsa
TRACE::2022-11-18.10:16:01::SCWPlatform::DSA absoulate path C:/Users/SESA630813/work-2/4EV_HandsOn_platt/hw/Block_4EV_HandsOn.xsa
TRACE::2022-11-18.10:16:01::SCWPlatform::DSA directory C:/Users/SESA630813/work-2/4EV_HandsOn_platt/hw
TRACE::2022-11-18.10:16:01::SCWPlatform:: Platform Path C:/Users/SESA630813/work-2/4EV_HandsOn_platt/hw/Block_4EV_HandsOn.xsa
TRACE::2022-11-18.10:16:01::SCWPlatform:: Unique name xilinx:::0.0
TRACE::2022-11-18.10:16:01::SCWPlatform::Do not have an existing db opened. 
TRACE::2022-11-18.10:16:19::SCWPlatform::Opened new HwDB with name Block_4EV_wrapper_21
TRACE::2022-11-18.10:16:19::SCWMssOS::Saving the mss changes C:/Users/SESA630813/work-2/4EV_HandsOn_platt/zynqmp_fsbl/zynqmp_fsbl_bsp/system.mss
TRACE::2022-11-18.10:16:19::SCWMssOS::Adding the swdes entry, mss present, able to open swdb C:/Users/SESA630813/work-2/4EV_HandsOn_platt/zynqmp_fsbl/zynqmp_fsbl_bsp/system.mss with des name system
TRACE::2022-11-18.10:16:19::SCWMssOS::Writing the mss file completed C:/Users/SESA630813/work-2/4EV_HandsOn_platt/zynqmp_fsbl/zynqmp_fsbl_bsp/system.mss
TRACE::2022-11-18.10:16:19::SCWMssOS::Commit changes completed.
TRACE::2022-11-18.10:16:19::SCWMssOS::Saving the mss changes C:/Users/SESA630813/work-2/4EV_HandsOn_platt/zynqmp_pmufw/zynqmp_pmufw_bsp/system.mss
TRACE::2022-11-18.10:16:19::SCWMssOS::Adding the swdes entry, mss present, able to open swdb C:/Users/SESA630813/work-2/4EV_HandsOn_platt/zynqmp_pmufw/zynqmp_pmufw_bsp/system.mss with des name system_0
TRACE::2022-11-18.10:16:19::SCWMssOS::Writing the mss file completed C:/Users/SESA630813/work-2/4EV_HandsOn_platt/zynqmp_pmufw/zynqmp_pmufw_bsp/system.mss
TRACE::2022-11-18.10:16:19::SCWMssOS::Commit changes completed.
TRACE::2022-11-18.10:16:19::SCWMssOS::Saving the mss changes C:/Users/SESA630813/work-2/4EV_HandsOn_platt/psu_cortexa53_0/standalone_domain/bsp/system.mss
TRACE::2022-11-18.10:16:19::SCWMssOS::Adding the swdes entry, mss present, able to open swdb C:/Users/SESA630813/work-2/4EV_HandsOn_platt/psu_cortexa53_0/standalone_domain/bsp/system.mss with des name system_1
TRACE::2022-11-18.10:16:19::SCWMssOS::Writing the mss file completed C:/Users/SESA630813/work-2/4EV_HandsOn_platt/psu_cortexa53_0/standalone_domain/bsp/system.mss
TRACE::2022-11-18.10:16:19::SCWMssOS::Commit changes completed.
TRACE::2022-11-18.10:16:19::SCWPlatform::Trying to open the hw design at C:/Users/SESA630813/work-2/4EV_HandsOn_platt/hw/Block_4EV_HandsOn.xsa
TRACE::2022-11-18.10:16:19::SCWPlatform::DSA given C:/Users/SESA630813/work-2/4EV_HandsOn_platt/hw/Block_4EV_HandsOn.xsa
TRACE::2022-11-18.10:16:19::SCWPlatform::DSA absoulate path C:/Users/SESA630813/work-2/4EV_HandsOn_platt/hw/Block_4EV_HandsOn.xsa
TRACE::2022-11-18.10:16:19::SCWPlatform::DSA directory C:/Users/SESA630813/work-2/4EV_HandsOn_platt/hw
TRACE::2022-11-18.10:16:19::SCWPlatform:: Platform Path C:/Users/SESA630813/work-2/4EV_HandsOn_platt/hw/Block_4EV_HandsOn.xsa
TRACE::2022-11-18.10:16:19::SCWPlatform:: Unique name xilinx:::0.0
TRACE::2022-11-18.10:16:19::SCWPlatform::Trying to set the existing hwdb with name Block_4EV_wrapper_21
TRACE::2022-11-18.10:16:19::SCWPlatform::Opened existing hwdb Block_4EV_wrapper_21
TRACE::2022-11-18.10:16:19::SCWPlatform::Found the Hw Db part of the input DSA
TRACE::2022-11-18.10:16:19::SCWMssOS::Checking the sw design at  C:/Users/SESA630813/work-2/4EV_HandsOn_platt/zynqmp_fsbl/zynqmp_fsbl_bsp/system.mss
TRACE::2022-11-18.10:16:19::SCWMssOS::DEBUG:  swdes dump  C:/Users/SESA630813/work-2/4EV_HandsOn_platt/psu_cortexa53_0/standalone_domain/bsp/system.mss|system_1||
C:/Users/SESA630813/work-2/4EV_HandsOn_platt/zynqmp_fsbl/zynqmp_fsbl_bsp/system.mss|system||
C:/Users/SESA630813/work-2/4EV_HandsOn_platt/zynqmp_pmufw/zynqmp_pmufw_bsp/system.mss|system_0||

TRACE::2022-11-18.10:16:19::SCWMssOS::Sw design exists and opened at  C:/Users/SESA630813/work-2/4EV_HandsOn_platt/zynqmp_fsbl/zynqmp_fsbl_bsp/system.mss
TRACE::2022-11-18.10:16:19::SCWPlatform::Trying to open the hw design at C:/Users/SESA630813/work-2/4EV_HandsOn_platt/hw/Block_4EV_HandsOn.xsa
TRACE::2022-11-18.10:16:19::SCWPlatform::DSA given C:/Users/SESA630813/work-2/4EV_HandsOn_platt/hw/Block_4EV_HandsOn.xsa
TRACE::2022-11-18.10:16:19::SCWPlatform::DSA absoulate path C:/Users/SESA630813/work-2/4EV_HandsOn_platt/hw/Block_4EV_HandsOn.xsa
TRACE::2022-11-18.10:16:19::SCWPlatform::DSA directory C:/Users/SESA630813/work-2/4EV_HandsOn_platt/hw
TRACE::2022-11-18.10:16:19::SCWPlatform:: Platform Path C:/Users/SESA630813/work-2/4EV_HandsOn_platt/hw/Block_4EV_HandsOn.xsa
TRACE::2022-11-18.10:16:19::SCWPlatform:: Unique name xilinx:::0.0
TRACE::2022-11-18.10:16:19::SCWPlatform::Trying to set the existing hwdb with name Block_4EV_wrapper_21
TRACE::2022-11-18.10:16:19::SCWPlatform::Opened existing hwdb Block_4EV_wrapper_21
TRACE::2022-11-18.10:16:19::SCWPlatform::Found the Hw Db part of the input DSA
TRACE::2022-11-18.10:16:19::SCWMssOS::Checking the sw design at  C:/Users/SESA630813/work-2/4EV_HandsOn_platt/zynqmp_pmufw/zynqmp_pmufw_bsp/system.mss
TRACE::2022-11-18.10:16:19::SCWMssOS::DEBUG:  swdes dump  C:/Users/SESA630813/work-2/4EV_HandsOn_platt/psu_cortexa53_0/standalone_domain/bsp/system.mss|system_1||
C:/Users/SESA630813/work-2/4EV_HandsOn_platt/zynqmp_fsbl/zynqmp_fsbl_bsp/system.mss|system||
C:/Users/SESA630813/work-2/4EV_HandsOn_platt/zynqmp_pmufw/zynqmp_pmufw_bsp/system.mss|system_0||

TRACE::2022-11-18.10:16:19::SCWMssOS::Sw design exists and opened at  C:/Users/SESA630813/work-2/4EV_HandsOn_platt/zynqmp_pmufw/zynqmp_pmufw_bsp/system.mss
TRACE::2022-11-18.10:16:19::SCWPlatform::Trying to open the hw design at C:/Users/SESA630813/work-2/4EV_HandsOn_platt/hw/Block_4EV_HandsOn.xsa
TRACE::2022-11-18.10:16:19::SCWPlatform::DSA given C:/Users/SESA630813/work-2/4EV_HandsOn_platt/hw/Block_4EV_HandsOn.xsa
TRACE::2022-11-18.10:16:19::SCWPlatform::DSA absoulate path C:/Users/SESA630813/work-2/4EV_HandsOn_platt/hw/Block_4EV_HandsOn.xsa
TRACE::2022-11-18.10:16:19::SCWPlatform::DSA directory C:/Users/SESA630813/work-2/4EV_HandsOn_platt/hw
TRACE::2022-11-18.10:16:19::SCWPlatform:: Platform Path C:/Users/SESA630813/work-2/4EV_HandsOn_platt/hw/Block_4EV_HandsOn.xsa
TRACE::2022-11-18.10:16:19::SCWPlatform:: Unique name xilinx:::0.0
TRACE::2022-11-18.10:16:19::SCWPlatform::Trying to set the existing hwdb with name Block_4EV_wrapper_21
TRACE::2022-11-18.10:16:19::SCWPlatform::Opened existing hwdb Block_4EV_wrapper_21
TRACE::2022-11-18.10:16:19::SCWPlatform::Found the Hw Db part of the input DSA
TRACE::2022-11-18.10:16:19::SCWMssOS::Checking the sw design at  C:/Users/SESA630813/work-2/4EV_HandsOn_platt/psu_cortexa53_0/standalone_domain/bsp/system.mss
TRACE::2022-11-18.10:16:19::SCWMssOS::DEBUG:  swdes dump  C:/Users/SESA630813/work-2/4EV_HandsOn_platt/psu_cortexa53_0/standalone_domain/bsp/system.mss|system_1||
C:/Users/SESA630813/work-2/4EV_HandsOn_platt/zynqmp_fsbl/zynqmp_fsbl_bsp/system.mss|system||
C:/Users/SESA630813/work-2/4EV_HandsOn_platt/zynqmp_pmufw/zynqmp_pmufw_bsp/system.mss|system_0||

TRACE::2022-11-18.10:16:19::SCWMssOS::Sw design exists and opened at  C:/Users/SESA630813/work-2/4EV_HandsOn_platt/psu_cortexa53_0/standalone_domain/bsp/system.mss
TRACE::2022-11-18.10:16:19::SCWWriter::formatted JSON is {
	"platformName":	"4EV_HandsOn_platt",
	"sprVersion":	"2.0",
	"mode":	"gui",
	"dsaType":	"Fixed",
	"platformDesc":	"4EV_HandsOn_platt",
	"platHandOff":	"C:/Schneider/ScriptingPath/enclustra/4EV-Hands-On/Block_4EV_HandsOn.xsa",
	"platIntHandOff":	"<platformDir>/hw/Block_4EV_HandsOn.xsa",
	"deviceType":	"zynqMP",
	"platIsPrebuiltAutogen":	"false",
	"platIsNoBootBsp":	"false",
	"platFsblTarget":	"psu_cortexa53_0",
	"hasFsblMakeHasChanges":	"false",
	"hasPmufwMakeHasChanges":	"false",
	"fsblExtraCompilerFlags":	"-MMD -MP      -Wall -fmessage-length=0 -DARMA53_64 -Os -flto -ffat-lto-objects  ",
	"pmufwExtraCompilerFlags":	"-MMD -MP      -mlittle-endian -mxl-barrel-shift -mxl-pattern-compare -mcpu=v9.2 -mxl-soft-mul -Os -flto -ffat-lto-objects  ",
	"platPreBuiltFlag":	false,
	"platformSamplesDir":	"",
	"platActiveSys":	"4EV_HandsOn_platt",
	"systems":	[{
			"systemName":	"4EV_HandsOn_platt",
			"systemDesc":	"4EV_HandsOn_platt",
			"sysIsBootAutoGen":	"true",
			"systemDispName":	"4EV_HandsOn_platt",
			"sysActiveDom":	"standalone_domain",
			"sysDefaultDom":	"standalone_domain",
			"domains":	[{
					"domainName":	"zynqmp_fsbl",
					"domainDispName":	"zynqmp_fsbl",
					"domainDesc":	"FSBL Application BSP - Auto Generated.",
					"processors":	"psu_cortexa53_0",
					"os":	"standalone",
					"sdxOs":	"standalone",
					"debugEnable":	"",
					"domRuntimes":	["cpp"],
					"swRepo":	"",
					"mssOsVer":	"7.6",
					"mssFile":	"",
					"md5Digest":	"f0f90a35a6a229e56057b23e4b7162c6",
					"compatibleApp":	"zynqmp_fsbl",
					"domType":	"bootDomain",
					"arch":	"64-bit",
					"appSettings":	{
						"appCompilerFlags":	"",
						"appLinkerFlags":	""
					},
					"addedLibs":	["xilffs:4.6", "xilsecure:4.6", "xilpm:3.5"],
					"libOptions":	{
						"standalone":	{
							"zynqmp_fsbl_bsp":	"true",
							"libOptionNames":	["zynqmp_fsbl_bsp"]
						},
						"xilffs":	{
							"read_only":	"true",
							"use_mkfs":	"false",
							"libOptionNames":	["read_only", "use_mkfs"]
						},
						"xilsecure":	{
							"tpm_support":	"true",
							"libOptionNames":	["tpm_support"]
						},
						"libsContainingOptions":	["standalone", "xilffs", "xilsecure"]
					},
					"prebuiltLibs":	{
						"prebuiltIncPath":	[],
						"prebuiltLibPath":	[]
					},
					"isolation":	{
					}
				}, {
					"domainName":	"zynqmp_pmufw",
					"domainDispName":	"zynqmp_pmufw",
					"domainDesc":	"PMUFW Application BSP - Auto Generated.",
					"processors":	"psu_pmu_0",
					"os":	"standalone",
					"sdxOs":	"standalone",
					"debugEnable":	"",
					"domRuntimes":	["cpp"],
					"swRepo":	"",
					"mssOsVer":	"7.6",
					"mssFile":	"",
					"md5Digest":	"2252945fa1d34af486e1005da291d4dd",
					"compatibleApp":	"zynqmp_pmufw",
					"domType":	"bootDomain",
					"arch":	"32-bit",
					"appSettings":	{
						"appCompilerFlags":	"",
						"appLinkerFlags":	""
					},
					"addedLibs":	["xilfpga:6.1", "xilsecure:4.6", "xilskey:7.2"],
					"libOptions":	{
						"psu_pmu_0":	{
							"extra_compiler_flags":	"-g -ffunction-sections -fdata-sections -Wall -Wextra -fno-tree-loop-distribute-patterns  -Os -flto -ffat-lto-objects",
							"libOptionNames":	["extra_compiler_flags"]
						},
						"libsContainingOptions":	["psu_pmu_0"]
					},
					"prebuiltLibs":	{
						"prebuiltIncPath":	[],
						"prebuiltLibPath":	[]
					},
					"isolation":	{
					}
				}, {
					"domainName":	"standalone_domain",
					"domainDispName":	"standalone on psu_cortexa53_0",
					"domainDesc":	"standalone_domain",
					"processors":	"psu_cortexa53_0",
					"os":	"standalone",
					"sdxOs":	"standalone",
					"qemuArgs":	"C:/Xilinx3/Vitis/2021.2/data/emulation/platforms/zynqmp/sw/a53_standalone/qemu/qemu_args.txt",
					"qemuData":	"C:/Xilinx3/Vitis/2021.2/data/emulation/platforms/zynqmp/sw/a53_standalone/qemu/",
					"pmuQemuArgs":	"C:/Xilinx3/Vitis/2021.2/data/emulation/platforms/zynqmp/sw/a53_standalone/qemu/pmu_args.txt",
					"debugEnable":	"False",
					"domRuntimes":	["cpp"],
					"swRepo":	"",
					"mssOsVer":	"7.6",
					"mssFile":	"",
					"md5Digest":	"a7380b93d62648222d0ccf0a3c72bcd4",
					"compatibleApp":	"",
					"domType":	"mssDomain",
					"arch":	"64-bit",
					"appSettings":	{
						"appCompilerFlags":	"",
						"appLinkerFlags":	""
					},
					"addedLibs":	[],
					"libOptions":	{
						"libsContainingOptions":	[]
					},
					"prebuiltLibs":	{
						"prebuiltIncPath":	[],
						"prebuiltLibPath":	[]
					},
					"isolation":	{
					}
				}]
		}]
}
TRACE::2022-11-18.10:16:21::SCWPlatform::Clearing the existing platform
TRACE::2022-11-18.10:16:21::SCWSystem::Clearing the existing sysconfig
TRACE::2022-11-18.10:16:21::SCWBDomain::clearing the fsbl build
TRACE::2022-11-18.10:16:21::SCWMssOS::Removing the swdes entry for  C:/Users/SESA630813/work-2/4EV_HandsOn_platt/zynqmp_fsbl/zynqmp_fsbl_bsp/system.mss
TRACE::2022-11-18.10:16:21::SCWBDomain::clearing the pmufw build
TRACE::2022-11-18.10:16:21::SCWMssOS::Removing the swdes entry for  C:/Users/SESA630813/work-2/4EV_HandsOn_platt/zynqmp_pmufw/zynqmp_pmufw_bsp/system.mss
TRACE::2022-11-18.10:16:21::SCWMssOS::Removing the swdes entry for  C:/Users/SESA630813/work-2/4EV_HandsOn_platt/psu_cortexa53_0/standalone_domain/bsp/system.mss
TRACE::2022-11-18.10:16:21::SCWSystem::Clearing the domains completed.
TRACE::2022-11-18.10:16:21::SCWPlatform::Clearing the opened hw db.
TRACE::2022-11-18.10:16:21::SCWPlatform::DSA given C:/Users/SESA630813/work-2/4EV_HandsOn_platt/hw/Block_4EV_HandsOn.xsa
TRACE::2022-11-18.10:16:21::SCWPlatform::DSA absoulate path C:/Users/SESA630813/work-2/4EV_HandsOn_platt/hw/Block_4EV_HandsOn.xsa
TRACE::2022-11-18.10:16:21::SCWPlatform:: Platform location is C:/Users/SESA630813/work-2/4EV_HandsOn_platt/hw
TRACE::2022-11-18.10:16:21::SCWPlatform:: Platform Path C:/Users/SESA630813/work-2/4EV_HandsOn_platt/hw/Block_4EV_HandsOn.xsa
TRACE::2022-11-18.10:16:21::SCWPlatform:: Unique name xilinx:::0.0
TRACE::2022-11-18.10:16:21::SCWPlatform::Removing the HwDB with name C:/Users/SESA630813/work-2/4EV_HandsOn_platt/hw/Block_4EV_HandsOn.xsa
TRACE::2022-11-18.10:16:21::SCWPlatform::Trying to open the hw design at C:/Users/SESA630813/work-2/4EV_HandsOn_platt/hw/Block_4EV_HandsOn.xsa
TRACE::2022-11-18.10:16:21::SCWPlatform::DSA given C:/Users/SESA630813/work-2/4EV_HandsOn_platt/hw/Block_4EV_HandsOn.xsa
TRACE::2022-11-18.10:16:21::SCWPlatform::DSA absoulate path C:/Users/SESA630813/work-2/4EV_HandsOn_platt/hw/Block_4EV_HandsOn.xsa
TRACE::2022-11-18.10:16:21::SCWPlatform::DSA directory C:/Users/SESA630813/work-2/4EV_HandsOn_platt/hw
TRACE::2022-11-18.10:16:21::SCWPlatform:: Platform Path C:/Users/SESA630813/work-2/4EV_HandsOn_platt/hw/Block_4EV_HandsOn.xsa
TRACE::2022-11-18.10:16:21::SCWPlatform:: Unique name xilinx:::0.0
TRACE::2022-11-18.10:16:21::SCWPlatform::Do not have an existing db opened. 
TRACE::2022-11-18.10:16:40::SCWPlatform::Opened new HwDB with name Block_4EV_wrapper_22
TRACE::2022-11-18.10:16:40::SCWReader::Active system found as  4EV_HandsOn_platt
TRACE::2022-11-18.10:16:40::SCWReader::Handling sysconfig 4EV_HandsOn_platt
TRACE::2022-11-18.10:16:40::SCWDomain::checking for install qemu data   : 
TRACE::2022-11-18.10:16:40::SCWDomain:: Using the QEMU Data from install at  : C:/Xilinx3/Vitis/2021.2/data/emulation/platforms/zynqmp/sw/a53_standalone/qemu/
TRACE::2022-11-18.10:16:40::SCWDomain:: Using the QEMU args  from install at  : C:/Xilinx3/Vitis/2021.2/data/emulation/platforms/zynqmp/sw/a53_standalone/qemu/qemu_args.txt
TRACE::2022-11-18.10:16:40::SCWDomain:: Using the PMUQEMU args from install at  : C:/Xilinx3/Vitis/2021.2/data/emulation/platforms/zynqmp/sw/a53_standalone/qemu/pmu_args.txt
TRACE::2022-11-18.10:16:40::SCWPlatform::Trying to open the hw design at C:/Users/SESA630813/work-2/4EV_HandsOn_platt/hw/Block_4EV_HandsOn.xsa
TRACE::2022-11-18.10:16:40::SCWPlatform::DSA given C:/Users/SESA630813/work-2/4EV_HandsOn_platt/hw/Block_4EV_HandsOn.xsa
TRACE::2022-11-18.10:16:40::SCWPlatform::DSA absoulate path C:/Users/SESA630813/work-2/4EV_HandsOn_platt/hw/Block_4EV_HandsOn.xsa
TRACE::2022-11-18.10:16:40::SCWPlatform::DSA directory C:/Users/SESA630813/work-2/4EV_HandsOn_platt/hw
TRACE::2022-11-18.10:16:40::SCWPlatform:: Platform Path C:/Users/SESA630813/work-2/4EV_HandsOn_platt/hw/Block_4EV_HandsOn.xsa
TRACE::2022-11-18.10:16:40::SCWPlatform:: Unique name xilinx:::0.0
TRACE::2022-11-18.10:16:40::SCWPlatform::Trying to set the existing hwdb with name Block_4EV_wrapper_22
TRACE::2022-11-18.10:16:40::SCWPlatform::Opened existing hwdb Block_4EV_wrapper_22
TRACE::2022-11-18.10:16:40::SCWPlatform::Found the Hw Db part of the input DSA
TRACE::2022-11-18.10:16:40::SCWPlatform::Trying to open the hw design at C:/Users/SESA630813/work-2/4EV_HandsOn_platt/hw/Block_4EV_HandsOn.xsa
TRACE::2022-11-18.10:16:40::SCWPlatform::DSA given C:/Users/SESA630813/work-2/4EV_HandsOn_platt/hw/Block_4EV_HandsOn.xsa
TRACE::2022-11-18.10:16:40::SCWPlatform::DSA absoulate path C:/Users/SESA630813/work-2/4EV_HandsOn_platt/hw/Block_4EV_HandsOn.xsa
TRACE::2022-11-18.10:16:40::SCWPlatform::DSA directory C:/Users/SESA630813/work-2/4EV_HandsOn_platt/hw
TRACE::2022-11-18.10:16:40::SCWPlatform:: Platform Path C:/Users/SESA630813/work-2/4EV_HandsOn_platt/hw/Block_4EV_HandsOn.xsa
TRACE::2022-11-18.10:16:40::SCWPlatform:: Unique name xilinx:::0.0
TRACE::2022-11-18.10:16:40::SCWPlatform::Trying to set the existing hwdb with name Block_4EV_wrapper_22
TRACE::2022-11-18.10:16:40::SCWPlatform::Opened existing hwdb Block_4EV_wrapper_22
TRACE::2022-11-18.10:16:40::SCWPlatform::Found the Hw Db part of the input DSA
TRACE::2022-11-18.10:16:40::SCWPlatform::Trying to open the hw design at C:/Users/SESA630813/work-2/4EV_HandsOn_platt/hw/Block_4EV_HandsOn.xsa
TRACE::2022-11-18.10:16:40::SCWPlatform::DSA given C:/Users/SESA630813/work-2/4EV_HandsOn_platt/hw/Block_4EV_HandsOn.xsa
TRACE::2022-11-18.10:16:40::SCWPlatform::DSA absoulate path C:/Users/SESA630813/work-2/4EV_HandsOn_platt/hw/Block_4EV_HandsOn.xsa
TRACE::2022-11-18.10:16:40::SCWPlatform::DSA directory C:/Users/SESA630813/work-2/4EV_HandsOn_platt/hw
TRACE::2022-11-18.10:16:40::SCWPlatform:: Platform Path C:/Users/SESA630813/work-2/4EV_HandsOn_platt/hw/Block_4EV_HandsOn.xsa
TRACE::2022-11-18.10:16:40::SCWPlatform:: Unique name xilinx:::0.0
TRACE::2022-11-18.10:16:40::SCWPlatform::Trying to set the existing hwdb with name Block_4EV_wrapper_22
TRACE::2022-11-18.10:16:40::SCWPlatform::Opened existing hwdb Block_4EV_wrapper_22
TRACE::2022-11-18.10:16:40::SCWPlatform::Found the Hw Db part of the input DSA
TRACE::2022-11-18.10:16:40::SCWReader::Boot application domain added for zynqmp_fsbl
TRACE::2022-11-18.10:16:40::SCWPlatform::Trying to open the hw design at C:/Users/SESA630813/work-2/4EV_HandsOn_platt/hw/Block_4EV_HandsOn.xsa
TRACE::2022-11-18.10:16:40::SCWPlatform::DSA given C:/Users/SESA630813/work-2/4EV_HandsOn_platt/hw/Block_4EV_HandsOn.xsa
TRACE::2022-11-18.10:16:40::SCWPlatform::DSA absoulate path C:/Users/SESA630813/work-2/4EV_HandsOn_platt/hw/Block_4EV_HandsOn.xsa
TRACE::2022-11-18.10:16:40::SCWPlatform::DSA directory C:/Users/SESA630813/work-2/4EV_HandsOn_platt/hw
TRACE::2022-11-18.10:16:40::SCWPlatform:: Platform Path C:/Users/SESA630813/work-2/4EV_HandsOn_platt/hw/Block_4EV_HandsOn.xsa
TRACE::2022-11-18.10:16:40::SCWPlatform:: Unique name xilinx:::0.0
TRACE::2022-11-18.10:16:40::SCWPlatform::Trying to set the existing hwdb with name Block_4EV_wrapper_22
TRACE::2022-11-18.10:16:40::SCWPlatform::Opened existing hwdb Block_4EV_wrapper_22
TRACE::2022-11-18.10:16:40::SCWPlatform::Found the Hw Db part of the input DSA
TRACE::2022-11-18.10:16:40::SCWMssOS::Checking the sw design at  C:/Users/SESA630813/work-2/4EV_HandsOn_platt/zynqmp_fsbl/zynqmp_fsbl_bsp/system.mss
TRACE::2022-11-18.10:16:40::SCWMssOS::DEBUG:  swdes dump  
TRACE::2022-11-18.10:16:40::SCWMssOS::No sw design opened at  C:/Users/SESA630813/work-2/4EV_HandsOn_platt/zynqmp_fsbl/zynqmp_fsbl_bsp/system.mss
TRACE::2022-11-18.10:16:40::SCWMssOS::mss exists loading the mss file  C:/Users/SESA630813/work-2/4EV_HandsOn_platt/zynqmp_fsbl/zynqmp_fsbl_bsp/system.mss
TRACE::2022-11-18.10:16:40::SCWMssOS::Opened the sw design from mss  C:/Users/SESA630813/work-2/4EV_HandsOn_platt/zynqmp_fsbl/zynqmp_fsbl_bsp/system.mss
TRACE::2022-11-18.10:16:40::SCWMssOS::Adding the swdes entry C:/Users/SESA630813/work-2/4EV_HandsOn_platt/zynqmp_fsbl/zynqmp_fsbl_bsp/system.mss with des name system
TRACE::2022-11-18.10:16:40::SCWMssOS::updating the scw layer about changes
TRACE::2022-11-18.10:16:40::SCWMssOS::Opened the sw design.  C:/Users/SESA630813/work-2/4EV_HandsOn_platt/zynqmp_fsbl/zynqmp_fsbl_bsp/system.mss
TRACE::2022-11-18.10:16:40::SCWPlatform::Trying to open the hw design at C:/Users/SESA630813/work-2/4EV_HandsOn_platt/hw/Block_4EV_HandsOn.xsa
TRACE::2022-11-18.10:16:40::SCWPlatform::DSA given C:/Users/SESA630813/work-2/4EV_HandsOn_platt/hw/Block_4EV_HandsOn.xsa
TRACE::2022-11-18.10:16:40::SCWPlatform::DSA absoulate path C:/Users/SESA630813/work-2/4EV_HandsOn_platt/hw/Block_4EV_HandsOn.xsa
TRACE::2022-11-18.10:16:40::SCWPlatform::DSA directory C:/Users/SESA630813/work-2/4EV_HandsOn_platt/hw
TRACE::2022-11-18.10:16:40::SCWPlatform:: Platform Path C:/Users/SESA630813/work-2/4EV_HandsOn_platt/hw/Block_4EV_HandsOn.xsa
TRACE::2022-11-18.10:16:40::SCWPlatform:: Unique name xilinx:::0.0
TRACE::2022-11-18.10:16:40::SCWPlatform::Trying to set the existing hwdb with name Block_4EV_wrapper_22
TRACE::2022-11-18.10:16:40::SCWPlatform::Opened existing hwdb Block_4EV_wrapper_22
TRACE::2022-11-18.10:16:40::SCWPlatform::Found the Hw Db part of the input DSA
TRACE::2022-11-18.10:16:40::SCWMssOS::Checking the sw design at  C:/Users/SESA630813/work-2/4EV_HandsOn_platt/zynqmp_fsbl/zynqmp_fsbl_bsp/system.mss
TRACE::2022-11-18.10:16:40::SCWMssOS::DEBUG:  swdes dump  C:/Users/SESA630813/work-2/4EV_HandsOn_platt/zynqmp_fsbl/zynqmp_fsbl_bsp/system.mss|system||

TRACE::2022-11-18.10:16:40::SCWMssOS::Sw design exists and opened at  C:/Users/SESA630813/work-2/4EV_HandsOn_platt/zynqmp_fsbl/zynqmp_fsbl_bsp/system.mss
TRACE::2022-11-18.10:16:40::SCWMssOS:: library already available in sw design:  xilffs:4.6
TRACE::2022-11-18.10:16:40::SCWPlatform::Trying to open the hw design at C:/Users/SESA630813/work-2/4EV_HandsOn_platt/hw/Block_4EV_HandsOn.xsa
TRACE::2022-11-18.10:16:40::SCWPlatform::DSA given C:/Users/SESA630813/work-2/4EV_HandsOn_platt/hw/Block_4EV_HandsOn.xsa
TRACE::2022-11-18.10:16:40::SCWPlatform::DSA absoulate path C:/Users/SESA630813/work-2/4EV_HandsOn_platt/hw/Block_4EV_HandsOn.xsa
TRACE::2022-11-18.10:16:40::SCWPlatform::DSA directory C:/Users/SESA630813/work-2/4EV_HandsOn_platt/hw
TRACE::2022-11-18.10:16:40::SCWPlatform:: Platform Path C:/Users/SESA630813/work-2/4EV_HandsOn_platt/hw/Block_4EV_HandsOn.xsa
TRACE::2022-11-18.10:16:40::SCWPlatform:: Unique name xilinx:::0.0
TRACE::2022-11-18.10:16:40::SCWPlatform::Trying to set the existing hwdb with name Block_4EV_wrapper_22
TRACE::2022-11-18.10:16:40::SCWPlatform::Opened existing hwdb Block_4EV_wrapper_22
TRACE::2022-11-18.10:16:40::SCWPlatform::Found the Hw Db part of the input DSA
TRACE::2022-11-18.10:16:40::SCWMssOS::Checking the sw design at  C:/Users/SESA630813/work-2/4EV_HandsOn_platt/zynqmp_fsbl/zynqmp_fsbl_bsp/system.mss
TRACE::2022-11-18.10:16:40::SCWMssOS::DEBUG:  swdes dump  C:/Users/SESA630813/work-2/4EV_HandsOn_platt/zynqmp_fsbl/zynqmp_fsbl_bsp/system.mss|system||

TRACE::2022-11-18.10:16:40::SCWMssOS::Sw design exists and opened at  C:/Users/SESA630813/work-2/4EV_HandsOn_platt/zynqmp_fsbl/zynqmp_fsbl_bsp/system.mss
TRACE::2022-11-18.10:16:40::SCWMssOS:: library already available in sw design:  xilsecure:4.6
TRACE::2022-11-18.10:16:40::SCWPlatform::Trying to open the hw design at C:/Users/SESA630813/work-2/4EV_HandsOn_platt/hw/Block_4EV_HandsOn.xsa
TRACE::2022-11-18.10:16:40::SCWPlatform::DSA given C:/Users/SESA630813/work-2/4EV_HandsOn_platt/hw/Block_4EV_HandsOn.xsa
TRACE::2022-11-18.10:16:40::SCWPlatform::DSA absoulate path C:/Users/SESA630813/work-2/4EV_HandsOn_platt/hw/Block_4EV_HandsOn.xsa
TRACE::2022-11-18.10:16:40::SCWPlatform::DSA directory C:/Users/SESA630813/work-2/4EV_HandsOn_platt/hw
TRACE::2022-11-18.10:16:40::SCWPlatform:: Platform Path C:/Users/SESA630813/work-2/4EV_HandsOn_platt/hw/Block_4EV_HandsOn.xsa
TRACE::2022-11-18.10:16:40::SCWPlatform:: Unique name xilinx:::0.0
TRACE::2022-11-18.10:16:40::SCWPlatform::Trying to set the existing hwdb with name Block_4EV_wrapper_22
TRACE::2022-11-18.10:16:40::SCWPlatform::Opened existing hwdb Block_4EV_wrapper_22
TRACE::2022-11-18.10:16:40::SCWPlatform::Found the Hw Db part of the input DSA
TRACE::2022-11-18.10:16:40::SCWMssOS::Checking the sw design at  C:/Users/SESA630813/work-2/4EV_HandsOn_platt/zynqmp_fsbl/zynqmp_fsbl_bsp/system.mss
TRACE::2022-11-18.10:16:40::SCWMssOS::DEBUG:  swdes dump  C:/Users/SESA630813/work-2/4EV_HandsOn_platt/zynqmp_fsbl/zynqmp_fsbl_bsp/system.mss|system||

TRACE::2022-11-18.10:16:40::SCWMssOS::Sw design exists and opened at  C:/Users/SESA630813/work-2/4EV_HandsOn_platt/zynqmp_fsbl/zynqmp_fsbl_bsp/system.mss
TRACE::2022-11-18.10:16:40::SCWMssOS:: library already available in sw design:  xilpm:3.5
TRACE::2022-11-18.10:16:40::SCWPlatform::Trying to open the hw design at C:/Users/SESA630813/work-2/4EV_HandsOn_platt/hw/Block_4EV_HandsOn.xsa
TRACE::2022-11-18.10:16:40::SCWPlatform::DSA given C:/Users/SESA630813/work-2/4EV_HandsOn_platt/hw/Block_4EV_HandsOn.xsa
TRACE::2022-11-18.10:16:40::SCWPlatform::DSA absoulate path C:/Users/SESA630813/work-2/4EV_HandsOn_platt/hw/Block_4EV_HandsOn.xsa
TRACE::2022-11-18.10:16:40::SCWPlatform::DSA directory C:/Users/SESA630813/work-2/4EV_HandsOn_platt/hw
TRACE::2022-11-18.10:16:40::SCWPlatform:: Platform Path C:/Users/SESA630813/work-2/4EV_HandsOn_platt/hw/Block_4EV_HandsOn.xsa
TRACE::2022-11-18.10:16:40::SCWPlatform:: Unique name xilinx:::0.0
TRACE::2022-11-18.10:16:40::SCWPlatform::Trying to set the existing hwdb with name Block_4EV_wrapper_22
TRACE::2022-11-18.10:16:40::SCWPlatform::Opened existing hwdb Block_4EV_wrapper_22
TRACE::2022-11-18.10:16:40::SCWPlatform::Found the Hw Db part of the input DSA
TRACE::2022-11-18.10:16:40::SCWMssOS::Checking the sw design at  C:/Users/SESA630813/work-2/4EV_HandsOn_platt/zynqmp_fsbl/zynqmp_fsbl_bsp/system.mss
TRACE::2022-11-18.10:16:40::SCWMssOS::DEBUG:  swdes dump  C:/Users/SESA630813/work-2/4EV_HandsOn_platt/zynqmp_fsbl/zynqmp_fsbl_bsp/system.mss|system||

TRACE::2022-11-18.10:16:40::SCWMssOS::Sw design exists and opened at  C:/Users/SESA630813/work-2/4EV_HandsOn_platt/zynqmp_fsbl/zynqmp_fsbl_bsp/system.mss
TRACE::2022-11-18.10:16:40::SCWPlatform::Trying to open the hw design at C:/Users/SESA630813/work-2/4EV_HandsOn_platt/hw/Block_4EV_HandsOn.xsa
TRACE::2022-11-18.10:16:40::SCWPlatform::DSA given C:/Users/SESA630813/work-2/4EV_HandsOn_platt/hw/Block_4EV_HandsOn.xsa
TRACE::2022-11-18.10:16:40::SCWPlatform::DSA absoulate path C:/Users/SESA630813/work-2/4EV_HandsOn_platt/hw/Block_4EV_HandsOn.xsa
TRACE::2022-11-18.10:16:40::SCWPlatform::DSA directory C:/Users/SESA630813/work-2/4EV_HandsOn_platt/hw
TRACE::2022-11-18.10:16:40::SCWPlatform:: Platform Path C:/Users/SESA630813/work-2/4EV_HandsOn_platt/hw/Block_4EV_HandsOn.xsa
TRACE::2022-11-18.10:16:40::SCWPlatform:: Unique name xilinx:::0.0
TRACE::2022-11-18.10:16:40::SCWPlatform::Trying to set the existing hwdb with name Block_4EV_wrapper_22
TRACE::2022-11-18.10:16:40::SCWPlatform::Opened existing hwdb Block_4EV_wrapper_22
TRACE::2022-11-18.10:16:40::SCWPlatform::Found the Hw Db part of the input DSA
TRACE::2022-11-18.10:16:40::SCWMssOS::Checking the sw design at  C:/Users/SESA630813/work-2/4EV_HandsOn_platt/zynqmp_fsbl/zynqmp_fsbl_bsp/system.mss
TRACE::2022-11-18.10:16:40::SCWMssOS::DEBUG:  swdes dump  C:/Users/SESA630813/work-2/4EV_HandsOn_platt/zynqmp_fsbl/zynqmp_fsbl_bsp/system.mss|system||

TRACE::2022-11-18.10:16:40::SCWMssOS::Sw design exists and opened at  C:/Users/SESA630813/work-2/4EV_HandsOn_platt/zynqmp_fsbl/zynqmp_fsbl_bsp/system.mss
TRACE::2022-11-18.10:16:40::SCWPlatform::Trying to open the hw design at C:/Users/SESA630813/work-2/4EV_HandsOn_platt/hw/Block_4EV_HandsOn.xsa
TRACE::2022-11-18.10:16:40::SCWPlatform::DSA given C:/Users/SESA630813/work-2/4EV_HandsOn_platt/hw/Block_4EV_HandsOn.xsa
TRACE::2022-11-18.10:16:40::SCWPlatform::DSA absoulate path C:/Users/SESA630813/work-2/4EV_HandsOn_platt/hw/Block_4EV_HandsOn.xsa
TRACE::2022-11-18.10:16:40::SCWPlatform::DSA directory C:/Users/SESA630813/work-2/4EV_HandsOn_platt/hw
TRACE::2022-11-18.10:16:40::SCWPlatform:: Platform Path C:/Users/SESA630813/work-2/4EV_HandsOn_platt/hw/Block_4EV_HandsOn.xsa
TRACE::2022-11-18.10:16:40::SCWPlatform:: Unique name xilinx:::0.0
TRACE::2022-11-18.10:16:40::SCWPlatform::Trying to set the existing hwdb with name Block_4EV_wrapper_22
TRACE::2022-11-18.10:16:40::SCWPlatform::Opened existing hwdb Block_4EV_wrapper_22
TRACE::2022-11-18.10:16:40::SCWPlatform::Found the Hw Db part of the input DSA
TRACE::2022-11-18.10:16:40::SCWMssOS::Checking the sw design at  C:/Users/SESA630813/work-2/4EV_HandsOn_platt/zynqmp_fsbl/zynqmp_fsbl_bsp/system.mss
TRACE::2022-11-18.10:16:40::SCWMssOS::DEBUG:  swdes dump  C:/Users/SESA630813/work-2/4EV_HandsOn_platt/zynqmp_fsbl/zynqmp_fsbl_bsp/system.mss|system||

TRACE::2022-11-18.10:16:40::SCWMssOS::Sw design exists and opened at  C:/Users/SESA630813/work-2/4EV_HandsOn_platt/zynqmp_fsbl/zynqmp_fsbl_bsp/system.mss
TRACE::2022-11-18.10:16:40::SCWPlatform::Trying to open the hw design at C:/Users/SESA630813/work-2/4EV_HandsOn_platt/hw/Block_4EV_HandsOn.xsa
TRACE::2022-11-18.10:16:40::SCWPlatform::DSA given C:/Users/SESA630813/work-2/4EV_HandsOn_platt/hw/Block_4EV_HandsOn.xsa
TRACE::2022-11-18.10:16:40::SCWPlatform::DSA absoulate path C:/Users/SESA630813/work-2/4EV_HandsOn_platt/hw/Block_4EV_HandsOn.xsa
TRACE::2022-11-18.10:16:40::SCWPlatform::DSA directory C:/Users/SESA630813/work-2/4EV_HandsOn_platt/hw
TRACE::2022-11-18.10:16:40::SCWPlatform:: Platform Path C:/Users/SESA630813/work-2/4EV_HandsOn_platt/hw/Block_4EV_HandsOn.xsa
TRACE::2022-11-18.10:16:40::SCWPlatform:: Unique name xilinx:::0.0
TRACE::2022-11-18.10:16:40::SCWPlatform::Trying to set the existing hwdb with name Block_4EV_wrapper_22
TRACE::2022-11-18.10:16:40::SCWPlatform::Opened existing hwdb Block_4EV_wrapper_22
TRACE::2022-11-18.10:16:40::SCWPlatform::Found the Hw Db part of the input DSA
TRACE::2022-11-18.10:16:40::SCWMssOS::Checking the sw design at  C:/Users/SESA630813/work-2/4EV_HandsOn_platt/zynqmp_fsbl/zynqmp_fsbl_bsp/system.mss
TRACE::2022-11-18.10:16:40::SCWMssOS::DEBUG:  swdes dump  C:/Users/SESA630813/work-2/4EV_HandsOn_platt/zynqmp_fsbl/zynqmp_fsbl_bsp/system.mss|system||

TRACE::2022-11-18.10:16:40::SCWMssOS::Sw design exists and opened at  C:/Users/SESA630813/work-2/4EV_HandsOn_platt/zynqmp_fsbl/zynqmp_fsbl_bsp/system.mss
TRACE::2022-11-18.10:16:40::SCWPlatform::Trying to open the hw design at C:/Users/SESA630813/work-2/4EV_HandsOn_platt/hw/Block_4EV_HandsOn.xsa
TRACE::2022-11-18.10:16:40::SCWPlatform::DSA given C:/Users/SESA630813/work-2/4EV_HandsOn_platt/hw/Block_4EV_HandsOn.xsa
TRACE::2022-11-18.10:16:40::SCWPlatform::DSA absoulate path C:/Users/SESA630813/work-2/4EV_HandsOn_platt/hw/Block_4EV_HandsOn.xsa
TRACE::2022-11-18.10:16:40::SCWPlatform::DSA directory C:/Users/SESA630813/work-2/4EV_HandsOn_platt/hw
TRACE::2022-11-18.10:16:40::SCWPlatform:: Platform Path C:/Users/SESA630813/work-2/4EV_HandsOn_platt/hw/Block_4EV_HandsOn.xsa
TRACE::2022-11-18.10:16:40::SCWPlatform:: Unique name xilinx:::0.0
TRACE::2022-11-18.10:16:40::SCWPlatform::Trying to set the existing hwdb with name Block_4EV_wrapper_22
TRACE::2022-11-18.10:16:40::SCWPlatform::Opened existing hwdb Block_4EV_wrapper_22
TRACE::2022-11-18.10:16:40::SCWPlatform::Found the Hw Db part of the input DSA
TRACE::2022-11-18.10:16:40::SCWMssOS::Checking the sw design at  C:/Users/SESA630813/work-2/4EV_HandsOn_platt/zynqmp_fsbl/zynqmp_fsbl_bsp/system.mss
TRACE::2022-11-18.10:16:40::SCWMssOS::DEBUG:  swdes dump  C:/Users/SESA630813/work-2/4EV_HandsOn_platt/zynqmp_fsbl/zynqmp_fsbl_bsp/system.mss|system||

TRACE::2022-11-18.10:16:40::SCWMssOS::Sw design exists and opened at  C:/Users/SESA630813/work-2/4EV_HandsOn_platt/zynqmp_fsbl/zynqmp_fsbl_bsp/system.mss
TRACE::2022-11-18.10:16:40::SCWPlatform::Trying to open the hw design at C:/Users/SESA630813/work-2/4EV_HandsOn_platt/hw/Block_4EV_HandsOn.xsa
TRACE::2022-11-18.10:16:40::SCWPlatform::DSA given C:/Users/SESA630813/work-2/4EV_HandsOn_platt/hw/Block_4EV_HandsOn.xsa
TRACE::2022-11-18.10:16:40::SCWPlatform::DSA absoulate path C:/Users/SESA630813/work-2/4EV_HandsOn_platt/hw/Block_4EV_HandsOn.xsa
TRACE::2022-11-18.10:16:40::SCWPlatform::DSA directory C:/Users/SESA630813/work-2/4EV_HandsOn_platt/hw
TRACE::2022-11-18.10:16:40::SCWPlatform:: Platform Path C:/Users/SESA630813/work-2/4EV_HandsOn_platt/hw/Block_4EV_HandsOn.xsa
TRACE::2022-11-18.10:16:40::SCWPlatform:: Unique name xilinx:::0.0
TRACE::2022-11-18.10:16:40::SCWPlatform::Trying to set the existing hwdb with name Block_4EV_wrapper_22
TRACE::2022-11-18.10:16:40::SCWPlatform::Opened existing hwdb Block_4EV_wrapper_22
TRACE::2022-11-18.10:16:40::SCWPlatform::Found the Hw Db part of the input DSA
TRACE::2022-11-18.10:16:40::SCWMssOS::Checking the sw design at  C:/Users/SESA630813/work-2/4EV_HandsOn_platt/zynqmp_fsbl/zynqmp_fsbl_bsp/system.mss
TRACE::2022-11-18.10:16:40::SCWMssOS::DEBUG:  swdes dump  C:/Users/SESA630813/work-2/4EV_HandsOn_platt/zynqmp_fsbl/zynqmp_fsbl_bsp/system.mss|system||

TRACE::2022-11-18.10:16:40::SCWMssOS::Sw design exists and opened at  C:/Users/SESA630813/work-2/4EV_HandsOn_platt/zynqmp_fsbl/zynqmp_fsbl_bsp/system.mss
TRACE::2022-11-18.10:16:40::SCWPlatform::Trying to open the hw design at C:/Users/SESA630813/work-2/4EV_HandsOn_platt/hw/Block_4EV_HandsOn.xsa
TRACE::2022-11-18.10:16:40::SCWPlatform::DSA given C:/Users/SESA630813/work-2/4EV_HandsOn_platt/hw/Block_4EV_HandsOn.xsa
TRACE::2022-11-18.10:16:40::SCWPlatform::DSA absoulate path C:/Users/SESA630813/work-2/4EV_HandsOn_platt/hw/Block_4EV_HandsOn.xsa
TRACE::2022-11-18.10:16:40::SCWPlatform::DSA directory C:/Users/SESA630813/work-2/4EV_HandsOn_platt/hw
TRACE::2022-11-18.10:16:40::SCWPlatform:: Platform Path C:/Users/SESA630813/work-2/4EV_HandsOn_platt/hw/Block_4EV_HandsOn.xsa
TRACE::2022-11-18.10:16:40::SCWPlatform:: Unique name xilinx:::0.0
TRACE::2022-11-18.10:16:40::SCWPlatform::Trying to set the existing hwdb with name Block_4EV_wrapper_22
TRACE::2022-11-18.10:16:40::SCWPlatform::Opened existing hwdb Block_4EV_wrapper_22
TRACE::2022-11-18.10:16:40::SCWPlatform::Found the Hw Db part of the input DSA
TRACE::2022-11-18.10:16:40::SCWMssOS::Checking the sw design at  C:/Users/SESA630813/work-2/4EV_HandsOn_platt/zynqmp_fsbl/zynqmp_fsbl_bsp/system.mss
TRACE::2022-11-18.10:16:40::SCWMssOS::DEBUG:  swdes dump  C:/Users/SESA630813/work-2/4EV_HandsOn_platt/zynqmp_fsbl/zynqmp_fsbl_bsp/system.mss|system||

TRACE::2022-11-18.10:16:40::SCWMssOS::Sw design exists and opened at  C:/Users/SESA630813/work-2/4EV_HandsOn_platt/zynqmp_fsbl/zynqmp_fsbl_bsp/system.mss
TRACE::2022-11-18.10:16:40::SCWPlatform::Trying to open the hw design at C:/Users/SESA630813/work-2/4EV_HandsOn_platt/hw/Block_4EV_HandsOn.xsa
TRACE::2022-11-18.10:16:40::SCWPlatform::DSA given C:/Users/SESA630813/work-2/4EV_HandsOn_platt/hw/Block_4EV_HandsOn.xsa
TRACE::2022-11-18.10:16:40::SCWPlatform::DSA absoulate path C:/Users/SESA630813/work-2/4EV_HandsOn_platt/hw/Block_4EV_HandsOn.xsa
TRACE::2022-11-18.10:16:40::SCWPlatform::DSA directory C:/Users/SESA630813/work-2/4EV_HandsOn_platt/hw
TRACE::2022-11-18.10:16:40::SCWPlatform:: Platform Path C:/Users/SESA630813/work-2/4EV_HandsOn_platt/hw/Block_4EV_HandsOn.xsa
TRACE::2022-11-18.10:16:40::SCWPlatform:: Unique name xilinx:::0.0
TRACE::2022-11-18.10:16:40::SCWPlatform::Trying to set the existing hwdb with name Block_4EV_wrapper_22
TRACE::2022-11-18.10:16:40::SCWPlatform::Opened existing hwdb Block_4EV_wrapper_22
TRACE::2022-11-18.10:16:40::SCWPlatform::Found the Hw Db part of the input DSA
TRACE::2022-11-18.10:16:40::SCWMssOS::Checking the sw design at  C:/Users/SESA630813/work-2/4EV_HandsOn_platt/zynqmp_fsbl/zynqmp_fsbl_bsp/system.mss
TRACE::2022-11-18.10:16:40::SCWMssOS::DEBUG:  swdes dump  C:/Users/SESA630813/work-2/4EV_HandsOn_platt/zynqmp_fsbl/zynqmp_fsbl_bsp/system.mss|system||

TRACE::2022-11-18.10:16:40::SCWMssOS::Sw design exists and opened at  C:/Users/SESA630813/work-2/4EV_HandsOn_platt/zynqmp_fsbl/zynqmp_fsbl_bsp/system.mss
TRACE::2022-11-18.10:16:40::SCWMssOS::Saving the mss changes C:/Users/SESA630813/work-2/4EV_HandsOn_platt/zynqmp_fsbl/zynqmp_fsbl_bsp/system.mss
TRACE::2022-11-18.10:16:40::SCWMssOS::Found a swdesign opened with the mssfile.
TRACE::2022-11-18.10:16:40::SCWMssOS::Completed writemss as part of save.
TRACE::2022-11-18.10:16:40::SCWMssOS::Commit changes completed.
TRACE::2022-11-18.10:16:40::SCWReader::Adding prebuilt librarypaths as   
TRACE::2022-11-18.10:16:40::SCWReader::Adding prebuilt incpaths  as   
TRACE::2022-11-18.10:16:40::SCWPlatform::Trying to open the hw design at C:/Users/SESA630813/work-2/4EV_HandsOn_platt/hw/Block_4EV_HandsOn.xsa
TRACE::2022-11-18.10:16:40::SCWPlatform::DSA given C:/Users/SESA630813/work-2/4EV_HandsOn_platt/hw/Block_4EV_HandsOn.xsa
TRACE::2022-11-18.10:16:40::SCWPlatform::DSA absoulate path C:/Users/SESA630813/work-2/4EV_HandsOn_platt/hw/Block_4EV_HandsOn.xsa
TRACE::2022-11-18.10:16:40::SCWPlatform::DSA directory C:/Users/SESA630813/work-2/4EV_HandsOn_platt/hw
TRACE::2022-11-18.10:16:40::SCWPlatform:: Platform Path C:/Users/SESA630813/work-2/4EV_HandsOn_platt/hw/Block_4EV_HandsOn.xsa
TRACE::2022-11-18.10:16:40::SCWPlatform:: Unique name xilinx:::0.0
TRACE::2022-11-18.10:16:40::SCWPlatform::Trying to set the existing hwdb with name Block_4EV_wrapper_22
TRACE::2022-11-18.10:16:40::SCWPlatform::Opened existing hwdb Block_4EV_wrapper_22
TRACE::2022-11-18.10:16:40::SCWPlatform::Found the Hw Db part of the input DSA
TRACE::2022-11-18.10:16:40::SCWMssOS::Checking the sw design at  C:/Users/SESA630813/work-2/4EV_HandsOn_platt/zynqmp_fsbl/zynqmp_fsbl_bsp/system.mss
TRACE::2022-11-18.10:16:40::SCWMssOS::DEBUG:  swdes dump  C:/Users/SESA630813/work-2/4EV_HandsOn_platt/zynqmp_fsbl/zynqmp_fsbl_bsp/system.mss|system||

TRACE::2022-11-18.10:16:40::SCWMssOS::Sw design exists and opened at  C:/Users/SESA630813/work-2/4EV_HandsOn_platt/zynqmp_fsbl/zynqmp_fsbl_bsp/system.mss
TRACE::2022-11-18.10:16:40::SCWReader::No isolation master present  
TRACE::2022-11-18.10:16:40::SCWDomain::checking for install qemu data   : 
TRACE::2022-11-18.10:16:40::SCWDomain:: Using the QEMU Data from install at  : C:/Xilinx3/Vitis/2021.2/data/emulation/platforms/zynqmp/sw/a53_standalone/qemu/
TRACE::2022-11-18.10:16:40::SCWDomain:: Using the QEMU args  from install at  : C:/Xilinx3/Vitis/2021.2/data/emulation/platforms/zynqmp/sw/a53_standalone/qemu/qemu_args.txt
TRACE::2022-11-18.10:16:40::SCWDomain:: Using the PMUQEMU args from install at  : C:/Xilinx3/Vitis/2021.2/data/emulation/platforms/zynqmp/sw/a53_standalone/qemu/pmu_args.txt
TRACE::2022-11-18.10:16:40::SCWPlatform::Trying to open the hw design at C:/Users/SESA630813/work-2/4EV_HandsOn_platt/hw/Block_4EV_HandsOn.xsa
TRACE::2022-11-18.10:16:40::SCWPlatform::DSA given C:/Users/SESA630813/work-2/4EV_HandsOn_platt/hw/Block_4EV_HandsOn.xsa
TRACE::2022-11-18.10:16:40::SCWPlatform::DSA absoulate path C:/Users/SESA630813/work-2/4EV_HandsOn_platt/hw/Block_4EV_HandsOn.xsa
TRACE::2022-11-18.10:16:40::SCWPlatform::DSA directory C:/Users/SESA630813/work-2/4EV_HandsOn_platt/hw
TRACE::2022-11-18.10:16:40::SCWPlatform:: Platform Path C:/Users/SESA630813/work-2/4EV_HandsOn_platt/hw/Block_4EV_HandsOn.xsa
TRACE::2022-11-18.10:16:40::SCWPlatform:: Unique name xilinx:::0.0
TRACE::2022-11-18.10:16:40::SCWPlatform::Trying to set the existing hwdb with name Block_4EV_wrapper_22
TRACE::2022-11-18.10:16:40::SCWPlatform::Opened existing hwdb Block_4EV_wrapper_22
TRACE::2022-11-18.10:16:40::SCWPlatform::Found the Hw Db part of the input DSA
TRACE::2022-11-18.10:16:40::SCWReader::Boot application domain added for zynqmp_pmufw
TRACE::2022-11-18.10:16:40::SCWPlatform::Trying to open the hw design at C:/Users/SESA630813/work-2/4EV_HandsOn_platt/hw/Block_4EV_HandsOn.xsa
TRACE::2022-11-18.10:16:40::SCWPlatform::DSA given C:/Users/SESA630813/work-2/4EV_HandsOn_platt/hw/Block_4EV_HandsOn.xsa
TRACE::2022-11-18.10:16:40::SCWPlatform::DSA absoulate path C:/Users/SESA630813/work-2/4EV_HandsOn_platt/hw/Block_4EV_HandsOn.xsa
TRACE::2022-11-18.10:16:40::SCWPlatform::DSA directory C:/Users/SESA630813/work-2/4EV_HandsOn_platt/hw
TRACE::2022-11-18.10:16:40::SCWPlatform:: Platform Path C:/Users/SESA630813/work-2/4EV_HandsOn_platt/hw/Block_4EV_HandsOn.xsa
TRACE::2022-11-18.10:16:40::SCWPlatform:: Unique name xilinx:::0.0
TRACE::2022-11-18.10:16:40::SCWPlatform::Trying to set the existing hwdb with name Block_4EV_wrapper_22
TRACE::2022-11-18.10:16:40::SCWPlatform::Opened existing hwdb Block_4EV_wrapper_22
TRACE::2022-11-18.10:16:40::SCWPlatform::Found the Hw Db part of the input DSA
TRACE::2022-11-18.10:16:40::SCWMssOS::Checking the sw design at  C:/Users/SESA630813/work-2/4EV_HandsOn_platt/zynqmp_pmufw/zynqmp_pmufw_bsp/system.mss
TRACE::2022-11-18.10:16:40::SCWMssOS::DEBUG:  swdes dump  C:/Users/SESA630813/work-2/4EV_HandsOn_platt/zynqmp_fsbl/zynqmp_fsbl_bsp/system.mss|system||

TRACE::2022-11-18.10:16:40::SCWMssOS::No sw design opened at  C:/Users/SESA630813/work-2/4EV_HandsOn_platt/zynqmp_pmufw/zynqmp_pmufw_bsp/system.mss
TRACE::2022-11-18.10:16:40::SCWMssOS::mss exists loading the mss file  C:/Users/SESA630813/work-2/4EV_HandsOn_platt/zynqmp_pmufw/zynqmp_pmufw_bsp/system.mss
TRACE::2022-11-18.10:16:40::SCWMssOS::Opened the sw design from mss  C:/Users/SESA630813/work-2/4EV_HandsOn_platt/zynqmp_pmufw/zynqmp_pmufw_bsp/system.mss
TRACE::2022-11-18.10:16:40::SCWMssOS::Adding the swdes entry C:/Users/SESA630813/work-2/4EV_HandsOn_platt/zynqmp_pmufw/zynqmp_pmufw_bsp/system.mss with des name system_0
TRACE::2022-11-18.10:16:40::SCWMssOS::updating the scw layer about changes
TRACE::2022-11-18.10:16:40::SCWMssOS::Opened the sw design.  C:/Users/SESA630813/work-2/4EV_HandsOn_platt/zynqmp_pmufw/zynqmp_pmufw_bsp/system.mss
TRACE::2022-11-18.10:16:40::SCWPlatform::Trying to open the hw design at C:/Users/SESA630813/work-2/4EV_HandsOn_platt/hw/Block_4EV_HandsOn.xsa
TRACE::2022-11-18.10:16:40::SCWPlatform::DSA given C:/Users/SESA630813/work-2/4EV_HandsOn_platt/hw/Block_4EV_HandsOn.xsa
TRACE::2022-11-18.10:16:40::SCWPlatform::DSA absoulate path C:/Users/SESA630813/work-2/4EV_HandsOn_platt/hw/Block_4EV_HandsOn.xsa
TRACE::2022-11-18.10:16:40::SCWPlatform::DSA directory C:/Users/SESA630813/work-2/4EV_HandsOn_platt/hw
TRACE::2022-11-18.10:16:40::SCWPlatform:: Platform Path C:/Users/SESA630813/work-2/4EV_HandsOn_platt/hw/Block_4EV_HandsOn.xsa
TRACE::2022-11-18.10:16:40::SCWPlatform:: Unique name xilinx:::0.0
TRACE::2022-11-18.10:16:40::SCWPlatform::Trying to set the existing hwdb with name Block_4EV_wrapper_22
TRACE::2022-11-18.10:16:40::SCWPlatform::Opened existing hwdb Block_4EV_wrapper_22
TRACE::2022-11-18.10:16:40::SCWPlatform::Found the Hw Db part of the input DSA
TRACE::2022-11-18.10:16:40::SCWMssOS::Checking the sw design at  C:/Users/SESA630813/work-2/4EV_HandsOn_platt/zynqmp_pmufw/zynqmp_pmufw_bsp/system.mss
TRACE::2022-11-18.10:16:40::SCWMssOS::DEBUG:  swdes dump  C:/Users/SESA630813/work-2/4EV_HandsOn_platt/zynqmp_fsbl/zynqmp_fsbl_bsp/system.mss|system||
C:/Users/SESA630813/work-2/4EV_HandsOn_platt/zynqmp_pmufw/zynqmp_pmufw_bsp/system.mss|system_0||

TRACE::2022-11-18.10:16:40::SCWMssOS::Sw design exists and opened at  C:/Users/SESA630813/work-2/4EV_HandsOn_platt/zynqmp_pmufw/zynqmp_pmufw_bsp/system.mss
TRACE::2022-11-18.10:16:40::SCWMssOS:: library already available in sw design:  xilfpga:6.1
TRACE::2022-11-18.10:16:40::SCWPlatform::Trying to open the hw design at C:/Users/SESA630813/work-2/4EV_HandsOn_platt/hw/Block_4EV_HandsOn.xsa
TRACE::2022-11-18.10:16:40::SCWPlatform::DSA given C:/Users/SESA630813/work-2/4EV_HandsOn_platt/hw/Block_4EV_HandsOn.xsa
TRACE::2022-11-18.10:16:40::SCWPlatform::DSA absoulate path C:/Users/SESA630813/work-2/4EV_HandsOn_platt/hw/Block_4EV_HandsOn.xsa
TRACE::2022-11-18.10:16:40::SCWPlatform::DSA directory C:/Users/SESA630813/work-2/4EV_HandsOn_platt/hw
TRACE::2022-11-18.10:16:40::SCWPlatform:: Platform Path C:/Users/SESA630813/work-2/4EV_HandsOn_platt/hw/Block_4EV_HandsOn.xsa
TRACE::2022-11-18.10:16:40::SCWPlatform:: Unique name xilinx:::0.0
TRACE::2022-11-18.10:16:40::SCWPlatform::Trying to set the existing hwdb with name Block_4EV_wrapper_22
TRACE::2022-11-18.10:16:40::SCWPlatform::Opened existing hwdb Block_4EV_wrapper_22
TRACE::2022-11-18.10:16:40::SCWPlatform::Found the Hw Db part of the input DSA
TRACE::2022-11-18.10:16:40::SCWMssOS::Checking the sw design at  C:/Users/SESA630813/work-2/4EV_HandsOn_platt/zynqmp_pmufw/zynqmp_pmufw_bsp/system.mss
TRACE::2022-11-18.10:16:40::SCWMssOS::DEBUG:  swdes dump  C:/Users/SESA630813/work-2/4EV_HandsOn_platt/zynqmp_fsbl/zynqmp_fsbl_bsp/system.mss|system||
C:/Users/SESA630813/work-2/4EV_HandsOn_platt/zynqmp_pmufw/zynqmp_pmufw_bsp/system.mss|system_0||

TRACE::2022-11-18.10:16:40::SCWMssOS::Sw design exists and opened at  C:/Users/SESA630813/work-2/4EV_HandsOn_platt/zynqmp_pmufw/zynqmp_pmufw_bsp/system.mss
TRACE::2022-11-18.10:16:40::SCWMssOS:: library already available in sw design:  xilsecure:4.6
TRACE::2022-11-18.10:16:40::SCWPlatform::Trying to open the hw design at C:/Users/SESA630813/work-2/4EV_HandsOn_platt/hw/Block_4EV_HandsOn.xsa
TRACE::2022-11-18.10:16:40::SCWPlatform::DSA given C:/Users/SESA630813/work-2/4EV_HandsOn_platt/hw/Block_4EV_HandsOn.xsa
TRACE::2022-11-18.10:16:40::SCWPlatform::DSA absoulate path C:/Users/SESA630813/work-2/4EV_HandsOn_platt/hw/Block_4EV_HandsOn.xsa
TRACE::2022-11-18.10:16:40::SCWPlatform::DSA directory C:/Users/SESA630813/work-2/4EV_HandsOn_platt/hw
TRACE::2022-11-18.10:16:40::SCWPlatform:: Platform Path C:/Users/SESA630813/work-2/4EV_HandsOn_platt/hw/Block_4EV_HandsOn.xsa
TRACE::2022-11-18.10:16:40::SCWPlatform:: Unique name xilinx:::0.0
TRACE::2022-11-18.10:16:40::SCWPlatform::Trying to set the existing hwdb with name Block_4EV_wrapper_22
TRACE::2022-11-18.10:16:40::SCWPlatform::Opened existing hwdb Block_4EV_wrapper_22
TRACE::2022-11-18.10:16:40::SCWPlatform::Found the Hw Db part of the input DSA
TRACE::2022-11-18.10:16:40::SCWMssOS::Checking the sw design at  C:/Users/SESA630813/work-2/4EV_HandsOn_platt/zynqmp_pmufw/zynqmp_pmufw_bsp/system.mss
TRACE::2022-11-18.10:16:40::SCWMssOS::DEBUG:  swdes dump  C:/Users/SESA630813/work-2/4EV_HandsOn_platt/zynqmp_fsbl/zynqmp_fsbl_bsp/system.mss|system||
C:/Users/SESA630813/work-2/4EV_HandsOn_platt/zynqmp_pmufw/zynqmp_pmufw_bsp/system.mss|system_0||

TRACE::2022-11-18.10:16:40::SCWMssOS::Sw design exists and opened at  C:/Users/SESA630813/work-2/4EV_HandsOn_platt/zynqmp_pmufw/zynqmp_pmufw_bsp/system.mss
TRACE::2022-11-18.10:16:40::SCWMssOS:: library already available in sw design:  xilskey:7.2
TRACE::2022-11-18.10:16:40::SCWPlatform::Trying to open the hw design at C:/Users/SESA630813/work-2/4EV_HandsOn_platt/hw/Block_4EV_HandsOn.xsa
TRACE::2022-11-18.10:16:40::SCWPlatform::DSA given C:/Users/SESA630813/work-2/4EV_HandsOn_platt/hw/Block_4EV_HandsOn.xsa
TRACE::2022-11-18.10:16:40::SCWPlatform::DSA absoulate path C:/Users/SESA630813/work-2/4EV_HandsOn_platt/hw/Block_4EV_HandsOn.xsa
TRACE::2022-11-18.10:16:40::SCWPlatform::DSA directory C:/Users/SESA630813/work-2/4EV_HandsOn_platt/hw
TRACE::2022-11-18.10:16:40::SCWPlatform:: Platform Path C:/Users/SESA630813/work-2/4EV_HandsOn_platt/hw/Block_4EV_HandsOn.xsa
TRACE::2022-11-18.10:16:40::SCWPlatform:: Unique name xilinx:::0.0
TRACE::2022-11-18.10:16:40::SCWPlatform::Trying to set the existing hwdb with name Block_4EV_wrapper_22
TRACE::2022-11-18.10:16:40::SCWPlatform::Opened existing hwdb Block_4EV_wrapper_22
TRACE::2022-11-18.10:16:40::SCWPlatform::Found the Hw Db part of the input DSA
TRACE::2022-11-18.10:16:40::SCWMssOS::Checking the sw design at  C:/Users/SESA630813/work-2/4EV_HandsOn_platt/zynqmp_pmufw/zynqmp_pmufw_bsp/system.mss
TRACE::2022-11-18.10:16:40::SCWMssOS::DEBUG:  swdes dump  C:/Users/SESA630813/work-2/4EV_HandsOn_platt/zynqmp_fsbl/zynqmp_fsbl_bsp/system.mss|system||
C:/Users/SESA630813/work-2/4EV_HandsOn_platt/zynqmp_pmufw/zynqmp_pmufw_bsp/system.mss|system_0||

TRACE::2022-11-18.10:16:40::SCWMssOS::Sw design exists and opened at  C:/Users/SESA630813/work-2/4EV_HandsOn_platt/zynqmp_pmufw/zynqmp_pmufw_bsp/system.mss
TRACE::2022-11-18.10:16:40::SCWPlatform::Trying to open the hw design at C:/Users/SESA630813/work-2/4EV_HandsOn_platt/hw/Block_4EV_HandsOn.xsa
TRACE::2022-11-18.10:16:40::SCWPlatform::DSA given C:/Users/SESA630813/work-2/4EV_HandsOn_platt/hw/Block_4EV_HandsOn.xsa
TRACE::2022-11-18.10:16:40::SCWPlatform::DSA absoulate path C:/Users/SESA630813/work-2/4EV_HandsOn_platt/hw/Block_4EV_HandsOn.xsa
TRACE::2022-11-18.10:16:40::SCWPlatform::DSA directory C:/Users/SESA630813/work-2/4EV_HandsOn_platt/hw
TRACE::2022-11-18.10:16:40::SCWPlatform:: Platform Path C:/Users/SESA630813/work-2/4EV_HandsOn_platt/hw/Block_4EV_HandsOn.xsa
TRACE::2022-11-18.10:16:40::SCWPlatform:: Unique name xilinx:::0.0
TRACE::2022-11-18.10:16:40::SCWPlatform::Trying to set the existing hwdb with name Block_4EV_wrapper_22
TRACE::2022-11-18.10:16:40::SCWPlatform::Opened existing hwdb Block_4EV_wrapper_22
TRACE::2022-11-18.10:16:40::SCWPlatform::Found the Hw Db part of the input DSA
TRACE::2022-11-18.10:16:40::SCWMssOS::Checking the sw design at  C:/Users/SESA630813/work-2/4EV_HandsOn_platt/zynqmp_pmufw/zynqmp_pmufw_bsp/system.mss
TRACE::2022-11-18.10:16:40::SCWMssOS::DEBUG:  swdes dump  C:/Users/SESA630813/work-2/4EV_HandsOn_platt/zynqmp_fsbl/zynqmp_fsbl_bsp/system.mss|system||
C:/Users/SESA630813/work-2/4EV_HandsOn_platt/zynqmp_pmufw/zynqmp_pmufw_bsp/system.mss|system_0||

TRACE::2022-11-18.10:16:40::SCWMssOS::Sw design exists and opened at  C:/Users/SESA630813/work-2/4EV_HandsOn_platt/zynqmp_pmufw/zynqmp_pmufw_bsp/system.mss
TRACE::2022-11-18.10:16:40::SCWMssOS::Saving the mss changes C:/Users/SESA630813/work-2/4EV_HandsOn_platt/zynqmp_pmufw/zynqmp_pmufw_bsp/system.mss
TRACE::2022-11-18.10:16:40::SCWMssOS::Found a swdesign opened with the mssfile.
TRACE::2022-11-18.10:16:40::SCWMssOS::Completed writemss as part of save.
TRACE::2022-11-18.10:16:40::SCWMssOS::Commit changes completed.
TRACE::2022-11-18.10:16:40::SCWReader::Adding prebuilt librarypaths as   
TRACE::2022-11-18.10:16:40::SCWReader::Adding prebuilt incpaths  as   
TRACE::2022-11-18.10:16:40::SCWPlatform::Trying to open the hw design at C:/Users/SESA630813/work-2/4EV_HandsOn_platt/hw/Block_4EV_HandsOn.xsa
TRACE::2022-11-18.10:16:40::SCWPlatform::DSA given C:/Users/SESA630813/work-2/4EV_HandsOn_platt/hw/Block_4EV_HandsOn.xsa
TRACE::2022-11-18.10:16:40::SCWPlatform::DSA absoulate path C:/Users/SESA630813/work-2/4EV_HandsOn_platt/hw/Block_4EV_HandsOn.xsa
TRACE::2022-11-18.10:16:40::SCWPlatform::DSA directory C:/Users/SESA630813/work-2/4EV_HandsOn_platt/hw
TRACE::2022-11-18.10:16:41::SCWPlatform:: Platform Path C:/Users/SESA630813/work-2/4EV_HandsOn_platt/hw/Block_4EV_HandsOn.xsa
TRACE::2022-11-18.10:16:41::SCWPlatform:: Unique name xilinx:::0.0
TRACE::2022-11-18.10:16:41::SCWPlatform::Trying to set the existing hwdb with name Block_4EV_wrapper_22
TRACE::2022-11-18.10:16:41::SCWPlatform::Opened existing hwdb Block_4EV_wrapper_22
TRACE::2022-11-18.10:16:41::SCWPlatform::Found the Hw Db part of the input DSA
TRACE::2022-11-18.10:16:41::SCWMssOS::Checking the sw design at  C:/Users/SESA630813/work-2/4EV_HandsOn_platt/zynqmp_pmufw/zynqmp_pmufw_bsp/system.mss
TRACE::2022-11-18.10:16:41::SCWMssOS::DEBUG:  swdes dump  C:/Users/SESA630813/work-2/4EV_HandsOn_platt/zynqmp_fsbl/zynqmp_fsbl_bsp/system.mss|system||
C:/Users/SESA630813/work-2/4EV_HandsOn_platt/zynqmp_pmufw/zynqmp_pmufw_bsp/system.mss|system_0||

TRACE::2022-11-18.10:16:41::SCWMssOS::Sw design exists and opened at  C:/Users/SESA630813/work-2/4EV_HandsOn_platt/zynqmp_pmufw/zynqmp_pmufw_bsp/system.mss
TRACE::2022-11-18.10:16:41::SCWReader::No isolation master present  
TRACE::2022-11-18.10:16:41::SCWDomain::checking for install qemu data   : 
TRACE::2022-11-18.10:16:41::SCWDomain:: Using the QEMU Data from install at  : C:/Xilinx3/Vitis/2021.2/data/emulation/platforms/zynqmp/sw/a53_standalone/qemu/
TRACE::2022-11-18.10:16:41::SCWDomain:: Using the QEMU args  from install at  : C:/Xilinx3/Vitis/2021.2/data/emulation/platforms/zynqmp/sw/a53_standalone/qemu/qemu_args.txt
TRACE::2022-11-18.10:16:41::SCWDomain:: Using the PMUQEMU args from install at  : C:/Xilinx3/Vitis/2021.2/data/emulation/platforms/zynqmp/sw/a53_standalone/qemu/pmu_args.txt
TRACE::2022-11-18.10:16:41::SCWPlatform::Trying to open the hw design at C:/Users/SESA630813/work-2/4EV_HandsOn_platt/hw/Block_4EV_HandsOn.xsa
TRACE::2022-11-18.10:16:41::SCWPlatform::DSA given C:/Users/SESA630813/work-2/4EV_HandsOn_platt/hw/Block_4EV_HandsOn.xsa
TRACE::2022-11-18.10:16:41::SCWPlatform::DSA absoulate path C:/Users/SESA630813/work-2/4EV_HandsOn_platt/hw/Block_4EV_HandsOn.xsa
TRACE::2022-11-18.10:16:41::SCWPlatform::DSA directory C:/Users/SESA630813/work-2/4EV_HandsOn_platt/hw
TRACE::2022-11-18.10:16:41::SCWPlatform:: Platform Path C:/Users/SESA630813/work-2/4EV_HandsOn_platt/hw/Block_4EV_HandsOn.xsa
TRACE::2022-11-18.10:16:41::SCWPlatform:: Unique name xilinx:::0.0
TRACE::2022-11-18.10:16:41::SCWPlatform::Trying to set the existing hwdb with name Block_4EV_wrapper_22
TRACE::2022-11-18.10:16:41::SCWPlatform::Opened existing hwdb Block_4EV_wrapper_22
TRACE::2022-11-18.10:16:41::SCWPlatform::Found the Hw Db part of the input DSA
TRACE::2022-11-18.10:16:41::SCWPlatform::Trying to open the hw design at C:/Users/SESA630813/work-2/4EV_HandsOn_platt/hw/Block_4EV_HandsOn.xsa
TRACE::2022-11-18.10:16:41::SCWPlatform::DSA given C:/Users/SESA630813/work-2/4EV_HandsOn_platt/hw/Block_4EV_HandsOn.xsa
TRACE::2022-11-18.10:16:41::SCWPlatform::DSA absoulate path C:/Users/SESA630813/work-2/4EV_HandsOn_platt/hw/Block_4EV_HandsOn.xsa
TRACE::2022-11-18.10:16:41::SCWPlatform::DSA directory C:/Users/SESA630813/work-2/4EV_HandsOn_platt/hw
TRACE::2022-11-18.10:16:41::SCWPlatform:: Platform Path C:/Users/SESA630813/work-2/4EV_HandsOn_platt/hw/Block_4EV_HandsOn.xsa
TRACE::2022-11-18.10:16:41::SCWPlatform:: Unique name xilinx:::0.0
TRACE::2022-11-18.10:16:41::SCWPlatform::Trying to set the existing hwdb with name Block_4EV_wrapper_22
TRACE::2022-11-18.10:16:41::SCWPlatform::Opened existing hwdb Block_4EV_wrapper_22
TRACE::2022-11-18.10:16:41::SCWPlatform::Found the Hw Db part of the input DSA
TRACE::2022-11-18.10:16:41::SCWPlatform::Trying to open the hw design at C:/Users/SESA630813/work-2/4EV_HandsOn_platt/hw/Block_4EV_HandsOn.xsa
TRACE::2022-11-18.10:16:41::SCWPlatform::DSA given C:/Users/SESA630813/work-2/4EV_HandsOn_platt/hw/Block_4EV_HandsOn.xsa
TRACE::2022-11-18.10:16:41::SCWPlatform::DSA absoulate path C:/Users/SESA630813/work-2/4EV_HandsOn_platt/hw/Block_4EV_HandsOn.xsa
TRACE::2022-11-18.10:16:41::SCWPlatform::DSA directory C:/Users/SESA630813/work-2/4EV_HandsOn_platt/hw
TRACE::2022-11-18.10:16:41::SCWPlatform:: Platform Path C:/Users/SESA630813/work-2/4EV_HandsOn_platt/hw/Block_4EV_HandsOn.xsa
TRACE::2022-11-18.10:16:41::SCWPlatform:: Unique name xilinx:::0.0
TRACE::2022-11-18.10:16:41::SCWPlatform::Trying to set the existing hwdb with name Block_4EV_wrapper_22
TRACE::2022-11-18.10:16:41::SCWPlatform::Opened existing hwdb Block_4EV_wrapper_22
TRACE::2022-11-18.10:16:41::SCWPlatform::Found the Hw Db part of the input DSA
TRACE::2022-11-18.10:16:41::SCWMssOS::Checking the sw design at  C:/Users/SESA630813/work-2/4EV_HandsOn_platt/psu_cortexa53_0/standalone_domain/bsp/system.mss
TRACE::2022-11-18.10:16:41::SCWMssOS::DEBUG:  swdes dump  C:/Users/SESA630813/work-2/4EV_HandsOn_platt/zynqmp_fsbl/zynqmp_fsbl_bsp/system.mss|system||
C:/Users/SESA630813/work-2/4EV_HandsOn_platt/zynqmp_pmufw/zynqmp_pmufw_bsp/system.mss|system_0||

TRACE::2022-11-18.10:16:41::SCWMssOS::No sw design opened at  C:/Users/SESA630813/work-2/4EV_HandsOn_platt/psu_cortexa53_0/standalone_domain/bsp/system.mss
TRACE::2022-11-18.10:16:41::SCWMssOS::mss exists loading the mss file  C:/Users/SESA630813/work-2/4EV_HandsOn_platt/psu_cortexa53_0/standalone_domain/bsp/system.mss
TRACE::2022-11-18.10:16:41::SCWMssOS::Opened the sw design from mss  C:/Users/SESA630813/work-2/4EV_HandsOn_platt/psu_cortexa53_0/standalone_domain/bsp/system.mss
TRACE::2022-11-18.10:16:41::SCWMssOS::Adding the swdes entry C:/Users/SESA630813/work-2/4EV_HandsOn_platt/psu_cortexa53_0/standalone_domain/bsp/system.mss with des name system_1
TRACE::2022-11-18.10:16:41::SCWMssOS::updating the scw layer about changes
TRACE::2022-11-18.10:16:41::SCWMssOS::Opened the sw design.  C:/Users/SESA630813/work-2/4EV_HandsOn_platt/psu_cortexa53_0/standalone_domain/bsp/system.mss
TRACE::2022-11-18.10:16:41::SCWMssOS::Saving the mss changes C:/Users/SESA630813/work-2/4EV_HandsOn_platt/psu_cortexa53_0/standalone_domain/bsp/system.mss
TRACE::2022-11-18.10:16:41::SCWMssOS::Found a swdesign opened with the mssfile.
TRACE::2022-11-18.10:16:41::SCWMssOS::Completed writemss as part of save.
TRACE::2022-11-18.10:16:41::SCWMssOS::Commit changes completed.
TRACE::2022-11-18.10:16:41::SCWReader::Adding prebuilt librarypaths as   
TRACE::2022-11-18.10:16:41::SCWReader::Adding prebuilt incpaths  as   
TRACE::2022-11-18.10:16:41::SCWPlatform::Trying to open the hw design at C:/Users/SESA630813/work-2/4EV_HandsOn_platt/hw/Block_4EV_HandsOn.xsa
TRACE::2022-11-18.10:16:41::SCWPlatform::DSA given C:/Users/SESA630813/work-2/4EV_HandsOn_platt/hw/Block_4EV_HandsOn.xsa
TRACE::2022-11-18.10:16:41::SCWPlatform::DSA absoulate path C:/Users/SESA630813/work-2/4EV_HandsOn_platt/hw/Block_4EV_HandsOn.xsa
TRACE::2022-11-18.10:16:41::SCWPlatform::DSA directory C:/Users/SESA630813/work-2/4EV_HandsOn_platt/hw
TRACE::2022-11-18.10:16:41::SCWPlatform:: Platform Path C:/Users/SESA630813/work-2/4EV_HandsOn_platt/hw/Block_4EV_HandsOn.xsa
TRACE::2022-11-18.10:16:41::SCWPlatform:: Unique name xilinx:::0.0
TRACE::2022-11-18.10:16:41::SCWPlatform::Trying to set the existing hwdb with name Block_4EV_wrapper_22
TRACE::2022-11-18.10:16:41::SCWPlatform::Opened existing hwdb Block_4EV_wrapper_22
TRACE::2022-11-18.10:16:41::SCWPlatform::Found the Hw Db part of the input DSA
TRACE::2022-11-18.10:16:41::SCWMssOS::Checking the sw design at  C:/Users/SESA630813/work-2/4EV_HandsOn_platt/psu_cortexa53_0/standalone_domain/bsp/system.mss
TRACE::2022-11-18.10:16:41::SCWMssOS::DEBUG:  swdes dump  C:/Users/SESA630813/work-2/4EV_HandsOn_platt/psu_cortexa53_0/standalone_domain/bsp/system.mss|system_1||
C:/Users/SESA630813/work-2/4EV_HandsOn_platt/zynqmp_fsbl/zynqmp_fsbl_bsp/system.mss|system||
C:/Users/SESA630813/work-2/4EV_HandsOn_platt/zynqmp_pmufw/zynqmp_pmufw_bsp/system.mss|system_0||

TRACE::2022-11-18.10:16:41::SCWMssOS::Sw design exists and opened at  C:/Users/SESA630813/work-2/4EV_HandsOn_platt/psu_cortexa53_0/standalone_domain/bsp/system.mss
TRACE::2022-11-18.10:16:41::SCWReader::No isolation master present  
LOG::2022-11-18.10:17:04::SCWPlatform::Started generating the artifacts platform 4EV_HandsOn_platt
TRACE::2022-11-18.10:17:04::SCWPlatform::Sanity checking of platform is completed
LOG::2022-11-18.10:17:04::SCWPlatform::Started generating the artifacts for system configuration 4EV_HandsOn_platt
LOG::2022-11-18.10:17:04::SCWSystem::Checking the domain zynqmp_fsbl
LOG::2022-11-18.10:17:04::SCWSystem::Doing application build for :  zynqmp_fsbl
TRACE::2022-11-18.10:17:04::SCWBDomain::Not a forced makefile updation, No changes are present. 
TRACE::2022-11-18.10:17:04::SCWDomain::Skipping the build for domain :  zynqmp_fsbl
LOG::2022-11-18.10:17:04::SCWSystem::Checking the domain zynqmp_pmufw
LOG::2022-11-18.10:17:04::SCWSystem::Doing application build for :  zynqmp_pmufw
TRACE::2022-11-18.10:17:04::SCWBDomain::Not a forced makefile updation, No changes are present. 
TRACE::2022-11-18.10:17:04::SCWDomain::Skipping the build for domain :  zynqmp_pmufw
LOG::2022-11-18.10:17:04::SCWSystem::Checking the domain standalone_domain
LOG::2022-11-18.10:17:04::SCWSystem::Not a boot domain 
LOG::2022-11-18.10:17:04::SCWSystem::Started Processing the domain standalone_domain
TRACE::2022-11-18.10:17:04::SCWDomain::Generating domain artifcats
TRACE::2022-11-18.10:17:04::SCWMssOS::Generating standalone artifcats
TRACE::2022-11-18.10:17:04::SCWMssOS::Copying the qemu file from  C:/Xilinx3/Vitis/2021.2/data/emulation/platforms/zynqmp/sw/a53_standalone/qemu/qemu_args.txt To C:/Users/SESA630813/work-2/4EV_HandsOn_platt/export/4EV_HandsOn_platt/sw/4EV_HandsOn_platt/qemu/
TRACE::2022-11-18.10:17:04::SCWMssOS::Copying the qemu file from  C:/Xilinx3/Vitis/2021.2/data/emulation/platforms/zynqmp/sw/a53_standalone/qemu/qemu_args.txt To C:/Users/SESA630813/work-2/4EV_HandsOn_platt/export/4EV_HandsOn_platt/sw/4EV_HandsOn_platt/qemu/
TRACE::2022-11-18.10:17:04::SCWMssOS::Copying the qemu file from  C:/Xilinx3/Vitis/2021.2/data/emulation/platforms/zynqmp/sw/a53_standalone/qemu/qemu_args.txt To C:/Users/SESA630813/work-2/4EV_HandsOn_platt/export/4EV_HandsOn_platt/sw/4EV_HandsOn_platt/standalone_domain/qemu/
TRACE::2022-11-18.10:17:04::SCWMssOS::Copying the qemu file from  C:/Xilinx3/Vitis/2021.2/data/emulation/platforms/zynqmp/sw/a53_standalone/qemu/qemu_args.txt To C:/Users/SESA630813/work-2/4EV_HandsOn_platt/export/4EV_HandsOn_platt/sw/4EV_HandsOn_platt/standalone_domain/qemu/
TRACE::2022-11-18.10:17:04::SCWMssOS:: Copying the user libraries. 
TRACE::2022-11-18.10:17:04::SCWPlatform::Trying to open the hw design at C:/Users/SESA630813/work-2/4EV_HandsOn_platt/hw/Block_4EV_HandsOn.xsa
TRACE::2022-11-18.10:17:04::SCWPlatform::DSA given C:/Users/SESA630813/work-2/4EV_HandsOn_platt/hw/Block_4EV_HandsOn.xsa
TRACE::2022-11-18.10:17:04::SCWPlatform::DSA absoulate path C:/Users/SESA630813/work-2/4EV_HandsOn_platt/hw/Block_4EV_HandsOn.xsa
TRACE::2022-11-18.10:17:04::SCWPlatform::DSA directory C:/Users/SESA630813/work-2/4EV_HandsOn_platt/hw
TRACE::2022-11-18.10:17:04::SCWPlatform:: Platform Path C:/Users/SESA630813/work-2/4EV_HandsOn_platt/hw/Block_4EV_HandsOn.xsa
TRACE::2022-11-18.10:17:04::SCWPlatform:: Unique name xilinx:::0.0
TRACE::2022-11-18.10:17:04::SCWPlatform::Trying to set the existing hwdb with name Block_4EV_wrapper_22
TRACE::2022-11-18.10:17:04::SCWPlatform::Could not get the HWDB from existing dbname
TRACE::2022-11-18.10:17:04::SCWPlatform::Do not have an existing db opened. Attempting to open the hwDb. 
TRACE::2022-11-18.10:17:04::SCWPlatform::Opened new HwDB with name Block_4EV_wrapper_23
TRACE::2022-11-18.10:17:04::SCWMssOS::Checking the sw design at  C:/Users/SESA630813/work-2/4EV_HandsOn_platt/psu_cortexa53_0/standalone_domain/bsp/system.mss
TRACE::2022-11-18.10:17:04::SCWMssOS::DEBUG:  swdes dump  C:/Users/SESA630813/work-2/4EV_HandsOn_platt/psu_cortexa53_0/standalone_domain/bsp/system.mss|system_1||
C:/Users/SESA630813/work-2/4EV_HandsOn_platt/zynqmp_fsbl/zynqmp_fsbl_bsp/system.mss|system||
C:/Users/SESA630813/work-2/4EV_HandsOn_platt/zynqmp_pmufw/zynqmp_pmufw_bsp/system.mss|system_0||

TRACE::2022-11-18.10:17:04::SCWMssOS::Sw design exists and opened at  C:/Users/SESA630813/work-2/4EV_HandsOn_platt/psu_cortexa53_0/standalone_domain/bsp/system.mss
TRACE::2022-11-18.10:17:04::SCWMssOS::Completed writing the mss file at C:/Users/SESA630813/work-2/4EV_HandsOn_platt/psu_cortexa53_0/standalone_domain/bsp
TRACE::2022-11-18.10:17:04::SCWMssOS::Mss edits present, copying mssfile into export location C:/Users/SESA630813/work-2/4EV_HandsOn_platt/psu_cortexa53_0/standalone_domain/bsp/system.mss
TRACE::2022-11-18.10:17:05::SCWMssOS::bsp generated is stale removing and regenerating. 
TRACE::2022-11-18.10:17:15::SCWMssOS::doing bsp build ... 
TRACE::2022-11-18.10:17:15::SCWMssOS::System Command Ran  C: & cd  C:/Users/SESA630813/work-2/4EV_HandsOn_platt/psu_cortexa53_0/standalone_domain/bsp & make 
TRACE::2022-11-18.10:17:16::SCWMssOS::make --no-print-directory seq_libs

TRACE::2022-11-18.10:17:16::SCWMssOS::'Finished building libraries sequentially.'

TRACE::2022-11-18.10:17:16::SCWMssOS::make -j 10 --no-print-directory par_libs

TRACE::2022-11-18.10:17:16::SCWMssOS::"Running Make include in psu_cortexa53_0/libsrc/axipmon_v6_9/src"

TRACE::2022-11-18.10:17:16::SCWMssOS::"Running Make include in psu_cortexa53_0/libsrc/clockps_v1_3/src"

TRACE::2022-11-18.10:17:16::SCWMssOS::make -C psu_cortexa53_0/libsrc/axipmon_v6_9/src -s include  "SHELL=CMD" "COMPILER=aarch64-none-elf-gcc" "ASSEMBLER=aarch64-none
TRACE::2022-11-18.10:17:16::SCWMssOS::-elf-as" "ARCHIVER=aarch64-none-elf-ar" "COMPILER_FLAGS=  -O2 -c" "EXTRA_COMPILER_FLAGS=-g -Wall -Wextra -fno-tree-loop-distrib
TRACE::2022-11-18.10:17:16::SCWMssOS::ute-patterns"

TRACE::2022-11-18.10:17:16::SCWMssOS::make -C psu_cortexa53_0/libsrc/clockps_v1_3/src -s include  "SHELL=CMD" "COMPILER=aarch64-none-elf-gcc" "ASSEMBLER=aarch64-none
TRACE::2022-11-18.10:17:16::SCWMssOS::-elf-as" "ARCHIVER=aarch64-none-elf-ar" "COMPILER_FLAGS=  -O2 -c" "EXTRA_COMPILER_FLAGS=-g -Wall -Wextra -fno-tree-loop-distrib
TRACE::2022-11-18.10:17:16::SCWMssOS::ute-patterns"

TRACE::2022-11-18.10:17:16::SCWMssOS::"Running Make include in psu_cortexa53_0/libsrc/coresightps_dcc_v1_8/src"

TRACE::2022-11-18.10:17:16::SCWMssOS::make -C psu_cortexa53_0/libsrc/coresightps_dcc_v1_8/src -s include  "SHELL=CMD" "COMPILER=aarch64-none-elf-gcc" "ASSEMBLER=aarc
TRACE::2022-11-18.10:17:16::SCWMssOS::h64-none-elf-as" "ARCHIVER=aarch64-none-elf-ar" "COMPILER_FLAGS=  -O2 -c" "EXTRA_COMPILER_FLAGS=-g -Wall -Wextra -fno-tree-loop
TRACE::2022-11-18.10:17:16::SCWMssOS::-distribute-patterns"

TRACE::2022-11-18.10:17:16::SCWMssOS::"Running Make include in psu_cortexa53_0/libsrc/cpu_cortexa53_v2_0/src"

TRACE::2022-11-18.10:17:16::SCWMssOS::make -C psu_cortexa53_0/libsrc/cpu_cortexa53_v2_0/src -s include  "SHELL=CMD" "COMPILER=aarch64-none-elf-gcc" "ASSEMBLER=aarch6
TRACE::2022-11-18.10:17:16::SCWMssOS::4-none-elf-as" "ARCHIVER=aarch64-none-elf-ar" "COMPILER_FLAGS=  -O2 -c" "EXTRA_COMPILER_FLAGS=-g -Wall -Wextra -fno-tree-loop-d
TRACE::2022-11-18.10:17:16::SCWMssOS::istribute-patterns"

TRACE::2022-11-18.10:17:16::SCWMssOS::"Running Make include in psu_cortexa53_0/libsrc/csudma_v1_10/src"

TRACE::2022-11-18.10:17:16::SCWMssOS::"Running Make include in psu_cortexa53_0/libsrc/ddrcpsu_v1_3/src"

TRACE::2022-11-18.10:17:16::SCWMssOS::make -C psu_cortexa53_0/libsrc/csudma_v1_10/src -s include  "SHELL=CMD" "COMPILER=aarch64-none-elf-gcc" "ASSEMBLER=aarch64-none
TRACE::2022-11-18.10:17:16::SCWMssOS::-elf-as" "ARCHIVER=aarch64-none-elf-ar" "COMPILER_FLAGS=  -O2 -c" "EXTRA_COMPILER_FLAGS=-g -Wall -Wextra -fno-tree-loop-distrib
TRACE::2022-11-18.10:17:16::SCWMssOS::ute-patterns"

TRACE::2022-11-18.10:17:16::SCWMssOS::"Running Make include in psu_cortexa53_0/libsrc/gpiops_v3_9/src"

TRACE::2022-11-18.10:17:16::SCWMssOS::make -C psu_cortexa53_0/libsrc/ddrcpsu_v1_3/src -s include  "SHELL=CMD" "COMPILER=aarch64-none-elf-gcc" "ASSEMBLER=aarch64-none
TRACE::2022-11-18.10:17:16::SCWMssOS::-elf-as" "ARCHIVER=aarch64-none-elf-ar" "COMPILER_FLAGS=  -O2 -c" "EXTRA_COMPILER_FLAGS=-g -Wall -Wextra -fno-tree-loop-distrib
TRACE::2022-11-18.10:17:16::SCWMssOS::ute-patterns"

TRACE::2022-11-18.10:17:16::SCWMssOS::make -C psu_cortexa53_0/libsrc/gpiops_v3_9/src -s include  "SHELL=CMD" "COMPILER=aarch64-none-elf-gcc" "ASSEMBLER=aarch64-none-
TRACE::2022-11-18.10:17:16::SCWMssOS::elf-as" "ARCHIVER=aarch64-none-elf-ar" "COMPILER_FLAGS=  -O2 -c" "EXTRA_COMPILER_FLAGS=-g -Wall -Wextra -fno-tree-loop-distribu
TRACE::2022-11-18.10:17:16::SCWMssOS::te-patterns"

TRACE::2022-11-18.10:17:16::SCWMssOS::"Running Make include in psu_cortexa53_0/libsrc/gpio_v4_8/src"

TRACE::2022-11-18.10:17:16::SCWMssOS::make -C psu_cortexa53_0/libsrc/gpio_v4_8/src -s include  "SHELL=CMD" "COMPILER=aarch64-none-elf-gcc" "ASSEMBLER=aarch64-none-el
TRACE::2022-11-18.10:17:16::SCWMssOS::f-as" "ARCHIVER=aarch64-none-elf-ar" "COMPILER_FLAGS=  -O2 -c" "EXTRA_COMPILER_FLAGS=-g -Wall -Wextra -fno-tree-loop-distribute
TRACE::2022-11-18.10:17:16::SCWMssOS::-patterns"

TRACE::2022-11-18.10:17:16::SCWMssOS::"Running Make include in psu_cortexa53_0/libsrc/iicps_v3_14/src"

TRACE::2022-11-18.10:17:16::SCWMssOS::make -C psu_cortexa53_0/libsrc/iicps_v3_14/src -s include  "SHELL=CMD" "COMPILER=aarch64-none-elf-gcc" "ASSEMBLER=aarch64-none-
TRACE::2022-11-18.10:17:16::SCWMssOS::elf-as" "ARCHIVER=aarch64-none-elf-ar" "COMPILER_FLAGS=  -O2 -c" "EXTRA_COMPILER_FLAGS=-g -Wall -Wextra -fno-tree-loop-distribu
TRACE::2022-11-18.10:17:16::SCWMssOS::te-patterns"

TRACE::2022-11-18.10:17:16::SCWMssOS::"Running Make include in psu_cortexa53_0/libsrc/ipipsu_v2_10/src"

TRACE::2022-11-18.10:17:16::SCWMssOS::"Running Make include in psu_cortexa53_0/libsrc/qspipsu_v1_14/src"

TRACE::2022-11-18.10:17:16::SCWMssOS::make -C psu_cortexa53_0/libsrc/ipipsu_v2_10/src -s include  "SHELL=CMD" "COMPILER=aarch64-none-elf-gcc" "ASSEMBLER=aarch64-none
TRACE::2022-11-18.10:17:16::SCWMssOS::-elf-as" "ARCHIVER=aarch64-none-elf-ar" "COMPILER_FLAGS=  -O2 -c" "EXTRA_COMPILER_FLAGS=-g -Wall -Wextra -fno-tree-loop-distrib
TRACE::2022-11-18.10:17:16::SCWMssOS::ute-patterns"

TRACE::2022-11-18.10:17:16::SCWMssOS::make -C psu_cortexa53_0/libsrc/qspipsu_v1_14/src -s include  "SHELL=CMD" "COMPILER=aarch64-none-elf-gcc" "ASSEMBLER=aarch64-non
TRACE::2022-11-18.10:17:16::SCWMssOS::e-elf-as" "ARCHIVER=aarch64-none-elf-ar" "COMPILER_FLAGS=  -O2 -c" "EXTRA_COMPILER_FLAGS=-g -Wall -Wextra -fno-tree-loop-distri
TRACE::2022-11-18.10:17:16::SCWMssOS::bute-patterns"

TRACE::2022-11-18.10:17:16::SCWMssOS::"Running Make include in psu_cortexa53_0/libsrc/resetps_v1_4/src"

TRACE::2022-11-18.10:17:16::SCWMssOS::make -C psu_cortexa53_0/libsrc/resetps_v1_4/src -s include  "SHELL=CMD" "COMPILER=aarch64-none-elf-gcc" "ASSEMBLER=aarch64-none
TRACE::2022-11-18.10:17:16::SCWMssOS::-elf-as" "ARCHIVER=aarch64-none-elf-ar" "COMPILER_FLAGS=  -O2 -c" "EXTRA_COMPILER_FLAGS=-g -Wall -Wextra -fno-tree-loop-distrib
TRACE::2022-11-18.10:17:16::SCWMssOS::ute-patterns"

TRACE::2022-11-18.10:17:16::SCWMssOS::"Running Make include in psu_cortexa53_0/libsrc/rtcpsu_v1_11/src"

TRACE::2022-11-18.10:17:16::SCWMssOS::make -C psu_cortexa53_0/libsrc/rtcpsu_v1_11/src -s include  "SHELL=CMD" "COMPILER=aarch64-none-elf-gcc" "ASSEMBLER=aarch64-none
TRACE::2022-11-18.10:17:16::SCWMssOS::-elf-as" "ARCHIVER=aarch64-none-elf-ar" "COMPILER_FLAGS=  -O2 -c" "EXTRA_COMPILER_FLAGS=-g -Wall -Wextra -fno-tree-loop-distrib
TRACE::2022-11-18.10:17:16::SCWMssOS::ute-patterns"

TRACE::2022-11-18.10:17:16::SCWMssOS::"Running Make include in psu_cortexa53_0/libsrc/scugic_v4_6/src"

TRACE::2022-11-18.10:17:16::SCWMssOS::make -C psu_cortexa53_0/libsrc/scugic_v4_6/src -s include  "SHELL=CMD" "COMPILER=aarch64-none-elf-gcc" "ASSEMBLER=aarch64-none-
TRACE::2022-11-18.10:17:16::SCWMssOS::elf-as" "ARCHIVER=aarch64-none-elf-ar" "COMPILER_FLAGS=  -O2 -c" "EXTRA_COMPILER_FLAGS=-g -Wall -Wextra -fno-tree-loop-distribu
TRACE::2022-11-18.10:17:16::SCWMssOS::te-patterns"

TRACE::2022-11-18.10:17:16::SCWMssOS::"Running Make include in psu_cortexa53_0/libsrc/sdps_v3_13/src"

TRACE::2022-11-18.10:17:16::SCWMssOS::make -C psu_cortexa53_0/libsrc/sdps_v3_13/src -s include  "SHELL=CMD" "COMPILER=aarch64-none-elf-gcc" "ASSEMBLER=aarch64-none-e
TRACE::2022-11-18.10:17:16::SCWMssOS::lf-as" "ARCHIVER=aarch64-none-elf-ar" "COMPILER_FLAGS=  -O2 -c" "EXTRA_COMPILER_FLAGS=-g -Wall -Wextra -fno-tree-loop-distribut
TRACE::2022-11-18.10:17:16::SCWMssOS::e-patterns"

TRACE::2022-11-18.10:17:17::SCWMssOS::"Running Make include in psu_cortexa53_0/libsrc/standalone_v7_6/src"

TRACE::2022-11-18.10:17:17::SCWMssOS::make -C psu_cortexa53_0/libsrc/standalone_v7_6/src -s include  "SHELL=CMD" "COMPILER=aarch64-none-elf-gcc" "ASSEMBLER=aarch64-n
TRACE::2022-11-18.10:17:17::SCWMssOS::one-elf-as" "ARCHIVER=aarch64-none-elf-ar" "COMPILER_FLAGS=  -O2 -c" "EXTRA_COMPILER_FLAGS=-g -Wall -Wextra -fno-tree-loop-dist
TRACE::2022-11-18.10:17:17::SCWMssOS::ribute-patterns"

TRACE::2022-11-18.10:17:17::SCWMssOS::"Running Make include in psu_cortexa53_0/libsrc/sysmonpsu_v2_7/src"

TRACE::2022-11-18.10:17:17::SCWMssOS::make -C psu_cortexa53_0/libsrc/sysmonpsu_v2_7/src -s include  "SHELL=CMD" "COMPILER=aarch64-none-elf-gcc" "ASSEMBLER=aarch64-no
TRACE::2022-11-18.10:17:17::SCWMssOS::ne-elf-as" "ARCHIVER=aarch64-none-elf-ar" "COMPILER_FLAGS=  -O2 -c" "EXTRA_COMPILER_FLAGS=-g -Wall -Wextra -fno-tree-loop-distr
TRACE::2022-11-18.10:17:17::SCWMssOS::ibute-patterns"

TRACE::2022-11-18.10:17:17::SCWMssOS::"Running Make include in psu_cortexa53_0/libsrc/ttcps_v3_14/src"

TRACE::2022-11-18.10:17:17::SCWMssOS::"Running Make include in psu_cortexa53_0/libsrc/uartps_v3_11/src"

TRACE::2022-11-18.10:17:17::SCWMssOS::"Running Make include in psu_cortexa53_0/libsrc/zdma_v1_13/src"

TRACE::2022-11-18.10:17:17::SCWMssOS::make -C psu_cortexa53_0/libsrc/uartps_v3_11/src -s include  "SHELL=CMD" "COMPILER=aarch64-none-elf-gcc" "ASSEMBLER=aarch64-none
TRACE::2022-11-18.10:17:17::SCWMssOS::-elf-as" "ARCHIVER=aarch64-none-elf-ar" "COMPILER_FLAGS=  -O2 -c" "EXTRA_COMPILER_FLAGS=-g -Wall -Wextra -fno-tree-loop-distrib
TRACE::2022-11-18.10:17:17::SCWMssOS::ute-patterns"

TRACE::2022-11-18.10:17:17::SCWMssOS::make -C psu_cortexa53_0/libsrc/ttcps_v3_14/src -s include  "SHELL=CMD" "COMPILER=aarch64-none-elf-gcc" "ASSEMBLER=aarch64-none-
TRACE::2022-11-18.10:17:17::SCWMssOS::elf-as" "ARCHIVER=aarch64-none-elf-ar" "COMPILER_FLAGS=  -O2 -c" "EXTRA_COMPILER_FLAGS=-g -Wall -Wextra -fno-tree-loop-distribu
TRACE::2022-11-18.10:17:17::SCWMssOS::te-patterns"

TRACE::2022-11-18.10:17:17::SCWMssOS::make -C psu_cortexa53_0/libsrc/zdma_v1_13/src -s include  "SHELL=CMD" "COMPILER=aarch64-none-elf-gcc" "ASSEMBLER=aarch64-none-e
TRACE::2022-11-18.10:17:17::SCWMssOS::lf-as" "ARCHIVER=aarch64-none-elf-ar" "COMPILER_FLAGS=  -O2 -c" "EXTRA_COMPILER_FLAGS=-g -Wall -Wextra -fno-tree-loop-distribut
TRACE::2022-11-18.10:17:17::SCWMssOS::e-patterns"

TRACE::2022-11-18.10:17:19::SCWMssOS::"Running Make libs in psu_cortexa53_0/libsrc/axipmon_v6_9/src"

TRACE::2022-11-18.10:17:19::SCWMssOS::"Running Make libs in psu_cortexa53_0/libsrc/clockps_v1_3/src"

TRACE::2022-11-18.10:17:19::SCWMssOS::make -C psu_cortexa53_0/libsrc/axipmon_v6_9/src -s libs  "SHELL=CMD" "COMPILER=aarch64-none-elf-gcc" "ASSEMBLER=aarch64-none-el
TRACE::2022-11-18.10:17:19::SCWMssOS::f-as" "ARCHIVER=aarch64-none-elf-ar" "COMPILER_FLAGS=  -O2 -c" "EXTRA_COMPILER_FLAGS=-g -Wall -Wextra -fno-tree-loop-distribute
TRACE::2022-11-18.10:17:19::SCWMssOS::-patterns"

TRACE::2022-11-18.10:17:19::SCWMssOS::"Running Make libs in psu_cortexa53_0/libsrc/coresightps_dcc_v1_8/src"

TRACE::2022-11-18.10:17:19::SCWMssOS::make -C psu_cortexa53_0/libsrc/clockps_v1_3/src -s libs  "SHELL=CMD" "COMPILER=aarch64-none-elf-gcc" "ASSEMBLER=aarch64-none-el
TRACE::2022-11-18.10:17:19::SCWMssOS::f-as" "ARCHIVER=aarch64-none-elf-ar" "COMPILER_FLAGS=  -O2 -c" "EXTRA_COMPILER_FLAGS=-g -Wall -Wextra -fno-tree-loop-distribute
TRACE::2022-11-18.10:17:19::SCWMssOS::-patterns"

TRACE::2022-11-18.10:17:19::SCWMssOS::"Running Make libs in psu_cortexa53_0/libsrc/cpu_cortexa53_v2_0/src"

TRACE::2022-11-18.10:17:19::SCWMssOS::make -C psu_cortexa53_0/libsrc/coresightps_dcc_v1_8/src -s libs  "SHELL=CMD" "COMPILER=aarch64-none-elf-gcc" "ASSEMBLER=aarch64
TRACE::2022-11-18.10:17:19::SCWMssOS::-none-elf-as" "ARCHIVER=aarch64-none-elf-ar" "COMPILER_FLAGS=  -O2 -c" "EXTRA_COMPILER_FLAGS=-g -Wall -Wextra -fno-tree-loop-di
TRACE::2022-11-18.10:17:19::SCWMssOS::stribute-patterns"

TRACE::2022-11-18.10:17:19::SCWMssOS::"Running Make libs in psu_cortexa53_0/libsrc/csudma_v1_10/src"

TRACE::2022-11-18.10:17:19::SCWMssOS::make -C psu_cortexa53_0/libsrc/cpu_cortexa53_v2_0/src -s libs  "SHELL=CMD" "COMPILER=aarch64-none-elf-gcc" "ASSEMBLER=aarch64-n
TRACE::2022-11-18.10:17:19::SCWMssOS::one-elf-as" "ARCHIVER=aarch64-none-elf-ar" "COMPILER_FLAGS=  -O2 -c" "EXTRA_COMPILER_FLAGS=-g -Wall -Wextra -fno-tree-loop-dist
TRACE::2022-11-18.10:17:19::SCWMssOS::ribute-patterns"

TRACE::2022-11-18.10:17:19::SCWMssOS::make -C psu_cortexa53_0/libsrc/csudma_v1_10/src -s libs  "SHELL=CMD" "COMPILER=aarch64-none-elf-gcc" "ASSEMBLER=aarch64-none-el
TRACE::2022-11-18.10:17:19::SCWMssOS::f-as" "ARCHIVER=aarch64-none-elf-ar" "COMPILER_FLAGS=  -O2 -c" "EXTRA_COMPILER_FLAGS=-g -Wall -Wextra -fno-tree-loop-distribute
TRACE::2022-11-18.10:17:19::SCWMssOS::-patterns"

TRACE::2022-11-18.10:17:19::SCWMssOS::"Running Make libs in psu_cortexa53_0/libsrc/ddrcpsu_v1_3/src"

TRACE::2022-11-18.10:17:19::SCWMssOS::"Running Make libs in psu_cortexa53_0/libsrc/gpiops_v3_9/src"

TRACE::2022-11-18.10:17:19::SCWMssOS::make -C psu_cortexa53_0/libsrc/ddrcpsu_v1_3/src -s libs  "SHELL=CMD" "COMPILER=aarch64-none-elf-gcc" "ASSEMBLER=aarch64-none-el
TRACE::2022-11-18.10:17:19::SCWMssOS::f-as" "ARCHIVER=aarch64-none-elf-ar" "COMPILER_FLAGS=  -O2 -c" "EXTRA_COMPILER_FLAGS=-g -Wall -Wextra -fno-tree-loop-distribute
TRACE::2022-11-18.10:17:19::SCWMssOS::-patterns"

TRACE::2022-11-18.10:17:19::SCWMssOS::make -C psu_cortexa53_0/libsrc/gpiops_v3_9/src -s libs  "SHELL=CMD" "COMPILER=aarch64-none-elf-gcc" "ASSEMBLER=aarch64-none-elf
TRACE::2022-11-18.10:17:19::SCWMssOS::-as" "ARCHIVER=aarch64-none-elf-ar" "COMPILER_FLAGS=  -O2 -c" "EXTRA_COMPILER_FLAGS=-g -Wall -Wextra -fno-tree-loop-distribute-
TRACE::2022-11-18.10:17:19::SCWMssOS::patterns"

TRACE::2022-11-18.10:17:19::SCWMssOS::"Running Make libs in psu_cortexa53_0/libsrc/gpio_v4_8/src"

TRACE::2022-11-18.10:17:19::SCWMssOS::make -C psu_cortexa53_0/libsrc/gpio_v4_8/src -s libs  "SHELL=CMD" "COMPILER=aarch64-none-elf-gcc" "ASSEMBLER=aarch64-none-elf-a
TRACE::2022-11-18.10:17:19::SCWMssOS::s" "ARCHIVER=aarch64-none-elf-ar" "COMPILER_FLAGS=  -O2 -c" "EXTRA_COMPILER_FLAGS=-g -Wall -Wextra -fno-tree-loop-distribute-pa
TRACE::2022-11-18.10:17:19::SCWMssOS::tterns"

TRACE::2022-11-18.10:17:19::SCWMssOS::"Running Make libs in psu_cortexa53_0/libsrc/iicps_v3_14/src"

TRACE::2022-11-18.10:17:19::SCWMssOS::make -C psu_cortexa53_0/libsrc/iicps_v3_14/src -s libs  "SHELL=CMD" "COMPILER=aarch64-none-elf-gcc" "ASSEMBLER=aarch64-none-elf
TRACE::2022-11-18.10:17:19::SCWMssOS::-as" "ARCHIVER=aarch64-none-elf-ar" "COMPILER_FLAGS=  -O2 -c" "EXTRA_COMPILER_FLAGS=-g -Wall -Wextra -fno-tree-loop-distribute-
TRACE::2022-11-18.10:17:19::SCWMssOS::patterns"

TRACE::2022-11-18.10:17:21::SCWMssOS::"Running Make libs in psu_cortexa53_0/libsrc/ipipsu_v2_10/src"

TRACE::2022-11-18.10:17:21::SCWMssOS::make -C psu_cortexa53_0/libsrc/ipipsu_v2_10/src -s libs  "SHELL=CMD" "COMPILER=aarch64-none-elf-gcc" "ASSEMBLER=aarch64-none-el
TRACE::2022-11-18.10:17:21::SCWMssOS::f-as" "ARCHIVER=aarch64-none-elf-ar" "COMPILER_FLAGS=  -O2 -c" "EXTRA_COMPILER_FLAGS=-g -Wall -Wextra -fno-tree-loop-distribute
TRACE::2022-11-18.10:17:21::SCWMssOS::-patterns"

TRACE::2022-11-18.10:17:21::SCWMssOS::"Running Make libs in psu_cortexa53_0/libsrc/qspipsu_v1_14/src"

TRACE::2022-11-18.10:17:21::SCWMssOS::make -C psu_cortexa53_0/libsrc/qspipsu_v1_14/src -s libs  "SHELL=CMD" "COMPILER=aarch64-none-elf-gcc" "ASSEMBLER=aarch64-none-e
TRACE::2022-11-18.10:17:21::SCWMssOS::lf-as" "ARCHIVER=aarch64-none-elf-ar" "COMPILER_FLAGS=  -O2 -c" "EXTRA_COMPILER_FLAGS=-g -Wall -Wextra -fno-tree-loop-distribut
TRACE::2022-11-18.10:17:21::SCWMssOS::e-patterns"

TRACE::2022-11-18.10:17:22::SCWMssOS::"Running Make libs in psu_cortexa53_0/libsrc/resetps_v1_4/src"

TRACE::2022-11-18.10:17:22::SCWMssOS::make -C psu_cortexa53_0/libsrc/resetps_v1_4/src -s libs  "SHELL=CMD" "COMPILER=aarch64-none-elf-gcc" "ASSEMBLER=aarch64-none-el
TRACE::2022-11-18.10:17:22::SCWMssOS::f-as" "ARCHIVER=aarch64-none-elf-ar" "COMPILER_FLAGS=  -O2 -c" "EXTRA_COMPILER_FLAGS=-g -Wall -Wextra -fno-tree-loop-distribute
TRACE::2022-11-18.10:17:22::SCWMssOS::-patterns"

TRACE::2022-11-18.10:17:23::SCWMssOS::"Running Make libs in psu_cortexa53_0/libsrc/rtcpsu_v1_11/src"

TRACE::2022-11-18.10:17:23::SCWMssOS::make -C psu_cortexa53_0/libsrc/rtcpsu_v1_11/src -s libs  "SHELL=CMD" "COMPILER=aarch64-none-elf-gcc" "ASSEMBLER=aarch64-none-el
TRACE::2022-11-18.10:17:23::SCWMssOS::f-as" "ARCHIVER=aarch64-none-elf-ar" "COMPILER_FLAGS=  -O2 -c" "EXTRA_COMPILER_FLAGS=-g -Wall -Wextra -fno-tree-loop-distribute
TRACE::2022-11-18.10:17:23::SCWMssOS::-patterns"

TRACE::2022-11-18.10:17:23::SCWMssOS::"Running Make libs in psu_cortexa53_0/libsrc/scugic_v4_6/src"

TRACE::2022-11-18.10:17:23::SCWMssOS::make -C psu_cortexa53_0/libsrc/scugic_v4_6/src -s libs  "SHELL=CMD" "COMPILER=aarch64-none-elf-gcc" "ASSEMBLER=aarch64-none-elf
TRACE::2022-11-18.10:17:23::SCWMssOS::-as" "ARCHIVER=aarch64-none-elf-ar" "COMPILER_FLAGS=  -O2 -c" "EXTRA_COMPILER_FLAGS=-g -Wall -Wextra -fno-tree-loop-distribute-
TRACE::2022-11-18.10:17:23::SCWMssOS::patterns"

TRACE::2022-11-18.10:17:25::SCWMssOS::"Running Make libs in psu_cortexa53_0/libsrc/sdps_v3_13/src"

TRACE::2022-11-18.10:17:25::SCWMssOS::make -C psu_cortexa53_0/libsrc/sdps_v3_13/src -s libs  "SHELL=CMD" "COMPILER=aarch64-none-elf-gcc" "ASSEMBLER=aarch64-none-elf-
TRACE::2022-11-18.10:17:25::SCWMssOS::as" "ARCHIVER=aarch64-none-elf-ar" "COMPILER_FLAGS=  -O2 -c" "EXTRA_COMPILER_FLAGS=-g -Wall -Wextra -fno-tree-loop-distribute-p
TRACE::2022-11-18.10:17:25::SCWMssOS::atterns"

TRACE::2022-11-18.10:17:25::SCWMssOS::"Running Make libs in psu_cortexa53_0/libsrc/standalone_v7_6/src"

TRACE::2022-11-18.10:17:25::SCWMssOS::make -C psu_cortexa53_0/libsrc/standalone_v7_6/src -s libs  "SHELL=CMD" "COMPILER=aarch64-none-elf-gcc" "ASSEMBLER=aarch64-none
TRACE::2022-11-18.10:17:25::SCWMssOS::-elf-as" "ARCHIVER=aarch64-none-elf-ar" "COMPILER_FLAGS=  -O2 -c" "EXTRA_COMPILER_FLAGS=-g -Wall -Wextra -fno-tree-loop-distrib
TRACE::2022-11-18.10:17:25::SCWMssOS::ute-patterns"

TRACE::2022-11-18.10:17:26::SCWMssOS::"Running Make libs in psu_cortexa53_0/libsrc/sysmonpsu_v2_7/src"

TRACE::2022-11-18.10:17:26::SCWMssOS::make -C psu_cortexa53_0/libsrc/sysmonpsu_v2_7/src -s libs  "SHELL=CMD" "COMPILER=aarch64-none-elf-gcc" "ASSEMBLER=aarch64-none-
TRACE::2022-11-18.10:17:26::SCWMssOS::elf-as" "ARCHIVER=aarch64-none-elf-ar" "COMPILER_FLAGS=  -O2 -c" "EXTRA_COMPILER_FLAGS=-g -Wall -Wextra -fno-tree-loop-distribu
TRACE::2022-11-18.10:17:26::SCWMssOS::te-patterns"

TRACE::2022-11-18.10:17:26::SCWMssOS::"Running Make libs in psu_cortexa53_0/libsrc/ttcps_v3_14/src"

TRACE::2022-11-18.10:17:26::SCWMssOS::make -C psu_cortexa53_0/libsrc/ttcps_v3_14/src -s libs  "SHELL=CMD" "COMPILER=aarch64-none-elf-gcc" "ASSEMBLER=aarch64-none-elf
TRACE::2022-11-18.10:17:26::SCWMssOS::-as" "ARCHIVER=aarch64-none-elf-ar" "COMPILER_FLAGS=  -O2 -c" "EXTRA_COMPILER_FLAGS=-g -Wall -Wextra -fno-tree-loop-distribute-
TRACE::2022-11-18.10:17:26::SCWMssOS::patterns"

TRACE::2022-11-18.10:17:27::SCWMssOS::"Running Make libs in psu_cortexa53_0/libsrc/uartps_v3_11/src"

TRACE::2022-11-18.10:17:27::SCWMssOS::make -C psu_cortexa53_0/libsrc/uartps_v3_11/src -s libs  "SHELL=CMD" "COMPILER=aarch64-none-elf-gcc" "ASSEMBLER=aarch64-none-el
TRACE::2022-11-18.10:17:27::SCWMssOS::f-as" "ARCHIVER=aarch64-none-elf-ar" "COMPILER_FLAGS=  -O2 -c" "EXTRA_COMPILER_FLAGS=-g -Wall -Wextra -fno-tree-loop-distribute
TRACE::2022-11-18.10:17:27::SCWMssOS::-patterns"

TRACE::2022-11-18.10:17:27::SCWMssOS::"Running Make libs in psu_cortexa53_0/libsrc/zdma_v1_13/src"

TRACE::2022-11-18.10:17:27::SCWMssOS::make -C psu_cortexa53_0/libsrc/zdma_v1_13/src -s libs  "SHELL=CMD" "COMPILER=aarch64-none-elf-gcc" "ASSEMBLER=aarch64-none-elf-
TRACE::2022-11-18.10:17:27::SCWMssOS::as" "ARCHIVER=aarch64-none-elf-ar" "COMPILER_FLAGS=  -O2 -c" "EXTRA_COMPILER_FLAGS=-g -Wall -Wextra -fno-tree-loop-distribute-p
TRACE::2022-11-18.10:17:27::SCWMssOS::atterns"

TRACE::2022-11-18.10:17:32::SCWMssOS::'Finished building libraries parallelly.'

TRACE::2022-11-18.10:17:32::SCWMssOS::make --no-print-directory archive

TRACE::2022-11-18.10:17:32::SCWMssOS::aarch64-none-elf-ar -r  psu_cortexa53_0/lib/libxil.a psu_cortexa53_0/lib/xrtcpsu_intr.o psu_cortexa53_0/lib/xplatform_info.o ps
TRACE::2022-11-18.10:17:32::SCWMssOS::u_cortexa53_0/lib/time.o psu_cortexa53_0/lib/_exit.o psu_cortexa53_0/lib/xuartps_selftest.o psu_cortexa53_0/lib/xipipsu_buf.o p
TRACE::2022-11-18.10:17:32::SCWMssOS::su_cortexa53_0/lib/xil_sleeptimer.o psu_cortexa53_0/lib/xsdps_options.o psu_cortexa53_0/lib/xclockps_mux.o psu_cortexa53_0/lib/
TRACE::2022-11-18.10:17:32::SCWMssOS::inbyte.o psu_cortexa53_0/lib/xttcps_sinit.o psu_cortexa53_0/lib/putnum.o psu_cortexa53_0/lib/xttcps_selftest.o psu_cortexa53_0/
TRACE::2022-11-18.10:17:32::SCWMssOS::lib/xgpiops_g.o psu_cortexa53_0/lib/xsdps.o psu_cortexa53_0/lib/close.o psu_cortexa53_0/lib/xaxipmon_g.o psu_cortexa53_0/lib/xg
TRACE::2022-11-18.10:17:32::SCWMssOS::piops_sinit.o psu_cortexa53_0/lib/xaxipmon_sinit.o psu_cortexa53_0/lib/xiicps_intr.o psu_cortexa53_0/lib/xgpio_g.o psu_cortexa5
TRACE::2022-11-18.10:17:32::SCWMssOS::3_0/lib/xaxipmon_selftest.o psu_cortexa53_0/lib/xgpio_sinit.o psu_cortexa53_0/lib/xclockps_fixedfactor.o psu_cortexa53_0/lib/xu
TRACE::2022-11-18.10:17:32::SCWMssOS::artps_sinit.o psu_cortexa53_0/lib/xsysmonpsu.o psu_cortexa53_0/lib/xzdma_g.o psu_cortexa53_0/lib/xiicps_slave.o psu_cortexa53_0
TRACE::2022-11-18.10:17:32::SCWMssOS::/lib/xil_printf.o psu_cortexa53_0/lib/kill.o psu_cortexa53_0/lib/xclockps_gate.o psu_cortexa53_0/lib/xuartps_g.o psu_cortexa53_
TRACE::2022-11-18.10:17:32::SCWMssOS::0/lib/xresetps.o psu_cortexa53_0/lib/xiicps_options.o psu_cortexa53_0/lib/fcntl.o psu_cortexa53_0/lib/xcsudma_intr.o psu_cortex
TRACE::2022-11-18.10:17:32::SCWMssOS::a53_0/lib/xqspipsu_options.o psu_cortexa53_0/lib/lseek.o psu_cortexa53_0/lib/xgpiops_hw.o psu_cortexa53_0/lib/xil_testmem.o psu
TRACE::2022-11-18.10:17:32::SCWMssOS::_cortexa53_0/lib/xiicps_hw.o psu_cortexa53_0/lib/read.o psu_cortexa53_0/lib/abort.o psu_cortexa53_0/lib/xscugic_intr.o psu_cort
TRACE::2022-11-18.10:17:32::SCWMssOS::exa53_0/lib/xipipsu_g.o psu_cortexa53_0/lib/xqspipsu_hw.o psu_cortexa53_0/lib/xil_testcache.o psu_cortexa53_0/lib/translation_t
TRACE::2022-11-18.10:17:32::SCWMssOS::able.o psu_cortexa53_0/lib/xipipsu_sinit.o psu_cortexa53_0/lib/xcoresightpsdcc.o psu_cortexa53_0/lib/xttcps.o psu_cortexa53_0/l
TRACE::2022-11-18.10:17:32::SCWMssOS::ib/xiicps.o psu_cortexa53_0/lib/_sbrk.o psu_cortexa53_0/lib/xiicps_master.o psu_cortexa53_0/lib/xsdps_g.o psu_cortexa53_0/lib/x
TRACE::2022-11-18.10:17:32::SCWMssOS::gpiops.o psu_cortexa53_0/lib/xaxipmon.o psu_cortexa53_0/lib/xclockps_divider.o psu_cortexa53_0/lib/xsdps_sinit.o psu_cortexa53_
TRACE::2022-11-18.10:17:32::SCWMssOS::0/lib/xil_smc.o psu_cortexa53_0/lib/xrtcpsu_g.o psu_cortexa53_0/lib/xil_exception.o psu_cortexa53_0/lib/sbrk.o psu_cortexa53_0/
TRACE::2022-11-18.10:17:32::SCWMssOS::lib/xrtcpsu_sinit.o psu_cortexa53_0/lib/open.o psu_cortexa53_0/lib/xil_assert.o psu_cortexa53_0/lib/xrtcpsu_selftest.o psu_cort
TRACE::2022-11-18.10:17:32::SCWMssOS::exa53_0/lib/xclockps_pll.o psu_cortexa53_0/lib/xrtcpsu.o psu_cortexa53_0/lib/xzdma.o psu_cortexa53_0/lib/xsdps_host.o psu_corte
TRACE::2022-11-18.10:17:32::SCWMssOS::xa53_0/lib/xiicps_xfer.o psu_cortexa53_0/lib/xscugic_hw.o psu_cortexa53_0/lib/xuartps.o psu_cortexa53_0/lib/sleep.o psu_cortexa
TRACE::2022-11-18.10:17:32::SCWMssOS::53_0/lib/xsysmonpsu_intr.o psu_cortexa53_0/lib/cpputest_time.o psu_cortexa53_0/lib/xil_mem.o psu_cortexa53_0/lib/_open.o psu_co
TRACE::2022-11-18.10:17:32::SCWMssOS::rtexa53_0/lib/xclockps_sinit.o psu_cortexa53_0/lib/outbyte.o psu_cortexa53_0/lib/print.o psu_cortexa53_0/lib/xzdma_sinit.o psu_
TRACE::2022-11-18.10:17:32::SCWMssOS::cortexa53_0/lib/xclockps_g.o psu_cortexa53_0/lib/xttcps_g.o psu_cortexa53_0/lib/xiicps_g.o psu_cortexa53_0/lib/initialise_monit
TRACE::2022-11-18.10:17:32::SCWMssOS::or_handles.o psu_cortexa53_0/lib/xipipsu.o psu_cortexa53_0/lib/xqspipsu_g.o psu_cortexa53_0/lib/xiicps_selftest.o psu_cortexa53
TRACE::2022-11-18.10:17:32::SCWMssOS::_0/lib/getpid.o psu_cortexa53_0/lib/xil_cache.o psu_cortexa53_0/lib/xil_testio.o psu_cortexa53_0/lib/unlink.o psu_cortexa53_0/l
TRACE::2022-11-18.10:17:32::SCWMssOS::ib/xqspipsu_control.o psu_cortexa53_0/lib/xcsudma_g.o psu_cortexa53_0/lib/xil_spinlock.o psu_cortexa53_0/lib/xcsudma_sinit.o ps
TRACE::2022-11-18.10:17:32::SCWMssOS::u_cortexa53_0/lib/write.o psu_cortexa53_0/lib/xil_mmu.o psu_cortexa53_0/lib/boot.o psu_cortexa53_0/lib/xcsudma_selftest.o psu_c
TRACE::2022-11-18.10:17:32::SCWMssOS::ortexa53_0/lib/xcsudma.o psu_cortexa53_0/lib/xil_sleepcommon.o psu_cortexa53_0/lib/xscugic_g.o psu_cortexa53_0/lib/xgpiops_intr
TRACE::2022-11-18.10:17:32::SCWMssOS::.o psu_cortexa53_0/lib/xscugic_sinit.o psu_cortexa53_0/lib/xscugic_selftest.o psu_cortexa53_0/lib/xuartps_hw.o psu_cortexa53_0/
TRACE::2022-11-18.10:17:32::SCWMssOS::lib/xgpio_intr.o psu_cortexa53_0/lib/xtime_l.o psu_cortexa53_0/lib/xttcps_options.o psu_cortexa53_0/lib/xclockps.o psu_cortexa5
TRACE::2022-11-18.10:17:32::SCWMssOS::3_0/lib/xzdma_intr.o psu_cortexa53_0/lib/xil_util.o psu_cortexa53_0/lib/xuartps_intr.o psu_cortexa53_0/lib/xqspipsu.o psu_corte
TRACE::2022-11-18.10:17:32::SCWMssOS::xa53_0/lib/xsdps_card.o psu_cortexa53_0/lib/xqspipsu_sinit.o psu_cortexa53_0/lib/xgpio.o psu_cortexa53_0/lib/xzdma_selftest.o p
TRACE::2022-11-18.10:17:32::SCWMssOS::su_cortexa53_0/lib/xsysmonpsu_g.o psu_cortexa53_0/lib/fstat.o psu_cortexa53_0/lib/errno.o psu_cortexa53_0/lib/xsysmonpsu_sinit.
TRACE::2022-11-18.10:17:32::SCWMssOS::o psu_cortexa53_0/lib/xuartps_options.o psu_cortexa53_0/lib/vectors.o psu_cortexa53_0/lib/xsysmonpsu_selftest.o psu_cortexa53_0
TRACE::2022-11-18.10:17:32::SCWMssOS::/lib/asm_vectors.o psu_cortexa53_0/lib/xgpiops_selftest.o psu_cortexa53_0/lib/xresetps_g.o psu_cortexa53_0/lib/xil_clocking.o p
TRACE::2022-11-18.10:17:32::SCWMssOS::su_cortexa53_0/lib/xresetps_sinit.o psu_cortexa53_0/lib/xgpio_extra.o psu_cortexa53_0/lib/isatty.o psu_cortexa53_0/lib/xil-crt0
TRACE::2022-11-18.10:17:32::SCWMssOS::.o psu_cortexa53_0/lib/xscugic.o psu_cortexa53_0/lib/xiicps_sinit.o psu_cortexa53_0/lib/xgpio_selftest.o

TRACE::2022-11-18.10:17:33::SCWMssOS::'Finished building libraries'

TRACE::2022-11-18.10:17:37::SCWMssOS:: Checking if to create the Supporting Applications
TRACE::2022-11-18.10:17:37::SCWMssOS:: No Linux domain exists, trying to generate FSBL 
LOG::2022-11-18.10:17:37::SCWSystem::Completed Processing the domain standalone_domain
LOG::2022-11-18.10:17:37::SCWSystem::Completed Processing the sysconfig 4EV_HandsOn_platt
LOG::2022-11-18.10:17:37::SCWPlatform::Completed generating the artifacts for system configuration 4EV_HandsOn_platt
TRACE::2022-11-18.10:17:37::SCWPlatform::Started preparing the platform 
TRACE::2022-11-18.10:17:37::SCWSystem::Writing the bif file for system config 4EV_HandsOn_platt
TRACE::2022-11-18.10:17:37::SCWSystem::dir created 
TRACE::2022-11-18.10:17:37::SCWSystem::Writing the bif 
TRACE::2022-11-18.10:17:37::SCWPlatform::Started writing the spfm file 
TRACE::2022-11-18.10:17:37::SCWPlatform::Started writing the xpfm file 
TRACE::2022-11-18.10:17:37::SCWPlatform::Completed generating the platform
TRACE::2022-11-18.10:17:37::SCWMssOS::Saving the mss changes C:/Users/SESA630813/work-2/4EV_HandsOn_platt/zynqmp_fsbl/zynqmp_fsbl_bsp/system.mss
TRACE::2022-11-18.10:17:37::SCWMssOS::Found a swdesign opened with the mssfile.
TRACE::2022-11-18.10:17:37::SCWMssOS::Completed writemss as part of save.
TRACE::2022-11-18.10:17:37::SCWMssOS::Commit changes completed.
TRACE::2022-11-18.10:17:37::SCWMssOS::Saving the mss changes C:/Users/SESA630813/work-2/4EV_HandsOn_platt/zynqmp_pmufw/zynqmp_pmufw_bsp/system.mss
TRACE::2022-11-18.10:17:37::SCWMssOS::Found a swdesign opened with the mssfile.
TRACE::2022-11-18.10:17:37::SCWMssOS::Completed writemss as part of save.
TRACE::2022-11-18.10:17:37::SCWMssOS::Commit changes completed.
TRACE::2022-11-18.10:17:37::SCWMssOS::Saving the mss changes C:/Users/SESA630813/work-2/4EV_HandsOn_platt/psu_cortexa53_0/standalone_domain/bsp/system.mss
TRACE::2022-11-18.10:17:37::SCWMssOS::Adding the swdes entry, mss present, able to open swdb C:/Users/SESA630813/work-2/4EV_HandsOn_platt/psu_cortexa53_0/standalone_domain/bsp/system.mss with des name system_1
TRACE::2022-11-18.10:17:37::SCWMssOS::Writing the mss file completed C:/Users/SESA630813/work-2/4EV_HandsOn_platt/psu_cortexa53_0/standalone_domain/bsp/system.mss
TRACE::2022-11-18.10:17:37::SCWMssOS::Commit changes completed.
TRACE::2022-11-18.10:17:37::SCWPlatform::Trying to open the hw design at C:/Users/SESA630813/work-2/4EV_HandsOn_platt/hw/Block_4EV_HandsOn.xsa
TRACE::2022-11-18.10:17:37::SCWPlatform::DSA given C:/Users/SESA630813/work-2/4EV_HandsOn_platt/hw/Block_4EV_HandsOn.xsa
TRACE::2022-11-18.10:17:37::SCWPlatform::DSA absoulate path C:/Users/SESA630813/work-2/4EV_HandsOn_platt/hw/Block_4EV_HandsOn.xsa
TRACE::2022-11-18.10:17:37::SCWPlatform::DSA directory C:/Users/SESA630813/work-2/4EV_HandsOn_platt/hw
TRACE::2022-11-18.10:17:37::SCWPlatform:: Platform Path C:/Users/SESA630813/work-2/4EV_HandsOn_platt/hw/Block_4EV_HandsOn.xsa
TRACE::2022-11-18.10:17:37::SCWPlatform:: Unique name xilinx:::0.0
TRACE::2022-11-18.10:17:37::SCWPlatform::Trying to set the existing hwdb with name Block_4EV_wrapper_23
TRACE::2022-11-18.10:17:37::SCWPlatform::Opened existing hwdb Block_4EV_wrapper_23
TRACE::2022-11-18.10:17:37::SCWPlatform::Found the Hw Db part of the input DSA
TRACE::2022-11-18.10:17:37::SCWMssOS::Checking the sw design at  C:/Users/SESA630813/work-2/4EV_HandsOn_platt/zynqmp_fsbl/zynqmp_fsbl_bsp/system.mss
TRACE::2022-11-18.10:17:37::SCWMssOS::DEBUG:  swdes dump  C:/Users/SESA630813/work-2/4EV_HandsOn_platt/psu_cortexa53_0/standalone_domain/bsp/system.mss|system_1||
C:/Users/SESA630813/work-2/4EV_HandsOn_platt/zynqmp_fsbl/zynqmp_fsbl_bsp/system.mss|system||
C:/Users/SESA630813/work-2/4EV_HandsOn_platt/zynqmp_pmufw/zynqmp_pmufw_bsp/system.mss|system_0||

TRACE::2022-11-18.10:17:37::SCWMssOS::Sw design exists and opened at  C:/Users/SESA630813/work-2/4EV_HandsOn_platt/zynqmp_fsbl/zynqmp_fsbl_bsp/system.mss
TRACE::2022-11-18.10:17:37::SCWPlatform::Trying to open the hw design at C:/Users/SESA630813/work-2/4EV_HandsOn_platt/hw/Block_4EV_HandsOn.xsa
TRACE::2022-11-18.10:17:37::SCWPlatform::DSA given C:/Users/SESA630813/work-2/4EV_HandsOn_platt/hw/Block_4EV_HandsOn.xsa
TRACE::2022-11-18.10:17:37::SCWPlatform::DSA absoulate path C:/Users/SESA630813/work-2/4EV_HandsOn_platt/hw/Block_4EV_HandsOn.xsa
TRACE::2022-11-18.10:17:37::SCWPlatform::DSA directory C:/Users/SESA630813/work-2/4EV_HandsOn_platt/hw
TRACE::2022-11-18.10:17:37::SCWPlatform:: Platform Path C:/Users/SESA630813/work-2/4EV_HandsOn_platt/hw/Block_4EV_HandsOn.xsa
TRACE::2022-11-18.10:17:37::SCWPlatform:: Unique name xilinx:::0.0
TRACE::2022-11-18.10:17:37::SCWPlatform::Trying to set the existing hwdb with name Block_4EV_wrapper_23
TRACE::2022-11-18.10:17:37::SCWPlatform::Opened existing hwdb Block_4EV_wrapper_23
TRACE::2022-11-18.10:17:37::SCWPlatform::Found the Hw Db part of the input DSA
TRACE::2022-11-18.10:17:37::SCWMssOS::Checking the sw design at  C:/Users/SESA630813/work-2/4EV_HandsOn_platt/zynqmp_pmufw/zynqmp_pmufw_bsp/system.mss
TRACE::2022-11-18.10:17:37::SCWMssOS::DEBUG:  swdes dump  C:/Users/SESA630813/work-2/4EV_HandsOn_platt/psu_cortexa53_0/standalone_domain/bsp/system.mss|system_1||
C:/Users/SESA630813/work-2/4EV_HandsOn_platt/zynqmp_fsbl/zynqmp_fsbl_bsp/system.mss|system||
C:/Users/SESA630813/work-2/4EV_HandsOn_platt/zynqmp_pmufw/zynqmp_pmufw_bsp/system.mss|system_0||

TRACE::2022-11-18.10:17:37::SCWMssOS::Sw design exists and opened at  C:/Users/SESA630813/work-2/4EV_HandsOn_platt/zynqmp_pmufw/zynqmp_pmufw_bsp/system.mss
TRACE::2022-11-18.10:17:37::SCWPlatform::Trying to open the hw design at C:/Users/SESA630813/work-2/4EV_HandsOn_platt/hw/Block_4EV_HandsOn.xsa
TRACE::2022-11-18.10:17:37::SCWPlatform::DSA given C:/Users/SESA630813/work-2/4EV_HandsOn_platt/hw/Block_4EV_HandsOn.xsa
TRACE::2022-11-18.10:17:37::SCWPlatform::DSA absoulate path C:/Users/SESA630813/work-2/4EV_HandsOn_platt/hw/Block_4EV_HandsOn.xsa
TRACE::2022-11-18.10:17:37::SCWPlatform::DSA directory C:/Users/SESA630813/work-2/4EV_HandsOn_platt/hw
TRACE::2022-11-18.10:17:37::SCWPlatform:: Platform Path C:/Users/SESA630813/work-2/4EV_HandsOn_platt/hw/Block_4EV_HandsOn.xsa
TRACE::2022-11-18.10:17:37::SCWPlatform:: Unique name xilinx:::0.0
TRACE::2022-11-18.10:17:37::SCWPlatform::Trying to set the existing hwdb with name Block_4EV_wrapper_23
TRACE::2022-11-18.10:17:37::SCWPlatform::Opened existing hwdb Block_4EV_wrapper_23
TRACE::2022-11-18.10:17:37::SCWPlatform::Found the Hw Db part of the input DSA
TRACE::2022-11-18.10:17:37::SCWMssOS::Checking the sw design at  C:/Users/SESA630813/work-2/4EV_HandsOn_platt/psu_cortexa53_0/standalone_domain/bsp/system.mss
TRACE::2022-11-18.10:17:37::SCWMssOS::DEBUG:  swdes dump  C:/Users/SESA630813/work-2/4EV_HandsOn_platt/psu_cortexa53_0/standalone_domain/bsp/system.mss|system_1||
C:/Users/SESA630813/work-2/4EV_HandsOn_platt/zynqmp_fsbl/zynqmp_fsbl_bsp/system.mss|system||
C:/Users/SESA630813/work-2/4EV_HandsOn_platt/zynqmp_pmufw/zynqmp_pmufw_bsp/system.mss|system_0||

TRACE::2022-11-18.10:17:37::SCWMssOS::Sw design exists and opened at  C:/Users/SESA630813/work-2/4EV_HandsOn_platt/psu_cortexa53_0/standalone_domain/bsp/system.mss
TRACE::2022-11-18.10:17:37::SCWWriter::formatted JSON is {
	"platformName":	"4EV_HandsOn_platt",
	"sprVersion":	"2.0",
	"mode":	"gui",
	"dsaType":	"Fixed",
	"platformDesc":	"4EV_HandsOn_platt",
	"platHandOff":	"C:/Schneider/ScriptingPath/enclustra/4EV-Hands-On/Block_4EV_HandsOn.xsa",
	"platIntHandOff":	"<platformDir>/hw/Block_4EV_HandsOn.xsa",
	"deviceType":	"zynqMP",
	"platIsPrebuiltAutogen":	"false",
	"platIsNoBootBsp":	"false",
	"platFsblTarget":	"psu_cortexa53_0",
	"hasFsblMakeHasChanges":	"false",
	"hasPmufwMakeHasChanges":	"false",
	"fsblExtraCompilerFlags":	"-MMD -MP      -Wall -fmessage-length=0 -DARMA53_64 -Os -flto -ffat-lto-objects  ",
	"pmufwExtraCompilerFlags":	"-MMD -MP      -mlittle-endian -mxl-barrel-shift -mxl-pattern-compare -mcpu=v9.2 -mxl-soft-mul -Os -flto -ffat-lto-objects  ",
	"platPreBuiltFlag":	false,
	"platformSamplesDir":	"",
	"platActiveSys":	"4EV_HandsOn_platt",
	"systems":	[{
			"systemName":	"4EV_HandsOn_platt",
			"systemDesc":	"4EV_HandsOn_platt",
			"sysIsBootAutoGen":	"true",
			"systemDispName":	"4EV_HandsOn_platt",
			"sysActiveDom":	"standalone_domain",
			"sysDefaultDom":	"standalone_domain",
			"domains":	[{
					"domainName":	"zynqmp_fsbl",
					"domainDispName":	"zynqmp_fsbl",
					"domainDesc":	"FSBL Application BSP - Auto Generated.",
					"processors":	"psu_cortexa53_0",
					"os":	"standalone",
					"sdxOs":	"standalone",
					"debugEnable":	"",
					"domRuntimes":	["cpp"],
					"swRepo":	"",
					"mssOsVer":	"7.6",
					"mssFile":	"",
					"md5Digest":	"f0f90a35a6a229e56057b23e4b7162c6",
					"compatibleApp":	"zynqmp_fsbl",
					"domType":	"bootDomain",
					"arch":	"64-bit",
					"appSettings":	{
						"appCompilerFlags":	"",
						"appLinkerFlags":	""
					},
					"addedLibs":	["xilffs:4.6", "xilsecure:4.6", "xilpm:3.5"],
					"libOptions":	{
						"standalone":	{
							"zynqmp_fsbl_bsp":	"true",
							"libOptionNames":	["zynqmp_fsbl_bsp"]
						},
						"xilffs":	{
							"read_only":	"true",
							"use_mkfs":	"false",
							"libOptionNames":	["read_only", "use_mkfs"]
						},
						"xilsecure":	{
							"tpm_support":	"true",
							"libOptionNames":	["tpm_support"]
						},
						"libsContainingOptions":	["standalone", "xilffs", "xilsecure"]
					},
					"prebuiltLibs":	{
						"prebuiltIncPath":	[],
						"prebuiltLibPath":	[]
					},
					"isolation":	{
					}
				}, {
					"domainName":	"zynqmp_pmufw",
					"domainDispName":	"zynqmp_pmufw",
					"domainDesc":	"PMUFW Application BSP - Auto Generated.",
					"processors":	"psu_pmu_0",
					"os":	"standalone",
					"sdxOs":	"standalone",
					"debugEnable":	"",
					"domRuntimes":	["cpp"],
					"swRepo":	"",
					"mssOsVer":	"7.6",
					"mssFile":	"",
					"md5Digest":	"2252945fa1d34af486e1005da291d4dd",
					"compatibleApp":	"zynqmp_pmufw",
					"domType":	"bootDomain",
					"arch":	"32-bit",
					"appSettings":	{
						"appCompilerFlags":	"",
						"appLinkerFlags":	""
					},
					"addedLibs":	["xilfpga:6.1", "xilsecure:4.6", "xilskey:7.2"],
					"libOptions":	{
						"psu_pmu_0":	{
							"extra_compiler_flags":	"-g -ffunction-sections -fdata-sections -Wall -Wextra -fno-tree-loop-distribute-patterns  -Os -flto -ffat-lto-objects",
							"libOptionNames":	["extra_compiler_flags"]
						},
						"libsContainingOptions":	["psu_pmu_0"]
					},
					"prebuiltLibs":	{
						"prebuiltIncPath":	[],
						"prebuiltLibPath":	[]
					},
					"isolation":	{
					}
				}, {
					"domainName":	"standalone_domain",
					"domainDispName":	"standalone on psu_cortexa53_0",
					"domainDesc":	"standalone_domain",
					"processors":	"psu_cortexa53_0",
					"os":	"standalone",
					"sdxOs":	"standalone",
					"qemuArgs":	"C:/Xilinx3/Vitis/2021.2/data/emulation/platforms/zynqmp/sw/a53_standalone/qemu/qemu_args.txt",
					"qemuData":	"C:/Xilinx3/Vitis/2021.2/data/emulation/platforms/zynqmp/sw/a53_standalone/qemu/",
					"pmuQemuArgs":	"C:/Xilinx3/Vitis/2021.2/data/emulation/platforms/zynqmp/sw/a53_standalone/qemu/pmu_args.txt",
					"debugEnable":	"False",
					"domRuntimes":	["cpp"],
					"swRepo":	"",
					"mssOsVer":	"7.6",
					"mssFile":	"",
					"md5Digest":	"1e59d7d60e68c57a30bb094e3e26e759",
					"compatibleApp":	"",
					"domType":	"mssDomain",
					"arch":	"64-bit",
					"appSettings":	{
						"appCompilerFlags":	"",
						"appLinkerFlags":	""
					},
					"addedLibs":	[],
					"libOptions":	{
						"libsContainingOptions":	[]
					},
					"prebuiltLibs":	{
						"prebuiltIncPath":	[],
						"prebuiltLibPath":	[]
					},
					"isolation":	{
					}
				}]
		}]
}
KEYINFO::2022-11-18.10:17:37::SCWPlatform::updated the xpfm file.
TRACE::2022-11-18.10:17:37::SCWPlatform::Trying to open the hw design at C:/Users/SESA630813/work-2/4EV_HandsOn_platt/hw/Block_4EV_HandsOn.xsa
TRACE::2022-11-18.10:17:37::SCWPlatform::DSA given C:/Users/SESA630813/work-2/4EV_HandsOn_platt/hw/Block_4EV_HandsOn.xsa
TRACE::2022-11-18.10:17:37::SCWPlatform::DSA absoulate path C:/Users/SESA630813/work-2/4EV_HandsOn_platt/hw/Block_4EV_HandsOn.xsa
TRACE::2022-11-18.10:17:37::SCWPlatform::DSA directory C:/Users/SESA630813/work-2/4EV_HandsOn_platt/hw
TRACE::2022-11-18.10:17:37::SCWPlatform:: Platform Path C:/Users/SESA630813/work-2/4EV_HandsOn_platt/hw/Block_4EV_HandsOn.xsa
TRACE::2022-11-18.10:17:37::SCWPlatform:: Unique name xilinx:::0.0
TRACE::2022-11-18.10:17:37::SCWPlatform::Trying to set the existing hwdb with name Block_4EV_wrapper_23
TRACE::2022-11-18.10:17:37::SCWPlatform::Opened existing hwdb Block_4EV_wrapper_23
TRACE::2022-11-18.10:17:37::SCWPlatform::Found the Hw Db part of the input DSA
TRACE::2022-11-18.10:17:37::SCWMssOS::Checking the sw design at  C:/Users/SESA630813/work-2/4EV_HandsOn_platt/psu_cortexa53_0/standalone_domain/bsp/system.mss
TRACE::2022-11-18.10:17:37::SCWMssOS::DEBUG:  swdes dump  C:/Users/SESA630813/work-2/4EV_HandsOn_platt/psu_cortexa53_0/standalone_domain/bsp/system.mss|system_1||
C:/Users/SESA630813/work-2/4EV_HandsOn_platt/zynqmp_fsbl/zynqmp_fsbl_bsp/system.mss|system||
C:/Users/SESA630813/work-2/4EV_HandsOn_platt/zynqmp_pmufw/zynqmp_pmufw_bsp/system.mss|system_0||

TRACE::2022-11-18.10:17:37::SCWMssOS::Sw design exists and opened at  C:/Users/SESA630813/work-2/4EV_HandsOn_platt/psu_cortexa53_0/standalone_domain/bsp/system.mss
TRACE::2022-11-18.10:39:54::SCWPlatform::DSA given C:/Users/SESA630813/work-2/4EV_HandsOn_platt/tempdsa/Block_4EV_HandsOn.xsa
TRACE::2022-11-18.10:39:54::SCWPlatform::DSA absoulate path C:/Users/SESA630813/work-2/4EV_HandsOn_platt/tempdsa/Block_4EV_HandsOn.xsa
TRACE::2022-11-18.10:39:54::SCWPlatform:: Platform location is C:/Users/SESA630813/work-2/4EV_HandsOn_platt/tempdsa
TRACE::2022-11-18.10:39:54::SCWPlatform:: Platform Path C:/Users/SESA630813/work-2/4EV_HandsOn_platt/tempdsa/Block_4EV_HandsOn.xsa
TRACE::2022-11-18.10:39:54::SCWPlatform:: Unique name xilinx:::0.0
TRACE::2022-11-18.10:40:02::SCWPlatform::Found the Hw Db part of the input DSA
TRACE::2022-11-18.10:40:02::SCWMssOS::Doing hw sync for the mss in domain: zynqmp_fsbl
TRACE::2022-11-18.10:40:02::SCWPlatform::Trying to open the hw design at C:/Users/SESA630813/work-2/4EV_HandsOn_platt/hw/Block_4EV_HandsOn.xsa
TRACE::2022-11-18.10:40:02::SCWPlatform::DSA given C:/Users/SESA630813/work-2/4EV_HandsOn_platt/hw/Block_4EV_HandsOn.xsa
TRACE::2022-11-18.10:40:02::SCWPlatform::DSA absoulate path C:/Users/SESA630813/work-2/4EV_HandsOn_platt/hw/Block_4EV_HandsOn.xsa
TRACE::2022-11-18.10:40:02::SCWPlatform::DSA directory C:/Users/SESA630813/work-2/4EV_HandsOn_platt/hw
TRACE::2022-11-18.10:40:02::SCWPlatform:: Platform Path C:/Users/SESA630813/work-2/4EV_HandsOn_platt/hw/Block_4EV_HandsOn.xsa
TRACE::2022-11-18.10:40:02::SCWPlatform:: Unique name xilinx:::0.0
TRACE::2022-11-18.10:40:02::SCWPlatform::Trying to set the existing hwdb with name Block_4EV_wrapper_23
TRACE::2022-11-18.10:40:02::SCWPlatform::Could not get the HWDB from existing dbname
TRACE::2022-11-18.10:40:02::SCWPlatform::Do not have an existing db opened. Attempting to open the hwDb. 
TRACE::2022-11-18.10:40:02::SCWPlatform::Opened new HwDB with name Block_4EV_wrapper_25
TRACE::2022-11-18.10:40:02::SCWPlatform::Trying to open the hw design at C:/Users/SESA630813/work-2/4EV_HandsOn_platt/hw/Block_4EV_HandsOn.xsa
TRACE::2022-11-18.10:40:02::SCWPlatform::DSA given C:/Users/SESA630813/work-2/4EV_HandsOn_platt/hw/Block_4EV_HandsOn.xsa
TRACE::2022-11-18.10:40:02::SCWPlatform::DSA absoulate path C:/Users/SESA630813/work-2/4EV_HandsOn_platt/hw/Block_4EV_HandsOn.xsa
TRACE::2022-11-18.10:40:02::SCWPlatform::DSA directory C:/Users/SESA630813/work-2/4EV_HandsOn_platt/hw
TRACE::2022-11-18.10:40:02::SCWPlatform:: Platform Path C:/Users/SESA630813/work-2/4EV_HandsOn_platt/hw/Block_4EV_HandsOn.xsa
TRACE::2022-11-18.10:40:02::SCWPlatform:: Unique name xilinx:::0.0
TRACE::2022-11-18.10:40:02::SCWPlatform::Trying to set the existing hwdb with name Block_4EV_wrapper_25
TRACE::2022-11-18.10:40:02::SCWPlatform::Opened existing hwdb Block_4EV_wrapper_25
TRACE::2022-11-18.10:40:02::SCWPlatform::Found the Hw Db part of the input DSA
TRACE::2022-11-18.10:40:02::SCWMssOS::Checking the sw design at  C:/Users/SESA630813/work-2/4EV_HandsOn_platt/zynqmp_fsbl/zynqmp_fsbl_bsp/system.mss
TRACE::2022-11-18.10:40:02::SCWMssOS::DEBUG:  swdes dump  C:/Users/SESA630813/work-2/4EV_HandsOn_platt/psu_cortexa53_0/standalone_domain/bsp/system.mss|system_1||
C:/Users/SESA630813/work-2/4EV_HandsOn_platt/zynqmp_fsbl/zynqmp_fsbl_bsp/system.mss|system||
C:/Users/SESA630813/work-2/4EV_HandsOn_platt/zynqmp_pmufw/zynqmp_pmufw_bsp/system.mss|system_0||

TRACE::2022-11-18.10:40:02::SCWMssOS::Sw design exists and opened at  C:/Users/SESA630813/work-2/4EV_HandsOn_platt/zynqmp_fsbl/zynqmp_fsbl_bsp/system.mss
TRACE::2022-11-18.10:40:02::SCWPlatform::Trying to open the hw design at C:/Users/SESA630813/work-2/4EV_HandsOn_platt/tempdsa/Block_4EV_HandsOn.xsa
TRACE::2022-11-18.10:40:02::SCWPlatform::DSA given C:/Users/SESA630813/work-2/4EV_HandsOn_platt/tempdsa/Block_4EV_HandsOn.xsa
TRACE::2022-11-18.10:40:02::SCWPlatform::DSA absoulate path C:/Users/SESA630813/work-2/4EV_HandsOn_platt/tempdsa/Block_4EV_HandsOn.xsa
TRACE::2022-11-18.10:40:02::SCWPlatform::DSA directory C:/Users/SESA630813/work-2/4EV_HandsOn_platt/tempdsa
TRACE::2022-11-18.10:40:02::SCWPlatform:: Platform Path C:/Users/SESA630813/work-2/4EV_HandsOn_platt/tempdsa/Block_4EV_HandsOn.xsa
TRACE::2022-11-18.10:40:02::SCWPlatform:: Unique name xilinx:::0.0
TRACE::2022-11-18.10:40:02::SCWPlatform::update - Opened existing hwdb Block_4EV_wrapper_26
TRACE::2022-11-18.10:40:02::SCWPlatform::Found the Hw Db part of the input DSA
TRACE::2022-11-18.10:40:02::SCWMssOS::Doing hw sync for the mss in domain: zynqmp_pmufw
TRACE::2022-11-18.10:40:02::SCWPlatform::Trying to open the hw design at C:/Users/SESA630813/work-2/4EV_HandsOn_platt/hw/Block_4EV_HandsOn.xsa
TRACE::2022-11-18.10:40:02::SCWPlatform::DSA given C:/Users/SESA630813/work-2/4EV_HandsOn_platt/hw/Block_4EV_HandsOn.xsa
TRACE::2022-11-18.10:40:02::SCWPlatform::DSA absoulate path C:/Users/SESA630813/work-2/4EV_HandsOn_platt/hw/Block_4EV_HandsOn.xsa
TRACE::2022-11-18.10:40:02::SCWPlatform::DSA directory C:/Users/SESA630813/work-2/4EV_HandsOn_platt/hw
TRACE::2022-11-18.10:40:02::SCWPlatform:: Platform Path C:/Users/SESA630813/work-2/4EV_HandsOn_platt/hw/Block_4EV_HandsOn.xsa
TRACE::2022-11-18.10:40:02::SCWPlatform:: Unique name xilinx:::0.0
TRACE::2022-11-18.10:40:02::SCWPlatform::Trying to set the existing hwdb with name Block_4EV_wrapper_25
TRACE::2022-11-18.10:40:02::SCWPlatform::Opened existing hwdb Block_4EV_wrapper_25
TRACE::2022-11-18.10:40:02::SCWPlatform::Found the Hw Db part of the input DSA
TRACE::2022-11-18.10:40:02::SCWPlatform::Trying to open the hw design at C:/Users/SESA630813/work-2/4EV_HandsOn_platt/hw/Block_4EV_HandsOn.xsa
TRACE::2022-11-18.10:40:02::SCWPlatform::DSA given C:/Users/SESA630813/work-2/4EV_HandsOn_platt/hw/Block_4EV_HandsOn.xsa
TRACE::2022-11-18.10:40:02::SCWPlatform::DSA absoulate path C:/Users/SESA630813/work-2/4EV_HandsOn_platt/hw/Block_4EV_HandsOn.xsa
TRACE::2022-11-18.10:40:02::SCWPlatform::DSA directory C:/Users/SESA630813/work-2/4EV_HandsOn_platt/hw
TRACE::2022-11-18.10:40:02::SCWPlatform:: Platform Path C:/Users/SESA630813/work-2/4EV_HandsOn_platt/hw/Block_4EV_HandsOn.xsa
TRACE::2022-11-18.10:40:02::SCWPlatform:: Unique name xilinx:::0.0
TRACE::2022-11-18.10:40:02::SCWPlatform::Trying to set the existing hwdb with name Block_4EV_wrapper_25
TRACE::2022-11-18.10:40:02::SCWPlatform::Opened existing hwdb Block_4EV_wrapper_25
TRACE::2022-11-18.10:40:02::SCWPlatform::Found the Hw Db part of the input DSA
TRACE::2022-11-18.10:40:02::SCWMssOS::Checking the sw design at  C:/Users/SESA630813/work-2/4EV_HandsOn_platt/zynqmp_pmufw/zynqmp_pmufw_bsp/system.mss
TRACE::2022-11-18.10:40:02::SCWMssOS::DEBUG:  swdes dump  C:/Users/SESA630813/work-2/4EV_HandsOn_platt/psu_cortexa53_0/standalone_domain/bsp/system.mss|system_1||
C:/Users/SESA630813/work-2/4EV_HandsOn_platt/zynqmp_fsbl/zynqmp_fsbl_bsp/system.mss|system||
C:/Users/SESA630813/work-2/4EV_HandsOn_platt/zynqmp_pmufw/zynqmp_pmufw_bsp/system.mss|system_0||

TRACE::2022-11-18.10:40:02::SCWMssOS::Sw design exists and opened at  C:/Users/SESA630813/work-2/4EV_HandsOn_platt/zynqmp_pmufw/zynqmp_pmufw_bsp/system.mss
TRACE::2022-11-18.10:40:02::SCWPlatform::Trying to open the hw design at C:/Users/SESA630813/work-2/4EV_HandsOn_platt/tempdsa/Block_4EV_HandsOn.xsa
TRACE::2022-11-18.10:40:02::SCWPlatform::DSA given C:/Users/SESA630813/work-2/4EV_HandsOn_platt/tempdsa/Block_4EV_HandsOn.xsa
TRACE::2022-11-18.10:40:02::SCWPlatform::DSA absoulate path C:/Users/SESA630813/work-2/4EV_HandsOn_platt/tempdsa/Block_4EV_HandsOn.xsa
TRACE::2022-11-18.10:40:02::SCWPlatform::DSA directory C:/Users/SESA630813/work-2/4EV_HandsOn_platt/tempdsa
TRACE::2022-11-18.10:40:02::SCWPlatform:: Platform Path C:/Users/SESA630813/work-2/4EV_HandsOn_platt/tempdsa/Block_4EV_HandsOn.xsa
TRACE::2022-11-18.10:40:02::SCWPlatform:: Unique name xilinx:::0.0
TRACE::2022-11-18.10:40:02::SCWPlatform::update - Opened existing hwdb Block_4EV_wrapper_26
TRACE::2022-11-18.10:40:02::SCWPlatform::Found the Hw Db part of the input DSA
TRACE::2022-11-18.10:40:02::SCWMssOS::Doing hw sync for the mss in domain: standalone_domain
TRACE::2022-11-18.10:40:02::SCWPlatform::Trying to open the hw design at C:/Users/SESA630813/work-2/4EV_HandsOn_platt/hw/Block_4EV_HandsOn.xsa
TRACE::2022-11-18.10:40:02::SCWPlatform::DSA given C:/Users/SESA630813/work-2/4EV_HandsOn_platt/hw/Block_4EV_HandsOn.xsa
TRACE::2022-11-18.10:40:02::SCWPlatform::DSA absoulate path C:/Users/SESA630813/work-2/4EV_HandsOn_platt/hw/Block_4EV_HandsOn.xsa
TRACE::2022-11-18.10:40:02::SCWPlatform::DSA directory C:/Users/SESA630813/work-2/4EV_HandsOn_platt/hw
TRACE::2022-11-18.10:40:02::SCWPlatform:: Platform Path C:/Users/SESA630813/work-2/4EV_HandsOn_platt/hw/Block_4EV_HandsOn.xsa
TRACE::2022-11-18.10:40:02::SCWPlatform:: Unique name xilinx:::0.0
TRACE::2022-11-18.10:40:02::SCWPlatform::Trying to set the existing hwdb with name Block_4EV_wrapper_25
TRACE::2022-11-18.10:40:02::SCWPlatform::Opened existing hwdb Block_4EV_wrapper_25
TRACE::2022-11-18.10:40:02::SCWPlatform::Found the Hw Db part of the input DSA
TRACE::2022-11-18.10:40:02::SCWPlatform::Trying to open the hw design at C:/Users/SESA630813/work-2/4EV_HandsOn_platt/hw/Block_4EV_HandsOn.xsa
TRACE::2022-11-18.10:40:02::SCWPlatform::DSA given C:/Users/SESA630813/work-2/4EV_HandsOn_platt/hw/Block_4EV_HandsOn.xsa
TRACE::2022-11-18.10:40:02::SCWPlatform::DSA absoulate path C:/Users/SESA630813/work-2/4EV_HandsOn_platt/hw/Block_4EV_HandsOn.xsa
TRACE::2022-11-18.10:40:02::SCWPlatform::DSA directory C:/Users/SESA630813/work-2/4EV_HandsOn_platt/hw
TRACE::2022-11-18.10:40:02::SCWPlatform:: Platform Path C:/Users/SESA630813/work-2/4EV_HandsOn_platt/hw/Block_4EV_HandsOn.xsa
TRACE::2022-11-18.10:40:02::SCWPlatform:: Unique name xilinx:::0.0
TRACE::2022-11-18.10:40:02::SCWPlatform::Trying to set the existing hwdb with name Block_4EV_wrapper_25
TRACE::2022-11-18.10:40:02::SCWPlatform::Opened existing hwdb Block_4EV_wrapper_25
TRACE::2022-11-18.10:40:02::SCWPlatform::Found the Hw Db part of the input DSA
TRACE::2022-11-18.10:40:02::SCWMssOS::Checking the sw design at  C:/Users/SESA630813/work-2/4EV_HandsOn_platt/psu_cortexa53_0/standalone_domain/bsp/system.mss
TRACE::2022-11-18.10:40:02::SCWMssOS::DEBUG:  swdes dump  C:/Users/SESA630813/work-2/4EV_HandsOn_platt/psu_cortexa53_0/standalone_domain/bsp/system.mss|system_1||
C:/Users/SESA630813/work-2/4EV_HandsOn_platt/zynqmp_fsbl/zynqmp_fsbl_bsp/system.mss|system||
C:/Users/SESA630813/work-2/4EV_HandsOn_platt/zynqmp_pmufw/zynqmp_pmufw_bsp/system.mss|system_0||

TRACE::2022-11-18.10:40:02::SCWMssOS::Sw design exists and opened at  C:/Users/SESA630813/work-2/4EV_HandsOn_platt/psu_cortexa53_0/standalone_domain/bsp/system.mss
TRACE::2022-11-18.10:40:02::SCWPlatform::Trying to open the hw design at C:/Users/SESA630813/work-2/4EV_HandsOn_platt/tempdsa/Block_4EV_HandsOn.xsa
TRACE::2022-11-18.10:40:02::SCWPlatform::DSA given C:/Users/SESA630813/work-2/4EV_HandsOn_platt/tempdsa/Block_4EV_HandsOn.xsa
TRACE::2022-11-18.10:40:02::SCWPlatform::DSA absoulate path C:/Users/SESA630813/work-2/4EV_HandsOn_platt/tempdsa/Block_4EV_HandsOn.xsa
TRACE::2022-11-18.10:40:02::SCWPlatform::DSA directory C:/Users/SESA630813/work-2/4EV_HandsOn_platt/tempdsa
TRACE::2022-11-18.10:40:02::SCWPlatform:: Platform Path C:/Users/SESA630813/work-2/4EV_HandsOn_platt/tempdsa/Block_4EV_HandsOn.xsa
TRACE::2022-11-18.10:40:02::SCWPlatform:: Unique name xilinx:::0.0
TRACE::2022-11-18.10:40:02::SCWPlatform::update - Opened existing hwdb Block_4EV_wrapper_26
TRACE::2022-11-18.10:40:02::SCWPlatform::Found the Hw Db part of the input DSA
TRACE::2022-11-18.10:40:02::SCWMssOS::Saving the mss changes C:/Users/SESA630813/work-2/4EV_HandsOn_platt/zynqmp_fsbl/zynqmp_fsbl_bsp/system.mss
TRACE::2022-11-18.10:40:02::SCWMssOS::Found a swdesign opened with the mssfile.
TRACE::2022-11-18.10:40:02::SCWMssOS::Completed writemss as part of save.
TRACE::2022-11-18.10:40:02::SCWMssOS::Commit changes completed.
TRACE::2022-11-18.10:40:02::SCWMssOS::Completed hw sync for the mss in domain: zynqmp_fsbl
TRACE::2022-11-18.10:40:02::SCWMssOS::Removing the swdes entry for  C:/Users/SESA630813/work-2/4EV_HandsOn_platt/zynqmp_fsbl/zynqmp_fsbl_bsp/system.mss
TRACE::2022-11-18.10:40:02::SCWMssOS::Saving the mss changes C:/Users/SESA630813/work-2/4EV_HandsOn_platt/zynqmp_pmufw/zynqmp_pmufw_bsp/system.mss
TRACE::2022-11-18.10:40:02::SCWMssOS::Found a swdesign opened with the mssfile.
TRACE::2022-11-18.10:40:02::SCWMssOS::Completed writemss as part of save.
TRACE::2022-11-18.10:40:02::SCWMssOS::Commit changes completed.
TRACE::2022-11-18.10:40:02::SCWMssOS::Completed hw sync for the mss in domain: zynqmp_pmufw
TRACE::2022-11-18.10:40:02::SCWMssOS::Removing the swdes entry for  C:/Users/SESA630813/work-2/4EV_HandsOn_platt/zynqmp_pmufw/zynqmp_pmufw_bsp/system.mss
TRACE::2022-11-18.10:40:02::SCWMssOS::Saving the mss changes C:/Users/SESA630813/work-2/4EV_HandsOn_platt/psu_cortexa53_0/standalone_domain/bsp/system.mss
TRACE::2022-11-18.10:40:02::SCWMssOS::Found a swdesign opened with the mssfile.
TRACE::2022-11-18.10:40:02::SCWMssOS::Completed writemss as part of save.
TRACE::2022-11-18.10:40:02::SCWMssOS::Commit changes completed.
TRACE::2022-11-18.10:40:02::SCWMssOS::Completed hw sync for the mss in domain: standalone_domain
TRACE::2022-11-18.10:40:02::SCWMssOS::Removing the swdes entry for  C:/Users/SESA630813/work-2/4EV_HandsOn_platt/psu_cortexa53_0/standalone_domain/bsp/system.mss
TRACE::2022-11-18.10:40:02::SCWPlatform::Trying to open the hw design at C:/Users/SESA630813/work-2/4EV_HandsOn_platt/hw/Block_4EV_HandsOn.xsa
TRACE::2022-11-18.10:40:02::SCWPlatform::DSA given C:/Users/SESA630813/work-2/4EV_HandsOn_platt/hw/Block_4EV_HandsOn.xsa
TRACE::2022-11-18.10:40:02::SCWPlatform::DSA absoulate path C:/Users/SESA630813/work-2/4EV_HandsOn_platt/hw/Block_4EV_HandsOn.xsa
TRACE::2022-11-18.10:40:02::SCWPlatform::DSA directory C:/Users/SESA630813/work-2/4EV_HandsOn_platt/hw
TRACE::2022-11-18.10:40:02::SCWPlatform:: Platform Path C:/Users/SESA630813/work-2/4EV_HandsOn_platt/hw/Block_4EV_HandsOn.xsa
TRACE::2022-11-18.10:40:02::SCWPlatform:: Unique name xilinx:::0.0
TRACE::2022-11-18.10:40:02::SCWPlatform::Do not have an existing db opened. 
TRACE::2022-11-18.10:40:10::SCWPlatform::Opened new HwDB with name Block_4EV_wrapper_27
TRACE::2022-11-18.10:40:10::SCWMssOS::Saving the mss changes C:/Users/SESA630813/work-2/4EV_HandsOn_platt/zynqmp_fsbl/zynqmp_fsbl_bsp/system.mss
TRACE::2022-11-18.10:40:10::SCWMssOS::Adding the swdes entry, mss present, able to open swdb C:/Users/SESA630813/work-2/4EV_HandsOn_platt/zynqmp_fsbl/zynqmp_fsbl_bsp/system.mss with des name system
TRACE::2022-11-18.10:40:10::SCWMssOS::Writing the mss file completed C:/Users/SESA630813/work-2/4EV_HandsOn_platt/zynqmp_fsbl/zynqmp_fsbl_bsp/system.mss
TRACE::2022-11-18.10:40:10::SCWMssOS::Commit changes completed.
TRACE::2022-11-18.10:40:10::SCWMssOS::Saving the mss changes C:/Users/SESA630813/work-2/4EV_HandsOn_platt/zynqmp_pmufw/zynqmp_pmufw_bsp/system.mss
TRACE::2022-11-18.10:40:10::SCWMssOS::Adding the swdes entry, mss present, able to open swdb C:/Users/SESA630813/work-2/4EV_HandsOn_platt/zynqmp_pmufw/zynqmp_pmufw_bsp/system.mss with des name system_0
TRACE::2022-11-18.10:40:10::SCWMssOS::Writing the mss file completed C:/Users/SESA630813/work-2/4EV_HandsOn_platt/zynqmp_pmufw/zynqmp_pmufw_bsp/system.mss
TRACE::2022-11-18.10:40:10::SCWMssOS::Commit changes completed.
TRACE::2022-11-18.10:40:10::SCWMssOS::Saving the mss changes C:/Users/SESA630813/work-2/4EV_HandsOn_platt/psu_cortexa53_0/standalone_domain/bsp/system.mss
TRACE::2022-11-18.10:40:10::SCWMssOS::Adding the swdes entry, mss present, able to open swdb C:/Users/SESA630813/work-2/4EV_HandsOn_platt/psu_cortexa53_0/standalone_domain/bsp/system.mss with des name system_1
TRACE::2022-11-18.10:40:10::SCWMssOS::Writing the mss file completed C:/Users/SESA630813/work-2/4EV_HandsOn_platt/psu_cortexa53_0/standalone_domain/bsp/system.mss
TRACE::2022-11-18.10:40:10::SCWMssOS::Commit changes completed.
TRACE::2022-11-18.10:40:10::SCWPlatform::Trying to open the hw design at C:/Users/SESA630813/work-2/4EV_HandsOn_platt/hw/Block_4EV_HandsOn.xsa
TRACE::2022-11-18.10:40:10::SCWPlatform::DSA given C:/Users/SESA630813/work-2/4EV_HandsOn_platt/hw/Block_4EV_HandsOn.xsa
TRACE::2022-11-18.10:40:10::SCWPlatform::DSA absoulate path C:/Users/SESA630813/work-2/4EV_HandsOn_platt/hw/Block_4EV_HandsOn.xsa
TRACE::2022-11-18.10:40:10::SCWPlatform::DSA directory C:/Users/SESA630813/work-2/4EV_HandsOn_platt/hw
TRACE::2022-11-18.10:40:10::SCWPlatform:: Platform Path C:/Users/SESA630813/work-2/4EV_HandsOn_platt/hw/Block_4EV_HandsOn.xsa
TRACE::2022-11-18.10:40:10::SCWPlatform:: Unique name xilinx:::0.0
TRACE::2022-11-18.10:40:10::SCWPlatform::Trying to set the existing hwdb with name Block_4EV_wrapper_27
TRACE::2022-11-18.10:40:10::SCWPlatform::Opened existing hwdb Block_4EV_wrapper_27
TRACE::2022-11-18.10:40:10::SCWPlatform::Found the Hw Db part of the input DSA
TRACE::2022-11-18.10:40:10::SCWMssOS::Checking the sw design at  C:/Users/SESA630813/work-2/4EV_HandsOn_platt/zynqmp_fsbl/zynqmp_fsbl_bsp/system.mss
TRACE::2022-11-18.10:40:10::SCWMssOS::DEBUG:  swdes dump  C:/Users/SESA630813/work-2/4EV_HandsOn_platt/psu_cortexa53_0/standalone_domain/bsp/system.mss|system_1||
C:/Users/SESA630813/work-2/4EV_HandsOn_platt/zynqmp_fsbl/zynqmp_fsbl_bsp/system.mss|system||
C:/Users/SESA630813/work-2/4EV_HandsOn_platt/zynqmp_pmufw/zynqmp_pmufw_bsp/system.mss|system_0||

TRACE::2022-11-18.10:40:10::SCWMssOS::Sw design exists and opened at  C:/Users/SESA630813/work-2/4EV_HandsOn_platt/zynqmp_fsbl/zynqmp_fsbl_bsp/system.mss
TRACE::2022-11-18.10:40:10::SCWPlatform::Trying to open the hw design at C:/Users/SESA630813/work-2/4EV_HandsOn_platt/hw/Block_4EV_HandsOn.xsa
TRACE::2022-11-18.10:40:10::SCWPlatform::DSA given C:/Users/SESA630813/work-2/4EV_HandsOn_platt/hw/Block_4EV_HandsOn.xsa
TRACE::2022-11-18.10:40:10::SCWPlatform::DSA absoulate path C:/Users/SESA630813/work-2/4EV_HandsOn_platt/hw/Block_4EV_HandsOn.xsa
TRACE::2022-11-18.10:40:10::SCWPlatform::DSA directory C:/Users/SESA630813/work-2/4EV_HandsOn_platt/hw
TRACE::2022-11-18.10:40:10::SCWPlatform:: Platform Path C:/Users/SESA630813/work-2/4EV_HandsOn_platt/hw/Block_4EV_HandsOn.xsa
TRACE::2022-11-18.10:40:10::SCWPlatform:: Unique name xilinx:::0.0
TRACE::2022-11-18.10:40:10::SCWPlatform::Trying to set the existing hwdb with name Block_4EV_wrapper_27
TRACE::2022-11-18.10:40:10::SCWPlatform::Opened existing hwdb Block_4EV_wrapper_27
TRACE::2022-11-18.10:40:10::SCWPlatform::Found the Hw Db part of the input DSA
TRACE::2022-11-18.10:40:10::SCWMssOS::Checking the sw design at  C:/Users/SESA630813/work-2/4EV_HandsOn_platt/zynqmp_pmufw/zynqmp_pmufw_bsp/system.mss
TRACE::2022-11-18.10:40:10::SCWMssOS::DEBUG:  swdes dump  C:/Users/SESA630813/work-2/4EV_HandsOn_platt/psu_cortexa53_0/standalone_domain/bsp/system.mss|system_1||
C:/Users/SESA630813/work-2/4EV_HandsOn_platt/zynqmp_fsbl/zynqmp_fsbl_bsp/system.mss|system||
C:/Users/SESA630813/work-2/4EV_HandsOn_platt/zynqmp_pmufw/zynqmp_pmufw_bsp/system.mss|system_0||

TRACE::2022-11-18.10:40:10::SCWMssOS::Sw design exists and opened at  C:/Users/SESA630813/work-2/4EV_HandsOn_platt/zynqmp_pmufw/zynqmp_pmufw_bsp/system.mss
TRACE::2022-11-18.10:40:10::SCWPlatform::Trying to open the hw design at C:/Users/SESA630813/work-2/4EV_HandsOn_platt/hw/Block_4EV_HandsOn.xsa
TRACE::2022-11-18.10:40:10::SCWPlatform::DSA given C:/Users/SESA630813/work-2/4EV_HandsOn_platt/hw/Block_4EV_HandsOn.xsa
TRACE::2022-11-18.10:40:10::SCWPlatform::DSA absoulate path C:/Users/SESA630813/work-2/4EV_HandsOn_platt/hw/Block_4EV_HandsOn.xsa
TRACE::2022-11-18.10:40:10::SCWPlatform::DSA directory C:/Users/SESA630813/work-2/4EV_HandsOn_platt/hw
TRACE::2022-11-18.10:40:10::SCWPlatform:: Platform Path C:/Users/SESA630813/work-2/4EV_HandsOn_platt/hw/Block_4EV_HandsOn.xsa
TRACE::2022-11-18.10:40:10::SCWPlatform:: Unique name xilinx:::0.0
TRACE::2022-11-18.10:40:10::SCWPlatform::Trying to set the existing hwdb with name Block_4EV_wrapper_27
TRACE::2022-11-18.10:40:10::SCWPlatform::Opened existing hwdb Block_4EV_wrapper_27
TRACE::2022-11-18.10:40:10::SCWPlatform::Found the Hw Db part of the input DSA
TRACE::2022-11-18.10:40:10::SCWMssOS::Checking the sw design at  C:/Users/SESA630813/work-2/4EV_HandsOn_platt/psu_cortexa53_0/standalone_domain/bsp/system.mss
TRACE::2022-11-18.10:40:10::SCWMssOS::DEBUG:  swdes dump  C:/Users/SESA630813/work-2/4EV_HandsOn_platt/psu_cortexa53_0/standalone_domain/bsp/system.mss|system_1||
C:/Users/SESA630813/work-2/4EV_HandsOn_platt/zynqmp_fsbl/zynqmp_fsbl_bsp/system.mss|system||
C:/Users/SESA630813/work-2/4EV_HandsOn_platt/zynqmp_pmufw/zynqmp_pmufw_bsp/system.mss|system_0||

TRACE::2022-11-18.10:40:10::SCWMssOS::Sw design exists and opened at  C:/Users/SESA630813/work-2/4EV_HandsOn_platt/psu_cortexa53_0/standalone_domain/bsp/system.mss
TRACE::2022-11-18.10:40:10::SCWWriter::formatted JSON is {
	"platformName":	"4EV_HandsOn_platt",
	"sprVersion":	"2.0",
	"mode":	"gui",
	"dsaType":	"Fixed",
	"platformDesc":	"4EV_HandsOn_platt",
	"platHandOff":	"C:/Schneider/ScriptingPath/enclustra/4EV-Hands-On/Block_4EV_HandsOn.xsa",
	"platIntHandOff":	"<platformDir>/hw/Block_4EV_HandsOn.xsa",
	"deviceType":	"zynqMP",
	"platIsPrebuiltAutogen":	"false",
	"platIsNoBootBsp":	"false",
	"platFsblTarget":	"psu_cortexa53_0",
	"hasFsblMakeHasChanges":	"false",
	"hasPmufwMakeHasChanges":	"false",
	"fsblExtraCompilerFlags":	"-MMD -MP      -Wall -fmessage-length=0 -DARMA53_64 -Os -flto -ffat-lto-objects  ",
	"pmufwExtraCompilerFlags":	"-MMD -MP      -mlittle-endian -mxl-barrel-shift -mxl-pattern-compare -mcpu=v9.2 -mxl-soft-mul -Os -flto -ffat-lto-objects  ",
	"platPreBuiltFlag":	false,
	"platformSamplesDir":	"",
	"platActiveSys":	"4EV_HandsOn_platt",
	"systems":	[{
			"systemName":	"4EV_HandsOn_platt",
			"systemDesc":	"4EV_HandsOn_platt",
			"sysIsBootAutoGen":	"true",
			"systemDispName":	"4EV_HandsOn_platt",
			"sysActiveDom":	"standalone_domain",
			"sysDefaultDom":	"standalone_domain",
			"domains":	[{
					"domainName":	"zynqmp_fsbl",
					"domainDispName":	"zynqmp_fsbl",
					"domainDesc":	"FSBL Application BSP - Auto Generated.",
					"processors":	"psu_cortexa53_0",
					"os":	"standalone",
					"sdxOs":	"standalone",
					"debugEnable":	"",
					"domRuntimes":	["cpp"],
					"swRepo":	"",
					"mssOsVer":	"7.6",
					"mssFile":	"",
					"md5Digest":	"f0f90a35a6a229e56057b23e4b7162c6",
					"compatibleApp":	"zynqmp_fsbl",
					"domType":	"bootDomain",
					"arch":	"64-bit",
					"appSettings":	{
						"appCompilerFlags":	"",
						"appLinkerFlags":	""
					},
					"addedLibs":	["xilffs:4.6", "xilsecure:4.6", "xilpm:3.5"],
					"libOptions":	{
						"standalone":	{
							"zynqmp_fsbl_bsp":	"true",
							"libOptionNames":	["zynqmp_fsbl_bsp"]
						},
						"xilffs":	{
							"read_only":	"true",
							"use_mkfs":	"false",
							"libOptionNames":	["read_only", "use_mkfs"]
						},
						"xilsecure":	{
							"tpm_support":	"true",
							"libOptionNames":	["tpm_support"]
						},
						"libsContainingOptions":	["standalone", "xilffs", "xilsecure"]
					},
					"prebuiltLibs":	{
						"prebuiltIncPath":	[],
						"prebuiltLibPath":	[]
					},
					"isolation":	{
					}
				}, {
					"domainName":	"zynqmp_pmufw",
					"domainDispName":	"zynqmp_pmufw",
					"domainDesc":	"PMUFW Application BSP - Auto Generated.",
					"processors":	"psu_pmu_0",
					"os":	"standalone",
					"sdxOs":	"standalone",
					"debugEnable":	"",
					"domRuntimes":	["cpp"],
					"swRepo":	"",
					"mssOsVer":	"7.6",
					"mssFile":	"",
					"md5Digest":	"2252945fa1d34af486e1005da291d4dd",
					"compatibleApp":	"zynqmp_pmufw",
					"domType":	"bootDomain",
					"arch":	"32-bit",
					"appSettings":	{
						"appCompilerFlags":	"",
						"appLinkerFlags":	""
					},
					"addedLibs":	["xilfpga:6.1", "xilsecure:4.6", "xilskey:7.2"],
					"libOptions":	{
						"psu_pmu_0":	{
							"extra_compiler_flags":	"-g -ffunction-sections -fdata-sections -Wall -Wextra -fno-tree-loop-distribute-patterns  -Os -flto -ffat-lto-objects",
							"libOptionNames":	["extra_compiler_flags"]
						},
						"libsContainingOptions":	["psu_pmu_0"]
					},
					"prebuiltLibs":	{
						"prebuiltIncPath":	[],
						"prebuiltLibPath":	[]
					},
					"isolation":	{
					}
				}, {
					"domainName":	"standalone_domain",
					"domainDispName":	"standalone on psu_cortexa53_0",
					"domainDesc":	"standalone_domain",
					"processors":	"psu_cortexa53_0",
					"os":	"standalone",
					"sdxOs":	"standalone",
					"qemuArgs":	"C:/Xilinx3/Vitis/2021.2/data/emulation/platforms/zynqmp/sw/a53_standalone/qemu/qemu_args.txt",
					"qemuData":	"C:/Xilinx3/Vitis/2021.2/data/emulation/platforms/zynqmp/sw/a53_standalone/qemu/",
					"pmuQemuArgs":	"C:/Xilinx3/Vitis/2021.2/data/emulation/platforms/zynqmp/sw/a53_standalone/qemu/pmu_args.txt",
					"debugEnable":	"False",
					"domRuntimes":	["cpp"],
					"swRepo":	"",
					"mssOsVer":	"7.6",
					"mssFile":	"",
					"md5Digest":	"1e59d7d60e68c57a30bb094e3e26e759",
					"compatibleApp":	"",
					"domType":	"mssDomain",
					"arch":	"64-bit",
					"appSettings":	{
						"appCompilerFlags":	"",
						"appLinkerFlags":	""
					},
					"addedLibs":	[],
					"libOptions":	{
						"libsContainingOptions":	[]
					},
					"prebuiltLibs":	{
						"prebuiltIncPath":	[],
						"prebuiltLibPath":	[]
					},
					"isolation":	{
					}
				}]
		}]
}
TRACE::2022-11-18.10:40:12::SCWPlatform::Clearing the existing platform
TRACE::2022-11-18.10:40:12::SCWSystem::Clearing the existing sysconfig
TRACE::2022-11-18.10:40:12::SCWBDomain::clearing the fsbl build
TRACE::2022-11-18.10:40:12::SCWMssOS::Removing the swdes entry for  C:/Users/SESA630813/work-2/4EV_HandsOn_platt/zynqmp_fsbl/zynqmp_fsbl_bsp/system.mss
TRACE::2022-11-18.10:40:12::SCWBDomain::clearing the pmufw build
TRACE::2022-11-18.10:40:12::SCWMssOS::Removing the swdes entry for  C:/Users/SESA630813/work-2/4EV_HandsOn_platt/zynqmp_pmufw/zynqmp_pmufw_bsp/system.mss
TRACE::2022-11-18.10:40:12::SCWMssOS::Removing the swdes entry for  C:/Users/SESA630813/work-2/4EV_HandsOn_platt/psu_cortexa53_0/standalone_domain/bsp/system.mss
TRACE::2022-11-18.10:40:12::SCWSystem::Clearing the domains completed.
TRACE::2022-11-18.10:40:12::SCWPlatform::Clearing the opened hw db.
TRACE::2022-11-18.10:40:12::SCWPlatform::DSA given C:/Users/SESA630813/work-2/4EV_HandsOn_platt/hw/Block_4EV_HandsOn.xsa
TRACE::2022-11-18.10:40:12::SCWPlatform::DSA absoulate path C:/Users/SESA630813/work-2/4EV_HandsOn_platt/hw/Block_4EV_HandsOn.xsa
TRACE::2022-11-18.10:40:12::SCWPlatform:: Platform location is C:/Users/SESA630813/work-2/4EV_HandsOn_platt/hw
TRACE::2022-11-18.10:40:12::SCWPlatform:: Platform Path C:/Users/SESA630813/work-2/4EV_HandsOn_platt/hw/Block_4EV_HandsOn.xsa
TRACE::2022-11-18.10:40:12::SCWPlatform:: Unique name xilinx:::0.0
TRACE::2022-11-18.10:40:12::SCWPlatform::Removing the HwDB with name C:/Users/SESA630813/work-2/4EV_HandsOn_platt/hw/Block_4EV_HandsOn.xsa
TRACE::2022-11-18.10:40:12::SCWPlatform::Trying to open the hw design at C:/Users/SESA630813/work-2/4EV_HandsOn_platt/hw/Block_4EV_HandsOn.xsa
TRACE::2022-11-18.10:40:12::SCWPlatform::DSA given C:/Users/SESA630813/work-2/4EV_HandsOn_platt/hw/Block_4EV_HandsOn.xsa
TRACE::2022-11-18.10:40:12::SCWPlatform::DSA absoulate path C:/Users/SESA630813/work-2/4EV_HandsOn_platt/hw/Block_4EV_HandsOn.xsa
TRACE::2022-11-18.10:40:12::SCWPlatform::DSA directory C:/Users/SESA630813/work-2/4EV_HandsOn_platt/hw
TRACE::2022-11-18.10:40:12::SCWPlatform:: Platform Path C:/Users/SESA630813/work-2/4EV_HandsOn_platt/hw/Block_4EV_HandsOn.xsa
TRACE::2022-11-18.10:40:12::SCWPlatform:: Unique name xilinx:::0.0
TRACE::2022-11-18.10:40:12::SCWPlatform::Do not have an existing db opened. 
TRACE::2022-11-18.10:40:20::SCWPlatform::Opened new HwDB with name Block_4EV_wrapper_28
TRACE::2022-11-18.10:40:20::SCWReader::Active system found as  4EV_HandsOn_platt
TRACE::2022-11-18.10:40:20::SCWReader::Handling sysconfig 4EV_HandsOn_platt
TRACE::2022-11-18.10:40:20::SCWDomain::checking for install qemu data   : 
TRACE::2022-11-18.10:40:20::SCWDomain:: Using the QEMU Data from install at  : C:/Xilinx3/Vitis/2021.2/data/emulation/platforms/zynqmp/sw/a53_standalone/qemu/
TRACE::2022-11-18.10:40:20::SCWDomain:: Using the QEMU args  from install at  : C:/Xilinx3/Vitis/2021.2/data/emulation/platforms/zynqmp/sw/a53_standalone/qemu/qemu_args.txt
TRACE::2022-11-18.10:40:20::SCWDomain:: Using the PMUQEMU args from install at  : C:/Xilinx3/Vitis/2021.2/data/emulation/platforms/zynqmp/sw/a53_standalone/qemu/pmu_args.txt
TRACE::2022-11-18.10:40:20::SCWPlatform::Trying to open the hw design at C:/Users/SESA630813/work-2/4EV_HandsOn_platt/hw/Block_4EV_HandsOn.xsa
TRACE::2022-11-18.10:40:20::SCWPlatform::DSA given C:/Users/SESA630813/work-2/4EV_HandsOn_platt/hw/Block_4EV_HandsOn.xsa
TRACE::2022-11-18.10:40:20::SCWPlatform::DSA absoulate path C:/Users/SESA630813/work-2/4EV_HandsOn_platt/hw/Block_4EV_HandsOn.xsa
TRACE::2022-11-18.10:40:20::SCWPlatform::DSA directory C:/Users/SESA630813/work-2/4EV_HandsOn_platt/hw
TRACE::2022-11-18.10:40:20::SCWPlatform:: Platform Path C:/Users/SESA630813/work-2/4EV_HandsOn_platt/hw/Block_4EV_HandsOn.xsa
TRACE::2022-11-18.10:40:20::SCWPlatform:: Unique name xilinx:::0.0
TRACE::2022-11-18.10:40:20::SCWPlatform::Trying to set the existing hwdb with name Block_4EV_wrapper_28
TRACE::2022-11-18.10:40:20::SCWPlatform::Opened existing hwdb Block_4EV_wrapper_28
TRACE::2022-11-18.10:40:20::SCWPlatform::Found the Hw Db part of the input DSA
TRACE::2022-11-18.10:40:20::SCWPlatform::Trying to open the hw design at C:/Users/SESA630813/work-2/4EV_HandsOn_platt/hw/Block_4EV_HandsOn.xsa
TRACE::2022-11-18.10:40:20::SCWPlatform::DSA given C:/Users/SESA630813/work-2/4EV_HandsOn_platt/hw/Block_4EV_HandsOn.xsa
TRACE::2022-11-18.10:40:20::SCWPlatform::DSA absoulate path C:/Users/SESA630813/work-2/4EV_HandsOn_platt/hw/Block_4EV_HandsOn.xsa
TRACE::2022-11-18.10:40:20::SCWPlatform::DSA directory C:/Users/SESA630813/work-2/4EV_HandsOn_platt/hw
TRACE::2022-11-18.10:40:20::SCWPlatform:: Platform Path C:/Users/SESA630813/work-2/4EV_HandsOn_platt/hw/Block_4EV_HandsOn.xsa
TRACE::2022-11-18.10:40:20::SCWPlatform:: Unique name xilinx:::0.0
TRACE::2022-11-18.10:40:20::SCWPlatform::Trying to set the existing hwdb with name Block_4EV_wrapper_28
TRACE::2022-11-18.10:40:20::SCWPlatform::Opened existing hwdb Block_4EV_wrapper_28
TRACE::2022-11-18.10:40:20::SCWPlatform::Found the Hw Db part of the input DSA
TRACE::2022-11-18.10:40:20::SCWPlatform::Trying to open the hw design at C:/Users/SESA630813/work-2/4EV_HandsOn_platt/hw/Block_4EV_HandsOn.xsa
TRACE::2022-11-18.10:40:20::SCWPlatform::DSA given C:/Users/SESA630813/work-2/4EV_HandsOn_platt/hw/Block_4EV_HandsOn.xsa
TRACE::2022-11-18.10:40:20::SCWPlatform::DSA absoulate path C:/Users/SESA630813/work-2/4EV_HandsOn_platt/hw/Block_4EV_HandsOn.xsa
TRACE::2022-11-18.10:40:20::SCWPlatform::DSA directory C:/Users/SESA630813/work-2/4EV_HandsOn_platt/hw
TRACE::2022-11-18.10:40:20::SCWPlatform:: Platform Path C:/Users/SESA630813/work-2/4EV_HandsOn_platt/hw/Block_4EV_HandsOn.xsa
TRACE::2022-11-18.10:40:20::SCWPlatform:: Unique name xilinx:::0.0
TRACE::2022-11-18.10:40:20::SCWPlatform::Trying to set the existing hwdb with name Block_4EV_wrapper_28
TRACE::2022-11-18.10:40:20::SCWPlatform::Opened existing hwdb Block_4EV_wrapper_28
TRACE::2022-11-18.10:40:20::SCWPlatform::Found the Hw Db part of the input DSA
TRACE::2022-11-18.10:40:20::SCWReader::Boot application domain added for zynqmp_fsbl
TRACE::2022-11-18.10:40:20::SCWPlatform::Trying to open the hw design at C:/Users/SESA630813/work-2/4EV_HandsOn_platt/hw/Block_4EV_HandsOn.xsa
TRACE::2022-11-18.10:40:20::SCWPlatform::DSA given C:/Users/SESA630813/work-2/4EV_HandsOn_platt/hw/Block_4EV_HandsOn.xsa
TRACE::2022-11-18.10:40:20::SCWPlatform::DSA absoulate path C:/Users/SESA630813/work-2/4EV_HandsOn_platt/hw/Block_4EV_HandsOn.xsa
TRACE::2022-11-18.10:40:20::SCWPlatform::DSA directory C:/Users/SESA630813/work-2/4EV_HandsOn_platt/hw
TRACE::2022-11-18.10:40:20::SCWPlatform:: Platform Path C:/Users/SESA630813/work-2/4EV_HandsOn_platt/hw/Block_4EV_HandsOn.xsa
TRACE::2022-11-18.10:40:20::SCWPlatform:: Unique name xilinx:::0.0
TRACE::2022-11-18.10:40:20::SCWPlatform::Trying to set the existing hwdb with name Block_4EV_wrapper_28
TRACE::2022-11-18.10:40:20::SCWPlatform::Opened existing hwdb Block_4EV_wrapper_28
TRACE::2022-11-18.10:40:20::SCWPlatform::Found the Hw Db part of the input DSA
TRACE::2022-11-18.10:40:20::SCWMssOS::Checking the sw design at  C:/Users/SESA630813/work-2/4EV_HandsOn_platt/zynqmp_fsbl/zynqmp_fsbl_bsp/system.mss
TRACE::2022-11-18.10:40:20::SCWMssOS::DEBUG:  swdes dump  
TRACE::2022-11-18.10:40:20::SCWMssOS::No sw design opened at  C:/Users/SESA630813/work-2/4EV_HandsOn_platt/zynqmp_fsbl/zynqmp_fsbl_bsp/system.mss
TRACE::2022-11-18.10:40:20::SCWMssOS::mss exists loading the mss file  C:/Users/SESA630813/work-2/4EV_HandsOn_platt/zynqmp_fsbl/zynqmp_fsbl_bsp/system.mss
TRACE::2022-11-18.10:40:20::SCWMssOS::Opened the sw design from mss  C:/Users/SESA630813/work-2/4EV_HandsOn_platt/zynqmp_fsbl/zynqmp_fsbl_bsp/system.mss
TRACE::2022-11-18.10:40:20::SCWMssOS::Adding the swdes entry C:/Users/SESA630813/work-2/4EV_HandsOn_platt/zynqmp_fsbl/zynqmp_fsbl_bsp/system.mss with des name system
TRACE::2022-11-18.10:40:20::SCWMssOS::updating the scw layer about changes
TRACE::2022-11-18.10:40:20::SCWMssOS::Opened the sw design.  C:/Users/SESA630813/work-2/4EV_HandsOn_platt/zynqmp_fsbl/zynqmp_fsbl_bsp/system.mss
TRACE::2022-11-18.10:40:20::SCWPlatform::Trying to open the hw design at C:/Users/SESA630813/work-2/4EV_HandsOn_platt/hw/Block_4EV_HandsOn.xsa
TRACE::2022-11-18.10:40:20::SCWPlatform::DSA given C:/Users/SESA630813/work-2/4EV_HandsOn_platt/hw/Block_4EV_HandsOn.xsa
TRACE::2022-11-18.10:40:20::SCWPlatform::DSA absoulate path C:/Users/SESA630813/work-2/4EV_HandsOn_platt/hw/Block_4EV_HandsOn.xsa
TRACE::2022-11-18.10:40:20::SCWPlatform::DSA directory C:/Users/SESA630813/work-2/4EV_HandsOn_platt/hw
TRACE::2022-11-18.10:40:20::SCWPlatform:: Platform Path C:/Users/SESA630813/work-2/4EV_HandsOn_platt/hw/Block_4EV_HandsOn.xsa
TRACE::2022-11-18.10:40:20::SCWPlatform:: Unique name xilinx:::0.0
TRACE::2022-11-18.10:40:20::SCWPlatform::Trying to set the existing hwdb with name Block_4EV_wrapper_28
TRACE::2022-11-18.10:40:20::SCWPlatform::Opened existing hwdb Block_4EV_wrapper_28
TRACE::2022-11-18.10:40:20::SCWPlatform::Found the Hw Db part of the input DSA
TRACE::2022-11-18.10:40:20::SCWMssOS::Checking the sw design at  C:/Users/SESA630813/work-2/4EV_HandsOn_platt/zynqmp_fsbl/zynqmp_fsbl_bsp/system.mss
TRACE::2022-11-18.10:40:20::SCWMssOS::DEBUG:  swdes dump  C:/Users/SESA630813/work-2/4EV_HandsOn_platt/zynqmp_fsbl/zynqmp_fsbl_bsp/system.mss|system||

TRACE::2022-11-18.10:40:20::SCWMssOS::Sw design exists and opened at  C:/Users/SESA630813/work-2/4EV_HandsOn_platt/zynqmp_fsbl/zynqmp_fsbl_bsp/system.mss
TRACE::2022-11-18.10:40:20::SCWMssOS:: library already available in sw design:  xilffs:4.6
TRACE::2022-11-18.10:40:20::SCWPlatform::Trying to open the hw design at C:/Users/SESA630813/work-2/4EV_HandsOn_platt/hw/Block_4EV_HandsOn.xsa
TRACE::2022-11-18.10:40:20::SCWPlatform::DSA given C:/Users/SESA630813/work-2/4EV_HandsOn_platt/hw/Block_4EV_HandsOn.xsa
TRACE::2022-11-18.10:40:20::SCWPlatform::DSA absoulate path C:/Users/SESA630813/work-2/4EV_HandsOn_platt/hw/Block_4EV_HandsOn.xsa
TRACE::2022-11-18.10:40:20::SCWPlatform::DSA directory C:/Users/SESA630813/work-2/4EV_HandsOn_platt/hw
TRACE::2022-11-18.10:40:20::SCWPlatform:: Platform Path C:/Users/SESA630813/work-2/4EV_HandsOn_platt/hw/Block_4EV_HandsOn.xsa
TRACE::2022-11-18.10:40:20::SCWPlatform:: Unique name xilinx:::0.0
TRACE::2022-11-18.10:40:20::SCWPlatform::Trying to set the existing hwdb with name Block_4EV_wrapper_28
TRACE::2022-11-18.10:40:20::SCWPlatform::Opened existing hwdb Block_4EV_wrapper_28
TRACE::2022-11-18.10:40:20::SCWPlatform::Found the Hw Db part of the input DSA
TRACE::2022-11-18.10:40:20::SCWMssOS::Checking the sw design at  C:/Users/SESA630813/work-2/4EV_HandsOn_platt/zynqmp_fsbl/zynqmp_fsbl_bsp/system.mss
TRACE::2022-11-18.10:40:20::SCWMssOS::DEBUG:  swdes dump  C:/Users/SESA630813/work-2/4EV_HandsOn_platt/zynqmp_fsbl/zynqmp_fsbl_bsp/system.mss|system||

TRACE::2022-11-18.10:40:20::SCWMssOS::Sw design exists and opened at  C:/Users/SESA630813/work-2/4EV_HandsOn_platt/zynqmp_fsbl/zynqmp_fsbl_bsp/system.mss
TRACE::2022-11-18.10:40:20::SCWMssOS:: library already available in sw design:  xilsecure:4.6
TRACE::2022-11-18.10:40:20::SCWPlatform::Trying to open the hw design at C:/Users/SESA630813/work-2/4EV_HandsOn_platt/hw/Block_4EV_HandsOn.xsa
TRACE::2022-11-18.10:40:20::SCWPlatform::DSA given C:/Users/SESA630813/work-2/4EV_HandsOn_platt/hw/Block_4EV_HandsOn.xsa
TRACE::2022-11-18.10:40:20::SCWPlatform::DSA absoulate path C:/Users/SESA630813/work-2/4EV_HandsOn_platt/hw/Block_4EV_HandsOn.xsa
TRACE::2022-11-18.10:40:20::SCWPlatform::DSA directory C:/Users/SESA630813/work-2/4EV_HandsOn_platt/hw
TRACE::2022-11-18.10:40:20::SCWPlatform:: Platform Path C:/Users/SESA630813/work-2/4EV_HandsOn_platt/hw/Block_4EV_HandsOn.xsa
TRACE::2022-11-18.10:40:20::SCWPlatform:: Unique name xilinx:::0.0
TRACE::2022-11-18.10:40:20::SCWPlatform::Trying to set the existing hwdb with name Block_4EV_wrapper_28
TRACE::2022-11-18.10:40:20::SCWPlatform::Opened existing hwdb Block_4EV_wrapper_28
TRACE::2022-11-18.10:40:20::SCWPlatform::Found the Hw Db part of the input DSA
TRACE::2022-11-18.10:40:20::SCWMssOS::Checking the sw design at  C:/Users/SESA630813/work-2/4EV_HandsOn_platt/zynqmp_fsbl/zynqmp_fsbl_bsp/system.mss
TRACE::2022-11-18.10:40:20::SCWMssOS::DEBUG:  swdes dump  C:/Users/SESA630813/work-2/4EV_HandsOn_platt/zynqmp_fsbl/zynqmp_fsbl_bsp/system.mss|system||

TRACE::2022-11-18.10:40:20::SCWMssOS::Sw design exists and opened at  C:/Users/SESA630813/work-2/4EV_HandsOn_platt/zynqmp_fsbl/zynqmp_fsbl_bsp/system.mss
TRACE::2022-11-18.10:40:20::SCWMssOS:: library already available in sw design:  xilpm:3.5
TRACE::2022-11-18.10:40:20::SCWPlatform::Trying to open the hw design at C:/Users/SESA630813/work-2/4EV_HandsOn_platt/hw/Block_4EV_HandsOn.xsa
TRACE::2022-11-18.10:40:20::SCWPlatform::DSA given C:/Users/SESA630813/work-2/4EV_HandsOn_platt/hw/Block_4EV_HandsOn.xsa
TRACE::2022-11-18.10:40:20::SCWPlatform::DSA absoulate path C:/Users/SESA630813/work-2/4EV_HandsOn_platt/hw/Block_4EV_HandsOn.xsa
TRACE::2022-11-18.10:40:20::SCWPlatform::DSA directory C:/Users/SESA630813/work-2/4EV_HandsOn_platt/hw
TRACE::2022-11-18.10:40:20::SCWPlatform:: Platform Path C:/Users/SESA630813/work-2/4EV_HandsOn_platt/hw/Block_4EV_HandsOn.xsa
TRACE::2022-11-18.10:40:20::SCWPlatform:: Unique name xilinx:::0.0
TRACE::2022-11-18.10:40:20::SCWPlatform::Trying to set the existing hwdb with name Block_4EV_wrapper_28
TRACE::2022-11-18.10:40:20::SCWPlatform::Opened existing hwdb Block_4EV_wrapper_28
TRACE::2022-11-18.10:40:20::SCWPlatform::Found the Hw Db part of the input DSA
TRACE::2022-11-18.10:40:20::SCWMssOS::Checking the sw design at  C:/Users/SESA630813/work-2/4EV_HandsOn_platt/zynqmp_fsbl/zynqmp_fsbl_bsp/system.mss
TRACE::2022-11-18.10:40:20::SCWMssOS::DEBUG:  swdes dump  C:/Users/SESA630813/work-2/4EV_HandsOn_platt/zynqmp_fsbl/zynqmp_fsbl_bsp/system.mss|system||

TRACE::2022-11-18.10:40:20::SCWMssOS::Sw design exists and opened at  C:/Users/SESA630813/work-2/4EV_HandsOn_platt/zynqmp_fsbl/zynqmp_fsbl_bsp/system.mss
TRACE::2022-11-18.10:40:20::SCWPlatform::Trying to open the hw design at C:/Users/SESA630813/work-2/4EV_HandsOn_platt/hw/Block_4EV_HandsOn.xsa
TRACE::2022-11-18.10:40:20::SCWPlatform::DSA given C:/Users/SESA630813/work-2/4EV_HandsOn_platt/hw/Block_4EV_HandsOn.xsa
TRACE::2022-11-18.10:40:20::SCWPlatform::DSA absoulate path C:/Users/SESA630813/work-2/4EV_HandsOn_platt/hw/Block_4EV_HandsOn.xsa
TRACE::2022-11-18.10:40:20::SCWPlatform::DSA directory C:/Users/SESA630813/work-2/4EV_HandsOn_platt/hw
TRACE::2022-11-18.10:40:20::SCWPlatform:: Platform Path C:/Users/SESA630813/work-2/4EV_HandsOn_platt/hw/Block_4EV_HandsOn.xsa
TRACE::2022-11-18.10:40:20::SCWPlatform:: Unique name xilinx:::0.0
TRACE::2022-11-18.10:40:20::SCWPlatform::Trying to set the existing hwdb with name Block_4EV_wrapper_28
TRACE::2022-11-18.10:40:20::SCWPlatform::Opened existing hwdb Block_4EV_wrapper_28
TRACE::2022-11-18.10:40:20::SCWPlatform::Found the Hw Db part of the input DSA
TRACE::2022-11-18.10:40:20::SCWMssOS::Checking the sw design at  C:/Users/SESA630813/work-2/4EV_HandsOn_platt/zynqmp_fsbl/zynqmp_fsbl_bsp/system.mss
TRACE::2022-11-18.10:40:20::SCWMssOS::DEBUG:  swdes dump  C:/Users/SESA630813/work-2/4EV_HandsOn_platt/zynqmp_fsbl/zynqmp_fsbl_bsp/system.mss|system||

TRACE::2022-11-18.10:40:20::SCWMssOS::Sw design exists and opened at  C:/Users/SESA630813/work-2/4EV_HandsOn_platt/zynqmp_fsbl/zynqmp_fsbl_bsp/system.mss
TRACE::2022-11-18.10:40:20::SCWPlatform::Trying to open the hw design at C:/Users/SESA630813/work-2/4EV_HandsOn_platt/hw/Block_4EV_HandsOn.xsa
TRACE::2022-11-18.10:40:20::SCWPlatform::DSA given C:/Users/SESA630813/work-2/4EV_HandsOn_platt/hw/Block_4EV_HandsOn.xsa
TRACE::2022-11-18.10:40:20::SCWPlatform::DSA absoulate path C:/Users/SESA630813/work-2/4EV_HandsOn_platt/hw/Block_4EV_HandsOn.xsa
TRACE::2022-11-18.10:40:20::SCWPlatform::DSA directory C:/Users/SESA630813/work-2/4EV_HandsOn_platt/hw
TRACE::2022-11-18.10:40:20::SCWPlatform:: Platform Path C:/Users/SESA630813/work-2/4EV_HandsOn_platt/hw/Block_4EV_HandsOn.xsa
TRACE::2022-11-18.10:40:20::SCWPlatform:: Unique name xilinx:::0.0
TRACE::2022-11-18.10:40:20::SCWPlatform::Trying to set the existing hwdb with name Block_4EV_wrapper_28
TRACE::2022-11-18.10:40:20::SCWPlatform::Opened existing hwdb Block_4EV_wrapper_28
TRACE::2022-11-18.10:40:20::SCWPlatform::Found the Hw Db part of the input DSA
TRACE::2022-11-18.10:40:20::SCWMssOS::Checking the sw design at  C:/Users/SESA630813/work-2/4EV_HandsOn_platt/zynqmp_fsbl/zynqmp_fsbl_bsp/system.mss
TRACE::2022-11-18.10:40:20::SCWMssOS::DEBUG:  swdes dump  C:/Users/SESA630813/work-2/4EV_HandsOn_platt/zynqmp_fsbl/zynqmp_fsbl_bsp/system.mss|system||

TRACE::2022-11-18.10:40:20::SCWMssOS::Sw design exists and opened at  C:/Users/SESA630813/work-2/4EV_HandsOn_platt/zynqmp_fsbl/zynqmp_fsbl_bsp/system.mss
TRACE::2022-11-18.10:40:20::SCWPlatform::Trying to open the hw design at C:/Users/SESA630813/work-2/4EV_HandsOn_platt/hw/Block_4EV_HandsOn.xsa
TRACE::2022-11-18.10:40:20::SCWPlatform::DSA given C:/Users/SESA630813/work-2/4EV_HandsOn_platt/hw/Block_4EV_HandsOn.xsa
TRACE::2022-11-18.10:40:20::SCWPlatform::DSA absoulate path C:/Users/SESA630813/work-2/4EV_HandsOn_platt/hw/Block_4EV_HandsOn.xsa
TRACE::2022-11-18.10:40:20::SCWPlatform::DSA directory C:/Users/SESA630813/work-2/4EV_HandsOn_platt/hw
TRACE::2022-11-18.10:40:20::SCWPlatform:: Platform Path C:/Users/SESA630813/work-2/4EV_HandsOn_platt/hw/Block_4EV_HandsOn.xsa
TRACE::2022-11-18.10:40:20::SCWPlatform:: Unique name xilinx:::0.0
TRACE::2022-11-18.10:40:20::SCWPlatform::Trying to set the existing hwdb with name Block_4EV_wrapper_28
TRACE::2022-11-18.10:40:20::SCWPlatform::Opened existing hwdb Block_4EV_wrapper_28
TRACE::2022-11-18.10:40:20::SCWPlatform::Found the Hw Db part of the input DSA
TRACE::2022-11-18.10:40:20::SCWMssOS::Checking the sw design at  C:/Users/SESA630813/work-2/4EV_HandsOn_platt/zynqmp_fsbl/zynqmp_fsbl_bsp/system.mss
TRACE::2022-11-18.10:40:20::SCWMssOS::DEBUG:  swdes dump  C:/Users/SESA630813/work-2/4EV_HandsOn_platt/zynqmp_fsbl/zynqmp_fsbl_bsp/system.mss|system||

TRACE::2022-11-18.10:40:20::SCWMssOS::Sw design exists and opened at  C:/Users/SESA630813/work-2/4EV_HandsOn_platt/zynqmp_fsbl/zynqmp_fsbl_bsp/system.mss
TRACE::2022-11-18.10:40:20::SCWPlatform::Trying to open the hw design at C:/Users/SESA630813/work-2/4EV_HandsOn_platt/hw/Block_4EV_HandsOn.xsa
TRACE::2022-11-18.10:40:20::SCWPlatform::DSA given C:/Users/SESA630813/work-2/4EV_HandsOn_platt/hw/Block_4EV_HandsOn.xsa
TRACE::2022-11-18.10:40:20::SCWPlatform::DSA absoulate path C:/Users/SESA630813/work-2/4EV_HandsOn_platt/hw/Block_4EV_HandsOn.xsa
TRACE::2022-11-18.10:40:20::SCWPlatform::DSA directory C:/Users/SESA630813/work-2/4EV_HandsOn_platt/hw
TRACE::2022-11-18.10:40:20::SCWPlatform:: Platform Path C:/Users/SESA630813/work-2/4EV_HandsOn_platt/hw/Block_4EV_HandsOn.xsa
TRACE::2022-11-18.10:40:20::SCWPlatform:: Unique name xilinx:::0.0
TRACE::2022-11-18.10:40:20::SCWPlatform::Trying to set the existing hwdb with name Block_4EV_wrapper_28
TRACE::2022-11-18.10:40:20::SCWPlatform::Opened existing hwdb Block_4EV_wrapper_28
TRACE::2022-11-18.10:40:20::SCWPlatform::Found the Hw Db part of the input DSA
TRACE::2022-11-18.10:40:20::SCWMssOS::Checking the sw design at  C:/Users/SESA630813/work-2/4EV_HandsOn_platt/zynqmp_fsbl/zynqmp_fsbl_bsp/system.mss
TRACE::2022-11-18.10:40:20::SCWMssOS::DEBUG:  swdes dump  C:/Users/SESA630813/work-2/4EV_HandsOn_platt/zynqmp_fsbl/zynqmp_fsbl_bsp/system.mss|system||

TRACE::2022-11-18.10:40:20::SCWMssOS::Sw design exists and opened at  C:/Users/SESA630813/work-2/4EV_HandsOn_platt/zynqmp_fsbl/zynqmp_fsbl_bsp/system.mss
TRACE::2022-11-18.10:40:20::SCWPlatform::Trying to open the hw design at C:/Users/SESA630813/work-2/4EV_HandsOn_platt/hw/Block_4EV_HandsOn.xsa
TRACE::2022-11-18.10:40:20::SCWPlatform::DSA given C:/Users/SESA630813/work-2/4EV_HandsOn_platt/hw/Block_4EV_HandsOn.xsa
TRACE::2022-11-18.10:40:20::SCWPlatform::DSA absoulate path C:/Users/SESA630813/work-2/4EV_HandsOn_platt/hw/Block_4EV_HandsOn.xsa
TRACE::2022-11-18.10:40:20::SCWPlatform::DSA directory C:/Users/SESA630813/work-2/4EV_HandsOn_platt/hw
TRACE::2022-11-18.10:40:20::SCWPlatform:: Platform Path C:/Users/SESA630813/work-2/4EV_HandsOn_platt/hw/Block_4EV_HandsOn.xsa
TRACE::2022-11-18.10:40:20::SCWPlatform:: Unique name xilinx:::0.0
TRACE::2022-11-18.10:40:20::SCWPlatform::Trying to set the existing hwdb with name Block_4EV_wrapper_28
TRACE::2022-11-18.10:40:20::SCWPlatform::Opened existing hwdb Block_4EV_wrapper_28
TRACE::2022-11-18.10:40:20::SCWPlatform::Found the Hw Db part of the input DSA
TRACE::2022-11-18.10:40:20::SCWMssOS::Checking the sw design at  C:/Users/SESA630813/work-2/4EV_HandsOn_platt/zynqmp_fsbl/zynqmp_fsbl_bsp/system.mss
TRACE::2022-11-18.10:40:20::SCWMssOS::DEBUG:  swdes dump  C:/Users/SESA630813/work-2/4EV_HandsOn_platt/zynqmp_fsbl/zynqmp_fsbl_bsp/system.mss|system||

TRACE::2022-11-18.10:40:20::SCWMssOS::Sw design exists and opened at  C:/Users/SESA630813/work-2/4EV_HandsOn_platt/zynqmp_fsbl/zynqmp_fsbl_bsp/system.mss
TRACE::2022-11-18.10:40:20::SCWPlatform::Trying to open the hw design at C:/Users/SESA630813/work-2/4EV_HandsOn_platt/hw/Block_4EV_HandsOn.xsa
TRACE::2022-11-18.10:40:20::SCWPlatform::DSA given C:/Users/SESA630813/work-2/4EV_HandsOn_platt/hw/Block_4EV_HandsOn.xsa
TRACE::2022-11-18.10:40:20::SCWPlatform::DSA absoulate path C:/Users/SESA630813/work-2/4EV_HandsOn_platt/hw/Block_4EV_HandsOn.xsa
TRACE::2022-11-18.10:40:20::SCWPlatform::DSA directory C:/Users/SESA630813/work-2/4EV_HandsOn_platt/hw
TRACE::2022-11-18.10:40:20::SCWPlatform:: Platform Path C:/Users/SESA630813/work-2/4EV_HandsOn_platt/hw/Block_4EV_HandsOn.xsa
TRACE::2022-11-18.10:40:20::SCWPlatform:: Unique name xilinx:::0.0
TRACE::2022-11-18.10:40:20::SCWPlatform::Trying to set the existing hwdb with name Block_4EV_wrapper_28
TRACE::2022-11-18.10:40:20::SCWPlatform::Opened existing hwdb Block_4EV_wrapper_28
TRACE::2022-11-18.10:40:20::SCWPlatform::Found the Hw Db part of the input DSA
TRACE::2022-11-18.10:40:20::SCWMssOS::Checking the sw design at  C:/Users/SESA630813/work-2/4EV_HandsOn_platt/zynqmp_fsbl/zynqmp_fsbl_bsp/system.mss
TRACE::2022-11-18.10:40:20::SCWMssOS::DEBUG:  swdes dump  C:/Users/SESA630813/work-2/4EV_HandsOn_platt/zynqmp_fsbl/zynqmp_fsbl_bsp/system.mss|system||

TRACE::2022-11-18.10:40:20::SCWMssOS::Sw design exists and opened at  C:/Users/SESA630813/work-2/4EV_HandsOn_platt/zynqmp_fsbl/zynqmp_fsbl_bsp/system.mss
TRACE::2022-11-18.10:40:20::SCWPlatform::Trying to open the hw design at C:/Users/SESA630813/work-2/4EV_HandsOn_platt/hw/Block_4EV_HandsOn.xsa
TRACE::2022-11-18.10:40:20::SCWPlatform::DSA given C:/Users/SESA630813/work-2/4EV_HandsOn_platt/hw/Block_4EV_HandsOn.xsa
TRACE::2022-11-18.10:40:20::SCWPlatform::DSA absoulate path C:/Users/SESA630813/work-2/4EV_HandsOn_platt/hw/Block_4EV_HandsOn.xsa
TRACE::2022-11-18.10:40:20::SCWPlatform::DSA directory C:/Users/SESA630813/work-2/4EV_HandsOn_platt/hw
TRACE::2022-11-18.10:40:20::SCWPlatform:: Platform Path C:/Users/SESA630813/work-2/4EV_HandsOn_platt/hw/Block_4EV_HandsOn.xsa
TRACE::2022-11-18.10:40:20::SCWPlatform:: Unique name xilinx:::0.0
TRACE::2022-11-18.10:40:20::SCWPlatform::Trying to set the existing hwdb with name Block_4EV_wrapper_28
TRACE::2022-11-18.10:40:20::SCWPlatform::Opened existing hwdb Block_4EV_wrapper_28
TRACE::2022-11-18.10:40:20::SCWPlatform::Found the Hw Db part of the input DSA
TRACE::2022-11-18.10:40:20::SCWMssOS::Checking the sw design at  C:/Users/SESA630813/work-2/4EV_HandsOn_platt/zynqmp_fsbl/zynqmp_fsbl_bsp/system.mss
TRACE::2022-11-18.10:40:20::SCWMssOS::DEBUG:  swdes dump  C:/Users/SESA630813/work-2/4EV_HandsOn_platt/zynqmp_fsbl/zynqmp_fsbl_bsp/system.mss|system||

TRACE::2022-11-18.10:40:20::SCWMssOS::Sw design exists and opened at  C:/Users/SESA630813/work-2/4EV_HandsOn_platt/zynqmp_fsbl/zynqmp_fsbl_bsp/system.mss
TRACE::2022-11-18.10:40:20::SCWMssOS::Saving the mss changes C:/Users/SESA630813/work-2/4EV_HandsOn_platt/zynqmp_fsbl/zynqmp_fsbl_bsp/system.mss
TRACE::2022-11-18.10:40:20::SCWMssOS::Found a swdesign opened with the mssfile.
TRACE::2022-11-18.10:40:20::SCWMssOS::Completed writemss as part of save.
TRACE::2022-11-18.10:40:20::SCWMssOS::Commit changes completed.
TRACE::2022-11-18.10:40:20::SCWReader::Adding prebuilt librarypaths as   
TRACE::2022-11-18.10:40:20::SCWReader::Adding prebuilt incpaths  as   
TRACE::2022-11-18.10:40:20::SCWPlatform::Trying to open the hw design at C:/Users/SESA630813/work-2/4EV_HandsOn_platt/hw/Block_4EV_HandsOn.xsa
TRACE::2022-11-18.10:40:20::SCWPlatform::DSA given C:/Users/SESA630813/work-2/4EV_HandsOn_platt/hw/Block_4EV_HandsOn.xsa
TRACE::2022-11-18.10:40:20::SCWPlatform::DSA absoulate path C:/Users/SESA630813/work-2/4EV_HandsOn_platt/hw/Block_4EV_HandsOn.xsa
TRACE::2022-11-18.10:40:20::SCWPlatform::DSA directory C:/Users/SESA630813/work-2/4EV_HandsOn_platt/hw
TRACE::2022-11-18.10:40:20::SCWPlatform:: Platform Path C:/Users/SESA630813/work-2/4EV_HandsOn_platt/hw/Block_4EV_HandsOn.xsa
TRACE::2022-11-18.10:40:20::SCWPlatform:: Unique name xilinx:::0.0
TRACE::2022-11-18.10:40:20::SCWPlatform::Trying to set the existing hwdb with name Block_4EV_wrapper_28
TRACE::2022-11-18.10:40:20::SCWPlatform::Opened existing hwdb Block_4EV_wrapper_28
TRACE::2022-11-18.10:40:20::SCWPlatform::Found the Hw Db part of the input DSA
TRACE::2022-11-18.10:40:20::SCWMssOS::Checking the sw design at  C:/Users/SESA630813/work-2/4EV_HandsOn_platt/zynqmp_fsbl/zynqmp_fsbl_bsp/system.mss
TRACE::2022-11-18.10:40:20::SCWMssOS::DEBUG:  swdes dump  C:/Users/SESA630813/work-2/4EV_HandsOn_platt/zynqmp_fsbl/zynqmp_fsbl_bsp/system.mss|system||

TRACE::2022-11-18.10:40:20::SCWMssOS::Sw design exists and opened at  C:/Users/SESA630813/work-2/4EV_HandsOn_platt/zynqmp_fsbl/zynqmp_fsbl_bsp/system.mss
TRACE::2022-11-18.10:40:20::SCWReader::No isolation master present  
TRACE::2022-11-18.10:40:20::SCWDomain::checking for install qemu data   : 
TRACE::2022-11-18.10:40:20::SCWDomain:: Using the QEMU Data from install at  : C:/Xilinx3/Vitis/2021.2/data/emulation/platforms/zynqmp/sw/a53_standalone/qemu/
TRACE::2022-11-18.10:40:20::SCWDomain:: Using the QEMU args  from install at  : C:/Xilinx3/Vitis/2021.2/data/emulation/platforms/zynqmp/sw/a53_standalone/qemu/qemu_args.txt
TRACE::2022-11-18.10:40:20::SCWDomain:: Using the PMUQEMU args from install at  : C:/Xilinx3/Vitis/2021.2/data/emulation/platforms/zynqmp/sw/a53_standalone/qemu/pmu_args.txt
TRACE::2022-11-18.10:40:20::SCWPlatform::Trying to open the hw design at C:/Users/SESA630813/work-2/4EV_HandsOn_platt/hw/Block_4EV_HandsOn.xsa
TRACE::2022-11-18.10:40:20::SCWPlatform::DSA given C:/Users/SESA630813/work-2/4EV_HandsOn_platt/hw/Block_4EV_HandsOn.xsa
TRACE::2022-11-18.10:40:20::SCWPlatform::DSA absoulate path C:/Users/SESA630813/work-2/4EV_HandsOn_platt/hw/Block_4EV_HandsOn.xsa
TRACE::2022-11-18.10:40:20::SCWPlatform::DSA directory C:/Users/SESA630813/work-2/4EV_HandsOn_platt/hw
TRACE::2022-11-18.10:40:20::SCWPlatform:: Platform Path C:/Users/SESA630813/work-2/4EV_HandsOn_platt/hw/Block_4EV_HandsOn.xsa
TRACE::2022-11-18.10:40:20::SCWPlatform:: Unique name xilinx:::0.0
TRACE::2022-11-18.10:40:20::SCWPlatform::Trying to set the existing hwdb with name Block_4EV_wrapper_28
TRACE::2022-11-18.10:40:20::SCWPlatform::Opened existing hwdb Block_4EV_wrapper_28
TRACE::2022-11-18.10:40:20::SCWPlatform::Found the Hw Db part of the input DSA
TRACE::2022-11-18.10:40:20::SCWReader::Boot application domain added for zynqmp_pmufw
TRACE::2022-11-18.10:40:20::SCWPlatform::Trying to open the hw design at C:/Users/SESA630813/work-2/4EV_HandsOn_platt/hw/Block_4EV_HandsOn.xsa
TRACE::2022-11-18.10:40:20::SCWPlatform::DSA given C:/Users/SESA630813/work-2/4EV_HandsOn_platt/hw/Block_4EV_HandsOn.xsa
TRACE::2022-11-18.10:40:20::SCWPlatform::DSA absoulate path C:/Users/SESA630813/work-2/4EV_HandsOn_platt/hw/Block_4EV_HandsOn.xsa
TRACE::2022-11-18.10:40:20::SCWPlatform::DSA directory C:/Users/SESA630813/work-2/4EV_HandsOn_platt/hw
TRACE::2022-11-18.10:40:20::SCWPlatform:: Platform Path C:/Users/SESA630813/work-2/4EV_HandsOn_platt/hw/Block_4EV_HandsOn.xsa
TRACE::2022-11-18.10:40:20::SCWPlatform:: Unique name xilinx:::0.0
TRACE::2022-11-18.10:40:20::SCWPlatform::Trying to set the existing hwdb with name Block_4EV_wrapper_28
TRACE::2022-11-18.10:40:20::SCWPlatform::Opened existing hwdb Block_4EV_wrapper_28
TRACE::2022-11-18.10:40:20::SCWPlatform::Found the Hw Db part of the input DSA
TRACE::2022-11-18.10:40:20::SCWMssOS::Checking the sw design at  C:/Users/SESA630813/work-2/4EV_HandsOn_platt/zynqmp_pmufw/zynqmp_pmufw_bsp/system.mss
TRACE::2022-11-18.10:40:20::SCWMssOS::DEBUG:  swdes dump  C:/Users/SESA630813/work-2/4EV_HandsOn_platt/zynqmp_fsbl/zynqmp_fsbl_bsp/system.mss|system||

TRACE::2022-11-18.10:40:20::SCWMssOS::No sw design opened at  C:/Users/SESA630813/work-2/4EV_HandsOn_platt/zynqmp_pmufw/zynqmp_pmufw_bsp/system.mss
TRACE::2022-11-18.10:40:20::SCWMssOS::mss exists loading the mss file  C:/Users/SESA630813/work-2/4EV_HandsOn_platt/zynqmp_pmufw/zynqmp_pmufw_bsp/system.mss
TRACE::2022-11-18.10:40:20::SCWMssOS::Opened the sw design from mss  C:/Users/SESA630813/work-2/4EV_HandsOn_platt/zynqmp_pmufw/zynqmp_pmufw_bsp/system.mss
TRACE::2022-11-18.10:40:20::SCWMssOS::Adding the swdes entry C:/Users/SESA630813/work-2/4EV_HandsOn_platt/zynqmp_pmufw/zynqmp_pmufw_bsp/system.mss with des name system_0
TRACE::2022-11-18.10:40:20::SCWMssOS::updating the scw layer about changes
TRACE::2022-11-18.10:40:20::SCWMssOS::Opened the sw design.  C:/Users/SESA630813/work-2/4EV_HandsOn_platt/zynqmp_pmufw/zynqmp_pmufw_bsp/system.mss
TRACE::2022-11-18.10:40:20::SCWPlatform::Trying to open the hw design at C:/Users/SESA630813/work-2/4EV_HandsOn_platt/hw/Block_4EV_HandsOn.xsa
TRACE::2022-11-18.10:40:20::SCWPlatform::DSA given C:/Users/SESA630813/work-2/4EV_HandsOn_platt/hw/Block_4EV_HandsOn.xsa
TRACE::2022-11-18.10:40:20::SCWPlatform::DSA absoulate path C:/Users/SESA630813/work-2/4EV_HandsOn_platt/hw/Block_4EV_HandsOn.xsa
TRACE::2022-11-18.10:40:20::SCWPlatform::DSA directory C:/Users/SESA630813/work-2/4EV_HandsOn_platt/hw
TRACE::2022-11-18.10:40:20::SCWPlatform:: Platform Path C:/Users/SESA630813/work-2/4EV_HandsOn_platt/hw/Block_4EV_HandsOn.xsa
TRACE::2022-11-18.10:40:20::SCWPlatform:: Unique name xilinx:::0.0
TRACE::2022-11-18.10:40:20::SCWPlatform::Trying to set the existing hwdb with name Block_4EV_wrapper_28
TRACE::2022-11-18.10:40:20::SCWPlatform::Opened existing hwdb Block_4EV_wrapper_28
TRACE::2022-11-18.10:40:20::SCWPlatform::Found the Hw Db part of the input DSA
TRACE::2022-11-18.10:40:20::SCWMssOS::Checking the sw design at  C:/Users/SESA630813/work-2/4EV_HandsOn_platt/zynqmp_pmufw/zynqmp_pmufw_bsp/system.mss
TRACE::2022-11-18.10:40:20::SCWMssOS::DEBUG:  swdes dump  C:/Users/SESA630813/work-2/4EV_HandsOn_platt/zynqmp_fsbl/zynqmp_fsbl_bsp/system.mss|system||
C:/Users/SESA630813/work-2/4EV_HandsOn_platt/zynqmp_pmufw/zynqmp_pmufw_bsp/system.mss|system_0||

TRACE::2022-11-18.10:40:20::SCWMssOS::Sw design exists and opened at  C:/Users/SESA630813/work-2/4EV_HandsOn_platt/zynqmp_pmufw/zynqmp_pmufw_bsp/system.mss
TRACE::2022-11-18.10:40:20::SCWMssOS:: library already available in sw design:  xilfpga:6.1
TRACE::2022-11-18.10:40:20::SCWPlatform::Trying to open the hw design at C:/Users/SESA630813/work-2/4EV_HandsOn_platt/hw/Block_4EV_HandsOn.xsa
TRACE::2022-11-18.10:40:20::SCWPlatform::DSA given C:/Users/SESA630813/work-2/4EV_HandsOn_platt/hw/Block_4EV_HandsOn.xsa
TRACE::2022-11-18.10:40:20::SCWPlatform::DSA absoulate path C:/Users/SESA630813/work-2/4EV_HandsOn_platt/hw/Block_4EV_HandsOn.xsa
TRACE::2022-11-18.10:40:20::SCWPlatform::DSA directory C:/Users/SESA630813/work-2/4EV_HandsOn_platt/hw
TRACE::2022-11-18.10:40:20::SCWPlatform:: Platform Path C:/Users/SESA630813/work-2/4EV_HandsOn_platt/hw/Block_4EV_HandsOn.xsa
TRACE::2022-11-18.10:40:20::SCWPlatform:: Unique name xilinx:::0.0
TRACE::2022-11-18.10:40:20::SCWPlatform::Trying to set the existing hwdb with name Block_4EV_wrapper_28
TRACE::2022-11-18.10:40:20::SCWPlatform::Opened existing hwdb Block_4EV_wrapper_28
TRACE::2022-11-18.10:40:20::SCWPlatform::Found the Hw Db part of the input DSA
TRACE::2022-11-18.10:40:20::SCWMssOS::Checking the sw design at  C:/Users/SESA630813/work-2/4EV_HandsOn_platt/zynqmp_pmufw/zynqmp_pmufw_bsp/system.mss
TRACE::2022-11-18.10:40:20::SCWMssOS::DEBUG:  swdes dump  C:/Users/SESA630813/work-2/4EV_HandsOn_platt/zynqmp_fsbl/zynqmp_fsbl_bsp/system.mss|system||
C:/Users/SESA630813/work-2/4EV_HandsOn_platt/zynqmp_pmufw/zynqmp_pmufw_bsp/system.mss|system_0||

TRACE::2022-11-18.10:40:20::SCWMssOS::Sw design exists and opened at  C:/Users/SESA630813/work-2/4EV_HandsOn_platt/zynqmp_pmufw/zynqmp_pmufw_bsp/system.mss
TRACE::2022-11-18.10:40:20::SCWMssOS:: library already available in sw design:  xilsecure:4.6
TRACE::2022-11-18.10:40:20::SCWPlatform::Trying to open the hw design at C:/Users/SESA630813/work-2/4EV_HandsOn_platt/hw/Block_4EV_HandsOn.xsa
TRACE::2022-11-18.10:40:20::SCWPlatform::DSA given C:/Users/SESA630813/work-2/4EV_HandsOn_platt/hw/Block_4EV_HandsOn.xsa
TRACE::2022-11-18.10:40:20::SCWPlatform::DSA absoulate path C:/Users/SESA630813/work-2/4EV_HandsOn_platt/hw/Block_4EV_HandsOn.xsa
TRACE::2022-11-18.10:40:20::SCWPlatform::DSA directory C:/Users/SESA630813/work-2/4EV_HandsOn_platt/hw
TRACE::2022-11-18.10:40:20::SCWPlatform:: Platform Path C:/Users/SESA630813/work-2/4EV_HandsOn_platt/hw/Block_4EV_HandsOn.xsa
TRACE::2022-11-18.10:40:20::SCWPlatform:: Unique name xilinx:::0.0
TRACE::2022-11-18.10:40:20::SCWPlatform::Trying to set the existing hwdb with name Block_4EV_wrapper_28
TRACE::2022-11-18.10:40:20::SCWPlatform::Opened existing hwdb Block_4EV_wrapper_28
TRACE::2022-11-18.10:40:20::SCWPlatform::Found the Hw Db part of the input DSA
TRACE::2022-11-18.10:40:20::SCWMssOS::Checking the sw design at  C:/Users/SESA630813/work-2/4EV_HandsOn_platt/zynqmp_pmufw/zynqmp_pmufw_bsp/system.mss
TRACE::2022-11-18.10:40:20::SCWMssOS::DEBUG:  swdes dump  C:/Users/SESA630813/work-2/4EV_HandsOn_platt/zynqmp_fsbl/zynqmp_fsbl_bsp/system.mss|system||
C:/Users/SESA630813/work-2/4EV_HandsOn_platt/zynqmp_pmufw/zynqmp_pmufw_bsp/system.mss|system_0||

TRACE::2022-11-18.10:40:20::SCWMssOS::Sw design exists and opened at  C:/Users/SESA630813/work-2/4EV_HandsOn_platt/zynqmp_pmufw/zynqmp_pmufw_bsp/system.mss
TRACE::2022-11-18.10:40:20::SCWMssOS:: library already available in sw design:  xilskey:7.2
TRACE::2022-11-18.10:40:20::SCWPlatform::Trying to open the hw design at C:/Users/SESA630813/work-2/4EV_HandsOn_platt/hw/Block_4EV_HandsOn.xsa
TRACE::2022-11-18.10:40:20::SCWPlatform::DSA given C:/Users/SESA630813/work-2/4EV_HandsOn_platt/hw/Block_4EV_HandsOn.xsa
TRACE::2022-11-18.10:40:20::SCWPlatform::DSA absoulate path C:/Users/SESA630813/work-2/4EV_HandsOn_platt/hw/Block_4EV_HandsOn.xsa
TRACE::2022-11-18.10:40:20::SCWPlatform::DSA directory C:/Users/SESA630813/work-2/4EV_HandsOn_platt/hw
TRACE::2022-11-18.10:40:20::SCWPlatform:: Platform Path C:/Users/SESA630813/work-2/4EV_HandsOn_platt/hw/Block_4EV_HandsOn.xsa
TRACE::2022-11-18.10:40:20::SCWPlatform:: Unique name xilinx:::0.0
TRACE::2022-11-18.10:40:20::SCWPlatform::Trying to set the existing hwdb with name Block_4EV_wrapper_28
TRACE::2022-11-18.10:40:20::SCWPlatform::Opened existing hwdb Block_4EV_wrapper_28
TRACE::2022-11-18.10:40:20::SCWPlatform::Found the Hw Db part of the input DSA
TRACE::2022-11-18.10:40:20::SCWMssOS::Checking the sw design at  C:/Users/SESA630813/work-2/4EV_HandsOn_platt/zynqmp_pmufw/zynqmp_pmufw_bsp/system.mss
TRACE::2022-11-18.10:40:20::SCWMssOS::DEBUG:  swdes dump  C:/Users/SESA630813/work-2/4EV_HandsOn_platt/zynqmp_fsbl/zynqmp_fsbl_bsp/system.mss|system||
C:/Users/SESA630813/work-2/4EV_HandsOn_platt/zynqmp_pmufw/zynqmp_pmufw_bsp/system.mss|system_0||

TRACE::2022-11-18.10:40:20::SCWMssOS::Sw design exists and opened at  C:/Users/SESA630813/work-2/4EV_HandsOn_platt/zynqmp_pmufw/zynqmp_pmufw_bsp/system.mss
TRACE::2022-11-18.10:40:20::SCWPlatform::Trying to open the hw design at C:/Users/SESA630813/work-2/4EV_HandsOn_platt/hw/Block_4EV_HandsOn.xsa
TRACE::2022-11-18.10:40:20::SCWPlatform::DSA given C:/Users/SESA630813/work-2/4EV_HandsOn_platt/hw/Block_4EV_HandsOn.xsa
TRACE::2022-11-18.10:40:20::SCWPlatform::DSA absoulate path C:/Users/SESA630813/work-2/4EV_HandsOn_platt/hw/Block_4EV_HandsOn.xsa
TRACE::2022-11-18.10:40:20::SCWPlatform::DSA directory C:/Users/SESA630813/work-2/4EV_HandsOn_platt/hw
TRACE::2022-11-18.10:40:20::SCWPlatform:: Platform Path C:/Users/SESA630813/work-2/4EV_HandsOn_platt/hw/Block_4EV_HandsOn.xsa
TRACE::2022-11-18.10:40:20::SCWPlatform:: Unique name xilinx:::0.0
TRACE::2022-11-18.10:40:20::SCWPlatform::Trying to set the existing hwdb with name Block_4EV_wrapper_28
TRACE::2022-11-18.10:40:20::SCWPlatform::Opened existing hwdb Block_4EV_wrapper_28
TRACE::2022-11-18.10:40:20::SCWPlatform::Found the Hw Db part of the input DSA
TRACE::2022-11-18.10:40:20::SCWMssOS::Checking the sw design at  C:/Users/SESA630813/work-2/4EV_HandsOn_platt/zynqmp_pmufw/zynqmp_pmufw_bsp/system.mss
TRACE::2022-11-18.10:40:20::SCWMssOS::DEBUG:  swdes dump  C:/Users/SESA630813/work-2/4EV_HandsOn_platt/zynqmp_fsbl/zynqmp_fsbl_bsp/system.mss|system||
C:/Users/SESA630813/work-2/4EV_HandsOn_platt/zynqmp_pmufw/zynqmp_pmufw_bsp/system.mss|system_0||

TRACE::2022-11-18.10:40:20::SCWMssOS::Sw design exists and opened at  C:/Users/SESA630813/work-2/4EV_HandsOn_platt/zynqmp_pmufw/zynqmp_pmufw_bsp/system.mss
TRACE::2022-11-18.10:40:20::SCWMssOS::Saving the mss changes C:/Users/SESA630813/work-2/4EV_HandsOn_platt/zynqmp_pmufw/zynqmp_pmufw_bsp/system.mss
TRACE::2022-11-18.10:40:20::SCWMssOS::Found a swdesign opened with the mssfile.
TRACE::2022-11-18.10:40:20::SCWMssOS::Completed writemss as part of save.
TRACE::2022-11-18.10:40:20::SCWMssOS::Commit changes completed.
TRACE::2022-11-18.10:40:20::SCWReader::Adding prebuilt librarypaths as   
TRACE::2022-11-18.10:40:20::SCWReader::Adding prebuilt incpaths  as   
TRACE::2022-11-18.10:40:20::SCWPlatform::Trying to open the hw design at C:/Users/SESA630813/work-2/4EV_HandsOn_platt/hw/Block_4EV_HandsOn.xsa
TRACE::2022-11-18.10:40:20::SCWPlatform::DSA given C:/Users/SESA630813/work-2/4EV_HandsOn_platt/hw/Block_4EV_HandsOn.xsa
TRACE::2022-11-18.10:40:20::SCWPlatform::DSA absoulate path C:/Users/SESA630813/work-2/4EV_HandsOn_platt/hw/Block_4EV_HandsOn.xsa
TRACE::2022-11-18.10:40:20::SCWPlatform::DSA directory C:/Users/SESA630813/work-2/4EV_HandsOn_platt/hw
TRACE::2022-11-18.10:40:20::SCWPlatform:: Platform Path C:/Users/SESA630813/work-2/4EV_HandsOn_platt/hw/Block_4EV_HandsOn.xsa
TRACE::2022-11-18.10:40:20::SCWPlatform:: Unique name xilinx:::0.0
TRACE::2022-11-18.10:40:20::SCWPlatform::Trying to set the existing hwdb with name Block_4EV_wrapper_28
TRACE::2022-11-18.10:40:20::SCWPlatform::Opened existing hwdb Block_4EV_wrapper_28
TRACE::2022-11-18.10:40:20::SCWPlatform::Found the Hw Db part of the input DSA
TRACE::2022-11-18.10:40:20::SCWMssOS::Checking the sw design at  C:/Users/SESA630813/work-2/4EV_HandsOn_platt/zynqmp_pmufw/zynqmp_pmufw_bsp/system.mss
TRACE::2022-11-18.10:40:20::SCWMssOS::DEBUG:  swdes dump  C:/Users/SESA630813/work-2/4EV_HandsOn_platt/zynqmp_fsbl/zynqmp_fsbl_bsp/system.mss|system||
C:/Users/SESA630813/work-2/4EV_HandsOn_platt/zynqmp_pmufw/zynqmp_pmufw_bsp/system.mss|system_0||

TRACE::2022-11-18.10:40:20::SCWMssOS::Sw design exists and opened at  C:/Users/SESA630813/work-2/4EV_HandsOn_platt/zynqmp_pmufw/zynqmp_pmufw_bsp/system.mss
TRACE::2022-11-18.10:40:20::SCWReader::No isolation master present  
TRACE::2022-11-18.10:40:20::SCWDomain::checking for install qemu data   : 
TRACE::2022-11-18.10:40:20::SCWDomain:: Using the QEMU Data from install at  : C:/Xilinx3/Vitis/2021.2/data/emulation/platforms/zynqmp/sw/a53_standalone/qemu/
TRACE::2022-11-18.10:40:20::SCWDomain:: Using the QEMU args  from install at  : C:/Xilinx3/Vitis/2021.2/data/emulation/platforms/zynqmp/sw/a53_standalone/qemu/qemu_args.txt
TRACE::2022-11-18.10:40:20::SCWDomain:: Using the PMUQEMU args from install at  : C:/Xilinx3/Vitis/2021.2/data/emulation/platforms/zynqmp/sw/a53_standalone/qemu/pmu_args.txt
TRACE::2022-11-18.10:40:20::SCWPlatform::Trying to open the hw design at C:/Users/SESA630813/work-2/4EV_HandsOn_platt/hw/Block_4EV_HandsOn.xsa
TRACE::2022-11-18.10:40:20::SCWPlatform::DSA given C:/Users/SESA630813/work-2/4EV_HandsOn_platt/hw/Block_4EV_HandsOn.xsa
TRACE::2022-11-18.10:40:20::SCWPlatform::DSA absoulate path C:/Users/SESA630813/work-2/4EV_HandsOn_platt/hw/Block_4EV_HandsOn.xsa
TRACE::2022-11-18.10:40:20::SCWPlatform::DSA directory C:/Users/SESA630813/work-2/4EV_HandsOn_platt/hw
TRACE::2022-11-18.10:40:20::SCWPlatform:: Platform Path C:/Users/SESA630813/work-2/4EV_HandsOn_platt/hw/Block_4EV_HandsOn.xsa
TRACE::2022-11-18.10:40:20::SCWPlatform:: Unique name xilinx:::0.0
TRACE::2022-11-18.10:40:20::SCWPlatform::Trying to set the existing hwdb with name Block_4EV_wrapper_28
TRACE::2022-11-18.10:40:20::SCWPlatform::Opened existing hwdb Block_4EV_wrapper_28
TRACE::2022-11-18.10:40:20::SCWPlatform::Found the Hw Db part of the input DSA
TRACE::2022-11-18.10:40:20::SCWPlatform::Trying to open the hw design at C:/Users/SESA630813/work-2/4EV_HandsOn_platt/hw/Block_4EV_HandsOn.xsa
TRACE::2022-11-18.10:40:20::SCWPlatform::DSA given C:/Users/SESA630813/work-2/4EV_HandsOn_platt/hw/Block_4EV_HandsOn.xsa
TRACE::2022-11-18.10:40:20::SCWPlatform::DSA absoulate path C:/Users/SESA630813/work-2/4EV_HandsOn_platt/hw/Block_4EV_HandsOn.xsa
TRACE::2022-11-18.10:40:20::SCWPlatform::DSA directory C:/Users/SESA630813/work-2/4EV_HandsOn_platt/hw
TRACE::2022-11-18.10:40:20::SCWPlatform:: Platform Path C:/Users/SESA630813/work-2/4EV_HandsOn_platt/hw/Block_4EV_HandsOn.xsa
TRACE::2022-11-18.10:40:20::SCWPlatform:: Unique name xilinx:::0.0
TRACE::2022-11-18.10:40:20::SCWPlatform::Trying to set the existing hwdb with name Block_4EV_wrapper_28
TRACE::2022-11-18.10:40:20::SCWPlatform::Opened existing hwdb Block_4EV_wrapper_28
TRACE::2022-11-18.10:40:20::SCWPlatform::Found the Hw Db part of the input DSA
TRACE::2022-11-18.10:40:20::SCWPlatform::Trying to open the hw design at C:/Users/SESA630813/work-2/4EV_HandsOn_platt/hw/Block_4EV_HandsOn.xsa
TRACE::2022-11-18.10:40:20::SCWPlatform::DSA given C:/Users/SESA630813/work-2/4EV_HandsOn_platt/hw/Block_4EV_HandsOn.xsa
TRACE::2022-11-18.10:40:20::SCWPlatform::DSA absoulate path C:/Users/SESA630813/work-2/4EV_HandsOn_platt/hw/Block_4EV_HandsOn.xsa
TRACE::2022-11-18.10:40:20::SCWPlatform::DSA directory C:/Users/SESA630813/work-2/4EV_HandsOn_platt/hw
TRACE::2022-11-18.10:40:20::SCWPlatform:: Platform Path C:/Users/SESA630813/work-2/4EV_HandsOn_platt/hw/Block_4EV_HandsOn.xsa
TRACE::2022-11-18.10:40:20::SCWPlatform:: Unique name xilinx:::0.0
TRACE::2022-11-18.10:40:20::SCWPlatform::Trying to set the existing hwdb with name Block_4EV_wrapper_28
TRACE::2022-11-18.10:40:20::SCWPlatform::Opened existing hwdb Block_4EV_wrapper_28
TRACE::2022-11-18.10:40:20::SCWPlatform::Found the Hw Db part of the input DSA
TRACE::2022-11-18.10:40:20::SCWMssOS::Checking the sw design at  C:/Users/SESA630813/work-2/4EV_HandsOn_platt/psu_cortexa53_0/standalone_domain/bsp/system.mss
TRACE::2022-11-18.10:40:20::SCWMssOS::DEBUG:  swdes dump  C:/Users/SESA630813/work-2/4EV_HandsOn_platt/zynqmp_fsbl/zynqmp_fsbl_bsp/system.mss|system||
C:/Users/SESA630813/work-2/4EV_HandsOn_platt/zynqmp_pmufw/zynqmp_pmufw_bsp/system.mss|system_0||

TRACE::2022-11-18.10:40:20::SCWMssOS::No sw design opened at  C:/Users/SESA630813/work-2/4EV_HandsOn_platt/psu_cortexa53_0/standalone_domain/bsp/system.mss
TRACE::2022-11-18.10:40:20::SCWMssOS::mss exists loading the mss file  C:/Users/SESA630813/work-2/4EV_HandsOn_platt/psu_cortexa53_0/standalone_domain/bsp/system.mss
TRACE::2022-11-18.10:40:20::SCWMssOS::Opened the sw design from mss  C:/Users/SESA630813/work-2/4EV_HandsOn_platt/psu_cortexa53_0/standalone_domain/bsp/system.mss
TRACE::2022-11-18.10:40:20::SCWMssOS::Adding the swdes entry C:/Users/SESA630813/work-2/4EV_HandsOn_platt/psu_cortexa53_0/standalone_domain/bsp/system.mss with des name system_1
TRACE::2022-11-18.10:40:20::SCWMssOS::updating the scw layer about changes
TRACE::2022-11-18.10:40:20::SCWMssOS::Opened the sw design.  C:/Users/SESA630813/work-2/4EV_HandsOn_platt/psu_cortexa53_0/standalone_domain/bsp/system.mss
TRACE::2022-11-18.10:40:20::SCWMssOS::Saving the mss changes C:/Users/SESA630813/work-2/4EV_HandsOn_platt/psu_cortexa53_0/standalone_domain/bsp/system.mss
TRACE::2022-11-18.10:40:20::SCWMssOS::Found a swdesign opened with the mssfile.
TRACE::2022-11-18.10:40:20::SCWMssOS::Completed writemss as part of save.
TRACE::2022-11-18.10:40:20::SCWMssOS::Commit changes completed.
TRACE::2022-11-18.10:40:20::SCWReader::Adding prebuilt librarypaths as   
TRACE::2022-11-18.10:40:20::SCWReader::Adding prebuilt incpaths  as   
TRACE::2022-11-18.10:40:20::SCWPlatform::Trying to open the hw design at C:/Users/SESA630813/work-2/4EV_HandsOn_platt/hw/Block_4EV_HandsOn.xsa
TRACE::2022-11-18.10:40:20::SCWPlatform::DSA given C:/Users/SESA630813/work-2/4EV_HandsOn_platt/hw/Block_4EV_HandsOn.xsa
TRACE::2022-11-18.10:40:20::SCWPlatform::DSA absoulate path C:/Users/SESA630813/work-2/4EV_HandsOn_platt/hw/Block_4EV_HandsOn.xsa
TRACE::2022-11-18.10:40:20::SCWPlatform::DSA directory C:/Users/SESA630813/work-2/4EV_HandsOn_platt/hw
TRACE::2022-11-18.10:40:20::SCWPlatform:: Platform Path C:/Users/SESA630813/work-2/4EV_HandsOn_platt/hw/Block_4EV_HandsOn.xsa
TRACE::2022-11-18.10:40:20::SCWPlatform:: Unique name xilinx:::0.0
TRACE::2022-11-18.10:40:20::SCWPlatform::Trying to set the existing hwdb with name Block_4EV_wrapper_28
TRACE::2022-11-18.10:40:20::SCWPlatform::Opened existing hwdb Block_4EV_wrapper_28
TRACE::2022-11-18.10:40:20::SCWPlatform::Found the Hw Db part of the input DSA
TRACE::2022-11-18.10:40:20::SCWMssOS::Checking the sw design at  C:/Users/SESA630813/work-2/4EV_HandsOn_platt/psu_cortexa53_0/standalone_domain/bsp/system.mss
TRACE::2022-11-18.10:40:20::SCWMssOS::DEBUG:  swdes dump  C:/Users/SESA630813/work-2/4EV_HandsOn_platt/psu_cortexa53_0/standalone_domain/bsp/system.mss|system_1||
C:/Users/SESA630813/work-2/4EV_HandsOn_platt/zynqmp_fsbl/zynqmp_fsbl_bsp/system.mss|system||
C:/Users/SESA630813/work-2/4EV_HandsOn_platt/zynqmp_pmufw/zynqmp_pmufw_bsp/system.mss|system_0||

TRACE::2022-11-18.10:40:20::SCWMssOS::Sw design exists and opened at  C:/Users/SESA630813/work-2/4EV_HandsOn_platt/psu_cortexa53_0/standalone_domain/bsp/system.mss
TRACE::2022-11-18.10:40:20::SCWReader::No isolation master present  
LOG::2022-11-18.10:40:58::SCWPlatform::Started generating the artifacts platform 4EV_HandsOn_platt
TRACE::2022-11-18.10:40:58::SCWPlatform::Sanity checking of platform is completed
LOG::2022-11-18.10:40:58::SCWPlatform::Started generating the artifacts for system configuration 4EV_HandsOn_platt
LOG::2022-11-18.10:40:58::SCWSystem::Checking the domain zynqmp_fsbl
LOG::2022-11-18.10:40:58::SCWSystem::Doing application build for :  zynqmp_fsbl
TRACE::2022-11-18.10:40:58::SCWBDomain::Not a forced makefile updation, No changes are present. 
TRACE::2022-11-18.10:40:58::SCWDomain::Skipping the build for domain :  zynqmp_fsbl
LOG::2022-11-18.10:40:58::SCWSystem::Checking the domain zynqmp_pmufw
LOG::2022-11-18.10:40:58::SCWSystem::Doing application build for :  zynqmp_pmufw
TRACE::2022-11-18.10:40:58::SCWBDomain::Not a forced makefile updation, No changes are present. 
TRACE::2022-11-18.10:40:58::SCWDomain::Skipping the build for domain :  zynqmp_pmufw
LOG::2022-11-18.10:40:58::SCWSystem::Checking the domain standalone_domain
LOG::2022-11-18.10:40:58::SCWSystem::Not a boot domain 
LOG::2022-11-18.10:40:58::SCWSystem::Started Processing the domain standalone_domain
TRACE::2022-11-18.10:40:58::SCWDomain::Generating domain artifcats
TRACE::2022-11-18.10:40:58::SCWMssOS::Generating standalone artifcats
TRACE::2022-11-18.10:40:58::SCWMssOS::Copying the qemu file from  C:/Xilinx3/Vitis/2021.2/data/emulation/platforms/zynqmp/sw/a53_standalone/qemu/qemu_args.txt To C:/Users/SESA630813/work-2/4EV_HandsOn_platt/export/4EV_HandsOn_platt/sw/4EV_HandsOn_platt/qemu/
TRACE::2022-11-18.10:40:58::SCWMssOS::Copying the qemu file from  C:/Xilinx3/Vitis/2021.2/data/emulation/platforms/zynqmp/sw/a53_standalone/qemu/qemu_args.txt To C:/Users/SESA630813/work-2/4EV_HandsOn_platt/export/4EV_HandsOn_platt/sw/4EV_HandsOn_platt/qemu/
TRACE::2022-11-18.10:40:58::SCWMssOS::Copying the qemu file from  C:/Xilinx3/Vitis/2021.2/data/emulation/platforms/zynqmp/sw/a53_standalone/qemu/qemu_args.txt To C:/Users/SESA630813/work-2/4EV_HandsOn_platt/export/4EV_HandsOn_platt/sw/4EV_HandsOn_platt/standalone_domain/qemu/
TRACE::2022-11-18.10:40:58::SCWMssOS::Copying the qemu file from  C:/Xilinx3/Vitis/2021.2/data/emulation/platforms/zynqmp/sw/a53_standalone/qemu/qemu_args.txt To C:/Users/SESA630813/work-2/4EV_HandsOn_platt/export/4EV_HandsOn_platt/sw/4EV_HandsOn_platt/standalone_domain/qemu/
TRACE::2022-11-18.10:40:58::SCWMssOS:: Copying the user libraries. 
TRACE::2022-11-18.10:40:58::SCWPlatform::Trying to open the hw design at C:/Users/SESA630813/work-2/4EV_HandsOn_platt/hw/Block_4EV_HandsOn.xsa
TRACE::2022-11-18.10:40:58::SCWPlatform::DSA given C:/Users/SESA630813/work-2/4EV_HandsOn_platt/hw/Block_4EV_HandsOn.xsa
TRACE::2022-11-18.10:40:58::SCWPlatform::DSA absoulate path C:/Users/SESA630813/work-2/4EV_HandsOn_platt/hw/Block_4EV_HandsOn.xsa
TRACE::2022-11-18.10:40:58::SCWPlatform::DSA directory C:/Users/SESA630813/work-2/4EV_HandsOn_platt/hw
TRACE::2022-11-18.10:40:58::SCWPlatform:: Platform Path C:/Users/SESA630813/work-2/4EV_HandsOn_platt/hw/Block_4EV_HandsOn.xsa
TRACE::2022-11-18.10:40:58::SCWPlatform:: Unique name xilinx:::0.0
TRACE::2022-11-18.10:40:58::SCWPlatform::Trying to set the existing hwdb with name Block_4EV_wrapper_28
TRACE::2022-11-18.10:40:58::SCWPlatform::Could not get the HWDB from existing dbname
TRACE::2022-11-18.10:40:58::SCWPlatform::Do not have an existing db opened. Attempting to open the hwDb. 
TRACE::2022-11-18.10:40:58::SCWPlatform::Opened new HwDB with name Block_4EV_wrapper_29
TRACE::2022-11-18.10:40:58::SCWMssOS::Checking the sw design at  C:/Users/SESA630813/work-2/4EV_HandsOn_platt/psu_cortexa53_0/standalone_domain/bsp/system.mss
TRACE::2022-11-18.10:40:58::SCWMssOS::DEBUG:  swdes dump  C:/Users/SESA630813/work-2/4EV_HandsOn_platt/psu_cortexa53_0/standalone_domain/bsp/system.mss|system_1||
C:/Users/SESA630813/work-2/4EV_HandsOn_platt/zynqmp_fsbl/zynqmp_fsbl_bsp/system.mss|system||
C:/Users/SESA630813/work-2/4EV_HandsOn_platt/zynqmp_pmufw/zynqmp_pmufw_bsp/system.mss|system_0||

TRACE::2022-11-18.10:40:58::SCWMssOS::Sw design exists and opened at  C:/Users/SESA630813/work-2/4EV_HandsOn_platt/psu_cortexa53_0/standalone_domain/bsp/system.mss
TRACE::2022-11-18.10:40:58::SCWMssOS::Completed writing the mss file at C:/Users/SESA630813/work-2/4EV_HandsOn_platt/psu_cortexa53_0/standalone_domain/bsp
TRACE::2022-11-18.10:40:58::SCWMssOS::Mss edits present, copying mssfile into export location C:/Users/SESA630813/work-2/4EV_HandsOn_platt/psu_cortexa53_0/standalone_domain/bsp/system.mss
TRACE::2022-11-18.10:40:58::SCWMssOS::bsp generated is stale removing and regenerating. 
TRACE::2022-11-18.10:41:05::SCWMssOS::doing bsp build ... 
TRACE::2022-11-18.10:41:05::SCWMssOS::System Command Ran  C: & cd  C:/Users/SESA630813/work-2/4EV_HandsOn_platt/psu_cortexa53_0/standalone_domain/bsp & make 
TRACE::2022-11-18.10:41:05::SCWMssOS::make --no-print-directory seq_libs

TRACE::2022-11-18.10:41:05::SCWMssOS::'Finished building libraries sequentially.'

TRACE::2022-11-18.10:41:06::SCWMssOS::make -j 10 --no-print-directory par_libs

TRACE::2022-11-18.10:41:06::SCWMssOS::"Running Make include in psu_cortexa53_0/libsrc/axipmon_v6_9/src"

TRACE::2022-11-18.10:41:06::SCWMssOS::make -C psu_cortexa53_0/libsrc/axipmon_v6_9/src -s include  "SHELL=CMD" "COMPILER=aarch64-none-elf-gcc" "ASSEMBLER=aarch64-none
TRACE::2022-11-18.10:41:06::SCWMssOS::-elf-as" "ARCHIVER=aarch64-none-elf-ar" "COMPILER_FLAGS=  -O2 -c" "EXTRA_COMPILER_FLAGS=-g -Wall -Wextra -fno-tree-loop-distrib
TRACE::2022-11-18.10:41:06::SCWMssOS::ute-patterns"

TRACE::2022-11-18.10:41:06::SCWMssOS::"Running Make include in psu_cortexa53_0/libsrc/clockps_v1_3/src"

TRACE::2022-11-18.10:41:06::SCWMssOS::make -C psu_cortexa53_0/libsrc/clockps_v1_3/src -s include  "SHELL=CMD" "COMPILER=aarch64-none-elf-gcc" "ASSEMBLER=aarch64-none
TRACE::2022-11-18.10:41:06::SCWMssOS::-elf-as" "ARCHIVER=aarch64-none-elf-ar" "COMPILER_FLAGS=  -O2 -c" "EXTRA_COMPILER_FLAGS=-g -Wall -Wextra -fno-tree-loop-distrib
TRACE::2022-11-18.10:41:06::SCWMssOS::ute-patterns"

TRACE::2022-11-18.10:41:06::SCWMssOS::"Running Make include in psu_cortexa53_0/libsrc/coresightps_dcc_v1_8/src"

TRACE::2022-11-18.10:41:06::SCWMssOS::make -C psu_cortexa53_0/libsrc/coresightps_dcc_v1_8/src -s include  "SHELL=CMD" "COMPILER=aarch64-none-elf-gcc" "ASSEMBLER=aarc
TRACE::2022-11-18.10:41:06::SCWMssOS::h64-none-elf-as" "ARCHIVER=aarch64-none-elf-ar" "COMPILER_FLAGS=  -O2 -c" "EXTRA_COMPILER_FLAGS=-g -Wall -Wextra -fno-tree-loop
TRACE::2022-11-18.10:41:06::SCWMssOS::-distribute-patterns"

TRACE::2022-11-18.10:41:06::SCWMssOS::"Running Make include in psu_cortexa53_0/libsrc/cpu_cortexa53_v2_0/src"

TRACE::2022-11-18.10:41:06::SCWMssOS::make -C psu_cortexa53_0/libsrc/cpu_cortexa53_v2_0/src -s include  "SHELL=CMD" "COMPILER=aarch64-none-elf-gcc" "ASSEMBLER=aarch6
TRACE::2022-11-18.10:41:06::SCWMssOS::4-none-elf-as" "ARCHIVER=aarch64-none-elf-ar" "COMPILER_FLAGS=  -O2 -c" "EXTRA_COMPILER_FLAGS=-g -Wall -Wextra -fno-tree-loop-d
TRACE::2022-11-18.10:41:06::SCWMssOS::istribute-patterns"

TRACE::2022-11-18.10:41:06::SCWMssOS::"Running Make include in psu_cortexa53_0/libsrc/csudma_v1_10/src"

TRACE::2022-11-18.10:41:06::SCWMssOS::"Running Make include in psu_cortexa53_0/libsrc/ddrcpsu_v1_3/src"

TRACE::2022-11-18.10:41:06::SCWMssOS::make -C psu_cortexa53_0/libsrc/csudma_v1_10/src -s include  "SHELL=CMD" "COMPILER=aarch64-none-elf-gcc" "ASSEMBLER=aarch64-none
TRACE::2022-11-18.10:41:06::SCWMssOS::-elf-as" "ARCHIVER=aarch64-none-elf-ar" "COMPILER_FLAGS=  -O2 -c" "EXTRA_COMPILER_FLAGS=-g -Wall -Wextra -fno-tree-loop-distrib
TRACE::2022-11-18.10:41:06::SCWMssOS::ute-patterns"

TRACE::2022-11-18.10:41:06::SCWMssOS::"Running Make include in psu_cortexa53_0/libsrc/gpiops_v3_9/src"

TRACE::2022-11-18.10:41:06::SCWMssOS::make -C psu_cortexa53_0/libsrc/ddrcpsu_v1_3/src -s include  "SHELL=CMD" "COMPILER=aarch64-none-elf-gcc" "ASSEMBLER=aarch64-none
TRACE::2022-11-18.10:41:06::SCWMssOS::-elf-as" "ARCHIVER=aarch64-none-elf-ar" "COMPILER_FLAGS=  -O2 -c" "EXTRA_COMPILER_FLAGS=-g -Wall -Wextra -fno-tree-loop-distrib
TRACE::2022-11-18.10:41:06::SCWMssOS::ute-patterns"

TRACE::2022-11-18.10:41:06::SCWMssOS::"Running Make include in psu_cortexa53_0/libsrc/gpio_v4_8/src"

TRACE::2022-11-18.10:41:06::SCWMssOS::make -C psu_cortexa53_0/libsrc/gpiops_v3_9/src -s include  "SHELL=CMD" "COMPILER=aarch64-none-elf-gcc" "ASSEMBLER=aarch64-none-
TRACE::2022-11-18.10:41:06::SCWMssOS::elf-as" "ARCHIVER=aarch64-none-elf-ar" "COMPILER_FLAGS=  -O2 -c" "EXTRA_COMPILER_FLAGS=-g -Wall -Wextra -fno-tree-loop-distribu
TRACE::2022-11-18.10:41:06::SCWMssOS::te-patterns"

TRACE::2022-11-18.10:41:06::SCWMssOS::make -C psu_cortexa53_0/libsrc/gpio_v4_8/src -s include  "SHELL=CMD" "COMPILER=aarch64-none-elf-gcc" "ASSEMBLER=aarch64-none-el
TRACE::2022-11-18.10:41:06::SCWMssOS::f-as" "ARCHIVER=aarch64-none-elf-ar" "COMPILER_FLAGS=  -O2 -c" "EXTRA_COMPILER_FLAGS=-g -Wall -Wextra -fno-tree-loop-distribute
TRACE::2022-11-18.10:41:06::SCWMssOS::-patterns"

TRACE::2022-11-18.10:41:06::SCWMssOS::"Running Make include in psu_cortexa53_0/libsrc/ipipsu_v2_10/src"

TRACE::2022-11-18.10:41:06::SCWMssOS::"Running Make include in psu_cortexa53_0/libsrc/resetps_v1_4/src"

TRACE::2022-11-18.10:41:06::SCWMssOS::make -C psu_cortexa53_0/libsrc/ipipsu_v2_10/src -s include  "SHELL=CMD" "COMPILER=aarch64-none-elf-gcc" "ASSEMBLER=aarch64-none
TRACE::2022-11-18.10:41:06::SCWMssOS::-elf-as" "ARCHIVER=aarch64-none-elf-ar" "COMPILER_FLAGS=  -O2 -c" "EXTRA_COMPILER_FLAGS=-g -Wall -Wextra -fno-tree-loop-distrib
TRACE::2022-11-18.10:41:06::SCWMssOS::ute-patterns"

TRACE::2022-11-18.10:41:06::SCWMssOS::"Running Make include in psu_cortexa53_0/libsrc/rtcpsu_v1_11/src"

TRACE::2022-11-18.10:41:06::SCWMssOS::make -C psu_cortexa53_0/libsrc/resetps_v1_4/src -s include  "SHELL=CMD" "COMPILER=aarch64-none-elf-gcc" "ASSEMBLER=aarch64-none
TRACE::2022-11-18.10:41:06::SCWMssOS::-elf-as" "ARCHIVER=aarch64-none-elf-ar" "COMPILER_FLAGS=  -O2 -c" "EXTRA_COMPILER_FLAGS=-g -Wall -Wextra -fno-tree-loop-distrib
TRACE::2022-11-18.10:41:06::SCWMssOS::ute-patterns"

TRACE::2022-11-18.10:41:06::SCWMssOS::"Running Make include in psu_cortexa53_0/libsrc/scugic_v4_6/src"

TRACE::2022-11-18.10:41:06::SCWMssOS::make -C psu_cortexa53_0/libsrc/rtcpsu_v1_11/src -s include  "SHELL=CMD" "COMPILER=aarch64-none-elf-gcc" "ASSEMBLER=aarch64-none
TRACE::2022-11-18.10:41:06::SCWMssOS::-elf-as" "ARCHIVER=aarch64-none-elf-ar" "COMPILER_FLAGS=  -O2 -c" "EXTRA_COMPILER_FLAGS=-g -Wall -Wextra -fno-tree-loop-distrib
TRACE::2022-11-18.10:41:06::SCWMssOS::ute-patterns"

TRACE::2022-11-18.10:41:06::SCWMssOS::make -C psu_cortexa53_0/libsrc/scugic_v4_6/src -s include  "SHELL=CMD" "COMPILER=aarch64-none-elf-gcc" "ASSEMBLER=aarch64-none-
TRACE::2022-11-18.10:41:06::SCWMssOS::elf-as" "ARCHIVER=aarch64-none-elf-ar" "COMPILER_FLAGS=  -O2 -c" "EXTRA_COMPILER_FLAGS=-g -Wall -Wextra -fno-tree-loop-distribu
TRACE::2022-11-18.10:41:06::SCWMssOS::te-patterns"

TRACE::2022-11-18.10:41:06::SCWMssOS::"Running Make include in psu_cortexa53_0/libsrc/standalone_v7_6/src"

TRACE::2022-11-18.10:41:06::SCWMssOS::make -C psu_cortexa53_0/libsrc/standalone_v7_6/src -s include  "SHELL=CMD" "COMPILER=aarch64-none-elf-gcc" "ASSEMBLER=aarch64-n
TRACE::2022-11-18.10:41:06::SCWMssOS::one-elf-as" "ARCHIVER=aarch64-none-elf-ar" "COMPILER_FLAGS=  -O2 -c" "EXTRA_COMPILER_FLAGS=-g -Wall -Wextra -fno-tree-loop-dist
TRACE::2022-11-18.10:41:06::SCWMssOS::ribute-patterns"

TRACE::2022-11-18.10:41:06::SCWMssOS::"Running Make include in psu_cortexa53_0/libsrc/sysmonpsu_v2_7/src"

TRACE::2022-11-18.10:41:06::SCWMssOS::make -C psu_cortexa53_0/libsrc/sysmonpsu_v2_7/src -s include  "SHELL=CMD" "COMPILER=aarch64-none-elf-gcc" "ASSEMBLER=aarch64-no
TRACE::2022-11-18.10:41:06::SCWMssOS::ne-elf-as" "ARCHIVER=aarch64-none-elf-ar" "COMPILER_FLAGS=  -O2 -c" "EXTRA_COMPILER_FLAGS=-g -Wall -Wextra -fno-tree-loop-distr
TRACE::2022-11-18.10:41:06::SCWMssOS::ibute-patterns"

TRACE::2022-11-18.10:41:06::SCWMssOS::"Running Make include in psu_cortexa53_0/libsrc/zdma_v1_13/src"

TRACE::2022-11-18.10:41:06::SCWMssOS::make -C psu_cortexa53_0/libsrc/zdma_v1_13/src -s include  "SHELL=CMD" "COMPILER=aarch64-none-elf-gcc" "ASSEMBLER=aarch64-none-e
TRACE::2022-11-18.10:41:06::SCWMssOS::lf-as" "ARCHIVER=aarch64-none-elf-ar" "COMPILER_FLAGS=  -O2 -c" "EXTRA_COMPILER_FLAGS=-g -Wall -Wextra -fno-tree-loop-distribut
TRACE::2022-11-18.10:41:06::SCWMssOS::e-patterns"

TRACE::2022-11-18.10:41:07::SCWMssOS::"Running Make libs in psu_cortexa53_0/libsrc/axipmon_v6_9/src"

TRACE::2022-11-18.10:41:07::SCWMssOS::"Running Make libs in psu_cortexa53_0/libsrc/clockps_v1_3/src"

TRACE::2022-11-18.10:41:07::SCWMssOS::make -C psu_cortexa53_0/libsrc/axipmon_v6_9/src -s libs  "SHELL=CMD" "COMPILER=aarch64-none-elf-gcc" "ASSEMBLER=aarch64-none-el
TRACE::2022-11-18.10:41:07::SCWMssOS::f-as" "ARCHIVER=aarch64-none-elf-ar" "COMPILER_FLAGS=  -O2 -c" "EXTRA_COMPILER_FLAGS=-g -Wall -Wextra -fno-tree-loop-distribute
TRACE::2022-11-18.10:41:07::SCWMssOS::-patterns"

TRACE::2022-11-18.10:41:07::SCWMssOS::"Running Make libs in psu_cortexa53_0/libsrc/coresightps_dcc_v1_8/src"

TRACE::2022-11-18.10:41:07::SCWMssOS::make -C psu_cortexa53_0/libsrc/clockps_v1_3/src -s libs  "SHELL=CMD" "COMPILER=aarch64-none-elf-gcc" "ASSEMBLER=aarch64-none-el
TRACE::2022-11-18.10:41:07::SCWMssOS::f-as" "ARCHIVER=aarch64-none-elf-ar" "COMPILER_FLAGS=  -O2 -c" "EXTRA_COMPILER_FLAGS=-g -Wall -Wextra -fno-tree-loop-distribute
TRACE::2022-11-18.10:41:07::SCWMssOS::-patterns"

TRACE::2022-11-18.10:41:07::SCWMssOS::make -C psu_cortexa53_0/libsrc/coresightps_dcc_v1_8/src -s libs  "SHELL=CMD" "COMPILER=aarch64-none-elf-gcc" "ASSEMBLER=aarch64
TRACE::2022-11-18.10:41:07::SCWMssOS::-none-elf-as" "ARCHIVER=aarch64-none-elf-ar" "COMPILER_FLAGS=  -O2 -c" "EXTRA_COMPILER_FLAGS=-g -Wall -Wextra -fno-tree-loop-di
TRACE::2022-11-18.10:41:07::SCWMssOS::stribute-patterns"

TRACE::2022-11-18.10:41:07::SCWMssOS::"Running Make libs in psu_cortexa53_0/libsrc/cpu_cortexa53_v2_0/src"

TRACE::2022-11-18.10:41:07::SCWMssOS::make -C psu_cortexa53_0/libsrc/cpu_cortexa53_v2_0/src -s libs  "SHELL=CMD" "COMPILER=aarch64-none-elf-gcc" "ASSEMBLER=aarch64-n
TRACE::2022-11-18.10:41:07::SCWMssOS::one-elf-as" "ARCHIVER=aarch64-none-elf-ar" "COMPILER_FLAGS=  -O2 -c" "EXTRA_COMPILER_FLAGS=-g -Wall -Wextra -fno-tree-loop-dist
TRACE::2022-11-18.10:41:07::SCWMssOS::ribute-patterns"

TRACE::2022-11-18.10:41:07::SCWMssOS::"Running Make libs in psu_cortexa53_0/libsrc/csudma_v1_10/src"

TRACE::2022-11-18.10:41:07::SCWMssOS::make -C psu_cortexa53_0/libsrc/csudma_v1_10/src -s libs  "SHELL=CMD" "COMPILER=aarch64-none-elf-gcc" "ASSEMBLER=aarch64-none-el
TRACE::2022-11-18.10:41:07::SCWMssOS::f-as" "ARCHIVER=aarch64-none-elf-ar" "COMPILER_FLAGS=  -O2 -c" "EXTRA_COMPILER_FLAGS=-g -Wall -Wextra -fno-tree-loop-distribute
TRACE::2022-11-18.10:41:07::SCWMssOS::-patterns"

TRACE::2022-11-18.10:41:07::SCWMssOS::"Running Make libs in psu_cortexa53_0/libsrc/ddrcpsu_v1_3/src"

TRACE::2022-11-18.10:41:07::SCWMssOS::"Running Make libs in psu_cortexa53_0/libsrc/gpiops_v3_9/src"

TRACE::2022-11-18.10:41:07::SCWMssOS::make -C psu_cortexa53_0/libsrc/ddrcpsu_v1_3/src -s libs  "SHELL=CMD" "COMPILER=aarch64-none-elf-gcc" "ASSEMBLER=aarch64-none-el
TRACE::2022-11-18.10:41:07::SCWMssOS::f-as" "ARCHIVER=aarch64-none-elf-ar" "COMPILER_FLAGS=  -O2 -c" "EXTRA_COMPILER_FLAGS=-g -Wall -Wextra -fno-tree-loop-distribute
TRACE::2022-11-18.10:41:07::SCWMssOS::-patterns"

TRACE::2022-11-18.10:41:07::SCWMssOS::"Running Make libs in psu_cortexa53_0/libsrc/gpio_v4_8/src"

TRACE::2022-11-18.10:41:07::SCWMssOS::make -C psu_cortexa53_0/libsrc/gpiops_v3_9/src -s libs  "SHELL=CMD" "COMPILER=aarch64-none-elf-gcc" "ASSEMBLER=aarch64-none-elf
TRACE::2022-11-18.10:41:07::SCWMssOS::-as" "ARCHIVER=aarch64-none-elf-ar" "COMPILER_FLAGS=  -O2 -c" "EXTRA_COMPILER_FLAGS=-g -Wall -Wextra -fno-tree-loop-distribute-
TRACE::2022-11-18.10:41:07::SCWMssOS::patterns"

TRACE::2022-11-18.10:41:07::SCWMssOS::"Running Make libs in psu_cortexa53_0/libsrc/ipipsu_v2_10/src"

TRACE::2022-11-18.10:41:07::SCWMssOS::make -C psu_cortexa53_0/libsrc/gpio_v4_8/src -s libs  "SHELL=CMD" "COMPILER=aarch64-none-elf-gcc" "ASSEMBLER=aarch64-none-elf-a
TRACE::2022-11-18.10:41:07::SCWMssOS::s" "ARCHIVER=aarch64-none-elf-ar" "COMPILER_FLAGS=  -O2 -c" "EXTRA_COMPILER_FLAGS=-g -Wall -Wextra -fno-tree-loop-distribute-pa
TRACE::2022-11-18.10:41:07::SCWMssOS::tterns"

TRACE::2022-11-18.10:41:07::SCWMssOS::make -C psu_cortexa53_0/libsrc/ipipsu_v2_10/src -s libs  "SHELL=CMD" "COMPILER=aarch64-none-elf-gcc" "ASSEMBLER=aarch64-none-el
TRACE::2022-11-18.10:41:07::SCWMssOS::f-as" "ARCHIVER=aarch64-none-elf-ar" "COMPILER_FLAGS=  -O2 -c" "EXTRA_COMPILER_FLAGS=-g -Wall -Wextra -fno-tree-loop-distribute
TRACE::2022-11-18.10:41:07::SCWMssOS::-patterns"

TRACE::2022-11-18.10:41:07::SCWMssOS::"Running Make libs in psu_cortexa53_0/libsrc/resetps_v1_4/src"

TRACE::2022-11-18.10:41:07::SCWMssOS::make -C psu_cortexa53_0/libsrc/resetps_v1_4/src -s libs  "SHELL=CMD" "COMPILER=aarch64-none-elf-gcc" "ASSEMBLER=aarch64-none-el
TRACE::2022-11-18.10:41:07::SCWMssOS::f-as" "ARCHIVER=aarch64-none-elf-ar" "COMPILER_FLAGS=  -O2 -c" "EXTRA_COMPILER_FLAGS=-g -Wall -Wextra -fno-tree-loop-distribute
TRACE::2022-11-18.10:41:07::SCWMssOS::-patterns"

TRACE::2022-11-18.10:41:08::SCWMssOS::"Running Make libs in psu_cortexa53_0/libsrc/rtcpsu_v1_11/src"

TRACE::2022-11-18.10:41:08::SCWMssOS::make -C psu_cortexa53_0/libsrc/rtcpsu_v1_11/src -s libs  "SHELL=CMD" "COMPILER=aarch64-none-elf-gcc" "ASSEMBLER=aarch64-none-el
TRACE::2022-11-18.10:41:08::SCWMssOS::f-as" "ARCHIVER=aarch64-none-elf-ar" "COMPILER_FLAGS=  -O2 -c" "EXTRA_COMPILER_FLAGS=-g -Wall -Wextra -fno-tree-loop-distribute
TRACE::2022-11-18.10:41:08::SCWMssOS::-patterns"

TRACE::2022-11-18.10:41:08::SCWMssOS::"Running Make libs in psu_cortexa53_0/libsrc/scugic_v4_6/src"

TRACE::2022-11-18.10:41:08::SCWMssOS::make -C psu_cortexa53_0/libsrc/scugic_v4_6/src -s libs  "SHELL=CMD" "COMPILER=aarch64-none-elf-gcc" "ASSEMBLER=aarch64-none-elf
TRACE::2022-11-18.10:41:08::SCWMssOS::-as" "ARCHIVER=aarch64-none-elf-ar" "COMPILER_FLAGS=  -O2 -c" "EXTRA_COMPILER_FLAGS=-g -Wall -Wextra -fno-tree-loop-distribute-
TRACE::2022-11-18.10:41:08::SCWMssOS::patterns"

TRACE::2022-11-18.10:41:08::SCWMssOS::"Running Make libs in psu_cortexa53_0/libsrc/standalone_v7_6/src"

TRACE::2022-11-18.10:41:08::SCWMssOS::make -C psu_cortexa53_0/libsrc/standalone_v7_6/src -s libs  "SHELL=CMD" "COMPILER=aarch64-none-elf-gcc" "ASSEMBLER=aarch64-none
TRACE::2022-11-18.10:41:08::SCWMssOS::-elf-as" "ARCHIVER=aarch64-none-elf-ar" "COMPILER_FLAGS=  -O2 -c" "EXTRA_COMPILER_FLAGS=-g -Wall -Wextra -fno-tree-loop-distrib
TRACE::2022-11-18.10:41:08::SCWMssOS::ute-patterns"

TRACE::2022-11-18.10:41:08::SCWMssOS::"Running Make libs in psu_cortexa53_0/libsrc/sysmonpsu_v2_7/src"

TRACE::2022-11-18.10:41:08::SCWMssOS::make -C psu_cortexa53_0/libsrc/sysmonpsu_v2_7/src -s libs  "SHELL=CMD" "COMPILER=aarch64-none-elf-gcc" "ASSEMBLER=aarch64-none-
TRACE::2022-11-18.10:41:08::SCWMssOS::elf-as" "ARCHIVER=aarch64-none-elf-ar" "COMPILER_FLAGS=  -O2 -c" "EXTRA_COMPILER_FLAGS=-g -Wall -Wextra -fno-tree-loop-distribu
TRACE::2022-11-18.10:41:08::SCWMssOS::te-patterns"

TRACE::2022-11-18.10:41:09::SCWMssOS::"Running Make libs in psu_cortexa53_0/libsrc/zdma_v1_13/src"

TRACE::2022-11-18.10:41:09::SCWMssOS::make -C psu_cortexa53_0/libsrc/zdma_v1_13/src -s libs  "SHELL=CMD" "COMPILER=aarch64-none-elf-gcc" "ASSEMBLER=aarch64-none-elf-
TRACE::2022-11-18.10:41:09::SCWMssOS::as" "ARCHIVER=aarch64-none-elf-ar" "COMPILER_FLAGS=  -O2 -c" "EXTRA_COMPILER_FLAGS=-g -Wall -Wextra -fno-tree-loop-distribute-p
TRACE::2022-11-18.10:41:09::SCWMssOS::atterns"

TRACE::2022-11-18.10:41:11::SCWMssOS::'Finished building libraries parallelly.'

TRACE::2022-11-18.10:41:11::SCWMssOS::make --no-print-directory archive

TRACE::2022-11-18.10:41:11::SCWMssOS::aarch64-none-elf-ar -r  psu_cortexa53_0/lib/libxil.a psu_cortexa53_0/lib/isatty.o psu_cortexa53_0/lib/kill.o psu_cortexa53_0/li
TRACE::2022-11-18.10:41:11::SCWMssOS::b/xrtcpsu_intr.o psu_cortexa53_0/lib/xplatform_info.o psu_cortexa53_0/lib/xzdma.o psu_cortexa53_0/lib/print.o psu_cortexa53_0/l
TRACE::2022-11-18.10:41:11::SCWMssOS::ib/xclockps_g.o psu_cortexa53_0/lib/_exit.o psu_cortexa53_0/lib/xil_testio.o psu_cortexa53_0/lib/xzdma_sinit.o psu_cortexa53_0/
TRACE::2022-11-18.10:41:11::SCWMssOS::lib/xclockps_sinit.o psu_cortexa53_0/lib/initialise_monitor_handles.o psu_cortexa53_0/lib/xsysmonpsu_sinit.o psu_cortexa53_0/li
TRACE::2022-11-18.10:41:11::SCWMssOS::b/xil_sleeptimer.o psu_cortexa53_0/lib/xipipsu.o psu_cortexa53_0/lib/xclockps_mux.o psu_cortexa53_0/lib/xil_cache.o psu_cortexa
TRACE::2022-11-18.10:41:11::SCWMssOS::53_0/lib/inbyte.o psu_cortexa53_0/lib/xil_smc.o psu_cortexa53_0/lib/xgpiops_g.o psu_cortexa53_0/lib/close.o psu_cortexa53_0/lib
TRACE::2022-11-18.10:41:11::SCWMssOS::/xaxipmon_g.o psu_cortexa53_0/lib/xscugic_hw.o psu_cortexa53_0/lib/xgpiops_sinit.o psu_cortexa53_0/lib/xaxipmon_sinit.o psu_cor
TRACE::2022-11-18.10:41:11::SCWMssOS::texa53_0/lib/xcsudma_g.o psu_cortexa53_0/lib/xil_spinlock.o psu_cortexa53_0/lib/xgpiops_selftest.o psu_cortexa53_0/lib/xgpio_g.
TRACE::2022-11-18.10:41:11::SCWMssOS::o psu_cortexa53_0/lib/translation_table.o psu_cortexa53_0/lib/xaxipmon_selftest.o psu_cortexa53_0/lib/xcsudma_sinit.o psu_corte
TRACE::2022-11-18.10:41:11::SCWMssOS::xa53_0/lib/_open.o psu_cortexa53_0/lib/xgpio_sinit.o psu_cortexa53_0/lib/boot.o psu_cortexa53_0/lib/xscugic.o psu_cortexa53_0/l
TRACE::2022-11-18.10:41:11::SCWMssOS::ib/xcsudma_selftest.o psu_cortexa53_0/lib/xclockps_fixedfactor.o psu_cortexa53_0/lib/xclockps.o psu_cortexa53_0/lib/time.o psu_
TRACE::2022-11-18.10:41:11::SCWMssOS::cortexa53_0/lib/xscugic_g.o psu_cortexa53_0/lib/xil_sleepcommon.o psu_cortexa53_0/lib/xil_printf.o psu_cortexa53_0/lib/unlink.o
TRACE::2022-11-18.10:41:11::SCWMssOS:: psu_cortexa53_0/lib/xclockps_gate.o psu_cortexa53_0/lib/xsysmonpsu.o psu_cortexa53_0/lib/xgpiops_intr.o psu_cortexa53_0/lib/xs
TRACE::2022-11-18.10:41:11::SCWMssOS::cugic_sinit.o psu_cortexa53_0/lib/xzdma_selftest.o psu_cortexa53_0/lib/xzdma_g.o psu_cortexa53_0/lib/xsysmonpsu_g.o psu_cortexa
TRACE::2022-11-18.10:41:11::SCWMssOS::53_0/lib/open.o psu_cortexa53_0/lib/outbyte.o psu_cortexa53_0/lib/xcsudma_intr.o psu_cortexa53_0/lib/xsysmonpsu_selftest.o psu_
TRACE::2022-11-18.10:41:11::SCWMssOS::cortexa53_0/lib/xgpio_intr.o psu_cortexa53_0/lib/read.o psu_cortexa53_0/lib/xclockps_divider.o psu_cortexa53_0/lib/xzdma_intr.o
TRACE::2022-11-18.10:41:11::SCWMssOS:: psu_cortexa53_0/lib/xresetps.o psu_cortexa53_0/lib/xrtcpsu_sinit.o psu_cortexa53_0/lib/xipipsu_sinit.o psu_cortexa53_0/lib/xti
TRACE::2022-11-18.10:41:11::SCWMssOS::me_l.o psu_cortexa53_0/lib/asm_vectors.o psu_cortexa53_0/lib/abort.o psu_cortexa53_0/lib/xil_util.o psu_cortexa53_0/lib/xipipsu
TRACE::2022-11-18.10:41:11::SCWMssOS::_g.o psu_cortexa53_0/lib/getpid.o psu_cortexa53_0/lib/xil_testcache.o psu_cortexa53_0/lib/xgpiops.o psu_cortexa53_0/lib/xcoresi
TRACE::2022-11-18.10:41:11::SCWMssOS::ghtpsdcc.o psu_cortexa53_0/lib/_sbrk.o psu_cortexa53_0/lib/xipipsu_buf.o psu_cortexa53_0/lib/sbrk.o psu_cortexa53_0/lib/xgpiops
TRACE::2022-11-18.10:41:11::SCWMssOS::_hw.o psu_cortexa53_0/lib/fstat.o psu_cortexa53_0/lib/xaxipmon.o psu_cortexa53_0/lib/errno.o psu_cortexa53_0/lib/xscugic_intr.o
TRACE::2022-11-18.10:41:11::SCWMssOS:: psu_cortexa53_0/lib/lseek.o psu_cortexa53_0/lib/xcsudma.o psu_cortexa53_0/lib/xrtcpsu_g.o psu_cortexa53_0/lib/vectors.o psu_co
TRACE::2022-11-18.10:41:11::SCWMssOS::rtexa53_0/lib/xil_exception.o psu_cortexa53_0/lib/xgpio.o psu_cortexa53_0/lib/xil_testmem.o psu_cortexa53_0/lib/xsysmonpsu_intr
TRACE::2022-11-18.10:41:11::SCWMssOS::.o psu_cortexa53_0/lib/write.o psu_cortexa53_0/lib/xresetps_g.o psu_cortexa53_0/lib/putnum.o psu_cortexa53_0/lib/xil_clocking.o
TRACE::2022-11-18.10:41:11::SCWMssOS:: psu_cortexa53_0/lib/xil_assert.o psu_cortexa53_0/lib/xrtcpsu_selftest.o psu_cortexa53_0/lib/xresetps_sinit.o psu_cortexa53_0/l
TRACE::2022-11-18.10:41:11::SCWMssOS::ib/xrtcpsu.o psu_cortexa53_0/lib/xil_mmu.o psu_cortexa53_0/lib/xgpio_extra.o psu_cortexa53_0/lib/xclockps_pll.o psu_cortexa53_0
TRACE::2022-11-18.10:41:11::SCWMssOS::/lib/xscugic_selftest.o psu_cortexa53_0/lib/sleep.o psu_cortexa53_0/lib/xil-crt0.o psu_cortexa53_0/lib/cpputest_time.o psu_cort
TRACE::2022-11-18.10:41:11::SCWMssOS::exa53_0/lib/xil_mem.o psu_cortexa53_0/lib/xgpio_selftest.o psu_cortexa53_0/lib/fcntl.o

TRACE::2022-11-18.10:41:11::SCWMssOS::'Finished building libraries'

TRACE::2022-11-18.10:41:13::SCWMssOS:: Checking if to create the Supporting Applications
TRACE::2022-11-18.10:41:13::SCWMssOS:: No Linux domain exists, trying to generate FSBL 
LOG::2022-11-18.10:41:13::SCWSystem::Completed Processing the domain standalone_domain
LOG::2022-11-18.10:41:13::SCWSystem::Completed Processing the sysconfig 4EV_HandsOn_platt
LOG::2022-11-18.10:41:13::SCWPlatform::Completed generating the artifacts for system configuration 4EV_HandsOn_platt
TRACE::2022-11-18.10:41:13::SCWPlatform::Started preparing the platform 
TRACE::2022-11-18.10:41:14::SCWSystem::Writing the bif file for system config 4EV_HandsOn_platt
TRACE::2022-11-18.10:41:14::SCWSystem::dir created 
TRACE::2022-11-18.10:41:14::SCWSystem::Writing the bif 
TRACE::2022-11-18.10:41:14::SCWPlatform::Started writing the spfm file 
TRACE::2022-11-18.10:41:14::SCWPlatform::Started writing the xpfm file 
TRACE::2022-11-18.10:41:14::SCWPlatform::Completed generating the platform
TRACE::2022-11-18.10:41:14::SCWMssOS::Saving the mss changes C:/Users/SESA630813/work-2/4EV_HandsOn_platt/zynqmp_fsbl/zynqmp_fsbl_bsp/system.mss
TRACE::2022-11-18.10:41:14::SCWMssOS::Found a swdesign opened with the mssfile.
TRACE::2022-11-18.10:41:14::SCWMssOS::Completed writemss as part of save.
TRACE::2022-11-18.10:41:14::SCWMssOS::Commit changes completed.
TRACE::2022-11-18.10:41:14::SCWMssOS::Saving the mss changes C:/Users/SESA630813/work-2/4EV_HandsOn_platt/zynqmp_pmufw/zynqmp_pmufw_bsp/system.mss
TRACE::2022-11-18.10:41:14::SCWMssOS::Found a swdesign opened with the mssfile.
TRACE::2022-11-18.10:41:14::SCWMssOS::Completed writemss as part of save.
TRACE::2022-11-18.10:41:14::SCWMssOS::Commit changes completed.
TRACE::2022-11-18.10:41:14::SCWMssOS::Saving the mss changes C:/Users/SESA630813/work-2/4EV_HandsOn_platt/psu_cortexa53_0/standalone_domain/bsp/system.mss
TRACE::2022-11-18.10:41:14::SCWMssOS::Adding the swdes entry, mss present, able to open swdb C:/Users/SESA630813/work-2/4EV_HandsOn_platt/psu_cortexa53_0/standalone_domain/bsp/system.mss with des name system_1
TRACE::2022-11-18.10:41:14::SCWMssOS::Writing the mss file completed C:/Users/SESA630813/work-2/4EV_HandsOn_platt/psu_cortexa53_0/standalone_domain/bsp/system.mss
TRACE::2022-11-18.10:41:14::SCWMssOS::Commit changes completed.
TRACE::2022-11-18.10:41:14::SCWPlatform::Trying to open the hw design at C:/Users/SESA630813/work-2/4EV_HandsOn_platt/hw/Block_4EV_HandsOn.xsa
TRACE::2022-11-18.10:41:14::SCWPlatform::DSA given C:/Users/SESA630813/work-2/4EV_HandsOn_platt/hw/Block_4EV_HandsOn.xsa
TRACE::2022-11-18.10:41:14::SCWPlatform::DSA absoulate path C:/Users/SESA630813/work-2/4EV_HandsOn_platt/hw/Block_4EV_HandsOn.xsa
TRACE::2022-11-18.10:41:14::SCWPlatform::DSA directory C:/Users/SESA630813/work-2/4EV_HandsOn_platt/hw
TRACE::2022-11-18.10:41:14::SCWPlatform:: Platform Path C:/Users/SESA630813/work-2/4EV_HandsOn_platt/hw/Block_4EV_HandsOn.xsa
TRACE::2022-11-18.10:41:14::SCWPlatform:: Unique name xilinx:::0.0
TRACE::2022-11-18.10:41:14::SCWPlatform::Trying to set the existing hwdb with name Block_4EV_wrapper_29
TRACE::2022-11-18.10:41:14::SCWPlatform::Opened existing hwdb Block_4EV_wrapper_29
TRACE::2022-11-18.10:41:14::SCWPlatform::Found the Hw Db part of the input DSA
TRACE::2022-11-18.10:41:14::SCWMssOS::Checking the sw design at  C:/Users/SESA630813/work-2/4EV_HandsOn_platt/zynqmp_fsbl/zynqmp_fsbl_bsp/system.mss
TRACE::2022-11-18.10:41:14::SCWMssOS::DEBUG:  swdes dump  C:/Users/SESA630813/work-2/4EV_HandsOn_platt/psu_cortexa53_0/standalone_domain/bsp/system.mss|system_1||
C:/Users/SESA630813/work-2/4EV_HandsOn_platt/zynqmp_fsbl/zynqmp_fsbl_bsp/system.mss|system||
C:/Users/SESA630813/work-2/4EV_HandsOn_platt/zynqmp_pmufw/zynqmp_pmufw_bsp/system.mss|system_0||

TRACE::2022-11-18.10:41:14::SCWMssOS::Sw design exists and opened at  C:/Users/SESA630813/work-2/4EV_HandsOn_platt/zynqmp_fsbl/zynqmp_fsbl_bsp/system.mss
TRACE::2022-11-18.10:41:14::SCWPlatform::Trying to open the hw design at C:/Users/SESA630813/work-2/4EV_HandsOn_platt/hw/Block_4EV_HandsOn.xsa
TRACE::2022-11-18.10:41:14::SCWPlatform::DSA given C:/Users/SESA630813/work-2/4EV_HandsOn_platt/hw/Block_4EV_HandsOn.xsa
TRACE::2022-11-18.10:41:14::SCWPlatform::DSA absoulate path C:/Users/SESA630813/work-2/4EV_HandsOn_platt/hw/Block_4EV_HandsOn.xsa
TRACE::2022-11-18.10:41:14::SCWPlatform::DSA directory C:/Users/SESA630813/work-2/4EV_HandsOn_platt/hw
TRACE::2022-11-18.10:41:14::SCWPlatform:: Platform Path C:/Users/SESA630813/work-2/4EV_HandsOn_platt/hw/Block_4EV_HandsOn.xsa
TRACE::2022-11-18.10:41:14::SCWPlatform:: Unique name xilinx:::0.0
TRACE::2022-11-18.10:41:14::SCWPlatform::Trying to set the existing hwdb with name Block_4EV_wrapper_29
TRACE::2022-11-18.10:41:14::SCWPlatform::Opened existing hwdb Block_4EV_wrapper_29
TRACE::2022-11-18.10:41:14::SCWPlatform::Found the Hw Db part of the input DSA
TRACE::2022-11-18.10:41:14::SCWMssOS::Checking the sw design at  C:/Users/SESA630813/work-2/4EV_HandsOn_platt/zynqmp_pmufw/zynqmp_pmufw_bsp/system.mss
TRACE::2022-11-18.10:41:14::SCWMssOS::DEBUG:  swdes dump  C:/Users/SESA630813/work-2/4EV_HandsOn_platt/psu_cortexa53_0/standalone_domain/bsp/system.mss|system_1||
C:/Users/SESA630813/work-2/4EV_HandsOn_platt/zynqmp_fsbl/zynqmp_fsbl_bsp/system.mss|system||
C:/Users/SESA630813/work-2/4EV_HandsOn_platt/zynqmp_pmufw/zynqmp_pmufw_bsp/system.mss|system_0||

TRACE::2022-11-18.10:41:14::SCWMssOS::Sw design exists and opened at  C:/Users/SESA630813/work-2/4EV_HandsOn_platt/zynqmp_pmufw/zynqmp_pmufw_bsp/system.mss
TRACE::2022-11-18.10:41:14::SCWPlatform::Trying to open the hw design at C:/Users/SESA630813/work-2/4EV_HandsOn_platt/hw/Block_4EV_HandsOn.xsa
TRACE::2022-11-18.10:41:14::SCWPlatform::DSA given C:/Users/SESA630813/work-2/4EV_HandsOn_platt/hw/Block_4EV_HandsOn.xsa
TRACE::2022-11-18.10:41:14::SCWPlatform::DSA absoulate path C:/Users/SESA630813/work-2/4EV_HandsOn_platt/hw/Block_4EV_HandsOn.xsa
TRACE::2022-11-18.10:41:14::SCWPlatform::DSA directory C:/Users/SESA630813/work-2/4EV_HandsOn_platt/hw
TRACE::2022-11-18.10:41:14::SCWPlatform:: Platform Path C:/Users/SESA630813/work-2/4EV_HandsOn_platt/hw/Block_4EV_HandsOn.xsa
TRACE::2022-11-18.10:41:14::SCWPlatform:: Unique name xilinx:::0.0
TRACE::2022-11-18.10:41:14::SCWPlatform::Trying to set the existing hwdb with name Block_4EV_wrapper_29
TRACE::2022-11-18.10:41:14::SCWPlatform::Opened existing hwdb Block_4EV_wrapper_29
TRACE::2022-11-18.10:41:14::SCWPlatform::Found the Hw Db part of the input DSA
TRACE::2022-11-18.10:41:14::SCWMssOS::Checking the sw design at  C:/Users/SESA630813/work-2/4EV_HandsOn_platt/psu_cortexa53_0/standalone_domain/bsp/system.mss
TRACE::2022-11-18.10:41:14::SCWMssOS::DEBUG:  swdes dump  C:/Users/SESA630813/work-2/4EV_HandsOn_platt/psu_cortexa53_0/standalone_domain/bsp/system.mss|system_1||
C:/Users/SESA630813/work-2/4EV_HandsOn_platt/zynqmp_fsbl/zynqmp_fsbl_bsp/system.mss|system||
C:/Users/SESA630813/work-2/4EV_HandsOn_platt/zynqmp_pmufw/zynqmp_pmufw_bsp/system.mss|system_0||

TRACE::2022-11-18.10:41:14::SCWMssOS::Sw design exists and opened at  C:/Users/SESA630813/work-2/4EV_HandsOn_platt/psu_cortexa53_0/standalone_domain/bsp/system.mss
TRACE::2022-11-18.10:41:14::SCWWriter::formatted JSON is {
	"platformName":	"4EV_HandsOn_platt",
	"sprVersion":	"2.0",
	"mode":	"gui",
	"dsaType":	"Fixed",
	"platformDesc":	"4EV_HandsOn_platt",
	"platHandOff":	"C:/Schneider/ScriptingPath/enclustra/4EV-Hands-On/Block_4EV_HandsOn.xsa",
	"platIntHandOff":	"<platformDir>/hw/Block_4EV_HandsOn.xsa",
	"deviceType":	"zynqMP",
	"platIsPrebuiltAutogen":	"false",
	"platIsNoBootBsp":	"false",
	"platFsblTarget":	"psu_cortexa53_0",
	"hasFsblMakeHasChanges":	"false",
	"hasPmufwMakeHasChanges":	"false",
	"fsblExtraCompilerFlags":	"-MMD -MP      -Wall -fmessage-length=0 -DARMA53_64 -Os -flto -ffat-lto-objects  ",
	"pmufwExtraCompilerFlags":	"-MMD -MP      -mlittle-endian -mxl-barrel-shift -mxl-pattern-compare -mcpu=v9.2 -mxl-soft-mul -Os -flto -ffat-lto-objects  ",
	"platPreBuiltFlag":	false,
	"platformSamplesDir":	"",
	"platActiveSys":	"4EV_HandsOn_platt",
	"systems":	[{
			"systemName":	"4EV_HandsOn_platt",
			"systemDesc":	"4EV_HandsOn_platt",
			"sysIsBootAutoGen":	"true",
			"systemDispName":	"4EV_HandsOn_platt",
			"sysActiveDom":	"standalone_domain",
			"sysDefaultDom":	"standalone_domain",
			"domains":	[{
					"domainName":	"zynqmp_fsbl",
					"domainDispName":	"zynqmp_fsbl",
					"domainDesc":	"FSBL Application BSP - Auto Generated.",
					"processors":	"psu_cortexa53_0",
					"os":	"standalone",
					"sdxOs":	"standalone",
					"debugEnable":	"",
					"domRuntimes":	["cpp"],
					"swRepo":	"",
					"mssOsVer":	"7.6",
					"mssFile":	"",
					"md5Digest":	"f0f90a35a6a229e56057b23e4b7162c6",
					"compatibleApp":	"zynqmp_fsbl",
					"domType":	"bootDomain",
					"arch":	"64-bit",
					"appSettings":	{
						"appCompilerFlags":	"",
						"appLinkerFlags":	""
					},
					"addedLibs":	["xilffs:4.6", "xilsecure:4.6", "xilpm:3.5"],
					"libOptions":	{
						"standalone":	{
							"zynqmp_fsbl_bsp":	"true",
							"libOptionNames":	["zynqmp_fsbl_bsp"]
						},
						"xilffs":	{
							"read_only":	"true",
							"use_mkfs":	"false",
							"libOptionNames":	["read_only", "use_mkfs"]
						},
						"xilsecure":	{
							"tpm_support":	"true",
							"libOptionNames":	["tpm_support"]
						},
						"libsContainingOptions":	["standalone", "xilffs", "xilsecure"]
					},
					"prebuiltLibs":	{
						"prebuiltIncPath":	[],
						"prebuiltLibPath":	[]
					},
					"isolation":	{
					}
				}, {
					"domainName":	"zynqmp_pmufw",
					"domainDispName":	"zynqmp_pmufw",
					"domainDesc":	"PMUFW Application BSP - Auto Generated.",
					"processors":	"psu_pmu_0",
					"os":	"standalone",
					"sdxOs":	"standalone",
					"debugEnable":	"",
					"domRuntimes":	["cpp"],
					"swRepo":	"",
					"mssOsVer":	"7.6",
					"mssFile":	"",
					"md5Digest":	"2252945fa1d34af486e1005da291d4dd",
					"compatibleApp":	"zynqmp_pmufw",
					"domType":	"bootDomain",
					"arch":	"32-bit",
					"appSettings":	{
						"appCompilerFlags":	"",
						"appLinkerFlags":	""
					},
					"addedLibs":	["xilfpga:6.1", "xilsecure:4.6", "xilskey:7.2"],
					"libOptions":	{
						"psu_pmu_0":	{
							"extra_compiler_flags":	"-g -ffunction-sections -fdata-sections -Wall -Wextra -fno-tree-loop-distribute-patterns  -Os -flto -ffat-lto-objects",
							"libOptionNames":	["extra_compiler_flags"]
						},
						"standalone":	{
							"stdin":	"psu_uart_0",
							"stdout":	"psu_uart_0",
							"libOptionNames":	["stdin", "stdout"]
						},
						"libsContainingOptions":	["psu_pmu_0", "standalone"]
					},
					"prebuiltLibs":	{
						"prebuiltIncPath":	[],
						"prebuiltLibPath":	[]
					},
					"isolation":	{
					}
				}, {
					"domainName":	"standalone_domain",
					"domainDispName":	"standalone on psu_cortexa53_0",
					"domainDesc":	"standalone_domain",
					"processors":	"psu_cortexa53_0",
					"os":	"standalone",
					"sdxOs":	"standalone",
					"qemuArgs":	"C:/Xilinx3/Vitis/2021.2/data/emulation/platforms/zynqmp/sw/a53_standalone/qemu/qemu_args.txt",
					"qemuData":	"C:/Xilinx3/Vitis/2021.2/data/emulation/platforms/zynqmp/sw/a53_standalone/qemu/",
					"pmuQemuArgs":	"C:/Xilinx3/Vitis/2021.2/data/emulation/platforms/zynqmp/sw/a53_standalone/qemu/pmu_args.txt",
					"debugEnable":	"False",
					"domRuntimes":	["cpp"],
					"swRepo":	"",
					"mssOsVer":	"7.6",
					"mssFile":	"",
					"md5Digest":	"ab2d42c1bf2853c29d491bf3bb326888",
					"compatibleApp":	"",
					"domType":	"mssDomain",
					"arch":	"64-bit",
					"appSettings":	{
						"appCompilerFlags":	"",
						"appLinkerFlags":	""
					},
					"addedLibs":	[],
					"libOptions":	{
						"libsContainingOptions":	[]
					},
					"prebuiltLibs":	{
						"prebuiltIncPath":	[],
						"prebuiltLibPath":	[]
					},
					"isolation":	{
					}
				}]
		}]
}
KEYINFO::2022-11-18.10:41:14::SCWPlatform::updated the xpfm file.
TRACE::2022-11-18.10:41:14::SCWPlatform::Trying to open the hw design at C:/Users/SESA630813/work-2/4EV_HandsOn_platt/hw/Block_4EV_HandsOn.xsa
TRACE::2022-11-18.10:41:14::SCWPlatform::DSA given C:/Users/SESA630813/work-2/4EV_HandsOn_platt/hw/Block_4EV_HandsOn.xsa
TRACE::2022-11-18.10:41:14::SCWPlatform::DSA absoulate path C:/Users/SESA630813/work-2/4EV_HandsOn_platt/hw/Block_4EV_HandsOn.xsa
TRACE::2022-11-18.10:41:14::SCWPlatform::DSA directory C:/Users/SESA630813/work-2/4EV_HandsOn_platt/hw
TRACE::2022-11-18.10:41:14::SCWPlatform:: Platform Path C:/Users/SESA630813/work-2/4EV_HandsOn_platt/hw/Block_4EV_HandsOn.xsa
TRACE::2022-11-18.10:41:14::SCWPlatform:: Unique name xilinx:::0.0
TRACE::2022-11-18.10:41:14::SCWPlatform::Trying to set the existing hwdb with name Block_4EV_wrapper_29
TRACE::2022-11-18.10:41:14::SCWPlatform::Opened existing hwdb Block_4EV_wrapper_29
TRACE::2022-11-18.10:41:14::SCWPlatform::Found the Hw Db part of the input DSA
TRACE::2022-11-18.10:41:14::SCWMssOS::Checking the sw design at  C:/Users/SESA630813/work-2/4EV_HandsOn_platt/psu_cortexa53_0/standalone_domain/bsp/system.mss
TRACE::2022-11-18.10:41:14::SCWMssOS::DEBUG:  swdes dump  C:/Users/SESA630813/work-2/4EV_HandsOn_platt/psu_cortexa53_0/standalone_domain/bsp/system.mss|system_1||
C:/Users/SESA630813/work-2/4EV_HandsOn_platt/zynqmp_fsbl/zynqmp_fsbl_bsp/system.mss|system||
C:/Users/SESA630813/work-2/4EV_HandsOn_platt/zynqmp_pmufw/zynqmp_pmufw_bsp/system.mss|system_0||

TRACE::2022-11-18.10:41:14::SCWMssOS::Sw design exists and opened at  C:/Users/SESA630813/work-2/4EV_HandsOn_platt/psu_cortexa53_0/standalone_domain/bsp/system.mss
TRACE::2022-11-18.13:27:33::SCWPlatform::DSA given C:/Users/SESA630813/work-2/4EV_HandsOn_platt/tempdsa/Block_4EV_wrapper.xsa
TRACE::2022-11-18.13:27:33::SCWPlatform::DSA absoulate path C:/Users/SESA630813/work-2/4EV_HandsOn_platt/tempdsa/Block_4EV_wrapper.xsa
TRACE::2022-11-18.13:27:33::SCWPlatform:: Platform location is C:/Users/SESA630813/work-2/4EV_HandsOn_platt/tempdsa
TRACE::2022-11-18.13:27:33::SCWPlatform:: Platform Path C:/Users/SESA630813/work-2/4EV_HandsOn_platt/tempdsa/Block_4EV_wrapper.xsa
TRACE::2022-11-18.13:27:33::SCWPlatform:: Unique name xilinx:::0.0
TRACE::2022-11-18.13:27:38::SCWPlatform::Found the Hw Db part of the input DSA
TRACE::2022-11-18.13:27:38::SCWMssOS::Doing hw sync for the mss in domain: zynqmp_fsbl
TRACE::2022-11-18.13:27:38::SCWPlatform::Trying to open the hw design at C:/Users/SESA630813/work-2/4EV_HandsOn_platt/hw/Block_4EV_HandsOn.xsa
TRACE::2022-11-18.13:27:38::SCWPlatform::DSA given C:/Users/SESA630813/work-2/4EV_HandsOn_platt/hw/Block_4EV_HandsOn.xsa
TRACE::2022-11-18.13:27:38::SCWPlatform::DSA absoulate path C:/Users/SESA630813/work-2/4EV_HandsOn_platt/hw/Block_4EV_HandsOn.xsa
TRACE::2022-11-18.13:27:38::SCWPlatform::DSA directory C:/Users/SESA630813/work-2/4EV_HandsOn_platt/hw
TRACE::2022-11-18.13:27:38::SCWPlatform:: Platform Path C:/Users/SESA630813/work-2/4EV_HandsOn_platt/hw/Block_4EV_HandsOn.xsa
TRACE::2022-11-18.13:27:38::SCWPlatform:: Unique name xilinx:::0.0
TRACE::2022-11-18.13:27:38::SCWPlatform::Trying to set the existing hwdb with name Block_4EV_wrapper_29
TRACE::2022-11-18.13:27:38::SCWPlatform::Could not get the HWDB from existing dbname
TRACE::2022-11-18.13:27:38::SCWPlatform::Do not have an existing db opened. Attempting to open the hwDb. 
TRACE::2022-11-18.13:27:38::SCWPlatform::Opened new HwDB with name Block_4EV_wrapper_32
TRACE::2022-11-18.13:27:38::SCWPlatform::Trying to open the hw design at C:/Users/SESA630813/work-2/4EV_HandsOn_platt/hw/Block_4EV_HandsOn.xsa
TRACE::2022-11-18.13:27:38::SCWPlatform::DSA given C:/Users/SESA630813/work-2/4EV_HandsOn_platt/hw/Block_4EV_HandsOn.xsa
TRACE::2022-11-18.13:27:38::SCWPlatform::DSA absoulate path C:/Users/SESA630813/work-2/4EV_HandsOn_platt/hw/Block_4EV_HandsOn.xsa
TRACE::2022-11-18.13:27:38::SCWPlatform::DSA directory C:/Users/SESA630813/work-2/4EV_HandsOn_platt/hw
TRACE::2022-11-18.13:27:38::SCWPlatform:: Platform Path C:/Users/SESA630813/work-2/4EV_HandsOn_platt/hw/Block_4EV_HandsOn.xsa
TRACE::2022-11-18.13:27:38::SCWPlatform:: Unique name xilinx:::0.0
TRACE::2022-11-18.13:27:38::SCWPlatform::Trying to set the existing hwdb with name Block_4EV_wrapper_32
TRACE::2022-11-18.13:27:38::SCWPlatform::Opened existing hwdb Block_4EV_wrapper_32
TRACE::2022-11-18.13:27:38::SCWPlatform::Found the Hw Db part of the input DSA
TRACE::2022-11-18.13:27:38::SCWMssOS::Checking the sw design at  C:/Users/SESA630813/work-2/4EV_HandsOn_platt/zynqmp_fsbl/zynqmp_fsbl_bsp/system.mss
TRACE::2022-11-18.13:27:38::SCWMssOS::DEBUG:  swdes dump  C:/Users/SESA630813/work-2/4EV_HandsOn_platt/psu_cortexa53_0/standalone_domain/bsp/system.mss|system_1||
C:/Users/SESA630813/work-2/4EV_HandsOn_platt/zynqmp_fsbl/zynqmp_fsbl_bsp/system.mss|system||
C:/Users/SESA630813/work-2/4EV_HandsOn_platt/zynqmp_pmufw/zynqmp_pmufw_bsp/system.mss|system_0||

TRACE::2022-11-18.13:27:38::SCWMssOS::Sw design exists and opened at  C:/Users/SESA630813/work-2/4EV_HandsOn_platt/zynqmp_fsbl/zynqmp_fsbl_bsp/system.mss
TRACE::2022-11-18.13:27:38::SCWPlatform::Trying to open the hw design at C:/Users/SESA630813/work-2/4EV_HandsOn_platt/tempdsa/Block_4EV_wrapper.xsa
TRACE::2022-11-18.13:27:38::SCWPlatform::DSA given C:/Users/SESA630813/work-2/4EV_HandsOn_platt/tempdsa/Block_4EV_wrapper.xsa
TRACE::2022-11-18.13:27:38::SCWPlatform::DSA absoulate path C:/Users/SESA630813/work-2/4EV_HandsOn_platt/tempdsa/Block_4EV_wrapper.xsa
TRACE::2022-11-18.13:27:38::SCWPlatform::DSA directory C:/Users/SESA630813/work-2/4EV_HandsOn_platt/tempdsa
TRACE::2022-11-18.13:27:38::SCWPlatform:: Platform Path C:/Users/SESA630813/work-2/4EV_HandsOn_platt/tempdsa/Block_4EV_wrapper.xsa
TRACE::2022-11-18.13:27:38::SCWPlatform:: Unique name xilinx:::0.0
TRACE::2022-11-18.13:27:38::SCWPlatform::update - Opened existing hwdb Block_4EV_wrapper_33
TRACE::2022-11-18.13:27:38::SCWPlatform::Found the Hw Db part of the input DSA
TRACE::2022-11-18.13:27:38::SCWMssOS::Doing hw sync for the mss in domain: zynqmp_pmufw
TRACE::2022-11-18.13:27:38::SCWPlatform::Trying to open the hw design at C:/Users/SESA630813/work-2/4EV_HandsOn_platt/hw/Block_4EV_HandsOn.xsa
TRACE::2022-11-18.13:27:38::SCWPlatform::DSA given C:/Users/SESA630813/work-2/4EV_HandsOn_platt/hw/Block_4EV_HandsOn.xsa
TRACE::2022-11-18.13:27:38::SCWPlatform::DSA absoulate path C:/Users/SESA630813/work-2/4EV_HandsOn_platt/hw/Block_4EV_HandsOn.xsa
TRACE::2022-11-18.13:27:38::SCWPlatform::DSA directory C:/Users/SESA630813/work-2/4EV_HandsOn_platt/hw
TRACE::2022-11-18.13:27:38::SCWPlatform:: Platform Path C:/Users/SESA630813/work-2/4EV_HandsOn_platt/hw/Block_4EV_HandsOn.xsa
TRACE::2022-11-18.13:27:38::SCWPlatform:: Unique name xilinx:::0.0
TRACE::2022-11-18.13:27:38::SCWPlatform::Trying to set the existing hwdb with name Block_4EV_wrapper_32
TRACE::2022-11-18.13:27:38::SCWPlatform::Opened existing hwdb Block_4EV_wrapper_32
TRACE::2022-11-18.13:27:38::SCWPlatform::Found the Hw Db part of the input DSA
TRACE::2022-11-18.13:27:38::SCWPlatform::Trying to open the hw design at C:/Users/SESA630813/work-2/4EV_HandsOn_platt/hw/Block_4EV_HandsOn.xsa
TRACE::2022-11-18.13:27:38::SCWPlatform::DSA given C:/Users/SESA630813/work-2/4EV_HandsOn_platt/hw/Block_4EV_HandsOn.xsa
TRACE::2022-11-18.13:27:38::SCWPlatform::DSA absoulate path C:/Users/SESA630813/work-2/4EV_HandsOn_platt/hw/Block_4EV_HandsOn.xsa
TRACE::2022-11-18.13:27:38::SCWPlatform::DSA directory C:/Users/SESA630813/work-2/4EV_HandsOn_platt/hw
TRACE::2022-11-18.13:27:38::SCWPlatform:: Platform Path C:/Users/SESA630813/work-2/4EV_HandsOn_platt/hw/Block_4EV_HandsOn.xsa
TRACE::2022-11-18.13:27:38::SCWPlatform:: Unique name xilinx:::0.0
TRACE::2022-11-18.13:27:38::SCWPlatform::Trying to set the existing hwdb with name Block_4EV_wrapper_32
TRACE::2022-11-18.13:27:38::SCWPlatform::Opened existing hwdb Block_4EV_wrapper_32
TRACE::2022-11-18.13:27:38::SCWPlatform::Found the Hw Db part of the input DSA
TRACE::2022-11-18.13:27:38::SCWMssOS::Checking the sw design at  C:/Users/SESA630813/work-2/4EV_HandsOn_platt/zynqmp_pmufw/zynqmp_pmufw_bsp/system.mss
TRACE::2022-11-18.13:27:38::SCWMssOS::DEBUG:  swdes dump  C:/Users/SESA630813/work-2/4EV_HandsOn_platt/psu_cortexa53_0/standalone_domain/bsp/system.mss|system_1||
C:/Users/SESA630813/work-2/4EV_HandsOn_platt/zynqmp_fsbl/zynqmp_fsbl_bsp/system.mss|system||
C:/Users/SESA630813/work-2/4EV_HandsOn_platt/zynqmp_pmufw/zynqmp_pmufw_bsp/system.mss|system_0||

TRACE::2022-11-18.13:27:38::SCWMssOS::Sw design exists and opened at  C:/Users/SESA630813/work-2/4EV_HandsOn_platt/zynqmp_pmufw/zynqmp_pmufw_bsp/system.mss
TRACE::2022-11-18.13:27:38::SCWPlatform::Trying to open the hw design at C:/Users/SESA630813/work-2/4EV_HandsOn_platt/tempdsa/Block_4EV_wrapper.xsa
TRACE::2022-11-18.13:27:38::SCWPlatform::DSA given C:/Users/SESA630813/work-2/4EV_HandsOn_platt/tempdsa/Block_4EV_wrapper.xsa
TRACE::2022-11-18.13:27:38::SCWPlatform::DSA absoulate path C:/Users/SESA630813/work-2/4EV_HandsOn_platt/tempdsa/Block_4EV_wrapper.xsa
TRACE::2022-11-18.13:27:38::SCWPlatform::DSA directory C:/Users/SESA630813/work-2/4EV_HandsOn_platt/tempdsa
TRACE::2022-11-18.13:27:38::SCWPlatform:: Platform Path C:/Users/SESA630813/work-2/4EV_HandsOn_platt/tempdsa/Block_4EV_wrapper.xsa
TRACE::2022-11-18.13:27:38::SCWPlatform:: Unique name xilinx:::0.0
TRACE::2022-11-18.13:27:38::SCWPlatform::update - Opened existing hwdb Block_4EV_wrapper_33
TRACE::2022-11-18.13:27:38::SCWPlatform::Found the Hw Db part of the input DSA
TRACE::2022-11-18.13:27:38::SCWMssOS::Doing hw sync for the mss in domain: standalone_domain
TRACE::2022-11-18.13:27:38::SCWPlatform::Trying to open the hw design at C:/Users/SESA630813/work-2/4EV_HandsOn_platt/hw/Block_4EV_HandsOn.xsa
TRACE::2022-11-18.13:27:38::SCWPlatform::DSA given C:/Users/SESA630813/work-2/4EV_HandsOn_platt/hw/Block_4EV_HandsOn.xsa
TRACE::2022-11-18.13:27:38::SCWPlatform::DSA absoulate path C:/Users/SESA630813/work-2/4EV_HandsOn_platt/hw/Block_4EV_HandsOn.xsa
TRACE::2022-11-18.13:27:38::SCWPlatform::DSA directory C:/Users/SESA630813/work-2/4EV_HandsOn_platt/hw
TRACE::2022-11-18.13:27:38::SCWPlatform:: Platform Path C:/Users/SESA630813/work-2/4EV_HandsOn_platt/hw/Block_4EV_HandsOn.xsa
TRACE::2022-11-18.13:27:38::SCWPlatform:: Unique name xilinx:::0.0
TRACE::2022-11-18.13:27:38::SCWPlatform::Trying to set the existing hwdb with name Block_4EV_wrapper_32
TRACE::2022-11-18.13:27:38::SCWPlatform::Opened existing hwdb Block_4EV_wrapper_32
TRACE::2022-11-18.13:27:38::SCWPlatform::Found the Hw Db part of the input DSA
TRACE::2022-11-18.13:27:38::SCWPlatform::Trying to open the hw design at C:/Users/SESA630813/work-2/4EV_HandsOn_platt/hw/Block_4EV_HandsOn.xsa
TRACE::2022-11-18.13:27:38::SCWPlatform::DSA given C:/Users/SESA630813/work-2/4EV_HandsOn_platt/hw/Block_4EV_HandsOn.xsa
TRACE::2022-11-18.13:27:38::SCWPlatform::DSA absoulate path C:/Users/SESA630813/work-2/4EV_HandsOn_platt/hw/Block_4EV_HandsOn.xsa
TRACE::2022-11-18.13:27:38::SCWPlatform::DSA directory C:/Users/SESA630813/work-2/4EV_HandsOn_platt/hw
TRACE::2022-11-18.13:27:38::SCWPlatform:: Platform Path C:/Users/SESA630813/work-2/4EV_HandsOn_platt/hw/Block_4EV_HandsOn.xsa
TRACE::2022-11-18.13:27:38::SCWPlatform:: Unique name xilinx:::0.0
TRACE::2022-11-18.13:27:38::SCWPlatform::Trying to set the existing hwdb with name Block_4EV_wrapper_32
TRACE::2022-11-18.13:27:38::SCWPlatform::Opened existing hwdb Block_4EV_wrapper_32
TRACE::2022-11-18.13:27:38::SCWPlatform::Found the Hw Db part of the input DSA
TRACE::2022-11-18.13:27:38::SCWMssOS::Checking the sw design at  C:/Users/SESA630813/work-2/4EV_HandsOn_platt/psu_cortexa53_0/standalone_domain/bsp/system.mss
TRACE::2022-11-18.13:27:38::SCWMssOS::DEBUG:  swdes dump  C:/Users/SESA630813/work-2/4EV_HandsOn_platt/psu_cortexa53_0/standalone_domain/bsp/system.mss|system_1||
C:/Users/SESA630813/work-2/4EV_HandsOn_platt/zynqmp_fsbl/zynqmp_fsbl_bsp/system.mss|system||
C:/Users/SESA630813/work-2/4EV_HandsOn_platt/zynqmp_pmufw/zynqmp_pmufw_bsp/system.mss|system_0||

TRACE::2022-11-18.13:27:38::SCWMssOS::Sw design exists and opened at  C:/Users/SESA630813/work-2/4EV_HandsOn_platt/psu_cortexa53_0/standalone_domain/bsp/system.mss
TRACE::2022-11-18.13:27:38::SCWPlatform::Trying to open the hw design at C:/Users/SESA630813/work-2/4EV_HandsOn_platt/tempdsa/Block_4EV_wrapper.xsa
TRACE::2022-11-18.13:27:38::SCWPlatform::DSA given C:/Users/SESA630813/work-2/4EV_HandsOn_platt/tempdsa/Block_4EV_wrapper.xsa
TRACE::2022-11-18.13:27:38::SCWPlatform::DSA absoulate path C:/Users/SESA630813/work-2/4EV_HandsOn_platt/tempdsa/Block_4EV_wrapper.xsa
TRACE::2022-11-18.13:27:38::SCWPlatform::DSA directory C:/Users/SESA630813/work-2/4EV_HandsOn_platt/tempdsa
TRACE::2022-11-18.13:27:38::SCWPlatform:: Platform Path C:/Users/SESA630813/work-2/4EV_HandsOn_platt/tempdsa/Block_4EV_wrapper.xsa
TRACE::2022-11-18.13:27:38::SCWPlatform:: Unique name xilinx:::0.0
TRACE::2022-11-18.13:27:38::SCWPlatform::update - Opened existing hwdb Block_4EV_wrapper_33
TRACE::2022-11-18.13:27:38::SCWPlatform::Found the Hw Db part of the input DSA
TRACE::2022-11-18.13:27:38::SCWMssOS::Saving the mss changes C:/Users/SESA630813/work-2/4EV_HandsOn_platt/zynqmp_fsbl/zynqmp_fsbl_bsp/system.mss
TRACE::2022-11-18.13:27:38::SCWMssOS::Found a swdesign opened with the mssfile.
TRACE::2022-11-18.13:27:38::SCWMssOS::Completed writemss as part of save.
TRACE::2022-11-18.13:27:38::SCWMssOS::Commit changes completed.
TRACE::2022-11-18.13:27:38::SCWMssOS::Completed hw sync for the mss in domain: zynqmp_fsbl
TRACE::2022-11-18.13:27:38::SCWMssOS::Removing the swdes entry for  C:/Users/SESA630813/work-2/4EV_HandsOn_platt/zynqmp_fsbl/zynqmp_fsbl_bsp/system.mss
TRACE::2022-11-18.13:27:38::SCWMssOS::Saving the mss changes C:/Users/SESA630813/work-2/4EV_HandsOn_platt/zynqmp_pmufw/zynqmp_pmufw_bsp/system.mss
TRACE::2022-11-18.13:27:38::SCWMssOS::Found a swdesign opened with the mssfile.
TRACE::2022-11-18.13:27:38::SCWMssOS::Completed writemss as part of save.
TRACE::2022-11-18.13:27:38::SCWMssOS::Commit changes completed.
TRACE::2022-11-18.13:27:38::SCWMssOS::Completed hw sync for the mss in domain: zynqmp_pmufw
TRACE::2022-11-18.13:27:38::SCWMssOS::Removing the swdes entry for  C:/Users/SESA630813/work-2/4EV_HandsOn_platt/zynqmp_pmufw/zynqmp_pmufw_bsp/system.mss
TRACE::2022-11-18.13:27:38::SCWMssOS::Saving the mss changes C:/Users/SESA630813/work-2/4EV_HandsOn_platt/psu_cortexa53_0/standalone_domain/bsp/system.mss
TRACE::2022-11-18.13:27:38::SCWMssOS::Found a swdesign opened with the mssfile.
TRACE::2022-11-18.13:27:38::SCWMssOS::Completed writemss as part of save.
TRACE::2022-11-18.13:27:38::SCWMssOS::Commit changes completed.
TRACE::2022-11-18.13:27:38::SCWMssOS::Completed hw sync for the mss in domain: standalone_domain
TRACE::2022-11-18.13:27:38::SCWMssOS::Removing the swdes entry for  C:/Users/SESA630813/work-2/4EV_HandsOn_platt/psu_cortexa53_0/standalone_domain/bsp/system.mss
TRACE::2022-11-18.13:27:39::SCWPlatform::Trying to open the hw design at C:/Users/SESA630813/work-2/4EV_HandsOn_platt/hw/Block_4EV_wrapper.xsa
TRACE::2022-11-18.13:27:39::SCWPlatform::DSA given C:/Users/SESA630813/work-2/4EV_HandsOn_platt/hw/Block_4EV_wrapper.xsa
TRACE::2022-11-18.13:27:39::SCWPlatform::DSA absoulate path C:/Users/SESA630813/work-2/4EV_HandsOn_platt/hw/Block_4EV_wrapper.xsa
TRACE::2022-11-18.13:27:39::SCWPlatform::DSA directory C:/Users/SESA630813/work-2/4EV_HandsOn_platt/hw
TRACE::2022-11-18.13:27:39::SCWPlatform:: Platform Path C:/Users/SESA630813/work-2/4EV_HandsOn_platt/hw/Block_4EV_wrapper.xsa
TRACE::2022-11-18.13:27:39::SCWPlatform:: Unique name xilinx:::0.0
TRACE::2022-11-18.13:27:39::SCWPlatform::Do not have an existing db opened. 
TRACE::2022-11-18.13:27:44::SCWPlatform::Opened new HwDB with name Block_4EV_wrapper_34
TRACE::2022-11-18.13:27:44::SCWMssOS::Saving the mss changes C:/Users/SESA630813/work-2/4EV_HandsOn_platt/zynqmp_fsbl/zynqmp_fsbl_bsp/system.mss
TRACE::2022-11-18.13:27:44::SCWMssOS::Adding the swdes entry, mss present, able to open swdb C:/Users/SESA630813/work-2/4EV_HandsOn_platt/zynqmp_fsbl/zynqmp_fsbl_bsp/system.mss with des name system
TRACE::2022-11-18.13:27:44::SCWMssOS::Writing the mss file completed C:/Users/SESA630813/work-2/4EV_HandsOn_platt/zynqmp_fsbl/zynqmp_fsbl_bsp/system.mss
TRACE::2022-11-18.13:27:44::SCWMssOS::Commit changes completed.
TRACE::2022-11-18.13:27:44::SCWMssOS::Saving the mss changes C:/Users/SESA630813/work-2/4EV_HandsOn_platt/zynqmp_pmufw/zynqmp_pmufw_bsp/system.mss
TRACE::2022-11-18.13:27:44::SCWMssOS::Adding the swdes entry, mss present, able to open swdb C:/Users/SESA630813/work-2/4EV_HandsOn_platt/zynqmp_pmufw/zynqmp_pmufw_bsp/system.mss with des name system_0
TRACE::2022-11-18.13:27:44::SCWMssOS::Writing the mss file completed C:/Users/SESA630813/work-2/4EV_HandsOn_platt/zynqmp_pmufw/zynqmp_pmufw_bsp/system.mss
TRACE::2022-11-18.13:27:44::SCWMssOS::Commit changes completed.
TRACE::2022-11-18.13:27:44::SCWMssOS::Saving the mss changes C:/Users/SESA630813/work-2/4EV_HandsOn_platt/psu_cortexa53_0/standalone_domain/bsp/system.mss
TRACE::2022-11-18.13:27:44::SCWMssOS::Adding the swdes entry, mss present, able to open swdb C:/Users/SESA630813/work-2/4EV_HandsOn_platt/psu_cortexa53_0/standalone_domain/bsp/system.mss with des name system_1
TRACE::2022-11-18.13:27:44::SCWMssOS::Writing the mss file completed C:/Users/SESA630813/work-2/4EV_HandsOn_platt/psu_cortexa53_0/standalone_domain/bsp/system.mss
TRACE::2022-11-18.13:27:44::SCWMssOS::Commit changes completed.
TRACE::2022-11-18.13:27:44::SCWPlatform::Trying to open the hw design at C:/Users/SESA630813/work-2/4EV_HandsOn_platt/hw/Block_4EV_wrapper.xsa
TRACE::2022-11-18.13:27:44::SCWPlatform::DSA given C:/Users/SESA630813/work-2/4EV_HandsOn_platt/hw/Block_4EV_wrapper.xsa
TRACE::2022-11-18.13:27:44::SCWPlatform::DSA absoulate path C:/Users/SESA630813/work-2/4EV_HandsOn_platt/hw/Block_4EV_wrapper.xsa
TRACE::2022-11-18.13:27:44::SCWPlatform::DSA directory C:/Users/SESA630813/work-2/4EV_HandsOn_platt/hw
TRACE::2022-11-18.13:27:44::SCWPlatform:: Platform Path C:/Users/SESA630813/work-2/4EV_HandsOn_platt/hw/Block_4EV_wrapper.xsa
TRACE::2022-11-18.13:27:44::SCWPlatform:: Unique name xilinx:::0.0
TRACE::2022-11-18.13:27:44::SCWPlatform::Trying to set the existing hwdb with name Block_4EV_wrapper_34
TRACE::2022-11-18.13:27:44::SCWPlatform::Opened existing hwdb Block_4EV_wrapper_34
TRACE::2022-11-18.13:27:44::SCWPlatform::Found the Hw Db part of the input DSA
TRACE::2022-11-18.13:27:44::SCWMssOS::Checking the sw design at  C:/Users/SESA630813/work-2/4EV_HandsOn_platt/zynqmp_fsbl/zynqmp_fsbl_bsp/system.mss
TRACE::2022-11-18.13:27:44::SCWMssOS::DEBUG:  swdes dump  C:/Users/SESA630813/work-2/4EV_HandsOn_platt/psu_cortexa53_0/standalone_domain/bsp/system.mss|system_1||
C:/Users/SESA630813/work-2/4EV_HandsOn_platt/zynqmp_fsbl/zynqmp_fsbl_bsp/system.mss|system||
C:/Users/SESA630813/work-2/4EV_HandsOn_platt/zynqmp_pmufw/zynqmp_pmufw_bsp/system.mss|system_0||

TRACE::2022-11-18.13:27:44::SCWMssOS::Sw design exists and opened at  C:/Users/SESA630813/work-2/4EV_HandsOn_platt/zynqmp_fsbl/zynqmp_fsbl_bsp/system.mss
TRACE::2022-11-18.13:27:44::SCWPlatform::Trying to open the hw design at C:/Users/SESA630813/work-2/4EV_HandsOn_platt/hw/Block_4EV_wrapper.xsa
TRACE::2022-11-18.13:27:44::SCWPlatform::DSA given C:/Users/SESA630813/work-2/4EV_HandsOn_platt/hw/Block_4EV_wrapper.xsa
TRACE::2022-11-18.13:27:44::SCWPlatform::DSA absoulate path C:/Users/SESA630813/work-2/4EV_HandsOn_platt/hw/Block_4EV_wrapper.xsa
TRACE::2022-11-18.13:27:44::SCWPlatform::DSA directory C:/Users/SESA630813/work-2/4EV_HandsOn_platt/hw
TRACE::2022-11-18.13:27:44::SCWPlatform:: Platform Path C:/Users/SESA630813/work-2/4EV_HandsOn_platt/hw/Block_4EV_wrapper.xsa
TRACE::2022-11-18.13:27:44::SCWPlatform:: Unique name xilinx:::0.0
TRACE::2022-11-18.13:27:44::SCWPlatform::Trying to set the existing hwdb with name Block_4EV_wrapper_34
TRACE::2022-11-18.13:27:44::SCWPlatform::Opened existing hwdb Block_4EV_wrapper_34
TRACE::2022-11-18.13:27:44::SCWPlatform::Found the Hw Db part of the input DSA
TRACE::2022-11-18.13:27:44::SCWMssOS::Checking the sw design at  C:/Users/SESA630813/work-2/4EV_HandsOn_platt/zynqmp_pmufw/zynqmp_pmufw_bsp/system.mss
TRACE::2022-11-18.13:27:44::SCWMssOS::DEBUG:  swdes dump  C:/Users/SESA630813/work-2/4EV_HandsOn_platt/psu_cortexa53_0/standalone_domain/bsp/system.mss|system_1||
C:/Users/SESA630813/work-2/4EV_HandsOn_platt/zynqmp_fsbl/zynqmp_fsbl_bsp/system.mss|system||
C:/Users/SESA630813/work-2/4EV_HandsOn_platt/zynqmp_pmufw/zynqmp_pmufw_bsp/system.mss|system_0||

TRACE::2022-11-18.13:27:44::SCWMssOS::Sw design exists and opened at  C:/Users/SESA630813/work-2/4EV_HandsOn_platt/zynqmp_pmufw/zynqmp_pmufw_bsp/system.mss
TRACE::2022-11-18.13:27:44::SCWPlatform::Trying to open the hw design at C:/Users/SESA630813/work-2/4EV_HandsOn_platt/hw/Block_4EV_wrapper.xsa
TRACE::2022-11-18.13:27:44::SCWPlatform::DSA given C:/Users/SESA630813/work-2/4EV_HandsOn_platt/hw/Block_4EV_wrapper.xsa
TRACE::2022-11-18.13:27:44::SCWPlatform::DSA absoulate path C:/Users/SESA630813/work-2/4EV_HandsOn_platt/hw/Block_4EV_wrapper.xsa
TRACE::2022-11-18.13:27:44::SCWPlatform::DSA directory C:/Users/SESA630813/work-2/4EV_HandsOn_platt/hw
TRACE::2022-11-18.13:27:44::SCWPlatform:: Platform Path C:/Users/SESA630813/work-2/4EV_HandsOn_platt/hw/Block_4EV_wrapper.xsa
TRACE::2022-11-18.13:27:44::SCWPlatform:: Unique name xilinx:::0.0
TRACE::2022-11-18.13:27:44::SCWPlatform::Trying to set the existing hwdb with name Block_4EV_wrapper_34
TRACE::2022-11-18.13:27:44::SCWPlatform::Opened existing hwdb Block_4EV_wrapper_34
TRACE::2022-11-18.13:27:44::SCWPlatform::Found the Hw Db part of the input DSA
TRACE::2022-11-18.13:27:44::SCWMssOS::Checking the sw design at  C:/Users/SESA630813/work-2/4EV_HandsOn_platt/psu_cortexa53_0/standalone_domain/bsp/system.mss
TRACE::2022-11-18.13:27:44::SCWMssOS::DEBUG:  swdes dump  C:/Users/SESA630813/work-2/4EV_HandsOn_platt/psu_cortexa53_0/standalone_domain/bsp/system.mss|system_1||
C:/Users/SESA630813/work-2/4EV_HandsOn_platt/zynqmp_fsbl/zynqmp_fsbl_bsp/system.mss|system||
C:/Users/SESA630813/work-2/4EV_HandsOn_platt/zynqmp_pmufw/zynqmp_pmufw_bsp/system.mss|system_0||

TRACE::2022-11-18.13:27:44::SCWMssOS::Sw design exists and opened at  C:/Users/SESA630813/work-2/4EV_HandsOn_platt/psu_cortexa53_0/standalone_domain/bsp/system.mss
TRACE::2022-11-18.13:27:44::SCWWriter::formatted JSON is {
	"platformName":	"4EV_HandsOn_platt",
	"sprVersion":	"2.0",
	"mode":	"gui",
	"dsaType":	"Fixed",
	"platformDesc":	"4EV_HandsOn_platt",
	"platHandOff":	"C:/Schneider/ScriptingPath/enclustra/4EV-Hands-On/Block_4EV_wrapper.xsa",
	"platIntHandOff":	"<platformDir>/hw/Block_4EV_wrapper.xsa",
	"deviceType":	"zynqMP",
	"platIsPrebuiltAutogen":	"false",
	"platIsNoBootBsp":	"false",
	"platFsblTarget":	"psu_cortexa53_0",
	"hasFsblMakeHasChanges":	"false",
	"hasPmufwMakeHasChanges":	"false",
	"fsblExtraCompilerFlags":	"-MMD -MP      -Wall -fmessage-length=0 -DARMA53_64 -Os -flto -ffat-lto-objects  ",
	"pmufwExtraCompilerFlags":	"-MMD -MP      -mlittle-endian -mxl-barrel-shift -mxl-pattern-compare -mcpu=v9.2 -mxl-soft-mul -Os -flto -ffat-lto-objects  ",
	"platPreBuiltFlag":	false,
	"platformSamplesDir":	"",
	"platActiveSys":	"4EV_HandsOn_platt",
	"systems":	[{
			"systemName":	"4EV_HandsOn_platt",
			"systemDesc":	"4EV_HandsOn_platt",
			"sysIsBootAutoGen":	"true",
			"systemDispName":	"4EV_HandsOn_platt",
			"sysActiveDom":	"standalone_domain",
			"sysDefaultDom":	"standalone_domain",
			"domains":	[{
					"domainName":	"zynqmp_fsbl",
					"domainDispName":	"zynqmp_fsbl",
					"domainDesc":	"FSBL Application BSP - Auto Generated.",
					"processors":	"psu_cortexa53_0",
					"os":	"standalone",
					"sdxOs":	"standalone",
					"debugEnable":	"",
					"domRuntimes":	["cpp"],
					"swRepo":	"",
					"mssOsVer":	"7.6",
					"mssFile":	"",
					"md5Digest":	"f0f90a35a6a229e56057b23e4b7162c6",
					"compatibleApp":	"zynqmp_fsbl",
					"domType":	"bootDomain",
					"arch":	"64-bit",
					"appSettings":	{
						"appCompilerFlags":	"",
						"appLinkerFlags":	""
					},
					"addedLibs":	["xilffs:4.6", "xilsecure:4.6", "xilpm:3.5"],
					"libOptions":	{
						"standalone":	{
							"zynqmp_fsbl_bsp":	"true",
							"libOptionNames":	["zynqmp_fsbl_bsp"]
						},
						"xilffs":	{
							"read_only":	"true",
							"use_mkfs":	"false",
							"libOptionNames":	["read_only", "use_mkfs"]
						},
						"xilsecure":	{
							"tpm_support":	"true",
							"libOptionNames":	["tpm_support"]
						},
						"libsContainingOptions":	["standalone", "xilffs", "xilsecure"]
					},
					"prebuiltLibs":	{
						"prebuiltIncPath":	[],
						"prebuiltLibPath":	[]
					},
					"isolation":	{
					}
				}, {
					"domainName":	"zynqmp_pmufw",
					"domainDispName":	"zynqmp_pmufw",
					"domainDesc":	"PMUFW Application BSP - Auto Generated.",
					"processors":	"psu_pmu_0",
					"os":	"standalone",
					"sdxOs":	"standalone",
					"debugEnable":	"",
					"domRuntimes":	["cpp"],
					"swRepo":	"",
					"mssOsVer":	"7.6",
					"mssFile":	"",
					"md5Digest":	"2252945fa1d34af486e1005da291d4dd",
					"compatibleApp":	"zynqmp_pmufw",
					"domType":	"bootDomain",
					"arch":	"32-bit",
					"appSettings":	{
						"appCompilerFlags":	"",
						"appLinkerFlags":	""
					},
					"addedLibs":	["xilfpga:6.1", "xilsecure:4.6", "xilskey:7.2"],
					"libOptions":	{
						"psu_pmu_0":	{
							"extra_compiler_flags":	"-g -ffunction-sections -fdata-sections -Wall -Wextra -fno-tree-loop-distribute-patterns  -Os -flto -ffat-lto-objects",
							"libOptionNames":	["extra_compiler_flags"]
						},
						"standalone":	{
							"stdin":	"psu_uart_0",
							"stdout":	"psu_uart_0",
							"libOptionNames":	["stdin", "stdout"]
						},
						"libsContainingOptions":	["psu_pmu_0", "standalone"]
					},
					"prebuiltLibs":	{
						"prebuiltIncPath":	[],
						"prebuiltLibPath":	[]
					},
					"isolation":	{
					}
				}, {
					"domainName":	"standalone_domain",
					"domainDispName":	"standalone on psu_cortexa53_0",
					"domainDesc":	"standalone_domain",
					"processors":	"psu_cortexa53_0",
					"os":	"standalone",
					"sdxOs":	"standalone",
					"qemuArgs":	"C:/Xilinx3/Vitis/2021.2/data/emulation/platforms/zynqmp/sw/a53_standalone/qemu/qemu_args.txt",
					"qemuData":	"C:/Xilinx3/Vitis/2021.2/data/emulation/platforms/zynqmp/sw/a53_standalone/qemu/",
					"pmuQemuArgs":	"C:/Xilinx3/Vitis/2021.2/data/emulation/platforms/zynqmp/sw/a53_standalone/qemu/pmu_args.txt",
					"debugEnable":	"False",
					"domRuntimes":	["cpp"],
					"swRepo":	"",
					"mssOsVer":	"7.6",
					"mssFile":	"",
					"md5Digest":	"ab2d42c1bf2853c29d491bf3bb326888",
					"compatibleApp":	"",
					"domType":	"mssDomain",
					"arch":	"64-bit",
					"appSettings":	{
						"appCompilerFlags":	"",
						"appLinkerFlags":	""
					},
					"addedLibs":	[],
					"libOptions":	{
						"libsContainingOptions":	[]
					},
					"prebuiltLibs":	{
						"prebuiltIncPath":	[],
						"prebuiltLibPath":	[]
					},
					"isolation":	{
					}
				}]
		}]
}
TRACE::2022-11-18.13:27:46::SCWPlatform::Clearing the existing platform
TRACE::2022-11-18.13:27:46::SCWSystem::Clearing the existing sysconfig
TRACE::2022-11-18.13:27:46::SCWBDomain::clearing the fsbl build
TRACE::2022-11-18.13:27:46::SCWMssOS::Removing the swdes entry for  C:/Users/SESA630813/work-2/4EV_HandsOn_platt/zynqmp_fsbl/zynqmp_fsbl_bsp/system.mss
TRACE::2022-11-18.13:27:46::SCWBDomain::clearing the pmufw build
TRACE::2022-11-18.13:27:46::SCWMssOS::Removing the swdes entry for  C:/Users/SESA630813/work-2/4EV_HandsOn_platt/zynqmp_pmufw/zynqmp_pmufw_bsp/system.mss
TRACE::2022-11-18.13:27:46::SCWMssOS::Removing the swdes entry for  C:/Users/SESA630813/work-2/4EV_HandsOn_platt/psu_cortexa53_0/standalone_domain/bsp/system.mss
TRACE::2022-11-18.13:27:46::SCWSystem::Clearing the domains completed.
TRACE::2022-11-18.13:27:46::SCWPlatform::Clearing the opened hw db.
TRACE::2022-11-18.13:27:46::SCWPlatform::DSA given C:/Users/SESA630813/work-2/4EV_HandsOn_platt/hw/Block_4EV_wrapper.xsa
TRACE::2022-11-18.13:27:46::SCWPlatform::DSA absoulate path C:/Users/SESA630813/work-2/4EV_HandsOn_platt/hw/Block_4EV_wrapper.xsa
TRACE::2022-11-18.13:27:46::SCWPlatform:: Platform location is C:/Users/SESA630813/work-2/4EV_HandsOn_platt/hw
TRACE::2022-11-18.13:27:46::SCWPlatform:: Platform Path C:/Users/SESA630813/work-2/4EV_HandsOn_platt/hw/Block_4EV_wrapper.xsa
TRACE::2022-11-18.13:27:46::SCWPlatform:: Unique name xilinx:::0.0
TRACE::2022-11-18.13:27:46::SCWPlatform::Removing the HwDB with name C:/Users/SESA630813/work-2/4EV_HandsOn_platt/hw/Block_4EV_wrapper.xsa
TRACE::2022-11-18.13:27:46::SCWPlatform::Trying to open the hw design at C:/Users/SESA630813/work-2/4EV_HandsOn_platt/hw/Block_4EV_wrapper.xsa
TRACE::2022-11-18.13:27:46::SCWPlatform::DSA given C:/Users/SESA630813/work-2/4EV_HandsOn_platt/hw/Block_4EV_wrapper.xsa
TRACE::2022-11-18.13:27:46::SCWPlatform::DSA absoulate path C:/Users/SESA630813/work-2/4EV_HandsOn_platt/hw/Block_4EV_wrapper.xsa
TRACE::2022-11-18.13:27:46::SCWPlatform::DSA directory C:/Users/SESA630813/work-2/4EV_HandsOn_platt/hw
TRACE::2022-11-18.13:27:46::SCWPlatform:: Platform Path C:/Users/SESA630813/work-2/4EV_HandsOn_platt/hw/Block_4EV_wrapper.xsa
TRACE::2022-11-18.13:27:46::SCWPlatform:: Unique name xilinx:::0.0
TRACE::2022-11-18.13:27:46::SCWPlatform::Do not have an existing db opened. 
TRACE::2022-11-18.13:27:53::SCWPlatform::Opened new HwDB with name Block_4EV_wrapper_35
TRACE::2022-11-18.13:27:53::SCWReader::Active system found as  4EV_HandsOn_platt
TRACE::2022-11-18.13:27:53::SCWReader::Handling sysconfig 4EV_HandsOn_platt
TRACE::2022-11-18.13:27:53::SCWDomain::checking for install qemu data   : 
TRACE::2022-11-18.13:27:53::SCWDomain:: Using the QEMU Data from install at  : C:/Xilinx3/Vitis/2021.2/data/emulation/platforms/zynqmp/sw/a53_standalone/qemu/
TRACE::2022-11-18.13:27:53::SCWDomain:: Using the QEMU args  from install at  : C:/Xilinx3/Vitis/2021.2/data/emulation/platforms/zynqmp/sw/a53_standalone/qemu/qemu_args.txt
TRACE::2022-11-18.13:27:53::SCWDomain:: Using the PMUQEMU args from install at  : C:/Xilinx3/Vitis/2021.2/data/emulation/platforms/zynqmp/sw/a53_standalone/qemu/pmu_args.txt
TRACE::2022-11-18.13:27:53::SCWPlatform::Trying to open the hw design at C:/Users/SESA630813/work-2/4EV_HandsOn_platt/hw/Block_4EV_wrapper.xsa
TRACE::2022-11-18.13:27:53::SCWPlatform::DSA given C:/Users/SESA630813/work-2/4EV_HandsOn_platt/hw/Block_4EV_wrapper.xsa
TRACE::2022-11-18.13:27:53::SCWPlatform::DSA absoulate path C:/Users/SESA630813/work-2/4EV_HandsOn_platt/hw/Block_4EV_wrapper.xsa
TRACE::2022-11-18.13:27:53::SCWPlatform::DSA directory C:/Users/SESA630813/work-2/4EV_HandsOn_platt/hw
TRACE::2022-11-18.13:27:53::SCWPlatform:: Platform Path C:/Users/SESA630813/work-2/4EV_HandsOn_platt/hw/Block_4EV_wrapper.xsa
TRACE::2022-11-18.13:27:53::SCWPlatform:: Unique name xilinx:::0.0
TRACE::2022-11-18.13:27:53::SCWPlatform::Trying to set the existing hwdb with name Block_4EV_wrapper_35
TRACE::2022-11-18.13:27:53::SCWPlatform::Opened existing hwdb Block_4EV_wrapper_35
TRACE::2022-11-18.13:27:53::SCWPlatform::Found the Hw Db part of the input DSA
TRACE::2022-11-18.13:27:53::SCWPlatform::Trying to open the hw design at C:/Users/SESA630813/work-2/4EV_HandsOn_platt/hw/Block_4EV_wrapper.xsa
TRACE::2022-11-18.13:27:53::SCWPlatform::DSA given C:/Users/SESA630813/work-2/4EV_HandsOn_platt/hw/Block_4EV_wrapper.xsa
TRACE::2022-11-18.13:27:53::SCWPlatform::DSA absoulate path C:/Users/SESA630813/work-2/4EV_HandsOn_platt/hw/Block_4EV_wrapper.xsa
TRACE::2022-11-18.13:27:53::SCWPlatform::DSA directory C:/Users/SESA630813/work-2/4EV_HandsOn_platt/hw
TRACE::2022-11-18.13:27:53::SCWPlatform:: Platform Path C:/Users/SESA630813/work-2/4EV_HandsOn_platt/hw/Block_4EV_wrapper.xsa
TRACE::2022-11-18.13:27:53::SCWPlatform:: Unique name xilinx:::0.0
TRACE::2022-11-18.13:27:53::SCWPlatform::Trying to set the existing hwdb with name Block_4EV_wrapper_35
TRACE::2022-11-18.13:27:53::SCWPlatform::Opened existing hwdb Block_4EV_wrapper_35
TRACE::2022-11-18.13:27:53::SCWPlatform::Found the Hw Db part of the input DSA
TRACE::2022-11-18.13:27:53::SCWPlatform::Trying to open the hw design at C:/Users/SESA630813/work-2/4EV_HandsOn_platt/hw/Block_4EV_wrapper.xsa
TRACE::2022-11-18.13:27:53::SCWPlatform::DSA given C:/Users/SESA630813/work-2/4EV_HandsOn_platt/hw/Block_4EV_wrapper.xsa
TRACE::2022-11-18.13:27:53::SCWPlatform::DSA absoulate path C:/Users/SESA630813/work-2/4EV_HandsOn_platt/hw/Block_4EV_wrapper.xsa
TRACE::2022-11-18.13:27:53::SCWPlatform::DSA directory C:/Users/SESA630813/work-2/4EV_HandsOn_platt/hw
TRACE::2022-11-18.13:27:53::SCWPlatform:: Platform Path C:/Users/SESA630813/work-2/4EV_HandsOn_platt/hw/Block_4EV_wrapper.xsa
TRACE::2022-11-18.13:27:53::SCWPlatform:: Unique name xilinx:::0.0
TRACE::2022-11-18.13:27:53::SCWPlatform::Trying to set the existing hwdb with name Block_4EV_wrapper_35
TRACE::2022-11-18.13:27:53::SCWPlatform::Opened existing hwdb Block_4EV_wrapper_35
TRACE::2022-11-18.13:27:53::SCWPlatform::Found the Hw Db part of the input DSA
TRACE::2022-11-18.13:27:53::SCWReader::Boot application domain added for zynqmp_fsbl
TRACE::2022-11-18.13:27:53::SCWPlatform::Trying to open the hw design at C:/Users/SESA630813/work-2/4EV_HandsOn_platt/hw/Block_4EV_wrapper.xsa
TRACE::2022-11-18.13:27:53::SCWPlatform::DSA given C:/Users/SESA630813/work-2/4EV_HandsOn_platt/hw/Block_4EV_wrapper.xsa
TRACE::2022-11-18.13:27:53::SCWPlatform::DSA absoulate path C:/Users/SESA630813/work-2/4EV_HandsOn_platt/hw/Block_4EV_wrapper.xsa
TRACE::2022-11-18.13:27:53::SCWPlatform::DSA directory C:/Users/SESA630813/work-2/4EV_HandsOn_platt/hw
TRACE::2022-11-18.13:27:53::SCWPlatform:: Platform Path C:/Users/SESA630813/work-2/4EV_HandsOn_platt/hw/Block_4EV_wrapper.xsa
TRACE::2022-11-18.13:27:53::SCWPlatform:: Unique name xilinx:::0.0
TRACE::2022-11-18.13:27:53::SCWPlatform::Trying to set the existing hwdb with name Block_4EV_wrapper_35
TRACE::2022-11-18.13:27:53::SCWPlatform::Opened existing hwdb Block_4EV_wrapper_35
TRACE::2022-11-18.13:27:53::SCWPlatform::Found the Hw Db part of the input DSA
TRACE::2022-11-18.13:27:53::SCWMssOS::Checking the sw design at  C:/Users/SESA630813/work-2/4EV_HandsOn_platt/zynqmp_fsbl/zynqmp_fsbl_bsp/system.mss
TRACE::2022-11-18.13:27:53::SCWMssOS::DEBUG:  swdes dump  
TRACE::2022-11-18.13:27:53::SCWMssOS::No sw design opened at  C:/Users/SESA630813/work-2/4EV_HandsOn_platt/zynqmp_fsbl/zynqmp_fsbl_bsp/system.mss
TRACE::2022-11-18.13:27:53::SCWMssOS::mss exists loading the mss file  C:/Users/SESA630813/work-2/4EV_HandsOn_platt/zynqmp_fsbl/zynqmp_fsbl_bsp/system.mss
TRACE::2022-11-18.13:27:53::SCWMssOS::Opened the sw design from mss  C:/Users/SESA630813/work-2/4EV_HandsOn_platt/zynqmp_fsbl/zynqmp_fsbl_bsp/system.mss
TRACE::2022-11-18.13:27:53::SCWMssOS::Adding the swdes entry C:/Users/SESA630813/work-2/4EV_HandsOn_platt/zynqmp_fsbl/zynqmp_fsbl_bsp/system.mss with des name system
TRACE::2022-11-18.13:27:53::SCWMssOS::updating the scw layer about changes
TRACE::2022-11-18.13:27:53::SCWMssOS::Opened the sw design.  C:/Users/SESA630813/work-2/4EV_HandsOn_platt/zynqmp_fsbl/zynqmp_fsbl_bsp/system.mss
TRACE::2022-11-18.13:27:53::SCWPlatform::Trying to open the hw design at C:/Users/SESA630813/work-2/4EV_HandsOn_platt/hw/Block_4EV_wrapper.xsa
TRACE::2022-11-18.13:27:53::SCWPlatform::DSA given C:/Users/SESA630813/work-2/4EV_HandsOn_platt/hw/Block_4EV_wrapper.xsa
TRACE::2022-11-18.13:27:53::SCWPlatform::DSA absoulate path C:/Users/SESA630813/work-2/4EV_HandsOn_platt/hw/Block_4EV_wrapper.xsa
TRACE::2022-11-18.13:27:53::SCWPlatform::DSA directory C:/Users/SESA630813/work-2/4EV_HandsOn_platt/hw
TRACE::2022-11-18.13:27:53::SCWPlatform:: Platform Path C:/Users/SESA630813/work-2/4EV_HandsOn_platt/hw/Block_4EV_wrapper.xsa
TRACE::2022-11-18.13:27:53::SCWPlatform:: Unique name xilinx:::0.0
TRACE::2022-11-18.13:27:53::SCWPlatform::Trying to set the existing hwdb with name Block_4EV_wrapper_35
TRACE::2022-11-18.13:27:53::SCWPlatform::Opened existing hwdb Block_4EV_wrapper_35
TRACE::2022-11-18.13:27:53::SCWPlatform::Found the Hw Db part of the input DSA
TRACE::2022-11-18.13:27:53::SCWMssOS::Checking the sw design at  C:/Users/SESA630813/work-2/4EV_HandsOn_platt/zynqmp_fsbl/zynqmp_fsbl_bsp/system.mss
TRACE::2022-11-18.13:27:53::SCWMssOS::DEBUG:  swdes dump  C:/Users/SESA630813/work-2/4EV_HandsOn_platt/zynqmp_fsbl/zynqmp_fsbl_bsp/system.mss|system||

TRACE::2022-11-18.13:27:53::SCWMssOS::Sw design exists and opened at  C:/Users/SESA630813/work-2/4EV_HandsOn_platt/zynqmp_fsbl/zynqmp_fsbl_bsp/system.mss
TRACE::2022-11-18.13:27:53::SCWMssOS:: library already available in sw design:  xilffs:4.6
TRACE::2022-11-18.13:27:53::SCWPlatform::Trying to open the hw design at C:/Users/SESA630813/work-2/4EV_HandsOn_platt/hw/Block_4EV_wrapper.xsa
TRACE::2022-11-18.13:27:53::SCWPlatform::DSA given C:/Users/SESA630813/work-2/4EV_HandsOn_platt/hw/Block_4EV_wrapper.xsa
TRACE::2022-11-18.13:27:53::SCWPlatform::DSA absoulate path C:/Users/SESA630813/work-2/4EV_HandsOn_platt/hw/Block_4EV_wrapper.xsa
TRACE::2022-11-18.13:27:53::SCWPlatform::DSA directory C:/Users/SESA630813/work-2/4EV_HandsOn_platt/hw
TRACE::2022-11-18.13:27:53::SCWPlatform:: Platform Path C:/Users/SESA630813/work-2/4EV_HandsOn_platt/hw/Block_4EV_wrapper.xsa
TRACE::2022-11-18.13:27:53::SCWPlatform:: Unique name xilinx:::0.0
TRACE::2022-11-18.13:27:53::SCWPlatform::Trying to set the existing hwdb with name Block_4EV_wrapper_35
TRACE::2022-11-18.13:27:53::SCWPlatform::Opened existing hwdb Block_4EV_wrapper_35
TRACE::2022-11-18.13:27:53::SCWPlatform::Found the Hw Db part of the input DSA
TRACE::2022-11-18.13:27:53::SCWMssOS::Checking the sw design at  C:/Users/SESA630813/work-2/4EV_HandsOn_platt/zynqmp_fsbl/zynqmp_fsbl_bsp/system.mss
TRACE::2022-11-18.13:27:53::SCWMssOS::DEBUG:  swdes dump  C:/Users/SESA630813/work-2/4EV_HandsOn_platt/zynqmp_fsbl/zynqmp_fsbl_bsp/system.mss|system||

TRACE::2022-11-18.13:27:53::SCWMssOS::Sw design exists and opened at  C:/Users/SESA630813/work-2/4EV_HandsOn_platt/zynqmp_fsbl/zynqmp_fsbl_bsp/system.mss
TRACE::2022-11-18.13:27:53::SCWMssOS:: library already available in sw design:  xilsecure:4.6
TRACE::2022-11-18.13:27:53::SCWPlatform::Trying to open the hw design at C:/Users/SESA630813/work-2/4EV_HandsOn_platt/hw/Block_4EV_wrapper.xsa
TRACE::2022-11-18.13:27:53::SCWPlatform::DSA given C:/Users/SESA630813/work-2/4EV_HandsOn_platt/hw/Block_4EV_wrapper.xsa
TRACE::2022-11-18.13:27:53::SCWPlatform::DSA absoulate path C:/Users/SESA630813/work-2/4EV_HandsOn_platt/hw/Block_4EV_wrapper.xsa
TRACE::2022-11-18.13:27:53::SCWPlatform::DSA directory C:/Users/SESA630813/work-2/4EV_HandsOn_platt/hw
TRACE::2022-11-18.13:27:53::SCWPlatform:: Platform Path C:/Users/SESA630813/work-2/4EV_HandsOn_platt/hw/Block_4EV_wrapper.xsa
TRACE::2022-11-18.13:27:53::SCWPlatform:: Unique name xilinx:::0.0
TRACE::2022-11-18.13:27:53::SCWPlatform::Trying to set the existing hwdb with name Block_4EV_wrapper_35
TRACE::2022-11-18.13:27:53::SCWPlatform::Opened existing hwdb Block_4EV_wrapper_35
TRACE::2022-11-18.13:27:53::SCWPlatform::Found the Hw Db part of the input DSA
TRACE::2022-11-18.13:27:53::SCWMssOS::Checking the sw design at  C:/Users/SESA630813/work-2/4EV_HandsOn_platt/zynqmp_fsbl/zynqmp_fsbl_bsp/system.mss
TRACE::2022-11-18.13:27:53::SCWMssOS::DEBUG:  swdes dump  C:/Users/SESA630813/work-2/4EV_HandsOn_platt/zynqmp_fsbl/zynqmp_fsbl_bsp/system.mss|system||

TRACE::2022-11-18.13:27:53::SCWMssOS::Sw design exists and opened at  C:/Users/SESA630813/work-2/4EV_HandsOn_platt/zynqmp_fsbl/zynqmp_fsbl_bsp/system.mss
TRACE::2022-11-18.13:27:53::SCWMssOS:: library already available in sw design:  xilpm:3.5
TRACE::2022-11-18.13:27:53::SCWPlatform::Trying to open the hw design at C:/Users/SESA630813/work-2/4EV_HandsOn_platt/hw/Block_4EV_wrapper.xsa
TRACE::2022-11-18.13:27:53::SCWPlatform::DSA given C:/Users/SESA630813/work-2/4EV_HandsOn_platt/hw/Block_4EV_wrapper.xsa
TRACE::2022-11-18.13:27:53::SCWPlatform::DSA absoulate path C:/Users/SESA630813/work-2/4EV_HandsOn_platt/hw/Block_4EV_wrapper.xsa
TRACE::2022-11-18.13:27:53::SCWPlatform::DSA directory C:/Users/SESA630813/work-2/4EV_HandsOn_platt/hw
TRACE::2022-11-18.13:27:53::SCWPlatform:: Platform Path C:/Users/SESA630813/work-2/4EV_HandsOn_platt/hw/Block_4EV_wrapper.xsa
TRACE::2022-11-18.13:27:53::SCWPlatform:: Unique name xilinx:::0.0
TRACE::2022-11-18.13:27:53::SCWPlatform::Trying to set the existing hwdb with name Block_4EV_wrapper_35
TRACE::2022-11-18.13:27:53::SCWPlatform::Opened existing hwdb Block_4EV_wrapper_35
TRACE::2022-11-18.13:27:53::SCWPlatform::Found the Hw Db part of the input DSA
TRACE::2022-11-18.13:27:53::SCWMssOS::Checking the sw design at  C:/Users/SESA630813/work-2/4EV_HandsOn_platt/zynqmp_fsbl/zynqmp_fsbl_bsp/system.mss
TRACE::2022-11-18.13:27:53::SCWMssOS::DEBUG:  swdes dump  C:/Users/SESA630813/work-2/4EV_HandsOn_platt/zynqmp_fsbl/zynqmp_fsbl_bsp/system.mss|system||

TRACE::2022-11-18.13:27:53::SCWMssOS::Sw design exists and opened at  C:/Users/SESA630813/work-2/4EV_HandsOn_platt/zynqmp_fsbl/zynqmp_fsbl_bsp/system.mss
TRACE::2022-11-18.13:27:53::SCWPlatform::Trying to open the hw design at C:/Users/SESA630813/work-2/4EV_HandsOn_platt/hw/Block_4EV_wrapper.xsa
TRACE::2022-11-18.13:27:53::SCWPlatform::DSA given C:/Users/SESA630813/work-2/4EV_HandsOn_platt/hw/Block_4EV_wrapper.xsa
TRACE::2022-11-18.13:27:53::SCWPlatform::DSA absoulate path C:/Users/SESA630813/work-2/4EV_HandsOn_platt/hw/Block_4EV_wrapper.xsa
TRACE::2022-11-18.13:27:53::SCWPlatform::DSA directory C:/Users/SESA630813/work-2/4EV_HandsOn_platt/hw
TRACE::2022-11-18.13:27:53::SCWPlatform:: Platform Path C:/Users/SESA630813/work-2/4EV_HandsOn_platt/hw/Block_4EV_wrapper.xsa
TRACE::2022-11-18.13:27:53::SCWPlatform:: Unique name xilinx:::0.0
TRACE::2022-11-18.13:27:53::SCWPlatform::Trying to set the existing hwdb with name Block_4EV_wrapper_35
TRACE::2022-11-18.13:27:53::SCWPlatform::Opened existing hwdb Block_4EV_wrapper_35
TRACE::2022-11-18.13:27:53::SCWPlatform::Found the Hw Db part of the input DSA
TRACE::2022-11-18.13:27:53::SCWMssOS::Checking the sw design at  C:/Users/SESA630813/work-2/4EV_HandsOn_platt/zynqmp_fsbl/zynqmp_fsbl_bsp/system.mss
TRACE::2022-11-18.13:27:53::SCWMssOS::DEBUG:  swdes dump  C:/Users/SESA630813/work-2/4EV_HandsOn_platt/zynqmp_fsbl/zynqmp_fsbl_bsp/system.mss|system||

TRACE::2022-11-18.13:27:53::SCWMssOS::Sw design exists and opened at  C:/Users/SESA630813/work-2/4EV_HandsOn_platt/zynqmp_fsbl/zynqmp_fsbl_bsp/system.mss
TRACE::2022-11-18.13:27:53::SCWPlatform::Trying to open the hw design at C:/Users/SESA630813/work-2/4EV_HandsOn_platt/hw/Block_4EV_wrapper.xsa
TRACE::2022-11-18.13:27:53::SCWPlatform::DSA given C:/Users/SESA630813/work-2/4EV_HandsOn_platt/hw/Block_4EV_wrapper.xsa
TRACE::2022-11-18.13:27:53::SCWPlatform::DSA absoulate path C:/Users/SESA630813/work-2/4EV_HandsOn_platt/hw/Block_4EV_wrapper.xsa
TRACE::2022-11-18.13:27:53::SCWPlatform::DSA directory C:/Users/SESA630813/work-2/4EV_HandsOn_platt/hw
TRACE::2022-11-18.13:27:53::SCWPlatform:: Platform Path C:/Users/SESA630813/work-2/4EV_HandsOn_platt/hw/Block_4EV_wrapper.xsa
TRACE::2022-11-18.13:27:53::SCWPlatform:: Unique name xilinx:::0.0
TRACE::2022-11-18.13:27:53::SCWPlatform::Trying to set the existing hwdb with name Block_4EV_wrapper_35
TRACE::2022-11-18.13:27:53::SCWPlatform::Opened existing hwdb Block_4EV_wrapper_35
TRACE::2022-11-18.13:27:53::SCWPlatform::Found the Hw Db part of the input DSA
TRACE::2022-11-18.13:27:53::SCWMssOS::Checking the sw design at  C:/Users/SESA630813/work-2/4EV_HandsOn_platt/zynqmp_fsbl/zynqmp_fsbl_bsp/system.mss
TRACE::2022-11-18.13:27:53::SCWMssOS::DEBUG:  swdes dump  C:/Users/SESA630813/work-2/4EV_HandsOn_platt/zynqmp_fsbl/zynqmp_fsbl_bsp/system.mss|system||

TRACE::2022-11-18.13:27:53::SCWMssOS::Sw design exists and opened at  C:/Users/SESA630813/work-2/4EV_HandsOn_platt/zynqmp_fsbl/zynqmp_fsbl_bsp/system.mss
TRACE::2022-11-18.13:27:53::SCWPlatform::Trying to open the hw design at C:/Users/SESA630813/work-2/4EV_HandsOn_platt/hw/Block_4EV_wrapper.xsa
TRACE::2022-11-18.13:27:53::SCWPlatform::DSA given C:/Users/SESA630813/work-2/4EV_HandsOn_platt/hw/Block_4EV_wrapper.xsa
TRACE::2022-11-18.13:27:53::SCWPlatform::DSA absoulate path C:/Users/SESA630813/work-2/4EV_HandsOn_platt/hw/Block_4EV_wrapper.xsa
TRACE::2022-11-18.13:27:53::SCWPlatform::DSA directory C:/Users/SESA630813/work-2/4EV_HandsOn_platt/hw
TRACE::2022-11-18.13:27:53::SCWPlatform:: Platform Path C:/Users/SESA630813/work-2/4EV_HandsOn_platt/hw/Block_4EV_wrapper.xsa
TRACE::2022-11-18.13:27:53::SCWPlatform:: Unique name xilinx:::0.0
TRACE::2022-11-18.13:27:53::SCWPlatform::Trying to set the existing hwdb with name Block_4EV_wrapper_35
TRACE::2022-11-18.13:27:53::SCWPlatform::Opened existing hwdb Block_4EV_wrapper_35
TRACE::2022-11-18.13:27:53::SCWPlatform::Found the Hw Db part of the input DSA
TRACE::2022-11-18.13:27:53::SCWMssOS::Checking the sw design at  C:/Users/SESA630813/work-2/4EV_HandsOn_platt/zynqmp_fsbl/zynqmp_fsbl_bsp/system.mss
TRACE::2022-11-18.13:27:53::SCWMssOS::DEBUG:  swdes dump  C:/Users/SESA630813/work-2/4EV_HandsOn_platt/zynqmp_fsbl/zynqmp_fsbl_bsp/system.mss|system||

TRACE::2022-11-18.13:27:53::SCWMssOS::Sw design exists and opened at  C:/Users/SESA630813/work-2/4EV_HandsOn_platt/zynqmp_fsbl/zynqmp_fsbl_bsp/system.mss
TRACE::2022-11-18.13:27:53::SCWPlatform::Trying to open the hw design at C:/Users/SESA630813/work-2/4EV_HandsOn_platt/hw/Block_4EV_wrapper.xsa
TRACE::2022-11-18.13:27:53::SCWPlatform::DSA given C:/Users/SESA630813/work-2/4EV_HandsOn_platt/hw/Block_4EV_wrapper.xsa
TRACE::2022-11-18.13:27:53::SCWPlatform::DSA absoulate path C:/Users/SESA630813/work-2/4EV_HandsOn_platt/hw/Block_4EV_wrapper.xsa
TRACE::2022-11-18.13:27:53::SCWPlatform::DSA directory C:/Users/SESA630813/work-2/4EV_HandsOn_platt/hw
TRACE::2022-11-18.13:27:53::SCWPlatform:: Platform Path C:/Users/SESA630813/work-2/4EV_HandsOn_platt/hw/Block_4EV_wrapper.xsa
TRACE::2022-11-18.13:27:53::SCWPlatform:: Unique name xilinx:::0.0
TRACE::2022-11-18.13:27:53::SCWPlatform::Trying to set the existing hwdb with name Block_4EV_wrapper_35
TRACE::2022-11-18.13:27:53::SCWPlatform::Opened existing hwdb Block_4EV_wrapper_35
TRACE::2022-11-18.13:27:53::SCWPlatform::Found the Hw Db part of the input DSA
TRACE::2022-11-18.13:27:53::SCWMssOS::Checking the sw design at  C:/Users/SESA630813/work-2/4EV_HandsOn_platt/zynqmp_fsbl/zynqmp_fsbl_bsp/system.mss
TRACE::2022-11-18.13:27:53::SCWMssOS::DEBUG:  swdes dump  C:/Users/SESA630813/work-2/4EV_HandsOn_platt/zynqmp_fsbl/zynqmp_fsbl_bsp/system.mss|system||

TRACE::2022-11-18.13:27:53::SCWMssOS::Sw design exists and opened at  C:/Users/SESA630813/work-2/4EV_HandsOn_platt/zynqmp_fsbl/zynqmp_fsbl_bsp/system.mss
TRACE::2022-11-18.13:27:53::SCWPlatform::Trying to open the hw design at C:/Users/SESA630813/work-2/4EV_HandsOn_platt/hw/Block_4EV_wrapper.xsa
TRACE::2022-11-18.13:27:53::SCWPlatform::DSA given C:/Users/SESA630813/work-2/4EV_HandsOn_platt/hw/Block_4EV_wrapper.xsa
TRACE::2022-11-18.13:27:53::SCWPlatform::DSA absoulate path C:/Users/SESA630813/work-2/4EV_HandsOn_platt/hw/Block_4EV_wrapper.xsa
TRACE::2022-11-18.13:27:53::SCWPlatform::DSA directory C:/Users/SESA630813/work-2/4EV_HandsOn_platt/hw
TRACE::2022-11-18.13:27:53::SCWPlatform:: Platform Path C:/Users/SESA630813/work-2/4EV_HandsOn_platt/hw/Block_4EV_wrapper.xsa
TRACE::2022-11-18.13:27:53::SCWPlatform:: Unique name xilinx:::0.0
TRACE::2022-11-18.13:27:53::SCWPlatform::Trying to set the existing hwdb with name Block_4EV_wrapper_35
TRACE::2022-11-18.13:27:53::SCWPlatform::Opened existing hwdb Block_4EV_wrapper_35
TRACE::2022-11-18.13:27:53::SCWPlatform::Found the Hw Db part of the input DSA
TRACE::2022-11-18.13:27:53::SCWMssOS::Checking the sw design at  C:/Users/SESA630813/work-2/4EV_HandsOn_platt/zynqmp_fsbl/zynqmp_fsbl_bsp/system.mss
TRACE::2022-11-18.13:27:53::SCWMssOS::DEBUG:  swdes dump  C:/Users/SESA630813/work-2/4EV_HandsOn_platt/zynqmp_fsbl/zynqmp_fsbl_bsp/system.mss|system||

TRACE::2022-11-18.13:27:53::SCWMssOS::Sw design exists and opened at  C:/Users/SESA630813/work-2/4EV_HandsOn_platt/zynqmp_fsbl/zynqmp_fsbl_bsp/system.mss
TRACE::2022-11-18.13:27:53::SCWPlatform::Trying to open the hw design at C:/Users/SESA630813/work-2/4EV_HandsOn_platt/hw/Block_4EV_wrapper.xsa
TRACE::2022-11-18.13:27:53::SCWPlatform::DSA given C:/Users/SESA630813/work-2/4EV_HandsOn_platt/hw/Block_4EV_wrapper.xsa
TRACE::2022-11-18.13:27:53::SCWPlatform::DSA absoulate path C:/Users/SESA630813/work-2/4EV_HandsOn_platt/hw/Block_4EV_wrapper.xsa
TRACE::2022-11-18.13:27:53::SCWPlatform::DSA directory C:/Users/SESA630813/work-2/4EV_HandsOn_platt/hw
TRACE::2022-11-18.13:27:53::SCWPlatform:: Platform Path C:/Users/SESA630813/work-2/4EV_HandsOn_platt/hw/Block_4EV_wrapper.xsa
TRACE::2022-11-18.13:27:53::SCWPlatform:: Unique name xilinx:::0.0
TRACE::2022-11-18.13:27:53::SCWPlatform::Trying to set the existing hwdb with name Block_4EV_wrapper_35
TRACE::2022-11-18.13:27:53::SCWPlatform::Opened existing hwdb Block_4EV_wrapper_35
TRACE::2022-11-18.13:27:53::SCWPlatform::Found the Hw Db part of the input DSA
TRACE::2022-11-18.13:27:53::SCWMssOS::Checking the sw design at  C:/Users/SESA630813/work-2/4EV_HandsOn_platt/zynqmp_fsbl/zynqmp_fsbl_bsp/system.mss
TRACE::2022-11-18.13:27:53::SCWMssOS::DEBUG:  swdes dump  C:/Users/SESA630813/work-2/4EV_HandsOn_platt/zynqmp_fsbl/zynqmp_fsbl_bsp/system.mss|system||

TRACE::2022-11-18.13:27:53::SCWMssOS::Sw design exists and opened at  C:/Users/SESA630813/work-2/4EV_HandsOn_platt/zynqmp_fsbl/zynqmp_fsbl_bsp/system.mss
TRACE::2022-11-18.13:27:53::SCWPlatform::Trying to open the hw design at C:/Users/SESA630813/work-2/4EV_HandsOn_platt/hw/Block_4EV_wrapper.xsa
TRACE::2022-11-18.13:27:53::SCWPlatform::DSA given C:/Users/SESA630813/work-2/4EV_HandsOn_platt/hw/Block_4EV_wrapper.xsa
TRACE::2022-11-18.13:27:53::SCWPlatform::DSA absoulate path C:/Users/SESA630813/work-2/4EV_HandsOn_platt/hw/Block_4EV_wrapper.xsa
TRACE::2022-11-18.13:27:53::SCWPlatform::DSA directory C:/Users/SESA630813/work-2/4EV_HandsOn_platt/hw
TRACE::2022-11-18.13:27:53::SCWPlatform:: Platform Path C:/Users/SESA630813/work-2/4EV_HandsOn_platt/hw/Block_4EV_wrapper.xsa
TRACE::2022-11-18.13:27:53::SCWPlatform:: Unique name xilinx:::0.0
TRACE::2022-11-18.13:27:53::SCWPlatform::Trying to set the existing hwdb with name Block_4EV_wrapper_35
TRACE::2022-11-18.13:27:53::SCWPlatform::Opened existing hwdb Block_4EV_wrapper_35
TRACE::2022-11-18.13:27:53::SCWPlatform::Found the Hw Db part of the input DSA
TRACE::2022-11-18.13:27:53::SCWMssOS::Checking the sw design at  C:/Users/SESA630813/work-2/4EV_HandsOn_platt/zynqmp_fsbl/zynqmp_fsbl_bsp/system.mss
TRACE::2022-11-18.13:27:53::SCWMssOS::DEBUG:  swdes dump  C:/Users/SESA630813/work-2/4EV_HandsOn_platt/zynqmp_fsbl/zynqmp_fsbl_bsp/system.mss|system||

TRACE::2022-11-18.13:27:53::SCWMssOS::Sw design exists and opened at  C:/Users/SESA630813/work-2/4EV_HandsOn_platt/zynqmp_fsbl/zynqmp_fsbl_bsp/system.mss
TRACE::2022-11-18.13:27:53::SCWMssOS::Saving the mss changes C:/Users/SESA630813/work-2/4EV_HandsOn_platt/zynqmp_fsbl/zynqmp_fsbl_bsp/system.mss
TRACE::2022-11-18.13:27:53::SCWMssOS::Found a swdesign opened with the mssfile.
TRACE::2022-11-18.13:27:53::SCWMssOS::Completed writemss as part of save.
TRACE::2022-11-18.13:27:53::SCWMssOS::Commit changes completed.
TRACE::2022-11-18.13:27:53::SCWReader::Adding prebuilt librarypaths as   
TRACE::2022-11-18.13:27:53::SCWReader::Adding prebuilt incpaths  as   
TRACE::2022-11-18.13:27:53::SCWPlatform::Trying to open the hw design at C:/Users/SESA630813/work-2/4EV_HandsOn_platt/hw/Block_4EV_wrapper.xsa
TRACE::2022-11-18.13:27:53::SCWPlatform::DSA given C:/Users/SESA630813/work-2/4EV_HandsOn_platt/hw/Block_4EV_wrapper.xsa
TRACE::2022-11-18.13:27:53::SCWPlatform::DSA absoulate path C:/Users/SESA630813/work-2/4EV_HandsOn_platt/hw/Block_4EV_wrapper.xsa
TRACE::2022-11-18.13:27:53::SCWPlatform::DSA directory C:/Users/SESA630813/work-2/4EV_HandsOn_platt/hw
TRACE::2022-11-18.13:27:53::SCWPlatform:: Platform Path C:/Users/SESA630813/work-2/4EV_HandsOn_platt/hw/Block_4EV_wrapper.xsa
TRACE::2022-11-18.13:27:53::SCWPlatform:: Unique name xilinx:::0.0
TRACE::2022-11-18.13:27:53::SCWPlatform::Trying to set the existing hwdb with name Block_4EV_wrapper_35
TRACE::2022-11-18.13:27:53::SCWPlatform::Opened existing hwdb Block_4EV_wrapper_35
TRACE::2022-11-18.13:27:53::SCWPlatform::Found the Hw Db part of the input DSA
TRACE::2022-11-18.13:27:53::SCWMssOS::Checking the sw design at  C:/Users/SESA630813/work-2/4EV_HandsOn_platt/zynqmp_fsbl/zynqmp_fsbl_bsp/system.mss
TRACE::2022-11-18.13:27:53::SCWMssOS::DEBUG:  swdes dump  C:/Users/SESA630813/work-2/4EV_HandsOn_platt/zynqmp_fsbl/zynqmp_fsbl_bsp/system.mss|system||

TRACE::2022-11-18.13:27:53::SCWMssOS::Sw design exists and opened at  C:/Users/SESA630813/work-2/4EV_HandsOn_platt/zynqmp_fsbl/zynqmp_fsbl_bsp/system.mss
TRACE::2022-11-18.13:27:53::SCWReader::No isolation master present  
TRACE::2022-11-18.13:27:53::SCWDomain::checking for install qemu data   : 
TRACE::2022-11-18.13:27:53::SCWDomain:: Using the QEMU Data from install at  : C:/Xilinx3/Vitis/2021.2/data/emulation/platforms/zynqmp/sw/a53_standalone/qemu/
TRACE::2022-11-18.13:27:53::SCWDomain:: Using the QEMU args  from install at  : C:/Xilinx3/Vitis/2021.2/data/emulation/platforms/zynqmp/sw/a53_standalone/qemu/qemu_args.txt
TRACE::2022-11-18.13:27:53::SCWDomain:: Using the PMUQEMU args from install at  : C:/Xilinx3/Vitis/2021.2/data/emulation/platforms/zynqmp/sw/a53_standalone/qemu/pmu_args.txt
TRACE::2022-11-18.13:27:53::SCWPlatform::Trying to open the hw design at C:/Users/SESA630813/work-2/4EV_HandsOn_platt/hw/Block_4EV_wrapper.xsa
TRACE::2022-11-18.13:27:53::SCWPlatform::DSA given C:/Users/SESA630813/work-2/4EV_HandsOn_platt/hw/Block_4EV_wrapper.xsa
TRACE::2022-11-18.13:27:53::SCWPlatform::DSA absoulate path C:/Users/SESA630813/work-2/4EV_HandsOn_platt/hw/Block_4EV_wrapper.xsa
TRACE::2022-11-18.13:27:53::SCWPlatform::DSA directory C:/Users/SESA630813/work-2/4EV_HandsOn_platt/hw
TRACE::2022-11-18.13:27:53::SCWPlatform:: Platform Path C:/Users/SESA630813/work-2/4EV_HandsOn_platt/hw/Block_4EV_wrapper.xsa
TRACE::2022-11-18.13:27:53::SCWPlatform:: Unique name xilinx:::0.0
TRACE::2022-11-18.13:27:53::SCWPlatform::Trying to set the existing hwdb with name Block_4EV_wrapper_35
TRACE::2022-11-18.13:27:53::SCWPlatform::Opened existing hwdb Block_4EV_wrapper_35
TRACE::2022-11-18.13:27:53::SCWPlatform::Found the Hw Db part of the input DSA
TRACE::2022-11-18.13:27:53::SCWReader::Boot application domain added for zynqmp_pmufw
TRACE::2022-11-18.13:27:53::SCWPlatform::Trying to open the hw design at C:/Users/SESA630813/work-2/4EV_HandsOn_platt/hw/Block_4EV_wrapper.xsa
TRACE::2022-11-18.13:27:53::SCWPlatform::DSA given C:/Users/SESA630813/work-2/4EV_HandsOn_platt/hw/Block_4EV_wrapper.xsa
TRACE::2022-11-18.13:27:53::SCWPlatform::DSA absoulate path C:/Users/SESA630813/work-2/4EV_HandsOn_platt/hw/Block_4EV_wrapper.xsa
TRACE::2022-11-18.13:27:53::SCWPlatform::DSA directory C:/Users/SESA630813/work-2/4EV_HandsOn_platt/hw
TRACE::2022-11-18.13:27:53::SCWPlatform:: Platform Path C:/Users/SESA630813/work-2/4EV_HandsOn_platt/hw/Block_4EV_wrapper.xsa
TRACE::2022-11-18.13:27:53::SCWPlatform:: Unique name xilinx:::0.0
TRACE::2022-11-18.13:27:53::SCWPlatform::Trying to set the existing hwdb with name Block_4EV_wrapper_35
TRACE::2022-11-18.13:27:53::SCWPlatform::Opened existing hwdb Block_4EV_wrapper_35
TRACE::2022-11-18.13:27:53::SCWPlatform::Found the Hw Db part of the input DSA
TRACE::2022-11-18.13:27:53::SCWMssOS::Checking the sw design at  C:/Users/SESA630813/work-2/4EV_HandsOn_platt/zynqmp_pmufw/zynqmp_pmufw_bsp/system.mss
TRACE::2022-11-18.13:27:53::SCWMssOS::DEBUG:  swdes dump  C:/Users/SESA630813/work-2/4EV_HandsOn_platt/zynqmp_fsbl/zynqmp_fsbl_bsp/system.mss|system||

TRACE::2022-11-18.13:27:53::SCWMssOS::No sw design opened at  C:/Users/SESA630813/work-2/4EV_HandsOn_platt/zynqmp_pmufw/zynqmp_pmufw_bsp/system.mss
TRACE::2022-11-18.13:27:53::SCWMssOS::mss exists loading the mss file  C:/Users/SESA630813/work-2/4EV_HandsOn_platt/zynqmp_pmufw/zynqmp_pmufw_bsp/system.mss
TRACE::2022-11-18.13:27:53::SCWMssOS::Opened the sw design from mss  C:/Users/SESA630813/work-2/4EV_HandsOn_platt/zynqmp_pmufw/zynqmp_pmufw_bsp/system.mss
TRACE::2022-11-18.13:27:53::SCWMssOS::Adding the swdes entry C:/Users/SESA630813/work-2/4EV_HandsOn_platt/zynqmp_pmufw/zynqmp_pmufw_bsp/system.mss with des name system_0
TRACE::2022-11-18.13:27:53::SCWMssOS::updating the scw layer about changes
TRACE::2022-11-18.13:27:53::SCWMssOS::Opened the sw design.  C:/Users/SESA630813/work-2/4EV_HandsOn_platt/zynqmp_pmufw/zynqmp_pmufw_bsp/system.mss
TRACE::2022-11-18.13:27:53::SCWPlatform::Trying to open the hw design at C:/Users/SESA630813/work-2/4EV_HandsOn_platt/hw/Block_4EV_wrapper.xsa
TRACE::2022-11-18.13:27:53::SCWPlatform::DSA given C:/Users/SESA630813/work-2/4EV_HandsOn_platt/hw/Block_4EV_wrapper.xsa
TRACE::2022-11-18.13:27:53::SCWPlatform::DSA absoulate path C:/Users/SESA630813/work-2/4EV_HandsOn_platt/hw/Block_4EV_wrapper.xsa
TRACE::2022-11-18.13:27:53::SCWPlatform::DSA directory C:/Users/SESA630813/work-2/4EV_HandsOn_platt/hw
TRACE::2022-11-18.13:27:53::SCWPlatform:: Platform Path C:/Users/SESA630813/work-2/4EV_HandsOn_platt/hw/Block_4EV_wrapper.xsa
TRACE::2022-11-18.13:27:53::SCWPlatform:: Unique name xilinx:::0.0
TRACE::2022-11-18.13:27:53::SCWPlatform::Trying to set the existing hwdb with name Block_4EV_wrapper_35
TRACE::2022-11-18.13:27:53::SCWPlatform::Opened existing hwdb Block_4EV_wrapper_35
TRACE::2022-11-18.13:27:53::SCWPlatform::Found the Hw Db part of the input DSA
TRACE::2022-11-18.13:27:53::SCWMssOS::Checking the sw design at  C:/Users/SESA630813/work-2/4EV_HandsOn_platt/zynqmp_pmufw/zynqmp_pmufw_bsp/system.mss
TRACE::2022-11-18.13:27:53::SCWMssOS::DEBUG:  swdes dump  C:/Users/SESA630813/work-2/4EV_HandsOn_platt/zynqmp_fsbl/zynqmp_fsbl_bsp/system.mss|system||
C:/Users/SESA630813/work-2/4EV_HandsOn_platt/zynqmp_pmufw/zynqmp_pmufw_bsp/system.mss|system_0||

TRACE::2022-11-18.13:27:53::SCWMssOS::Sw design exists and opened at  C:/Users/SESA630813/work-2/4EV_HandsOn_platt/zynqmp_pmufw/zynqmp_pmufw_bsp/system.mss
TRACE::2022-11-18.13:27:53::SCWMssOS:: library already available in sw design:  xilfpga:6.1
TRACE::2022-11-18.13:27:53::SCWPlatform::Trying to open the hw design at C:/Users/SESA630813/work-2/4EV_HandsOn_platt/hw/Block_4EV_wrapper.xsa
TRACE::2022-11-18.13:27:53::SCWPlatform::DSA given C:/Users/SESA630813/work-2/4EV_HandsOn_platt/hw/Block_4EV_wrapper.xsa
TRACE::2022-11-18.13:27:53::SCWPlatform::DSA absoulate path C:/Users/SESA630813/work-2/4EV_HandsOn_platt/hw/Block_4EV_wrapper.xsa
TRACE::2022-11-18.13:27:53::SCWPlatform::DSA directory C:/Users/SESA630813/work-2/4EV_HandsOn_platt/hw
TRACE::2022-11-18.13:27:53::SCWPlatform:: Platform Path C:/Users/SESA630813/work-2/4EV_HandsOn_platt/hw/Block_4EV_wrapper.xsa
TRACE::2022-11-18.13:27:53::SCWPlatform:: Unique name xilinx:::0.0
TRACE::2022-11-18.13:27:53::SCWPlatform::Trying to set the existing hwdb with name Block_4EV_wrapper_35
TRACE::2022-11-18.13:27:53::SCWPlatform::Opened existing hwdb Block_4EV_wrapper_35
TRACE::2022-11-18.13:27:53::SCWPlatform::Found the Hw Db part of the input DSA
TRACE::2022-11-18.13:27:53::SCWMssOS::Checking the sw design at  C:/Users/SESA630813/work-2/4EV_HandsOn_platt/zynqmp_pmufw/zynqmp_pmufw_bsp/system.mss
TRACE::2022-11-18.13:27:53::SCWMssOS::DEBUG:  swdes dump  C:/Users/SESA630813/work-2/4EV_HandsOn_platt/zynqmp_fsbl/zynqmp_fsbl_bsp/system.mss|system||
C:/Users/SESA630813/work-2/4EV_HandsOn_platt/zynqmp_pmufw/zynqmp_pmufw_bsp/system.mss|system_0||

TRACE::2022-11-18.13:27:53::SCWMssOS::Sw design exists and opened at  C:/Users/SESA630813/work-2/4EV_HandsOn_platt/zynqmp_pmufw/zynqmp_pmufw_bsp/system.mss
TRACE::2022-11-18.13:27:53::SCWMssOS:: library already available in sw design:  xilsecure:4.6
TRACE::2022-11-18.13:27:53::SCWPlatform::Trying to open the hw design at C:/Users/SESA630813/work-2/4EV_HandsOn_platt/hw/Block_4EV_wrapper.xsa
TRACE::2022-11-18.13:27:53::SCWPlatform::DSA given C:/Users/SESA630813/work-2/4EV_HandsOn_platt/hw/Block_4EV_wrapper.xsa
TRACE::2022-11-18.13:27:53::SCWPlatform::DSA absoulate path C:/Users/SESA630813/work-2/4EV_HandsOn_platt/hw/Block_4EV_wrapper.xsa
TRACE::2022-11-18.13:27:53::SCWPlatform::DSA directory C:/Users/SESA630813/work-2/4EV_HandsOn_platt/hw
TRACE::2022-11-18.13:27:53::SCWPlatform:: Platform Path C:/Users/SESA630813/work-2/4EV_HandsOn_platt/hw/Block_4EV_wrapper.xsa
TRACE::2022-11-18.13:27:53::SCWPlatform:: Unique name xilinx:::0.0
TRACE::2022-11-18.13:27:53::SCWPlatform::Trying to set the existing hwdb with name Block_4EV_wrapper_35
TRACE::2022-11-18.13:27:53::SCWPlatform::Opened existing hwdb Block_4EV_wrapper_35
TRACE::2022-11-18.13:27:53::SCWPlatform::Found the Hw Db part of the input DSA
TRACE::2022-11-18.13:27:53::SCWMssOS::Checking the sw design at  C:/Users/SESA630813/work-2/4EV_HandsOn_platt/zynqmp_pmufw/zynqmp_pmufw_bsp/system.mss
TRACE::2022-11-18.13:27:53::SCWMssOS::DEBUG:  swdes dump  C:/Users/SESA630813/work-2/4EV_HandsOn_platt/zynqmp_fsbl/zynqmp_fsbl_bsp/system.mss|system||
C:/Users/SESA630813/work-2/4EV_HandsOn_platt/zynqmp_pmufw/zynqmp_pmufw_bsp/system.mss|system_0||

TRACE::2022-11-18.13:27:53::SCWMssOS::Sw design exists and opened at  C:/Users/SESA630813/work-2/4EV_HandsOn_platt/zynqmp_pmufw/zynqmp_pmufw_bsp/system.mss
TRACE::2022-11-18.13:27:53::SCWMssOS:: library already available in sw design:  xilskey:7.2
TRACE::2022-11-18.13:27:53::SCWPlatform::Trying to open the hw design at C:/Users/SESA630813/work-2/4EV_HandsOn_platt/hw/Block_4EV_wrapper.xsa
TRACE::2022-11-18.13:27:53::SCWPlatform::DSA given C:/Users/SESA630813/work-2/4EV_HandsOn_platt/hw/Block_4EV_wrapper.xsa
TRACE::2022-11-18.13:27:53::SCWPlatform::DSA absoulate path C:/Users/SESA630813/work-2/4EV_HandsOn_platt/hw/Block_4EV_wrapper.xsa
TRACE::2022-11-18.13:27:53::SCWPlatform::DSA directory C:/Users/SESA630813/work-2/4EV_HandsOn_platt/hw
TRACE::2022-11-18.13:27:53::SCWPlatform:: Platform Path C:/Users/SESA630813/work-2/4EV_HandsOn_platt/hw/Block_4EV_wrapper.xsa
TRACE::2022-11-18.13:27:53::SCWPlatform:: Unique name xilinx:::0.0
TRACE::2022-11-18.13:27:53::SCWPlatform::Trying to set the existing hwdb with name Block_4EV_wrapper_35
TRACE::2022-11-18.13:27:53::SCWPlatform::Opened existing hwdb Block_4EV_wrapper_35
TRACE::2022-11-18.13:27:53::SCWPlatform::Found the Hw Db part of the input DSA
TRACE::2022-11-18.13:27:53::SCWMssOS::Checking the sw design at  C:/Users/SESA630813/work-2/4EV_HandsOn_platt/zynqmp_pmufw/zynqmp_pmufw_bsp/system.mss
TRACE::2022-11-18.13:27:53::SCWMssOS::DEBUG:  swdes dump  C:/Users/SESA630813/work-2/4EV_HandsOn_platt/zynqmp_fsbl/zynqmp_fsbl_bsp/system.mss|system||
C:/Users/SESA630813/work-2/4EV_HandsOn_platt/zynqmp_pmufw/zynqmp_pmufw_bsp/system.mss|system_0||

TRACE::2022-11-18.13:27:53::SCWMssOS::Sw design exists and opened at  C:/Users/SESA630813/work-2/4EV_HandsOn_platt/zynqmp_pmufw/zynqmp_pmufw_bsp/system.mss
TRACE::2022-11-18.13:27:53::SCWPlatform::Trying to open the hw design at C:/Users/SESA630813/work-2/4EV_HandsOn_platt/hw/Block_4EV_wrapper.xsa
TRACE::2022-11-18.13:27:53::SCWPlatform::DSA given C:/Users/SESA630813/work-2/4EV_HandsOn_platt/hw/Block_4EV_wrapper.xsa
TRACE::2022-11-18.13:27:53::SCWPlatform::DSA absoulate path C:/Users/SESA630813/work-2/4EV_HandsOn_platt/hw/Block_4EV_wrapper.xsa
TRACE::2022-11-18.13:27:53::SCWPlatform::DSA directory C:/Users/SESA630813/work-2/4EV_HandsOn_platt/hw
TRACE::2022-11-18.13:27:53::SCWPlatform:: Platform Path C:/Users/SESA630813/work-2/4EV_HandsOn_platt/hw/Block_4EV_wrapper.xsa
TRACE::2022-11-18.13:27:53::SCWPlatform:: Unique name xilinx:::0.0
TRACE::2022-11-18.13:27:53::SCWPlatform::Trying to set the existing hwdb with name Block_4EV_wrapper_35
TRACE::2022-11-18.13:27:53::SCWPlatform::Opened existing hwdb Block_4EV_wrapper_35
TRACE::2022-11-18.13:27:53::SCWPlatform::Found the Hw Db part of the input DSA
TRACE::2022-11-18.13:27:53::SCWMssOS::Checking the sw design at  C:/Users/SESA630813/work-2/4EV_HandsOn_platt/zynqmp_pmufw/zynqmp_pmufw_bsp/system.mss
TRACE::2022-11-18.13:27:53::SCWMssOS::DEBUG:  swdes dump  C:/Users/SESA630813/work-2/4EV_HandsOn_platt/zynqmp_fsbl/zynqmp_fsbl_bsp/system.mss|system||
C:/Users/SESA630813/work-2/4EV_HandsOn_platt/zynqmp_pmufw/zynqmp_pmufw_bsp/system.mss|system_0||

TRACE::2022-11-18.13:27:53::SCWMssOS::Sw design exists and opened at  C:/Users/SESA630813/work-2/4EV_HandsOn_platt/zynqmp_pmufw/zynqmp_pmufw_bsp/system.mss
TRACE::2022-11-18.13:27:53::SCWPlatform::Trying to open the hw design at C:/Users/SESA630813/work-2/4EV_HandsOn_platt/hw/Block_4EV_wrapper.xsa
TRACE::2022-11-18.13:27:53::SCWPlatform::DSA given C:/Users/SESA630813/work-2/4EV_HandsOn_platt/hw/Block_4EV_wrapper.xsa
TRACE::2022-11-18.13:27:53::SCWPlatform::DSA absoulate path C:/Users/SESA630813/work-2/4EV_HandsOn_platt/hw/Block_4EV_wrapper.xsa
TRACE::2022-11-18.13:27:53::SCWPlatform::DSA directory C:/Users/SESA630813/work-2/4EV_HandsOn_platt/hw
TRACE::2022-11-18.13:27:53::SCWPlatform:: Platform Path C:/Users/SESA630813/work-2/4EV_HandsOn_platt/hw/Block_4EV_wrapper.xsa
TRACE::2022-11-18.13:27:53::SCWPlatform:: Unique name xilinx:::0.0
TRACE::2022-11-18.13:27:53::SCWPlatform::Trying to set the existing hwdb with name Block_4EV_wrapper_35
TRACE::2022-11-18.13:27:53::SCWPlatform::Opened existing hwdb Block_4EV_wrapper_35
TRACE::2022-11-18.13:27:53::SCWPlatform::Found the Hw Db part of the input DSA
TRACE::2022-11-18.13:27:53::SCWMssOS::Checking the sw design at  C:/Users/SESA630813/work-2/4EV_HandsOn_platt/zynqmp_pmufw/zynqmp_pmufw_bsp/system.mss
TRACE::2022-11-18.13:27:53::SCWMssOS::DEBUG:  swdes dump  C:/Users/SESA630813/work-2/4EV_HandsOn_platt/zynqmp_fsbl/zynqmp_fsbl_bsp/system.mss|system||
C:/Users/SESA630813/work-2/4EV_HandsOn_platt/zynqmp_pmufw/zynqmp_pmufw_bsp/system.mss|system_0||

TRACE::2022-11-18.13:27:53::SCWMssOS::Sw design exists and opened at  C:/Users/SESA630813/work-2/4EV_HandsOn_platt/zynqmp_pmufw/zynqmp_pmufw_bsp/system.mss
TRACE::2022-11-18.13:27:53::SCWPlatform::Trying to open the hw design at C:/Users/SESA630813/work-2/4EV_HandsOn_platt/hw/Block_4EV_wrapper.xsa
TRACE::2022-11-18.13:27:53::SCWPlatform::DSA given C:/Users/SESA630813/work-2/4EV_HandsOn_platt/hw/Block_4EV_wrapper.xsa
TRACE::2022-11-18.13:27:53::SCWPlatform::DSA absoulate path C:/Users/SESA630813/work-2/4EV_HandsOn_platt/hw/Block_4EV_wrapper.xsa
TRACE::2022-11-18.13:27:53::SCWPlatform::DSA directory C:/Users/SESA630813/work-2/4EV_HandsOn_platt/hw
TRACE::2022-11-18.13:27:53::SCWPlatform:: Platform Path C:/Users/SESA630813/work-2/4EV_HandsOn_platt/hw/Block_4EV_wrapper.xsa
TRACE::2022-11-18.13:27:53::SCWPlatform:: Unique name xilinx:::0.0
TRACE::2022-11-18.13:27:53::SCWPlatform::Trying to set the existing hwdb with name Block_4EV_wrapper_35
TRACE::2022-11-18.13:27:53::SCWPlatform::Opened existing hwdb Block_4EV_wrapper_35
TRACE::2022-11-18.13:27:53::SCWPlatform::Found the Hw Db part of the input DSA
TRACE::2022-11-18.13:27:53::SCWMssOS::Checking the sw design at  C:/Users/SESA630813/work-2/4EV_HandsOn_platt/zynqmp_pmufw/zynqmp_pmufw_bsp/system.mss
TRACE::2022-11-18.13:27:53::SCWMssOS::DEBUG:  swdes dump  C:/Users/SESA630813/work-2/4EV_HandsOn_platt/zynqmp_fsbl/zynqmp_fsbl_bsp/system.mss|system||
C:/Users/SESA630813/work-2/4EV_HandsOn_platt/zynqmp_pmufw/zynqmp_pmufw_bsp/system.mss|system_0||

TRACE::2022-11-18.13:27:53::SCWMssOS::Sw design exists and opened at  C:/Users/SESA630813/work-2/4EV_HandsOn_platt/zynqmp_pmufw/zynqmp_pmufw_bsp/system.mss
TRACE::2022-11-18.13:27:53::SCWPlatform::Trying to open the hw design at C:/Users/SESA630813/work-2/4EV_HandsOn_platt/hw/Block_4EV_wrapper.xsa
TRACE::2022-11-18.13:27:53::SCWPlatform::DSA given C:/Users/SESA630813/work-2/4EV_HandsOn_platt/hw/Block_4EV_wrapper.xsa
TRACE::2022-11-18.13:27:53::SCWPlatform::DSA absoulate path C:/Users/SESA630813/work-2/4EV_HandsOn_platt/hw/Block_4EV_wrapper.xsa
TRACE::2022-11-18.13:27:53::SCWPlatform::DSA directory C:/Users/SESA630813/work-2/4EV_HandsOn_platt/hw
TRACE::2022-11-18.13:27:53::SCWPlatform:: Platform Path C:/Users/SESA630813/work-2/4EV_HandsOn_platt/hw/Block_4EV_wrapper.xsa
TRACE::2022-11-18.13:27:53::SCWPlatform:: Unique name xilinx:::0.0
TRACE::2022-11-18.13:27:53::SCWPlatform::Trying to set the existing hwdb with name Block_4EV_wrapper_35
TRACE::2022-11-18.13:27:53::SCWPlatform::Opened existing hwdb Block_4EV_wrapper_35
TRACE::2022-11-18.13:27:53::SCWPlatform::Found the Hw Db part of the input DSA
TRACE::2022-11-18.13:27:53::SCWMssOS::Checking the sw design at  C:/Users/SESA630813/work-2/4EV_HandsOn_platt/zynqmp_pmufw/zynqmp_pmufw_bsp/system.mss
TRACE::2022-11-18.13:27:53::SCWMssOS::DEBUG:  swdes dump  C:/Users/SESA630813/work-2/4EV_HandsOn_platt/zynqmp_fsbl/zynqmp_fsbl_bsp/system.mss|system||
C:/Users/SESA630813/work-2/4EV_HandsOn_platt/zynqmp_pmufw/zynqmp_pmufw_bsp/system.mss|system_0||

TRACE::2022-11-18.13:27:53::SCWMssOS::Sw design exists and opened at  C:/Users/SESA630813/work-2/4EV_HandsOn_platt/zynqmp_pmufw/zynqmp_pmufw_bsp/system.mss
TRACE::2022-11-18.13:27:53::SCWPlatform::Trying to open the hw design at C:/Users/SESA630813/work-2/4EV_HandsOn_platt/hw/Block_4EV_wrapper.xsa
TRACE::2022-11-18.13:27:53::SCWPlatform::DSA given C:/Users/SESA630813/work-2/4EV_HandsOn_platt/hw/Block_4EV_wrapper.xsa
TRACE::2022-11-18.13:27:53::SCWPlatform::DSA absoulate path C:/Users/SESA630813/work-2/4EV_HandsOn_platt/hw/Block_4EV_wrapper.xsa
TRACE::2022-11-18.13:27:53::SCWPlatform::DSA directory C:/Users/SESA630813/work-2/4EV_HandsOn_platt/hw
TRACE::2022-11-18.13:27:53::SCWPlatform:: Platform Path C:/Users/SESA630813/work-2/4EV_HandsOn_platt/hw/Block_4EV_wrapper.xsa
TRACE::2022-11-18.13:27:53::SCWPlatform:: Unique name xilinx:::0.0
TRACE::2022-11-18.13:27:53::SCWPlatform::Trying to set the existing hwdb with name Block_4EV_wrapper_35
TRACE::2022-11-18.13:27:53::SCWPlatform::Opened existing hwdb Block_4EV_wrapper_35
TRACE::2022-11-18.13:27:53::SCWPlatform::Found the Hw Db part of the input DSA
TRACE::2022-11-18.13:27:53::SCWMssOS::Checking the sw design at  C:/Users/SESA630813/work-2/4EV_HandsOn_platt/zynqmp_pmufw/zynqmp_pmufw_bsp/system.mss
TRACE::2022-11-18.13:27:53::SCWMssOS::DEBUG:  swdes dump  C:/Users/SESA630813/work-2/4EV_HandsOn_platt/zynqmp_fsbl/zynqmp_fsbl_bsp/system.mss|system||
C:/Users/SESA630813/work-2/4EV_HandsOn_platt/zynqmp_pmufw/zynqmp_pmufw_bsp/system.mss|system_0||

TRACE::2022-11-18.13:27:53::SCWMssOS::Sw design exists and opened at  C:/Users/SESA630813/work-2/4EV_HandsOn_platt/zynqmp_pmufw/zynqmp_pmufw_bsp/system.mss
TRACE::2022-11-18.13:27:53::SCWMssOS::Saving the mss changes C:/Users/SESA630813/work-2/4EV_HandsOn_platt/zynqmp_pmufw/zynqmp_pmufw_bsp/system.mss
TRACE::2022-11-18.13:27:53::SCWMssOS::Found a swdesign opened with the mssfile.
TRACE::2022-11-18.13:27:53::SCWMssOS::Completed writemss as part of save.
TRACE::2022-11-18.13:27:53::SCWMssOS::Commit changes completed.
TRACE::2022-11-18.13:27:53::SCWReader::Adding prebuilt librarypaths as   
TRACE::2022-11-18.13:27:53::SCWReader::Adding prebuilt incpaths  as   
TRACE::2022-11-18.13:27:53::SCWPlatform::Trying to open the hw design at C:/Users/SESA630813/work-2/4EV_HandsOn_platt/hw/Block_4EV_wrapper.xsa
TRACE::2022-11-18.13:27:53::SCWPlatform::DSA given C:/Users/SESA630813/work-2/4EV_HandsOn_platt/hw/Block_4EV_wrapper.xsa
TRACE::2022-11-18.13:27:53::SCWPlatform::DSA absoulate path C:/Users/SESA630813/work-2/4EV_HandsOn_platt/hw/Block_4EV_wrapper.xsa
TRACE::2022-11-18.13:27:53::SCWPlatform::DSA directory C:/Users/SESA630813/work-2/4EV_HandsOn_platt/hw
TRACE::2022-11-18.13:27:53::SCWPlatform:: Platform Path C:/Users/SESA630813/work-2/4EV_HandsOn_platt/hw/Block_4EV_wrapper.xsa
TRACE::2022-11-18.13:27:53::SCWPlatform:: Unique name xilinx:::0.0
TRACE::2022-11-18.13:27:53::SCWPlatform::Trying to set the existing hwdb with name Block_4EV_wrapper_35
TRACE::2022-11-18.13:27:53::SCWPlatform::Opened existing hwdb Block_4EV_wrapper_35
TRACE::2022-11-18.13:27:53::SCWPlatform::Found the Hw Db part of the input DSA
TRACE::2022-11-18.13:27:53::SCWMssOS::Checking the sw design at  C:/Users/SESA630813/work-2/4EV_HandsOn_platt/zynqmp_pmufw/zynqmp_pmufw_bsp/system.mss
TRACE::2022-11-18.13:27:53::SCWMssOS::DEBUG:  swdes dump  C:/Users/SESA630813/work-2/4EV_HandsOn_platt/zynqmp_fsbl/zynqmp_fsbl_bsp/system.mss|system||
C:/Users/SESA630813/work-2/4EV_HandsOn_platt/zynqmp_pmufw/zynqmp_pmufw_bsp/system.mss|system_0||

TRACE::2022-11-18.13:27:53::SCWMssOS::Sw design exists and opened at  C:/Users/SESA630813/work-2/4EV_HandsOn_platt/zynqmp_pmufw/zynqmp_pmufw_bsp/system.mss
TRACE::2022-11-18.13:27:53::SCWReader::No isolation master present  
TRACE::2022-11-18.13:27:53::SCWDomain::checking for install qemu data   : 
TRACE::2022-11-18.13:27:53::SCWDomain:: Using the QEMU Data from install at  : C:/Xilinx3/Vitis/2021.2/data/emulation/platforms/zynqmp/sw/a53_standalone/qemu/
TRACE::2022-11-18.13:27:53::SCWDomain:: Using the QEMU args  from install at  : C:/Xilinx3/Vitis/2021.2/data/emulation/platforms/zynqmp/sw/a53_standalone/qemu/qemu_args.txt
TRACE::2022-11-18.13:27:53::SCWDomain:: Using the PMUQEMU args from install at  : C:/Xilinx3/Vitis/2021.2/data/emulation/platforms/zynqmp/sw/a53_standalone/qemu/pmu_args.txt
TRACE::2022-11-18.13:27:53::SCWPlatform::Trying to open the hw design at C:/Users/SESA630813/work-2/4EV_HandsOn_platt/hw/Block_4EV_wrapper.xsa
TRACE::2022-11-18.13:27:53::SCWPlatform::DSA given C:/Users/SESA630813/work-2/4EV_HandsOn_platt/hw/Block_4EV_wrapper.xsa
TRACE::2022-11-18.13:27:53::SCWPlatform::DSA absoulate path C:/Users/SESA630813/work-2/4EV_HandsOn_platt/hw/Block_4EV_wrapper.xsa
TRACE::2022-11-18.13:27:53::SCWPlatform::DSA directory C:/Users/SESA630813/work-2/4EV_HandsOn_platt/hw
TRACE::2022-11-18.13:27:53::SCWPlatform:: Platform Path C:/Users/SESA630813/work-2/4EV_HandsOn_platt/hw/Block_4EV_wrapper.xsa
TRACE::2022-11-18.13:27:53::SCWPlatform:: Unique name xilinx:::0.0
TRACE::2022-11-18.13:27:53::SCWPlatform::Trying to set the existing hwdb with name Block_4EV_wrapper_35
TRACE::2022-11-18.13:27:53::SCWPlatform::Opened existing hwdb Block_4EV_wrapper_35
TRACE::2022-11-18.13:27:53::SCWPlatform::Found the Hw Db part of the input DSA
TRACE::2022-11-18.13:27:53::SCWPlatform::Trying to open the hw design at C:/Users/SESA630813/work-2/4EV_HandsOn_platt/hw/Block_4EV_wrapper.xsa
TRACE::2022-11-18.13:27:53::SCWPlatform::DSA given C:/Users/SESA630813/work-2/4EV_HandsOn_platt/hw/Block_4EV_wrapper.xsa
TRACE::2022-11-18.13:27:53::SCWPlatform::DSA absoulate path C:/Users/SESA630813/work-2/4EV_HandsOn_platt/hw/Block_4EV_wrapper.xsa
TRACE::2022-11-18.13:27:53::SCWPlatform::DSA directory C:/Users/SESA630813/work-2/4EV_HandsOn_platt/hw
TRACE::2022-11-18.13:27:53::SCWPlatform:: Platform Path C:/Users/SESA630813/work-2/4EV_HandsOn_platt/hw/Block_4EV_wrapper.xsa
TRACE::2022-11-18.13:27:53::SCWPlatform:: Unique name xilinx:::0.0
TRACE::2022-11-18.13:27:53::SCWPlatform::Trying to set the existing hwdb with name Block_4EV_wrapper_35
TRACE::2022-11-18.13:27:53::SCWPlatform::Opened existing hwdb Block_4EV_wrapper_35
TRACE::2022-11-18.13:27:53::SCWPlatform::Found the Hw Db part of the input DSA
TRACE::2022-11-18.13:27:53::SCWPlatform::Trying to open the hw design at C:/Users/SESA630813/work-2/4EV_HandsOn_platt/hw/Block_4EV_wrapper.xsa
TRACE::2022-11-18.13:27:53::SCWPlatform::DSA given C:/Users/SESA630813/work-2/4EV_HandsOn_platt/hw/Block_4EV_wrapper.xsa
TRACE::2022-11-18.13:27:53::SCWPlatform::DSA absoulate path C:/Users/SESA630813/work-2/4EV_HandsOn_platt/hw/Block_4EV_wrapper.xsa
TRACE::2022-11-18.13:27:53::SCWPlatform::DSA directory C:/Users/SESA630813/work-2/4EV_HandsOn_platt/hw
TRACE::2022-11-18.13:27:53::SCWPlatform:: Platform Path C:/Users/SESA630813/work-2/4EV_HandsOn_platt/hw/Block_4EV_wrapper.xsa
TRACE::2022-11-18.13:27:53::SCWPlatform:: Unique name xilinx:::0.0
TRACE::2022-11-18.13:27:53::SCWPlatform::Trying to set the existing hwdb with name Block_4EV_wrapper_35
TRACE::2022-11-18.13:27:53::SCWPlatform::Opened existing hwdb Block_4EV_wrapper_35
TRACE::2022-11-18.13:27:53::SCWPlatform::Found the Hw Db part of the input DSA
TRACE::2022-11-18.13:27:53::SCWMssOS::Checking the sw design at  C:/Users/SESA630813/work-2/4EV_HandsOn_platt/psu_cortexa53_0/standalone_domain/bsp/system.mss
TRACE::2022-11-18.13:27:53::SCWMssOS::DEBUG:  swdes dump  C:/Users/SESA630813/work-2/4EV_HandsOn_platt/zynqmp_fsbl/zynqmp_fsbl_bsp/system.mss|system||
C:/Users/SESA630813/work-2/4EV_HandsOn_platt/zynqmp_pmufw/zynqmp_pmufw_bsp/system.mss|system_0||

TRACE::2022-11-18.13:27:53::SCWMssOS::No sw design opened at  C:/Users/SESA630813/work-2/4EV_HandsOn_platt/psu_cortexa53_0/standalone_domain/bsp/system.mss
TRACE::2022-11-18.13:27:53::SCWMssOS::mss exists loading the mss file  C:/Users/SESA630813/work-2/4EV_HandsOn_platt/psu_cortexa53_0/standalone_domain/bsp/system.mss
TRACE::2022-11-18.13:27:53::SCWMssOS::Opened the sw design from mss  C:/Users/SESA630813/work-2/4EV_HandsOn_platt/psu_cortexa53_0/standalone_domain/bsp/system.mss
TRACE::2022-11-18.13:27:53::SCWMssOS::Adding the swdes entry C:/Users/SESA630813/work-2/4EV_HandsOn_platt/psu_cortexa53_0/standalone_domain/bsp/system.mss with des name system_1
TRACE::2022-11-18.13:27:53::SCWMssOS::updating the scw layer about changes
TRACE::2022-11-18.13:27:53::SCWMssOS::Opened the sw design.  C:/Users/SESA630813/work-2/4EV_HandsOn_platt/psu_cortexa53_0/standalone_domain/bsp/system.mss
TRACE::2022-11-18.13:27:53::SCWMssOS::Saving the mss changes C:/Users/SESA630813/work-2/4EV_HandsOn_platt/psu_cortexa53_0/standalone_domain/bsp/system.mss
TRACE::2022-11-18.13:27:53::SCWMssOS::Found a swdesign opened with the mssfile.
TRACE::2022-11-18.13:27:53::SCWMssOS::Completed writemss as part of save.
TRACE::2022-11-18.13:27:53::SCWMssOS::Commit changes completed.
TRACE::2022-11-18.13:27:53::SCWReader::Adding prebuilt librarypaths as   
TRACE::2022-11-18.13:27:53::SCWReader::Adding prebuilt incpaths  as   
TRACE::2022-11-18.13:27:53::SCWPlatform::Trying to open the hw design at C:/Users/SESA630813/work-2/4EV_HandsOn_platt/hw/Block_4EV_wrapper.xsa
TRACE::2022-11-18.13:27:53::SCWPlatform::DSA given C:/Users/SESA630813/work-2/4EV_HandsOn_platt/hw/Block_4EV_wrapper.xsa
TRACE::2022-11-18.13:27:53::SCWPlatform::DSA absoulate path C:/Users/SESA630813/work-2/4EV_HandsOn_platt/hw/Block_4EV_wrapper.xsa
TRACE::2022-11-18.13:27:53::SCWPlatform::DSA directory C:/Users/SESA630813/work-2/4EV_HandsOn_platt/hw
TRACE::2022-11-18.13:27:53::SCWPlatform:: Platform Path C:/Users/SESA630813/work-2/4EV_HandsOn_platt/hw/Block_4EV_wrapper.xsa
TRACE::2022-11-18.13:27:53::SCWPlatform:: Unique name xilinx:::0.0
TRACE::2022-11-18.13:27:53::SCWPlatform::Trying to set the existing hwdb with name Block_4EV_wrapper_35
TRACE::2022-11-18.13:27:53::SCWPlatform::Opened existing hwdb Block_4EV_wrapper_35
TRACE::2022-11-18.13:27:53::SCWPlatform::Found the Hw Db part of the input DSA
TRACE::2022-11-18.13:27:53::SCWMssOS::Checking the sw design at  C:/Users/SESA630813/work-2/4EV_HandsOn_platt/psu_cortexa53_0/standalone_domain/bsp/system.mss
TRACE::2022-11-18.13:27:53::SCWMssOS::DEBUG:  swdes dump  C:/Users/SESA630813/work-2/4EV_HandsOn_platt/psu_cortexa53_0/standalone_domain/bsp/system.mss|system_1||
C:/Users/SESA630813/work-2/4EV_HandsOn_platt/zynqmp_fsbl/zynqmp_fsbl_bsp/system.mss|system||
C:/Users/SESA630813/work-2/4EV_HandsOn_platt/zynqmp_pmufw/zynqmp_pmufw_bsp/system.mss|system_0||

TRACE::2022-11-18.13:27:53::SCWMssOS::Sw design exists and opened at  C:/Users/SESA630813/work-2/4EV_HandsOn_platt/psu_cortexa53_0/standalone_domain/bsp/system.mss
TRACE::2022-11-18.13:27:53::SCWReader::No isolation master present  
